-0.04051172707889249,0.004115634452323281,-0.014892315829490861,-0.01323945058759346,-0.007454422240954868,-0.016545181071387877,-0.025635939901819924,-0.0355531313532024,-0.04712318804647959,-0.036379563974149945,-0.008280854861903953,-0.009107287482852269,-0.01406588320854293,-0.03803242921604581,-0.07604832977967525,-0.10166774102907533,-0.12480785441563087,-0.20083965554288535,-0.45207517231120264,-0.8115733624237618,-1.0,-0.8570271565759245,-0.5619907108973411,-0.25538420852548127,-0.027288805143716746,0.12808052759458596,0.20741805920563372,0.2578304490834873,0.2718798036396104,0.27022693839771333,0.26857407315581655,0.27022693839771333,0.25287185335779644,0.2536982859787447,0.26196261218822925,0.25369828597874516,0.23386390307598287,0.23303747045503476,0.21568238541511822,0.1727078891258,0.16940215864200694,0.16113783243252267,0.1446091800135544,0.13799771904596714,0.11898976876415279,0.10163468372423605,0.10659327944992748,0.1065932794499271,0.09006462703095827,0.08262673344242306
-3.1127435721228624e-05,-0.03660586440889004,-0.030380377264521384,-0.0327149349436595,-0.045944095125443035,-0.034271306729751386,-0.026489447799290113,-0.026489447799290477,-0.03894042208802834,-0.06695511423768911,-0.0825188320986124,-0.06695511423768966,-0.05839506941418162,-0.07240241548901265,-0.11286808192741145,-0.1688974662267332,-0.28095623482537574,-0.4941791695200153,-0.73230405279213,-0.9058395069414178,-1.0,-0.9143995517649249,-0.6731619249206243,-0.3883458880657416,-0.12687542800224158,0.08868206437153679,0.23653738405030175,0.3260287617506069,0.3758326589055596,0.39373093444561974,0.39840004980389676,0.39917823569694233,0.3859490755151586,0.3587125692585442,0.3384797360393451,0.30657411442445365,0.28789765299134695,0.25599203137645526,0.2396501276224868,0.23264645458507158,0.22719915333374838,0.2225300379754715,0.2178609226171949,0.2030753906493191,0.19062441636058067,0.17739525617879626,0.15794060885264313,0.13926414741953572,0.1268131731307984,0.12992591670298237
-0.012750946215749757,-0.017038007863696317,0.004397300376036612,-0.009688759324360053,-0.023162381646477298,-0.029899192807535706,-0.032348942320648555,-0.020712632133364876,-0.020100194755087022,-0.017038007863696032,-0.034798691833760685,-0.04459768988620966,-0.06358324861283017,-0.08134393258289453,-0.10216680344434975,-0.115027988388189,-0.13891304614103336,-0.20873090726473412,-0.4279834886882829,-0.807082225842408,-1.0,-0.8517901544567071,-0.5565953381266776,-0.28283583003638035,-0.054396687938658345,0.10789921730503085,0.18751607648118102,0.2150757585036938,0.2481473769307094,0.28183143273600386,0.290405556031896,0.2732573094401112,0.26284587400938336,0.2665204982790514,0.2652956235224958,0.25488418809176844,0.2463100647958751,0.21568819588197194,0.19976482404674184,0.19976482404674212,0.19731507453362915,0.1813917026983999,0.1562817701889994,0.12872208816648564,0.11279871633125584,0.12321015176198295,0.1299469629230425,0.1323967124361542,0.13913352359721318,0.1317842750578759
-0.015575662695359349,0.009631968583330073,0.01095868601905077,0.0507602090906681,0.02289914294053575,-0.03812985910260955,-0.0500703160240933,-0.03414970679544717,-0.019555815002520495,-0.026189402181124564,-0.038129859102608625,-0.031496271924006405,-0.03812985910260924,-0.06333749038130021,-0.08589168678854887,-0.17743518985326576,-0.28887945445379176,-0.43216493751161095,-0.6152519436410441,-0.8620213866850639,-1.0,-0.8673282564279464,-0.5807572903123107,-0.2716321277894255,-0.03414970679544748,0.12638310292673824,0.2338472152201031,0.32273728341338015,0.35988537161355455,0.3612120890492752,0.35590521930639274,0.35723193674211345,0.3346777403348651,0.30150980444185127,0.3107968264918945,0.2789556080346017,0.18873882240560486,0.14363042959110567,0.171491495741238,0.2126197362485748,0.22854034547722096,0.21925332342717763,0.19669912701992803,0.14893729933398783,0.1250563854910197,0.10913577626237264,0.10913577626237264,0.09586860190516697,0.10780905882665072,0.07596784036935908
0.01262716823012043,0.017345840961853886,-0.0024725845114292604,-0.03550329363356827,-0.04399690455068827,-0.06004039183858465,-0.04588437364338209,-0.010022460882204324,0.020177044600894176,0.016402106415507635,0.0154583718691605,0.020177044600894617,0.014514637322814248,-0.004360053604122202,-0.011909929974897265,-0.026065948170098944,-0.059096657292238175,-0.14780770464883763,-0.39506615579169985,-0.7942658688963969,-1.0,-0.8433400653064302,-0.5120892395387029,-0.21386912289311394,-0.0430531700043418,0.07585738283535619,0.14191880107963245,0.16739963383099724,0.17494951020177124,0.2126988920556428,0.24950453936316813,0.26177308846567715,0.2721541684754923,0.26082935391933043,0.23346105207527285,0.2117551575092961,0.18721805930427973,0.19759913931409442,0.19665540476774818,0.19099299748966692,0.1702308374700369,0.1702308374700369,0.15418735018214122,0.165512164738303,0.1607934920065687,0.13436892470885803,0.0786885864743967,0.032445593703403136,0.005077291859345363,0.02583945187897542
-0.01369726882753418,-0.021978567997748544,-0.017009788495619696,-0.019494178246683543,-0.011212879076469177,-0.009556619242426805,-0.0012753200722132108,-0.002103449989234881,-0.012869138910512513,-0.02032230816370521,-0.014525398744555268,0.00038093976183031477,0.03433426635970693,0.08153767162992599,0.10141278963843889,0.1014127896384387,0.08981897080013959,0.01611540818523545,-0.28780827136161097,-0.7623267138148626,-1.0,-0.8401709260148735,-0.5552942345595173,-0.3076833893701246,-0.13791675638074213,-0.037713036421155026,0.027709227023535517,0.09147523063418178,0.1279129469831228,0.14530367524057167,0.16517879324908494,0.1751163522533415,0.1776007420044055,0.18422578134057696,0.19499147026185498,0.19830398992994047,0.18671017109164115,0.1925070805107909,0.1925070805107909,0.19581960017887584,0.18919456084270522,0.18008513175546995,0.1668350530831279,0.14199115557248615,0.13122546665120852,0.12128790764695178,0.11135034864269525,0.10720969905758805,0.11549099822780241,0.1279129469831234
-0.020713322711117345,0.025861012378967384,0.020958450790538583,-0.01335948032847243,-0.015810761122687398,0.005025125628140564,0.022184091187644788,0.038117416350042815,0.060178943497978116,0.05037382032111823,0.039343056747150155,0.041794337541365405,0.04792253952690326,0.03934305674715044,0.013604608407893388,0.016055889202108074,0.013604608407892817,-0.1457286432160817,-0.4974874371859307,-0.8480205907586716,-1.0,-0.9325897781590882,-0.7671283245495769,-0.5526412550557668,-0.38595416104914937,-0.2903542100747658,-0.24255423458757347,-0.17759529354087572,-0.09915430812599554,-0.03664664787351394,0.025861012378967384,0.07120970707194504,0.13126608653021254,0.18151734281162019,0.1949993871798018,0.22564039710748937,0.25015320504963934,0.2758916533888961,0.28324549577154046,0.31633778649344324,0.3469787964211303,0.340850594435593,0.3433018752298088,0.35923520039220513,0.3690403235690659,0.36291212158352826,0.36536340237774295,0.36781468317195826,0.37639416595170994,0.4033582546880752
-0.0015764582238569345,0.016400696960476868,0.003954974140553169,0.024697845507094276,0.01640069696047751,-0.0015764582238579003,-0.025085045772603738,-0.01263932295267875,0.00810354841386139,0.024697845507094276,0.052355007329148655,0.055120723511353394,0.04267500069142872,-0.0057250324971658,-0.041679342865835654,-0.06795364659678751,-0.16613657106507876,-0.36803385236607195,-0.6224797411289663,-0.868628481345244,-1.0,-0.8893713527117847,-0.592056863124707,-0.2159194623447758,0.06341787205796855,0.2404237077191147,0.33860663218740533,0.3565837873717404,0.3634980778272534,0.3441380645518167,0.3164809027297633,0.2819094504521953,0.20170368116823917,0.14085792515972126,0.14085792515972093,0.15606936416185066,0.15606936416185066,0.16436651270846644,0.15606936416185033,0.168515086981774,0.16160079652626042,0.1187321957020773,0.11873219570207762,0.1256464861575909,0.08139502724230428,0.05788643969355844,0.0800121691512011,0.08139502724230524,0.1062864728821523,0.11320076333766783
-0.03213544255680044,-0.03432848913710971,-0.018246147548174097,-0.021901225182023108,-0.018977163074943966,-0.021901225182023108,-0.024094271762332718,-0.038714582297728256,-0.03579052019064895,-0.018977163074943966,0.0022222872013800635,0.023421737477703757,0.02707681511155328,0.02488376853124401,0.01976665984385526,-0.020439194128483707,-0.14178777157226913,-0.3362379016930322,-0.6037895844907741,-0.8552589256995812,-1.0,-0.9349396181174884,-0.7266001929880986,-0.46489663440451445,-0.23389572794526223,-0.04967981519927529,0.08994415041375464,0.17985906020643902,0.24857451972279887,0.2982835755431446,0.3275241966139364,0.33848942951548255,0.3384894295154827,0.3282552121407059,0.31363490160531005,0.29609052896283516,0.28147021842743947,0.2734290476329716,0.27050498552589247,0.2573467060440363,0.2193338986520078,0.1900932775812167,0.17912804467966897,0.1827831223135185,0.17035585835843173,0.16596976519781284,0.15500453229626615,0.15865960993011533,0.1403842217608701,0.13161203543963335
-0.0016810688058520363,-0.013478042882001122,-0.01052879936296411,-0.0002064470463335301,0.004217418232222674,-0.009054177603445257,-0.02527501695815021,-0.025275016958149862,0.0027427964727034823,0.004217418232224049,-0.013478042882000435,-0.029698882236706758,-0.05919131742708101,-0.07688677854130585,-0.048868965110449754,-0.017901908160557672,-0.009054177603444914,-0.13882089244109136,-0.44259297490193916,-0.8097737930220896,-1.0,-0.8953018550741727,-0.6770578346654096,-0.4396437313829018,-0.2774353378358461,-0.09605686141504884,0.036659096941634293,0.1280856460317927,0.19591824696965293,0.2563777391099193,0.25785236086943775,0.27702244374318113,0.2740732002241427,0.2961925266169241,0.3242103400477789,0.309464122452591,0.29914177013596077,0.27407320022414344,0.2814463090217367,0.26227622614799334,0.2180375733624333,0.18854513817206006,0.16790043353879788,0.15757808122216732,0.17674816409590993,0.17822278585542917,0.1590527029816865,0.14578110714601755,0.1251364025127567,0.11628867195564396
-0.02256268575495015,-0.018795261417389478,-0.033864958767634304,-0.029678931725899436,-0.007492988404705316,-0.010841810038092958,-0.00916739922139987,0.005483695424672126,0.03143706308342751,0.05780903344635659,0.05990204696722369,0.012599941395621223,-0.03595797228850248,-0.086608899493492,-0.11884130771484942,-0.14563188078195147,-0.18623634308677856,-0.277073129892422,-0.4792582360082062,-0.8011637155176033,-1.0,-0.8769308049730006,-0.5604671606178591,-0.24358491355854403,0.011762735987274288,0.18213403658587726,0.28218008288333646,0.3286449830465914,0.3273891749340708,0.31859851814642837,0.28929632885428536,0.28092427477081616,0.276738247729081,0.26794759094143855,0.27213361798317276,0.25078488007032607,0.23194775838252032,0.20599439072376516,0.1967851312319488,0.1783666122483162,0.16036669596885755,0.14069236887270423,0.1247854661141115,0.10176231738457063,0.07329733350077475,0.05906484155887675,0.05362300640462231,0.06283226589643838,0.060320649671397386,0.03855330905437631
-0.002205972466196079,0.028432534008741902,0.01873034029167921,0.008517504800032745,0.0013685199558808707,-0.02416356877323477,-0.031823195391969,-0.03590832958862759,-0.02926998651905771,-0.01344009150700654,-0.013950733281588301,-0.019567792801993708,-0.04203603088361523,-0.053270149924425095,-0.053780791699007936,-0.06858940316189463,-0.12475999836594719,-0.26467584460149685,-0.5348053433555304,-0.8462968258507297,-1.0,-0.896850361534377,-0.691061726377712,-0.501613628007681,-0.3382082601413468,-0.2182074431145072,-0.10995138690306,-0.012418807957842072,0.0897095469586174,0.18366763348176016,0.26077454144368684,0.32868989746313193,0.3766902242738679,0.4068180889742232,0.40171167122840057,0.3869030597655142,0.3537113444176649,0.32256219616814474,0.32868989746313226,0.30877486825442313,0.2817108542015614,0.2750725111319915,0.24902978062829423,0.23983822868581284,0.2398382286858131,0.2214551248008504,0.17651864863760902,0.1433269332897596,0.1412843661914301,0.15302912700682275
-0.0708338361288773,0.007602268613490187,-0.01773862676481269,-0.04911306866175991,-0.05031977796548934,-0.02497888258718506,0.0076022686134915906,0.026909617473150113,0.08241824544467219,0.1198262338602629,0.1246530710751781,0.10775914082297561,0.09207191987450172,0.045010257029081464,0.02208278025823577,-0.014118498853627206,-0.07324725473633503,-0.22891275491734142,-0.5426571738868121,-0.8395076626040787,-1.0,-0.8576083021600098,-0.6247134065403649,-0.426813080728854,-0.26752745263666183,-0.15409677808615999,-0.07324725473633532,0.017255943043320576,0.11499939664534799,0.17412815252805636,0.22722336189212067,0.25256425727042414,0.2875588270785579,0.2875588270785576,0.2754917340412704,0.2368770363219511,0.24653071075178062,0.2392904549294088,0.23084348980330788,0.2296367804995787,0.24170387353686626,0.2441172921443226,0.2404971642331371,0.22360323398093548,0.1970556292989026,0.1898153734765297,0.13913358271992227,0.11982623386026346,0.12706648968263637,0.1367201641124662
-0.05224149804873316,-0.041173384055356664,-0.030105270061981406,-0.023546387695536387,-0.012478273702161318,0.002689141770242565,-0.0255960384350506,-0.07929688781031762,-0.1370970386646119,-0.1731708916800581,-0.1858787262650446,-0.19202767848358648,-0.21826320794936557,-0.24203915652772753,-0.26171580362706187,-0.29205063457186886,-0.3588692486800249,-0.47487948053651696,-0.6667267897550264,-0.87538123503755,-1.0,-0.9135047387925099,-0.6749253927130823,-0.3924835208080547,-0.14898501295379307,0.022775719017479726,0.15559308693798587,0.2515167415472405,0.32612402846554944,0.3703964844390514,0.38146459843242714,0.38392417931984424,0.38966320139048316,0.3945823631653169,0.4060604073065954,0.3958121536090253,0.3949922933132198,0.3826943888761361,0.3654773226642181,0.3519496277834257,0.3376020726068276,0.3158757747679798,0.2949693372249372,0.28226150263995037,0.2666841570196441,0.2441379988849902,0.21298330764437723,0.1892073590660152,0.18264847669957068,0.17035057226248662
-0.02496099843993846,-0.001848962847402389,0.0284855838677996,0.0357080949904652,0.028485583867797922,0.006818050499797464,0.006818050499796447,0.021263072745132335,0.011151557173398557,0.038597099439532705,0.06748714393020146,0.09059917952273686,0.13826775293233923,0.20760385970994408,0.23793840642514674,0.22782689085341196,0.09637718842086954,-0.17230022534234835,-0.5290922748021041,-0.8454382619749234,-1.0,-0.8685502975674582,-0.6099843993759759,-0.36153001675622665,-0.17374472756688192,-0.03796151846073941,0.05159761946033332,0.10215519731900355,0.15271277517767376,0.16715779742300862,0.17004680187207483,0.18304732189287642,0.19460333968914348,0.21482637083261236,0.2133818686080781,0.17871381521927568,0.1686022996475419,0.16426879297394179,0.178713815219277,0.1758248107702095,0.1527127751776748,0.13393424625874048,0.1411567573814064,0.1296007395851397,0.11226671289073764,0.09782169064540346,0.07470965505286838,0.07470965505286872,0.0790431617264705,0.07037614837926863
-0.03203227173092223,-0.000257879128369165,0.011715080403028117,-0.009467847998674353,-0.01729632153843371,-0.014993829320857254,0.00020261931514658016,0.009873086628967187,0.016780563281695703,0.0034261084197533377,-0.014533330877342262,-0.01729632153843371,-0.026506290408739006,-0.04676822192341085,-0.046307723479895424,-0.009928346442189345,-0.006704857337582475,-0.176628782994715,-0.4989776934553972,-0.8342205603345062,-1.0,-0.907439812853433,-0.6615336440162839,-0.3672751386100329,-0.13656541840888736,0.028753522813092767,0.1392731492567562,0.21847888154138115,0.2456482897087816,0.2603842399012699,0.2820276667464866,0.2769621838678193,0.29307962939085364,0.29630311849546026,0.2811066698594566,0.2479507819263579,0.2258468566376252,0.2217023706459875,0.2276888504116865,0.22446536130707948,0.191309473373981,0.17104754185930932,0.14848311812706116,0.15078561034463797,0.14710162279651567,0.1342076663780882,0.11486673175044676,0.09967028311444337,0.08355283759140923,0.07204037650352706
-0.047140374023580595,-0.016774517811145494,0.011497141421121423,0.02720361877238091,0.03976880065338932,0.050239785554229296,0.0680404598856577,0.05233398253439798,-0.007350631400390093,-0.04190488157316208,-0.057611358924421305,-0.06912944231534417,-0.06912944231534514,-0.09111851060710895,-0.11101338191870433,-0.13300245021046836,-0.16650960189315575,-0.2303826097882785,-0.4146719440430586,-0.7623086427509382,-1.0,-0.8607359008188304,-0.5298527779522957,-0.19896965508575906,0.035580406693052694,0.19055098322548247,0.27536596092228444,0.32248539297606404,0.3360976733471557,0.3172499005256441,0.2889782412933774,0.24918849867018644,0.2209168394379188,0.18426839228497863,0.2052103620866593,0.2240581349081708,0.20730455906682702,0.20939875604699493,0.20311616510649017,0.18531549077506274,0.17484450587422273,0.15285543758245942,0.11620699042952096,0.08688823270716874,0.07746434629641309,0.08584113421708511,0.07432305082616131,0.05233398253439701,0.041862997633557754,0.04081589914347439
-0.01849217638691301,0.006401137980085088,-0.04694167852062726,0.06152204836415385,0.008179231863441917,-0.025604551920340744,-0.059388335704125474,-0.013157894736842939,-0.009601706970128037,-0.0007112375533434739,0.01351351351351282,0.022403982930298622,0.04907539118065355,0.06507823613086791,0.1059743954480808,0.14687055476529287,0.2144381223328598,0.11486486486486452,-0.2656472261735434,-0.7297297297297309,-1.0,-0.8133001422475119,-0.45945945945946265,-0.1358463726884799,0.0739687055476529,0.16465149359886197,0.17887624466571908,0.18065433854907637,0.18243243243243276,0.1788762446657187,0.15220483641536375,0.1539829302987206,0.1539829302987206,0.16109530583214912,0.14153627311522113,0.09886201991465182,0.08997155049786686,0.09530583214793817,0.05263157894736846,0.020625889046940137,0.002844950213371429,0.022403982930298206,0.06685633001422475,0.07752489331436654,0.07930298719772504,0.07574679943101097,0.08463726884779511,0.11842105263157902,0.10241820768136754,0.05974395448079702
0.03827207275483184,0.01364153088291031,0.02216748768472882,-0.002463054187192709,0.007957559681697313,-0.000568397120121858,-0.010989010989011215,-0.030882910193255723,-0.05267146646457086,-0.052671466464570424,-0.052671466464570424,-0.04130352406214552,-0.060250094732854496,-0.08961727927245237,-0.11614247821144498,-0.13982569154983052,-0.18056081849185399,-0.2819249715801456,-0.524441076165215,-0.8531640773020074,-1.0,-0.8389541492989768,-0.5623342175066325,-0.3018188707843897,-0.09435392194013029,0.04206138688897311,0.13679424024251663,0.17942402425161094,0.24478969306555592,0.3196286472148547,0.34520651762031085,0.32247063281546107,0.2713148920045479,0.2637362637362651,0.29026146267525665,0.2959454338764685,0.260894278135658,0.22394846532777649,0.21542250852595798,0.217317165593028,0.24194770746494862,0.2703675634710123,0.2324744221295959,0.17658203865100497,0.14153088291019408,0.1405835543766588,0.12068965517241494,0.10458507010231191,0.08469117089806741,0.06290261462675314
-0.024139702105803927,-0.022629082449620794,-0.02565032176198724,-0.03244811021481012,-0.0324481102148103,-0.028671561074353338,-0.03018218073053612,-0.034714039699085,-0.014320674340614426,0.012115169642587461,0.01589171878304407,-0.006012266231608234,-0.02036315296534644,-0.03697996918335883,-0.03849058883954179,-0.05359678540137244,-0.12006405027342268,-0.2613069881265299,-0.5400163146922866,-0.8602676818030756,-1.0,-0.8708420193963564,-0.6049729599081537,-0.3255083235143058,-0.09287289646212923,0.04534880207861329,0.12239040454394426,0.16695368440134187,0.19187890872836094,0.2236019215082024,0.24399528686667243,0.24399528686667277,0.25381431463186177,0.24777183600713024,0.24852714583522167,0.25003776549140494,0.24248466721048964,0.22737847064866037,0.2326656394453003,0.2455059065228554,0.24626121635094694,0.23342094927339188,0.21831475271156245,0.19490014804072614,0.1888576694159952,0.17526209251034822,0.16393244508897592,0.15864527629233513,0.14353907973050603,0.13900722076195665
-0.009227045832702735,-0.028478706288417626,-0.04704280744214233,-0.053918400462040585,-0.05116816325408109,-0.04016721442224438,-0.05254328185806116,-0.06148155278392858,-0.0800456539376528,-0.1151111783391324,-0.137113076002806,-0.12267433066102086,-0.1102982632252044,-0.13780063530479586,-0.1790541934241837,-0.24437232711321424,-0.3241292061440314,-0.4423894060862763,-0.6266552990195414,-0.8652383768099998,-1.0,-0.8783020035478059,-0.5950275711280104,-0.31862873172811323,-0.09998487369535676,0.03821454600459318,0.15991254245678743,0.2678593528691859,0.3345526051621962,0.3641176551477568,0.36893057026168463,0.375118603979594,0.37168080746964444,0.3813066376975018,0.3847444342074511,0.37305592607362453,0.3510540284099511,0.3263018935383182,0.30636267378061477,0.2912363691368384,0.28711101332490047,0.25273304822540976,0.21010437150204314,0.19841586336821623,0.20254121918015486,0.19910342267020656,0.18053932151648172,0.1606001017587781,0.1351604075851556,0.10009488318367533
-0.0608880915003376,-0.012297226582941133,-0.007625028033191471,-0.013231666292890285,-0.014166106002841608,-0.008559467743141489,-0.00014951035359239977,0.003588248486207462,-0.026313822232189473,-0.059953651790386496,-0.06836360917993602,-0.05715033266053751,-0.057150332660536866,-0.041264857591388926,-0.021641623682440245,0.011998205875756339,-0.00014951035359261474,-0.14124990655602954,-0.4664349256186004,-0.8140464977199673,-1.0,-0.8551618449577632,-0.5496000598041418,-0.1935785303132252,0.06899902818270168,0.2577558495925846,0.37082305449652503,0.4100695223144207,0.3895118486955226,0.3474620617477769,0.32877326754877806,0.28952679973088175,0.25869028930253524,0.23346041713388713,0.21944382148463856,0.20916498467518962,0.20729610525528916,0.1876728713463407,0.17178739627719297,0.1502952829483458,0.11478657397024808,0.07180234731255196,0.054047992823502665,0.04563803543395444,0.04096583688420391,0.028818120654855176,-0.0029528294834420235,-0.0020183897734922206,-0.004821708903341845,0.006391567616057306
-0.03006521498839425,-0.042960834162337896,-0.023617405401422,-0.033749677609520516,-0.030986330643676244,-0.043881949817618816,-0.04480306547290103,-0.03927637154121099,-0.05032975940459193,-0.06322537857853429,-0.06967318816550633,-0.06138314726797137,-0.06506760988909806,-0.07427876644191522,-0.09822777347923897,-0.1387568623116324,-0.22810508087395592,-0.42061825282782583,-0.6647139014774693,-0.8867027744003532,-1.0,-0.9023617405401418,-0.680372867617258,-0.42430271544895254,-0.1912604546626879,-0.0263807523672682,0.0988909767510409,0.18547584834751932,0.23521609373272906,0.2821929921520949,0.3153531557422352,0.3402232784348405,0.3650934011274456,0.349434434987657,0.33838104712427697,0.33838104712427697,0.33193323753730614,0.3319332375373056,0.3282487749161791,0.31074757746582715,0.26653402601230664,0.26100733208061594,0.24719059725139156,0.23061051545632144,0.23521609373272923,0.22416270586934983,0.20850373972956063,0.19008142662392757,0.16889576655244898,0.15139456910209687
-0.01686788009476675,-0.014739888493240028,-0.004809261019449828,-0.019705202230135214,-0.013321227425555715,-0.019705202230135874,-0.026798507568557277,-0.04027578771155769,-0.04382244038076921,-0.04169444877924299,-0.03601980450850508,-0.029635829703925577,-0.03318248237313694,-0.08496361134361433,-0.18072323341230578,-0.2743548638794712,-0.34812523939905504,-0.42047695385095524,-0.5772390018300723,-0.8269233497425129,-1.0,-0.8943097504575184,-0.6176708422590761,-0.30060009363163165,-0.05304373732071618,0.11081161599682353,0.20657123806551433,0.26899232504362397,0.29594688532962565,0.30020286853267864,0.29736554639731066,0.3065868433372586,0.29594688532962626,0.2697016555774656,0.26189901970520213,0.27182964717899194,0.2704109861113075,0.28105094411894044,0.29878420746499496,0.2952375547957839,0.2590616975698335,0.2250138319454101,0.20728056859935606,0.21153655180240888,0.2235951708777263,0.19167529685482962,0.1711047113734065,0.15975542283193148,0.13209153201208776,0.10655563279376942
0.03747642099043192,0.0022499488647981457,0.018158678211858383,0.054521488147996594,0.08861162246312594,0.07952091997909151,0.05906683939001381,0.04315811004295436,0.038612758800936356,0.03634008317992696,0.03974909661144052,0.04883979909547575,0.04883979909547389,0.03293106974841445,0.02270402945387559,0.009067975727824225,0.018158678211858646,-0.04093088793436641,-0.37046885298061577,-0.813640599077293,-1.0,-0.8477307333924227,-0.5568282539033217,-0.2863798550032974,-0.09774777845958153,0.039749096611440785,0.09315697370514288,0.1340651348832983,0.15679189109338437,0.17497329606145398,0.19201836321901838,0.1795186473034712,0.16020090452489685,0.17156428262994122,0.19315470102952179,0.18179132292447903,0.1817913229244798,0.15679189109338462,0.1420194995568283,0.14429217517783768,0.1386104861253163,0.12951978364128136,0.11815640553623806,0.09770232494716036,0.08974796027363012,0.09770232494716115,0.12042908115724667,0.09997500056816949,0.08633894684211733,0.05565782595850102
-0.019702566313145528,-0.014500078037324659,0.01671485161760229,0.040497655164213026,0.04012604885879711,0.030092678612570596,0.020430914671760263,0.012255575952613083,0.01076915073094941,0.017086457923018297,0.007796300287622927,-0.004095101485682401,-0.0022370699586035,0.007796300287622927,0.0037086309280491207,-0.010040802372334935,-0.05017428335724073,-0.14233264710035695,-0.4069163365563987,-0.7993325950754734,-1.0,-0.8848020453211048,-0.610556591924251,-0.32664937458658855,-0.12635357596747798,0.004451843538881044,0.08434719920327653,0.13823011348856595,0.16758701161641365,0.17947841338971865,0.1839376890547082,0.1876537521088659,0.20586246107423942,0.20660567368507152,0.20511924846340837,0.20549085476882395,0.21255137457172404,0.2225847448179498,0.22964526462084983,0.22221313851253413,0.21626743762588133,0.21032173673922888,0.1980587286605078,0.16312773595142402,0.14863509004020822,0.13934493240481355,0.13302762521274483,0.12187943605027116,0.10924482166613468,0.0947521757549187
-0.015379689204198837,-0.042396709927254396,-0.018881895594224717,-0.012878113211323159,-0.012878113211323275,-0.017380949998499005,0.00013008195162934836,0.0036322883416551165,0.00663417953310549,0.004132603540230155,-0.011377167615598847,-0.03239040595575273,-0.05340364429590673,-0.0984320121676671,-0.12795060888359774,-0.14846353202517729,-0.18848874791118536,-0.3205719603350126,-0.5742317660125884,-0.8629136355904224,-1.0,-0.8699180483704732,-0.6077528843171203,-0.32007164513643727,-0.07491719783463648,0.10369532805667633,0.21776719333179947,0.27530344116793637,0.3113261354653434,0.33484094979837375,0.3468485145641762,0.3548535577413778,0.35385292734422746,0.34234567777699976,0.31983149384112075,0.28080690835226213,0.28280816914656304,0.26629776759358453,0.23878043167195417,0.2157659325374993,0.2012567917788213,0.18724796621871825,0.16123157589281287,0.14271991354553398,0.1287110879854308,0.11920509921250487,0.08168145931937225,0.061168536177792596,0.03665309144761223,0.031149624263286307
-0.02834408950575655,-0.009442029181181453,-0.017992961232775204,-0.022493451786245202,-0.0292441876164503,-0.02069325556485697,-0.031494432893185924,-0.033744678169920925,-0.03869521777873801,-0.0418455611661678,-0.038695217778737696,-0.047246149830331756,-0.04949639510706707,-0.04319570833220905,-0.017992961232774576,0.005409589645271677,-0.007641832959792805,-0.11205321380030465,-0.4072853941079582,-0.8015283665919583,-1.0,-0.8757864607242186,-0.5819044275826067,-0.27947146238940096,-0.046796100774984986,0.11072106859647739,0.19713048722310778,0.2520364719754459,0.29839152467618996,0.3222441246095827,0.3019919171189661,0.2493361776433635,0.1750780835111028,0.1246725893122354,0.10622057804300739,0.11837190253737687,0.14672499302424022,0.16967749484693884,0.17327788728971497,0.18047867217526725,0.18677935895012593,0.1917298985589428,0.19578034005706665,0.18677935895012612,0.1822788683966554,0.18587926083943165,0.17147769106832664,0.14717504207958707,0.10937092143043592,0.09406925354863686
-0.03015834530093136,-0.0021821437230728044,0.019266277486617765,-0.018035324617193788,0.0006154764347126405,0.009940876960665203,0.044444858906689796,0.060298039800809916,0.05656787959042802,0.02672659790738004,0.03418691832814165,0.0770837607475241,0.09013932148385703,0.06496074006378479,0.0379170785385229,0.030456758117760625,-0.006844843986050278,-0.1784322136635783,-0.4824402708096321,-0.8246824701120924,-1.0,-0.866646772478879,-0.5728966559113731,-0.2912695600276049,-0.0861107484566474,0.08547662122088151,0.16660760579666958,0.2076393681108617,0.21789730868940857,0.2244250890575761,0.23468302963612428,0.2533338306880287,0.24680605031986183,0.23095286942574236,0.23654810974131496,0.21976238879459972,0.22722270921536136,0.1908536471641458,0.15541712516552736,0.13117108379805048,0.08827424137866782,0.083611541115691,0.10505996232538266,0.10599250237797736,0.11531790290393079,0.09480202174683494,0.06402820001119094,0.03791707853852268,0.03511945838073788,0.04817501911707061
-0.0007840648160253641,0.01368379786062237,-0.01198499075923653,0.005283103403214239,0.016017324098791662,0.022551197565665013,0.014617208355890953,0.002949577165045278,-0.00638452778763035,-0.01711874848320864,-0.007317938282898066,0.0071499243937497795,0.020684376575130125,0.02115108182276409,0.041686112718651754,0.07762241678645433,0.07622230104355264,-0.07172326245636301,-0.4100845669908724,-0.7927828700505916,-1.0,-0.8352530475852676,-0.48755763809808383,-0.13659529187746247,0.09442380570127136,0.22930162226744094,0.27597214703082135,0.26383781059234274,0.23490208523904724,0.2260346855340047,0.20736647562865257,0.17376369779901807,0.1518285511602302,0.14809490917915932,0.14342785670282118,0.13549386749304668,0.12989340452144094,0.11589224709242608,0.10655814213975003,0.09442380570127223,0.09582392144417315,0.08975675322493343,0.08368958500569372,0.08182276401515882,0.08882334272966605,0.07948923777698953,0.07108854331958141,0.056153975395299816,0.038419175985214535,0.04168611271865154
0.01215693497881661,-0.02191932215877713,-0.013630502855037875,-0.012709522932400514,-0.024682261926689646,-0.0016577638607491747,0.026892613741019963,0.05083809172959951,0.06373181064652879,0.06833671025971645,0.06281083072389057,0.0416282925032229,0.03794437281267217,0.01491987474672998,-0.022840302081415135,-0.046785780069995966,-0.07717811751703961,-0.19322158776938855,-0.4676736047154185,-0.8121200957819118,-1.0,-0.8950082888193048,-0.6666052680051576,-0.4464910664947513,-0.23742862405599652,-0.08546693682077888,0.026892613741019325,0.10333394731994801,0.1733284214404138,0.1963529195063554,0.2101676183459203,0.2064836986553702,0.21845643764965977,0.20187879904218126,0.1908270399705299,0.2064836986553702,0.2433228955608782,0.27924111254374706,0.26174249401363164,0.24792779517406585,0.26082151409099363,0.2516117148646166,0.20924663842328337,0.19082703997052883,0.18714312027997895,0.17240744151777646,0.17056548167250024,0.16503960213667415,0.15398784306502133,0.11806962608215156
0.03184086595909199,0.011457088634287009,0.03394953257889915,0.01286286638082528,0.023406199479862215,0.00021086666198085952,0.0016166444085191295,0.009348422014479855,0.004428199901594522,-0.012441133056865358,-0.016658466296479674,-0.018767132916286667,0.00021086666198053293,0.007942644267941584,-0.030716243761861873,-0.058128909819358365,-0.14177268573838592,-0.2711042384199073,-0.5164124551908351,-0.8348211147817538,-1.0,-0.8727771139382866,-0.6457440078723561,-0.4250369016658482,-0.2851620158852905,-0.19519224010684014,-0.12912068601954085,-0.039150910241091325,0.031840865959092156,0.09018064244043007,0.14360019680888478,0.18296197371195663,0.22021508399522113,0.2659028607577152,0.3333801925915522,0.3579813031559725,0.37485063611443153,0.3509524144232808,0.34040908132424336,0.32916285935193673,0.3172137485063622,0.2813664159696356,0.2525479721656017,0.2314613059675273,0.2195121951219521,0.21599775075560637,0.21248330638926127,0.22302663948829754,0.1878821958248405,0.19280241793772437
-0.012092777373951839,-0.016498160752440337,-0.02090354413092832,-0.038525077644882826,-0.044031806867993316,-0.038525077644882055,-0.012092777373951326,-0.003282010616974332,-0.01870085244168407,-0.02861296504328255,-0.025308927509416816,-0.03411969426639432,-0.038525077644882826,-0.033018348421771815,0.002224718606136417,0.030859710566311392,0.02315028965395691,-0.15747042886407303,-0.5407387827925723,-0.8821559946254321,-1.0,-0.8810546487808101,-0.6079208793145224,-0.3226723055573921,-0.05834930284808105,0.11566334060221636,0.19165620388114332,0.2390140751998943,0.270953104693936,0.24672349611224925,0.2125817749289638,0.21698715830745205,0.20487235401660805,0.22249388753056254,0.21698715830745205,0.18725082050265507,0.1938588955703881,0.2125817749289638,0.20817639155047532,0.1762373620564336,0.1696292869887016,0.1806427454349216,0.18504812881341035,0.17733870790105508,0.16852794114407807,0.16852794114407885,0.17623736205643334,0.1696292869887003,0.1453996784070141,0.10134584462212837
0.08749896032604254,0.11868917907344542,0.1977043999001929,0.20602179156616449,0.1644348332362969,0.13948265823837683,0.1748315728187655,0.2101804873991503,0.2205772269816184,0.23097396656408506,0.2247359228146047,0.1810696165682444,0.1394826582383778,0.09165765615902882,0.0563087415786416,0.02303917491474558,-0.062214089661482286,-0.2451967063129012,-0.5030358479580813,-0.8378108625135158,-1.0,-0.8170173833485824,-0.5342260667054818,-0.3054977958912109,-0.19113366048407235,-0.14538800632121845,-0.13083257090576506,-0.11003909174083028,-0.041420610496548965,0.05838808949513329,0.11245113532396214,0.12492722282292194,0.11868917907344252,0.13324461448889593,0.13948265823837633,0.14987939782084397,0.1935457040672047,0.1893870082342189,0.1311652665724038,0.09997504782500186,0.12492722282292339,0.13532396240539005,0.1374033103218842,0.1311652665724038,0.13324461448889643,0.07502287282708178,0.06878482907760092,0.04591200199617446,0.06462613324461512,0.08957830824253424
0.008599068434251792,0.022930849158008342,0.08563238982443742,0.07846649946255788,0.06950913651021255,0.04980293801504895,0.051594410605518115,0.03905410247223196,0.024722321748476245,0.024722321748477077,0.04084557506270153,0.010390541024722614,-0.014690075241848014,-0.06485130777499261,-0.13830168398423534,-0.23145825868864417,-0.3246148333930518,-0.3765675385166638,-0.5073450376209265,-0.8011465424579008,-1.0,-0.8710139734862073,-0.5682551056968839,-0.2744536008599092,-0.030813328556072883,0.13579362235757866,0.20566105338588395,0.23253314224292454,0.24686492296667897,0.2504478681476182,0.2701540666427813,0.2719455392332513,0.2647796488713718,0.2647796488713726,0.27194553923325093,0.2432819777857407,0.23969903260480285,0.2594052310999648,0.24865639555714944,0.24328197778574115,0.214618416338231,0.15012540308133313,0.11787889645288423,0.10354711572912977,0.0748835542816196,0.07309208169115086,0.08563238982443618,0.09817269795772149,0.07846649946255747,0.05159441060551686
-0.019390990193910086,-0.007594190075941793,-0.03856079038560784,-0.015704490157045187,-0.03561159035611619,-0.04888299048883014,-0.049620290496203055,-0.0378234903782351,-0.02381479023814824,-0.012755290127553024,-0.0031703900317036388,0.004202610042025993,-0.01496719014967176,-0.04372189043721942,-0.08648529086485274,-0.1307232913072336,-0.20961439209614488,-0.35854899358549014,-0.5863746958637466,-0.8392685983926854,-1.0,-0.9262699992626996,-0.6785371967853715,-0.3887782938877829,-0.15505419155054243,0.02484701024847042,0.16345941163459454,0.2578338125783379,0.30502101305020984,0.31829241318292356,0.32492811324928084,0.32566541325665394,0.3359876133598759,0.343360613433606,0.3359876133598757,0.3079702130797021,0.27995281279952844,0.2718425127184252,0.26299491262994945,0.2548846125488462,0.23055371230553723,0.2121212121212122,0.20106171201061732,0.19442601194426026,0.1700951117009513,0.15018801150188027,0.13028091130280944,0.10005161100051681,0.09415321094153233,0.11111111111111167
0.020031196125112026,0.033371644364173406,0.028240702733764816,0.028240702733764816,0.05697397586405126,0.10930958049421267,0.09289056727690685,0.07441917740743713,0.050816845907560707,0.058000164190131064,0.03747639766850052,0.005664559559970123,-0.006649700353008586,-0.01691158361382577,-0.01588539528774405,-0.029225843526804237,-0.08566620146129253,-0.24267301535177774,-0.4981939085460979,-0.8286265495443719,-1.0,-0.856333634348575,-0.5833675396108695,-0.31655857482965405,-0.1113209096133324,0.026188326081602577,0.11854527542894694,0.16164518512437362,0.21808554305886216,0.25297594614563673,0.2673425827107794,0.2581068877760451,0.2098760364502096,0.16574993842870075,0.16061899679829283,0.14727854855923173,0.14009523027666088,0.12880715868976342,0.14625236023315094,0.18319513997208806,0.20371890649371957,0.1914046465807403,0.15343567851572132,0.13804285362449817,0.14727854855923195,0.13906904195057962,0.12162384040719233,0.12470240538543655,0.11546671045070227,0.07647155405960128
-0.06080603346688778,-0.03488098043837004,-0.01249116191374063,0.004006599104406848,-0.01602639641762924,-0.06316285646948028,-0.07376855998114638,-0.07141173697855416,-0.04077303794485087,-0.02663209992929589,0.013433891114777658,0.022861183125147913,0.028753240631628197,-0.005420692905962318,-0.08555267499410914,-0.13740278105114434,-0.18218241810040262,-0.28588263021447247,-0.49563987744520527,-0.8161678057977845,-1.0,-0.8833372613716702,-0.5958048550553856,-0.32359179825595347,-0.12208343153429269,0.03700212114070317,0.14423756775866164,0.2008013198208821,0.21376384633514042,0.22436954984680682,0.24086731086495403,0.2773980674051384,0.29507423992458115,0.2891821824181017,0.27975489040773144,0.25147301437662123,0.24204572236625063,0.2220127268442154,0.24793777987273236,0.2620787178882865,0.2538298373792137,0.23968889936365842,0.23379684185717736,0.19490926231440073,0.17487626679236493,0.19255243931180824,0.18312514730143878,0.15012962526514412,0.11242045722366362,0.10063634221070003
-0.0020431812637227995,-0.008904610880702263,0.0032934862161500575,-0.03406318614296225,-0.04549890217126171,-0.03863747255428189,-0.025676994388875645,-0.03939985362283528,-0.04168699682849564,-0.0416869968284951,-0.04092461575994189,-0.04473652110270796,-0.03406318614296225,-0.02796413759453582,-0.027964137594536,-0.05845938033666884,-0.10191510124420686,-0.2406684557209084,-0.5456208831422303,-0.8551475969748719,-1.0,-0.894791412539644,-0.64701756525982,-0.4297389607221282,-0.25744083922908123,-0.13088558184923185,-0.022627470114662075,0.06428397170041503,0.12298731397901966,0.19922542083435085,0.27241400341546745,0.3029092461575999,0.2808001951695537,0.283849719443767,0.3105330568431329,0.3242559160770922,0.31358258111734544,0.2907111490607471,0.2762259087582339,0.277750670895341,0.28842400585508704,0.2899487679921938,0.28003781410100115,0.25411685777018866,0.23353256891924962,0.21980970968528923,0.21523542327397013,0.1977006586972439,0.17940351305196497,0.15653208099536536
-0.06222165669932589,-0.04440768545616584,-0.03677312635195294,-0.04313525893879707,-0.03804555286932141,-0.027866140730373655,-0.03677312635195443,-0.025321287695636716,-0.03804555286932201,-0.055859524112482656,-0.062221656699327076,-0.058404377147220785,-0.027866140730372767,-0.03550069983458536,-0.07112864232090725,-0.08767018704669945,-0.1169359969461775,-0.23272681002672246,-0.4821224074309721,-0.8498536709505031,-1.0,-0.8078635958773386,-0.4668532892225481,-0.17674004326250387,0.006489375238580949,0.12609746787123105,0.17826695508334453,0.198625779361243,0.19862577936124265,0.21135004453492914,0.2126224710522982,0.23679857488230183,0.25970225219493664,0.2609746787123042,0.23679857488230036,0.22280188319124627,0.2444331339865129,0.2673368112991481,0.26097467871230456,0.22916401577808893,0.21389489756966643,0.21643975060440362,0.1986257793612439,0.18971879373966188,0.17572210204860725,0.13754930652754843,0.1121007761801761,0.11082834966280704,0.10955592314544002,0.06883827458964308
-0.022054703815005097,-0.09336321499516188,-0.09463658126623654,-0.028421535170377765,0.005959354148626874,0.022513115672592905,-0.0029542097488912443,-0.02714816889930193,-0.05006876177863855,-0.05134212804971291,-0.06025569194723221,-0.030968267712524696,-0.03733509906789529,-0.08190291855549447,-0.08954311618193912,-0.07808281974227141,-0.13029083685631404,-0.27545459175877457,-0.5466816074975815,-0.8370091173025012,-1.0,-0.9006774308562112,-0.6956654612132633,-0.47919319513064784,-0.31238221361992646,-0.17231192380176305,-0.030968267712525588,0.05689400499159576,0.09636835939489724,0.13584271379819723,0.1638567717618292,0.22243162023124363,0.274639637345286,0.3243009219171808,0.3255742881882552,0.3446747822543678,0.3663220088626304,0.3434014159832943,0.3077471603932151,0.3217541893750327,0.3332144858146989,0.32812102073040417,0.2950134976824736,0.28100646870065715,0.2695461722609895,0.265726073447767,0.26317934090561884,0.26699943971884194,0.268272805989916,0.24535221311057967
-0.018703346473202025,-0.01311191254997471,-0.03547764824289244,-0.0732198272246927,-0.05924124241661773,-0.052251950012580255,-0.06063910089742595,-0.05784338393581082,-0.07881126114792229,-0.09278984595599596,-0.09838127987922524,-0.08440269507115221,-0.05225195001258091,-0.0634348178590401,-0.10956414772568508,-0.1375213173418334,-0.15569347759232974,-0.21300567530543488,-0.43666303223461744,-0.7917190863596971,-1.0,-0.8658055858424897,-0.5331152674103284,-0.20601638290139643,0.031619558835862704,0.14065252033884146,0.19377114260952294,0.20635186893678936,0.1937711426095226,0.19516900109033053,0.21194330286001867,0.24129833095697484,0.2650619251307014,0.2860298023428113,0.32656769828622667,0.3559227263831809,0.3503312924599519,0.3251698398054184,0.3195784058821889,0.3014062456316928,0.26925550057312314,0.24828762336101265,0.22172831222567127,0.18957756716710125,0.13785680337722667,0.12108250160753756,0.09312533199138955,0.051189577567167924,0.009253823142944654,0.003662389219715703
0.0021668472372698123,-0.00018842149889352147,0.00569975034151358,0.033962975175467834,0.032785340807387126,0.03278534080738631,0.05398275943285084,0.04573931885628094,0.050449856328606796,0.0528051250647693,0.08342361863488662,0.12346318714965343,0.13995006830279294,0.10462103726035142,0.02454190023081642,-0.052004333694475095,-0.1591690611898831,-0.31461679777662804,-0.5501436713929064,-0.8257101135239521,-1.0,-0.8928352725045919,-0.6408215177351738,-0.38880776296575653,-0.20274153280889423,-0.06849121484761432,0.012765556550001937,0.07989071553064175,0.14937114324744435,0.20707522728343275,0.2471147957982012,0.24358189269395633,0.27420038626407256,0.26948984879174703,0.2624240425832592,0.27066748315982936,0.27420038626407256,0.2612464082151782,0.24358189269395691,0.2200292053323277,0.1917659804983759,0.18352253992180548,0.13877243393471167,0.12699609025389913,0.11639738094116645,0.1293513589900619,0.12228555278157272,0.1199302840454094,0.08460125300296897,0.0798907155306423
0.02549443481678682,-0.007557215085846012,0.015668268629517066,0.027281010487199542,0.034427313168849796,0.0406803280152937,0.03800046450967545,0.022814571311168156,0.005842102442248976,0.01388169295910476,0.012095117288692458,0.01656155646472384,0.04425347935611789,0.05407964554338702,0.06122594822503666,0.059439372554624975,0.021027995640755432,-0.1326175120147223,-0.478319904239544,-0.8508209315205537,-1.0,-0.8785128544119475,-0.665910349632858,-0.4497346935129434,-0.2683972629660737,-0.1674557375877668,-0.06830078787987186,0.009415253783074,0.05318635770818107,0.07194540224751256,0.06301252389544999,0.05318635770818129,0.05854608471941799,0.06211923606024322,0.08981115895163767,0.12018294534865039,0.15144801958086967,0.18003323030746968,0.2425633787719072,0.27829489218015824,0.29348078537866534,0.3220659961052651,0.3301055866221213,0.3175995569292333,0.3059868150715521,0.30777339074196464,0.2872277705322206,0.2890143462026331,0.29884051238990267,0.2890143462026333
-0.033681800379598476,-0.02087789594191526,-0.07058717199409602,-0.07510619708974851,-0.06079595095351441,-0.06079595095351476,-0.07585936793902318,-0.07736570963757443,-0.07134034284337067,-0.063055463501341,-0.06456180519989121,-0.09393546832163427,-0.13535986503178482,-0.13159401078540733,-0.11879010634772533,-0.12406230229265286,-0.16398035730425234,-0.2739433012984671,-0.5044135811767546,-0.8297833880637482,-1.0,-0.9058536438405689,-0.6362184797999583,-0.3409755068839822,-0.09318229747235926,0.07552797276534305,0.1960353086494146,0.2721055644262349,0.33838459916247426,0.3963787545566841,0.41746753833639616,0.4016509505016115,0.3730304582291448,0.341397282559576,0.32106166962913857,0.3150363028349356,0.31352996113638437,0.2758714186726122,0.25101678064652233,0.23670653451028809,0.23294068026391143,0.22088994667550446,0.1990479920465171,0.17268701232187583,0.15159822854216332,0.13352212815955275,0.12147139457114559,0.10339529418853449,0.08607236465519877,0.07929382701172001
-0.029001673173452504,-0.013385387618517083,-0.006692693809258232,-0.021751254880089513,-0.01505856107083157,-0.026213050752928315,-0.02677077523703284,-0.01059676519799199,0.011712214166201636,0.006134969325153393,-0.02453987730061422,-0.03011712214166285,-0.03513664249860657,-0.022866703848299343,0.007808142777467623,0.05577244841048539,0.030674846625766545,-0.11935303959843904,-0.45454545454545486,-0.8332403792526492,-1.0,-0.8784160624651425,-0.6157278304517568,-0.3725599553820424,-0.19129949804796545,-0.062465142219743267,0.021193530395983765,0.0909090909090909,0.14723926380368127,0.18349135527049687,0.2141662018962633,0.23870607919687706,0.2548800892359178,0.24595649749024007,0.22197434467373187,0.21639709983268293,0.22308979364194143,0.24539877300613555,0.2481873954266596,0.2526491912994984,0.2593418851087567,0.2543223647518135,0.23926380368098238,0.209704406023425,0.18293363078639194,0.16564417177914134,0.15281650864472948,0.14221974344673755,0.13552704963747972,0.13162297824874583
0.01867309713720385,0.03722253137945977,0.051134607061150895,-0.0029679094787609657,-0.02924627465529021,-0.03233784702899912,-0.0431583503369817,-0.04934149508440058,-0.0369752055895639,-0.019971557534162437,-0.010696840413034295,0.01558152476349459,0.04340567612687721,0.08668768935880648,0.12687813021702793,0.07741297223768086,0.03722253137945977,-0.08644036356891205,-0.4079638904346779,-0.7990477957088992,-1.0,-0.9134359735361406,-0.6351944599023076,-0.338403512026218,-0.12972237680084278,-0.012242626599889825,0.0325851728188957,0.08359611698509901,0.12996970259073828,0.16552278488839423,0.19180115006492415,0.22735423236258084,0.23508316329685347,0.2180795152414523,0.20262165337290677,0.21189637049403348,0.19953008099919678,0.17170592963581385,0.17325171582266793,0.1686143572621035,0.18407221913065047,0.18561800531750638,0.19643850862548862,0.20725901193347016,0.17943486057008678,0.13924441971186605,0.13924441971186677,0.1423359920855746,0.1438817782724294,0.12378655784332047
-0.005877491046011221,-0.015061070805399797,0.005601983653227036,0.009045826062998752,-0.013913123335476157,-0.05064744237303712,-0.0724584443015892,-0.03228028285425758,0.026265038111855998,0.045780145100560526,0.051519882450179244,0.029708880521627987,-0.02080080815501959,-0.0380200202038755,-0.03802002020387577,-0.03802002020387577,-0.06442281201212373,-0.1998806134631304,-0.4845715860042248,-0.818624299752044,-1.0,-0.871429883368537,-0.6096978602259167,-0.3330425199742872,-0.10460097345945535,0.06414730461934115,0.18123794655156644,0.22830379281844096,0.2730737441454679,0.29947653595371565,0.3006244834236387,0.2742216916153924,0.27192579667554456,0.27766553402516353,0.2753696390853166,0.2661860593259261,0.2443750573973743,0.22715584534851704,0.21912021305905108,0.20190100101019434,0.19616126366057587,0.1858297364312626,0.16057489209293802,0.15253925980347227,0.13532004775461579,0.09973367618697794,0.06759114702911231,0.04004040775094046,0.00904582606299955,-0.008173385985857696
0.01544336766080554,0.0030599119576248043,-0.008924077432550432,-0.009723010058561984,-0.010521942684573257,-0.008125144806538784,0.005456709835659741,0.0030599119576247146,0.005057243522653688,-0.005728346928503571,-0.012119807936596918,-0.014516605814631763,-0.023304864700759674,-0.06205309706232479,-0.09920346417186653,-0.12077464507418115,-0.17869726046002576,-0.3320923246542618,-0.5869518323519777,-0.8505995989358216,-1.0,-0.911318478512707,-0.6824242811603692,-0.4375514312877994,-0.24500866841899277,-0.09600773366782042,0.025829491798956834,0.11011688384318583,0.16644163397700723,0.21717385572874678,0.2595172849073637,0.29546925307788746,0.30705377615505675,0.30545591090303353,0.29506978676488205,0.29107512363482363,0.30585537721603895,0.32383136130130163,0.32263296236228395,0.3118473719111264,0.30066231514696357,0.2878793931307771,0.2715012742975384,0.2487316944562066,0.22396478304984563,0.19280641063539128,0.16923789816804785,0.1524603130218032,0.13887845837960514,0.1400768573186224
-0.04115153791322127,-0.013942009212916917,-0.02428929477500448,-0.01662463880308762,-0.003977956449425141,-0.006277353241000145,-0.029654553955346517,-0.04575033149637128,-0.04115153791322118,-0.03501981313568775,-0.03233718354551705,-0.03770244272585854,-0.044600633100583646,-0.0779418865784218,-0.12507952080570997,-0.18179797499789388,-0.23928289478726927,-0.3370072584292075,-0.5217254673523994,-0.8317608014164294,-1.0,-0.8685511500816295,-0.5926235350926288,-0.3078815657359236,-0.08139098176578462,0.058872222520292554,0.15353072377346433,0.21868029953475607,0.2550874154013607,0.2803807801086856,0.2999256528370734,0.315254964780907,0.3091232400033734,0.2972430232469022,0.294943626455327,0.292644229663752,0.2876622032820062,0.27003349454659825,0.25240478581119014,0.22826111949965203,0.22136292912492694,0.2167641355417773,0.217147368340373,0.20526715158390219,0.1887881412442811,0.16809357012010592,0.14778223179452676,0.13820141182963117,0.1205727030942226,0.09949489917145134
-0.04182106934886195,-0.025939650608787283,-0.016675489677078804,0.0005293806246682459,0.021704605611434575,0.03626257278983656,0.05346744309158331,0.029645314981470675,0.008470089994706812,0.008470089994704963,0.00979354155637826,0.011116993118051564,0.013763896241398163,0.0283218634197983,0.013763896241397853,-0.019322392800423863,-0.10667019587083272,-0.2893065113816852,-0.5579671784012722,-0.8504499735309692,-1.0,-0.8504499735309692,-0.5301746956061427,-0.20460561143462302,0.021704605611433038,0.17787188988883038,0.25463208046585595,0.29301217575436894,0.2784542085759661,0.25992588671254724,0.2480148226574922,0.23478030704076228,0.2519851773425093,0.2546320804658556,0.2361037586024362,0.21889888830068943,0.21625198517734348,0.23080995235574453,0.2003705664372691,0.16596082583377528,0.15934356802541064,0.1209634727368988,0.08655373213340409,0.08390682901005872,0.075966119640022,0.06273160402329209,0.04420328215987236,0.024351508734780557,0.020381154049761277,0.03626257278983687
0.00044381980915706684,-0.015274798431837143,-0.00972705081736799,0.012463939640505822,0.017087062652562587,0.0004438198091572825,0.006916192026037315,0.005991567423625574,0.018011687254974113,0.024484059471854145,0.025408684074265456,0.03373030549596854,0.05037354833937427,0.04944892373696318,0.02725793327908937,-0.021747170648717177,-0.11420963088985917,-0.27232043790221366,-0.5450846956135817,-0.8733264294696353,-1.0,-0.8243213255418301,-0.5044012131074791,-0.23718470301057934,-0.03191804127524266,0.11047414749611634,0.20016273393002418,0.25471558547229817,0.27875582513499525,0.2787558251349961,0.2796804497374065,0.2806050743398183,0.2667357053036473,0.23529846882165933,0.2149567275686073,0.19184111250832195,0.19923810932761374,0.1825948664842082,0.16872549744803705,0.14191138397810585,0.12156964272505441,0.10862489829129393,0.09845402766476866,0.10677564908647194,0.08550928323100794,0.0744137880020718,0.0688660403876022,0.06979066499001393,0.06609216658036848,0.09290628005030015
0.07264637073961422,0.017599657487117604,0.034419486536491586,0.04359393874524039,0.038242174956803904,0.02677410969586713,0.04053578800899079,0.06423645621492688,0.04894570253367832,0.028303185063992202,0.058884692426490554,0.09558250126148776,0.1223413202036738,0.1315157724124228,0.14221929998929686,0.16439089282710698,0.12539947093992165,-0.11313628648756138,-0.4762916864172246,-0.8210981819293878,-1.0,-0.801984739827827,-0.3730790990687945,0.04282940106117786,0.26760348017553737,0.3379409471092829,0.3157693542714726,0.2607226410189771,0.2018532393461683,0.16209727977492044,0.12692854630804848,0.08564351136867498,0.05735561705836459,0.04359393874524022,0.04130032569305244,0.04665208948149054,0.05429746632211482,0.05353292863805299,0.05429746632211499,0.067294606951177,0.045123014113365646,0.026009572011804774,0.019893270539304675,0.010718818330554974,-0.0022783222985065135,0.0007798284377434476,0.0015443661218061608,-0.0022783222985061566,1.529075368126942e-05,0.010718818330555685
0.025509000021454297,0.039454206088690956,0.04696316320181961,0.048035871360837985,0.03623608161163683,-0.00130870395400241,0.0019094205230524735,-0.010963077385167065,-0.014181201862221701,-0.018472034498293963,-0.017399326339276336,-0.01632661818025846,-0.00023599579498378553,0.0008367123640340945,-0.017399326339275337,-0.07532556692626301,-0.15363326253459586,-0.3027396966381335,-0.5376627834631316,-0.8401664843062786,-1.0,-0.8616206474866447,-0.5859346506189527,-0.328484692454571,-0.1343245156722673,-0.0066722447490938025,0.08665336508549511,0.17139730964793748,0.21216021969063134,0.23897792366608706,0.248632297097252,0.23790521550706892,0.24326875630216083,0.2722318765956533,0.28403166634485444,0.25506854605136153,0.23575979918903267,0.2067966788955397,0.1896333483512474,0.22288730128081363,0.23146896655295965,0.2014331381004483,0.19392418098732042,0.19392418098732192,0.18105168307910188,0.16925189332990123,0.1520885627856084,0.13170710776426225,0.09738044667567763,0.06627191006414768
0.01917879587118627,0.017550714727621985,0.005747126436781936,-0.0032073198528212066,-0.005649441568167871,-0.00198625899514849,-0.004021360424603965,-0.007684542997623441,0.002490964149653081,0.025284100159551938,0.03708768845039293,0.010224349581582843,-0.026407476148611914,-0.06955162645306258,-0.10252026961023758,-0.13386083162384801,-0.19450685422161446,-0.36097815115105375,-0.6023411806844462,-0.8762658330891215,-1.0,-0.8742307316596667,-0.6271694181238,-0.3642343134381824,-0.1330467910520666,0.04685617531177713,0.16692715964963697,0.22675914167562167,0.2625769268340336,0.28496304255804145,0.3077561785679403,0.3053140568525937,0.3032789554231383,0.2874051642733875,0.2788577382696754,0.26135586597636057,0.2446680342548275,0.2300153039627493,0.2263521213897302,0.2251310605320572,0.222688938816711,0.205594086809287,0.19826772166324796,0.18727817394418936,0.17181140308032983,0.1571586727882525,0.1400638207808281,0.12052684705805754,0.10221093419296036,0.10628113705187084
0.0070533539255173035,0.006257264317671691,0.004665085101979549,-0.03434330568248896,-0.007276259015715498,0.01262598118044119,0.04048911745506063,0.06437180569044813,0.08188577706306614,0.07153661216106472,0.06596398490614194,0.0484500135335232,0.06914834333752586,0.08745840431798967,0.07074052255321818,0.05641090961198538,0.026955594121674174,-0.14261149234957943,-0.4801534860763938,-0.8280446447052084,-1.0,-0.8774022003916765,-0.6290222427436447,-0.3854188227426894,-0.17763943509481567,-0.028770678427564512,0.06676007451398792,0.1360198703966125,0.17343608196538665,0.20687184549493015,0.22995844412247113,0.22438581686754705,0.2156288311812387,0.19731877020077396,0.1941344117693895,0.21642492078908449,0.2458802362793959,0.21164838314200696,0.1973187702007745,0.16786345471046313,0.16627127549477005,0.17343608196538682,0.16865954431830912,0.1455729456907674,0.10019583804353031,0.08347795627875883,0.09303103157291337,0.0954193003964526,0.08984667314152946,0.07710923941598898
0.018677936035894512,0.04606876402149418,0.000417384045493824,0.03954713831063808,0.027808212031095316,-0.0034955913810206323,-0.004799916523191308,0.026503886888923727,0.07476391714926757,0.11650232169875316,0.11128502113006712,0.11780664684092446,0.10737204570355327,0.12693692283612432,0.15693640110606807,0.18563155423383995,0.14519747482652473,0.046068764021495096,-0.2369697918297082,-0.7273960452861681,-1.0,-0.8539155840767977,-0.5213126728230812,-0.23957844211405105,-0.029582094224448716,0.0878071685709813,0.12432827255178237,0.13867584911566863,0.15824072624823937,0.16476235195909672,0.15824072624823907,0.14128449940001087,0.14128449940001087,0.12171962226743889,0.09824176970835309,0.08650284342881003,0.05911201544320944,0.03954713831063777,0.04476443887932351,0.07737256743361044,0.09824176970835248,0.10737204570355388,0.06041634058538103,0.04998173944800925,0.04346011373715162,0.0369384880262952,0.04476443887932442,0.04998173944800954,0.07215526686492439,0.06432931601189518
-0.0008520652438534245,-0.008966972328167035,-0.0049095187860101145,-0.03331169358110905,-0.028239876653413255,-0.013024425870323961,-0.014038789255863311,-0.02316805972571651,-0.016067516026942244,-0.01911060618355888,-0.04244096405096225,-0.03736914712326527,-0.027225513267873196,0.00117666152722504,0.024507019394627943,-0.04345532743650113,-0.22096891990586737,-0.44412886472449886,-0.6703318996997475,-0.878276393735291,-1.0,-0.9391381968676457,-0.722064432362249,-0.4836890367605295,-0.24125618761665246,-0.038383510508804855,0.1097135437799238,0.21114988233384713,0.2963564067191426,0.3247585815142413,0.3217154913576242,0.3136005842733101,0.3014282236468396,0.308528767345614,0.31867240120100637,0.3237442181287022,0.310557494116693,0.29635640671914304,0.2862127728637503,0.26491114176742725,0.23752333035786716,0.2131786091049261,0.19694879493629766,0.2162216992615439,0.20404933863507288,0.20202061186399536,0.17463280045443555,0.15941734967134671,0.15840298628580737,0.17463280045443555
-0.01102464332036393,0.010978321289605167,0.041087641282193534,0.046877895126923544,0.03761348897535709,0.020242727441171084,-0.009866592551418089,-0.006392440244581105,-0.00407633870668942,-0.022605151009820457,-0.030711506392441888,-0.011024643320364201,0.015610524365388258,0.012136372058550738,-0.03765981100611558,-0.10366870483602127,-0.1893644617380041,-0.3723364832314273,-0.6062627385584598,-0.8598758569575691,-1.0,-0.8645080600333528,-0.5912080785621656,-0.3318047063183269,-0.1233555679080992,0.00518806744487704,0.07235501204372774,0.12446729664628547,0.17657958124884238,0.21132110431721443,0.2194274596998348,0.2576431350750424,0.2935427089123594,0.3329164350565134,0.3236520289049486,0.26111728738188017,0.21595330739299667,0.21711135816194335,0.20205669816564764,0.174263479710951,0.16268297202149448,0.16036687048360332,0.1823698350935711,0.19395034278302842,0.19510839355197426,0.2008986473967029,0.22290161200667044,0.2101630535482688,0.1997405966277563,0.17542153047989684
-0.03415783274440565,-0.051171312655412304,-0.030886009684596965,-0.06360424028268641,-0.06491296950660981,-0.060332417222877716,-0.04528203114775588,-0.01648998822143668,0.0005234916895692095,0.003140950137416036,0.001177856301531376,-0.0047114252061245905,-0.030231645072634497,-0.06033241722287742,-0.10155738777646979,-0.15325219212145086,-0.2343934040047125,-0.3940583693233875,-0.6198141604502025,-0.8750163591152987,-1.0,-0.8809056406229555,-0.5969113990315402,-0.3089909697683557,-0.07014788640230392,0.08820834969244871,0.20795707368145563,0.26423243031016874,0.2858264625049076,0.31265541159534094,0.3388299960738126,0.3211621515508441,0.3231252453867292,0.3257427038345771,0.3028399424159143,0.2982593901321822,0.2923701086245259,0.27143044104174935,0.25638005496662813,0.24852767962308628,0.24002093966758334,0.21973563669676813,0.1955241460541815,0.18112812459102245,0.1608428216202074,0.13466823714173626,0.12027221567857704,0.11111111111111194,0.10783928805130295,0.08362779740871659
-0.05135017486978739,-0.04234400564386626,-0.035589378724426725,-0.01607601206826731,-0.012323441557467854,-0.005568814638027795,0.010942495609491893,-0.016826526170427198,-0.0318368082136271,-0.026583209498507173,-0.007069842842347399,-0.004067786433706967,0.004187868690052354,0.0026868404857322186,-0.058855315891385776,-0.18269014274778306,-0.3177826811365796,-0.45737830413833597,-0.6427552873718511,-0.8656579757133644,-1.0,-0.8634064334068845,-0.6194893502048922,-0.35605890034673887,-0.15191906455922424,-0.014574983863946652,0.08899596223413078,0.16479788655228952,0.21358130319268778,0.23234415574668751,0.25861214932228593,0.29313579802164524,0.2976388826346057,0.27812551597844587,0.27587397367196625,0.27812551597844604,0.2946368262259652,0.2976388826346057,0.31114813647348494,0.28262860059140626,0.26911934675252613,0.2826286005914061,0.28037705828492626,0.2563606070158061,0.22934209933804794,0.21283078909052788,0.18581228141276834,0.17005148526740893,0.15954428783716904,0.14903709040692936
0.018454367953643726,-0.016816778988473873,0.01152610694715644,0.00963658121811421,-0.022485356175600116,-0.05649681929835681,-0.06846381558229032,-0.06090571266612128,-0.05460729356931532,-0.04641934874346626,-0.031303142911130205,-0.010518359891667921,-0.00044088933677707663,0.020973735592366538,0.024122945140769375,-0.01744662089815491,-0.08609938905334848,-0.23726144737670954,-0.4879385274296171,-0.8198652138313292,-1.0,-0.879070353341312,-0.5969011778043724,-0.3084335831706261,-0.06846381558228944,0.10285318385085421,0.20488757321912254,0.2584241355419796,0.29306544057441614,0.3214083265100464,0.3409334257101477,0.31699943314228246,0.3056622787680298,0.3056622787680301,0.2741701832839964,0.23511998488379524,0.19292057693519007,0.17339547773508868,0.17213579391572795,0.1721357939157282,0.1847326321093413,0.1683567424576442,0.12741701832840022,0.10474270957989629,0.10033381621213125,0.10789191912829971,0.10600239339925734,0.08584745228947564,0.0656925111796941,0.06443282736033216
-0.016145307769930187,-0.036021160138214735,0.0052594563189910775,-0.04519463046203803,-0.06430602697000387,-0.052839189065224446,-0.009265205027062136,0.039659970033330265,0.06412255756352674,0.06259364584288912,0.10158089471913846,0.14362596703666422,0.15585726080176182,0.15050606977953102,0.12986576155092866,0.08629177751276582,0.028193132128551006,-0.10099990826529795,-0.40066660551019934,-0.8249396079870354,-1.0,-0.8402287251934076,-0.5474421306913749,-0.2882915940433621,-0.09717762896370583,0.02666422040791305,0.10158089471913863,0.1344524967128402,0.15815062838271726,0.1772620248906831,0.18872886279546325,0.21854264134788964,0.2315383909733056,0.2254227440907568,0.22007155306852633,0.1971378772589689,0.17191083386845354,0.16885301042717923,0.1466837904779387,0.15662171666208108,0.15891508424303666,0.14286151117634519,0.1237501146683795,0.10998990918264429,0.07864721890958049,0.061064734122252766,0.05418463137938419,0.051126807938110766,0.03736660245237412,0.014432926642815265
-0.012442927370064482,-0.04891106151444881,-0.05693405102621417,-0.05182851224599974,-0.049640424197337094,-0.04818169883156104,-0.04161743468557209,-0.01900719151605327,-0.028488906393593662,-0.034323807856695525,-0.04015870931979688,-0.03578253322247057,-0.006608025906962454,0.006520502385015457,0.002144326287689657,-0.025571455662042733,-0.08610855834172108,-0.22687555613904656,-0.4734001429550859,-0.8030720756203232,-1.0,-0.8957011363470596,-0.6200020422155123,-0.35086721222995365,-0.1298703193149837,0.021107756042770112,0.10790191530640529,0.1720858314005222,0.21365950432512062,0.23772847286041446,0.25450381456683174,0.25887999066415796,0.2610680787128214,0.27419660700479964,0.28440768456522714,0.2785727831021258,0.2632561667614848,0.2632561667614841,0.25231572651816847,0.23772847286041482,0.22314121920266153,0.21511822969089614,0.19615479993581672,0.191049261155603,0.17646200749784866,0.1640628418887587,0.14874622554811612,0.14509941213367775,0.12467725701282226,0.111548728720844
-0.05369297083751302,-0.050630488542488264,-0.0276618713298059,-0.023450958174147905,-0.03646650792800137,-0.04220866223117174,-0.029193112477318362,-0.015794752436587706,-0.006224495264636705,-0.0008651512483441447,0.0018145207598023628,-0.00966978784653873,-0.03646650792800147,-0.05713826341941496,-0.0682397617388778,-0.11570823731175374,-0.2707464034973555,-0.5126825048042691,-0.7461967797998665,-0.9131020648786874,-1.0,-0.9391331643863933,-0.7687825867256702,-0.550963533492072,-0.32548827452091306,-0.1329347002212647,0.022869086538093386,0.14804805034720908,0.242219380919204,0.2996409239509085,0.3478750200975403,0.37773422247402627,0.4079762351373904,0.4236714568993899,0.42558550833377967,0.4152496305880728,0.40453094255548844,0.3857732384984645,0.3784998430477821,0.37160925788397764,0.3513203126794424,0.31878143829480965,0.27705511702510494,0.23303193403413144,0.1993446287888653,0.16450889268296479,0.14383713719155136,0.13732936231462486,0.13579812116711254,0.11933727883135724
-0.02120644301106247,-0.018503837699542277,-0.021656877229648926,-0.014449929732261781,-0.012648192857914393,-0.015801232388021877,-0.022557745666822775,-0.039674245973118305,-0.04552989081474546,-0.04913336456343908,-0.05543944362365321,-0.05228640409354636,-0.05769161471658717,-0.06264639112104056,-0.06670029908832181,-0.08201506252026963,-0.10228460235667211,-0.16354365608446594,-0.3802025152246766,-0.7914489567943502,-1.0,-0.8986523008179889,-0.7099203632301541,-0.5856005189002198,-0.5428092681344816,-0.46083024035169873,-0.25903571042484946,-0.0036395084861808027,0.2094158769053368,0.344546142481352,0.3994991171489313,0.43057907823141506,0.4328312493243486,0.4188677885481602,0.39859824871175803,0.38778782746567664,0.3720226298151416,0.35130265576015246,0.3157183524918019,0.2796836150048647,0.25445929876400863,0.24815321970379473,0.24905408814096783,0.23599149580195344,0.22247846924435186,0.21392021909120443,0.20581240315664318,0.19365067925480203,0.1855428633202407,0.1859932975388278
-0.028901576758967568,-0.026860024362525554,-0.02107562590593907,-0.0241379545006024,-0.031963905353631215,-0.023457437035121414,-0.014950968716612167,-0.00814579406180444,-0.009166570260025682,-0.02311717830238124,-0.02788080056074672,-0.021415884638679484,-0.009506828992766253,-0.013589933785650432,-0.056462534110938274,-0.12043117586612861,-0.20413482412026132,-0.30212933914948936,-0.49097293582039814,-0.8080940747344278,-1.0,-0.8788678911444261,-0.5801207237983761,-0.27592941672848054,-0.0421716673358423,0.1051603639407409,0.20689772503011294,0.2521521364845828,0.26814429692338054,0.27597024777640894,0.28413645736217796,0.28209490496573575,0.27052610805256283,0.2555547238119867,0.2382015284422273,0.23547945858030422,0.23343790618386231,0.22935480139097775,0.21744574574506467,0.20315487896996895,0.19771073924612273,0.19362763445323836,0.1905653058585751,0.18376013120376763,0.16470564217030673,0.14497063567136484,0.1259161466379038,0.10652139887170246,0.09291104956208757,0.08508509870905867
-0.00481425594596558,-0.03283753682546514,-0.047926995760581015,-0.034274628152619814,-0.038585902134080655,-0.0285262628440043,-0.009844075591003924,-0.007688438600272752,-0.03427462815261948,-0.08169864194869693,-0.12050010778185104,-0.1513975713156581,-0.17223539555938883,-0.1707983042322353,-0.1787023065315813,-0.21462958971042756,-0.2879212473952732,-0.41797801250269606,-0.6443198965294257,-0.8850326938276928,-1.0,-0.8756916002011927,-0.5875547891068489,-0.25271250988000415,0.05266939714018788,0.240928360997342,0.34296184522526435,0.39469713300280296,0.39254149601207167,0.3867931307034568,0.3666738521233027,0.3551771215060719,0.34583602787957235,0.3364949342530727,0.33649493425307253,0.3278723862901495,0.30990874470072693,0.26895164187684256,0.21146798879068876,0.17697779693899618,0.17122943163038085,0.1575770640224193,0.14105051376015026,0.14679887906876543,0.15470288136811214,0.15398433570453463,0.13673923977868843,0.12164978084357271,0.12596105482503506,0.1238054178343044
-0.030486438018381204,-0.03609056265411374,0.04423522379137764,-0.00993798102069873,0.033026974519913,0.03302697451991344,0.016214600612716713,-0.023014271837406234,-0.03982664574460079,-0.04916685347082168,-0.09586789210192263,-0.12015243219009261,-0.1593813046402173,-0.16311738773070392,-0.14443697227826516,-0.13509676455204472,-0.18926996936412066,-0.31442875289546707,-0.5460659045057172,-0.8486886348352393,-1.0,-0.8505566763804835,-0.5516700291414498,-0.2714637973548554,-0.07158335201374963,0.06478368078906185,0.1693940073227245,0.23477546140626243,0.28334454158260497,0.3057610401255329,0.3356497048494359,0.34312187103041214,0.3580662033923651,0.3431218710304126,0.3169692893969967,0.3001569154898009,0.28147650003736213,0.2627960845849212,0.2908167077635808,0.3020249570350459,0.2627960845849225,0.21049092131809116,0.17313009041321153,0.15258163341552777,0.12269296869162528,0.07972801315101442,0.05917955615332976,0.07785997160576978,0.09840842860345314,0.0946723455129648
-0.07706985233117701,-0.029367844698855977,-0.06255185000829694,-0.06151484984237703,-0.07188485150157727,-0.05840384934461637,-0.044922847187656434,-0.029367844698855734,-0.006553841048614512,-0.007590841214535141,-0.021071843371495792,0.00900116144018474,0.04840716774514753,0.07329517172722759,0.07433217189314772,0.055666168906587335,0.010038161606105607,-0.11647585863613884,-0.43379790940766727,-0.8340799734527962,-1.0,-0.8392649742823959,-0.5654969304795102,-0.281358885017423,-0.06566285050605665,0.06085116973618804,0.16558818649411045,0.25788120126099284,0.3024722083955549,0.30869420939107406,0.30765720922515416,0.2983242077318738,0.30143520822963427,0.2734362037497928,0.24336319893811226,0.23403019744483244,0.2340301974448322,0.2122531939605116,0.17181018748963062,0.15210718433715004,0.13447818151651003,0.13862618218018963,0.13655218184835055,0.09507217521154913,0.06292517006802686,0.05566616890658685,0.06292517006802711,0.06603617056578778,0.04944416791106791,0.010038161606105364
-0.00941018316249364,0.00487313056629109,-0.03461603091917408,-0.03209544614350662,-0.015291547639053259,-0.02705427659217073,-0.021172912115611703,-0.010250378087716583,-0.0035288186859353966,0.0023525457906232445,0.006553520416736001,-0.001008233910267742,-0.02369349689127994,-0.04553856494706881,-0.03881700554528664,-0.017812132414720717,-0.029574861367837994,-0.19677365148714654,-0.5185683078474217,-0.8462443286842545,-1.0,-0.9117795328516218,-0.6983700218450687,-0.47487817173584357,-0.306839186691314,-0.16904721895479904,-0.06654343807763434,0.006553520416736975,0.07208872458410358,0.13930431860191625,0.19895815829272478,0.23004537052596288,0.2678541421609814,0.3107040833473372,0.31070408334733757,0.2981011594689975,0.31742564274911833,0.31070408334733773,0.33254915140312624,0.3191060325995636,0.3048227188707791,0.2905394051419934,0.28297765081499027,0.2544110233574194,0.24012770962863506,0.234246345152076,0.22920517560074055,0.20315913291883872,0.1729121156108224,0.15862880188203826
-0.020564704588568548,-0.017815412531273472,-0.0185027355455972,-0.021939350617216323,-0.02743793473180727,-0.0329365188463971,-0.0370604569323406,-0.03568581090369298,-0.031561872817749484,-0.028812580760454252,-0.04393368707557852,-0.03843510296098806,-0.006818244302092368,0.017238061199241022,0.04816759684381298,0.06466334918758439,0.030297198471393304,-0.10716740439336941,-0.41646276083908434,-0.8082368790036569,-1.0,-0.9065240700519615,-0.6762708602534838,-0.39584307040936945,-0.16352789156792222,0.015176092156269833,0.12171115937646093,0.18494487669425133,0.24817859401204176,0.29216726692876555,0.3052264042009186,0.29629120501470885,0.2887306518571465,0.28598135979985134,0.28254474472823266,0.2729222225276994,0.2502405630550136,0.2433673329117753,0.22618425755368002,0.1945673988947848,0.18563219970857572,0.16295054023588945,0.144392818849147,0.1237731284194326,0.11346328320457523,0.09971682291809857,0.09215626976053723,0.0907816237318901,0.07840980947406072,0.0756605174167655
0.03655596835030166,-0.01732792603726516,-0.00031195938855885794,0.006778026715067198,0.01812200448087008,0.0067780267150665385,0.013868012818694575,0.015286010039420185,0.009614021156519074,-0.015909928816539555,0.0011060378321654262,-0.01590992881654021,-0.0074019454921872285,-0.007401945492186568,-0.0003119593885601802,0.009614021156518085,-0.027253906582343425,-0.11800572870877242,-0.40727716173676404,-0.8057343807606133,-1.0,-0.8071523779813399,-0.47392303111086,-0.1974135730693985,-0.02299991492016759,0.09327585717932002,0.1570857321119651,0.2067156348373571,0.2450015597969432,0.2237316014860624,0.21380562094098415,0.20387964039590556,0.18969966818865044,0.18686367374719925,0.1670117126570437,0.16417571821559349,0.19820765151300443,0.19111766540937575,0.19962564873372937,0.17268370153994614,0.1556677348912405,0.11596381271092678,0.11596381271092746,0.13156178213890746,0.13865176824253453,0.09611185162077059,0.05498993221973225,0.043645954453928375,0.06633390998553645,0.07484189330988976
-0.013150906116552655,0.026153094393336622,0.03996260808600167,0.019779472689031918,0.005969958996367624,-0.008901824980348368,-0.037583122649728164,-0.057766258046699395,-0.02271133867301168,-0.004652743844144082,0.01765493212092904,0.037838067517899025,0.03252671609764354,0.01765493212092879,-0.03227177122947268,-0.07688712315961818,-0.12362701565786584,-0.2117954492341051,-0.4476194522934428,-0.7971063757462464,-1.0,-0.8374726465401875,-0.4911725339395366,-0.13637425906647818,0.11750833882173049,0.2725998002931874,0.3331492064840986,0.32677558477979196,0.31721515222333246,0.2927829356901579,0.24816758376001266,0.21523720495442908,0.2056767723979703,0.22798444836304294,0.21523720495442958,0.21842401580658266,0.20673904268202176,0.1738086638764379,0.15787460961567099,0.14087828507085384,0.11644606853767907,0.08564023030019786,0.06120801376702284,0.038900337801950714,0.03146444581359359,0.04102487837005286,0.01871720240497974,0.0017208778601630903,0.007032229280418074,0.0293399052454907
-0.04937199266520601,-0.034206063614178966,0.004398119424797489,0.0023300381905670144,0.015427886007362304,0.05265334822351818,0.06506183562890326,0.07333416056582723,0.09401497290813546,0.07678096262287812,0.06230439398326209,0.06506183562890343,0.09470433331954616,0.14089148088403672,0.1319297955357019,0.07333416056582706,-0.04937199266520601,-0.25342267444265326,-0.5429540472349762,-0.8407577449642225,-1.0,-0.910383146516662,-0.6684176421116492,-0.39680964001599445,-0.19758448111841928,-0.06246984048200097,0.05403206904633843,0.14571700376390787,0.21120624284788592,0.22706153231032236,0.23809129889288733,0.2380912988928872,0.22499345107609173,0.2256828114875016,0.24912106547545168,0.24360618218416982,0.2146530449049376,0.19328287215121898,0.18638926803711592,0.19741903461968027,0.18707862844852596,0.1891467096827569,0.17880630351160232,0.16019357240352503,0.12641491224442006,0.09194689167390516,0.05196398781210812,0.07195543974300696,0.07540224180005899,0.07126607933159627
0.0049570940598175186,0.010164125635258071,0.01016412563525686,0.013288344580521624,0.016412563525784938,0.0049570940598180025,0.005998500374906503,0.01120553195034584,0.019536782471048255,0.026826626676663863,0.004957094059817763,-0.027326501707907506,-0.07002416062651072,-0.05544447221527999,-0.004415562775972664,0.07473131717070762,0.13305007081563056,-0.0033741564608851357,-0.3991085561942861,-0.8052570190785647,-1.0,-0.837540614846289,-0.5584437224027342,-0.29184370574023405,-0.08876947429809375,0.03203365825210272,0.08306256769141077,0.12784303924019,0.1528367908022999,0.19657585603599165,0.24135632758477163,0.2798883612430233,0.30904773806548425,0.3100891443805727,0.2903024243939029,0.24864617179038698,0.20803132550195907,0.17783054236441004,0.14346413396650948,0.15491960343247546,0.1642922602682666,0.14033991502124496,0.1236774139798389,0.11951178871948809,0.0882695992668501,0.043489127718070376,0.02266100141631253,0.023702407731400546,0.05806881612930112,0.06535866033491623
-0.012209598100729326,-0.019840596913685334,-0.031711039511616246,-0.023232151941665457,-0.039342038324572254,-0.07071392233338969,-0.09699847380023766,-0.1148041376971354,-0.09275903001526334,-0.05375614719348988,-0.022384263184670277,0.0022045107681873204,-0.011361709343734741,-0.03255892826861123,-0.03171103951161645,-0.06308292352043546,-0.10886891639816994,-0.25809733762930454,-0.5421400712226567,-0.8490758012548757,-1.0,-0.8991012379175852,-0.6591487196879775,-0.4302187552993061,-0.2428353400033919,-0.08597591995930172,0.05053416991690694,0.15397659827030757,0.19976259114804185,0.2463964727827713,0.28709513311853513,0.30405290825843706,0.31337968458538284,0.34305579108021134,0.3489910123791764,0.3549262336781423,0.35662201119213277,0.33542479226725513,0.27776835679158995,0.2463964727827717,0.2463964727827717,0.23198236391385565,0.2031541461760228,0.20569781244700733,0.20400203493301797,0.21163303374597278,0.19128370357809146,0.1743259284381891,0.15567237578429716,0.14719348821434639
-0.014926495469413279,0.007632439748843907,0.06214986652630049,0.043350753844418694,0.007632439748844344,-0.03936534195586057,-0.06568409971049403,-0.107042147610633,-0.1465202842425854,-0.22359664623829958,-0.2611948716020623,-0.24239575892018095,-0.22923638004286376,-0.2781140730157553,-0.2799939842839428,-0.23675602511561675,-0.206677444824607,-0.29127345189307113,-0.51686280407565,-0.8326878971312563,-1.0,-0.8270481633266921,-0.5074632477347082,-0.19727788848366437,0.03019137496710284,0.16930480881302484,0.20690303417678757,0.23322179193142234,0.23698161446779772,0.2820994849043125,0.3272173553408287,0.3328570891453933,0.3234575328044524,0.3272173553408287,0.3460164680227096,0.31217806519532315,0.2689401060269958,0.2670601947588092,0.2839793961725009,0.26706019475880793,0.24074143700417358,0.24074143700417402,0.2351017031996107,0.24450125954055069,0.2520209046133037,0.22946196939504607,0.22382223559048145,0.20126330037222384,0.1787043651539662,0.12230702710832168
0.04495245523680601,0.07592250605063054,0.035202624425046666,0.0638785974008103,0.06445211686032508,0.04609949415583639,0.022585196315710564,0.007100170908798366,0.018570560099103548,0.024305754694256408,0.02717335199183237,0.02373223523474135,0.027746871451348097,0.030614468748924723,0.03405558550601615,0.03634966334407692,0.028893910370379017,-0.1133389155894067,-0.4792443307601423,-0.8548995767426388,-1.0,-0.9197072756678633,-0.7424897626776478,-0.544625549144882,-0.37658434750691117,-0.2527041442516152,-0.1552058361340207,-0.06344272261157845,-0.005517257200536932,0.04495245523680601,0.08681937578142065,0.12295110173088244,0.157362269301798,0.1768619309253168,0.19349399525125954,0.20037622876544237,0.19062639795368302,0.17800896984434733,0.18833232011562173,0.2032438260630186,0.2324933184982974,0.25428705795987677,0.28869822553079255,0.32310939310170783,0.3391679379681354,0.33974145742765066,0.33859441850862,0.3408884963466808,0.343756093644257,0.35235888553698624
0.027207107162686928,-0.003427214765743995,-0.020659020850485467,-0.030232246453120438,-0.03023224645312066,-0.004384537326006669,0.013804591318998813,0.026249784602423363,0.026249784602423137,0.02337781692163312,0.04635355836795598,0.08847575101954899,0.12389668574929662,0.15836029791878134,0.1449577820750928,0.08081717053744138,-0.002469892205480434,-0.12117788967814942,-0.41220394799824034,-0.8257672940320516,-1.0,-0.8583162610810094,-0.5644182350801293,-0.2666909188381955,-0.0455494074173359,0.09326236382086636,0.15165903999693708,0.19378123264852917,0.24164736066170203,0.26175113442723486,0.2435620057822298,0.23111681249880436,0.22058626433590608,0.1909092649677389,0.17176281376247032,0.17176281376246988,0.16984816864194321,0.15931762047904535,0.1392138467135123,0.11240881502613452,0.09134771870033812,0.08081717053744093,0.05592678397059094,0.03678033276532145,0.05975607421164543,0.0750732351758609,0.08368913821823185,0.058798751651381646,0.0664573321334897,0.06454268701296145
0.01974495170218902,0.04215692866267744,0.04327752751070142,0.04551872520675096,0.03879513211860311,0.018624352854164767,0.01862435285416581,0.007418364373921209,-0.03740558954705484,-0.07550595037988356,-0.08895313655617641,-0.07998834577198108,-0.09343553194827367,-0.1270534973890059,-0.12257110199690864,-0.14274188126134726,-0.1909276317263955,-0.32764069118537187,-0.5786548331428324,-0.8677693359331241,-1.0,-0.8588045451489285,-0.592102019319126,-0.3310024877294446,-0.11024451466863901,0.05672471368699401,0.15197561576906762,0.1855935812097991,0.2427441224590432,0.24946771554718947,0.25282951209126175,0.27075909365965284,0.2909298729240918,0.3021358614043348,0.31334184988457936,0.30773885564445685,0.2954122683161885,0.2673972971155793,0.26067370402743306,0.2561913086353355,0.24946771554718947,0.22929693628275089,0.202402563930166,0.17662879042560456,0.16654340079338445,0.1486138192249946,0.13068423765660397,0.12396064456845898,0.1262018422645067,0.13292543535265325
0.05209624614602216,0.05209624614602179,0.029846476590063325,0.023489399574076038,-0.01147452401385959,-0.013063793267856783,0.0012396300181157231,0.007596707034105229,-0.0035281777438740023,-0.01783160102984651,-0.041670639839802535,-0.07345602491974267,-0.05597406312577504,-0.03531356282381562,-0.046438447601793366,-0.0909379867137103,-0.2005975652395047,-0.32456056705127195,-0.5629509551508245,-0.834715997584312,-1.0,-0.8903404214742071,-0.6344680715806884,-0.4135596452751032,-0.24827564285941525,-0.10524140999968243,0.02666793808206968,0.10295286227392675,0.17605924795778904,0.23486221035567847,0.2714154031976106,0.3032007882775511,0.3238612885795131,0.3302183655955,0.3381647118654856,0.32703982708750634,0.320682750071518,0.29684371126156306,0.2888973649915786,0.26346905692762573,0.23645147960967752,0.2221480563237039,0.20466609452973666,0.2062553637837331,0.17446997870379297,0.1617558246718173,0.1744699787037926,0.17288070944979653,0.14586313213184685,0.13473824735386836
-0.022445805931838588,-0.021977404305547763,-0.017293388042643423,-0.025724617315871535,-0.01635658479006199,-0.020103797800386094,-0.02197740430554787,-0.028535027073613984,-0.025256215689581037,-0.019635396174095484,-0.023851010810709974,-0.019166994547805637,-0.02759822382103321,-0.0290034286999047,-0.025256215689581474,-0.013077773406029366,-0.04399228074119893,-0.22854252149963486,-0.5704757086916603,-0.871189552770127,-1.0,-0.9283345511775617,-0.7578363592078388,-0.5676652989339174,-0.3765574354074154,-0.19715961253817516,-0.0491446986303942,0.06701890468963738,0.16397804133175992,0.25672156333726814,0.3157401682498642,0.35368069997938967,0.3742903715361696,0.36960635527326513,0.3653907406366516,0.3658591422629416,0.3607067243737466,0.3363498398066435,0.2988777097034084,0.26468439098420576,0.24547992430629723,0.25016394056920194,0.23704869503306927,0.22768066250726046,0.20285537631386705,0.19489254866692945,0.1836509096359587,0.17147246735240693,0.17475127873644006,0.167256852715793
0.031126529825575202,0.01586842696990114,-0.017056952876554118,-0.02749670746201598,-0.03311811377726433,-0.017056952876554305,-0.016253894831519095,-0.02348141723683824,-0.023481417236838054,-0.021875301146767254,-0.012238604606340795,-0.01304166265137694,-0.01143554656130577,-0.037133404002441694,-0.05720985512832908,-0.06684655166875518,-0.08049853843435807,-0.10940862805563673,-0.2668080048825933,-0.6787767819858015,-1.0,-0.8289486364074399,-0.4394654845652245,-0.09334746715492706,0.11464456650926784,0.22707269281423648,0.2503613761202658,0.2439369117599821,0.216632938228775,0.19254119687771024,0.17085862966175225,0.16363110725643273,0.16202499116636176,0.15319135267097125,0.13552407568019026,0.12909961131990705,0.13953936590536797,0.1274934952298357,0.11625068259933902,0.1074170441039485,0.11143233432912568,0.10982621823905432,0.1290996113199067,0.13552407568019062,0.1299026693649421,0.12187208891458698,0.11303845041919704,0.12106903086955213,0.11143233432912529,0.09456811538338046
-0.02410194314709236,-0.008245401602951707,-0.002479386495993149,0.023467681485325232,0.007611139941185928,0.007611139941185928,0.001845124834226697,0.013377155048145494,0.011935651271406774,-0.03130946203079064,-0.06302254511906959,-0.012569912933172219,0.02058467393184512,0.006169636164446538,-0.014011416709911944,-0.025543446923831075,-0.06734705644928844,-0.25762555497895645,-0.5675488669780331,-0.8630571412097106,-1.0,-0.8789136827538498,-0.6093524765034893,-0.3268177362624709,-0.12212419996540498,0.004728132387706813,0.124372945857119,0.18635760825693315,0.22960272155913092,0.23104422533587096,0.21662918756847105,0.20365565357781285,0.20653866113129332,0.22960272155913156,0.2454592631032699,0.22671971400565177,0.21230467623825255,0.19500663091737386,0.18347460070345437,0.19644813469411287,0.19212362336389338,0.19356512714063445,0.19500663091737352,0.21086317246151348,0.2223952026754323,0.21230467623825255,0.20653866113129332,0.18779911203367422,0.1589690364988774,0.10995790808971907
0.029388111486408096,0.006410698283586529,-0.011971232278670186,-0.010822361618529779,-0.02575768020036259,-0.024608809540222983,-0.025757680200364196,-0.01426897359895261,-0.010822361618529779,-0.03035316284092717,-0.040692998782197544,-0.02345993888008177,-0.016566714919234497,-0.0337997748213516,-0.047586222743044006,-0.03035316284092744,-0.03494864548149309,-0.14409135819489619,-0.4404999885112952,-0.8138829530571453,-1.0,-0.8736242273844813,-0.6231704234737265,-0.3451437237195853,-0.13604926357390767,0.011006180924152448,0.11440454033684869,0.1856345212655963,0.2040164518278541,0.20631419314813598,0.21435628776912338,0.2178028997495473,0.21895177040968825,0.2143562877691242,0.2109096757887003,0.1959743572068664,0.1913788745663016,0.2086119344684179,0.21550515842926515,0.20976080512855963,0.2132074171089822,0.22929160635095783,0.2304404770110993,0.2212495117299712,0.19367661588658375,0.17069920268376246,0.17184807334390365,0.16610372004319784,0.15231727212150492,0.15461501344178682
-0.037090763574519146,-0.04209288947802899,0.005427306605305966,-0.01333066553285254,-0.004576945201711691,-0.010829602581097764,-0.027086511767502656,-0.04834554685741506,-0.019583322912239194,-0.018332791436360643,-0.004576945201710817,0.01668208988820305,-0.0033264137258337237,-0.07085511342320515,-0.17715028887277245,-0.2684390866118111,-0.3297151289297956,-0.4172523322412037,-0.6048320536227909,-0.8524372858464844,-1.0,-0.8624415376535017,-0.5948278018157735,-0.28594652727409337,-0.044593952429782896,0.115474076482506,0.19925968536628116,0.2605357276842668,0.3055548608158476,0.3518245254233057,0.3805867493684822,0.37683515494085,0.3743340919890958,0.32681389590576027,0.24177775554610745,0.1867543706075087,0.18425330765575423,0.18925543355926347,0.22802190931145788,0.23802616111847644,0.2442788184978625,0.2467798814496164,0.23927669259435236,0.22176925193207211,0.18175224470400034,0.16424480404171896,0.14048470600005059,0.12422779681364626,0.1004676987719788,0.09296450991671562
0.011439933146990043,0.04745987378612893,-0.008731233610926745,-0.014494424113189448,-0.021698412241017494,-0.02746160274327919,-0.03754718612223859,-0.05195516237789334,-0.0620407457568524,-0.037547186122237924,-0.002968043108665715,0.008558337895858689,0.0013543497680306438,0.028729504653775474,0.07627582629743843,0.16848687433363366,0.3846065181684589,0.4984295305881343,0.07915742154857011,-0.677261331873325,-1.0,-0.7507420107771665,-0.38189781863239636,-0.062040745756851395,0.13102613606892843,0.25205313661643286,0.2592571247442599,0.23188196985851506,0.17136846958476334,0.13678932657119047,0.11085496931101131,0.09068380255309419,0.11229576693657664,0.15263810045241155,0.18289485058928742,0.1771316600870254,0.15840129095467392,0.11949975506440469,0.035933492781603855,-0.03754718612223658,-0.056277555254590036,-0.05051436475232733,-0.06636313863354944,-0.051955162377893674,-0.023139209866583504,-0.02458000749214784,-0.018816816989885805,-0.03466559087110791,-0.0663631386335491,-0.060599948131286725
0.0056568196103078915,-0.02693391065484222,-0.04672113974439696,-0.036245547873454804,-0.008310636217613816,-0.0071466815652863995,0.009148683567288521,-0.010638545522265945,-0.005982726912960063,-0.008310636217613276,-0.002490862955979164,-0.0024908629559794336,-0.025769956002514263,-0.05021300370137705,-0.07232814209558582,-0.07582000605256509,-0.11423050957934852,-0.22480620155038963,-0.4552692227110836,-0.8067835277137612,-1.0,-0.8358823940219288,-0.5204506832413817,-0.22131433759340874,0.020788230090555398,0.18257792676397558,0.27103848034080685,0.3129408478245698,0.30595711991060937,0.2989733919966492,0.308285029215262,0.28733384547338126,0.2780222082547665,0.265218707079173,0.2489233419465981,0.2500872965989247,0.24426752333729138,0.2198244756384294,0.1837418814163011,0.18141397211164761,0.17675815350234012,0.15231510580347893,0.09993714644877463,0.06152664292199203,0.04406732313709104,0.03941150452778353,0.046395232441743976,0.040575459180110685,0.013804502176595766,0.00914868356728825
-0.016861547358719635,-0.024090506569316838,-0.04848824390508372,-0.024994126470641222,-0.030415845878590076,-0.03131946577991467,-0.02951222597726485,-0.04397014439846073,-0.07017512153687785,-0.09005475936602134,-0.09276561906999513,-0.07469322104350085,-0.056620823017006154,-0.059331682720980376,-0.0891511394646961,-0.1252959355176842,-0.165055211175972,-0.24728462219651948,-0.47228597762637065,-0.8328303182549294,-1.0,-0.8454809968734753,-0.5789131259826861,-0.32047783420382053,-0.10903077729383957,0.03916288652341343,0.1475972746823782,0.1963927493539124,0.2018144687618606,0.22259772649232845,0.2677787215585634,0.2858511195850581,0.2777185404731355,0.2858511195850579,0.28946559919035675,0.26416424195326504,0.23886288471617292,0.23344116530822512,0.255128042940018,0.2605497623479656,0.25060994343339416,0.2406701245188223,0.2262122060976277,0.21085066777510703,0.19277826974861378,0.20000722895921078,0.1936818896499384,0.17741673142609354,0.16747691251152189,0.15301899409032602
0.0036286803546000564,0.00994442147811343,-0.019337651003629223,-0.019337651003628956,0.0007578889348213964,0.012815212897891825,0.013963529465803258,0.013963529465802857,0.0019062055027327003,-0.013596068164071901,-0.01302190988011625,-0.023356758991318918,-0.03369160810252212,-0.04976804005328237,-0.07905011253502396,-0.09570070276973947,-0.1123512930044559,-0.1823986036470537,-0.4201001332047218,-0.786987276652427,-1.0,-0.8311974645170178,-0.45914289651371104,-0.10775802673281017,0.11846033714574392,0.23444031050479935,0.26888980754214287,0.2631482247025861,0.2522392173074271,0.2367369436406229,0.22238298654173028,0.21262229571448285,0.22123466997381858,0.21606724541821715,0.19597170547976694,0.16381884157824667,0.13396261081254904,0.12075697028156746,0.14142666850397373,0.15233567589913233,0.15290983418308743,0.14544577649166368,0.12879518625694764,0.10984796288640847,0.09491984750355976,0.08688163152817985,0.07999173212071109,0.08228836525653452,0.08458499839235685,0.06965688300950842
-0.05040871934605069,-0.004087193460491296,-0.032697547683923654,-0.012261580381470927,-0.019073569482289457,-0.020435967302452777,0.0040871934604899225,0.04223433242506842,0.06130790190735751,0.07220708446866475,0.08855585831062655,0.11444141689373323,0.12670299727520506,0.0940054495912805,0.08038147138964565,0.019073569482288406,-0.11716621253406093,-0.34332425068119987,-0.6307901907356951,-0.8910081743869219,-1.0,-0.8814713896457773,-0.6975476839237069,-0.4727520435967317,-0.2547683923705739,-0.08446866485013763,0.0381471389645775,0.12261580381471414,0.2002724795640338,0.24523160762942894,0.26702997275204404,0.2615803814713904,0.28610354223433343,0.3147138964577665,0.34332425068120037,0.350136239782017,0.3569482288828343,0.33106267029972763,0.25068119891008195,0.22207084468664895,0.19891008174386987,0.2057220708446874,0.19346049046321587,0.17574931880109051,0.14986376021798473,0.13351498637602233,0.09400544959128113,0.050408719346049013,0.01634877384196112,0.0013623978201632806
-0.008876726957218377,-0.014716678902756731,-0.01555095775211963,-0.028899419341920973,-0.0297336981912831,-0.033905092438096626,-0.029733698191284064,-0.018888073149569674,-0.0005339384635919049,-0.0030367750116806033,-0.01304812120403132,-0.02556230394447054,-0.0314022558900089,-0.013048121204031126,-0.006373890409130455,-0.05976773676833796,-0.18490956417272977,-0.38930788226656987,-0.6462657678702534,-0.8940465861309485,-1.0,-0.8523326436628178,-0.5861976907161456,-0.3017086030834953,-0.09397316959220461,0.03367149436027493,0.1312821197356998,0.1946873122872584,0.21721284122004858,0.2338984182073013,0.23973837015284002,0.2514182740439156,0.2589267836881801,0.27144096642861953,0.28478942801842105,0.2797837549222456,0.2614296202362685,0.26059534138690577,0.2739438029767073,0.2756123606754325,0.25725822598945586,0.24390976439965317,0.22889274511112606,0.2072014950276984,0.18050457184809515,0.16298471601148026,0.1538076486684919,0.14296202362677846,0.12794500433825073,0.10792231195354794
-0.002613839592791818,-0.017746595130005077,-0.014995185032329387,-0.0191223001788418,-0.019122300178842123,-0.009492364836980245,-0.017746595130004116,-0.0081166597881432,0.02490026138395933,0.042784427018846674,0.0015132755537212383,-0.014995185032330346,-0.017746595130004438,0.002888980602557644,0.018021736139771864,0.00013757050488291304,-0.06727197688815535,-0.23510799284633632,-0.5143761177603532,-0.8390425092860104,-1.0,-0.8748108405557855,-0.5790342550557173,-0.2928876048975127,-0.0645205667904803,0.06066859265373499,0.12807814004677454,0.16109506121887576,0.16247076626771284,0.191360572293302,0.22988031366075237,0.2381345439537772,0.24776447929563972,0.2546430045398272,0.24363736414912732,0.23951024900261425,0.23813454395377753,0.24501306919796434,0.2463887742468027,0.22300178841656426,0.20924473792818868,0.191360572293302,0.1858577520979509,0.15421653597468735,0.11982390975374874,0.0675471178979231,0.08818269363048614,0.1253267299490998,0.1432108955839881,0.12395102490026243
-0.06609715485412425,-0.020246627573058975,-0.04558507685996325,-0.008180699341200692,0.005091821713843613,0.0014720432442866644,0.006298414537031045,-0.0069741065180149485,-0.026279591688989374,-0.021453220396245278,0.0014720432442869452,0.011124785829773736,-0.01662684910350174,-0.0443784840367775,-0.0745433046164256,-0.14211250271483428,-0.2096817008132455,-0.3086223123144877,-0.5366683558966212,-0.8310770047539754,-1.0,-0.8877868674437126,-0.6235430391660037,-0.3182750548999754,-0.098675161080143,0.055768720287651036,0.1800477810757981,0.278988392577042,0.355003740437752,0.3815487825478421,0.39602789642607267,0.38396196819421413,0.3344916624435927,0.2814015782234135,0.2693356499915546,0.24520379352783697,0.23555105094234963,0.23796423658872248,0.2548565361133235,0.2572697217596961,0.1969400806004016,0.1667752600207538,0.13661043944110657,0.13902362508747862,0.14867636767296596,0.10765221168464562,0.07145442698906909,0.04370279205579304,0.042496199232607015,0.06059509158039542
-0.028846069128362378,-0.03038793293332979,-0.03170953048044489,-0.03545405686393712,-0.042062044599512065,-0.045806570983004447,-0.042062044599512016,-0.041401245825954565,-0.037656719442462135,-0.035454056863937274,-0.035233790606084656,-0.032150062996149774,-0.030387932933329535,-0.03545405686393702,-0.048449766077234134,-0.0572604163913341,-0.12113763116855679,-0.35395906571864066,-0.670481678252672,-0.9002193851928207,-1.0,-0.9198230821416931,-0.73039410038855,-0.49514973700208814,-0.2636498999991191,-0.06474946915831843,0.07666146838298132,0.17688261570586522,0.2495704807971878,0.30045198636111364,0.3352540551018074,0.3597036097234339,0.37137772138961594,0.3751222477731084,0.371377721389616,0.3638886686226312,0.3515537581828914,0.32886633362408446,0.3059586428074254,0.28062802315438895,0.2641080538154518,0.2561784685327622,0.24340302557731758,0.22291826359703606,0.2048564304531317,0.18393113595714525,0.16124371139833846,0.13525229297174443,0.11300540092864284,0.0971462303632635
-0.014898058391238046,-0.016327814474852004,-0.0034600097223416704,0.03085413628434978,-0.002030253638728709,-0.012038546224013786,-0.03062537531097364,-0.04063366789625705,-0.030625375310972973,-0.019187326642074603,-0.020617082725686898,-0.020617082725687897,-0.0006004975551184092,-0.012038546224014452,-0.03777415572903412,-0.0592204969832159,-0.12498927682937387,-0.24365903176918152,-0.47813902948157183,-0.8327185382173803,-1.0,-0.8298590260501554,-0.5153126876554865,-0.19075805667553253,0.07231706270910139,0.2281604758228257,0.3268136455920625,0.36827657201681374,0.3668468159332028,0.3282434016756751,0.2796316948328627,0.2653341339967407,0.25961510966229223,0.2195819393211529,0.19384632981613426,0.1938463298161336,0.17525950072917673,0.14237511080609658,0.1066312087157935,0.07946584312716254,0.10234194046495729,0.1252180378027517,0.10520145263218088,0.07231706270910139,0.07231706270910272,0.10091218438134465,0.09376340396328484,0.09805267221412106,0.07517657487632698,0.053730233622143866
-0.024930522052877907,-0.030026703993368032,-0.03138568584416549,-0.03818059509815254,-0.03784084963545292,-0.033084413157662175,-0.030706194918766805,-0.026289503903675283,-0.01677663094809364,-0.015077903634596723,-0.021872812888583608,-0.034443395008459554,-0.0599243047109109,-0.09050139635385157,-0.13161059734047237,-0.17305954378979224,-0.24066889086696244,-0.3650157302149227,-0.6035170450298634,-0.8906019610108107,-1.0,-0.8702172332488499,-0.6194850817767326,-0.3622977665133281,-0.14757863408734162,-0.00012910327582564324,0.10621122654906937,0.18367319204452037,0.2387119570018145,0.2774429397495396,0.2971481765861014,0.3046225767654871,0.30734054046708204,0.3192316316615588,0.3246675590647483,0.3243278136020492,0.31447519518376804,0.3022443585265917,0.2930712310337092,0.27948141252573533,0.2703082850328531,0.26249413939076854,0.24482737533040244,0.22410290210574205,0.20711562897077487,0.19692326508979466,0.17993599195482754,0.15717304595397127,0.14018577281900413,0.1395062818936055
-0.02760178502561937,-0.013828439204451998,0.005454244945182113,0.022900482985326452,0.026573375204305347,0.011881806328392981,-0.0009733164380294001,-0.023928892806640692,-0.010155546985474816,0.014636475492625603,0.02565515214956036,0.021982259930582324,0.010963583273648634,0.029328044368537972,0.04952895157291557,0.09819477347437269,0.11288634235028334,-0.06341248416065368,-0.4371292674416482,-0.8136007198868752,-1.0,-0.8806310028832208,-0.6345472242117068,-0.38203588415698103,-0.1745174737847332,-0.0542302536132087,0.042183167134959496,0.14135125704736246,0.19919930949626372,0.2552109158356756,0.2836758305327541,0.28183938442326434,0.2818393844232645,0.27541182304005346,0.25612913889041994,0.2350100086312978,0.21480910142691934,0.19277174811305217,0.20746331698896367,0.18083484840137415,0.14594237232108526,0.13308724955466245,0.10921345013130616,0.09360365820064988,0.09176721209116118,0.0899307659816727,0.08533965070795095,0.08442142765320618,0.0963583273648842,0.10921345013130658
-0.01295270245477536,-0.030381976296188645,-0.035885957509265654,0.014567203610611422,0.02740982644112566,0.039335119069460224,0.018236524419329502,-0.023043334678751845,-0.02120867427439291,-0.0019447400286211206,0.008145892195354084,0.001724580780097601,-0.01387003265695504,0.013649873408431525,0.017319194217150034,0.009980552599713872,-0.029464646094008534,-0.16889883682530477,-0.4789564451620015,-0.8339632334054972,-1.0,-0.9183576120060178,-0.7238836091439484,-0.5018897002164905,-0.30466370674788185,-0.14871757237735414,-0.04505925953106161,0.028327156643305127,0.08428429897625986,0.1439107621179331,0.15675338494844757,0.18427329101383452,0.24665174476204532,0.27600631123179165,0.29251825487102356,0.31086485891461524,0.32370748174512987,0.307195538105897,0.29160092466884435,0.2842622830514069,0.26041169779473883,0.2539903863794819,0.25399038637948146,0.24114776354896747,0.23289179172935118,0.2264704803140945,0.20445455546178473,0.207206546068324,0.18243863060947496,0.1494147433310101
-0.049219940116615284,-0.04528024373588349,-0.055786100751169174,-0.09255660030467106,-0.06497872563954488,-0.03608761884750809,-0.0387140831013296,-0.047906707989704686,-0.05447286862425889,-0.055786100751169174,-0.046593475862794394,-0.05184640437043647,-0.025581761832221807,0.03482691600567354,0.07028418343226359,0.02957398749803024,-0.06891842202027758,-0.26196354467615807,-0.5469349162157904,-0.8476650732783523,-1.0,-0.8791826443242106,-0.6152229868151499,-0.3407574722908036,-0.12407417135052931,0.023007826863476348,0.13069286127015894,0.22393234228082193,0.28434102011871665,0.3066659662761995,0.29616010926091324,0.3027262698954668,0.3040395020223778,0.29616010926091385,0.3158585911645743,0.335557073068236,0.3211115196722173,0.2856542522456279,0.2436308241844824,0.23575143142301885,0.22524557440773282,0.21999264590008988,0.20817355675789298,0.17534275358512438,0.13200609339706984,0.09260912958974649,0.0637180227977097,0.07685034406681811,0.062404790670800334,0.053212165782424325
0.07310229545386723,0.014895077758872072,0.01041759947464229,0.010417599474642984,-2.98498552289393e-05,0.007432613951821047,0.04325244022566521,0.058177367839765876,0.08802722306796859,0.12683203486463018,0.15817438285424248,0.17608429599116335,0.17011432494552434,0.2253365571176979,0.2522014268230804,0.24175397749320918,0.06713232440822683,-0.19554640159995237,-0.5074773887346651,-0.8089609265395066,-1.0,-0.85970568042745,-0.5059848959732556,-0.14330915495059865,0.11041461448911923,0.2581713978687201,0.35219844183755666,0.3372735142234553,0.2641413689143619,0.1939942091280863,0.13578699143309184,0.08205725202232785,0.06862481716963745,0.07160980269245766,0.05519238231694671,0.011910092236053955,0.019372556043103593,0.026835019850153227,0.026835019850153925,0.05817736783976622,0.023850034327332677,0.004447628429001886,-0.005999820900868302,0.02982000537297482,0.04474493298707479,0.04772991850989569,0.01489507775887242,0.017880063281694013,0.02385003432733337,0.02385003432733337
-0.010131385816059444,-0.0029713958400454294,-0.06741130562417325,-0.06562130813016911,-0.053091325672144786,-0.024451365768088727,-0.033401353238105204,-0.028031360756094484,-0.05130132817813941,-0.024451365768088727,-0.004761393334049556,-0.019081373286078424,-0.03519135073211184,-0.015501378298071,-0.036981348226113465,-0.05130132817814107,-0.07099130061218024,-0.10321125550424333,-0.33591092972470094,-0.7529803458275179,-1.0,-0.7869902982135837,-0.3878208570508032,-0.10858124798625446,0.036408549028031666,0.07757849139011246,0.09905846131815493,0.12232842874019985,0.1706583610782955,0.18139834604231736,0.17244835857230006,0.15096838864425757,0.15454838363226336,0.15096838864425635,0.14201840117423944,0.11695843625818998,0.10442845380016565,0.11695843625818998,0.1867683385243281,0.2637382307664777,0.28521820069452064,0.2870081981885239,0.2673182257544847,0.28700819818852347,0.24941825081445052,0.2100383059463718,0.1420184011742386,0.0990584613181541,0.011348584111981776,-0.015501378298071829
-0.021364576154377448,-0.029634734665748088,0.005513439007580621,0.005513439007580942,0.011716057891109919,0.026878015161957248,0.011716057891109603,0.0027567195037899775,-0.0006891798759482026,0.013094417643004518,-0.005513439007581139,-0.03997243280496279,-0.06340454858718236,-0.0792556857339777,-0.10613370089593496,-0.14472777394900235,-0.20606478290834074,-0.3156443831840128,-0.5506547208821518,-0.8511371467953139,-1.0,-0.863542384562371,-0.6140592694693329,-0.35906271536871326,-0.13990351481736876,0.036526533425224245,0.15506547208821586,0.19917298414886356,0.2432804962095114,0.2674017918676782,0.260509993108202,0.252239834596831,0.26809097174362606,0.2970365265334256,0.3142660234321165,0.308063404548588,0.2839421088904211,0.26602343211578294,0.2543073742246735,0.23914541695382568,0.2281185389386633,0.2115782219159201,0.19848380427291618,0.1826326671261202,0.1764300482425925,0.15024121295658308,0.13439007580978743,0.13645761543763021,0.1343900758097871,0.11578221915920128
0.0015308185546760663,-0.02085379238634429,0.004419155450291731,-0.0013575183409401043,0.004419155450291059,-0.007134192132170595,-0.02157587661024791,-0.028074634625383198,-0.025186297729767194,-0.05045924556640355,-0.04540465599907736,-0.041794234879556885,-0.024464213505863912,-0.030240887297095072,-0.05045924556640355,-0.05984634047715416,-0.06851135116400099,-0.18260065854081428,-0.45338224250476705,-0.8086476806654734,-1.0,-0.8685806712494941,-0.5645832129859641,-0.2923574605742028,-0.08872970943330964,0.03835711397377407,0.12139679972272087,0.17194269539599188,0.19938189590433877,0.2427069493385719,0.27447865519034237,0.3040841083704008,0.3084166137138242,0.29830743457917014,0.29036450811622744,0.27086823407082306,0.235486107099533,0.2094910750389937,0.20949107503899303,0.20443648547166615,0.21021315926289733,0.2073248223672813,0.1863843798740687,0.15533475824620285,0.13439431575299093,0.12139679972272019,0.10984345214025855,0.09467968343827743,0.07518340939287174,0.04991046155623557
-0.025249882974915643,-0.03580508669034693,-0.031215867683638154,-0.03809969619370191,-0.033969399087663915,-0.025708804875586532,-0.022955273471561198,-0.0335104771869926,-0.03167478958430905,-0.017448210663509576,-0.021578507769548106,-0.0463602904057793,-0.07343668254536524,-0.06701177593597195,-0.057374416021881904,-0.06563501023395897,-0.09913630898293789,-0.24323778579361482,-0.5332764270176499,-0.8480968508779171,-1.0,-0.9114280731705074,-0.6796725133316809,-0.4112032014391795,-0.15879615607016087,0.03854026121834642,0.16107240869748843,0.21706088057934345,0.26065846114308344,0.29874897889877167,0.3469357784692202,0.3735532487081347,0.36712834209874184,0.352901763177942,0.33638057475378846,0.328119980541711,0.31710585492560883,0.3180236987269506,0.2987489788987711,0.24551403842094208,0.18401850373103543,0.12986571945186426,0.11793375003441975,0.1330781727565608,0.14638690787601807,0.14546906407467597,0.12481757854448405,0.10233040541160805,0.09039843599416313,0.07708970087470565
-0.021905080705077715,-0.020680420956378235,-0.005984503971980354,-0.010883142966779138,-0.01700644171027855,-0.009658483218078991,-0.0043516243070472645,-0.004351624307046981,-0.01782288154274519,-0.03211057861090966,-0.035376337940776305,-0.03660099768947579,-0.047214715511540675,-0.04109141676804173,-0.030885918862209604,-0.028028379448576845,-0.08109696855890296,-0.2145848811671841,-0.5134018598499394,-0.8424271123339567,-1.0,-0.8648792077267864,-0.5938211833478936,-0.32888645771250036,-0.12600115934456316,0.016467591420850223,0.13076916796616758,0.21445425079398808,0.2634406407419813,0.2875256157997443,0.3001804332029749,0.30875305144387427,0.3197749891821727,0.3295722671717715,0.32385718834450544,0.3042626323653082,0.28630095605104405,0.26058310132834783,0.22833372794591952,0.22670084828098652,0.2152706906264547,0.1907774956524588,0.16873362017586221,0.14342398536939904,0.11525681114930288,0.08708963692920678,0.07361837969350886,0.06178000212274411,0.042593666059780474,0.029530628740315205
-0.016431809223492966,-0.04168309026409192,-0.008425305478912426,-0.0065776507686250525,-0.008425305478912426,0.006971817106819336,0.016210090658257934,0.008819471817106714,0.014362435947970273,0.02914367363027186,0.0463884509262907,0.057474379188017254,0.08826862435948006,0.1079769412692159,0.08888450926290908,0.034070752857705965,-0.0509213638155311,-0.22213736696886183,-0.5091397319668903,-0.8269363421363811,-1.0,-0.9248620417816317,-0.6840510445407958,-0.4044392983839184,-0.18395250295624865,-0.03983543555380398,0.06363322822230971,0.13138056759952704,0.17572428064643322,0.21144560504532958,0.23053803705163606,0.23484923137564043,0.23423334647221142,0.26133228222309834,0.27057055577453665,0.2754976350019707,0.2582528577059522,0.24100808040993288,0.22376330311391446,0.22006799369333888,0.22314741821048528,0.205286756011037,0.18311489948758403,0.15663184864012672,0.1326123374063858,0.11721521482065436,0.11167225068979107,0.1092087110760741,0.09134804887662634,0.06671265273945615
0.0037489418309344675,-0.008344418914017321,-0.031667328922136966,0.004612753312717177,-0.001433927059758409,-0.010072041877580741,-0.03685019781283004,-0.039441632258176984,-0.019573968177185784,0.046939515920045714,0.08840246704559211,0.09013009000915735,0.0668071800010363,0.025344228875490888,-0.03771400929461175,-0.10077224746471439,-0.16037523970768777,-0.2433011419587806,-0.46616450425859174,-0.807370039562566,-1.0,-0.8885683188500941,-0.6000552839348351,-0.30722319161066475,-0.08263220634728702,0.0331185322115299,0.10999775409014795,0.16528168892420958,0.20328939412262714,0.24388853376639003,0.24647996821173798,0.23093136153965815,0.23179517302144048,0.24561615672995585,0.2352504189485695,0.2412970993210449,0.23265898450322317,0.23870566487569797,0.2369780419121335,0.21711037783114295,0.20588082856797366,0.19637890226836882,0.1860131644869835,0.17651123818737863,0.16441787744242745,0.14886927077034762,0.1281377952075747,0.09617677038163215,0.05644144221965014,0.04434808147469977
0.01776796699717771,0.0005789968878913695,-0.0455598176159802,-0.04465513497864949,-0.03289426069334912,-0.031084895418687482,-0.0374176738800027,-0.04103640442932683,-0.050083230802635464,-0.0609394224506047,-0.07270029673590547,-0.07631902728522896,-0.06727220091192013,-0.0871752189331984,-0.10526887167981525,-0.11431569805312325,-0.1577404646450031,-0.24549468046609393,-0.45990446551349823,-0.7955417239632339,-1.0,-0.8760584786856769,-0.5702757472678585,-0.24639936310342422,-0.022942751682709775,0.09647535644495885,0.1769921111674025,0.23127306940725192,0.263841644351162,0.28193529709777837,0.2674603749004852,0.24393862632988345,0.24212926105522223,0.244843308967215,0.24665267424187623,0.24846203951653786,0.2538901353405228,0.22313092567127527,0.19508576391401974,0.1769921111674029,0.1996091771006733,0.20322790764999596,0.20232322501266548,0.19599044655135006,0.19146703336469667,0.19418108127668884,0.17427806325540993,0.17518274589274144,0.1598031410581174,0.13356734457552347
-0.037935792954410276,-0.009295180566043339,0.05449527429895674,0.04147681412242584,0.00502512562814013,-0.02621917879553256,0.002421433592834374,-0.0014841044601242581,-0.02101179472492075,-0.02361548676022741,-0.02621917879553256,-0.01450256463665515,-0.014502564636654848,-0.057463483219205864,-0.07438748144869599,-0.06397271330747116,-0.07438748144869507,-0.17202593277267358,-0.425885906215014,-0.8008175592990876,-1.0,-0.8607024761111263,-0.5742963522274608,-0.32694560887338414,-0.11995209206655093,0.002421433592834374,0.11698388314630151,0.21201864243497365,0.2614887911057894,0.29273309552946175,0.32397739995313446,0.31095893977660416,0.29273309552946086,0.2849220194235433,0.29794047960007386,0.2719035592470142,0.2666961751764012,0.23675371677038196,0.19900018225844368,0.20290572031140292,0.20160387429374946,0.1911891061525252,0.1729632619053819,0.12609680526987346,0.07272111854609885,0.057098966334262785,0.0688155804931393,0.055797120316609015,0.04928789022834492,0.05319342828130325
-0.02362226960168324,-0.026446210976660695,-0.04409584457026723,-0.05221467602332587,-0.05292066136707013,-0.05221467602332611,-0.04868474930460489,-0.05998051480451283,-0.05998051480451324,-0.06139248549200185,-0.06103949282012958,-0.05927452946076906,-0.06315744885136221,-0.06915832427318848,-0.07586518503875916,-0.08539598717930666,-0.1379918952882545,-0.2851898394589338,-0.5629950722223009,-0.8542140265168101,-1.0,-0.8722166527822882,-0.57605580108157,-0.2742470666308976,-0.030329130367254015,0.1316945060220558,0.22770851277127527,0.26653770667720955,0.2891292376770258,0.29936602516131794,0.30466091523940003,0.3004250031769341,0.2979540544738297,0.2937181424113638,0.2852463182864328,0.26865566270844277,0.2594778532397674,0.24571113903675407,0.24218121231803252,0.24147522697428841,0.2298264688025084,0.20476398909958712,0.18111348008415382,0.15958092709995383,0.15605100038123276,0.14899114694378995,0.13098852067831152,0.11439786510032098,0.1076910043347503,0.10133713624105228
-0.006588561027507928,0.04596610864716612,0.025456969261926445,-0.00017945496962135115,-0.010434024662240292,0.007511472299843375,0.013920578357730844,0.015202399569307506,-0.012997667085395697,-0.06298869433691492,-0.0834978337221537,-0.07580690645268898,-0.050170482221139984,0.0036660086651125034,0.011356935934574246,0.020329684415616226,0.0036660086651110102,-0.08477965493373006,-0.3860076396544227,-0.7974722485707696,-1.0,-0.8282359576486281,-0.48598969415745974,-0.18091624580203644,0.022893326838771634,0.1574845540543996,0.22285743584484766,0.238239290383778,0.24593021765324308,0.23695746917220165,0.2728484630963693,0.2677211782500585,0.25874842976901713,0.24977568128797512,0.20363011767118644,0.1908119055554133,0.17030276617017542,0.12928448739969786,0.10364806316814977,0.08826620862922092,0.07672981772502442,0.11518445407234656,0.15492091163124658,0.13825723588074076,0.10621170559130459,0.05750249955136291,0.0408388238008559,0.043402466224011005,0.05493885712820779,0.07160253287871511
0.005972964476579369,-0.010428768639886865,-0.01589601301204217,0.0018725311974630498,-0.009745363093366896,-0.009745363093367054,0.0018725311974632083,-0.009745363093367373,-0.024096879570275287,-0.03503136831458653,-0.009745363093367848,0.012807019941773343,0.04561048617470565,0.09823271325670054,0.1980099230485358,0.33127400461982176,0.38526304279485507,0.24584831130489473,-0.15257712231592574,-0.7300548091248314,-1.0,-0.7737927641020733,-0.35896559736478884,-0.020679851837677822,0.161789429083007,0.21372825061848286,0.18775883985074485,0.15495537361781334,0.11941828519880371,0.09344887443106537,0.08729822451239072,0.07978076350067694,0.06952968030288566,0.07431351912852163,0.08934844115194904,0.09754930771018233,0.08798163005891005,0.06816286920984732,0.06816286920984667,0.05517816382597807,0.05791178601205509,0.0415100528955895,0.02989215860475891,0.001189125650943398,-0.016579418558561664,-0.017262824105081155,-0.011112174186405402,0.007339775569618355,0.008706586662657499,0.023741508686084427
0.0016120821313419867,-0.007721024944850173,-0.003478703546581052,-0.03699304259290714,-0.01578143560156204,-0.0009333107076192865,0.0016120821313420864,0.00118784999151532,0.02027829628372591,0.03767181401662964,0.07373154590191729,0.12082131342270512,0.18488036653656936,0.22094009842185663,0.19506193789241494,0.12506363482097366,-0.006872560665196643,-0.21092821992194255,-0.5223146105548958,-0.8510945189207538,-1.0,-0.8820634651281184,-0.6389784490072968,-0.3874087900899379,-0.16553538096046255,-0.03147802477515753,0.06524690310537946,0.13736636687595452,0.19336500933310757,0.2158493127439338,0.23578822331579868,0.23918208043441416,0.24681825895129847,0.24639402681147163,0.23833361615476034,0.22051586628202993,0.2111827592058378,0.20906159850670308,0.2043950449686072,0.18360767011708887,0.15645681316816604,0.14882063465128162,0.1390632954352625,0.11997284914305151,0.09494315289326348,0.07076192092312955,0.061853045986764055,0.06100458170711043,0.04064143899541847,0.0380960461564566
-0.02011912277331192,-0.018746740592320725,0.011445667389454583,0.004583756484505952,0.029286635742321588,0.03614854664727022,0.02105234265638272,0.029286635742321588,0.027914253561331998,0.03614854664727053,0.037520928828260455,0.03477616446628094,0.0018389921225257988,-0.03796009112617829,-0.032470562402217344,-0.028353415859248228,-0.053056295117064826,-0.20950786374989816,-0.5155490901106171,-0.8270798451952909,-1.0,-0.8709960749869625,-0.5704443773502061,-0.30694699860017205,-0.12990969725249252,-0.01600197623034025,0.0594790437240953,0.13496006367853405,0.17064200038426836,0.17887629347020567,0.1857382043751546,0.21730299453791949,0.2557296956056327,0.2735706639584991,0.2721982817775101,0.2735706639584997,0.2337715807097969,0.21318584799495105,0.21455823017593967,0.2474954025196948,0.2529849312436535,0.22690966980484828,0.20906870145198128,0.16515247166030902,0.12809815277358477,0.12672577059259454,0.12123624186863646,0.08967145170587155,0.06085142590508586,0.05536189718112778
-0.011743450767840944,-0.04426377597109456,-0.020776874435410715,-0.02258355916892492,-0.04787714543812213,-0.0731707317073185,-0.040650406504065296,0.009936766034326585,0.06052393857271889,0.08401084010840106,0.05329719963866418,0.011743450767840375,0.01355013550135458,0.0731707317073175,0.04426377597109314,-0.05691056910569315,-0.19060523938573012,-0.34417344173442,-0.5898825654923239,-0.8554652213188815,-1.0,-0.8608852755194216,-0.5663956639566409,-0.28274616079494286,-0.07136404697380344,0.10930442637759574,0.19421860885275546,0.22673893405600784,0.2357723577235776,0.22493224932249567,0.21770551038843805,0.2357723577235776,0.26106594399277394,0.2719060523938579,0.26648599819331564,0.23938572719060636,0.2484191508581766,0.2592592592592606,0.22312556458898064,0.2086720867208683,0.18337850045167234,0.2068654019873549,0.1996386630532985,0.16711833785004612,0.112917795844625,0.10569105691056986,0.09665763324300009,0.08943089430894324,0.07678410117434466,0.06775067750677573
0.008047377518347202,-0.011079312005894439,-0.006120540647757246,0.030716046584114583,0.01725652432631545,-0.005412144739452262,-0.00257856110623134,0.005213793885126445,0.02009010795953621,0.017256524326315116,0.008047377518347368,-0.016038083364031133,-0.006120540647758071,0.01938171205123073,0.04417556884191422,0.09872205378141756,0.1235159105721007,0.050551132016661206,-0.2937292794196831,-0.7754384970672404,-1.0,-0.8356521492731851,-0.5374174718766828,-0.2568926921878119,-0.09467002918591283,0.010172565243262977,0.07534498880734519,0.11855713921396417,0.15539372644583582,0.19293870958601367,0.2049814400272028,0.2035646482105922,0.19718908503584487,0.1709784364285516,0.16106089371227802,0.15610212235414214,0.14476778782125863,0.1376838287382053,0.12989147374684754,0.13485024510498458,0.1419342041880372,0.14335099600464798,0.14618457963786824,0.1419342041880372,0.1320166614717638,0.10651440877277518,0.08667932334022839,0.0958884701481963,0.1043892210478594,0.1058060128644702
-0.07356893172496047,-0.0008284334525473344,-0.0523529530621742,-0.01497241922773897,0.004222990038593034,0.0123052676244174,0.0011921359439092827,-0.010931280434827379,0.018366975813784433,0.03049039219251921,0.03554181568365888,0.03251096158897607,0.023418399304924564,-0.00082843345254757,-0.007900426340142683,0.00018185124568002726,0.018366975813783725,-0.0038592875472308547,-0.27966701016346557,-0.7736962275969367,-1.0,-0.8454264411711216,-0.5261764765310873,-0.2331939140449798,-0.02204441211533479,0.10626174455961679,0.16788911115152297,0.20830049908064174,0.23456790123456933,0.2113313531753262,0.18809480511608165,0.18304338162494224,0.17395081934089074,0.1668788264532947,0.1638479723586114,0.18102281222848657,0.1729405346426629,0.18001252753025895,0.1850639510213984,0.1719302499444353,0.1385908549029119,0.11535430684366875,0.13050857731708776,0.13454971611000027,0.12141601503303652,0.09413832818088132,0.07393263421632218,0.06180921783758576,0.05170637085530689,0.05170637085530713
-0.014579655445304133,-0.040451695379558616,-0.03588604127351371,-0.041973580081574126,-0.017623424849334074,-0.00240457782918402,0.009009557435928692,0.012814269190966208,0.010531442137943312,0.005965788031898752,0.0052048456808906525,0.013575211541973605,0.03412065501917562,0.08358190783466239,0.12010714068302236,0.15663237353138146,0.15891520058440417,0.08890850429171505,-0.19492299263407903,-0.7412796006574539,-1.0,-0.8462896450964874,-0.5274548000243506,-0.23373105253546084,-0.02751567541243111,0.10412735131186562,0.16195896998843448,0.1916357216777263,0.21065928045291385,0.2167468192609734,0.22968283922810037,0.24566262859925783,0.2525111097583251,0.22131247336701776,0.19391854873074815,0.16576368174347234,0.14445729591526224,0.13684787240518614,0.1261946794910819,0.11021489011992465,0.09271321604675258,0.07140683021854263,0.06988494551652784,0.07825531137761062,0.052383271443355785,0.0295550009131307,-0.00773117428623615,-0.0328422718694843,-0.03208132951847655,-0.0084921166372439
0.025373374016380703,0.008511321663721007,0.025373374016379964,0.022161554520635444,-0.017183234302233445,-0.0284246025373386,-0.008350730688935883,0.005299502167977614,0.0077083667897859575,0.008511321663721757,0.011723141159467024,-0.016380279428296896,-0.043680745142124264,-0.03565119640276325,0.005299502167977614,0.061506343343504154,0.043841336116910136,-0.08623735346073655,-0.4178577163963411,-0.8209410631122535,-1.0,-0.8506503934478886,-0.5647984583266432,-0.31267062791071293,-0.09426690220009774,0.044644290990846866,0.12815159788019984,0.20122049140838402,0.25823028745784615,0.30319576039826757,0.30239280552433023,0.27830415930624774,0.25421551308816565,0.21808254376104222,0.2341416412397637,0.24136823510518793,0.2397623253573158,0.21326481451742513,0.17713184519030095,0.15625501846796244,0.11610727477115851,0.0968363577966914,0.09201862855307603,0.0839890798137152,0.09362453830094838,0.1016540870403094,0.08639794443552336,0.0623092982174405,0.0510679299823346,0.03741769712542148
-0.007861796688689093,-0.011855452481201078,-0.02497746437088505,-0.03296477595590995,-0.03752895400449574,-0.0341058204680569,-0.02497746437088505,-0.020983808578372263,-0.022124853090519075,-0.02554798662695819,-0.02497746437088505,-0.019842764066225982,-0.019272241810152975,-0.018701719554079697,-0.015278586017640455,-0.030682686931616986,-0.09629274638003617,-0.2161024201554104,-0.43347139971930354,-0.7883362429968391,-1.0,-0.8756261481760402,-0.5755314414815325,-0.2777188238113173,-0.07347185613710841,0.05318408471114456,0.1444676456828587,0.19866726000981305,0.21920606122844863,0.22148815025274132,0.23575120665457158,0.25058478531247486,0.26199523043393896,0.25743105238535346,0.24830269628818202,0.2540079188489141,0.24716165177603575,0.2317575508620592,0.215212405435936,0.204372482570545,0.190109426168715,0.17869898104725085,0.17242323623044523,0.16329488013327392,0.1456086901950047,0.12792250025673482,0.11879414415956362,0.12449936672029596,0.12449936672029596,0.1187941441595639
-0.03129112443339702,-0.026173417166252294,-0.04042988741044071,-0.03860213481503182,-0.03713993273870471,-0.03531218014329582,-0.032753326509723964,-0.020324608860944695,-0.016669103670127423,-0.02982892235707008,-0.02763561924257932,-0.023980114051762307,-0.020690159380026812,-0.03129112443339694,-0.040064336891358764,-0.060535165959936306,-0.12962421406638458,-0.27840327533265147,-0.5441585027050737,-0.8537797923673052,-1.0,-0.873153969878637,-0.5920456207047812,-0.30435736218745485,-0.08100599502851324,0.06594531364234553,0.15989179704635215,0.2216698347711653,0.25676268460301216,0.27065360432811864,0.2673636496563824,0.26078374031291096,0.25968708875566604,0.26992250328995454,0.2713847053662817,0.2549349320076038,0.24616171954964206,0.25091387629770484,0.25676268460301244,0.24981722474045914,0.23117414826729057,0.21362772335136743,0.19535019739728046,0.18511478286299196,0.17158941365696806,0.15367743822196278,0.13393771019154904,0.11931568942827928,0.10688697177950078,0.09592045620704803
-0.061096747856852,-0.022542749580442868,-0.05769492447952215,-0.10191862838481515,-0.0622306889826286,-0.07470404136617297,-0.05656098335374474,-0.020274867328887527,0.014877307570191232,0.01034154306708398,0.0046718374382006414,-0.024810631831995306,-0.055427042227967335,-0.05996280673107459,-0.08717739374971678,-0.12006168639724231,-0.1858302716922949,-0.33891232367215696,-0.562298725450176,-0.8412482423912562,-1.0,-0.8866058874223256,-0.6564158388896466,-0.39674332108677063,-0.16768721367986805,0.017145189821743925,0.13620900802830382,0.2303261214677734,0.2870231777566113,0.32217535265569025,0.3516578219258856,0.3641311743094308,0.37887240894452784,0.3913457613280724,0.3732027033156453,0.34598811629700205,0.3539257041774402,0.32671111715879775,0.28135347212772815,0.254138885109086,0.2201206513357836,0.18383453531092744,0.16002177166961484,0.17362906517893711,0.17249512405316023,0.15321812491495593,0.1271374790220901,0.09652106862611778,0.06590465823014444,0.04322583571461056
0.0027695540063032487,0.014229777480660514,-0.009645688090918165,-0.03352115366249707,-0.017285837073822863,-0.005825613599465373,-0.035431190908222686,-0.056441600611212714,-0.051666507496896885,-0.02970107917104494,-0.017285837073823085,-0.016330818450959832,-0.03352115366249685,-0.050711488874033414,-0.05548658198834924,-0.07076687995415974,-0.11374271798300195,-0.2837360328526422,-0.5654665265972701,-0.8491070575876228,-1.0,-0.883487728010696,-0.6418680164263209,-0.4050233979562611,-0.21592971062935853,-0.0812720848056542,0.0037245726291656065,0.10018145353834425,0.16798777576162793,0.23101900487059582,0.26444465667080574,0.2759048801451632,0.26730971253939506,0.268264731162258,0.3055104574539209,0.3093305319453731,0.31601566230541517,0.3274758857797722,0.3179256995511417,0.29214019673383695,0.2730398242765741,0.27685989876802736,0.2701747684079844,0.2587145449336264,0.22815394900200606,0.20236844618470198,0.16034762677872258,0.1345621239614181,0.12119186324133431,0.1336071053385555
-0.03309187222771825,-0.012349618661645712,-0.03628298816096009,-0.0506430098605482,-0.09212751699269363,-0.09372307495931437,-0.07936305325972552,-0.09691419089255696,-0.10170086479241917,-0.12244311835849207,-0.127229792258355,-0.11606088649200652,-0.08574528512620957,-0.08893640105945143,-0.1224431183584902,-0.14158981395794237,-0.16552318345725603,-0.25966110348789134,-0.44155471168267596,-0.7909819063726586,-1.0,-0.8468264352043904,-0.48782589271468324,-0.1240386763251128,0.11689057663464948,0.2509174458308084,0.3259086702619908,0.3705842933273769,0.35941538756103064,0.32271755432874927,0.2908063949963309,0.29240195296295196,0.27485081533012085,0.2541085617640502,0.22857963429811398,0.19666847496569592,0.17113954749976154,0.1823084532661082,0.20145514886555962,0.19985959089893923,0.2014551488655585,0.19028624309921188,0.1839040112327289,0.17273510546638263,0.16475731563327897,0.15358840986693198,0.13763283020072165,0.10891278680154505,0.08338385933561031,0.08178830136898958
-0.06591043492285416,-0.06658244180420501,-0.043734207838288956,-0.008789850008064249,-0.023574001397774588,-0.026934035804526826,-0.03163808397397937,-0.03903015966883532,-0.04306220095693857,-0.053142304177194816,-0.05314230417719559,-0.05314230417719513,-0.06994247621095756,-0.11160690285468612,-0.1532713294984153,-0.1949357561421448,-0.2540723617009862,-0.33740121498844344,-0.5531154239019417,-0.8393903553572395,-1.0,-0.8682866512553092,-0.5887317886135173,-0.3313531530562892,-0.13311112305790063,0.003978280737594791,0.09604322348260956,0.15316380839739804,0.18609214558357196,0.2163324552443422,0.23985269609160895,0.24321273049836106,0.28554916402344005,0.31982151497231454,0.3379657007687766,0.35006182463308394,0.35207784527713687,0.35207784527713654,0.35946992097199115,0.356109886565239,0.33998172141282773,0.32049352185366436,0.27143701951508065,0.24119670985431005,0.21633245524434344,0.19886027632923095,0.17130799419386128,0.1356916294822874,0.10612332670286644,0.09066716843180601
0.026913029932657904,0.04608526853116638,0.004145996596927126,0.04368873870635328,0.08203321590337218,0.07843842116615182,0.06286097730486231,0.03649914923191145,-0.007836652527140359,-0.04018980516212608,-0.04378459989934559,-0.06535336832266968,-0.07014642797229757,-0.06056030867304291,-0.07973254727155223,-0.11328396481894408,-0.15043017710355489,-0.30620461571644364,-0.5722194262707617,-0.840630766649892,-1.0,-0.881371773671724,-0.6548997052268329,-0.41884151748268655,-0.23311045605962674,-0.10849090516931563,0.004145996596927126,0.10000718958947478,0.11318810362594953,0.1203776931003908,0.14554125626093525,0.17429961415869838,0.24260071416588957,0.2905313106621615,0.3144966089102981,0.3156948738227062,0.3252809931219603,0.31090181417307805,0.27375560188846526,0.2521868334651434,0.2533850983775507,0.24379897907829542,0.2485920387279228,0.2497903036403303,0.22342847556737971,0.23421285977904133,0.24739377381551578,0.22223021065497275,0.19586838258202216,0.16471349485944456
0.020408163265305833,-0.019443337458313864,-0.07712314113723726,-0.039369087820123834,-0.047758877446148935,-0.029930574490845234,-0.02678440338108619,-0.021540784864820382,-0.01734589005180759,-0.0047612056127697006,0.01411582104578701,0.036139018814102766,0.06445455880193784,0.10745223063531634,0.13367032321664513,0.16722948172074723,0.12947542840363305,-0.05405121966566727,-0.4378840950563174,-0.8343016548860029,-1.0,-0.8867378400486605,-0.6570673490362229,-0.43998154246282395,-0.27533192105208126,-0.1830442351658052,-0.06768462780795889,0.03509029511085024,0.10535478322881152,0.16827820542399952,0.19135012689556827,0.21337332466388476,0.21966566688340408,0.22490928539966965,0.24588375946473168,0.26161461501352934,0.26685823352979465,0.26371206242003536,0.25007865427774373,0.2280554565094282,0.21232460096063177,0.2091784298508727,0.21442204836713827,0.20288608763135266,0.17876544245653112,0.1703756528305058,0.16093713950122765,0.1494011787654433,0.15254734987520255,0.12213436248086122
-0.0006508866345990136,-0.016526170405296546,-0.02049499134797098,-0.004619707577273445,-0.02208251972504053,-0.03319521836452868,-0.034782746741599146,-0.02763886904478451,-0.015732406216761405,0.0056992268736801065,0.034274737660934786,0.0882507024813067,0.13270149703926018,0.13667031798193444,0.0969821085551907,0.0374497944150748,-0.0681208426600634,-0.21417345335047977,-0.4642091727389633,-0.8126716515057704,-1.0,-0.8960168913019323,-0.615818132749123,-0.31895032623708225,-0.09352129669318009,0.0469749646774934,0.12952644028512092,0.1906462828023058,0.23589084154879353,0.24065342668000256,0.25573494626216475,0.26922893746725757,0.28827927799209463,0.29145433474623444,0.2612912955819091,0.2319220206061189,0.205727802384468,0.19779016049911952,0.1763585274086782,0.16842088552332876,0.1700084139003996,0.13349526122779498,0.12079503421123691,0.10730104300614388,0.10095092949786515,0.08348811735009785,0.06602530520233021,0.05967519169405128,0.05491260656284226,0.040624851169214646
-0.02822541263795289,0.007178435394081553,0.01816583650747136,0.0022951460103521133,0.015724191815606643,0.004736790702216263,0.016945014161539006,0.01694501416153844,0.01328254712374193,0.0047367907022168336,0.029153237620862034,0.024269948237132875,0.013282547123742213,0.013282547123742496,-0.00014649868151203672,-0.0013673210274455332,-0.04409610313507271,-0.17960738353354927,-0.46039652309796064,-0.8132141810723712,-1.0,-0.8913468112120327,-0.6349741185662672,-0.3761597812286369,-0.16739916007422737,-0.03799199140541119,0.04380310577204835,0.12559820294950735,0.16832698505713506,0.171989452094931,0.19274343197577912,0.2183807012403561,0.24157632581306837,0.25500537161832265,0.27942181853696724,0.2745385291532387,0.29040921965035765,0.2940716866881538,0.2940716866881538,0.25744701631018735,0.21715987889442462,0.20861412247289807,0.19152260962984788,0.14024807110069365,0.10972751245238752,0.10728586776052393,0.09996093368493006,0.10728586776052422,0.0853110655337443,0.08042777615001487
-0.013361163368716546,-0.060736305837442,-0.021600318580668625,-0.015420952171704368,-0.007181796959752445,0.011356302267140655,0.01684907240844263,0.0010573582522002715,-0.006495200692089359,-0.014047759636378674,-0.028466281257295015,-0.04425799541353737,-0.07996100133199772,-0.11566400725045822,-0.13969487661865201,-0.1259629512653978,-0.13488870274501202,-0.2646553973332615,-0.5248753827774203,-0.8413962621699191,-1.0,-0.8928909822446206,-0.6450297296183903,-0.37657058896227963,-0.13145572140669945,0.053925270862227544,0.1706466363648859,0.2489186108784323,0.30453290855910936,0.33542974060393077,0.32169781525067653,0.3017865234884587,0.2640237287670108,0.23930626313115438,0.2228279527072496,0.2338134929898529,0.24891861087843184,0.245485629540118,0.21802177883361057,0.2036032572126939,0.2104692198893212,0.23106710791920215,0.22763412658088833,0.21596199003062275,0.2063496422833453,0.18025898411216335,0.1562281147439694,0.1534817296733183,0.14043640058772672,0.12052510882550904
-0.07613156366984986,-0.035092987408164134,-0.06712309570996819,-0.10015414489620371,-0.09414849958961553,-0.07913438632314453,-0.07012591836326215,-0.06512121394110498,-0.05411086421236059,-0.050107100674634676,-0.043100514483614794,-0.049106159790202726,-0.08814285428302643,-0.1141673172782423,-0.13718895762016423,-0.18323223830400687,-0.24929433667647602,-0.3874241787280054,-0.6216443456849445,-0.8858927391748241,-1.0,-0.8668748623706276,-0.6026264688807481,-0.3193601985866726,-0.09214661782075165,0.08401897783916876,0.20613376573979608,0.2751986867655602,0.32924949452485397,0.35327207575120667,0.36228054371108875,0.3552739575200689,0.35527395752006863,0.34726643044461847,0.327247612755991,0.309230676836226,0.29121374091646124,0.2711949232278345,0.2611855143835211,0.2641883370368151,0.28320621384101136,0.28220527295658004,0.2551798690769334,0.207134706624228,0.19912717954877687,0.18511400716673804,0.1490801353272081,0.13706884471403152,0.12806037675414986,0.11304626348767906
-0.04586113871929691,-0.011784750816413428,-0.016044299304274853,0.02229163708646807,0.03081073406219026,0.026551185574329162,0.02797103507028275,0.016612239102655035,-0.00894505182450625,-0.02740309527190191,-0.01178475081641508,-0.013204600312368999,-0.01178475081641409,0.030810734062188937,0.07766576742865207,0.07482606843674489,0.003833593639073731,-0.1864262388186866,-0.474655686497233,-0.8012210705665191,-1.0,-0.8722135453641913,-0.622320034076389,-0.345449382365471,-0.1353116569643624,0.008093142126934827,0.09612381087604772,0.15859718869799735,0.257986653414739,0.26082635240664515,0.21539116853613596,0.18841402811302108,0.18841402811302074,0.19977282408064814,0.21823086752804347,0.2295896634956705,0.2608263524066448,0.2665057503904592,0.24520800795115735,0.19125372710492758,0.17847508164134626,0.1742155331534868,0.16427658668181136,0.1642765866818117,0.16427658668181203,0.1443986937384651,0.10464290785176958,0.06914667045293285,0.05494817549339828,0.06914667045293219
-0.008873947543764455,-0.008873947543764365,-0.006981040644496911,-0.012281179962445031,-0.015309831001272502,-0.0187170634199529,-0.03499606275364974,-0.036510388273063396,-0.034238899993942834,-0.028181597916288593,-0.024774365497607316,-0.019474226179659816,-0.017202737900539344,-0.020609970319219826,-0.04483917862983855,-0.1216911987400821,-0.23980858925434687,-0.39994851293234046,-0.6024895511539159,-0.8603034708340904,-1.0,-0.8792325398267612,-0.5975679932158217,-0.29697437761221207,-0.050896480707493044,0.11984372160639718,0.2178962989884312,0.26976194802834835,0.29626264461808716,0.3132988067114903,0.32541341086680003,0.3189775274092915,0.31102731843237014,0.29058392392028587,0.2727905990671759,0.26219032043128,0.25764734387303895,0.23303955418256722,0.21562481070931055,0.19328850929795882,0.19669574171663992,0.18836695135986478,0.1876097886001578,0.16565206856865983,0.1577018595917381,0.1414228602580417,0.13309406990126657,0.11681507056756972,0.10356472227270007,0.09220728087709772
-0.01776216111666294,-0.02711066696753801,-0.010025466619386783,-0.013249089326585271,-0.015505625221623694,-0.017439798845942846,-0.02098578382386143,-0.030656651945456217,-0.0364591728184136,-0.032268463299055875,-0.025176493343219083,-0.025498855613939025,-0.02743302923825848,-0.013893813868025014,-0.0009993230392314392,0.010283356435962778,-0.02678830469681851,-0.224718738918797,-0.5693240063183006,-0.883949582540859,-1.0,-0.8955546242867735,-0.6721575706779278,-0.42007027497501664,-0.1973179459076109,-0.026465942426098493,0.10570258856903433,0.19918764707778625,0.26043647851455465,0.2897714451500596,0.3055671964153316,0.306856645498211,0.2955739660230164,0.29267270558653796,0.29460687921085704,0.29202798104509836,0.2778440411334255,0.2623706521388735,0.2501208858515199,0.23464749685696784,0.20627961703362221,0.18983914122691073,0.17726701266883688,0.1608265368621256,0.15470165371844896,0.14825440830405245,0.13761645337029782,0.13181393249734064,0.13149157022662086,0.11505109441990931
0.003997335109926665,0.006662225183210982,-0.002664890073285281,0.029313790806129742,0.023984010659560184,0.02131912058627572,0.03197868087941375,0.019986675549633945,0.0066622251832105135,0.004663557628246928,0.012658227848100495,-0.007328447701532715,-0.02331778814123953,-0.012658227848100877,0.0199866755496341,0.07594936708860765,0.025316455696202573,-0.15722851432378587,-0.4636908727515005,-0.7928047968021332,-1.0,-0.8720852764823451,-0.5689540306462373,-0.25516322451698964,-0.015323117921386742,0.1558960692871417,0.24983344437042007,0.31379080612924826,0.3484343770819465,0.3644237175216531,0.32911392405063394,0.2864756828780824,0.23117921385742882,0.19253830779480388,0.20053297801465791,0.20053297801465697,0.19053964023984074,0.15056628914057385,0.13990672884743566,0.13590939373750835,0.1272485009993342,0.1019320453031316,0.06329113924050618,0.02998001332445016,0.003331112591605628,0.004663557628247708,0.011325782811459033,4.274141833265154e-16,0.009993337774816646,0.04730179880079937
-0.05851417517983481,0.00949041890829943,-0.04340204316024883,0.007979205706341431,0.03820346974551196,0.05180438856313853,0.0654053073807651,0.03971468294746962,0.027624977331802098,0.011001632110258133,0.011001632110258482,0.017046484918092235,0.026113764129843394,0.05180438856313922,0.0820286526023094,0.08202865260231011,0.02460255092788469,-0.08118237320921252,-0.37889137399504497,-0.7702955933023036,-1.0,-0.8519011062080634,-0.5390799734026488,-0.24137097261681775,-0.02526748473674721,0.11980898265127171,0.18025751072961385,0.1908360031433244,0.18781357673940735,0.19688085595115817,0.20443692196094956,0.18327993713353088,0.18630236353744795,0.21048177476878333,0.23012754639424543,0.2361723992020802,0.20292570875899194,0.1651453787100286,0.14096596747869353,0.10620806383364584,0.09562957141993493,0.08051743940035035,0.07900622619839165,0.05029317536118018,0.06993894698664119,0.07598379979447495,0.08505107900622647,0.0669165205827238,0.05029317536118018,0.048781962159221474
-0.017189714298078713,-0.016107919817392773,-0.011239844654313342,0.007691558757666824,-0.006912666731574993,-0.011239844654312589,-0.004749077770205505,0.011477839440062958,0.032572831813412355,0.03203193457306964,0.02932744837135781,0.0071506615173247325,-0.009617152933286193,-0.022057789461158394,-0.026384967383896996,-0.06478867144819903,-0.16918183883425936,-0.33740088058070844,-0.5699866939278883,-0.8555804368286113,-1.0,-0.8815435043650405,-0.6413851296530687,-0.3839180432501442,-0.15998658574844096,-0.0004218998474675353,0.09910319237551259,0.1575200943324795,0.2067417432036262,0.22350955765423736,0.2229686604138949,0.2348683997014249,0.2537998031134053,0.26894492584298874,0.27381300100606926,0.2819264596112033,0.2846309458129146,0.27002672032367325,0.25488159759408935,0.22891853005766016,0.23054122177868677,0.23324570798039862,0.21377340732807662,0.19646469563712363,0.1775332922251442,0.17482880602343184,0.16076547777453293,0.14832484124666082,0.14724304676597577,0.12506625991194256
-0.022328342798141346,-0.011841765616933425,-0.01022844605059373,-0.013455085183273117,-0.03281491997934946,-0.04007485802787837,-0.04249483737738819,-0.037654878678368545,-0.02474832214765098,-0.015068404749613191,0.005098089829633466,0.001064790913784509,-0.008615126484254035,-0.011035105833764422,0.020424625709860658,0.056724315952503886,0.0171979865771809,-0.19576019617965956,-0.5748902942694893,-0.8886809499225609,-1.0,-0.8959408879710894,-0.6741094475993803,-0.45389132679401145,-0.28691275167785224,-0.15542720702116702,-0.03362157976251884,0.05511099638616419,0.1269037170882811,0.20756969540526582,0.2616159008776461,0.2954956117707795,0.31727542591636526,0.34308853897780034,0.3551884357253488,0.3511551368094991,0.33986189984512116,0.3285686628807433,0.3172754259163658,0.2729091378420239,0.2261228704181724,0.2035363964894165,0.19788977800722804,0.19143649974186888,0.18336990191017058,0.17288332472896287,0.15594346928239577,0.14707021166752718,0.14142359318533831,0.13739029426948957
-0.0473037592878693,-0.027440594423600233,-0.034429485764731795,-0.03516515853748308,-0.029279776355477568,-0.028176267196351596,-0.01677333921871545,-0.018980357536967998,-0.01787684837784151,-0.007945265945707313,-0.015301993673214694,-0.018980357536967567,-0.02891193996910236,-0.04362539542411583,-0.06385639667475934,-0.08703008901640548,-0.14661958360921132,-0.2966968292503503,-0.560803354667844,-0.8524976090634884,-1.0,-0.8782461561097616,-0.625910395056279,-0.36070036047965937,-0.1374236739498275,0.02920620907820204,0.15169572574119045,0.2267343485617601,0.27970278819980887,0.34223497388361634,0.37534024865739746,0.3650408298388876,0.35363790186125194,0.34664901052012076,0.3459133377473704,0.34260281026999195,0.3201647907010962,0.29625542558669926,0.2598396233355404,0.23409107628926706,0.20282498344736322,0.17781210917384008,0.15059221658206484,0.12888986978591963,0.09541675862576357,0.07886412123887293,0.0862208489663803,0.08622084896638012,0.0667255204884873,0.03729860957845975
-0.020194252186049075,-0.02589079723147917,-0.010225298356546704,-0.010225298356547034,-0.00737702583383207,-0.01734597966333428,-0.01734597966333461,-0.013785639009940657,-0.0023925489190808006,-0.001680480788401979,-0.004528753311116608,-0.007377025833832569,-0.015209775271297975,-0.029451137884873458,-0.05152524993591401,-0.07715970264034885,-0.1654561508445124,-0.332792161554018,-0.6076504599960124,-0.873251872739184,-1.0,-0.89817425731294,-0.6482383434447011,-0.38833347574696003,-0.17613717280469476,-0.006664957703153083,0.12293144208037794,0.19912273206300363,0.25181577373323094,0.2774502264376659,0.28528297587513124,0.28884331652852563,0.29453986157395545,0.2895553846592045,0.28172263522173824,0.2845709077444529,0.2746019539149505,0.29169158905124043,0.2916915890512401,0.2824347033524172,0.2454071605571227,0.20837961776182784,0.18345723318807233,0.1905779144948594,0.1962744595402893,0.18345723318807247,0.15924691674499478,0.13361246404055996,0.0965849212452651,0.09516078498390745
-0.0020260650531157046,-0.008870879421749843,-0.03282772971197044,-0.033512211148833154,-0.03282772971197012,-0.02598291534333662,-0.019822582411565356,-0.023929471032745932,-0.024613952469609443,-0.02666739678019965,-0.03419669258569746,-0.037619099770015006,-0.03625013689628814,-0.02940532252765369,-0.01776913810097499,-0.012977768042930582,-0.03556565545942368,-0.1656171284634768,-0.5167561055744166,-0.8672106012484941,-1.0,-0.9082794874603,-0.7556401270397544,-0.5810973606395793,-0.4038166684919503,-0.23474975358668343,-0.10059139196145007,0.008925637936699172,0.10612200197130714,0.19236666301609914,0.2553389552075347,0.2950388785456138,0.30530610009856546,0.31899572883583405,0.3176267659621073,0.3169422845252438,0.325156061767605,0.32994743182564873,0.33131639469937607,0.32857846895192255,0.33063191326251257,0.3203646917095607,0.2957233599824773,0.28066476837148246,0.25739239951812554,0.23480451210163178,0.22316832767495356,0.21358558755886553,0.19442010732668966,0.18620633008432852
0.08943946582323026,0.012124406958354445,0.04375329467580339,-0.007204357757863484,-0.030047443331576922,-0.024775962045334478,-0.00017571604287533335,0.01739588824459607,-0.00017571604287533335,0.0015814443858724208,0.0015814443858728309,-0.010718678615357765,-0.008961518186611239,-0.010718678615358175,0.019153048673343415,0.05956773853452826,-0.02477596204533571,-0.2532068177824648,-0.5677385345282051,-0.845369882270253,-1.0,-0.8963275347039181,-0.671410999824285,-0.45879458794588085,-0.2883500263574088,-0.1846775610613269,-0.10209102091020987,-0.026533122474082235,0.005095765243365883,-0.00017571604287533335,0.015638727815849133,0.0736250219645062,0.1351256369706563,0.16851168511685094,0.2124406958355313,0.24934106483922025,0.29854155684414097,0.3301704445615895,0.3512563697065552,0.3178703215603601,0.32841328413284177,0.32841328413284215,0.328413284132843,0.3125988402741193,0.2950272359866471,0.2669126691266925,0.2827271129854157,0.31084167984537076,0.29151291512915367,0.2651555086979455
0.030063480656366035,0.03365672535632995,0.0576116900227573,0.10911486405557591,0.12229009462211148,0.13666307342196746,0.15223380045514545,0.17259552042160833,0.16061803808839478,0.12827883578871757,0.103126122888969,0.08036890645586231,0.030063480656366035,-0.010659959276559975,-0.06934962270930725,-0.09330458737573459,-0.10767756617559082,-0.20948616600790573,-0.4202898550724664,-0.7832075697688365,-1.0,-0.8778296802012229,-0.5903701042040982,-0.32686549287340005,-0.11366630734219746,-0.0070667145765971676,0.04204096298957929,0.07078692058929231,0.08995089232243453,0.11749910168882578,0.11390585698886103,0.13426757695532418,0.16181578632171545,0.22290094622110485,0.2564378967541033,0.23607617678763987,0.2013414780213191,0.17259552042160747,0.11749910168882578,0.1390585698886096,0.15462929692178704,0.1510360522218245,0.13546532518864624,0.12827883578871757,0.11390585698886076,0.09234638878907725,0.10312612288896926,0.10791711582225524,0.11390585698886103,0.11630135345550374
0.002956081081081268,-0.018158783783784226,0.024070945945947112,-0.01061776061776091,0.07685810810810854,0.07987451737451745,0.061776061776061215,0.02256274131273985,0.03010376447876457,0.01954633204633165,0.0014478764478754126,-0.045306467181468225,-0.0362572393822387,0.004464285714285721,0.08138272200772295,0.21862934362934394,0.3181708494208494,0.1824324324324332,-0.26852075289575456,-0.7677364864864878,-1.0,-0.7979005791505798,-0.4630791505791524,-0.14786438223938328,0.06630067567567668,0.1884652509652517,0.20958011583011688,0.22767857142857204,0.2291867760617772,0.21712113899613944,0.19751447876448053,0.16584218146718283,0.14472731660231838,0.10853040540540555,0.11003861003861072,0.10551399613899524,0.10249758687258706,0.061776061776061576,0.06780888030887869,0.027087355212354263,0.002956081081081268,-0.010617760617761261,0.016529922779922393,0.015021718146717941,-0.0015685328185324405,0.012005308880309037,0.04216940154440124,0.0542350386100386,0.03010376447876457,0.04066119691119714
-0.012941054019359497,0.022620823647781733,-0.0354924886375471,-0.02681885993824429,-0.02334940845852304,-0.038961940117267335,-0.036359851507476657,-0.037227214377407024,-0.04503348020677987,-0.049370294556431285,-0.0580439232557343,-0.07018700343475695,-0.08840162370329314,-0.11442250980120199,-0.11615723554106232,-0.15085175033827278,-0.20723033688373968,-0.334732678763489,-0.5376955903271706,-0.8308642403635992,-1.0,-0.8707629323803908,-0.5533081219859147,-0.22024077993269348,0.02262082364778052,0.16920514866599623,0.23339000104083577,0.27849287027720976,0.3010443048953968,0.31492211081428073,0.3123200222044905,0.30971793359469924,0.2941054019359547,0.2871664989765128,0.2984422162856055,0.3071158449849083,0.2750234187974887,0.2307879124310453,0.22298164660167322,0.2351247267806969,0.21691010651216092,0.19609339763383443,0.20043021198348604,0.18568504319467188,0.1336432709988562,0.09721403046178442,0.09027512750234273,0.08767303889255165,0.06859105575408549,0.06685633001422515
0.1828603323172031,0.18500708428148244,0.16997982053153637,0.2279421235670442,0.2064746039242633,0.18286033231720414,0.15495255678158987,0.12275127731741949,0.10987076553175124,0.10557726160319367,0.1184577733888629,0.10557726160319367,0.08196298999613646,0.06908247821046871,0.09054999785324762,0.08410974196041325,-0.018934352324931705,-0.20999527714567956,-0.523421063930275,-0.8089390751792548,-1.0,-0.8432871066077019,-0.5126873041088841,-0.2722510841097435,-0.15632647803872782,-0.10051092696749875,-0.055429135717659644,-0.01034734446782004,0.02185393499634982,0.030440942853462483,0.03688119874629636,0.04546820660340802,0.0261474389249064,0.015413679103516445,0.028294190889185195,0.058348718389076265,0.07122923017474551,0.0733759821390243,0.10557726160319415,0.08196298999613547,0.071229230174745,0.12060452535314069,0.14421879696019937,0.1442187969601999,0.1399252930316428,0.17427332446009247,0.19788759606715217,0.21506161178137648,0.2322356274956008,0.2794641707097167
-0.0017848036715959676,0.004589495155531996,-0.045130035696074045,-0.06042835288118305,-0.05405405405405597,-0.052779194288629136,-0.04258031616522215,-0.02473227944926095,-0.014533401325855152,-0.01835798062213151,-0.02218255991840965,-0.03748087710352013,-0.09229984701682907,-0.12544620091790046,-0.18536460989291378,-0.24400815910250026,-0.31412544620092003,-0.4224885262621125,-0.6060683324834274,-0.8584905660377361,-1.0,-0.8929117797042327,-0.6175420703722599,-0.3154003059663456,-0.0515043345232026,0.13207547169811432,0.20219275879653345,0.23916369199388213,0.297807241203468,0.3284038755736881,0.33732789393166823,0.3539010708822035,0.37939826619071976,0.3564507904130554,0.3373278939316676,0.31183069862315194,0.28505864354921057,0.2633860275369721,0.2595614482406946,0.23916369199388152,0.22768995410504914,0.24681285058643632,0.2417134115247328,0.20601733809281042,0.17287098419173993,0.15884752677205569,0.16139724630290792,0.1460989291177983,0.11932687404385575,0.09127995920448904
-0.020657731104049854,-0.034475611441205284,6.908940168590032e-05,-0.014612408456543702,-0.0033853806826039585,0.027704850075997756,0.04670443553958799,0.0441135829763719,0.026841232554926202,-0.008567085809036942,-0.02929390631477109,-0.018930496061905125,-0.012885173414398368,-0.01893049606190452,-0.031884758877988986,-0.04829349177836192,-0.08801989774768568,-0.17869973746027457,-0.4541937266823289,-0.7901409423794391,-1.0,-0.8816843996130999,-0.6234627608124921,-0.3652411220118847,-0.1562456819123961,0.0026599419649032,0.10370319193035867,0.17020174105292252,0.2280641149647651,0.2954262816084018,0.3325618350145092,0.35328865552024374,0.35069780295702685,0.3291073649302206,0.3066533093823417,0.2712449910183792,0.2453364653862102,0.24274561282299412,0.23324582009119932,0.2116553820643924,0.18747409147436842,0.1615655658422009,0.14774768550504364,0.1391115102943212,0.10456680945143079,0.06829487356639469,0.047568053060660954,0.038931877849938304,0.03806826032886453,0.024250379991709304
-0.0055960937071384935,-0.052230207933286366,-0.04125747517419243,-0.024798376035551684,0.021835738190596508,0.03006528775991672,-0.006967685302024716,-0.059088165907720674,-0.07691885664124733,-0.06731771547704057,-0.06320294069238062,-0.07829044823613482,-0.08377681461568068,-0.083776814615681,-0.14412684479069654,-0.19761891699127712,-0.24288143962253878,-0.29911669501289306,-0.4952542930816932,-0.7983760355516549,-1.0,-0.8724419816755369,-0.5528611400669347,-0.23465189005321985,0.0012618642672964544,0.1507653481099481,0.22894606901848996,0.29889724035771226,0.3455313545838598,0.37433477807648075,0.3482745377736329,0.31398474790146547,0.3057551983321456,0.294782465573052,0.2508915345366772,0.20837219509518895,0.197399462336095,0.20562901190541555,0.19328468755143635,0.1672244472485882,0.176825588412794,0.16448126405881416,0.15625171448949363,0.15762330608438177,0.15625171448949396,0.152136939704834,0.13019147418664645,0.13567784056619359,0.152136939704834,0.16173808086904076
-0.02742375761519948,-0.038270332809082604,-0.011153894824375957,-0.006634488493592113,-0.005730607227434714,-0.012961657356690127,0.005115967966447565,0.010539255563388809,0.007827611764918082,-0.034654807744454896,-0.051828551801435814,-0.05092467053527926,-0.056347958132220495,-0.06177124572916111,-0.0744255834553582,-0.11238859663394606,-0.2588173617513603,-0.4639984091689711,-0.6782182692481507,-0.8689372164072524,-1.0,-0.8870148417303901,-0.644774662400346,-0.3763219263517549,-0.16300594753873163,-0.0030189634289639867,0.11900500750221452,0.22656687817488325,0.2943579731366487,0.31424336099210015,0.3033967857982175,0.2798958728781387,0.29887737946743337,0.32418605491982605,0.32870546125060984,0.32147441112135533,0.311531717193629,0.28803080427355027,0.2744725852811971,0.25549107869190324,0.23741345336876574,0.24464450349802078,0.24102897843339344,0.21300865918252984,0.1904116275286083,0.180468933600883,0.14431368295460742,0.16329518954390146,0.15425637688233312,0.15606413941464709
-0.01363601992892168,-0.05816522856926827,-0.04472244860237165,-0.03926131924081925,-0.03338010300530206,-0.04094166673668159,-0.042622014232543824,-0.035060450501163715,-0.018677062416508097,-0.003974021827714329,0.004007628777631173,0.027532493719701324,0.024171798727976552,-0.016996714920646055,-0.0930324391084084,-0.15940616519496273,-0.277870663653245,-0.44086437075187257,-0.6702318039370546,-0.8874167177772363,-1.0,-0.9016996714920649,-0.7034186669803321,-0.480352536904633,-0.2711492736697961,-0.09681322097409827,0.03635431807297799,0.1270930828495336,0.19472706955798524,0.24807810255160834,0.30815052552868,0.3404972148240263,0.36486225351402685,0.3690631222536823,0.357720776656613,0.3711635566235099,0.36738277475782016,0.35646051603471646,0.33713651983230164,0.30773043865471406,0.29764835367954146,0.28798635557833413,0.27580383623333365,0.2716029674936784,0.245977668181781,0.2123707182645381,0.17498298648160518,0.14725725279988006,0.13969568906849986,0.13423455970694775
-0.005300838419462843,-0.016916221410319187,0.0348250300944013,0.005258600663132804,-0.002133006694683952,-0.042258875208549575,-0.02219594095161578,0.006314544571392516,-2.111887816526525e-05,-2.111887816501946e-05,0.045384469176997934,0.14041942092036147,0.23439842875546504,0.31781799750797346,0.36322358556313616,0.3970137906274416,0.3262655487740502,0.0791746742413043,-0.32736373043864014,-0.7571329011002936,-1.0,-0.824713311228908,-0.46991615805368525,-0.1077273975206446,0.14675508436991702,0.24601381174631967,0.23017465312242547,0.1752655698929268,0.11085299148909224,0.10874110367257403,0.1066292158560546,0.08973411332390069,0.07283901079174677,0.026377478828324585,0.002090768938353913,0.014762095837468245,-0.006356782327722555,-0.0063567823277235385,0.023209647103546435,0.04432852526873724,0.050664188718295755,0.027433422736584546,0.021097759287026764,0.03376908618614134,0.023209647103546435,0.01053832020442989,0.00314671284661338,0.01581803974572894,0.027433422736584053,0.02743342273658381
-0.044094488188976745,-0.054330708661417745,-0.020472440944881973,-0.002362204724409869,-0.003149606299212741,-0.007874015748031989,-0.01811023622047171,-0.05354330708661432,-0.060629921259842734,-0.0653543307086618,-0.06377952755905514,-0.07322834645669345,-0.10708661417322886,-0.1181102362204731,-0.10551181102362292,-0.10472440944881933,-0.137007874015749,-0.2535433070866151,-0.5354330708661417,-0.8370078740157483,-1.0,-0.8503937007874025,-0.5716535433070866,-0.28110236220472534,-0.05039370078740192,0.09291338582677226,0.16692913385826844,0.22834645669291373,0.2881889763779529,0.29055118110236205,0.28818897637795304,0.2874015748031498,0.28031496062992156,0.27795275590551205,0.2622047244094489,0.23543307086614174,0.23228346456692917,0.23385826771653603,0.23464566929133965,0.23307086614173278,0.24330708661417305,0.24173228346456713,0.21496062992126014,0.186614173228347,0.17322834645669344,0.16692913385826827,0.1645669291338587,0.15590551181102422,0.13307086614173302,0.10629921259842585
