-0.02357651245551624,-0.04314946619217075,-0.03692170818505334,-0.026245551601423597,-0.01823843416370111,-0.03736654804270474,-0.05560498220640558,-0.07028469750889686,-0.07072953736654847,-0.08051601423487552,-0.07473309608540941,-0.05916370106761563,-0.06272241992882599,-0.07829181494661935,-0.10275800711743821,-0.1445729537366554,-0.23354092526690415,-0.4110320284697509,-0.6685943060498214,-0.8901245551601418,-1.0,-0.9399466192170813,-0.759341637010675,-0.5053380782918143,-0.23309608540925253,0.0026690391459072856,0.17037366548042712,0.2882562277580074,0.3576512455516012,0.388790035587188,0.3861209964412806,0.3754448398576508,0.3638790035587189,0.3483096085409249,0.328291814946619,0.3042704626334517,0.3082740213523128,0.3140569395017794,0.3225088967971527,0.3024911032028468,0.2713523131672598,0.25266903914590744,0.23976868327402143,0.22019572953736685,0.20106761565836337,0.18772241992882577,0.17526690391459135,0.17393238434163738,0.17482206405694006,0.16770462633451985
-0.006663663617018279,0.03605212879976392,0.0065393994936238055,0.043041985740691756,0.012752605663337151,-0.020643377498874304,-0.00821696515944725,-0.0035570605321616064,0.003432796408766767,-0.00899361593066083,-0.0066636636170188225,0.007316050264837024,0.03760543034219271,0.04148868419826387,0.02906227185883573,0.016635859519407586,-0.01909007595644588,-0.1185013746718663,-0.37324282763012895,-0.7708880224918071,-1.0,-0.8912688920300095,-0.5953649481973949,-0.297907702822351,-0.09675515307786761,0.0407120334270492,0.09973749203932908,0.13313347520154126,0.13546342751518364,0.1471131890833971,0.14245328445611127,0.1471131890833971,0.18749902918653655,0.21235185386539143,0.202255393839606,0.17662591838953792,0.16963606144860954,0.1843924261016799,0.19138228304260793,0.20070209229717792,0.20458534615324944,0.1968188384411075,0.17429596607589484,0.15410304602432548,0.16419950605011036,0.16497615682132463,0.16575280759253844,0.14711318908339763,0.12769691980304185,0.11371720592118618
-0.036466053957901326,-0.03724624338789502,-0.0029179084681760915,-0.001357529608189078,-0.024763212507997057,-0.019301886498041956,0.0002028492517986668,0.02204815329161945,0.030630237021549142,0.02594910044158809,0.022048153291618914,0.028289668731568254,0.0064443646917474685,-0.00993961333811785,-0.01930188649804159,-0.03178491737793973,-0.08249723032752397,-0.2627209886560457,-0.5927411175433394,-0.888432911510915,-1.0,-0.9087178366907483,-0.6941657434425075,-0.4694711876043506,-0.26038042036606557,-0.10200196607736368,0.036091563031504244,0.1297142946307362,0.19447001732020558,0.21787570022001318,0.23816062539984717,0.2342596782498789,0.23582005710986664,0.2490832774197579,0.2654672554496229,0.28419180176946984,0.30135596922932884,0.28341161233947576,0.2802908546195012,0.25220403513973155,0.2256775945199492,0.23660024653985992,0.231919109959898,0.2272379733799362,0.2061728587701097,0.19290963846021802,0.20383229048012894,0.2030521010501355,0.19837096447017386,0.18042660758032025
-0.02499790386527259,-0.04595925114089706,-0.03338244277552249,-0.05075041623246833,-0.03637692095775508,-0.020805634410147926,0.014529208140189096,0.018122581958867724,-0.008228826044773777,-0.036376920957754105,-0.05673937259693253,-0.05733826823337871,-0.05075041623246805,-0.04296477295866517,-0.07410734605387753,-0.1046510235126441,-0.145375926790999,-0.2070621773449775,-0.4472193275599807,-0.8191335177931898,-1.0,-0.8676440643453477,-0.6047288799453815,-0.32384682645202434,-0.10764550169487572,0.050462946326973554,0.15347299579575346,0.23911507180758745,0.2936145747242094,0.2834333489046207,0.2618731059925502,0.24869740199072984,0.2930156790877628,0.30679027872603004,0.2996035310886733,0.2708565405392464,0.26127421035610454,0.2283349503515527,0.21515924634973194,0.2037802292572507,0.19479679471055492,0.1738354474349306,0.1708409692526986,0.19659348161989418,0.18820894270964472,0.17203876052559175,0.1390995005210399,0.12831937906500485,0.0923856408782215,0.06783091978391911
-0.020698755317473172,-0.00888214904679369,-0.04088545769654991,-0.027099417047424718,-0.024145265479754846,-0.015775169371357603,-0.006420356073735961,0.0034268158184965645,0.022628801008350845,0.03936899322514579,0.04084606900898073,0.03149125571135977,0.01573578068378773,-0.006420356073735845,-0.033007720182764114,-0.0738734835355296,-0.12015519142902281,-0.22108870332440725,-0.4751457381440063,-0.8124113754529704,-1.0,-0.8729714825902005,-0.5736174570663318,-0.29051126516464604,-0.09996848904994608,0.02016700803529254,0.12208523711989991,0.18215298566251853,0.20578619820387625,0.21415629431227384,0.22892705215062364,0.24172837561052485,0.26191507798960195,0.2781629116117855,0.27422404285489255,0.278162911611786,0.2579762092327091,0.23582007247518594,0.22104931463683714,0.21661808728533222,0.20184732944698347,0.18215298566251828,0.16787458641878128,0.14571844966125821,0.13291712620135546,0.12405467149834618,0.11716165117378308,0.10386796911926979,0.08860485268630898,0.06644871592878449
-0.021015620806270296,0.00985023350689772,0.015218208170056823,-0.020344623973374956,0.004482258843738458,-0.010279671479951305,-0.017660636641795173,0.0031402651779480965,0.02327017016479634,0.0259541574963766,0.03736110365559092,0.04742605614901598,0.026625154329271622,0.022599173331901784,0.026625154329271306,0.06084599280691336,0.13062966342798907,0.2138332707069623,-0.010279671479950524,-0.6477266627301524,-1.0,-0.7785710451446671,-0.3759729454076982,-0.06798539910891718,0.08365988512534231,0.12928766976219946,0.13868162542272827,0.13398464759246417,0.1366686349240432,0.1621665145740519,0.16417950507273607,0.1708894734016855,0.17625744806484542,0.14606259058457274,0.12526168876482963,0.1058027806108758,0.10647377744377114,0.07493692629770793,0.056820011809543984,0.05145203714638442,0.058833002308229375,0.048097052981909756,0.02796714799506167,0.03669010682269621,0.036019109989800874,0.04340007515164583,0.04608406248322484,0.04004509098716993,0.007837243008212175,-0.0055826936496858205
-0.007606889918685332,-0.005858179592550657,-0.028591413832299174,-0.024219638016962492,-0.0014864037772149923,0.003759727201188823,0.001136661711987017,-0.007606889918685738,-0.007606889918685128,-0.013727376060155875,-0.01285302089708915,0.009880213342659368,0.050974906006820336,0.051849261169886855,0.05884410247442513,0.06496458861589609,0.056221036985223134,-0.04870158258284609,-0.3669668619393199,-0.8041444434729398,-1.0,-0.8478622016263013,-0.5523301565095745,-0.29177231791553787,-0.12826790242196517,-0.024219638016962492,0.05796974731135842,0.12354638454140093,0.1698872081839649,0.20398705954358698,0.22234851796799918,0.22059980764186493,0.214479321500394,0.22497158345720106,0.22497158345720067,0.20835883535892347,0.19262044242371262,0.16464107720556148,0.15327446008568713,0.1550231704118212,0.16901285302089736,0.18125382530383888,0.18125382530383907,0.17600769432543564,0.14365655329194746,0.12092331905219873,0.09993879513858549,0.07807991606190451,0.08769782285564441,0.10168750546472058
-0.004338394793927329,-0.024945770065076835,0.022776572668113042,-0.0130151843817793,-0.02819956616052088,-0.03145336225596619,-0.03145336225596619,-0.031453362255965685,-0.03687635574837336,-0.030368763557484506,-0.014099783080261242,-0.017353579175705035,-0.03253796095444788,-0.02386117136659515,-0.003253796095445393,0.043383947939262556,0.023861171366593978,-0.09761388286334195,-0.3741865509761403,-0.7819956616052072,-1.0,-0.86008676789588,-0.5639913232104138,-0.29718004338394965,-0.08785249457700729,0.04121475054229868,0.11822125813449028,0.16919739696312347,0.21691973969631362,0.24186550976138935,0.21475054229935123,0.19197396963123708,0.22342733188720243,0.2559652928416497,0.2407809110629074,0.22125813449023932,0.22885032537961061,0.21691973969631384,0.20498915401301582,0.17136659436008808,0.1561822125813465,0.14208242950108535,0.147505422993493,0.15943600867679056,0.16377440347071603,0.14208242950108535,0.10737527114967495,0.10845986984815661,0.11388286334056456,0.09761388286334154
-0.053254437869822986,-0.06480011545677633,-0.035935921489394305,-0.04603838937797832,-0.03160629239428663,-0.038822340886130624,-0.04170876028287031,-0.04026555058450131,-0.0373791311877623,-0.050368018473083975,-0.061913696060039006,-0.03016308269591696,-0.02150382450570094,-0.027276663299178622,-0.0344927117910243,-0.05325443786982399,-0.17015442343772683,-0.3274642805599674,-0.5251840092365436,-0.8224852071005934,-1.0,-0.8484629816712378,-0.528070428633282,-0.2452013277529243,-0.027276663299177616,0.09683937076057292,0.16611343628229266,0.21662577572521338,0.2483763890893358,0.2642516957713972,0.30321835762736415,0.3219800837061639,0.2873430509453025,0.27146774426324316,0.24693317939096646,0.2743541636599815,0.2931158897387795,0.2757973733583498,0.25847885697792045,0.20940972723336873,0.1791023235676147,0.16755664598066236,0.16034059748881632,0.1444652908067553,0.11127146774426494,0.13291961321980195,0.15023812960023197,0.14157887141001632,0.1314764035214326,0.1098282580458956
-0.0064976935667877865,-0.0055056792817818525,-0.02683398640940506,-0.02881801497941635,-0.019889886414365614,-0.008481722136799071,0.015822627845840542,0.0356629135459548,0.042111006398492606,0.04310302068349761,0.01979068498586369,-0.022369922126879004,-0.052130350677050845,-0.058578443529587604,-0.0694906006646502,-0.08387480779723293,-0.13645156490253552,-0.24259709339814703,-0.487624621794555,-0.8293735429790199,-1.0,-0.8442537572541049,-0.5228411289122573,-0.2093646148504554,0.023262734983383358,0.1676008134517149,0.25241803481970193,0.29408263478994184,0.3094588562075302,0.31789097763007845,0.32037101334259316,0.31739497048757503,0.3104508704925357,0.29358662764743865,0.2628341848122622,0.21918555627201178,0.18843311343683472,0.1765289420167662,0.1780169634442747,0.16859282773672032,0.15768067060165797,0.14379247061157804,0.11452804920390912,0.07980754922870982,0.060959277813600804,0.05401517781856113,0.03467089926094921,0.013342592133326234,0.01433460641833228,0.025246763553394762
-0.011099379361850887,0.006927454868531705,0.009502716901445045,0.027529551131827038,0.06615848162550525,0.07388426772424167,0.036542968247018935,0.006927454868533502,0.030104813164740077,0.01722850300017997,-0.008524117328938147,-0.022688058509953726,-0.09737065746439802,-0.1952306147150483,-0.25059874842265245,-0.30982977517962595,-0.3626226468543195,-0.43988050784167415,-0.6162859570961351,-0.8557853261569374,-1.0,-0.8467719090417458,-0.5570549303391633,-0.29824109603152194,-0.10767170559604448,0.012077978934357185,0.1305400324483016,0.21037315546856958,0.2696041822255422,0.3185341608508669,0.35845072236100056,0.34686204321289654,0.3249723159331467,0.3005073266204843,0.281192861373645,0.28119286137364474,0.26702892019262947,0.25157734799515874,0.21166078648502593,0.2013597383533771,0.20779789343565744,0.1962092142875552,0.22067420360021722,0.2219618346166739,0.22453709664958485,0.2052226314027462,0.16401843887615614,0.14599160464577293,0.17303185599134802,0.17947001107362778
0.0074406805677861305,-0.01477633524265037,-0.004677691692452397,0.0001696572116430718,-0.009928986338555091,-0.001446125756388752,0.0038051688897144114,0.007440680567786038,-0.019219738404737483,-0.03578151382706294,-0.024067087308832388,0.004209114631722298,0.00946040927782546,-0.005485583176467792,-0.014372389500642485,-0.043052537183206,-0.11091542184053907,-0.28865154832403006,-0.5584873039853294,-0.8553874243611598,-1.0,-0.8925504326258893,-0.681690755297749,-0.4530574653212588,-0.2664345325135936,-0.11253120480857035,-0.01073687782257105,0.057126006834762114,0.10438765864969042,0.1589203338207616,0.21385695473384037,0.26758173842089583,0.2998973977815304,0.31120787855775195,0.31322760726779203,0.3116118242997602,0.30878420410570473,0.3108039328157451,0.30312896371759396,0.29060664571534767,0.28737507977928434,0.2675817384208954,0.23284240460821395,0.21749246641191225,0.21062538879777717,0.2005267452475791,0.18881231872934856,0.18558075279328481,0.17184659756501514,0.15690060511072168
-0.05462690881063763,-0.00043354689532267243,-0.010067922346934275,-0.022110891661448147,-0.024519485524350976,-0.04258393949612319,-0.02451948552435238,0.00438364083048271,0.04171684570547673,0.08507153523772824,0.12120044318127127,0.11638325545546449,0.08145864444337385,0.047738330362734775,0.045329736499831665,0.03208247025386625,-0.023315188592900826,-0.19793824365335702,-0.5315284936653987,-0.848258586637122,-1.0,-0.8880003853750182,-0.6507538898790893,-0.432776145286383,-0.2750132472662474,-0.1425405848065911,-0.026928079387254934,0.04412543956838096,0.10915747386675684,0.13083481863288288,0.16816802350787635,0.20670552531432304,0.2524688087094766,0.29702779517317907,0.3271352184594637,0.3066621706247909,0.31990943687075585,0.3006406859675332,0.2922106074473728,0.2633074810925389,0.21995279156028677,0.18743677441109957,0.18743677441109927,0.20429693145141883,0.186232477479648,0.16816802350787635,0.13083481863288288,0.11517895852401432,0.0959102076207914,0.10674888000385345
0.16519016615078175,0.1812004127085789,0.15095883587718323,0.24702031522396573,0.22567331981357144,0.20788415697157442,0.1758636638559797,0.1669690824349812,0.16163233358238324,0.07802326822499778,0.03355036112000689,0.01931903084640794,0.03355036112000564,0.03710819368840496,-0.010922545984986076,-0.06429003451097547,-0.10164727647916978,-0.19059309068915326,-0.44497811932970655,-0.8043192087380375,-1.0,-0.879033692674424,-0.6371010780232694,-0.4503148681823041,-0.33112747714092744,-0.24573949549934168,-0.19059309068915406,-0.12477318817376476,-0.11409969046856719,-0.12121535560536668,-0.12655210445796547,-0.0749635322161751,-0.010922545984986489,0.06557085423559994,0.0993702636353937,0.1296118404667869,0.13850642188778706,0.18475824527697823,0.22745223609776966,0.22745223609776927,0.23812573380296678,0.23101006866616855,0.2754829757711611,0.309282385170954,0.32351371544455215,0.3252926317287504,0.3377450457181502,0.3413028782865487,0.3057245526025551,0.27904080833956124
-0.07278801756822796,-0.005217913585344861,-0.010848755583919017,0.006982244078230732,0.028567138406094834,0.03513645407109867,0.04358271706895881,0.04827508540110329,0.049213559067532095,0.05015203273396135,0.03232103307181247,0.006043770411802141,-0.023048913247495046,-0.05589549157250725,-0.07278801756822753,-0.05214159690679136,-0.07654191223394341,-0.23514396186043132,-0.5382709561169723,-0.8442133713727987,-1.0,-0.8920755283606739,-0.6461954277562973,-0.3608994331619065,-0.12440406922181872,0.052028980066819386,0.16276887270543156,0.2256466083561702,0.2744472390104737,0.2716318180111868,0.2650625023461845,0.2528623446826094,0.2697548706783294,0.2735087653440453,0.26037013401404,0.22470813468974118,0.21156950335973657,0.2050001876947336,0.21438492435902304,0.2303389766883145,0.2040617140283048,0.17027666203686403,0.14118397837756727,0.1439993993768537,0.136491610045423,0.1346146627125645,0.13555313637899355,0.1280453470475622,0.07642929539397167,0.04545966440181708
-0.05151388238772253,-0.08107708605356,-0.051513882387722816,-0.04165948116577567,-0.041659481165776814,-0.01702347811091221,0.0026853243329809555,0.0310167278460742,0.021162326624128473,-0.01702347811091164,-0.03796408070754645,-0.02564607918011515,0.0063807247912095995,0.01746692616589954,0.01993052647138598,-0.030573279791087156,-0.11926289078859953,-0.25352910743761103,-0.48264393584785026,-0.817693577394005,-1.0,-0.8472567810598416,-0.4641669335567022,-0.14020349338523405,0.04333472937350607,0.14926954250942318,0.2133231504520721,0.2724495577837462,0.30817176221329984,0.3081717622132993,0.28846295976940894,0.2662905570200305,0.22810475228498958,0.21825035106304438,0.22933655243773404,0.25397255549259806,0.24534995442339572,0.24411815427065206,0.23795915350693642,0.19238254785543674,0.15296494296765353,0.1332561405237624,0.11724273853809986,0.10738833731615414,0.09630213594146449,0.08028873395580396,0.04949373013722315,0.01869872631864176,0.0051489246384662435,-0.0379640807075473
0.011829113305307434,0.0030305992765657674,-0.0028350767425951934,-0.008700752761756381,0.014761951314889733,0.005963437286147157,0.009873887965587039,0.013784338645028512,0.01378433864502874,-0.010655978101476322,-0.013588816111057712,0.01769478932446885,0.052888845439437115,0.07830677485580316,0.13989637305699598,0.23374718936357453,0.32857561834001453,0.3051129142633698,-0.12503666047512096,-0.7155147130706816,-1.0,-0.8025222406882395,-0.40952194740444026,-0.07126796363280882,0.12620979567895207,0.20735164727734998,0.23668002737315547,0.2141949359663717,0.19757552057874755,0.1780232671815436,0.1408739857268554,0.11936650698993104,0.08221722553524237,0.05973213412845862,0.032358979372372386,0.022582852673770637,0.04604555675041516,0.06853064815720006,0.05288884543943734,0.053866458109297195,0.06266497213803864,0.06950826082705992,0.03040375403265245,0.005963437286146019,0.009873887965588404,-0.002835076742594739,-0.005767914752174763,-0.015544041450776744,-0.03705152018770224,-0.02532016814937941
0.04193831345866554,0.015860221426708662,-0.010217870605249053,-0.014959341883787319,0.02415779616414953,0.02415779616414897,-0.01258860624451791,-0.035110594817572754,-0.06000331902989562,-0.05881795121026132,-0.06830089376733704,-0.03985206609610964,-0.004291031507077872,0.009933382328535552,0.04193831345866526,0.06446030203172066,0.11187501481709727,0.07749934804770008,-0.23780849197506054,-0.7415898153196946,-1.0,-0.7961167350228788,-0.4286527109362048,-0.09912045707783218,0.1130603826367335,0.25648988881250007,0.3110168085156838,0.33590953272800694,0.36080225694032986,0.37265593513667405,0.33590953272800667,0.2588606244517697,0.1936653943718749,0.1379531068490561,0.0751286124084301,0.04075294563903236,0.049050520376473505,0.04193831345866526,0.030084635262322083,0.033640738721226617,0.03245537090159122,0.05142125601574236,0.021787060524880116,-0.014959341883787043,0.008748014508901815,0.017045589246342953,0.007562646689267244,0.022972428344514684,0.05379199165501121,0.047865152556837834
-0.029377078723150662,-0.028714537479957888,-0.0406402798574213,-0.039315197371036684,-0.04991585726211471,-0.051240939748499637,-0.06382922336915474,-0.06316668212596274,-0.06714192958511675,-0.08370546066492633,-0.1194826877973152,-0.14730942001139605,-0.18507427087336292,-0.24536552400386952,-0.2990313647024532,-0.32752063815972615,-0.3699232777240395,-0.4560536393390493,-0.6329521512714166,-0.8582161739568286,-1.0,-0.9039315197371025,-0.6283143625690703,-0.3566724528601907,-0.12544555898604767,0.07199173148528559,0.22437621741953473,0.3124942027641219,0.3794108683265534,0.41055030675659554,0.4344017915115216,0.4370519564842911,0.4238011316204432,0.41253793048617277,0.42247604913405834,0.42910146156598233,0.41253793048617243,0.38868644573124655,0.3707978321650521,0.3350206050326631,0.3012310016298512,0.27472935190215625,0.2363019597969985,0.19853710893503207,0.16342242304583487,0.15679701061391166,0.13493314958856237,0.0958432162402118,0.0753044377012479,0.07000410775570837
-0.009963780881379409,0.004129261383654796,0.0034246092704035185,-0.0022126076356114403,-0.025466127372916002,-0.04308243020420872,-0.02898938793917566,-0.016305649900644825,0.0006060008173961208,0.018222303648688015,0.00412926138365414,0.032315345913722544,0.05275025719802152,0.09432473187987153,0.14717364037374836,0.21834350381216872,0.23243654607720227,0.06261538678354545,-0.28477810504953777,-0.7540764124751619,-1.0,-0.8400439702918674,-0.5180179545358473,-0.20515241625209787,0.03161069380047012,0.20425046154713514,0.29585523626985494,0.30783432219513385,0.31910875600716015,0.28739941091083443,0.2542807615880048,0.2282086333976933,0.22820863339769196,0.17465507279056453,0.1309666417689595,0.08727821074735469,0.05134095297151749,0.05627351776428002,0.05556886565102826,0.03301999802697432,0.0252688247812052,0.0252688247812052,0.012585086742674367,0.004833913496905743,0.0027199571571509314,0.030201389573966585,0.015403695195682094,0.014699043082430325,0.0006060008173966128,-0.019828910466902844
0.011967976472510574,-0.014582141981864229,-0.008455191569316014,0.002777550853688728,0.001756392451597042,-0.020709092394412203,-0.04113226043623951,-0.0676823788906143,-0.09627481414917152,-0.10444408136590193,-0.10648639817008482,-0.1187402989951803,-0.10954987337635869,-0.10648639817008435,-0.10852871497426725,-0.15345968466628576,-0.21677150559594913,-0.40160117637448034,-0.6354464504533949,-0.8743975165427667,-1.0,-0.8886937341720457,-0.6252348664324815,-0.3331835634343607,-0.09219018054080573,0.08140674781472192,0.1773956376113064,0.21722081529286835,0.24683440895351727,0.2846172698308966,0.3183154970999101,0.32546360591454976,0.315252021893636,0.2968711706559923,0.30095580426435736,0.3070827546769056,0.29380769544971863,0.30095580426435714,0.28257495302671365,0.26215178498488734,0.23968630013887784,0.2243689241075085,0.230495874520056,0.24683440895351702,0.24989788415979186,0.23866514173678735,0.2182419736949605,0.17841679601339833,0.14369741034229336,0.1263377175067397
-0.027692503122817003,-0.034043994664747654,-0.03563186755023032,-0.010755192344335801,-0.016048101962611385,-0.02028242965723141,-0.03404399466474667,-0.03616115851205717,-0.03298541274109172,-0.022928884466369384,-0.011813774267990252,-0.01657739292443824,-0.05574492409967635,-0.10020536489318918,-0.154193042999598,-0.21664937649524646,-0.296043020769377,-0.41036986852412405,-0.6279084538352417,-0.8798509516651494,-1.0,-0.8607964770393584,-0.5765672305379718,-0.2843986196091723,-0.03986619524485009,0.10357165541041236,0.18031884487540492,0.22848432240171093,0.24806808798932936,0.26923972646243094,0.28035483666080885,0.282472000508119,0.2957042745538074,0.3057608028285306,0.29199923782101495,0.2792962547371538,0.28035483666080924,0.28035483666080885,0.3025850570575659,0.29305781974467005,0.2750619270425336,0.2459509241420191,0.224779285668918,0.19884402853936903,0.17714309910443973,0.169203734677027,0.1713208985243374,0.16073507928778624,0.15014926005123605,0.10674740118137792
-0.021370081885361072,-0.041342121030557094,-0.020462261924215453,-0.03861866114712256,-0.0077527824681805765,0.016758356482742914,0.00677233691014342,-0.007752782468181848,-0.010476242351617437,-0.007752782468181212,0.013127076638160436,0.04217731539481139,0.06759627430688028,0.10481689271383718,0.17108774987744502,0.26096192603082946,0.284565245020608,0.06759627430687903,-0.35726346750912563,-0.8011874285091783,-1.0,-0.8075421682371955,-0.48708172195290383,-0.17842293516350025,0.013127076638160226,0.0957386931023852,0.13840623127621413,0.16473301014942715,0.18198158941118886,0.1928754289449327,0.21284746809012894,0.19105978902264212,0.14930007080995755,0.1420375111207951,0.1429453310819403,0.12115765201445285,0.1302358516259065,0.13295931150934187,0.13205149154819754,0.12660457178132445,0.11934201209216266,0.07849011384062307,0.047624235161682994,0.04671641520053695,0.04126949543366577,0.033099115783357516,0.03309911578335773,0.034914755705647914,0.028560015977630897,0.02038963632732286
-0.001113253803617647,-0.02240499321706063,-0.020275819275716162,-0.021188322393435183,-0.0071966079217437,0.0040575971967900925,0.014703466903511797,0.01744097625666878,0.03295352925789129,0.03690770943467393,0.03295352925789179,0.030216019904734596,0.03842854796420603,0.04116605731736266,0.03295352925789157,0.01683264084485598,-0.013584129745777175,-0.12947202569608854,-0.43941891801463695,-0.8278410784570179,-1.0,-0.8679912156366533,-0.5902861001441756,-0.31410182318122953,-0.11487197581258492,0.009228448197197689,0.09378707043915765,0.14032472944282587,0.16465814591533204,0.1737831770925219,0.17074150003345853,0.1746956802102409,0.1865582207405879,0.19081656862327642,0.19720409044730924,0.19537908421187142,0.19598741962368377,0.20632912162449893,0.21119580491900017,0.22062500380209643,0.21180414033081282,0.19781242585912204,0.18017069891655488,0.17712902185749163,0.16496231362123837,0.14914559291410914,0.13971639403101327,0.12724551808885382,0.10352043702816015,0.088312051732844
-0.05908193704456753,-0.0665024265000525,-0.0375625176236627,-0.043498909188050605,-0.05017734969798602,-0.0182692450394026,-0.0026862171828855043,-0.004912364019530926,-0.007138510856176007,-0.0041703150739825735,-0.007138510856175833,-0.0256897344948874,-0.0397886644603083,-0.0672444754456012,-0.08134340541102159,-0.12141404847063798,-0.2060076282631613,-0.3507071726451086,-0.5770321010373843,-0.8604947982368907,-1.0,-0.8797880708211508,-0.6156186462059035,-0.3358661937341393,-0.10360487377747513,0.07151867737195991,0.19321470444190547,0.28003443107107345,0.32381531885843184,0.3431085914426913,0.3468188361704334,0.3572075214081122,0.35943366824475725,0.3445926893337885,0.34014039566049753,0.326783514640626,0.3000697526008816,0.2911651652543004,0.2651934521601048,0.23625354328371528,0.215476172808359,0.19989314495184227,0.19024650865971168,0.15165996349119254,0.1101052225404789,0.09155399890176802,0.0804232647185416,0.06780843264421742,0.048515160059957485,0.030705985366795138
-0.04205121467906001,-0.025629235502129675,-0.03000842994931161,-0.02672403411392503,-0.02891363133751562,-0.01687084660776645,-0.011396853548789925,-0.011944252854687667,-0.030008429949311355,-0.037672020231878975,-0.039314218149571686,-0.048620006349832275,-0.06339978760907002,-0.07106337789163751,-0.054093999408808546,-0.030555829255208715,-0.027818832725720388,-0.13784609321115382,-0.433441718395901,-0.8188108297478677,-1.0,-0.8817617499261011,-0.6053251004477721,-0.29932888845097017,-0.060115391773683316,0.10629399721921179,0.19606748338643132,0.2573762056469712,0.3154005320721254,0.34003350083752026,0.3542658827908604,0.31540053207212526,0.236027632716962,0.14296975071435664,0.0947986117953606,0.1013674034661326,0.11888418125485896,0.14625414654974284,0.1834772993507844,0.19770968130412472,0.2059206708925897,0.20646807019848715,0.22398484798721285,0.22781664312849678,0.19497268477463622,0.15118074030282197,0.13859055626717487,0.12435817431383533,0.1325691639023002,0.12052637917255127
-0.0071485305798262766,0.049367629987168656,0.13337813893810788,0.03714791959430607,0.02492820920144135,0.03256552819698166,0.0844992973666522,0.09977393535773248,0.09824647155862469,0.10130139915683954,0.10130139915683989,0.05242255758538492,0.0432577747907379,0.0508950937862775,0.017290890205901032,0.027983136799657263,-0.008675994378934055,-0.13087309830757096,-0.4363658581291638,-0.7968473147186419,-1.0,-0.8335064458972326,-0.5096841204863449,-0.19655404166921328,0.003543716013931021,0.061587340380033016,0.06005987658092488,0.09366408016129958,0.11046618195148657,0.09060915256308473,0.09366408016130065,0.06158734038003444,0.07075212317468219,0.07075212317468112,0.10130139915684061,0.11963096474613644,0.1135211095497032,0.13948799413453936,0.1700372701166992,0.14865277692918638,0.151707704527403,0.18225698050956357,0.22197103928636905,0.2036414736970732,0.15323516832651113,0.15934502352294333,0.1272682837416757,0.09977393535773105,0.08297183356754477,0.07380705077289632
0.00556268720581929,-0.014535599901453257,-0.003513958584561878,0.01528766483837048,0.031495960892623964,0.055484239052916925,0.05159424799989637,0.03668261562998396,0.03149596089262306,0.04381426589385478,0.04057260668300453,0.030847629050452897,0.03019929720828272,0.037979279314323856,0.03992427484083391,0.037979279314323856,0.01852932404922163,-0.13253199517641132,-0.4307646425746566,-0.8165220886658634,-1.0,-0.8573669947225786,-0.5695076567990569,-0.28877996913940507,-0.06899547464374253,0.06909920773848914,0.16375565669532277,0.22405051801714237,0.23247883196535352,0.22469884985931252,0.23636882301837378,0.2642470922316885,0.2603571011786681,0.26035710117866795,0.25906043749432806,0.2687854151268789,0.2266438453858235,0.21627053591110212,0.2214571906484618,0.20330389906769933,0.16699731590617362,0.13652571932417834,0.10346079537350375,0.052890911684236555,0.010749341943180344,-0.015183931743623426,-0.0009206312158819543,-0.015832263585794048,-0.043710532799108935,-0.0508421830629796
0.000703518627724228,-0.002917533132624147,-7.242103520742847e-05,0.01208396701739098,0.01389449289756571,-0.0016243003610708633,0.0004448720734141978,0.0007035186277247104,-0.005762645230040564,-0.005503998675729871,0.008204268702732213,0.015705018777739596,0.032775691362239665,0.059157639901921064,0.12149145949077679,0.21615609836845803,0.22779519331243542,0.02036065675533038,-0.39062871804421917,-0.7959278686489333,-1.0,-0.869642136627455,-0.5553865731400734,-0.2248362767311223,0.02915463960189117,0.1820147531994583,0.26219518503574524,0.29840570263922983,0.31392449589786614,0.29840570263922994,0.26736811612195743,0.2272779002038137,0.18718768428567062,0.15511551155115572,0.13675160619510238,0.11528394218732228,0.09304033851661075,0.0785561314752163,0.07260726072607294,0.06588245031399709,0.0707967348458985,0.06019222611916383,0.0529501225984669,0.04596666563208072,0.03432757068810274,0.03148245859068614,0.013377199788944503,0.016222311886360922,-0.0003310675895179411,0.014670432560496886
-0.022480890218661686,-0.016332971289219556,-0.020431583908847088,-0.036826034387361505,-0.03272742176773182,-0.014283664979405194,-0.011209705514683414,-0.012234358669590356,-0.021456237063755462,-0.014283664979404002,-0.0019878271205197385,0.02055454228743538,0.04719552431501875,0.04617087116011324,0.06768858741316118,0.13838965510174855,0.2080660696354299,0.18552370022747458,-0.17310490399000084,-0.7407627518085147,-1.0,-0.7653544275262837,-0.3657396971125294,-0.08703403897780741,0.07281185318769588,0.1455622271860981,0.20089349755107938,0.191671619156916,0.21011537594524357,0.22241121380412784,0.21933725433940726,0.21728794802959406,0.20909072279033686,0.18962231284710307,0.13941430825665646,0.08715699735639522,0.07281185318769635,0.054368096399369965,0.06871324056806763,0.06768858741316118,0.06768858741316046,0.05231879008955393,0.06358997479353293,0.06154066848371832,0.06871324056806763,0.03182572699141318,-0.010185052359776708,-0.026579502838290414,-0.020431583908847806,-0.034776728077546185
-0.003098284468414618,-0.02174536691720763,-0.0805553961787828,-0.08342417809398293,-0.06334270468759101,-0.02891732170520479,-0.016007803086810372,0.0055080612771807695,0.009811234149979135,-0.030351712662803686,-0.028917321705203454,0.0026392793619829757,0.02989270755637105,0.09013712777554712,0.13030007458833026,0.10878421022433847,-0.004532675426014182,-0.2024786275747335,-0.5223478111193995,-0.8450857765792646,-1.0,-0.8350450398760687,-0.5467324573985894,-0.327270640885881,-0.1737908084227452,-0.04326123128119878,0.06001491766595891,0.12456251075793268,0.14751276607952274,0.171897412358713,0.20775718629869877,0.24074817832348444,0.252223305984279,0.2479201331114816,0.24792013311148095,0.2321418325778881,0.2149291410866956,0.21923231395949333,0.20201962246830052,0.18337254001950817,0.18337254001950817,0.17476619427391046,0.16472545757071616,0.15898789374031957,0.1546847208675209,0.15611911182511945,0.1891101038499061,0.20201962246830155,0.18337254001950917,0.16042228469791747
0.02492644417039711,0.02055679092665758,-0.006632162589942393,-0.0012914752920382487,0.004049212005864427,-0.005175611508695809,-0.03042249691696768,-0.05906800151481436,-0.06149558665022465,-0.04061835448569299,-0.02022663934824238,0.010360933357932733,0.010360933357932619,-0.017313537185749437,-0.02848042880863856,-0.0425604225940212,-0.10907625530427399,-0.2610430847809845,-0.5489546818406931,-0.8519173067399478,-1.0,-0.9009545264752438,-0.7048056475340596,-0.5203091772428468,-0.36834234776613745,-0.23142654612897376,-0.10082246584387825,-0.002262509346203317,0.070565044716118,0.12882708796597517,0.1710670693221216,0.2069953293262004,0.250691861763593,0.290018740957246,0.3099249390676142,0.32012079663633913,0.33711389258421404,0.34779526718002113,0.34196906285503575,0.3308021712321456,0.310895973121778,0.30506976879679204,0.2885621898759993,0.2613732363593999,0.2511773787906746,0.25894565122398927,0.26671392365730345,0.2817649514968495,0.2662284066302213,0.2463222085198539
0.00019954105557256187,-0.03160231467624537,-0.02599022248827736,0.001446672652898275,-0.006036116931058743,-0.0172603013069942,-0.036590841065549815,-0.0422029332535171,-0.051556420233464136,-0.05654494662276858,-0.06963982839469347,-0.06215703881073601,-0.05467424922677899,-0.05654494662276829,-0.058415644018758005,-0.06589843360271502,-0.09894742093185825,-0.23301406764441834,-0.5242192956200749,-0.8503442083208621,-1.0,-0.8890052878379723,-0.6202484286141873,-0.3271725032425431,-0.07400478898533389,0.09186371345904447,0.20784695201037653,0.2751920582659887,0.28891050583657657,0.2864162426419239,0.2702035318766835,0.26085004489673796,0.2602264790980746,0.2602264790980745,0.24713159732615067,0.24027237354085693,0.22031826798363832,0.21782400478898603,0.2240596627756166,0.20348199141973541,0.19475207023845212,0.1710565698892552,0.17542153047989706,0.16170308290930932,0.16357378030529818,0.18539858325850608,0.18851641225182153,0.18352788586251695,0.14424324054674328,0.12740696398283996
-0.02188258333688055,-0.06871301460258024,-0.06764868661926952,-0.016560943420324742,-0.012303631487078913,-0.02081825535357008,-0.0037890076205882384,-0.0037890076205884826,-0.028268551236750043,-0.07297032653582682,-0.06232704670271249,-0.03891183106986264,-0.06019839073608981,-0.11873642981821429,-0.17301715696709272,-0.2283622120992821,-0.25816339563199947,-0.3390523223636611,-0.5434032951594374,-0.8371578185533664,-1.0,-0.861637362169527,-0.5593682149091084,-0.26667801949849085,-0.0750989825024485,0.061134999361403264,0.16543914172591526,0.24419941249095425,0.2920941717399641,0.32934565115586045,0.375111754438248,0.35488952275533253,0.3176380433394362,0.3282813231725503,0.321895355272682,0.31870237132274787,0.31763804333943596,0.29954446762314363,0.26335731619055797,0.2229128528247278,0.20269062114181186,0.19417599727532142,0.1760824215590286,0.15053854995955634,0.1473455660096227,0.15373153390948946,0.1398952701264435,0.12712333432670772,0.12393035037677286,0.11115841457703661
-0.009687414205593018,-0.019492489312467928,-0.02602920605038555,-0.035834281157260915,-0.021453504333843368,-0.00968741420559393,0.004693362617823925,0.007961720986782583,-0.0018433541200926326,-0.005765384162843358,0.008615392660573432,0.019727811115032783,0.021035154462616612,0.020381482788824845,0.009922736008157261,-0.051522401328261545,-0.14826580904943185,-0.2901125622622284,-0.5430835000196115,-0.8411577832686205,-1.0,-0.8503091867017039,-0.5894941888588214,-0.36332378972689755,-0.1750663476748906,-0.031258579440719046,0.07855826175628483,0.1864140879319142,0.27139140552483365,0.3164947510164601,0.31780209436404394,0.3269534977971275,0.3485246630322528,0.3034213175406267,0.25047391196350005,0.1975265063863731,0.18706775960570549,0.18314572956295552,0.20275587977670656,0.20798525316704053,0.21321462655737433,0.18706775960570565,0.14392542913545436,0.1282373089644539,0.13804238407132838,0.14065707076649617,0.1315056673334121,0.15569151926370442,0.15307683256853813,0.15111581754716344
0.04126206340195462,-0.05285488063581261,-0.0005676895037202083,0.000926230242910129,-0.0005676895037195128,0.041262063401953576,0.09504317428067804,0.14882428515940183,0.10998237174699046,0.050225581881741165,0.008395828976065988,0.04723774238847771,0.12193372972004012,0.1637634826257139,0.15928172338581975,0.18169051958528734,0.21007499477128186,0.09952493352057115,-0.2784367623771271,-0.7609728405390067,-1.0,-0.8207296304042548,-0.4905733663987594,-0.1768502196062043,0.053213421375003574,0.17422092085213217,0.24144730945053663,0.28028922286294866,0.2563865069168487,0.18169051958528942,0.129403328453196,0.1383668469329832,0.15778780363918976,0.1234276494666708,0.04574382264184772,-0.012519047476768817,-0.060324479368968814,-0.04687920164928674,-0.018494726463293643,0.006901909229437041,0.0636708596014222,0.06665869909468496,0.04275598314858565,0.030804625175534953,0.039768143655323586,0.05769518061489737,0.07861005706773426,0.039768143655322545,0.029310705428903575,0.0024201499895422046
-0.03797124111908049,-0.010776081857430326,-0.007376686949723516,-0.05156882074990854,-0.0600673080191736,-0.07196519019614626,-0.041370636026787304,-0.01757487167284198,-0.05156882074990775,-0.058367610565319396,-0.03287214875752106,-0.031172451303669628,-0.034571846211374074,-0.000577897134310282,0.040214841758166746,0.06401060611211246,-0.03967093857293548,-0.2844273719277988,-0.5988714008906416,-0.8640242036917442,-1.0,-0.8929190604072489,-0.649862324506239,-0.4085052860590833,-0.22153856613522988,-0.06856579528843944,0.07760818574293893,0.160893360981746,0.20848488968963624,0.2509773260359667,0.2696739980283522,0.2747730903899112,0.2900703674745903,0.3104667369208288,0.3121664343746822,0.33766189618247977,0.30706734201312197,0.2509773260359667,0.2390794438589944,0.2730733929360586,0.26457490566679154,0.24077914131284703,0.22378216677431453,0.19828670496651543,0.17619063806642465,0.19148791515110455,0.17619063806642543,0.1438963864432135,0.13199850426624202,0.12180031954312316
-0.019523440563989226,-0.020001721812494766,-0.019045159315483805,-0.0032618781148067793,-0.014740628078935867,-0.0018270343692909504,0.012521403085870353,0.004868903109784443,0.0010426531217413786,-0.002783596866302021,0.021130465558967006,0.03739202800814956,0.08713327785270865,0.16413655886207384,0.26648874604222234,0.3535359332702009,0.3573621832582442,0.18805062128734243,-0.221836408681763,-0.7560765632622612,-1.0,-0.8416889067447224,-0.5236318764886511,-0.23570656488841832,-0.02956734678260293,0.08187218411914998,0.12300437149061208,0.15361437139495562,0.17944155881424567,0.20000765249997726,0.2000076524999775,0.17657187132321356,0.15409265264346117,0.1359179652002569,0.12156952774509593,0.12252609024210621,0.10674280904142908,0.09335093408327873,0.08952468409523556,0.07469796539156882,0.04887077797227866,0.037392028008149905,0.041696559244698166,0.03165265302608536,0.03213093427459044,0.030217809280569632,0.024956715547009956,0.010608278091849214,-0.026219378043065292,-0.0482203154743125
-0.014227144280557375,-0.021577563254439328,-0.01994413681579881,-0.0248444161317198,-0.023210989693079283,-0.043628820176084056,-0.05914637134316766,-0.059146371343166894,-0.03709511442152274,-0.023210989693079852,-0.012593717841917236,-0.011777004622597165,-0.010143578183957029,-0.013410431061237687,-0.014227144280557375,-0.035461687982882226,-0.08038091504549212,-0.23065614740040258,-0.5630584276637101,-0.8823932964178955,-1.0,-0.9003609872429392,-0.6880155502196951,-0.47485339997713283,-0.28129236699825316,-0.13510070073994265,-0.017493997157838413,0.07642802306398173,0.15809934499599798,0.2258865421995727,0.2748893353587824,0.27407262213946226,0.2961238790611069,0.3206252756407112,0.3410431061237162,0.3263422681759527,0.298574018719067,0.2781561882360632,0.26672220316558093,0.26100521063034005,0.2552882180950982,0.25610493131441864,0.2577383577530588,0.27815618823606303,0.26835562960422105,0.24548765946325685,0.22588654219957308,0.18750102089152523,0.16218291109259989,0.1425817938289161
-0.014560373260397056,-0.036012120237041916,-0.05657004442299294,-0.05701695581833954,-0.05254784186487208,-0.05388857605091188,-0.05969842419042008,-0.06506136093458117,-0.067295917911315,-0.06640209512062159,-0.07578723442290344,-0.0784687027949843,-0.09768589279489553,-0.1213721967482735,-0.1338857158179824,-0.16963862744572275,-0.22818402023614828,-0.366726552793643,-0.6223598709319893,-0.8838030372098427,-1.0,-0.9101708095353015,-0.7081668588385667,-0.4748791104675585,-0.2505295900034859,-0.06997738628339545,0.0649898551113257,0.1610758051108789,0.23258162836636034,0.2884455527847051,0.31928243906363124,0.3317959581333406,0.33939345185423536,0.35592917348206543,0.37782783185405666,0.3872129711563383,0.37782783185405633,0.3595044646448395,0.3371588948775016,0.31436641371481727,0.30632200859857533,0.3031936288311481,0.28218879324985024,0.26878145138944753,0.2656530716220203,0.2558210209243921,0.23526309673844092,0.20532003325020792,0.18118681790148375,0.1695671216224678
-0.03591836734693977,-0.031020408163266885,-0.028571428571429303,0.00489795918367371,0.007346938775509772,-0.004897959183673968,-0.017959183673470425,-0.01224489795918406,-0.014693877551021453,-0.03020408163265398,-0.023673469387755844,0.016326530612244542,0.09551020408163317,0.17387755102040908,0.234285714285716,0.24979591836734835,0.19102040816326551,0.048163265306122305,-0.2310204081632667,-0.7118367346938786,-1.0,-0.7877551020408173,-0.35836734693877703,-0.01714285714285752,0.11673469387755148,0.14857142857142905,0.15591836734693973,0.1591836734693883,0.1624489795918373,0.1477551020408169,0.13795918367347038,0.12163265306122552,0.11265306122449054,0.10612244897959262,0.09959183673469467,0.1004081632653068,0.10530612244898027,0.0922448979591842,0.05795918367346884,0.0465306122448982,0.034285714285714274,0.03591836734693857,0.02612244897959127,0.04000000000000063,0.06204081632653091,0.07918367346938773,0.06612244897959166,0.03755102040816324,0.016326530612245108,0.01551020408163258
-0.03683956864871409,-0.05717211880233781,-0.02479065003915901,-0.02328453521296484,-0.007470329537924159,-0.019519248147479247,-0.055666003976143644,-0.057172118802338856,-0.032321224170131245,-0.008976444364119027,-0.015753961081993128,-0.03759262606181136,-0.018766190734381988,-0.013494788842701354,-0.037592626061811005,-0.048135429845172106,-0.08202301343454507,-0.175402132658595,-0.3998132417615524,-0.7793541779625272,-1.0,-0.8719802397734789,-0.578287848665582,-0.2800771130791022,-0.06394963552021261,0.08515573227302868,0.16196758840894032,0.1996204590637994,0.20112657388999408,0.20790409060786819,0.22673052593529758,0.24028555937104681,0.24028555937104665,0.22974275558768645,0.24028555937104648,0.253087535393699,0.2470630760889211,0.24405084643653274,0.22898969817458917,0.23124887041388056,0.23426110006626946,0.21468160732574285,0.1815470811494673,0.16347370323513502,0.15067172721248284,0.13335140671124834,0.11904331586240131,0.11377191397072153,0.08967407675161206,0.08741490451232029
0.0524545257947471,0.06446884686546363,0.045245933152317626,0.04885022947353264,0.029627315760386633,0.011605834154312399,-0.005214215344691756,-0.03164572170026835,-0.041257178556841065,-0.10373164812456588,-0.11334310498113859,-0.10973880865992273,-0.08811303073263431,-0.07129298123363073,-0.048465771199269425,-0.04125717855683968,-0.07249441334070333,-0.24790350097316172,-0.5182257250642787,-0.8342023692241152,-1.0,-0.842612393973617,-0.6011245404522199,-0.4028882427854013,-0.26352211836509215,-0.11574596919528045,-0.018429968522479776,0.047648797366460605,0.08249032847153814,0.09330321743518291,0.08489319268568253,0.12093615589783129,0.1701948722877675,0.21104356392820275,0.27832376192421493,0.321575317778792,0.31797102145757783,0.2843309224595732,0.2783237619242146,0.28192805824542877,0.2699137371747134,0.2783237619242146,0.2735180334959281,0.2951438114232165,0.3287839104212234,0.3468053920272971,0.2879352187807876,0.21344642814234685,0.21104356392820275,0.24107936660499438
-0.0043098140623076195,0.008250215490703311,0.026474572097032696,0.017608668883142636,0.0003694126339121288,-0.01760866888314285,-0.029676148257603886,-0.02499692156138431,-0.02770594754340602,-0.0483930550424826,-0.05110208102450442,-0.06119935968476804,-0.08484176825514166,-0.10700652628986637,-0.12399950744982213,-0.16488117226942567,-0.24319665065878657,-0.3803718753848055,-0.6069449575175474,-0.8603620243812333,-1.0,-0.9009974141115625,-0.6933875138529741,-0.48602388868366014,-0.31732545253047756,-0.18015022780445838,-0.07991626646964733,0.01884004432951626,0.09346139637975645,0.1621721462874035,0.2269424947666549,0.2875261667282356,0.3328407831547839,0.36928949636744224,0.39268562984854083,0.4030291835980789,0.40056643270533204,0.39170052949144213,0.3808644255633544,0.3611624184213769,0.3510651397611134,0.3399827607437512,0.3291466568156635,0.30969092476296034,0.28013791404999455,0.24492057628370953,0.22177071789188593,0.20502401182120544,0.17818002709026068,0.16069449575175537
0.0009057971014493043,-0.0021135265700489734,-0.0791062801932384,-0.051932367149759504,-0.06400966183574947,-0.048913043478261566,-0.05344202898550846,-0.030797101449276117,-0.02173913043478339,0.01449275362318752,0.0643115942028984,0.12167874396135303,0.1397946859903392,0.13526570048309264,0.10205314009661758,0.05223429951690809,-0.044384057971013635,-0.19836956521739282,-0.4550120772946881,-0.7977053140096622,-1.0,-0.8294082125603874,-0.4655797101449298,-0.15911835748792538,0.04921497584541123,0.1322463768115958,0.18206521739130524,0.19565217391304346,0.21678743961352753,0.19867149758454244,0.20621980676328622,0.20772946859903482,0.21225845410628102,0.18055555555555627,0.16847826086956635,0.17753623188405873,0.1835748792270535,0.16696859903381667,0.16545893719806912,0.15338164251207775,0.10507246376811619,0.0748792270531415,0.05827294685990325,0.10809178743961377,0.12922705314009714,0.10507246376811655,0.07940821256038663,0.0778985507246373,0.07035024154589391,0.06582125603864701
-0.0377434365485154,0.01826851266731764,-0.02050899063595255,-0.0707761245475963,-0.05928649393921972,-0.0377434365485154,-0.03630723272246859,-0.03917964037456323,-0.019072786809904724,-0.007583156201529153,0.04555638536221057,0.059918423622680454,0.022577124145459773,-0.014764175331764261,-0.04205204802665687,-0.03774343654851574,-0.049233067156891644,-0.15838455793646375,-0.46716838053656806,-0.8219107255701733,-1.0,-0.9138277704371806,-0.6897799735738508,-0.43269948871144037,-0.26179123341184624,-0.1540759464583233,-0.09231918193830162,-0.03630723272246859,0.012523697363128677,0.046992589188258736,0.0943873154478085,0.16188889527201814,0.24949732866088456,0.27104038605158953,0.2710403860515899,0.281093812833919,0.29545585109438854,0.2925834434422952,0.32848853909346876,0.3198713161371868,0.2767852013557765,0.26673177457344877,0.2897110357902009,0.3141265008329992,0.30550927787671694,0.2681679783994956,0.2437525133566963,0.25093353248693206,0.27391279370368354,0.2394439018785558
-0.03819552512362996,-0.029982363315696692,-0.02393055987827216,-0.05764775045820802,-0.0511636753466821,-0.05375730539129253,-0.04640868693156304,-0.05116367534668231,-0.0585122938064117,-0.0619704671992257,-0.06153819552512341,-0.07407407407407406,-0.08790676764532997,-0.11513988311373982,-0.1268112183144871,-0.1406439118857426,-0.16787702735415244,-0.2551959055227035,-0.48948715288584593,-0.8141231801362518,-1.0,-0.8949579831932772,-0.6304077186430124,-0.3567797489366123,-0.13588892347062315,0.029671127710343543,0.14379084967320285,0.22116747933741412,0.2734723519037248,0.3097831725282703,0.34868762319742713,0.3707334785766155,0.3711657502507175,0.3685721202061071,0.35301033993844444,0.3318290279074591,0.31280907424698273,0.3084863575059657,0.29897638067572735,0.26698827679219855,0.22894836947124567,0.1960957222395135,0.17750804025313913,0.16064944496317102,0.1602171732890689,0.15848808659266245,0.13384860116886302,0.12088045094581071,0.09883459556662261,0.07895009855794227
-0.03209962150761349,-0.015486406055878463,-0.05954754268874111,-0.034988876368785116,-0.029210366646441853,-0.027765739215856546,-0.018375660917048914,-0.024876484354684748,-0.027765739215856712,-0.03426656265349238,-0.0516020918205203,-0.05882522897344888,-0.05521366039698383,-0.03498887636878478,-0.016208719771171033,-0.006818641472364411,-0.02415417063939285,-0.1650053451214933,-0.49221345814914347,-0.8526480020802634,-1.0,-0.8829851781225616,-0.6561786715206144,-0.39397879286931975,-0.19317558001791385,-0.05954754268874078,0.0336309265840337,0.10297304325214526,0.16725896391320696,0.204096963393141,0.21637629655311927,0.23298951200485432,0.23804570801190436,0.2380457080119045,0.2416572765883682,0.2561035508942248,0.2741613937765453,0.2922192366588657,0.30377625610355063,0.3030539423882581,0.2821068446447665,0.23515645315073286,0.21204241426136203,0.21565398283782689,0.2062639045390196,0.2012077085319701,0.20698621825431252,0.21204241426136272,0.1947068850943336,0.17737135592730713
-0.10739856801909517,-0.0055688146380264755,-0.01829753381066006,-0.00556881463802685,-0.010342084327765231,-0.019888623707240143,0.0007955449482886501,0.024661893396977223,0.0055688146380277765,-0.01670644391408258,-0.03420843277645233,-0.029435163086715427,-0.04216388225934864,-0.06443914081145714,-0.081941129673828,-0.12012728719172765,-0.1503579952267321,-0.23309466984884727,-0.46698488464598426,-0.821797931583135,-1.0,-0.8568019093078767,-0.5751789976133673,-0.28560063643595945,-0.08512330946698482,0.029435163086714865,0.12808273667462228,0.19649960222752674,0.2394590294351633,0.2585521081941131,0.29832935560859286,0.3015115354017508,0.28241845664280063,0.2553699284009552,0.22036595067621384,0.22513922036595113,0.2505966587112179,0.24264120922832275,0.23945902943516367,0.24423229912490244,0.25059665871121833,0.2617342879872729,0.22991249005568878,0.20922832140016107,0.17581543357199872,0.11853619729514739,0.08830548926014369,0.09626093874303962,0.08512330946698574,0.07239459029435141
-0.0007137758743750596,-0.008743754461100152,0.00374732334047115,0.0019628836545321246,0.011777301927194162,0.010885082084225796,0.015346181299071797,-0.0033904354032839113,-0.007851534618130537,-0.012312633832977163,-0.01588151320485376,-0.026588151320485,-0.010528194147038346,0.013561741613133607,0.003747323340470942,-0.01855817273376219,-0.03818700927908689,-0.1639900071377598,-0.4673447537473243,-0.8162027123483226,-1.0,-0.864382583868666,-0.5886866523911498,-0.3040685224839411,-0.0899357601713076,0.0501427551748752,0.13847251962883708,0.2062812276945044,0.2339400428265526,0.271413276231264,0.25981441827266233,0.23483226266952137,0.2268022840827979,0.2098501070663821,0.20092790863668863,0.19735902926481097,0.20538900785153563,0.2214489650249827,0.19735902926481116,0.19735902926481136,0.19200571020699617,0.16791577444682443,0.1563169164882234,0.14828693790149952,0.13401142041399045,0.12062812276945058,0.12955032119914406,0.11705924339757356,0.09386152748037206,0.06531049250535327
-0.028079654350102755,-0.014000228790665738,-0.007840480108411998,-0.008720444205876613,-0.0025606955236227727,-0.015320174936862815,-0.029399600496300242,-0.03027956459376455,-0.017080103131792864,-0.008280462157144461,0.019878388961730085,0.017238496669336037,-0.046998882445596635,-0.11563608204785301,-0.14203500497179772,-0.16051425101855862,-0.22651155832842032,-0.39502468299293436,-0.6365748277470279,-0.8719652238188678,-1.0,-0.904083913376334,-0.6717733916456207,-0.41834373157575244,-0.22167175579236356,-0.06459816439489324,0.03307785042370259,0.1065548525620152,0.1672723752870885,0.21171056220906204,0.24734910815638783,0.2807877438600508,0.3093865770276573,0.30982655907639006,0.3212660923434324,0.3137863975149817,0.306746684735263,0.3093865770276575,0.31730625390484074,0.3137863975149816,0.2944271873707555,0.26714830034934617,0.24690912610765514,0.24602916201018996,0.2464691440589231,0.24294928766906343,0.23766950308427437,0.23766950308427398,0.2187502749887808,0.21391047245272468
-0.025712057233533387,0.0038729458594442714,-0.03176353513891538,-0.026384443667464615,-0.018988192894220476,-0.01562626072456402,-0.017643420026358016,-0.019660579328152017,-0.0216777386299457,-0.005540464215593872,-0.0062128506495257255,-0.0028509184798691132,-0.01629864715849603,-0.05059035528899197,-0.0963126327963213,-0.1534654796804837,-0.2247384416772019,-0.3343374304080056,-0.543449611360642,-0.8319033915171731,-1.0,-0.8836771469298838,-0.6180845055270172,-0.3598881148973954,-0.15481025254834585,-0.009574782819181867,0.09800704660982816,0.19617546596379926,0.24862160781044176,0.27820661090341814,0.32191172910895377,0.33468707135364867,0.3313251391839926,0.3246012748446789,0.32527366127861046,0.3232565019768163,0.27887899733735033,0.25534547214975406,0.2580350178854798,0.24862160781044132,0.2264328554907086,0.21164035394421923,0.20895080820849413,0.20424410317097524,0.18877921519055574,0.15650466636185206,0.13767784621177578,0.12826443613673702,0.10204136521341631,0.07783545359188972
0.009833220861852393,0.020678685047719653,0.00621806613322988,0.04357466499566148,0.05683023233394422,0.026703942928757083,0.03513930396220943,0.05924033548635942,0.06647064494360388,0.06767569651981092,0.06285549021498109,0.08695652173913054,0.07490600597705595,0.04116456184324714,0.005013014557023124,-0.022703171695749105,-0.07090523474404825,-0.20466595970307674,-0.4420611202159469,-0.7794755615540351,-1.0,-0.855393810855105,-0.5372601947363354,-0.20948616600790657,0.04598476814807725,0.18697580256435023,0.22433240142678101,0.21469198881712134,0.1857707509881429,0.16407982261640783,0.18456569941193532,0.19059095729297218,0.1496192037019189,0.13997879109225925,0.16046466788778643,0.16407982261640838,0.16046466788778616,0.16046466788778616,0.12672322375397704,0.11105755326327997,0.1038272438060355,0.08093126385809367,0.06165043863877321,0.06767569651981092,0.12310806902535483,0.13395353321122294,0.09780198592499723,0.05924033548635858,0.0688807480960188,0.09177672804396093
-0.019700572911036184,0.008674737866176703,0.037050048643389594,0.07893741217165702,0.07150578315857745,0.0613717435952871,0.05866933304507662,0.06610096205815558,0.08366663063452565,0.11136633877418638,0.13839044427629452,0.18027780780456149,0.22284077397038216,0.2302724029834622,0.22621878715814492,0.266079342773754,0.22148956869527597,-0.03388822829964349,-0.42641336071776076,-0.804750837747271,-1.0,-0.8770403199654093,-0.575045940979354,-0.2791319857312734,-0.08658523402875482,0.013403956329044866,0.062047346232839244,0.10663712031131745,0.11879796778726674,0.13028321262566234,0.13771484163874237,0.12893200735055693,0.11947357042481904,0.1451464706518221,0.13095881526321526,0.12690519943789907,0.11677115987460826,0.10663712031131777,0.11271754404929225,0.08163982272186794,0.058669333045076315,0.06002053832018139,0.05731812776997108,0.06474975678305081,0.07015457788347189,0.047859690844233506,0.022186790617230768,0.011377148416387484,-0.000783699059561029,0.01002594314128178
-0.02022050618220806,-0.004597598535909965,-0.013524974333794666,0.01995268490827102,0.00879346516091631,0.006561621211444744,0.0009820113377672622,-0.012409052359059014,-0.032495647904298416,-0.07713252689372012,-0.09387135651475334,-0.08940766861581075,-0.08940766861581022,-0.08605990269160352,-0.07936437084319063,-0.10614649823684395,-0.1887247243672732,-0.3304468151586847,-0.5636745078784099,-0.8404231576128203,-1.0,-0.9151899299201005,-0.696469222871937,-0.4275320269606756,-0.2032317100388351,-0.02356827210641476,0.09583537919028735,0.17618176137124447,0.22193456233540232,0.2676873632995589,0.2989331785921533,0.3179038521626576,0.3201356961121276,0.3167879301879211,0.29781725661741715,0.2911217247690042,0.2978172566174174,0.3022809445163603,0.2978172566174182,0.2710351292237651,0.25318037762799644,0.23978931393117017,0.23420970405749267,0.20073204481542675,0.19961612284069058,0.21970271838593078,0.2241664062848731,0.20742757666383987,0.16613846359862566,0.1393563362049734
0.011693309650680807,0.005772646536411507,0.0013321492007106128,-0.0341918294849031,-0.029011249259917313,-0.004588513913558167,0.0035523978685611467,-0.0023682652457078053,-0.0008880994671407834,0.019834221432800288,0.05535820011841314,0.05535820011841332,0.008732978093545899,-0.029011249259918,-0.06971580817051526,-0.09561870929544057,-0.12448194197750181,-0.20885139135583228,-0.4686204854943763,-0.8134991119005335,-1.0,-0.8660449970396688,-0.5633510953226777,-0.2910005920663125,-0.11116044997039741,0.010213143872113266,0.10198342214328021,0.17155121373593835,0.23889875666074617,0.2788632326820615,0.28922439313203147,0.28182356423919536,0.25222024866785125,0.22409709887507473,0.20337477797513417,0.19005328596802823,0.19523386619301333,0.19523386619301347,0.19523386619301383,0.18487270574304382,0.17451154529307308,0.18117229129662557,0.18265245707519293,0.17525162818235676,0.13750740082889273,0.1175251628182362,0.12270574304322164,0.1367673179396104,0.14416814683244603,0.16563055062166976
-0.020471054369359493,0.009795289456306576,-0.003044977621248803,-0.01405092083058159,-0.019553892435249156,-0.0021278156871374003,0.01896690879741655,0.007960965588084196,-0.009465111160026707,-0.008547949225915516,0.009795289456305502,0.013463937192750483,0.02446988040208305,0.03180717587497236,-0.011299435028248447,-0.1002641426370249,-0.24242424242424312,-0.41760217183945947,-0.6523956269718989,-0.8917748917748923,-1.0,-0.8862719201702248,-0.6386381979602317,-0.375412722870351,-0.1314476483968013,0.06574216743708297,0.2033164575537463,0.28035806001907754,0.3152102135152985,0.3280504805928541,0.3243818328564091,0.31521021351529804,0.3124587277129651,0.3133758896470765,0.295032650964854,0.26751779294152195,0.26109765940274465,0.23541712524763414,0.21157091496074576,0.21065375302663455,0.2079022672243014,0.1803874092009689,0.1583755227823027,0.12444053122019294,0.12352336928608153,0.13269498862719237,0.1244405312201923,0.12627485508841446,0.11526891187908167,0.07583094871230478
-0.03353529200613526,-0.027008799886874265,-0.028640422916689643,-0.029728171603232843,-0.022113930797428395,-0.01939455908107007,-0.017762936051254695,-0.013955815648352658,-0.025377176857059144,-0.04114953281193946,-0.03407916634940667,-0.0204823077676134,-0.023745553827243897,-0.048219899274472115,-0.10695832834781904,-0.17439874691351387,-0.23803204507630593,-0.354965028879728,-0.5861116247702125,-0.8623997911522521,-1.0,-0.8857863879129365,-0.6258144518290489,-0.33103455777577206,-0.08574722896022131,0.07850282270784169,0.17422470712366664,0.2481916178086218,0.29170156527036,0.31998303112049,0.3161759107175873,0.3123687903146858,0.29931580607616404,0.2878944448674577,0.2802802040616533,0.2726659632558495,0.272665963255849,0.26124460204714295,0.2558058586144259,0.2558058586144259,0.2552619842711537,0.23622638225664352,0.21229591115268773,0.19380418348144862,0.1622594715716886,0.1448554925869937,0.1361535030946458,0.13180250834847157,0.12255664451285213,0.11439852936377615
-0.024739388936215616,-0.008931472683043017,0.016097728051147026,-0.0027839496956980573,0.012584857772664146,0.0038026820764573027,-0.011566125391905201,-0.012005234176715191,0.005120008430888497,0.006876443570130092,0.004680899646077793,-0.005418602404559932,-0.009370581467852905,-0.027813150429887686,-0.11695223374638838,-0.26493189422747565,-0.38832146275918383,-0.4735085670123915,-0.6149015957213234,-0.8489465780252397,-1.0,-0.8608025152151187,-0.5661605206073752,-0.27678783141735624,-0.05415967751850881,0.07142543493725168,0.15968630068413198,0.23126103260821862,0.27648923744368453,0.29624913276015036,0.30415309088673675,0.2971273503297708,0.30415309088673603,0.3155699192918054,0.31513081050699476,0.30415309088673614,0.2804412165069773,0.2589248860512705,0.23477390288670077,0.22467440083606263,0.22818727111454581,0.2172095514942875,0.20008430888668383,0.16802936759552844,0.14958679863349386,0.1421219492917175,0.12411848911449364,0.12719225060816622,0.14870858106387297,0.1394872965828559
-0.022338886805593143,-0.005732040499276936,-0.02501741040338547,-0.039481437831467375,-0.030910162318530134,-0.01966036320780032,-0.0025178121819259694,0.0023035302941022866,-0.001982107462366956,-0.020731772646917723,-0.018588953768682543,-0.008946268816628149,0.00498205389189399,0.031231585150264723,0.05051695505437338,0.047302726737021544,-0.014839020731773062,-0.16376493276905843,-0.4589382332458355,-0.8323244227781645,-1.0,-0.8757165050624091,-0.6207210585525262,-0.3448331279798585,-0.11287298441099379,0.06337386832378024,0.18712165854181245,0.2594417956822202,0.2797985750254463,0.30497669684469947,0.31140515347940273,0.2964054213317623,0.2931911930144109,0.25569186264530996,0.23212085498473228,0.20479991428724503,0.18926447742004687,0.20104998125033569,0.21444259923929995,0.19355011517651546,0.17747897358975792,0.16194353672255948,0.14051534794021564,0.12230138747522362,0.08962339958215071,0.07087373439760007,0.05587400224995978,0.05533829753040101,0.07248084855627548,0.05051695505437438
-0.02867052365824638,-0.02941161939299319,-0.03311709806672805,-0.027435364100334203,-0.02545910880767585,-0.0303997470393226,-0.03114084277406958,-0.037810704386792945,-0.04868010849641562,-0.050903395700656794,-0.05139745952382153,-0.053373714816480296,-0.059302480694456386,-0.06251389554502675,-0.06597234230717974,-0.06967782098091456,-0.09561617169706013,-0.1667613622327735,-0.4130521780803642,-0.8149730982248284,-1.0,-0.880189522882565,-0.6603311215742854,-0.5284160807893165,-0.5195229319723523,-0.47975079420759564,-0.29867640301774173,-0.05115042761223888,0.17191938854661268,0.32310291843500333,0.40561157690350447,0.43896088496712027,0.4530417039273137,0.445383714668261,0.4261152255648388,0.39844765146761635,0.3717682050167239,0.35151158826697204,0.3354545140141201,0.32087963123076235,0.2991408230115165,0.26776777024055964,0.24578193010973165,0.2272545367410565,0.20428056896389876,0.19489335632376992,0.19686961161642874,0.19192897338478213,0.1768600267782594,0.16673171840338374
-0.012428619415519097,-0.01626757521953972,-0.0388214405681661,-0.03882144056816599,-0.033542876337636654,-0.026824703680599502,-0.019146792072556137,-0.01866692259705364,-0.046979221651710965,-0.06953308700033611,-0.06185517539229352,-0.061375305916791155,-0.06569413119631472,-0.06809347857382819,-0.0805700849368975,-0.1079226450405495,-0.18614136954748386,-0.32866260377177475,-0.5671577330965983,-0.8632371994817413,-1.0,-0.8680358942367679,-0.6079466385143242,-0.35649503335092925,-0.15926867891933502,-0.031143528960123294,0.06339075771390155,0.15888478333893197,0.22750611833581322,0.265895676376026,0.29564758385719125,0.31100340707327667,0.31244301549978404,0.3158021018283029,0.3143624934017947,0.31052353759777374,0.3071644512692547,0.3162819713038058,0.3148423628772979,0.29612745333269386,0.27165411008205786,0.26157685109650214,0.2423820720763959,0.215989250923749,0.18287825711406552,0.16272373914295357,0.15648543596141926,0.148807524353377,0.1406497432698313,0.14160948222083647
-0.035354790605194676,-0.02655233834555385,-0.0032517294229735456,-0.04053270369910117,-0.07315355619071362,-0.09490079118512115,-0.10888115653866884,-0.11561244356074785,-0.11354127832318521,-0.10059649558841921,-0.11095232177623196,-0.13787746986454646,-0.1337351393894212,-0.14771550474296907,-0.1694627397373771,-0.20881487925106712,-0.2797522886375884,-0.41696698562611434,-0.6251190920011597,-0.8674454247959901,-1.0,-0.8974773207406487,-0.6390994573547074,-0.3279068804109195,-0.05399527774325897,0.15312124601300656,0.26807091669773425,0.32554575204009856,0.34625740441572467,0.35557764798475705,0.3514353175096315,0.3462574044157249,0.3384905347748647,0.34159728263120864,0.34522182179694344,0.3364193695373025,0.3058696822832527,0.29706723002361174,0.3006917691893461,0.27687336895737613,0.24891263825028032,0.24166355991881044,0.23803902075307587,0.23027215111221602,0.21888074230562157,0.21473841183049616,0.19299117683608877,0.17020835922289954,0.15467461994117945,0.12982063709042793
-0.06173888879807806,-0.022508459061412432,0.0020105595240041516,0.00037595828497623106,0.008548964480114518,0.017539271294767348,0.0208084737728232,0.02407767625087905,0.03878908740212886,0.029798780587476398,0.013452768197198109,-0.00779704791016301,-0.0012586429540516894,-0.005345146051620557,-0.027412262778496017,-0.08544060676398049,-0.16471876685682724,-0.29058306226196257,-0.535773248116124,-0.8381744773362543,-1.0,-0.8888471157461151,-0.6322147212187601,-0.355149811203559,-0.1148634290664803,0.043692891119212235,0.1434035666999048,0.2071530150219863,0.26272945714892926,0.3109501937002475,0.32320970299295604,0.3436422184808024,0.3444595191003165,0.3501806234369126,0.3526325252954545,0.33138270918809415,0.28806577635385944,0.26436405838795757,0.23575853670497135,0.22431632803177723,0.20061461006587455,0.17609559148045953,0.13359595926573764,0.12297105121205708,0.1319613580267107,0.10662503882178032,0.052683197933864695,0.0011932589044900007,-0.029864164637038094,-0.045392876407801666
-0.003241951996360102,-0.016039130929359657,-0.05111288059758149,-0.0468471542865819,-0.043055397565692904,-0.032628066583248655,-0.01509119174913813,-0.0037159215864718048,0.005289500625639428,0.006237439805862059,-0.004189891176582733,0.022352405869639026,0.03704546316308353,0.020930497099306007,-0.004189891176582953,-0.04068554961513758,-0.10040571796913635,-0.23406514238046744,-0.5241345315284586,-0.845959883213893,-1.0,-0.8829295112425591,-0.6184544799605668,-0.34686990482690805,-0.1340575588670245,0.013820953247639501,0.10956281045008173,0.1811322185568583,0.23137299510863502,0.2669207143669669,0.2915671330527445,0.30863003829674357,0.31147385583741016,0.31621355173852156,0.2972547681340774,0.28445758920107783,0.2654988055966335,0.260759109695523,0.24369620445152332,0.21573199863496864,0.18350206650741316,0.17212679634474776,0.16738710044363642,0.15364198233041468,0.12378189815341498,0.11051074963030437,0.10671899290941592,0.08918211807530452,0.0792287566829711,0.07164524324119377
-0.04801776548108865,0.002038661764170048,-0.009792857402890655,0.05391532272743813,0.08940988022862152,0.09942116567767326,0.06483672503549447,0.030252284393316092,-0.010702974261896092,-0.02799519458298602,-0.021624376569951573,0.035712985547344256,0.06756707561250844,0.05664567330445295,0.0420838035603768,0.027521933816301695,-0.007972623684882114,-0.1335687502275305,-0.41843532709600095,-0.7943135898649402,-1.0,-0.8534711857002445,-0.5695147256907805,-0.3265135243365269,-0.12901816593250653,0.012049947213222,0.07484801048454726,0.10852233426771976,0.1558484109359643,0.17769121555207779,0.17041028068004088,0.1722305143980494,0.17223051439804898,0.1877025010011293,0.17587098183406755,0.17496086497506316,0.17678109869307257,0.15220794349994593,0.15220794349994593,0.15311806035895115,0.1713203975390444,0.18497215042411555,0.1867923841421243,0.16585969638501624,0.16494957952601205,0.16403946266700728,0.13855619061487584,0.12945502202482911,0.13764607375587104,0.12126397029378548
-0.00020164000537776665,-0.06405430837478195,-0.03884930770264852,-0.008603306896088255,-0.03548864094636448,-0.0018819733835193945,0.03508536093561012,0.046847694582604654,0.08717569565801782,0.11742169646457849,0.10397902943944194,0.11742169646457887,0.11238069633015166,0.10565936281758238,0.09053636241430303,0.03676569431375136,-0.07749697539992007,-0.2572926468611381,-0.5076623202043299,-0.8067616615136434,-1.0,-0.8487699959671998,-0.5614329883048792,-0.26905498050813337,-0.03548864094636292,0.11742169646457887,0.1409463637585699,0.15943003091813485,0.198077698615406,0.24680736658152921,0.2333646995563919,0.1779136980776994,0.14094636375857067,0.14598736389299594,0.15774969753999243,0.1426266971367127,0.15102836402742278,0.17119236456512976,0.1879956983465527,0.1879956983465527,0.18967603172469433,0.19303669848097915,0.15943003091813368,0.10902002957386722,0.0754133620110229,0.07877402876730773,0.08381502890173378,0.08045436214544975,0.06365102836402758,0.06701169512031124
0.046633001382345295,0.04663300138234629,-0.03376872513894056,-0.03941095156148688,-0.0394109515614859,0.0014951900019750768,0.04663300138234563,0.07484413349507558,0.060738567438711095,0.028295765509069926,0.035348548537252986,0.07766524670634972,0.07907580331198712,0.050864671199254544,0.03816966174852549,0.040990774959798325,-0.025305385505121087,-0.16777160267441482,-0.46822015967500913,-0.8377859903517932,-1.0,-0.8349648771405204,-0.565548565463933,-0.3088272632380751,-0.07467486670240153,0.12562417129799375,0.2553953790165588,0.32028098287584245,0.318870426270206,0.2807853979180195,0.2807853979180185,0.26667983186165367,0.23564758653764858,0.20884701103055375,0.17217253928400233,0.14678252038254425,0.15101419019945284,0.14396140717127076,0.12280305808672058,0.12703472790363082,0.1383191807487241,0.12421361469235764,0.08612858634017051,0.0565068976218025,0.048043557987982696,0.02547465229779611,0.02688520890343384,0.035348548537254304,0.03675910514289006,0.03393799193161624
-0.033717395914328124,-0.04502721425037155,-0.032303668622322916,-0.007563441012228749,0.008694422845833214,0.0023326500318091446,0.0037463773238145134,0.00021205909380084845,0.004453240969817282,0.011521877429843952,0.0023326500318091446,-0.007563441012228421,-0.02594189580829852,-0.03937230508235025,-0.06552625998444929,-0.10369689686859436,-0.16519403407082808,-0.3037393086873543,-0.5857779034424259,-0.8692302254895026,-1.0,-0.9031596804976316,-0.6995829504488582,-0.4592493108079453,-0.2351735350250935,-0.06976744186046573,0.045451332437972274,0.12956810631229218,0.1967201526825477,0.2419594260267193,0.28154379020286957,0.2999222449989395,0.31335265427299075,0.32961051813105235,0.32324874531702813,0.30840460875097203,0.3062840178129642,0.3069908814589667,0.29780165406093134,0.28931929030889936,0.28931929030889947,0.2758888810348481,0.2539761080087647,0.2313564713366791,0.1995476072665583,0.16773874319643758,0.1479465611083628,0.13451615183431154,0.1253269244362764,0.12249946985226601
0.00032630419708674094,0.00032630419708768864,-0.0006933964188118356,-0.025166211200392107,-0.024146510584493058,-0.0068116001142063684,0.02581881959456654,0.02581881959456606,0.008483909124280322,0.01868091528327248,0.025818819594567485,0.01562181343557533,0.0044051066606838885,0.005424807276583413,0.04009462821715489,0.07680385038952565,0.07170534731002995,-0.0363829179752826,-0.35452951013582523,-0.7838234694293751,-1.0,-0.8715177223967038,-0.5645878370110543,-0.23318513684382383,-0.01802830688909781,0.10331606640290426,0.16143900150915722,0.20630582860872085,0.22058163723130966,0.19916792429742633,0.18081331321124128,0.18387241505893917,0.20018762491332606,0.1961088224497294,0.15430109719786317,0.14716319288656934,0.12778888118448503,0.12676918056858502,0.15837989966145913,0.15124199535016553,0.1400252885752741,0.14410409103887123,0.12574947995268596,0.10331606640290522,0.0941387608598114,0.07884325162132447,0.08598115593261806,0.09617816209161045,0.0992372639393076,0.11453277317779548
-0.0015912940814133008,-0.0259740259740264,0.016374929418407288,-0.03880704275961292,-0.04009034443817106,-0.02084081925979203,-0.01827421590267455,-0.015707612545557963,-0.02469072429546706,-0.03239053436681981,-0.041373646116729806,-0.006724500795647669,-0.022124120938351373,-0.02084081925979233,-0.0259740259740261,-0.05548996458087506,-0.0901391099019566,-0.15173759047277025,-0.3737487808634068,-0.7664390945023363,-1.0,-0.8357373851444999,-0.4879626302551217,-0.15302089215132864,0.07540680663210311,0.22555310302346004,0.3012679020584165,0.3076844104512099,0.29998460037985836,0.2833016785585965,0.27046866177301093,0.29998460037985775,0.2974179970227415,0.26533545505877654,0.2422360248447222,0.23966942148760473,0.1998870694522885,0.1575381140598545,0.12545557209588984,0.10877265027462742,0.0997895385247174,0.08695652173913089,0.07540680663210371,0.06770699656075185,0.06129048816795815,0.043324264668137866,0.0471741697038141,0.02535804116831668,0.013808326061289804,0.012525024382731663
0.03875470104378214,-0.03062968847414707,-0.023590692436096176,0.02165999637994465,0.028698992417996016,0.038754701043781904,0.04378255535667613,0.0437825553566752,0.03272127586831027,0.0508215513947268,0.06691068519598525,0.06087726002051385,0.04981598053214776,0.0347324175934674,0.0015485791283703005,-0.026607405023832808,-0.06381352693924323,-0.1492870502584323,-0.43688031695593643,-0.8139693904229429,-1.0,-0.8843593508034506,-0.6068217927317351,-0.3152062425839159,-0.09599179454176177,0.05484383484504176,0.15338977937775242,0.2278020232085756,0.23584659010920506,0.2288075940711544,0.2298131649337337,0.208696176819581,0.18858475956800666,0.1684733423164332,0.18657361784284973,0.19160147215574377,0.17752348007964172,0.16143434627838305,0.1503730667900174,0.147356354202281,0.13730064557649393,0.14333407075196627,0.15238420851517429,0.157412062828069,0.14534521247712362,0.13830621643907273,0.1282505078132864,0.09104438589787456,0.0779719646843511,0.05182712225730465
0.00989736070381322,-0.012096774193549964,-0.01942815249266804,-0.01576246334310879,-0.004765395894428902,0.042888563049852876,0.05388563049853404,0.09787390029325571,0.12353372434017644,0.1345307917888555,0.10337243401759438,0.04472140762463314,0.0575513196480933,0.1326979472140748,0.15102639296187614,0.2243401759530795,0.2225073313782984,0.044721407624633995,-0.347507331378301,-0.7745601173020528,-1.0,-0.8313782991202354,-0.49413489736070376,-0.1880498533724341,0.028225806451613315,0.17302052785923808,0.2041788856304987,0.1950146627565987,0.18585043988269906,0.1675219941348981,0.1675219941348981,0.2078445747800597,0.18768328445747848,0.12719941348973696,0.06304985337243281,0.044721407624633995,0.041055718475073034,0.04655425219941341,0.06121700879765468,0.055718475073313026,0.05571847507331388,0.03555718475073352,-0.017595307917888197,-0.026759530791788673,-0.023093841642228996,-0.0010997067448679449,0.022727272727273366,0.0777126099706745,0.08137829912023546,0.08321114369501444
-0.020168664465188602,-0.04487029477278917,-0.01670176898342015,-0.02926926510483073,-0.014968321242535616,-0.022768836076514736,-0.03663641800358864,-0.051804085736326076,-0.04140339929102062,-0.028402541234387915,-0.025369007687841172,-0.02623573155828339,-0.021902112206072622,-0.013668235436872601,0.013633566482054209,0.09077199095140326,0.13454154640873042,-0.015401683177756425,-0.4045607010062679,-0.8288220355876819,-1.0,-0.882992277490314,-0.6303422692564385,-0.37162519392946775,-0.15841112180070677,-0.016268407048198836,0.08600500966397161,0.17224403477296207,0.2428820302139946,0.29185192889397443,0.3269542456468797,0.3247874359707746,0.3087530443675949,0.3031193392097215,0.2844847759952164,0.26801702245681586,0.23681496312089984,0.221647295388163,0.21081324700763623,0.1943454934692365,0.1726773967081833,0.15144266188235145,0.12414085996342494,0.11850715480555069,0.11157336384201387,0.10117267739670832,0.0725707896721189,0.06260346516203423,0.04483562581797097,0.031401405826117876
-0.058885383806520065,-0.06940063091482733,-0.0441640378548905,-0.026288117770767484,-0.02418506834910633,-0.012618296529968497,-0.015772870662460477,-0.036803364879074735,-0.05467928496319702,-0.08307045215562706,-0.11041009463722454,-0.13564668769716234,-0.12197686645636287,-0.13144058885383955,-0.1671924290220829,-0.20609884332281944,-0.2355415352260793,-0.3270241850683511,-0.5615141955835972,-0.8496319663512081,-1.0,-0.8759200841219767,-0.5825446898002109,-0.28706624605678377,-0.05678233438485916,0.10094637223974721,0.19348054679285012,0.23238696109358642,0.2628811777076771,0.29337539432176735,0.3165089379600422,0.2975814931650896,0.2860147213459523,0.3070452155625666,0.33123028391167203,0.34490010515247205,0.3564668769716094,0.3291272344900114,0.2828601472134603,0.2597266035751852,0.24185068349106334,0.22502628811777212,0.2155625657202952,0.21135646687697288,0.19453207150368068,0.18086225026288144,0.17350157728706764,0.15036803364879076,0.13774973711882282,0.14931650893796117
-0.017202648380232034,-0.03789311894064781,-0.05858358950106462,-0.07927406006148074,-0.13395601797115173,-0.1975053204067157,-0.2773114211397493,-0.35268384960983884,-0.4280562780799259,-0.43840151336013417,-0.41771104279971705,-0.41032158902814075,-0.3822416646961473,-0.3482501773468917,-0.32017025301489854,-0.3127807992433222,-0.30982501773468996,-0.3911090092220402,-0.5714116812485238,-0.8462993615511945,-1.0,-0.8758571766375047,-0.6068810593520944,-0.29947978245448276,-0.05267202648380253,0.13945377157720568,0.27985339323717345,0.3803499645306225,0.43355403168597884,0.47493497280681113,0.4926696618585967,0.4793686450697573,0.4764128635611254,0.4690234097895494,0.4365098131946104,0.4350319224402945,0.44685504847481733,0.45128872073776344,0.4335540316859782,0.41138567037124746,0.384783636793569,0.3522700401986296,0.31236698983211236,0.28576495625443515,0.2916765192716969,0.3064554268148513,0.31088909907779777,0.2754197209742273,0.2281272168361326,0.17787893118940776
0.0002177344728103492,-0.02563823417342628,-0.04809210168200006,-0.030401175766153702,-0.025638234173425964,-0.006586467802515347,0.006341516520602968,0.002939415382940432,0.0036198356104730355,0.0036198356104728776,-0.005225627347450621,-0.04196831963420712,-0.0569375646399223,-0.08347395351369089,-0.09776277829187457,-0.14811387512928104,-0.21955799902019657,-0.33182733656306296,-0.5345925643677544,-0.838059985847259,-1.0,-0.85439007130804,-0.5461597082358072,-0.22159925970279373,0.02607370311904634,0.16964237112841,0.24789069729464996,0.27714876707854846,0.2955201132219269,0.32818028414348754,0.3166131402754341,0.2948396929943937,0.254694899569975,0.2404060747917924,0.2240759893310119,0.2193130477382837,0.22475640955854437,0.20706548364269814,0.20570464318763296,0.19413749931958046,0.19685918022971055,0.19073539818191823,0.17440531272113724,0.1403843013445107,0.12337379565619787,0.11588917315333988,0.11656959338087311,0.10704371019541686,0.09751782700996202,0.11044581133307987
0.00768333400378074,-0.015447121766765654,-0.03857757753731158,0.0036606460436862834,-0.0053904018665290486,0.0006436300736145077,0.012711693953899277,-0.0013677139064336564,-0.023492497686955497,-0.022486825696931414,0.0036606460436860518,0.038859165694517216,0.044893197634659134,0.05696126151494461,0.08009171728549076,0.082103061265538,0.007683334003781444,-0.1351220885795902,-0.4358180135966865,-0.837081137616156,-1.0,-0.8390924815962023,-0.511243412848467,-0.22965525564182185,-0.04058892151735904,0.05696126151494437,0.15451144454724683,0.23194818777907492,0.2731807393700482,0.2741864113600716,0.2691580514099538,0.24502192364938327,0.23597087573916983,0.18769862021803008,0.16859085240757954,0.18970996419807803,0.18367593225793608,0.17361921235769856,0.1555171165372709,0.1414377086769387,0.1283639728066303,0.12635262882658213,0.10221650106601261,0.07506335733537105,0.07003499738525298,0.06701798141518216,0.05494991753489738,0.06198962146506384,0.08411440524558546,0.08512007723560906
0.05661881977671399,0.019238437001595082,0.011762360446570896,-0.003189792663476899,-0.0168959330143539,-0.029356060606061267,-0.025618022328548592,-0.003189792663476609,0.032944577352472665,0.04042065390749685,0.03668261562998418,0.03419059011164346,0.014254385964912195,-0.009419856459330581,-0.03932416267942646,-0.0667364433811796,-0.12779106858054243,-0.2598684210526316,-0.48664274322169093,-0.8168361244019141,-1.0,-0.8704146730462515,-0.6000299043062202,-0.33836722488038434,-0.13900518341307871,-0.008173843700160367,0.07032496012759099,0.12016547049441785,0.1575458532695379,0.1986642743221698,0.2111244019138751,0.23604465709728753,0.26470295055821463,0.23604465709728928,0.20364832535885152,0.1974182615629981,0.23853668261563027,0.2647029505582132,0.24476674641148308,0.22483054226475327,0.22233851674641197,0.241028708133971,0.21361642743221787,0.2011562998405102,0.1774820574162677,0.16128389154704972,0.1401016746411488,0.12390350877192993,0.11891945773524763,0.12639553429027153
-0.010570168635185824,0.0005096727014859351,0.03264121257783595,0.014913466439160979,0.007157577503488889,-0.003922263833182612,-0.021650009971857842,-0.02608194650652665,-0.021650009971857842,-0.023865978239192242,-0.02608194650652613,-0.046025660912535765,-0.06042945465021054,-0.05599751811554096,-0.02386597823919199,-0.04602566091253705,-0.14463624880891893,-0.32966959913134275,-0.6044496642808085,-0.8725818246282714,-1.0,-0.8670419039599352,-0.6354732200234898,-0.40944445675538127,-0.20779134442794853,-0.03162186717486304,0.10355219713253687,0.20327076916258527,0.264209896514282,0.2797216743856236,0.302989341192635,0.2896935315886293,0.2908015157222959,0.30963724599463816,0.32514902386597977,0.29855740465796643,0.28858554745496096,0.2686418330489521,0.23540230903893578,0.21767456290025977,0.2110266580982566,0.20548673742992069,0.1877589912912455,0.18554302302391057,0.1910829436922472,0.18554302302391157,0.16559930861790068,0.1622753562168997,0.13900768940988834,0.10244421299887109
0.009702166064981657,-0.01737364620938648,0.023240072202165986,-0.01850180505415221,-0.009476534296029761,-0.019629963898917156,-0.019629963898916632,-0.02639891696750919,-0.015117328519856064,-0.0038357400722018858,-0.025270758122744246,-0.029783393501805863,-0.03429602888086722,-0.04332129963898994,-0.0636281588447663,-0.07829422382671583,-0.11101083032491053,-0.255415162454875,-0.5566335740072209,-0.8623646209386276,-1.0,-0.8950812274368228,-0.6852436823104693,-0.4912003610108315,-0.35356498194945984,-0.22269855595667923,-0.11326714801444068,-0.04219314079422447,0.04693140794223797,0.15974729241877292,0.2454873646209392,0.2872292418772566,0.3244584837545137,0.3560469314079432,0.35491877256317694,0.3650722021660654,0.37184115523465744,0.3740974729241876,0.35943140794223855,0.3594314079422394,0.3436371841155238,0.31204873646209436,0.25338447653429697,0.2319494584837554,0.22066787003610228,0.22856498194945898,0.22630866425992804,0.20374548736462206,0.1710288808664271,0.1642599277978348
-0.02345575179889783,-0.01411083076348024,-0.010995857085007832,-0.010995857085008194,-0.02345575179889674,-0.029685699155843008,-0.03280067283431578,-0.028128212316606258,-0.010995857085007832,0.024826340217424688,0.04663115596673119,0.013923932342772163,0.004579011307354212,-0.025013238638134216,-0.04993302806591421,-0.0810827648506383,-0.16674454100863045,-0.2819985671121099,-0.4782419088558724,-0.7772793819892236,-1.0,-0.8068716319347107,-0.35675793539544737,0.054418590162913116,0.291156589726818,0.38149082640251675,0.3861632869202263,0.3674734448493922,0.31763386599383364,0.27558172133445596,0.20860978724729862,0.15877020839173972,0.15254026103479598,0.1229480110893072,0.11983303741083515,0.15877020839173972,0.16344266890944814,0.11827555057159876,0.07778089275145746,0.04974612964520468,0.0731084322337472,0.10737314269694478,0.09491324798305444,0.0497461296452036,0.03572874809207939,0.05753356384138625,0.07155094539451191,0.07622340591222143,0.07933837959069238,0.06843597171603986
0.009646623681711234,0.010271405008247017,0.029014844804318627,0.022767031538961372,0.013395311640925354,0.008397061028639814,0.0040235917428900585,-0.0047233468286097405,-0.014095066726646196,-0.028465037236967753,-0.033463287849253,-0.036587194481931484,-0.039711101114610105,-0.05907932223721735,-0.06407757284950318,-0.06595191682911039,-0.08781926325786046,-0.15779477182985988,-0.36709651621932293,-0.7881991303043938,-1.0,-0.7638326585695012,-0.3664717348927878,-0.049082821012645834,0.11710901184585416,0.16459239266256828,0.1758384565402115,0.18583495776478215,0.18521017643824664,0.18770930174438935,0.18146148847903254,0.17958714449942548,0.16396761133603222,0.15584545409106848,0.15896936072374682,0.16084370470335402,0.1583445793972113,0.16084370470335385,0.1589693607237471,0.14897285949917574,0.13710201429499702,0.1171090118458543,0.1146098865397116,0.12023291847853264,0.1208576998050687,0.128979857050033,0.13397810766231827,0.12710551307042584,0.10523816664167544,0.07962213225371094
0.0011337625943902195,-0.027745095941986722,-0.05769354183156218,-0.03844096947397755,-0.023466746529189196,-0.006353348878003083,6.417524119245594e-05,-0.009562110937600605,-0.014910047703596392,-0.009562110937600605,-0.032023445354782756,-0.04913684300596938,-0.050206430359168136,-0.028814683295185734,-0.02560592123558796,-0.027745095941985477,-0.061971891244357966,-0.14112135538109624,-0.3700130489657105,-0.7764562431813813,-1.0,-0.768969131708988,-0.35183006396132593,0.011829636126381542,0.1990074229362318,0.2257471067662107,0.23430380559180353,0.20114659764263032,0.1711981517530546,0.1872419620510415,0.21184247117462165,0.20328577234902956,0.18403319999144396,0.16050227822106228,0.1690589770466561,0.16691980234025833,0.19365948617023604,0.1776156758722494,0.12627548291869006,0.09418786232271634,0.09097910026311806,0.09204868761631883,0.11985795879949578,0.15729351616146578,0.156223928808267,0.10702291056110567,0.09418786232271585,0.06958735319913642,0.03215179583716643,0.03322138319036518
-0.01462610725811994,0.004829590972555781,-0.024926182792007024,-0.05697086223076858,-0.02378172995490911,-0.011192748746825134,-0.012337201583923048,-0.022637277117810665,-0.01920391860651426,-0.018059465769415545,-0.034081805488796725,-0.06040422074206339,-0.07070429627595075,-0.0638375792533598,-0.05239305088237293,-0.05925976790496494,-0.07528210762434479,-0.18629403282290846,-0.4712627892604552,-0.8180319989013257,-1.0,-0.872965735082057,-0.5937192428300039,-0.29959486369566823,-0.097026711529219,0.0334409119000212,0.14330838426148457,0.21083110165030117,0.2577536679713428,0.290942800247202,0.3103984984778777,0.3195541211746666,0.31955412117466714,0.3058206871294831,0.27720936620201875,0.26462038499393503,0.272631554853625,0.25432030946004797,0.2073977431390066,0.1936643090938226,0.18107532788573863,0.1684863466776544,0.17306415802604871,0.1616196296550629,0.15475291263247118,0.13071940305340032,0.10210808212593599,0.08723019524365405,0.062052232827485024,0.07120785552427472
0.002859866539560667,0.008579599618684285,-0.05243088655862764,-0.06005719733079202,-0.008579599618685237,-0.0066730219256427,0.025738798856052923,0.03527168732125806,0.03717826501430015,0.010486177311724602,-0.0219256434699719,-0.046711153479504906,-0.035271687321258564,0.05815061963774987,0.1439466158245948,0.15157292659675742,0.0981887511916112,-0.05052430886558732,-0.378455672068637,-0.7788369876072441,-1.0,-0.7673975214489995,-0.2697807435653012,0.18970448045757843,0.46043851286939996,0.510009532888466,0.43755958055290767,0.3288846520495731,0.21448999046711276,0.15729265967588238,0.14966634890371755,0.13632030505243178,0.09437559580552968,0.050524308865587265,0.04671115347950485,0.06196377502383272,0.07530981887512027,0.04861773117254473,0.04099142040038123,0.014299332697808347,0.02764537654909368,0.021925643469971393,0.01239275500476714,-0.008579599618683905,-0.012392755004765875,-0.010486177311725112,-0.04480457578646548,-0.05815061963775081,-0.027645376549095074,-0.012392755004766762
-0.016787760061498194,0.05388449425942871,0.010489250378158102,0.015448706821731292,0.040245989039601,0.06256354303568352,0.05388449425942929,0.047685173704962225,0.056364222481215885,0.053884494259429,0.06132367892478994,0.04024598903960071,0.06752299947925701,0.09108041758623225,0.1357155255783976,0.21010737223200385,0.2832593547747179,0.2745803059984634,-0.032905993503112504,-0.6379596796191142,-1.0,-0.841297393805639,-0.5077739479753035,-0.23004438713517134,-0.06142286805366297,0.03652639670692139,0.11091824336052876,0.10471892280606025,0.08860068936444566,0.07372232003372435,0.05884395070300248,0.06132367892478936,0.06256354303568382,0.04644530959406864,0.03900612492870828,0.04520544548317534,0.04520544548317591,0.035286532596026945,0.016688570932625744,0.010489250378158102,0.035286532596027806,0.08364123292087189,0.11339797158231536,0.10347905869516724,0.10843851513874189,0.10843851513874131,0.1022391945842728,0.09727973814069989,0.08364123292087218,0.09851960225159435
-0.04330132438510683,-0.018312926141435162,-0.018312926141435162,-0.07185949380644849,-0.05579552350694411,-0.027237354085604532,-0.00581872701959788,-0.027237354085602874,-0.03437689644093704,-0.018312926141433917,-0.009388498197266622,-0.007603612608431006,0.010245243279906497,-0.002248955841930786,-0.08078392175061704,-0.1789526291364743,-0.30746439153250343,-0.44133081069503655,-0.6251740263449126,-0.832220754649628,-1.0,-0.8839824367258065,-0.6144647128119102,-0.33066790418734243,-0.10577231999428954,0.03523364152357775,0.12269303537643253,0.16910006068611083,0.2065826580516177,0.2708385392496348,0.3047513654374754,0.3279548780923152,0.31189090779281126,0.33152464926998354,0.34758861956948583,0.33687930603648375,0.31546067897047875,0.2744083104273019,0.2815478527826373,0.2815478527826381,0.23514082747295897,0.21372220040695522,0.21372220040695442,0.1994431156962852,0.20301288687395314,0.17266983186377796,0.16017563274194108,0.1601756327419423,0.1423267768536052,0.11198372184343044
-0.033722632097733976,0.02153588816870235,0.11861166701514461,0.07231398787299544,0.058872726186565374,0.05439230562442213,0.024522835210130947,-0.038203052659877564,-0.0471638937841644,-0.062098628991309475,-0.05911168194988053,-0.030735685056304342,-0.015800949849159966,0.020042414647988054,0.04095104393799031,0.09172914364228375,0.11114429941157308,-0.03222915857701899,-0.38468890946563644,-0.7640311837271123,-1.0,-0.8640939096149832,-0.5385166820992283,-0.2443023985184775,-0.011320529287016032,0.09770303772514095,0.17685713432300884,0.22614176050658796,0.24555691627587486,0.23659607515158804,0.20523313121658393,0.21120702529944252,0.2485438633173045,0.23958302219301733,0.22912870754801584,0.18133755488515307,0.16640281967800805,0.1156247199737146,0.06634009379013754,0.08426177603871086,0.12458556109800319,0.12159861405657355,0.11413124645300134,0.09919651124585663,0.09172914364228271,0.09471609068371374,0.06634009379013686,0.036470623375847416,0.014068520565129817,0.018548941127272713
-0.06762392190313757,-0.06999336555776771,-0.038005876220264155,-0.0012794995735005538,-0.020235048810540168,-0.03919059804757923,-0.051037816320728374,-0.052222538148043736,-0.05696142545730267,-0.01668088332859493,0.024784380627428992,0.017676049663538786,0.03070798976400384,0.0354468770732636,0.005828831390389371,-0.07828641834897217,-0.17187944270685435,-0.3081224528480733,-0.542697374656432,-0.8578333807222063,-1.0,-0.8791583736138743,-0.6398445644962567,-0.4135626954791033,-0.23940858686380537,-0.09250308027675286,0.05084826082835715,0.14562600701355333,0.1930148801061521,0.21433987299782103,0.2498815278172687,0.2877926262913483,0.288977348118662,0.30200928821912676,0.30319401004644153,0.2913467917732921,0.30319401004644186,0.28779262629134794,0.27476068619088373,0.249881527817269,0.2617287460904184,0.2700217988816226,0.2510662496445838,0.23092597858023017,0.21789403847976574,0.19775376741541126,0.20012321107004147,0.16932044355985268,0.15510378163207367,0.12548573594919998
0.031186596665899017,0.03536990943127839,0.030140768474554172,0.04582819134472635,0.031186596665900235,0.033278253048588946,0.015499173795729524,-0.014829843753268514,-0.01378401556192367,-0.005417390031166137,-0.014829843753268027,-0.020058984709992244,-0.02947143843209584,-0.037838063962852886,-0.03365475119747351,-0.06189211236378066,-0.15183333681942845,-0.34008241126147987,-0.5733020979313536,-0.8389424585329127,-1.0,-0.8839130707607358,-0.6402351021774153,-0.3620448032797187,-0.1256876320358093,0.020728314752451554,0.15564015143592255,0.2236189838733301,0.24453554770022476,0.2476730322742581,0.25499382961367123,0.2570854859963617,0.23721475036081208,0.2508105168482926,0.28218536258863425,0.29682695726746083,0.28218536258863525,0.27277290886653216,0.26022297057039523,0.2351230939781219,0.217344014725261,0.18910665355895365,0.16296094877533573,0.14413604133113048,0.13263193122633937,0.10962371101675354,0.10962371101675403,0.10962371101675426,0.12112782112154707,0.10753205463406508
0.058115801912127944,0.027231711247179356,0.04603072295627926,0.021860565044580053,0.0379740036523789,0.015146632291329438,-0.00902352562036853,0.0017187667848307052,0.019174991943280865,0.021860565044580366,0.03663121710172947,0.00171876678483258,-0.013051885272317461,-0.013051885272317461,-0.011709098721666152,-0.026479750778817132,-0.04125040283596592,-0.17150069824900865,-0.48034160489848643,-0.8388656139220114,-1.0,-0.8737780642389081,-0.6226769792673765,-0.37963261359974465,-0.2883231281555509,-0.23058330647760386,-0.17821463100225646,-0.08153399935546275,-0.004995165968416785,0.06080137501342775,0.10511333118487506,0.12122676979267391,0.13868299495112282,0.1534536470082719,0.18836609732517068,0.2138790417875184,0.22596412074336736,0.2353636265979175,0.27027607691481437,0.30921688688366145,0.3293586851434105,0.32801589859276076,0.3199591792888607,0.3454721237512103,0.3481576968525098,0.3051885272317122,0.2689332903641643,0.26490493071221444,0.23670641314856758,0.20850789558491878
0.03399196249162749,-0.0030858291072635618,0.02262941345325793,0.008276719931106983,0.007080662137593708,-0.008468089178070237,0.0028944598602997505,-0.0036838580040189466,-0.00906611807482576,-0.01863458042292681,-0.021624724906708047,-0.0024878002105067853,0.008276719931106983,0.016051095588938535,0.014855037795425817,0.015453066692182037,-0.02820304277102744,-0.14960290881255456,-0.4456272127069194,-0.7942780595158365,-1.0,-0.8642474404363223,-0.594536407999235,-0.3260214333556611,-0.1298679552195972,0.002894459860300306,0.08243230312888715,0.13864701942397892,0.16555831977801172,0.1846952444742126,0.19067553344177587,0.2050282269639268,0.2337336140082297,0.23313558511147403,0.23433164290498565,0.22536120945364205,0.21220457372500315,0.19306764902880227,0.17871495550665023,0.16555831977801214,0.15240168404937407,0.15658788632666815,0.16615634867476892,0.1637642330877435,0.15180365515261784,0.16376423308774446,0.15180365515261796,0.16496029088125663,0.17094057984881883,0.1817050999904319
-0.035909570556071115,-0.08227544527228117,-0.03750839382214783,-0.008729575032775756,-0.037508393822147094,-0.058293096281138164,-0.07588015220797577,-0.07747897547405212,-0.04710133341860408,-0.021520161161385817,-0.018322514629233115,-0.026316630959614125,-0.01512486809708116,-0.04550251015252922,-0.08067662200620408,-0.14462955264925176,-0.2341636555495166,-0.33968599111054454,-0.5475330157004449,-0.8161353244012416,-1.0,-0.8561059060531451,-0.5747130112237406,-0.31250599558724923,-0.1222460269241851,0.0632174719406522,0.17993157036421278,0.2470821475394124,0.28385508265916326,0.30943625491638227,0.32702331084321984,0.3190291945128393,0.30304096185207796,0.2870527291913152,0.277459789594859,0.25507626386979304,0.27745978959486006,0.2710644965305543,0.2598727336680217,0.22949509161257406,0.2119080356857368,0.18952450996066975,0.18153039363028872,0.1911233332267461,0.19751862629105113,0.16234451443737363,0.14155981197838483,0.15115275157484143,0.1703386307677554,0.12876922584977515
0.10053690933611487,0.1100791368737119,0.060459553678210286,0.04391969261304285,0.04710043512557534,0.040102801598004605,0.040738950100511546,0.053461920150640455,0.028652128552889726,0.0006615944426068151,-0.01206137560752209,-0.02096745464261157,-0.060408661798011146,-0.10239446296343492,-0.13483803659126303,-0.18382147128425785,-0.25761469757500277,-0.38738899208631394,-0.6011348889284719,-0.8562304384335487,-1.0,-0.8670449629761575,-0.5941372554009013,-0.3593984579760309,-0.19336369882185364,-0.1030306114659411,-0.026056642662663543,0.017201455507773817,0.04773658362808154,0.08908623629099971,0.11007913687371174,0.15651797755668012,0.18069162065192568,0.18005547214941858,0.20677370925468896,0.2277666098374013,0.2519402529326455,0.27102470800783823,0.28756456907300504,0.3060128756456923,0.3174635486908071,0.3155551031832884,0.3104659151632371,0.2964706481080948,0.2742054505203702,0.2729331535153567,0.2780223415354086,0.27547774752538323,0.2780223415354088,0.28311152955546
0.18266678085124605,0.14584225400359743,0.10559218977477033,0.14584225400359702,0.1261454140618307,0.12700179840712478,0.12100710799006673,0.14070394793183225,0.14241671662241995,0.11843795495418291,0.06277297251006227,0.015671833518882638,-0.029716536781708224,-0.06739744797465232,-0.10079643744112426,-0.15303588250406808,-0.23353601096172047,-0.39025434615055266,-0.6257600411064489,-0.8586965830264621,-1.0,-0.8706859638605806,-0.6814250235505703,-0.5229939196711488,-0.39367988353173017,-0.3097542176929013,-0.25580200393936814,-0.20613171191230753,-0.14019011732465647,-0.07082298535582818,-0.015158002911706906,0.03279952042476636,0.07219320030829877,0.12528902971653724,0.16125717221889121,0.17239016870771726,0.19294339299477703,0.2511775284747797,0.26316690930889985,0.30256058919243084,0.3479489594930215,0.3402415003853733,0.32739573520596077,0.330821272587137,0.3530872655647869,0.4130341697353775,0.4395820844394969,0.4310182409865549,0.46013530872655706,0.47469384259655834
-0.02067821036312527,-0.014127562940804033,-0.0163111120815782,-0.013035788370417455,-0.0010262680961630809,0.006616153896542701,-0.009760464659257725,0.002249055614996648,0.003340830185382969,-0.00648514094809698,-0.03705482891892569,-0.03596305434853835,0.003340830185382969,0.02954341987466411,0.10378409066096096,0.32541432844946266,0.5492281153787381,0.5197502019782967,-0.005393366377710657,-0.7084961897067504,-1.0,-0.7892875079153664,-0.4126252811319524,-0.09491888114942111,0.12125248378714719,0.21951219512195205,0.23588881367775244,0.21951219512195277,0.16273991746184294,0.10269231609057414,0.06666375526781253,0.0535624604231726,0.062296656986265714,0.06993907897897302,0.08085682468283956,0.0863156975347737,0.06884730440858593,0.05683778413433258,0.039369391008145585,0.047011813000851624,0.04155294014891797,0.028451645304277278,0.0011572810446098178,0.015350350459637344,0.015350350459637344,-0.002118042666550421,-0.020678210363124762,-0.04033015263008618,-0.058890320326659515,-0.05124789833395271
-0.02874659826707135,0.016609840783258386,0.03694203759892369,0.032249992179923505,0.06822234039225504,0.10575870374425256,0.182395445587914,0.22775188463824445,0.1980355969845802,0.16675529419124924,0.16362726391191543,0.14016703681691736,0.1354749913979172,0.1323469611185837,0.14173105195658336,0.11357877944258475,0.07604241609058796,-0.1147674309487339,-0.47136288279270766,-0.8435984860333459,-1.0,-0.8780068191060099,-0.6168162907816962,-0.3743939441333806,-0.18045606681472895,-0.07410303731740253,-0.03343864368607154,0.03381400731959133,0.06040226469392139,0.11357877944258513,0.12609090055991826,0.11045074916325166,0.10575870374425328,0.11514279458225149,0.15580718821358322,0.1354749913979172,0.11045074916325166,0.11357877944258549,0.12921893083925134,0.1260909005599179,0.12609090055991898,0.1354749913979168,0.13703900653758355,0.14642309737558284,0.14955112765491593,0.1464230973755832,0.15424317307391539,0.13703900653758355,0.07135037067158814,0.03850605273859006
0.004746689322719655,0.021369336756367558,0.022292817169347893,-0.008182036459007136,-0.014646399349870316,-0.02757512513159668,-0.02295772306669416,-0.025728164305636014,-0.028498605544577223,-0.036809929261401066,-0.03588644884842074,-0.021110762240733282,0.001976248083777799,0.003823208909738677,0.008440610974640767,-0.0017176735681446028,-0.04881517463014732,-0.1910311582291362,-0.49116229244777876,-0.8346970060765022,-1.0,-0.9196572040707024,-0.7386550431265364,-0.5281015089669966,-0.35910459339157674,-0.23166429640027572,-0.15686238294885987,-0.09037179321426717,-0.02665164471861613,0.04260938625491819,0.11648781929335375,0.179284487376024,0.22822894926398699,0.27902037197791163,0.33258223593077707,0.37044493286297436,0.38429713905768215,0.385220619470662,0.35197532460336667,0.3316587555177972,0.31318914725818753,0.3113421864322269,0.29102561734665705,0.28548473486877457,0.3067247843673255,0.2993369410634815,0.2771734111519512,0.2494689987625378,0.22268806678610475,0.21899414513418347
-0.03979907264296891,0.02395672333848659,-0.030139103554868908,0.010432766615147948,-0.03786707882534801,-0.09196290571870216,-0.10548686244204171,-0.07457496136012486,-0.03979907264296846,-0.04366306027820801,-0.1112828438949008,-0.12094281298299947,-0.08616692426584352,-0.08230293663060397,-0.08230293663060352,-0.047527047913448014,-0.032071097372488463,-0.12480680061823901,-0.404945904173108,-0.7874806800618235,-1.0,-0.9053323029366305,-0.6329211746522414,-0.31993817619783743,-0.05911901081916531,0.1282843894899531,0.2326120556414223,0.2982998454404947,0.34273570324575064,0.3118238021638342,0.28091190108191777,0.2635239567233383,0.2751159196290583,0.33114374034003197,0.35046367851622834,0.3214837712519324,0.27125193199381825,0.2712519319938196,0.2635239567233396,0.20363214837712634,0.14374034003091313,0.12635239567233492,0.1089644513137567,0.0973724884080367,0.08384853168469895,0.10123647604327717,0.11089644513137627,0.10896445131375533,0.09350850077279804,0.10510046367851669
-0.010925343486177283,-0.035755669591128386,-0.0036831650389016956,0.0025244164873363855,0.01287038569773149,0.023216354908127807,0.030458533355405323,0.025285548750207158,0.030458533355405323,0.04701208409203778,0.07804999172322455,0.14736798543287535,0.17012911769574543,0.16185234232742945,0.11943386856480714,0.04287369640787954,-0.06989736798543252,-0.2902665121668604,-0.5975417977156092,-0.8820559510014895,-1.0,-0.8706753848700544,-0.609956960768085,-0.3782072504552233,-0.22508690614136925,-0.09576229101142304,0.019077967223969323,0.09563813938089791,0.16081774540639002,0.215651382221487,0.23634332064227792,0.2518622744578717,0.2756580036417807,0.31704188048336407,0.3180764774044035,0.2942807482204932,0.26738122827346517,0.24772388677371296,0.2425509021685148,0.2611736467472276,0.2570352590630686,0.20530541301109212,0.1618523423274299,0.10908789935441181,0.06873861943386912,0.05218506869723617,0.04804668101307723,0.04080450256579995,0.025285548750207158,0.006662804171493896
0.04440736700250307,-0.013347879099019112,-0.06789450041712161,-0.006930629532182733,0.01071680677661507,0.023551305910287076,0.026759930693704144,-0.016556503882436555,-0.014952191490727459,-0.005326317140474386,-0.01013925431560055,-0.0005133799653478493,0.0010909324263616202,-0.008534941923891828,-0.013347879099019112,-0.021369441057562718,-0.08554193672592089,-0.23955592632997605,-0.4978502213951112,-0.828338574087146,-1.0,-0.8684463838798684,-0.6213822755566966,-0.38394404158377926,-0.18019636783674517,-0.0037220047487649174,0.08932811397035285,0.13424886093820265,0.17275235833921718,0.2176731053070655,0.2609895398832062,0.2786369761920047,0.2802412885837135,0.29628441250080295,0.26580247705833276,0.23532054161586483,0.2112558557402295,0.18879548225630555,0.19842135660655938,0.21767310530706624,0.22729897965731968,0.23211191683244625,0.19039979464801426,0.15991785920554516,0.15029198485529063,0.14066611050503716,0.12622729897965793,0.12301867419623973,0.19039979464801463,0.19360841943143206
-0.018986612594759804,-0.032811815940459226,-0.029643540173736736,-0.02273093850088716,-0.03482799142837379,-0.030507615382843033,-0.022442913431184926,-0.02301896357058939,-0.024459088919099623,-0.02733933961612021,-0.03165971566165143,-0.03598009170718279,-0.0423166432406279,-0.06737482430470798,-0.09876955690223319,-0.17567225051268517,-0.3251572616880575,-0.4971082283001909,-0.6909491002096826,-0.8896863983041081,-1.0,-0.9107122283923589,-0.675971796585175,-0.3991797046014886,-0.1557985207032425,0.019608746745317002,0.137411000253462,0.2307311228369318,0.2961128136593003,0.3384524989055049,0.36552685545749886,0.38021613401230425,0.387416760754856,0.3842484849881333,0.36811908108481745,0.35227770225120375,0.3324039724417608,0.30475356575036244,0.2871840364985366,0.2621258554344572,0.24426830111292885,0.22871494734901762,0.23073112283693237,0.21921012004884957,0.19703218968179065,0.18003871056936827,0.16189313117813808,0.14029125095048334,0.1198414710016365,0.09449526486785491
0.004582305252026762,0.00938891915275358,-0.01143974108373229,0.06386387669433204,0.05425064889287691,0.05425064889287691,0.03983080719069347,0.020604351587784318,0.004582305252026014,0.004582305252026014,0.004582305252024894,0.007786714519178347,0.01900214695421021,0.03181978402281581,0.01900214695420871,-0.01624635498445986,-0.0675169032588845,-0.20370429711282897,-0.4904989265228969,-0.817348671772358,-1.0,-0.8750280385810866,-0.5898356138045968,-0.2966321658602261,-0.08514115422821952,0.05905726279360447,0.1615983593424545,0.20005127054827462,0.22889095395263856,0.23529977248694212,0.25612843272342833,0.26253725125773225,0.22568654468548918,0.20646008908257968,0.19204024738039588,0.21927772615118415,0.21607331688403258,0.20806229371615417,0.17922261031178915,0.1696093825103344,0.15518954080815245,0.13275867593809135,0.09110135546512073,0.07828371839651362,0.09270356009869633,0.11673662960233303,0.11193001570160659,0.1103278110680306,0.09751017399942313,0.1087256064344535
0.01715260447926173,0.007676027418895964,-0.03180971033262824,-0.0002211201314086566,-0.020753703762200964,-0.04602457592317744,-0.028650851312506317,-0.004959408661592092,0.01715260447926246,0.03136747006981056,0.028208611049689004,0.004517168398774779,-0.017594844742079778,-0.017594844742079414,0.0060965979088348195,0.05032062419054283,0.034526329089933215,-0.16606121868781082,-0.4708911141295772,-0.8104684587926841,-1.0,-0.8720662096850624,-0.5703951732634187,-0.27030356635183495,-0.038127428372872085,0.1656189784249939,0.2919733392298715,0.3725242442429796,0.4025334049341388,0.37252424424298,0.3140853523707242,0.27144075559907843,0.23037558833749383,0.18299270303566428,0.17983384401554126,0.17035726695517658,0.14034810626401742,0.13403038822377358,0.1198155226332251,0.12929209969359087,0.11665666361310319,0.10875951606279931,0.07085320782133514,0.08348864390182135,0.07717092586157898,0.058217771740846344,0.03294689957987171,0.018732033989323608,0.048741194680481305,0.07559149635151748
-0.04556175193422647,-0.020212930103379552,-0.025172482200719205,-0.017457623382635342,-0.011947009941146535,-0.024621420856570184,-0.038949015804440004,-0.027927788921462773,-0.022417175479974096,-0.025172482200719205,-0.02131505279167734,-0.015804439350188146,-0.01911080741508164,-0.022968236824122988,-0.04556175193422557,-0.06319571494698836,-0.10452531575815113,-0.22135032071770386,-0.5227808759671142,-0.8495602530473697,-1.0,-0.9074216941829969,-0.7145502237309066,-0.5338021028500906,-0.367381576917144,-0.24173959045121057,-0.16238675689377918,-0.09405515021932306,-0.0229682368241235,0.03709744968809972,0.10983754711574531,0.18478188991998648,0.24484757643220942,0.2834218705226278,0.3363237595609157,0.383163973813566,0.4255956973130259,0.44047435360504394,0.4371679855401511,0.4167787158066446,0.3985936914497324,0.37269380827473786,0.33687482090506415,0.3098728150417711,0.2916877906848595,0.2674410915423114,0.2591751713800794,0.2437454537439117,0.21453920250402367,0.1958031168029638
0.13586431145091862,0.03919500834871157,0.08972668951577585,0.05018015642850842,-0.002548554354513796,0.015027682573160447,0.008436593725282542,0.032603919500834175,0.06555936374022318,0.08533263028385588,0.10290886721153064,0.07654451182001953,0.05457421566042634,0.021618771421038862,-0.017927761666228052,-0.048686176289657074,-0.0794445909130861,-0.17831092363125262,-0.41998418138676746,-0.7693118903242842,-1.0,-0.8593901045786098,-0.5540029879602794,-0.3145267598207256,-0.16073468670357838,0.004042534493365643,0.07654451182001902,0.14245540029879755,0.16662272607434714,0.19957817031373667,0.23253361455312466,0.21935143685737038,0.1951841110818182,0.13366728183495963,0.12268213375516178,0.1578346076105113,0.21935143685736985,0.21935143685737038,0.276474206872309,0.26329202917655364,0.22813955532120622,0.15783460761051232,0.12268213375516433,0.13586431145091912,0.12927322260304275,0.08972668951577482,0.06555936374022318,0.028209860268917277,0.01722471218912145,0.02381580103699987
-0.007105659616365567,-0.037355128767838544,-0.04625203145944794,-0.05040391938219957,-0.05218329992052129,-0.03201698715287272,-0.019561323384618936,-0.023713211307369874,-0.033203240845087335,-0.04447265092112664,-0.05277642676662837,-0.06048707576602358,-0.06701147107320388,-0.0729427395342768,-0.07650150061092077,-0.08421214961031583,-0.17911244498748558,-0.4335638619675204,-0.7265685239445304,-0.9294179053132302,-1.0,-0.9193347489294056,-0.7651217689415055,-0.5895562224937422,-0.4341569888136279,-0.2918065457478737,-0.16784303491144614,-0.05455580730495064,0.03678572699557526,0.11923035860449094,0.19277808752179765,0.2556495332091724,0.2977615392827909,0.3268247547420495,0.360632984970166,0.3891030735833168,0.4169800353503604,0.4407051091946524,0.4531607729629056,0.43002882596472064,0.42053879642700404,0.4057106252743214,0.4039312447359994,0.3896962004294239,0.3766474098150628,0.35470171650909266,0.3203003594348689,0.30606531512829355,0.29123714397561123,0.2627670553624601
0.0575437107966426,0.0378473379594561,-0.01215114693494137,0.033302021150874384,0.07420987242810807,0.0908760340595739,0.0817854004424101,0.07269476682524774,0.063604133208085,0.03330202115087332,0.019666070725129235,0.02572649313657164,0.028756704342293018,-0.004575618920638983,-0.03184751977212858,-0.05457410381503681,-0.14851065119238901,-0.3166873731099069,-0.5697100087876125,-0.8606102845368321,-1.0,-0.8545498621253905,-0.6181933880791493,-0.3803218084300491,-0.1803278688524596,-0.03639283658071029,0.07117966122238775,0.14693494136541377,0.18026726462834614,0.17723705342262439,0.19390321505408878,0.22875064391988148,0.24087148874276454,0.24238659434562665,0.22117511590557876,0.2226902215084391,0.27268870640283654,0.2863246568285806,0.27571891760855793,0.2620829671828128,0.23632617193418531,0.22875064391988148,0.19541832065695122,0.1878427926426478,0.1772370534226233,0.1454198357625524,0.09845156207387594,0.06208902760522361,0.037847337959456454,0.0575437107966426
0.006448727028740347,-0.03828232750587235,-0.030827151750102626,-0.004734036604912716,0.039997017929697815,0.01204010884556645,0.00831252096768137,-0.025235769933277828,-0.014053006299623893,0.026950460357102426,0.041860811868640574,0.05677116338017612,0.12573153912103593,0.19841950273977785,0.3065195511984195,0.41275580571812065,0.4276661572296579,0.2301039997017943,-0.26939277593469385,-0.7632981697543537,-1.0,-0.8508964848846324,-0.5303239273865903,-0.2302531032169107,-0.034554739627988135,0.09777463003690504,0.14623327244939976,0.1499608603272831,0.12386774518209363,0.14250568457151427,0.18537294516718247,0.18164535728929823,0.1387780966936296,0.041860811868639276,0.013903902784507902,0.010176314906624998,0.00831252096768137,-0.038282327505872786,-0.04760129720058309,-0.01778059417750767,0.030678048234986197,0.07168151489171339,0.081000484586425,0.07727289670854079,0.06422633913594626,0.049315987624408135,0.08472807246430877,0.11454877548738289,0.1015022179147888,0.0865918664032511
0.014967407126131111,-0.015093981393583294,-0.009556357192583648,-0.0040187329915829,-0.03566229985444032,-0.04673754825644053,-0.021422694766154445,0.004683247895702227,0.007847604581988264,-0.00560091133472555,-0.011929624707296888,-0.03566229985443976,-0.038826656540725805,-0.053857350800583015,-0.0767989367761542,-0.10765141446743991,-0.17884943990886853,-0.29909499398772416,-0.5269286754002923,-0.8204227580532883,-1.0,-0.8663059300044309,-0.5672742231504354,-0.25083855452186704,-0.004809822163154962,0.17476741978355828,0.28472881463198607,0.3282387190684143,0.3495981267008426,0.3749129801911278,0.36146446427441364,0.33298525409784335,0.31241693563698614,0.2696981203721285,0.2317258401367014,0.22777039427884424,0.22697930510727218,0.2111575216758442,0.18030504398455866,0.1534080121511305,0.13204860451870232,0.12334662363141682,0.12888424783241573,0.12097335611670267,0.09882285931270263,0.08141889753813106,0.07350800582241689,0.07667236250870292,0.061641668248845545,0.03237136890070192
-0.020595703518600603,-0.0100157188343877,-0.014549997984764943,-0.009008101245414835,-0.005481439684010927,-0.012030954012333193,-0.02261093869654586,-0.019084277135141835,-0.03167949699729941,-0.045282334448430196,-0.06442706863891028,-0.08558703800733548,-0.11329652170408297,-0.13042602071661744,-0.14554028455120713,-0.15964693079682396,-0.20851638386199675,-0.3309419209221712,-0.5591673048244733,-0.857422111160372,-1.0,-0.8821087420902018,-0.6473338438595779,-0.39240659384950194,-0.18685260569908516,-0.03117568820281327,0.09024223126838933,0.18193543186489852,0.24743057514811967,0.2837048083511346,0.29932288098021037,0.31544476240377256,0.32703236467695773,0.3219942767320946,0.3124219096368547,0.2998266897746969,0.29176574906291525,0.28622385232356595,0.2867276611180524,0.29579621941880585,0.28168957317318905,0.2620410301882226,0.24491153117568815,0.22778203216315332,0.2131715771230498,0.21065253315061863,0.19755350449397457,0.18395066704284374,0.16984402079722707,0.15372213937366522
-0.004240580804156822,-0.024222375169290225,-0.000910281743300266,0.009080615439266306,0.0701360982216211,0.06236540041295701,0.049044204169534915,0.03128260917830399,0.03128260917830425,0.022401811682689173,-0.005350680491109611,-0.02533247485624146,-0.02311227548233821,0.0135210141870741,0.020181612308784375,0.02240181168268788,0.003530117004506238,-0.11525054949934681,-0.38500477342865635,-0.7668790657401042,-1.0,-0.8334850469572168,-0.5826025177060907,-0.3639128793765699,-0.19184742789902695,-0.10858995137763498,-0.04531426922137641,0.043493705734774846,0.11231988632579297,0.15783397349081957,0.17670566816900304,0.21333895783841456,0.25552274594258667,0.2832752381163829,0.3221287271597,0.30769743122932514,0.28105503874247934,0.2588530450034425,0.2533025465686824,0.21222885815146253,0.18336626629071356,0.16116427255167692,0.15339357474301205,0.12342088319531128,0.12120068382140778,0.11898048444750425,0.10010878976932211,0.10343908883017737,0.10454918851712885,0.0934481916476103
-0.012497439049375307,-0.0008877962166224115,-0.007716997882947914,-0.001570716383255325,-0.003619476883152802,-0.0015707163832561202,-0.004302397049785244,0.0011609642832752234,-0.00703407771631484,-0.009765758382845392,-0.0036194768831531213,-0.0029365567165205225,-0.004985317216417842,-0.01932664071570113,-0.03981424571467605,-0.07122857337977317,-0.101277060711604,-0.19756880420678935,-0.5028341186915258,-0.8572696851738034,-1.0,-0.9002936556716516,-0.7131735300143415,-0.521272963190604,-0.3321040770333964,-0.16000819504200062,-0.03708256504814677,0.033258212115003835,0.08516014477907574,0.1411595984429429,0.19852489244007462,0.23950010243802575,0.2531585057706763,0.279109472102712,0.2961824762685246,0.31325548043433776,0.3207676022672958,0.31052379976780753,0.31803592160076594,0.3200846821006634,0.3159871611008675,0.2982312367684221,0.28115823260260914,0.2552072662705736,0.24291470327118841,0.23335382093833312,0.20467117393976703,0.1964761319401773,0.1848664891074244,0.1910127706071167
-0.0027756316708162547,8.584427847805144e-05,0.017254699974246553,0.030131341746073247,0.024408389847482975,0.014393224024951577,0.015823961999598398,0.01153174807565694,-0.004206369645462408,8.584427847838627e-05,0.004378058202422175,0.0058087961770683285,-0.014221535467994144,-0.04140555698629437,-0.024236701290526873,0.0015165822531265343,-0.037113343062351915,-0.17017197470455378,-0.48779580507625997,-0.846911036712737,-1.0,-0.8569262025352691,-0.577932297479042,-0.30466134432140246,-0.09577360002289283,0.05731536326437149,0.16175923541362797,0.21469654047557693,0.26191089363893966,0.2919563911065338,0.2790797493347078,0.2862334392079442,0.27907974933470747,0.23472687212064075,0.2175580164248729,0.2175580164248719,0.2189887543995197,0.20611211262769402,0.20611211262769333,0.17892809110939512,0.13743668984462237,0.10452971642773352,0.12312931009814916,0.14459037971785882,0.12169857212350202,0.10452971642773352,0.08736086073196603,0.06446905313760824,0.06876126706155138,0.07019200503619753
0.06458826198269449,0.017597303691220534,-0.014810253751176033,0.01597692581910095,-0.02129176523965437,-0.01967138736753403,-0.02453252098389278,-0.03425478821661254,-0.032634410344492576,-0.029393654600254168,-0.013189875879055318,-0.00022685290209676623,-0.009949120134815775,-0.040736299705092,-0.04559743332145038,-0.05207894480993023,-0.09744952522928498,-0.19791295330071118,-0.397219431571444,-0.735878406844477,-1.0,-0.8168973004504655,-0.34698771753573093,0.07106977347117395,0.331950610882459,0.43079366108176476,0.4194510159769266,0.37408043555757264,0.3141264542891416,0.23472793855527188,0.1650516900541207,0.10509770878568897,0.10995884240204847,0.08079204070389258,0.03542146028453897,0.011115792202740693,0.007875036458501903,-0.0002268529020971433,0.007875036458502281,0.04352334964513877,0.06134750623845569,0.05972712836633459,0.08241241857601216,0.11644035389052794,0.15857017856564123,0.16343131218200077,0.12130148750688781,0.09699581942509106,0.11481997601840874,0.11481997601840799
-0.024158879447796718,-0.012049165438877343,-0.02819545078410529,-0.013058308272954192,-0.0019577370981102562,0.007124548408581154,-0.015076593941106246,-0.028195450784104115,-0.05645145013825331,-0.052414878801946146,-0.02314973661372104,-0.009021736936645385,-0.030213736452258284,-0.040305164793025844,-0.05544230730417647,-0.08168002099017196,-0.15534744787777446,-0.2986457303166704,-0.5458857246654704,-0.8365188608795692,-1.0,-0.8930308595878661,-0.5650594385129286,-0.23204230326760586,0.005106262740427219,0.12620340282963693,0.19280682987870149,0.23720911457807795,0.23821825741215527,0.2442731144166159,0.26041939976184286,0.2826205421115315,0.2947302561204523,0.28766625628191456,0.2543645427573825,0.22409025773508076,0.20390740105354635,0.1958342583809318,0.18069711586978046,0.17161483036309047,0.17666054453347377,0.18473368720608743,0.17262397319716735,0.16253254485640023,0.15143197368155606,0.15143197368155606,0.1453771166770945,0.15244111651563272,0.157486830686016,0.13629483117040428
-0.07474865219291926,-0.06503472728155886,-0.03346447131963697,-0.06382048666763895,-0.0650347272815597,-0.052892321142357784,-0.03710719316139698,-0.04924959930059806,-0.07353441157899908,-0.09053378017388149,-0.06624896789547906,-0.021322065180436466,0.012676672009325523,0.0418184467434076,0.05638933411044735,0.002962747097964836,-0.11967555490796072,-0.3005974063820501,-0.5592306571470214,-0.8385059983486326,-1.0,-0.9271455631647967,-0.7207246587983874,-0.4778765360143776,-0.23624265384428703,-0.04317839623099738,0.10010199621157002,0.17174219243285344,0.2239545388314152,0.2725241633882173,0.30166593812229936,0.33445043469814056,0.3611637282043811,0.37694885618534224,0.41701879644470347,0.41944727767254414,0.3805915780271022,0.3563067657487012,0.33323619408422006,0.2895235319830991,0.25431055417941695,0.24216814804021644,0.2081694108504544,0.16809947059109287,0.15595706445189264,0.14502889892661208,0.12074408664821018,0.08795959007236925,0.050318131040847806,0.030890281218126706
0.016476406820599622,0.012163211317825317,0.03372918883169853,0.012163211317825317,0.08261207119648108,0.09842712137332221,0.09411392587054757,0.07542341202518989,0.09842712137332155,0.16168732208068648,0.24938896397044147,0.3241510193518702,0.3299019466889046,0.33852833769445356,0.35146792420277817,0.28101906432412205,0.05960836184834808,-0.2336889323403394,-0.5025447853466399,-0.803030738706617,-1.0,-0.8432872300658492,-0.48097880783276437,-0.16899099979871776,0.07542341202518854,0.18900422693159344,0.23644937746211617,0.2738304051528309,0.2781436006556062,0.24076257296489117,0.18181556776030225,0.12430629438997143,0.07542341202518989,0.046668775340024136,0.02222733415763371,0.010725479483567547,0.0049745521465341305,-0.0194668890358563,-0.02665554820714916,-0.02809328004140726,-0.009402766196049578,0.02366506599189047,0.009287747649308105,-0.04390833021824807,-0.06116111222934799,-0.06259884406360709,-0.042470598383990636,-0.0539724530580558,-0.038157402881215996,0.006412283980791899
-0.007250796232297898,0.015337354024078853,0.023243206613810647,0.01420794651125942,0.011949131485622403,-0.006121388719478733,-0.0366153915655857,-0.040003614104041886,-0.03096835400149066,-0.030968354001491186,-0.046780059180953994,-0.051297689232228806,-0.03209776151431035,-0.04113302161686079,-0.06485057938605435,-0.0784034695398804,-0.12245036253981316,-0.2286146687447782,-0.4206139459239702,-0.7560479772311447,-1.0,-0.8012242777438968,-0.384472905513769,-0.05807413430914223,0.13505455038286998,0.20959544622890863,0.2513835242032041,0.26945404440830417,0.26041878430575377,0.25138352420320437,0.27284226694676067,0.2536423392288414,0.23896004156219722,0.22427774389555385,0.21298366876736613,0.20733663120327214,0.19378374104944585,0.15990151566488295,0.11020758510085621,0.09891350997266952,0.12940751281877677,0.1271486977931379,0.10230173251112626,0.10343114002394305,0.09326647240857501,0.06841950712656152,0.04809017189582258,0.06051365453683051,0.05712543199837407,0.03340787422917893
-0.007420957449020503,-0.008460307231796273,-0.00014550896958865733,0.012326688423722287,0.00297254037873866,0.013366038206498062,0.011287338640946276,-0.012617706362898872,-0.03236535223564094,-0.038601450932297256,-0.06562454528447068,-0.08641154093998923,-0.06978194441557545,-0.07393934354667782,-0.0801754422433339,-0.07601804311223033,-0.06354584571891939,-0.1342216309476805,-0.39094102729332636,-0.7588708503959926,-1.0,-0.858648429542478,-0.5458041449269351,-0.28388799966740963,-0.11343463529216218,0.012326688423721808,0.06949092647639621,0.11418296713576039,0.1422454112707094,0.14016671170515854,0.15367825888124428,0.1900555012784006,0.2098031471511439,0.2472197393310755,0.2763215332488007,0.3033446276009739,0.3210135739081642,0.3355644708670267,0.3355644708670264,0.3428399193464575,0.3480366682603378,0.3012659280354226,0.23578689172054032,0.1775833038850904,0.15471760866401932,0.1079468684391048,0.06637287712806914,0.031034984513687858,0.015444737772049114,0.02895628494813655
-0.02676696136374762,-0.003565671860499939,-0.06584281736921897,-0.010892394861524806,-0.01211351536169562,-0.007229033361011522,-0.019440238362721907,-0.0658428173692187,-0.09148634787280886,-0.13056220387828021,-0.13911004737947616,-0.1268988423777669,-0.10125531187417704,-0.07439066087041579,-0.09270746837298051,-0.1342255653787935,-0.1635324573828955,-0.2636643383969151,-0.5127729204317883,-0.8266008889757244,-1.0,-0.8766668294827344,-0.6116836809456365,-0.32838372490597517,-0.10980315537537386,0.05626923264787747,0.16983343916377738,0.24554291017437704,0.30049333268206924,0.32369462218531864,0.3200312606848053,0.3261368631856605,0.32857910418600245,0.35422263468959264,0.3456747911883946,0.2870610071801906,0.26630195867728285,0.2504273921750617,0.24676403067454758,0.23088946417232475,0.2211205001709577,0.20890929516924844,0.21867825917061523,0.2076881746690768,0.1881502466663418,0.18692912616617072,0.15517999316172593,0.13930542665950313,0.1136618961559127,0.10389293215454594
-0.008743515429017452,-0.06719598626366982,-0.02822767237390186,-0.011179035047127117,-0.00021919676563022126,-0.011179035047127684,-0.013614554665238199,-0.022138873328625425,-0.011179035047127401,-0.009961275238072852,-0.0038724761927969877,-0.00021919676563078984,-0.01726783409240383,-0.034316471419178284,-0.03796975084634307,-0.052582868555007295,-0.08059134416327865,-0.1792298886967552,-0.4459192868798565,-0.8197715482598201,-1.0,-0.8904016171850263,-0.6115346209113712,-0.3241433059743313,-0.1049465403443838,0.042402396551303935,0.14347646070289216,0.2043644511556545,0.2555103631359759,0.2859543583623575,0.28108331912613504,0.28351883874424666,0.30909179473440723,0.30178523588007566,0.26281692199030715,0.24211500523636792,0.262816921990308,0.24820380428164346,0.20923549039187553,0.19949341191943487,0.19705789230132265,0.18853357363793627,0.1739204559292729,0.16052509802966522,0.14225870089383622,0.11181470566745488,0.07041087215957642,0.07528191139579689,0.07162863196863097,0.06310431330524374
-0.02989274881961206,-0.04943560238891866,-0.04709045996060177,-0.06272474281604767,-0.04709045996060177,-0.025984178105749902,-0.006441324536443844,-0.01816703667802777,-0.03067446296238369,-0.044745317532285056,-0.05178074481723592,-0.043181889246740886,-0.021293893249117204,-0.02051217910634448,-0.0361464619617902,-0.06116131453050259,-0.0893030236703046,-0.22610299865545244,-0.5286263719083204,-0.8538194553015851,-1.0,-0.8811794502986148,-0.6325943528970321,-0.35117726149901457,-0.12369844595228438,0.06469466245583334,0.18507864044276331,0.25308777086395073,0.3093711891435538,0.33438604171226655,0.32344204371345464,0.3296957568556328,0.3382946124261274,0.3351677558550387,0.325005471998999,0.3140614740001874,0.30546261842969236,0.3078077608580091,0.2953003345736526,0.24996091429286127,0.19133235358494163,0.1397392201619718,0.11394265345048704,0.09752665645226913,0.0858009443106854,0.08970951502454648,0.0889278008817741,0.07642037459741764,0.06547637659860589,0.06313123417028935
-0.020896185381925572,0.0013141090895625461,-0.012875801267220831,-0.015035135451949318,8.020384114685569e-05,0.02074811675211454,0.02475830880946663,0.023215927248946847,0.02290745093684275,0.008717540580059368,-0.005780846088828894,-0.027991140560316867,-0.06624220326121268,-0.10572717121052394,-0.1365748024209237,-0.16865633887973877,-0.19179206228753898,-0.28063324017348884,-0.5166176189330436,-0.8429855571390678,-1.0,-0.8784603330310262,-0.6066927020674092,-0.3222775423075279,-0.09955764496844395,0.06270089519825818,0.1583285519504961,0.21539666968973536,0.23483067735228694,0.24562734827592664,0.26598678487479005,0.2918987950915254,0.3023869897030611,0.29066488984310973,0.28387841097682176,0.27277326374107796,0.28171907679209374,0.2829529820405095,0.268146119059518,0.2542646850148386,0.2317459142312471,0.1965796146513918,0.1762201780525282,0.16418960188047252,0.15956245719891257,0.14568102315423237,0.1243961576190575,0.11082319988648112,0.09725024215390551,0.07905013973976963
-0.016461639032506827,-0.04914720389849798,-0.02537588399595978,-0.06846140131930885,-0.029833006477684696,-0.00011885659951349442,-0.00754739406905491,-0.055090033874131666,-0.07291852380103446,-0.0952041362096653,-0.10114696618529896,-0.06548998633149132,-0.037261543947227846,-0.016461639032508555,-0.055090033874131326,-0.05806144886194887,-0.023890176502050664,-0.1100612111487495,-0.4012598799548362,-0.7994294883223395,-1.0,-0.8900576454507639,-0.6062875141142227,-0.2675462055030619,-0.035775836453319075,0.09942354549236355,0.17370892018779438,0.22868009746241114,0.25245141736494936,0.31336542461520295,0.34307957449337484,0.3282224995542889,0.2851369822309388,0.256908539846676,0.25393712485885916,0.2583942473405844,0.283651274737031,0.2673084923040367,0.24799429488322375,0.2123373150294178,0.184108872645154,0.15290901527307402,0.12468057288881057,0.08902359303500393,0.07119510310810077,0.08010934807155166,0.08456647055327764,0.09348071551672989,0.10982349794972461,0.09348071551672883
-0.029904630103192005,-0.03847889527362476,-0.033514847017058445,-0.042540389301724116,-0.042089112187490965,-0.04600018051084636,-0.04961039742471248,-0.04720358614880159,-0.04825656608201224,-0.05788381118565601,-0.07006829326995444,-0.075934895754987,-0.07774000421192012,-0.08571256656337511,-0.09774662294292918,-0.12271728993050424,-0.20154035921658411,-0.3662565059117309,-0.6261921237101001,-0.8752970907668697,-1.0,-0.886278167213213,-0.6451457625078975,-0.38205120490989575,-0.1490417882607787,0.02184181232889072,0.1442883359908547,0.22175757393423434,0.27470742200427245,0.30990703691446797,0.33156833839766553,0.3362315352447429,0.3387887722253981,0.3371340894732096,0.33307259544510964,0.32419747886518874,0.3135172538283344,0.3019344745630136,0.29426276362104775,0.28343211287944925,0.2715484822046395,0.26041698005355207,0.24808207226450893,0.22566864225758962,0.19904329251782607,0.17873582237732855,0.16038388639850848,0.13842173350582226,0.1266885285357573,0.12157405457444674
0.023457764745685714,0.02251795045299006,0.04319386489229745,0.01499943611142507,0.00466147889177116,-0.020713507011014924,-0.026352392767189703,-0.045148678621105796,-0.04608849291380079,-0.0376301642795384,-0.023532949889102314,-0.013194992669448619,-0.013194992669449058,-0.0037968497424914513,0.014999436111423105,0.0431938648922968,0.08548550806360636,0.06480959362430026,-0.277282808916959,-0.7819630840945834,-1.0,-0.7979399270704121,-0.41167625277245484,-0.1250328935002442,0.07044847938047527,0.21236043757753523,0.2941242810420663,0.33359648133528846,0.30446223826172086,0.23115672343145063,0.1822863802112711,0.16724935152813875,0.1644299086500511,0.14845306567422328,0.1578512086011809,0.17288823728431374,0.1747678658697059,0.14187436562535308,0.10522160821021745,0.0704484793804746,0.04977256494116766,0.026277207623773762,0.020638321867598976,0.03567535055073159,0.04977256494116832,0.05165219352655941,0.030036464794556367,0.04319386489229701,0.040374422014209835,0.027217021916468975
0.029350086113812898,0.009717921489188474,-0.005452387538930289,0.008379364810236888,0.0025789525347799497,-0.010806614254736628,-0.016160840970543384,-0.017499397649494968,-0.012591356493339643,-0.0139299131722905,-0.011698985374037617,0.009717921489188888,0.06772204424376066,0.14357358938435363,0.2618127626917481,0.3724667814850836,0.4117311107343317,0.26805936052685625,-0.11342929297436266,-0.6961476338779765,-1.0,-0.8014474259555059,-0.4177278446560355,-0.10495176734100234,0.07307627095956658,0.12081812584217565,0.10252451789650344,0.09226225002454062,0.09984740453859994,0.11278678576846603,0.09850884785964815,0.09181606446488992,0.07709194099642176,0.06415255976655568,0.07664575543677127,0.08244616771222882,0.0739686420788681,0.043628024022630676,0.04184328178402869,0.050766992977039196,0.05879833305074902,0.056567405252496344,0.04853606517878652,0.046305137380533636,0.04808987961913603,0.040504725105076904,0.014179777085694551,-9.816082312322072e-05,-9.816082312353222e-05,0.021764931599753984
-0.008297995910671792,-0.028187727240181096,-0.01585609381588484,-0.010286969043622196,0.010000556912476968,0.019547627950641532,0.02750352048244546,0.041028537786511755,0.06290724224897183,0.08717271447097255,0.10865362430684314,0.13291909652884404,0.1512176493519926,0.14922867621904118,0.1122337759461541,0.03705059152060927,-0.09740399226687321,-0.30266601958740835,-0.5735641602953225,-0.8575895236807142,-1.0,-0.9029381111119953,-0.6817642987278524,-0.43115368397603726,-0.2187313533768796,-0.05165761020900209,0.06449842075533256,0.15440000636471415,0.20014638842258564,0.2423126188411447,0.26419132330360484,0.2705560373290482,0.2749317782215396,0.28248987612675325,0.284478849259704,0.2657825018099659,0.25941778778452323,0.2319699585498006,0.20730669170120883,0.18542798723874868,0.17110738068150164,0.15519559561789434,0.15479780099130458,0.1456485245797307,0.11382495445251566,0.08597933059120279,0.0752388756732678,0.0668851885148744,0.05097340345126654,0.03307264525470801
0.061023438229526245,0.014333737977401737,-0.0031748996171444463,0.014333737977402007,0.006163040433279587,0.0026613129143712192,0.0003268279017652791,0.0026613129143698614,0.014333737977401737,0.015500980483705252,-0.0043421421234479595,-0.046362872350359234,-0.09772154262769725,-0.17242506303109603,-0.24596134092819186,-0.3183303763189847,-0.3790269866467462,-0.4840788122140268,-0.6685031282099171,-0.8821085068633859,-1.0,-0.9159585395461763,-0.7011859183864046,-0.4280511719114772,-0.17125782052479277,0.021337193015220645,0.16257353627789714,0.2769633018956018,0.3353254272107566,0.37034270239985057,0.3364926697170603,0.3213185171351204,0.32248575964142334,0.311980577084695,0.2886357269586329,0.29914090951536043,0.30030815202166444,0.3026426370342718,0.29447193949014905,0.27696330189560203,0.2792977869082083,0.2863012419460272,0.2816322719208145,0.2676253618451783,0.25361845176953995,0.2267718741245692,0.18591838640396036,0.14623214118965447,0.12638901858250262,0.11238210850686428
0.02403681588255408,0.06492222264481085,0.027840109534857188,0.03544669683946295,0.03259422660023612,0.03544669683946273,0.021184345643327027,-0.0035370630966421552,-0.023504354771232184,-0.04061917620659627,-0.05583235081580758,-0.05963564446811046,-0.02825847183661112,-0.020651884532005796,-0.05963564446810979,-0.11573422583957745,-0.2051116266686965,-0.34203019815160074,-0.5768835811813046,-0.8469174304948098,-1.0,-0.8573764880386427,-0.5939984026166676,-0.37245654737002315,-0.20891492032099873,-0.10812763853497212,-0.02065188453200513,0.07347963336249223,0.13718480203856653,0.15620127030008119,0.160955387365459,0.1676111512569885,0.1951850302361856,0.22656220286768408,0.2769558437606976,0.29026737154375726,0.2712509032822435,0.2826607842391517,0.2874149013045307,0.29121819495683354,0.32069372076218144,0.29977560567451444,0.2731525501083952,0.26459513939071316,0.25128361160765283,0.2683984330430158,0.22275890921538186,0.21515232191077543,0.19138173658388186,0.17426691514851952
0.1362136767927373,0.19427802264509528,0.17844229195808828,0.16128691704716508,0.11905830188181225,0.08210826361212925,0.09530470585130306,0.09266541740346769,0.08474755205996339,0.05043680223811515,0.03328142732719166,-0.020823985853414235,-0.0907651297210281,-0.15938662936472364,-0.18841880229090296,-0.20821346564966153,-0.2530813692628479,-0.3573332629523091,-0.5790334925704043,-0.8601177122647732,-1.0,-0.8535194911451883,-0.625221040407507,-0.3942833012219927,-0.23196706168017137,-0.13695267755812998,-0.06569188946659998,0.029322494655441348,0.09530470585130275,0.14941011903190896,0.18504051307767458,0.2061548206603505,0.2668584549605427,0.280054897199715,0.29325133943888726,0.28665311831930124,0.290612050991054,0.27609596452796376,0.23914592625828077,0.2061548206603505,0.22199055134735723,0.25234236849745395,0.2721370318562119,0.22726912824302709,0.19295837842117916,0.18240122462984013,0.16788513816675046,0.16128691704716508,0.15864762859933093,0.15600834015149617
-0.02070284228490808,-0.014894966805758015,-0.015341726458000455,-0.021596361589392443,-0.02248988089387732,-0.016235245762485126,-0.02293664054611945,-0.026510717764057418,-0.02740423706854219,-0.025170438807330508,-0.00998061063109283,0.01325089128550577,0.04094998972452763,0.08115835842633368,0.12226024643262438,0.1428111904357699,0.13387599739092387,0.028887479113986196,-0.3102030969379104,-0.7837683283147324,-1.0,-0.8556966323257406,-0.5550273863666824,-0.2650803720614394,-0.03544591080890384,0.11377181304002104,0.1955288294003594,0.22590848575283456,0.23216312088422708,0.2393112753201034,0.24020479462458816,0.2330566401887115,0.22680200505731962,0.21786681201247352,0.19418855044363248,0.19374179079139014,0.18435983809430273,0.16961676957030677,0.15487370104631154,0.12896164121625892,0.10528337964741757,0.09813522521154133,0.08696623390548416,0.0789245601651229,0.061054174075431115,0.04988518276937352,0.039162951115559,0.023079603634836132,-0.011767649240062072,-0.015788486110242896
0.01817435523225388,-0.013750484573462396,0.01931452808245677,-0.02971290447631961,-0.06619843568285037,-0.058217225731421636,-0.025152213075503523,-0.04111463297836074,-0.05251636148040054,-0.029712904476319343,-0.03427359587713463,-0.03199325017672699,-0.02971290447631961,-0.01717100312407479,0.007912799580416437,0.04781884933755959,0.03299660228490687,-0.10952500399060672,-0.43903495769958806,-0.8084509611657131,-1.0,-0.8768613321779577,-0.5963788110277525,-0.3421202654322409,-0.12776776959387157,0.0478188493375604,0.16411648005837773,0.21884477686817363,0.2724329008277653,0.311198777734705,0.3032175677832763,0.2735730736779703,0.24848927097348011,0.24620892527307225,0.2359473696212348,0.20402252981552038,0.20516270266572484,0.20288235696531642,0.2063028755159296,0.17893872711103048,0.18691993706245946,0.17779855426082677,0.15385492440654058,0.15613527010694847,0.16981734430939804,0.1424531959044997,0.11166852894899057,0.08544455339429431,0.06264109639021286,0.037557293685722686
-0.029730632573112335,-0.0008806826809188696,-0.003917519511677359,-0.026693795742354552,-0.04947007197303351,-0.09046736918825422,-0.09502262443439036,-0.07072792978833234,-0.0661726745421969,-0.06617267454219831,-0.06161741929606217,-0.09957787968052687,-0.12387257432658315,-0.14209359531112525,-0.16183303471104712,-0.14513043214188232,-0.15424094263415392,-0.2529381396337601,-0.4898114124328114,-0.80260560600079,-1.0,-0.8709344346928247,-0.5687691700324954,-0.24079079231073186,-0.02517537732697725,0.08870600382641436,0.17373743508761427,0.23751100853351362,0.2709162136718404,0.2952109083178963,0.3073582556409253,0.3179871845485752,0.31191351088706115,0.3012845819794119,0.334689787117739,0.305839837225547,0.29521090831789665,0.30735825564092567,0.2967293267332754,0.27850830574873325,0.22688207962586293,0.17829269033374937,0.14944274044155734,0.14640590361080058,0.14944274044155695,0.15399799568769346,0.14488748519542083,0.13729539311852865,0.1251480457955,0.1038901879802008
0.011452634893147573,0.02129166830650615,0.0035814081624620875,0.015388248258490094,0.05080876854657686,0.06458341532527932,0.06261560864260762,0.05671218859459202,0.02719508835452039,0.042937541815891364,0.02719508835451993,0.02522728167184913,0.005549214845133345,-0.022000078712267473,-0.06922743909638363,-0.16958557991263246,-0.2660081073635351,-0.3919477350545093,-0.5906962100043303,-0.834704238655596,-1.0,-0.8996418591837553,-0.6792475107245474,-0.4293360620252678,-0.19123145342201628,-0.035774725490968114,0.11968200244008051,0.19445865638159704,0.24365382344838443,0.2751387303711287,0.35778661104333115,0.3518831909953178,0.3715612578220327,0.3538509976779886,0.3577866110433316,0.3479475776299753,0.34007635089928845,0.3007202172458596,0.23775040340037068,0.15707032941083765,0.14329568263213882,0.16100594277618335,0.12952103585343955,0.10197174229603782,0.10197174229603782,0.11771419575740927,0.1039395489787077,0.11181077570939549,0.1098429690267233,0.07442244873863609
-0.0200448980241682,-0.01089015905363858,-0.008501966278717611,-0.010492126924485347,-0.012880319699405852,-0.020442930153321895,-0.02123899441162873,-0.01765670524924788,-0.008899998407871491,-0.010492126924485255,-0.01606457673263375,-0.016860640990941048,-0.012880319699405946,-0.02044293015332199,-0.053479596873059816,-0.10283558088808989,-0.17885971755640162,-0.3034437739814356,-0.528729959082297,-0.8352146985304653,-1.0,-0.8722316865417374,-0.6015698387173813,-0.3325001194096387,-0.11796080179592132,0.03886385709054445,0.1475266283494404,0.21041570475568805,0.25380120683341517,0.2824595201324649,0.30793357639828667,0.31589421898135583,0.30713751213997986,0.2920122912321481,0.28285755226161824,0.2681303634829403,0.25698546386664317,0.24026811444219753,0.2167842188221433,0.20882357623907383,0.19807670875193034,0.1821554235857919,0.17300068461526208,0.1586715279657375,0.14911875686605436,0.14235221067044587,0.13558566447483666,0.1335955038290693,0.1220525720836189,0.11011160820901499
-0.016211844141229656,-0.03731185820790584,-0.02500351666901132,-0.03408824494771886,-0.04082852721901823,-0.05430909176161745,-0.044931307731983415,-0.032622966193088826,-0.02734796267641976,-0.029985464434754222,-0.03438130069864522,-0.03877713696253608,-0.03584657945327567,-0.039656304215314284,-0.04903408824494798,-0.08420077835607535,-0.15863693909129367,-0.31190509682562073,-0.5586580391053594,-0.8455596192619687,-1.0,-0.9056360482018101,-0.6621067191822575,-0.3872204248136171,-0.16537722136259286,0.007232615932855035,0.12357574905049971,0.20738969381535163,0.25252027945796446,0.28094668729779193,0.30644253762835855,0.3061494818774328,0.3102522623903973,0.3046842031228023,0.3064425376283583,0.30497725887372834,0.2961855863459469,0.27830918553945716,0.26600084400056295,0.2560369484690774,0.24460777418296098,0.24284943967740466,0.23083415388943637,0.20797580531720397,0.1991841327894226,0.18541051249589763,0.15991466216533087,0.13236742157828188,0.10862990575327106,0.10071740047826766
-0.06189303377986092,0.010192026591377816,-0.04687531286918696,0.031216835866322054,0.00018021265092788512,-0.024849322200196464,-0.026851684988286405,-0.029855229170422125,-0.0488776756572762,-0.05888948959772612,-0.04186940589896106,-0.032858773352556686,-0.027852866382331722,-0.027852866382330324,-0.050880038445365434,-0.1339780941510994,-0.2471115916781813,-0.3852746240563875,-0.6015298051701009,-0.8578322420456135,-1.0,-0.8878676838669627,-0.6636030516008893,-0.41230652169560184,-0.2110690614925624,-0.0388658617168265,0.11231252878396517,0.21343184958250833,0.2735027332252065,0.3055405378346451,0.3475901563845345,0.37061732844756823,0.3746220540237479,0.35960433311307366,0.3545984261428497,0.3345747982619496,0.3115476261989149,0.29953344947037525,0.2815121843775656,0.26449210067880147,0.23545784025149744,0.20542239843014792,0.1853987705492492,0.17438577521475424,0.17538695660879883,0.18339640776115881,0.17038104963857437,0.1473538775755399,0.10730662181374066,0.08928535672093121
-0.007808911345889093,0.025001640527593287,0.005971520440973886,-0.022901765207691212,0.006627731478442544,0.007283942515913486,0.005315309403504164,-0.005840278233480075,-0.026839031432508792,-0.030776297657327444,-0.013058599645646426,-0.013058599645646271,-0.024214187282630053,-0.03668219699455358,-0.04783778463153843,-0.06227442745586991,-0.13052037535271446,-0.3300085307434882,-0.5800249360194248,-0.8497276724194492,-1.0,-0.8648205262812511,-0.5970864229936353,-0.3503510729050472,-0.21517159918629936,-0.0983660345167009,-0.009777544458297654,0.08077957871251386,0.1555876369840546,0.2120217862064446,0.24023886081763934,0.27633046787847065,0.2828925782531664,0.29207953277774173,0.29536058796508974,0.29142332174027175,0.2782991009908786,0.28354878929063626,0.2947043769276202,0.2855174224030453,0.27501804580353073,0.24483233807992666,0.2284270621431857,0.2061158868692177,0.20217862064439968,0.19561651026970334,0.19102303300741574,0.17921123433296177,0.15361900387164557,0.12212087407310249
0.0038209960494782276,0.007059128294799872,-0.01236966517712621,0.021630723398743675,0.03458325238002647,0.024868855644063808,0.00544006217213886,-0.018845929667767988,-0.02856032640373065,-0.06741791334758206,-0.09332297131014879,-0.13703775662198212,-0.2196101288776638,-0.3038015672560069,-0.3248494268505936,-0.27951557541610117,-0.2892299721520627,-0.3232303607279337,-0.5110420309565449,-0.8073311314034066,-1.0,-0.9206657599896381,-0.6454245191373627,-0.389612071757011,-0.1499902856032649,-0.030179392526390153,0.11229842626772929,0.20458519525937482,0.2806813030244151,0.3082054271096428,0.35353927854413597,0.38753966712000476,0.39563499773330685,0.4134447250825734,0.43934978304513966,0.4328735185544987,0.3859206009973449,0.3227770222135877,0.27258597241111343,0.24344278220322624,0.24991904669386764,0.24506184832588643,0.24829998057120775,0.2256330548539615,0.17382293892882655,0.160870409947543,0.12363188912635222,0.13658441810763616,0.16410854219286464,0.17382293892882733
-0.045923930472709255,-0.031492527740362784,-0.023475081777948027,0.01661214803412274,-0.009043679045603789,-0.010647168238085696,-0.029889038547881247,-0.06035533320505462,-0.06676928997498709,-0.055544865627606285,-0.04913090885767531,-0.04913090885767531,-0.06676928997498598,-0.08761464947726343,-0.12770187928933457,-0.1677891091014057,-0.23192867680072,-0.32974151754217407,-0.5301776666025291,-0.8155987428644742,-1.0,-0.8444615483291649,-0.4724520556731458,-0.12289141171188701,0.09839009685074805,0.21704829709447884,0.2539285485215836,0.3292925405682775,0.36777628118786604,0.3389134757231738,0.2956192675261381,0.27156692963889534,0.23468667821178948,0.188185491629787,0.20422038355461575,0.21384131870951278,0.22506574305689245,0.2523250593291013,0.2266692322493751,0.20582387274709915,0.18978898082227041,0.19940991597716667,0.17375408889744054,0.1272529023154384,0.133666859085369,0.09357962927329935,0.08876916169585065,0.11763196716054211,0.10961452119812887,0.05509588865371124
0.07184742275969497,0.0545440562936179,0.06800223021167792,0.07665391344471569,0.07473131717070705,0.08818949108876639,0.08722819295176208,0.06896352834868268,0.03435679541653054,0.02666641032049688,0.01609213081345093,0.019937323361466867,0.01416953453944162,0.007440447580412278,0.00647914944340841,0.00936304385442204,-0.05600522946186609,-0.24922615499971262,-0.5501124718820302,-0.8644569626824057,-1.0,-0.8942572049295366,-0.6895007017476407,-0.516467037086883,-0.3761175090842687,-0.26941341587680134,-0.19827735373848923,-0.1175283102301356,-0.0934958568050294,-0.07619249033895345,-0.035817968584776504,0.011285640128430231,0.04108588237556011,0.0814604041297366,0.14682867744602363,0.21123565262530608,0.24295849114644374,0.29390729240766705,0.31601714955876464,0.32659142906581057,0.3611981619979623,0.4006113856151354,0.3890758079710846,0.3708111433680046,0.36119816199796273,0.34389479553188607,0.33332051602484014,0.3237075346547992,0.3410109011208738,0.3660046526829834
-0.04368270791737441,-0.06420854247914799,-0.05114664775801993,-0.004497023753988669,-0.022223880875520324,-0.016625925995037115,-0.00543001623407004,-0.010094978634471882,0.00016793864641404362,-0.017558918475117393,-0.03435278311656855,-0.030620813196245468,-0.022223880875520543,-0.011960963594633967,-0.011960963594634184,-0.025955850795842755,-0.041816722957213844,-0.14724487320632262,-0.4467354593121982,-0.824597413744845,-1.0,-0.9169636692728249,-0.6986434289339629,-0.4495344367524406,-0.25267302345543224,-0.11645612136366223,-0.012893956074714467,0.06920938217237987,0.139183818178426,0.19796234442350458,0.24274598346737378,0.2921945849116463,0.32205034427422574,0.32578231419454773,0.3257823141945482,0.362169020917692,0.36310201339777265,0.31738538187382237,0.2614058330689855,0.24461196842753458,0.25674087066858253,0.23061708122632596,0.20822526170439185,0.19796234442350483,0.2035602993039878,0.19423037450318237,0.17930249482189156,0.156910675299957,0.11492601369633021,0.07387434457278302
-0.03965969148799038,0.005456967301163822,-0.018175568255060323,-0.00635930047694825,-0.004210888153655421,0.0043827611395179,-0.009581918961887497,-0.029991836033171893,-0.03751127916469805,-0.013878743608473661,-0.005285094315300584,-0.020323980578352153,-0.052550165427749866,-0.06973746401409402,-0.058995402397627614,-0.06544063936750785,-0.12237356593477537,-0.2835044901817575,-0.5692433291797374,-0.8721694667640616,-1.0,-0.8732436729257087,-0.5907274524126684,-0.2845786963434041,-0.042882309972930875,0.08279981093971549,0.14617797447686223,0.17518154084131818,0.24178232286340445,0.29012160013749866,0.31697675417866283,0.3073088987238438,0.2740085077128007,0.22137240579212036,0.20848193185236155,0.20633351952906803,0.21063034417565468,0.2342628797318793,0.24070811670175782,0.24930176599493012,0.2235208181154134,0.2095561380140083,0.21707558114553413,0.18699780861943155,0.1461779744768625,0.11502599578911268,0.1322132943754571,0.1472521806385094,0.14725218063850842,0.13006488205216402
0.03643787874847189,-0.014278654841478404,-0.0441884054201671,-0.037686285729148304,-0.04808967723477941,-0.0584930687404096,-0.04028713360555601,-0.011677806965070703,-0.014278654841479008,-0.0233816224089049,-0.00777653515045991,-0.032484589976331996,-0.0597934926786136,-0.07799942781346719,-0.0988062108247297,-0.1768316471169607,-0.2691617467294345,-0.41610965174646997,-0.6319800254883093,-0.8855626934380606,-1.0,-0.8751593019324295,-0.5968685791568059,-0.2886681058024933,-0.045488829358372014,0.09235610809123851,0.1625790007542467,0.21069468646778897,0.2510078285521082,0.2796171551925935,0.3134281775858933,0.3290332648443395,0.32123072121511614,0.3147286015240967,0.312127753647689,0.28741969882181606,0.25750994824312756,0.20809383859138128,0.20809383859138098,0.214595958282401,0.22760019766443887,0.2249993497880315,0.23410231735545797,0.20549299071497357,0.17168196832167348,0.16648027256885808,0.1937891752711391,0.2015917189003619,0.18468620770371108,0.1456734895575968
-0.048987494368204244,-0.025851466702385844,-0.059946665367802514,-0.06359972236766868,-0.05933782253449101,-0.04046369470185,-0.033157580702118064,-0.022807252535830876,-0.016109981369409727,-0.022807252535830734,-0.04107253753516052,-0.03681063770198411,-0.030113366535562534,-0.027677995202318506,-0.04594328020164885,-0.12448400569876997,-0.2243342303617748,-0.37898031002277127,-0.5969460443481124,-0.8587484626718461,-1.0,-0.8721430050046877,-0.5920753016816239,-0.29617768469247435,-0.05872897970118021,0.10626742812610374,0.2158591381220858,0.2761345786198757,0.3108386201186031,0.33397464778442115,0.3431072902840861,0.33336580495110996,0.3151005199517798,0.29927060628569374,0.27552573578656436,0.2529985509540572,0.2335155802881044,0.2322978946214825,0.23777748012128164,0.23412442312141557,0.21707682378870743,0.18541699645653476,0.17263129695700385,0.17080476845707104,0.16228096879071707,0.15071295495780773,0.1415803124581424,0.14523336945800858,0.1269680844586778,0.10444089962617106
-0.026087611152443017,-0.024537676692528702,-0.025976901548163105,-0.02863393205087345,-0.028744641655153023,-0.030958833740744724,-0.027969674425195934,-0.02830180323803446,-0.023762709462571325,-0.027083997590959138,-0.02852322244659405,-0.02874464165515305,-0.02232348460693664,-0.01479523151592454,0.010778687072661003,0.03867750735111792,-0.004277819109363592,-0.2249220604385872,-0.5687860913309956,-0.8683662805115673,-1.0,-0.9066718035923055,-0.6966556842739234,-0.46427622489106196,-0.2506066886314523,-0.07889609239380733,0.047202146880646535,0.14783717717079448,0.21858061430545284,0.26707142097991304,0.30305204237078043,0.31877280617848197,0.3266331880823326,0.3236440287667837,0.3236440287667837,0.3179978389485244,0.3070375881248448,0.2912061147128637,0.2744889644666454,0.255446912530556,0.23884047188861735,0.2250017713536685,0.21016668438020328,0.19068179402699545,0.17219329011230394,0.15359407659333277,0.13610195911715758,0.12325964502072506,0.1093102348814968,0.09868211287065605
-0.02595950257954919,0.009826141412936647,-0.009184981958071768,-0.002475173709481028,-0.0080666805833064,-0.015522023081741273,-0.02409566695494004,-0.023350132705096602,-0.01738585870634921,-0.03080547520353148,-0.029314406703844168,-0.010676050457758466,0.02622789490949214,0.08139742939790659,0.1499865803835035,0.1645244982554508,0.04747562103003017,-0.20973369516595738,-0.5433602719708956,-0.8482837801568606,-1.0,-0.858721259654668,-0.5787731488384584,-0.2909969283988918,-0.04981659857453876,0.14327677213491205,0.25771627948587983,0.3199683893478072,0.3825932663346557,0.401977156830585,0.3792383622103605,0.3475531565920148,0.31251304684937253,0.2882831837294615,0.25398860823666325,0.19285479974950123,0.15110488175826878,0.12240181313929595,0.12314734738913957,0.11681030626547013,0.09891748426922745,0.08139742939790667,0.07021441565025531,0.037038141532221985,0.006098470163719646,0.005725703038797364,-0.0006113380848715301,-0.00732114633346288,0.0031163331643452147,0.009080607163093042
-0.012746417544137512,-0.017100783785923536,-0.019080041168554072,-0.044810387142744885,-0.04283112976011481,-0.036893357612224856,-0.03253899137043828,-0.03491410022959423,-0.04481038714274452,-0.036893357612224585,-0.03372654580001607,-0.025809516269496593,-0.00839205130235177,0.009817116617845163,0.03198479930330187,0.002295938563850354,-0.1370437811733052,-0.32230227218747626,-0.583168395218115,-0.8634312405985275,-1.0,-0.8764943393238859,-0.6203784340115597,-0.3527828358799793,-0.1382313356028829,0.006650304805636554,0.09927955031272255,0.16103238065078013,0.20853455783390126,0.2374317156203001,0.25722428944660036,0.2556408835404962,0.2655371704536466,0.283746338373843,0.29324677381046643,0.28928825904520694,0.2770168632729006,0.2655371704536463,0.25207822025176213,0.23703586414377403,0.2417860818620856,0.24139023038556,0.24218193333861193,0.23307734937851365,0.20299263716253751,0.18715857810149703,0.1523236481672083,0.1321352228643823,0.11353020346765971,0.10442561950756087
-0.026298001094408916,-0.0332721751912534,-0.020933251789143844,-0.03541807491335938,-0.0423922490102035,-0.05848649692599896,-0.05473117241231305,-0.05204879775968052,-0.04185577407967719,-0.03541807491335963,-0.02737095095546203,-0.016641452344931765,-0.014495552622825912,-0.019860301928090605,-0.024152101372302434,-0.025761526163882355,-0.045611098593362834,-0.18884990504393756,-0.5380950848166864,-0.87285544146522,-1.0,-0.9329406336841873,-0.7612686559157087,-0.5853048787030184,-0.42436239954506916,-0.26717524490080563,-0.1319835624081284,-0.015032027553352468,0.08260640980247015,0.17702599757513315,0.25642428729305455,0.31168120513728365,0.33689552687202895,0.35513567450993017,0.37820409652256937,0.3835688458278347,0.39054301992467894,0.390006544994152,0.37713114666151626,0.3653286981899333,0.3492344502741387,0.3186553792341279,0.2870033583330647,0.27144558534779656,0.2676902608341113,0.24784068840463067,0.22208989173935909,0.1899013959077694,0.17112477333934178,0.16307764938144478
-0.015466426993221597,-0.039059281728645596,-0.02520316069355512,-0.013593978204695925,-0.003857244504363178,0.00176010186121357,0.00625397895367525,0.0006366325880984104,0.004756019922855183,0.008126427742201275,-0.00722765232370927,-0.022207242631914113,-0.050668464217504185,-0.0690184623450552,-0.0839980526532604,-0.10721641763097846,-0.18735722577987596,-0.3716061865707986,-0.6416133018761943,-0.8891510317192828,-1.0,-0.8797887877766545,-0.6337490169643861,-0.3682357787514522,-0.14391641388608067,0.01711418192712472,0.13320600681571373,0.20698048908362396,0.2755121147436624,0.3260682320338544,0.3635172078043666,0.3844886342358536,0.4020896528479945,0.38748455229749496,0.36501516683518725,0.35153353555780276,0.3125866007564699,0.29161517432498285,0.2773845635321877,0.2564131371007006,0.22345803842264972,0.19761824514099618,0.17402539040557297,0.15380294348949633,0.12683968093472683,0.09912743886454736,0.08676927686027842,0.060554993820919195,0.035838669812380826,0.02235703853499666
0.012450993063633337,0.019990521735384664,-0.030632027917797008,-0.10064193701262418,-0.10171901253716059,-0.10387316358623112,-0.11356684330705351,-0.10710439015983908,-0.11141269225798245,-0.13618542932230396,-0.132954202748697,-0.12756882512601847,-0.14480203351859067,-0.15772693981302052,-0.16095816638662744,-0.20296411184352364,-0.2772823230364924,-0.39145232863728563,-0.6047132824953693,-0.8642884839084918,-1.0,-0.8998319762181726,-0.6747231915901949,-0.4269958209469664,-0.2105036405152742,-0.03817155658954858,0.11261901684546152,0.24079100426521968,0.30541553573736624,0.3323424238507604,0.34849855671879787,0.34742148119426103,0.3474214811942617,0.3592693119641557,0.35065270776786944,0.3549610098660128,0.38081082245487147,0.3592693119641559,0.33880487699797524,0.32049459308086764,0.308646762310974,0.3215716686054036,0.29464478049200876,0.25587006160872033,0.2386368532161486,0.2569471371332567,0.2892594028693298,0.25694713713325695,0.19986213433286035,0.16647279307225138
-0.052827948783177245,-0.006190112778766912,-0.017213601288900503,0.014160942932248032,-0.003646230814889948,-0.0019503095056396902,0.005681336385991406,0.009921139659119225,0.00228949376748931,-0.002798270160265212,-0.02569320783515712,-0.04858814551004923,-0.04943610616467436,-0.02738912914440797,-0.007038073433393229,-0.017213601288900107,-0.08081065038582269,-0.2724497583312152,-0.5692359874501831,-0.8626303739506489,-1.0,-0.8795895870431615,-0.6404646824387358,-0.38862036801492517,-0.19528533876028245,-0.04434834223692062,0.06079877893665717,0.14813872636309722,0.2015602476045113,0.22021538200627544,0.23971847706266483,0.2609174934283053,0.2778767065208179,0.3041634868142123,0.29737980157720734,0.28720427372169993,0.282116509793946,0.29398795895870466,0.2889001950309513,0.27024506062918763,0.25328584753667455,0.23378275248028557,0.2193674213516503,0.19392860171288104,0.16001017552785587,0.13881115916221543,0.14474688374459493,0.14474688374459513,0.13033155261595922,0.10913253625031875
-0.007670039096308566,-0.01214671561166338,-0.006177813591190759,0.06395678514937192,0.06843346166472743,0.04754230459307082,0.016205568985584697,0.017697794490703203,0.04306562807771566,0.05500343211866195,0.06097233413913526,0.013221117975348043,-0.03303787268331999,-0.06586683379592358,-0.13450920703136707,-0.17778374667979843,-0.22404273733846577,-0.33595965022234303,-0.5433789954337905,-0.8418240964574575,-1.0,-0.8627152535291138,-0.5762079565463939,-0.2867162085534366,-0.03751454919867584,0.11916912883874958,0.17885814904348377,0.2131793356612059,0.24750052227892727,0.2877906109171223,0.30271286596830493,0.3101739934938974,0.2982361894529501,0.2937595129375956,0.31315844450413377,0.2818217088966497,0.22959381621750696,0.17288924702301045,0.13110693287969793,0.12364580535410474,0.13856806040528838,0.1639358939922991,0.14453696242576167,0.12961470737457806,0.1609514429820635,0.14453696242576167,0.11469245232339546,0.12215357984898728,0.0908168442415029,0.04605007908795128
0.013113280771274301,-0.005269823113690153,-0.02467421054781741,-0.004248539564524735,-0.01446137505617131,-0.02263164344948729,0.006985579476286078,-0.010376240859512253,-0.019567792801993885,-0.030801911842804928,-0.03692961313779269,-0.04203603088361526,-0.047142448629438796,-0.0665468360635651,-0.05837656767024888,-0.05633400057191948,-0.07471710445688179,-0.20033498100412675,-0.5016136280076813,-0.8182115282487034,-1.0,-0.8917439437885534,-0.6905510846031293,-0.4924220760651999,-0.3126761714122315,-0.17582417582417667,-0.07063197026022415,0.026389966910412625,0.10502880019608685,0.15507169410515217,0.22860410964500216,0.2735405858082435,0.3123493606764997,0.32971118101229707,0.34400915070060056,0.34196658360227183,0.32051962906981546,0.2888598390457131,0.28171085420156117,0.2990726745373595,0.32664733036480365,0.30724294293067567,0.2663916009640922,0.23881694513664897,0.22554025899750924,0.23166796029249626,0.2234976918991796,0.19694431962090034,0.16732709669512721,0.15711426120348113
-0.06429357581308795,-0.05783023954970889,-0.05616823879626866,-0.04988956928327166,-0.04324156626950989,-0.04711956802753771,-0.05007423603365394,-0.0543215712924461,-0.05044356953441829,-0.04970490253288887,-0.05949224030314915,-0.06595557656652812,-0.07057224532608451,-0.07592758108717057,-0.09808759113304193,-0.14240761122478446,-0.2375109876716487,-0.3939237252454226,-0.6206944947148375,-0.8681479402270659,-1.0,-0.8897539500217905,-0.6526418425309685,-0.4024183957630066,-0.1893129658218786,-0.02883755973969365,0.0827011574911919,0.16340052740823954,0.2263718892885902,0.27161524313224383,0.31630459672475064,0.3506526122958511,0.37669062409974935,0.38001462560662996,0.38130729285930604,0.38278462686236375,0.382599960111982,0.36690328632948976,0.3606246168164931,0.3310779367553315,0.3013465899437875,0.2743852443879777,0.24594656482910957,0.22895722379394165,0.20975188175418671,0.18075920194417217,0.15970719240059436,0.14234851786466182,0.11594117255999893,0.08657915924921954
-0.025894561652552103,-0.03813206715943097,-0.02834206275392816,-0.0026433011894862342,0.019384208722894022,0.008370453766704467,0.007146703216016295,-0.001419550638798062,-0.005090802290861724,0.03284546478045936,0.0707817318517793,0.0401879680845864,0.016936707621517968,0.01938420872289488,0.01816045817220585,0.059767976895589464,0.10504674727103673,0.12829800773410344,-0.14826961672132855,-0.6806011062704991,-1.0,-0.8604924372215973,-0.48112976650839717,-0.11400460130207285,0.13686426158891923,0.23476430564393821,0.23965930784668893,0.20661804297812025,0.18948553526849185,0.1956042880219298,0.1772480297616141,0.15277301874785862,0.1650105242547372,0.1417592637916702,0.12585050663272823,0.08669048901072099,0.09525674286553534,0.09280924176415928,0.08179548680796915,0.054872974692838465,0.04753047138871173,0.06221547799696523,0.10871799892310009,0.08301923735865618,0.06833423075040294,0.04508297028733595,0.04263546918596074,0.029174213128395694,0.0046992021146408025,-0.008762053942925098
-0.028557535033818315,-0.010874850802352554,0.035542195305246695,0.010123336722514293,0.003492330135713926,-0.01308518633128558,0.007913001193580496,0.02006984660271421,0.01454400778038061,0.01564917554484764,0.016754343309313895,0.018964678838247692,0.03775253083418075,0.07532823482604763,0.14605897175191196,0.2742584324300438,0.38919587993457505,0.23668272843817792,-0.22969806816674854,-0.7424959108792729,-1.0,-0.8032801379249374,-0.4186817558905461,-0.08713142655055049,0.10958843552451315,0.22231554750011173,0.29194111666151007,0.3018876265417105,0.28641527783917675,0.2322620573803114,0.15379514610317935,0.09522125458644666,0.06427655718138042,0.05985588612351359,0.07753857035498064,0.0764334025905126,0.04548870518544738,0.009018168958048038,0.01122850448698081,0.013438840015914609,0.009018168958047525,0.03112152424738012,0.027806020953981353,0.022280182131647747,0.007913001193581527,-0.011980018566818811,-0.02303169621148575,-0.020821360682551693,-0.023031696211485236,-0.038504044914018744
-0.011610065466449168,-0.04229746317512279,-0.03334697217675992,-0.01672463175122791,-0.028232405891980887,-0.012888707037642888,-0.01928191489361683,-0.03334697217676022,-0.04741202945990182,-0.07937806873977124,-0.09855769230769336,-0.08321399345335566,-0.08321399345335566,-0.1305237315875622,-0.1445887888707044,-0.16376841243862653,-0.19829173486088456,-0.32104132569558286,-0.548639525368249,-0.8312193126022912,-1.0,-0.8785290507364978,-0.5742123567921446,-0.2698956628477913,-0.026953764320786278,0.13415507364975424,0.23772504091653077,0.29782119476268487,0.3233940261865803,0.3464095744680848,0.35663870703764344,0.3118862520458271,0.2799202127659582,0.26713379705401036,0.2658551554828154,0.26329787234042623,0.2824774959083475,0.2748056464811786,0.2645765139116205,0.2632978723404265,0.2198240589198041,0.1904153027823248,0.17890752864157153,0.16484247135842933,0.15589198036006618,0.1469414893617027,0.11753273322422311,0.12136865793780753,0.10986088379705485,0.102189034369886
0.03828116479441616,0.016468535281928494,0.02410295561129778,0.00010906314756210772,0.04155305922128969,0.037190533318791394,0.04155305922128842,0.0382811647944154,0.04046242774566492,0.025193587086923052,0.036099901843166374,0.014287272330679472,0.008834114952556411,0.00010906314756134664,0.019740429708802527,0.05682189988003029,0.0633656887337766,0.05245937397753275,-0.1547606063911011,-0.6837168720689291,-1.0,-0.8254989639000976,-0.47213436579779827,-0.1831170247573353,0.011015377903805433,0.08845021267313755,0.12116915694187029,0.12007852546624553,0.13207547169811362,0.14625368088123022,0.12335041989311829,0.09826589595375711,0.09935652742938238,0.11244410513687472,0.12444105136874305,0.12662231431999207,0.1309848402224896,0.12007852546624502,0.11571599956374826,0.11026284218562543,0.14298178645435744,0.13970989202748466,0.13207547169811387,0.1255316828443673,0.09281273857563556,0.061184425782528584,0.05245937397753326,0.07972516086814246,0.06990947758752264,0.08735958119751404
-0.06256406433457018,-0.017835510744171643,-0.0122444415453721,-0.029949494008237036,-0.003857837747171694,0.014779059582160407,0.01850643904802713,0.009187990383361086,-0.006653372346572341,-0.01690366587770556,-0.04765454647110328,-0.06163221946810366,-0.08586018599623639,-0.10449708332556959,-0.20420448403749922,-0.30111635015002863,-0.3980282162625589,-0.47816687477868797,-0.6347168123450817,-0.8564958905641386,-1.0,-0.8704735635611389,-0.5927837933540838,-0.31136664368116185,-0.10729261792496828,0.04646178504202682,0.1573513241515564,0.2356262929347531,0.25985425946288604,0.2915369849227507,0.34372029744488136,0.37913040237061385,0.3809940921035467,0.353970590976015,0.33253815904728296,0.3101738822520837,0.30178727845388353,0.3055146579197504,0.3166967963173497,0.31856048605028237,0.29060514005628374,0.23283075833535327,0.20114803287548708,0.20487541234135428,0.1806474458132213,0.16014685875095638,0.1452373408874895,0.12846413329109022,0.13778258195575754,0.1461691857539571
-0.010738452486026138,-0.002157497303128236,0.0002942041776988793,0.011326860841423893,0.002745905658527136,-0.0168677061880955,-0.02054525840933746,-0.022996959890164287,-0.015641855447681513,-0.04138472099637208,-0.05977248210258044,-0.051191526919683115,-0.0511915269196834,-0.07448269098754627,-0.10267725801706452,-0.1014514072766514,-0.10758066097871906,-0.21790722761596723,-0.5047563008728072,-0.8283808963420621,-1.0,-0.8663822692948908,-0.5868883004805349,-0.30739433166617736,-0.10512895949789221,0.053005786015495146,0.15597724821025827,0.23197999411591744,0.28101402373247086,0.3018534863195069,0.34966166519564695,0.36069432185937195,0.35456506815730315,0.34475826223399125,0.34108071001274987,0.32759635186819724,0.32391879964695725,0.27611062077081666,0.23565754633715824,0.19888202412474296,0.1915269196822607,0.18294596449936312,0.1510738452486029,0.0995881141512209,0.08855545748749674,0.08855545748749674,0.04074727861135585,0.03584387564970134,0.03339217416887393,0.0321663234284588
0.04366532937961469,0.00877958020815185,0.020408163265305455,0.011686725972440125,0.051659980231409476,0.03421710564567746,0.016047444618872028,0.013867085295656159,0.00151171579742981,0.013140298854584937,0.0574742717599862,0.11925111925112049,0.18611547182975854,0.2587941159369746,0.33874062445491143,0.36127100412814805,0.26315483458340616,0.0029652886795747927,-0.36115471829757684,-0.7659747659747673,-1.0,-0.8386534100819824,-0.4701726844584002,-0.10169195883481628,0.13378684807256133,0.2333565904994466,0.22100122100122038,0.18030118030117967,0.1396011396011399,0.11125646839932636,0.10544217687074915,0.10834932263503776,0.11707075992790361,0.11561718704575963,0.09090644804930575,0.05311355311355361,0.02040816326530579,-0.009390080818652065,-0.002849002849003109,0.018227803942089588,0.010959939531367886,-0.0013954299668594793,-0.018838304552590477,-0.015204372347230643,-0.02101866387580702,-0.0013954299668579569,0.035670678527822276,0.04584568870283123,0.03857782429211038,0.02549566835281061
