0.23421813954192636,0.20953581285892733,0.18052684358655727,0.16902695054176145,0.1753483187236866,0.17682674642968524,0.1578573208643138,0.13279247651971415,0.12380734962913323,0.12645794658719392,0.11630196471038673,0.08193220806143246,0.03595793673480977,-0.0013177504578655906,-0.023143745991657038,-0.05218680262736151,-0.13929521740995823,-0.32993051766290155,-0.61038957362808,-0.8801098226697388,-1.0,-0.8983644251633404,-0.6272837053104312,-0.3080067678150487,-0.03949568602043384,0.13770995362519795,0.22373757754763063,0.23760266031252084,0.20773173604014217,0.16371875501888886,0.1300096802603885,0.12319042829688817,0.1439531229679782,0.1713530550712696,0.1768817770203164,0.14929626113535,0.1039733079002747,0.06756794383627736,0.05639046390027248,0.0706570418303259,0.10160169792884867,0.13497799062564678,0.1532138658195481,0.14629941011163683,0.11982541034366447,0.0865386825328574,0.05428715832734941,0.026372941160982818,0.00614725444705641,-0.004104176094024115
-0.032831788249791084,-0.027795693455787408,-0.022311149666911684,-0.021501528519092726,-0.027694363438226222,-0.04007305874297014,-0.05415032406042647,-0.06318265669509512,-0.0642286089265327,-0.05977215910805358,-0.049833318608707884,-0.027212919782244573,0.01377399606055983,0.06263352999769833,0.08727270568257643,0.04514729132661639,-0.09523406743585316,-0.3335301045930998,-0.6237754531796219,-0.8774284883534197,-1.0,-0.9500316573192423,-0.7658952616013422,-0.5294071485438692,-0.3079479738990321,-0.1298955836632587,0.004180729813539374,0.1038730728450778,0.17942655423526016,0.23743787969722502,0.28028508666588425,0.30902105003457203,0.3251222494987115,0.33004622809219186,0.32596337257034697,0.3166528344965857,0.3066689057368257,0.30034931931613595,0.30010898564144195,0.30389664687703843,0.3057810834737438,0.3003379964316296,0.2861075647976734,0.2649858292820494,0.24004691882087187,0.2144407241331872,0.1905570111059926,0.16988282633725557,0.1541580684097115,0.14557484646217586
0.07799078344842511,0.06411528912931537,0.048356519949549884,0.03532870030243252,0.020414148962148798,0.0027655083375233013,-0.010703501251332544,-0.010579646491255904,0.008404242019789343,0.04418219327743531,0.09200717762868578,0.1512355782578291,0.22376928396134568,0.3022918987612068,0.3562138397790169,0.3323872522021469,0.1807737090965603,-0.11097382070035056,-0.49137341211511903,-0.8372673619747162,-1.0,-0.9090689265410402,-0.6332821838078141,-0.318859843518787,-0.07660553343029915,0.06336802830214475,0.12072070832897909,0.12403566639394789,0.09487004616353398,0.05000484790781088,0.008192083394071998,-0.010285044225894883,0.005408041697775579,0.04819390051902181,0.10063189499507791,0.14993402914282236,0.1905978145934468,0.21750898867132157,0.22684581569534623,0.2191299273248635,0.1939936743639859,0.15006171668317697,0.0955679001694613,0.04969387424076167,0.02865005680978616,0.03466467212020517,0.05654103349374678,0.0767610373646241,0.08324421548968618,0.08014317507759919
-0.013024868640564218,-0.009565078536353291,-0.004513955663051626,0.004247244640459104,0.0181487598214759,0.03128663334895192,0.03425094186100321,0.02279570435437957,0.003380386582300478,-0.011340214478312145,-0.016141898657129797,-0.018742836705425727,-0.0289716209558686,-0.0489032055500487,-0.07974095574540903,-0.13713157096235987,-0.25201210721141504,-0.44481720861887203,-0.6902446424335,-0.9078121054884533,-1.0,-0.9173703328586622,-0.6922488421665738,-0.40837135917859907,-0.144237726558221,0.056838439426411626,0.18484749079944374,0.2526371865565987,0.285297343874829,0.3054756158925567,0.32157228192247944,0.3305470562604926,0.3292086462417697,0.3194423764469487,0.30734850908047934,0.299783506707562,0.29708304929787727,0.2894235618827674,0.26667248354960615,0.23114087465656888,0.19535541543467252,0.1705594105035634,0.16090105596509746,0.1632130717364426,0.16896469894718222,0.17015578946077137,0.1649216880927832,0.15581103652470632,0.14562193362658965,0.13825833691204978
-0.05594821212400376,-0.05811201868073535,-0.06123550677521345,-0.06335777967436035,-0.06353043971526953,-0.06295815345466396,-0.06278862696896305,-0.061961272252068045,-0.058742372733014574,-0.05298578467486571,-0.04615492004002912,-0.03982910881474722,-0.03446094892103848,-0.031705466959293764,-0.042165107321209386,-0.09148554493233059,-0.21232487038749814,-0.4189183931663166,-0.6783472634169523,-0.9051915287905846,-1.0,-0.9138196066653295,-0.6823096045068135,-0.3965833880221433,-0.14292186251887498,0.03676467024200897,0.14563048695302672,0.2083241381621107,0.24708194086336988,0.27289496255447665,0.28978125670838883,0.30049523941679246,0.3077538751205598,0.31373087224896223,0.320204722437878,0.32751623266245444,0.3327241689359454,0.3310395686538311,0.3203759243989225,0.3033435513905851,0.2844471440635893,0.26680578784872755,0.2515560958400617,0.23823431095325057,0.22527634162364615,0.21133365573358323,0.19620458319128486,0.18074191368443926,0.1670189510965542,0.15855738673186925
-0.010059009028431898,-0.01238983724774693,-0.016124313695524126,-0.019798486118619892,-0.02254589621024323,-0.024386318668892765,-0.024906443717923367,-0.02227356257388766,-0.01442566324795868,-0.001378827714593906,0.014643382874355916,0.03187609145933472,0.04988711244725854,0.06458639633538246,0.06021965428204017,0.007194800896734067,-0.12627284726010737,-0.3498253430984255,-0.6270940980321592,-0.8746802399507886,-1.0,-0.9576698849114406,-0.7746621535440542,-0.523497439442683,-0.2748638987632355,-0.06910567932055678,0.08415531219437149,0.1924419863862977,0.2675405904014261,0.3187774820564551,0.35126097972133213,0.36633749685048167,0.36383795454530093,0.34582779315466255,0.3181971837663384,0.2881615284972571,0.26119123874867634,0.24008670900217305,0.2249345838524111,0.21362600149461605,0.20412758248184984,0.19631779669638175,0.1905324542057386,0.18548311743528936,0.179145041289986,0.1706343147659545,0.1597107002618128,0.14578024492747008,0.13026408134525033,0.11918033017063434
-0.027044155542781927,-0.025825926274507107,-0.024579537198214797,-0.022079293342610294,-0.013338473959047853,0.005814795799125629,0.030861146644514715,0.050467657870981134,0.05789717921652335,0.05423904902620254,0.042217343463228724,0.02337173946188983,0.0011732880223428882,-0.017804502668515566,-0.033018391816568196,-0.06522905323025739,-0.15798954668562387,-0.3498633238601864,-0.6252045932091679,-0.8861913512121605,-1.0,-0.9016254643471743,-0.6444991713504853,-0.343943560494105,-0.09131018485401671,0.07795081740889416,0.17128916912368944,0.21613559883822633,0.23705087761722318,0.24320247241159393,0.23415927810771361,0.21273543617305243,0.18955527523214033,0.17644010842235824,0.17692499262455047,0.1822737497940874,0.18048750606841266,0.17354903665107613,0.17787220405334409,0.20471476593453494,0.24889988901950205,0.293934390661602,0.3206362688705883,0.3160511335386791,0.28045241594233083,0.22654968702949888,0.1700120824533386,0.11948698392379008,0.0786838421988544,0.05445634844153291
-0.06597630863203961,-0.06713779374155515,-0.07004585329059237,-0.07372696242470803,-0.07334243728581807,-0.06079846537552341,-0.03201968036071367,0.006771500431724628,0.04476735089495552,0.07430548193282828,0.08676982735387422,0.06845827013818438,0.010334166721764506,-0.08069110742317907,-0.18566100259189874,-0.29193523829552875,-0.4112182669609539,-0.5721382516344014,-0.7757770852218875,-0.9546278763933678,-1.0,-0.8508507988375005,-0.5502921649341328,-0.21103897849835324,0.06442058124381628,0.23453218672900045,0.3143367922117274,0.3395099504171716,0.33706787266335775,0.3195370736623519,0.2925055592065953,0.26187967138433926,0.236547854430232,0.2262170194324568,0.23507661722657078,0.2569571046445701,0.28029092015050744,0.29929171539613975,0.31547890908626114,0.32735869964438136,0.32486506936429366,0.2971587443598862,0.24506313410067945,0.18438597767806236,0.1348325789789188,0.10630509456080676,0.0966079916400221,0.09788055700889566,0.10238534150948425,0.10537865769829467
0.020119305252780297,0.020628861377525502,0.009632931617908663,-0.019680024878186052,-0.056071888849532354,-0.07895291151747,-0.07511864100772132,-0.046293094385577944,-0.004778495327164112,0.03785489206602982,0.07870487961202789,0.12124238930416754,0.1668754745524648,0.20906592581204872,0.23037902441879404,0.19805789470093707,0.06810342222610949,-0.1858010546735696,-0.5280371494773225,-0.8452388062964553,-1.0,-0.9280760222337726,-0.6854081257944888,-0.3973647393646433,-0.1705868971302664,-0.04369884611992224,0.007236132220996904,0.030410700476559818,0.058495819580318735,0.0954319148419998,0.1311869673045006,0.15972710064079193,0.18250525250360172,0.2025969204140463,0.22201591403511522,0.24243754798294392,0.26214096543809107,0.2726550516509514,0.2638358569335197,0.23450116564791473,0.19625491137923573,0.16499372326030445,0.1491585004343821,0.14668528195887948,0.15075948167796152,0.1553359955029695,0.1559948692588518,0.1501341911497629,0.13938713577487988,0.13056029604671923
-0.09419996066634359,-0.08742125696126125,-0.07957624739803584,-0.07390725960507956,-0.06837892214067001,-0.06141932542873284,-0.05467293043750338,-0.05040468202633897,-0.04918255106448477,-0.049632229662151306,-0.050660865768682894,-0.054477402747743174,-0.06672084128720243,-0.09339380533306901,-0.13877008990496212,-0.20872938590726745,-0.3176505380148521,-0.48436196944043086,-0.7026057637949309,-0.9085433459136293,-1.0,-0.912233412793133,-0.6719511128772732,-0.37021223353235533,-0.09445158971635004,0.11080946234532502,0.2426256616126394,0.32183645231756614,0.3728227772986789,0.4089836389890988,0.4324612853745693,0.4430603437576565,0.4426980000576345,0.43310765021869907,0.4149926519567383,0.3900536455500372,0.36093720365992576,0.3293926958462362,0.2960606648105917,0.2623061680952025,0.2309689380433813,0.20462962159310125,0.18411950822981765,0.16828272343652545,0.15424431605432218,0.139238272900376,0.12280912089049258,0.1060404620736695,0.09059991413653036,0.08047654317366766
0.014968375540534649,0.01489817489304052,0.02545466838846307,0.04235157480238647,0.045807028172677504,0.030895915748938036,0.016212174964743743,0.019680492012654607,0.03908155058090764,0.05659267241446524,0.05926974544397953,0.05263570169243633,0.050395072568388516,0.054493624584528076,0.05070517803175691,0.01471115519598594,-0.08828317124780853,-0.29128665068190984,-0.5804555180361528,-0.8610222017232854,-1.0,-0.9275795969041523,-0.6898171057525256,-0.394909892703194,-0.1281891673732448,0.07445180200848252,0.20473398853311503,0.26563906483888927,0.27253781709524183,0.25230059809089705,0.23129187128874346,0.22370917917370065,0.23099858594258404,0.24520628925360766,0.25097825611791447,0.2348141582984128,0.19995193442278483,0.16738306494123353,0.15705267358149796,0.1703390280243457,0.19234944399483972,0.20787291986179043,0.2108530133482973,0.19978783877515613,0.1712824497585841,0.12389224909368533,0.0675274535090576,0.02199258177274682,0.0002458811113687404,-0.0038019434505906784
0.04778880776517485,0.042654761501552674,0.042004809095207374,0.046548114350937406,0.04870183418514006,0.04656543547048356,0.045365789762267,0.05008095211650338,0.06126422382687569,0.07668200778743829,0.09740218125213503,0.1291820566500623,0.1735623632899569,0.21964285876102244,0.2452888676927954,0.21953490496809516,0.10238192699923643,-0.13894898143980033,-0.48426999193805226,-0.8233041677579904,-1.0,-0.9332114760655379,-0.6816399617093474,-0.3754775985171372,-0.1148248647109036,0.06108163577583708,0.1558914591673215,0.1982597536369824,0.22387389598867602,0.25325201863049424,0.2827613341837154,0.2967340943776482,0.2851095032658526,0.24992713672468034,0.20005946989010454,0.14481588930316644,0.09239323112429544,0.05027993259522102,0.023523641716214252,0.010782149219397687,0.004812921504351553,0.0004173361277206163,0.0021534994672169805,0.0193932293660568,0.049588103572219835,0.07395963068550135,0.07573149949568496,0.05620307442499041,0.0309416029325405,0.015079103487994752
0.058713322925920894,0.0736351863730248,0.09388466445082613,0.10985296398848458,0.11598698612907538,0.11118218924020908,0.10217554332787401,0.09853902061679287,0.10067748700560737,0.09957032365814586,0.08981333478003548,0.07731508620055141,0.07067768730111162,0.06988201302514704,0.0651290082136843,0.034554472902958204,-0.06258546217935206,-0.2679163433729093,-0.5689252359247053,-0.8614450425164589,-1.0,-0.9120004311319576,-0.6561042115868909,-0.36302603754849627,-0.13459730995742472,0.0021954757720311813,0.07451347621711643,0.11846212577877242,0.15122112410980412,0.17651695642968385,0.19971931193343037,0.22500076943369668,0.24495741408906765,0.2455624965797416,0.2232684408003269,0.19102303029445575,0.16469936035298013,0.14777933085888037,0.13209140073957024,0.11283049003239119,0.09792393728547218,0.09815255790548341,0.11212423992446058,0.12585140514125454,0.1262158997529968,0.11256894812964163,0.09590255837625002,0.08812097960011249,0.09125225258609071,0.09705680195503535
0.0016414003498286711,0.0033900083348085645,0.0049371345817507935,0.005210286612022692,0.004553798791186991,0.003239634081060127,0.00103445683579503,-0.00252313664961682,-0.007649797576910135,-0.013516017163143414,-0.018514574000559045,-0.022034076676185357,-0.025845198322453414,-0.03418840467990187,-0.054748588919829366,-0.10343368228822006,-0.2079148134694922,-0.39345813898732596,-0.6456733620087993,-0.884755824555217,-1.0,-0.9307620398610905,-0.7105738745232485,-0.4303601254915508,-0.1721778870962958,0.0237200753717987,0.15381958824619477,0.23338817365410244,0.28095768440840363,0.3094246271305921,0.3245633071812645,0.3283331257687632,0.3223620677548038,0.30961990776150217,0.29455151212543706,0.28129944073145735,0.2713422900376119,0.26351353292939184,0.25600001728872585,0.24755396303315402,0.23754255156675275,0.22586934085303378,0.21265059393175004,0.19755154621092694,0.18036827630642985,0.1624205305672562,0.14593685132705772,0.13231772128634986,0.12225798466716058,0.11675811254346571
0.05257845133077378,0.0395584559408243,0.01986999630610642,-0.0002909056375607191,-0.018798923017537182,-0.033034356204631986,-0.039418057848551444,-0.03975560554618361,-0.03881440945617645,-0.03632953316750795,-0.028408970327804667,-0.014140693666072441,0.0037177082634767306,0.021665532393749132,0.03275355737632669,0.01675369764533723,-0.06599636900608243,-0.257256144106654,-0.5496802513317202,-0.8453358500478994,-1.0,-0.9364009401491079,-0.7023531077212355,-0.41449780138459075,-0.16761754755344963,0.0030700169481905227,0.10658701037395422,0.16789829435629583,0.20940348072097142,0.24355483782240547,0.2728569800809428,0.2955120304743336,0.3103037797438999,0.31439658531498654,0.3030255415988647,0.2787573525736695,0.25528225281386213,0.24548182949305478,0.24794861794572848,0.24781122400442948,0.23202655716636894,0.20333863857983958,0.1749275337688832,0.15344956545557406,0.13708405792520048,0.12559573879862462,0.1202436604796709,0.11870643780138958,0.11758266398496461,0.11638737869006668
0.04758783513407492,0.06008930342336126,0.06554186452789142,0.054432757912348306,0.03836329929861365,0.03008185123276794,0.025809425354494358,0.012411590237206024,-0.011754165347892382,-0.029569721931005863,-0.021140016382782092,0.017673239714524207,0.0770828124738045,0.15091232539672372,0.24211505476358514,0.33736186408851304,0.36802660228451833,0.217306404992564,-0.17115860063537972,-0.6658267941861061,-0.9998817746432731,-1.0,-0.7207024085019682,-0.3483169326650979,-0.036238875470704146,0.16003874292365075,0.2541546422626559,0.27936025403108433,0.25883021615740953,0.20592098018922295,0.13989550331543557,0.086614898025595,0.05883248986787646,0.04904116136083568,0.04566162810782173,0.04387151327185677,0.04206837106216869,0.037721883459833794,0.026757172530169553,0.007489509447570233,-0.014043772639517184,-0.026736621255432472,-0.022619935503962133,0.00029323136793835673,0.03989562015453348,0.08703823925079386,0.1238982999439104,0.13609283134068342,0.12650163849889093,0.11321456175819315
-0.010978383470043124,-0.007012658686254033,-3.830910964352949e-05,0.009298245837301716,0.020864167067720967,0.031759107958245734,0.0366661339509082,0.03349944560096624,0.025872934927820123,0.01999629511296129,0.020067684521612478,0.025916214254529054,0.035184654788178914,0.04779930141663735,0.06450574360985607,0.07245474475707313,0.026283225518714464,-0.1406701722473542,-0.4470912567604334,-0.7929085838475024,-1.0,-0.9548550363603917,-0.6944480381898145,-0.351717048717434,-0.04801581419204819,0.1621561013225317,0.28074405130774166,0.3324031717586091,0.34153943812501686,0.3254544106822625,0.29587852095015155,0.2618556236818849,0.22963317481233042,0.20152775622418992,0.17766199034593413,0.1582660712506395,0.14295458500850833,0.1295529527281278,0.1162862048979678,0.1041607604590654,0.09528236903478704,0.089400987337187,0.0837559753975643,0.07642988399259833,0.06803404064830737,0.06056825219765489,0.056639183583087824,0.05789818999458735,0.06269120338931804,0.06679250312833959
-0.04355612480487933,-0.04377335597311615,-0.04486449966418186,-0.046636308671068064,-0.04625947217450578,-0.04091656685919295,-0.03239147015357665,-0.0263406300081754,-0.026465754518448285,-0.031408944000036514,-0.03824770338480434,-0.04610532020618343,-0.05556787521887438,-0.06933784489839777,-0.09730560945351785,-0.15980553143520443,-0.28032702004173166,-0.46644169301584243,-0.6905235403540745,-0.8902134707941947,-1.0,-0.9946779575446792,-0.900668949516301,-0.7602504063722756,-0.5916216912596671,-0.38873865719917633,-0.15107667573168002,0.09678143109711049,0.31450923625557214,0.46930109751649796,0.5510465772117523,0.5717327085049546,0.5540591662731966,0.5193555938458286,0.48145687670993653,0.4460881929237757,0.4138206584887095,0.3840317621066509,0.35669048796633884,0.33213401423556643,0.3104422010479017,0.29130974881298427,0.27485931915184086,0.26193970500755126,0.25237413103974954,0.2433731034270625,0.23137040606352183,0.21580514272645773,0.2003717722622251,0.19066974057860042
-0.04073561273187525,-0.03776832367445051,-0.037229508365568716,-0.04269129222930746,-0.05260826538539522,-0.06327086926421371,-0.07106077591315173,-0.07292509207052106,-0.06810189008641415,-0.06085831907189943,-0.061280451017396875,-0.0820990336351088,-0.134419895530735,-0.2257012487992538,-0.35691044230973706,-0.517246920886606,-0.6840329080028261,-0.8328291805884752,-0.9455145467477291,-1.0,-0.9565892767561971,-0.7781457602106834,-0.475464998436429,-0.11942378500005059,0.19920732345724318,0.41819104102581367,0.5237613633061189,0.5419127836067833,0.5129961184611499,0.467931130625891,0.4223131224890216,0.38303928257752556,0.35258442975553184,0.32958127738152,0.3109404989734328,0.2938882010410086,0.2765359653599299,0.2592503405318786,0.2443974983420023,0.23252954316023275,0.2212460641792666,0.20949729455564092,0.1999025186482897,0.19504556775625978,0.19391040014706873,0.1931954577487091,0.1906897230254347,0.18631636249243452,0.18103037615972592,0.1770147119061117
0.02985376405596569,0.023570629068242765,0.017187213499776206,0.014402761193993958,0.013361138966470384,0.01049767332535985,0.0053957039804445935,0.0006724154078158402,-0.0025961293219773237,-0.005052414272979935,-0.004012251911472923,0.008891015047577801,0.04584331524081551,0.12009226331270893,0.23658733140267843,0.36513620398376945,0.41160281408406607,0.2472943991995665,-0.16757651653741604,-0.6747968086091659,-1.0,-0.9827654940394429,-0.6921093981962967,-0.32114779667724874,-0.02489692364247884,0.14422708267234688,0.20859202829265658,0.2143449335887244,0.1980516489276755,0.176892744241431,0.1539009473743587,0.1285536618623282,0.10432903541009328,0.08772533785733937,0.08161349216987056,0.08147221258593325,0.07972772523902724,0.07359881363992643,0.06634543063258087,0.061948724530269304,0.06186695458138176,0.0659434969982856,0.07274550178303914,0.07721054757951869,0.07146555187279853,0.0527615101944657,0.028988216653106223,0.012502382372164896,0.008586459253220588,0.011170651126684857
-0.0020287371774351582,0.0014190294622226938,0.009219956091166336,0.021345603159093875,0.035454118034984015,0.04711652260016879,0.05276254425760947,0.051877717789846026,0.045705573246049944,0.03637380059946517,0.028513624763654006,0.030124290378663276,0.052267876250436406,0.10794182287041916,0.20131168183446566,0.2991963682261241,0.3080262295899857,0.11585543048708634,-0.2885011010071617,-0.7405812475818795,-1.0,-0.9462072637881697,-0.6565236273128832,-0.30582972936419595,-0.028944096343499634,0.13067117871899503,0.19466110281765048,0.20498164176915043,0.19418490060087018,0.17831880105293457,0.16353135434582217,0.1512760161031199,0.13897287271601008,0.12387687527744567,0.10824262365115862,0.09730040189715995,0.09330028054653368,0.09404419973246866,0.09564508140385697,0.09424444339647649,0.08655494614851618,0.07257166337545137,0.05760173092836584,0.04814134375268115,0.045051658065779404,0.04339256767387724,0.03864619518983668,0.030503603841113367,0.021901261936853718,0.016486867991655888
-0.002917430062806124,0.004140820464650051,0.016013778382300375,0.02881479851601853,0.0396666738142465,0.047760836734489394,0.0512895317020744,0.0469829773988239,0.03642258535618158,0.029735013730768294,0.03824895766808701,0.0658712252232944,0.10914870187410945,0.15867005108350504,0.19453742188370154,0.18103115459330432,0.07077947427253352,-0.16943835423985787,-0.5114251700438676,-0.8387860644165811,-1.0,-0.9200363029574639,-0.6560882946261186,-0.33846037080591523,-0.07214693232131861,0.10609505818471246,0.2061298065720519,0.24810707102405566,0.2491963203872139,0.22791929106287045,0.20222298013678552,0.17925249630575205,0.15537834511902976,0.1288812085582078,0.10615667930825855,0.09469021959009206,0.09536976071338907,0.1034976628238202,0.11443993578612614,0.12599674351026982,0.1366728512972631,0.14396663165739837,0.14547979027268615,0.1411668930548212,0.1320588181364229,0.11674341930943453,0.09320131381690187,0.06520568178101191,0.042081741020135635,0.030274197347129665
-0.018601810188799733,-0.021474730877331802,-0.02717407778499477,-0.033935124392756325,-0.03770975244188125,-0.03617589832364223,-0.0329438761631114,-0.03568728810785662,-0.04902589581617727,-0.0693564709479782,-0.08739953940239314,-0.09630416913540717,-0.09736039090908846,-0.09873922495156043,-0.1134886771910722,-0.16238568500956116,-0.2722471161350865,-0.4572762395445927,-0.6916919889467721,-0.9023661016334995,-1.0,-0.9311135334501272,-0.7099119353262908,-0.40698872708164524,-0.10843716246993765,0.12398623581131143,0.2700241314465479,0.3433515804291499,0.37184882629463517,0.380655541584524,0.38467316701619814,0.38769182536882885,0.3842615943946553,0.36548244530989626,0.3292843870004192,0.2861850555368548,0.2519967328836067,0.2355463855094138,0.23467836772158973,0.24100202955502295,0.2464298904917786,0.2467118865811344,0.24062759217366766,0.22745977489436925,0.20657880820074567,0.18001093049514738,0.1545494780797673,0.13821465851457468,0.1330232143136016,0.13352087662412263
-0.036565852990616356,-0.03743871490578337,-0.03791416830225367,-0.03621540207638123,-0.031277136013805974,-0.025824873231628007,-0.02432147023895288,-0.02772969387182171,-0.03407867301620787,-0.04111516734397815,-0.04681506955909258,-0.052481869265888485,-0.06719658501951109,-0.1052288632188414,-0.17698611517455592,-0.2843723905480283,-0.4255927888866592,-0.5969827080401224,-0.7804862759132257,-0.9322778147570595,-1.0,-0.9633735819363674,-0.8517418956942843,-0.7141659817405847,-0.5794425198820438,-0.4466723491175912,-0.30053064405821317,-0.1283542403816594,0.06720640091980128,0.26253505934966137,0.42470485190900165,0.5332680785917312,0.5892924510591249,0.6085015557385879,0.6101304241270354,0.6066057397452584,0.5986175016586034,0.5798390271841668,0.5459536155461314,0.4987931629865197,0.4442708224311021,0.3897452616344054,0.3421577849767819,0.30505798860155603,0.2773415594456759,0.25555774637578454,0.23655941065056105,0.2182571601794113,0.20107724476315575,0.18970999731109983
-0.03892864927918284,-0.029208959306645757,-0.0010615166033334557,0.03556953168219961,0.05480056461915484,0.0486475490859527,0.0337404354716743,0.02486359347268688,0.021596197609727873,0.020103663666323705,0.02151497178724886,0.025534334667621523,0.025545797992554135,0.012328257446938946,-0.022030241305723192,-0.08690859225475062,-0.20244826805868682,-0.39643728317939286,-0.6629065653314947,-0.9128749296750717,-1.0,-0.8335921473841054,-0.4650901481132763,-0.048317769698926386,0.274832549553696,0.44472243721198784,0.47866729101832844,0.432550949177257,0.3596262778932133,0.2874645907995835,0.22606886297133996,0.18144992906386775,0.1528851793715436,0.13391209635495038,0.12431556518999741,0.12781734265487038,0.13770789127354552,0.13901868700644254,0.1247525544922589,0.10243089810914824,0.0858625412199656,0.08321320525774369,0.09081997417574929,0.09721015327638098,0.0934446509007947,0.07790208222890209,0.054729100963383445,0.0322341812896121,0.018315841151643943,0.013605340082300289
-0.03524485937968731,-0.025980112279463424,-0.010043978629434028,0.007606936006892528,0.021087683844699414,0.026630786913450003,0.023972764297185627,0.014236737351871873,-0.0010261605149522205,-0.01862125756740531,-0.035348032710866825,-0.05097628341149623,-0.06632154355379016,-0.08123350820825259,-0.10184071929335367,-0.1495091246631579,-0.25538474897452,-0.43841277463796124,-0.6772312466790747,-0.8970095866987837,-1.0,-0.9332767217438855,-0.7280371793640233,-0.4657218113465656,-0.21714855751034218,-0.01704747452963563,0.12716500790774707,0.22207893791050515,0.28129833623460937,0.3206289282549437,0.3515610143525594,0.3755351520896377,0.38672698712459647,0.3814252512754079,0.36223420828772523,0.3357003630279027,0.308966680019015,0.28714826754329587,0.2726314264194317,0.2653751486221048,0.26200303676530706,0.25613352696210956,0.24204024752407527,0.2193905290563298,0.19425275085212568,0.17265350968607823,0.15352744611357488,0.13195038495833833,0.10873072073690862,0.09272291155822235
0.01800844576209794,0.01856253444137277,0.023086049618816967,0.034463532940469416,0.05128136648077679,0.07102028865205297,0.09355874240340202,0.11672969778023,0.1325116512040615,0.13366968624793232,0.12284953734613901,0.10956000224416726,0.09865055927151777,0.08290699157877848,0.04394224324519486,-0.04014095286635271,-0.18727468726923055,-0.4038159727484339,-0.664543848731928,-0.8952211497726946,-1.0,-0.9315853349443782,-0.7326943460635758,-0.49781392721947937,-0.30016579374944435,-0.15775678503808116,-0.051991956382875765,0.03863712949428306,0.1215220829327633,0.19034336446947245,0.23394141330071092,0.2484400541342947,0.24261499381307414,0.22947113365896887,0.21519092553687483,0.20142214024054564,0.19242534127076144,0.1900990103214038,0.18900964202802573,0.18650743812672965,0.19138851010247798,0.2131803375798393,0.24592476857080411,0.27002468990277656,0.2708535697590962,0.25159252591049336,0.2261028765559047,0.20352923534020975,0.18553586688598628,0.17444637563396748
0.0883260702932236,0.0898908323614806,0.1019704001517611,0.12703993093484972,0.15518311992008282,0.17382190871968078,0.18068344550261725,0.18179378509855215,0.1805385778509317,0.17499591423908537,0.1595664321059992,0.128082886232257,0.08014697831119584,0.019745518743229332,-0.05514975292200105,-0.15635630237848094,-0.2989240099074639,-0.4904640454975109,-0.7142710774376139,-0.9121889458283939,-1.0,-0.9288809824204121,-0.7328627894922726,-0.49932001538863835,-0.2986979045907378,-0.15247233252826553,-0.05124850739869123,0.017982201914986066,0.06245883218755063,0.09078527156526676,0.11754553426039056,0.15321594554310142,0.19491619406954436,0.23394843263042683,0.2666308212247243,0.29052024897408885,0.2979467407454469,0.28446171975760265,0.25947006063278205,0.23858229494799596,0.2259684155951546,0.21363514116853932,0.199540411386858,0.19310751322186664,0.19886979781777472,0.20652563246708605,0.20245877872960322,0.18508943823807628,0.1643371198142755,0.1510543184323942
0.008381072965037956,0.010564814800293601,0.02575425046436606,0.0629049118749856,0.11416241614250014,0.1595229880135647,0.18528022631077545,0.19113092513145566,0.18404474956135108,0.1692369785467551,0.14690860305035053,0.11900977380304839,0.09319800751071729,0.07159216617626649,0.03915320529421991,-0.030828699472480563,-0.16378529321222352,-0.37277019049205934,-0.6376898740036502,-0.8829367561271106,-1.0,-0.9265596392360704,-0.7025356683663317,-0.4339661465156079,-0.2106067281401093,-0.06153818846212574,0.030160658578510278,0.08932665009602678,0.1290451848136603,0.1556575352059361,0.1743592400040156,0.18641532003671318,0.190527986275347,0.1903483810850379,0.19595765450657246,0.21561760884653006,0.24627206174328492,0.27110136087566844,0.2703951624541706,0.23960367869943733,0.19331677261810934,0.1502877379699241,0.12033386577589676,0.10369353849170017,0.09596701913373763,0.09494790829250623,0.10271888883097989,0.1184886669450111,0.13449218391408152,0.14333702918922345
0.19299410534278025,0.18760084074102773,0.19070765399380665,0.2114593524632786,0.2365827320812954,0.2441334953335788,0.22970531670468322,0.20454877237614771,0.17840139905732,0.15407369040288105,0.12941238229861707,0.09948342583181416,0.061388053163657065,0.017919448738190992,-0.02918672680605764,-0.0929896304266105,-0.20454144470339355,-0.3930454297703521,-0.6470133946622649,-0.8871251404140444,-1.0,-0.9283943222782163,-0.7218777680548865,-0.4843130101314164,-0.28914093173984784,-0.15267890674429394,-0.05818087279083368,0.01623056177548085,0.08350762759764921,0.14643095384366142,0.20239783471914888,0.24679866680232787,0.2754155518812644,0.287033646948581,0.2826106051164787,0.26283932432103174,0.23046481794881363,0.19376563687665896,0.16125472211180636,0.13178138565185596,0.09758885271745621,0.05935285140024638,0.029997212359707866,0.022896173938117808,0.041700078672030676,0.0799100046214707,0.1256696075202036,0.16685184143634563,0.19565593385987964,0.20992301787292095
0.05525406578292669,0.05279242091103832,0.05681478054552151,0.07357912410801774,0.09997436049769834,0.12821274917082848,0.15423867641292138,0.18022225872651534,0.20928284915850343,0.23878450281570165,0.2590914559685297,0.25688200233476016,0.22062539406029444,0.14995497026346877,0.05816884474281992,-0.04465188286555259,-0.17359228974478186,-0.36370135262862624,-0.6209695795333003,-0.8736452425483988,-1.0,-0.9273680804679352,-0.697233442059536,-0.42351748186925653,-0.19892833365269463,-0.048955157476203194,0.04332392228316842,0.09540112045031153,0.11540066273345065,0.11562349334598525,0.11514952139598719,0.1284916604142955,0.15918059527305856,0.20097156903684815,0.2398559874063323,0.25897452567726215,0.24896435063460576,0.21473968091758638,0.16980379503193407,0.12688605708877349,0.09768287331616195,0.09321176974773047,0.11367133156820863,0.14151974491354988,0.15303552032323123,0.1369121909860831,0.1004389741155857,0.06077551974353418,0.03153773222072158,0.017131788722333237
0.12751544053050506,0.12354935085233147,0.11993492259101123,0.12285368487323928,0.1355957937483157,0.15486743733454644,0.17186753737098728,0.1775889326779403,0.16796035028647427,0.14559575322214513,0.11690825812476471,0.08560812157516592,0.0490739918151577,0.0017063087785560373,-0.06243005419133973,-0.1539834115921984,-0.2898310619658765,-0.4804193559001462,-0.7074953555449238,-0.9092605051065995,-1.0,-0.930493833030204,-0.7328141297812308,-0.49199645621855664,-0.27928291633389996,-0.12034818658607442,-0.009955104752669084,0.0643731447675101,0.11321390576848044,0.14561490970498941,0.1699306383672059,0.19302346369213733,0.21705209273923814,0.2371046983544107,0.24533413739577123,0.23884262894867941,0.22191285105575312,0.2004198719445687,0.17736764483784329,0.1565152191015587,0.14628565688963302,0.15407052710416494,0.1778683305338792,0.2070486073002317,0.23113563164959447,0.24555366171284704,0.24901506520064517,0.24072875167380337,0.22438072341810608,0.21089232506152764
0.03922138641524078,0.04508984271339202,0.06188935877722089,0.09141468299525723,0.12634219869092528,0.15686750128288562,0.17821363550095712,0.1867214199240185,0.1797289285793073,0.16253668686577982,0.14467350425796535,0.12880592325591103,0.10826870869576086,0.07155080299088588,0.006312620202099496,-0.0971163138441118,-0.24697458006808537,-0.45007150834083987,-0.6907737405345173,-0.9048505721949854,-1.0,-0.9279336811678606,-0.7299352377510129,-0.4979220216921259,-0.303727941883633,-0.16926914307870072,-0.07746193545898208,0.0034290738398373224,0.09562930802009251,0.1971215306038531,0.28519942427897754,0.3369193061853027,0.3457880082972274,0.3200951946924638,0.2732495640914606,0.218729168006165,0.1688455658874162,0.13229809482731233,0.11318590849684546,0.11271844837153593,0.12841338131835758,0.15284159907169745,0.17566830206579173,0.18706846933304513,0.18308378957036042,0.1715189006734927,0.1685561532173461,0.1848965448389845,0.2147207802697525,0.23842295890992937
0.12962354638261678,0.1292993227666953,0.1341891101498396,0.14525963535885697,0.15787484363740434,0.17033274173275295,0.1832305744444457,0.19277508617783884,0.1933897898415883,0.18507284683321837,0.17029733058475088,0.14456757220416228,0.10013407135355658,0.03767070693590576,-0.03668599312246297,-0.12656055376337627,-0.25152109386795507,-0.43369669984804093,-0.6672749156075238,-0.8898429987028038,-1.0,-0.9349017965333742,-0.7308042285103472,-0.49115278180241695,-0.3027583826465067,-0.1891649480246349,-0.12447471796233633,-0.07100978680050098,-0.007215830309734448,0.06179004004674609,0.11453136847849663,0.13963218004370578,0.146258610116359,0.14720570935579724,0.14933833730086338,0.1621339027928985,0.19584136239622246,0.2454338686946107,0.2876214818731521,0.3013932707221945,0.2873929535128511,0.2617743678297932,0.23749720005879082,0.2190279086290541,0.20767159566130836,0.2027351856969794,0.20187526619951587,0.20328813916352714,0.20508481401929524,0.20581998650622088
0.15135300143264896,0.15673198554763815,0.16539050930890678,0.1726216388437542,0.17362787539541502,0.16967926966786204,0.16777778870699622,0.17127571916676004,0.17436362214215706,0.16838342036777088,0.15006971505790068,0.12078526373616792,0.08161294248314908,0.03127284975865059,-0.034189785302700025,-0.12406370364128066,-0.2562500321633193,-0.4475948988953525,-0.684439588343833,-0.9000160153111297,-1.0,-0.9315253964861099,-0.7275222108965037,-0.4757163028592587,-0.25277008410559,-0.09124238927641205,0.012221697160757213,0.07644402611094558,0.12062451391379113,0.15575297622886158,0.18129253907619447,0.1902743807772749,0.1815742591281129,0.16698444680047927,0.16310725799608283,0.17594945109330642,0.19636483040750005,0.21079598476532313,0.21273553027624154,0.2034011650327013,0.18660222775552665,0.1672870814609468,0.15276349947464568,0.14921323930631228,0.15598275533863754,0.16615291484230005,0.17177454718789764,0.16816130570765045,0.1572580188757088,0.14766615694851384
0.08156506845918231,0.08600669429154932,0.09719471339091414,0.1125353382356051,0.12515780349191694,0.1306591060177665,0.12969327229550412,0.1260420781510986,0.12233219653087385,0.11698722711079892,0.10585983441322075,0.08628504699644134,0.05840047662141308,0.021157273607976423,-0.03383465476644339,-0.12442095195945915,-0.27061544267095194,-0.47722334697242225,-0.7146325003085338,-0.9148376980526552,-1.0,-0.9348661275223902,-0.7536787451179482,-0.5289592582804451,-0.3197550891373168,-0.14997108256694766,-0.01806613089535874,0.08594783031393535,0.16842227034450924,0.22776798957917155,0.26048558298991553,0.27148227696576777,0.27396357216337147,0.2773663213785303,0.2804022383284369,0.2774796107507041,0.26734401090595256,0.25358480738529715,0.23986840247228425,0.2274620068309753,0.21595130161802592,0.20322095157321193,0.18647479633108696,0.16731776383312066,0.1531981400293727,0.15021371503302344,0.15655315253515928,0.16419629076585726,0.1667605610918859,0.16552130541701557
0.06318756297948594,0.0632984604808519,0.05901426355178848,0.052021826592602766,0.05315992253334681,0.06865712784363766,0.0896115593900959,0.10384969226359403,0.11142214063876292,0.11743455681494547,0.11799644646378371,0.10493611914506369,0.07705557369633348,0.0383194072531549,-0.012906364406296772,-0.09179297382265256,-0.22310010983775783,-0.4226451069146837,-0.6709095226256807,-0.8961268222264552,-1.0,-0.9312997425538493,-0.7336757394471959,-0.5041456749018829,-0.3164562171329274,-0.19121043769801746,-0.11207406476704247,-0.05038544938428423,0.01460474462327147,0.08250823526694086,0.1360532321844115,0.1609880529675371,0.1605120077592127,0.151436144574997,0.1508646563876508,0.1655612111353463,0.19058904660789705,0.2184719926181722,0.24683306016355644,0.2747702833533309,0.29823957190982275,0.31347212512772404,0.3221641653808761,0.32958339194588504,0.33717844033145605,0.3392854649981261,0.3280998403396912,0.30171077827696063,0.26862676140897856,0.24521035870943442
0.09323805171554131,0.10004618774756785,0.10798747474913752,0.11244521464825914,0.11527457551064743,0.11841845574461453,0.11672382904529591,0.10541153561548176,0.09020851053697075,0.08203661176956091,0.08179107349779112,0.07683196334264142,0.053720631793877247,0.00790820120436359,-0.05972890732145134,-0.15271621589249415,-0.28513242169774966,-0.4722438885884442,-0.7018226155254237,-0.9093274675757095,-1.0,-0.9200332516211882,-0.7043593208657928,-0.44385619734112386,-0.2153279360484169,-0.047159755574396375,0.0688083382279312,0.151672509920234,0.215310211835567,0.26359784371690975,0.2947703755712509,0.3103430390038707,0.31440254367815174,0.3053358144286257,0.2794515959635489,0.24380226878151917,0.21522704580679622,0.20309132521407652,0.20113348967512237,0.20000018010981857,0.19879956825380035,0.19930257402388613,0.19732371835156293,0.18517805468944162,0.15813471063191384,0.11929972143949238,0.08317292021802157,0.06841564851624596,0.07853917547235742,0.09455298760029508
0.13321839305228106,0.13470654783847028,0.13296682495151987,0.12681749801287193,0.12349414697779071,0.13212472112951815,0.15345610827469205,0.17718592078723933,0.18896773240627934,0.18069787344883054,0.15560471109229768,0.12525019613456553,0.09992521134933804,0.07746882655442165,0.040746855135602444,-0.0347125604752862,-0.17263281385156742,-0.38502791992517044,-0.6483178928460189,-0.8864176778024789,-1.0,-0.9353957998190883,-0.7264338272893847,-0.46427247566110563,-0.23258051989879666,-0.06898552663377368,0.03237982399081393,0.09714693598166094,0.14663844097598652,0.18716660444469896,0.21548692758944643,0.22857567382525626,0.227470581546564,0.21772429431255663,0.20759493787496897,0.20197283987911888,0.1983066763757563,0.190026848980386,0.17331326077730533,0.15167519757955517,0.13475563497264773,0.12900499297700246,0.12836376080063264,0.11975099023504487,0.10065488590041727,0.08491278577948667,0.0854890471400787,0.09764317198967792,0.10702956049487795,0.10906157263301175
0.06498352139753062,0.08376203586413995,0.10778537098805355,0.12618674786965842,0.13856092377940243,0.1497430496541069,0.16545346234012556,0.18634794314643716,0.20323740204151233,0.20269150528722346,0.1748478533673242,0.11769485461206018,0.03967969905681289,-0.04611330507630575,-0.13546517251696824,-0.23729799015222386,-0.3673512406083793,-0.5401845327035627,-0.7476748688682908,-0.9312671588506676,-1.0,-0.9048194737784092,-0.6859360710527006,-0.4330901069099034,-0.21539767963360032,-0.05485734335748553,0.05843585910069787,0.1427989167437991,0.20908928090132534,0.25882351184058433,0.2912560269656475,0.30582132169944903,0.30304128690974347,0.2905222312497969,0.2816512457458192,0.28155632531375224,0.2800385827471027,0.2633244228640896,0.22996038080160766,0.19315810072123957,0.16813420662155246,0.1586423593439382,0.15612017568457848,0.14827208859905974,0.1274976027709123,0.09658206918922312,0.06929290207553779,0.06111661529027643,0.07366577553640109,0.08967928538797555
0.17546374144884774,0.1769899205066536,0.17969207445937171,0.18108716106423814,0.17947203327095063,0.17607032083140842,0.1711986963810081,0.16331008216135576,0.1544984934726256,0.15075716291319277,0.15291732852106005,0.15118643694963707,0.13337869327377305,0.09696039730935135,0.04470068740302216,-0.033071102679037616,-0.16256772517782947,-0.3664394593063971,-0.6300093035612013,-0.8772866526293456,-1.0,-0.9405253352493403,-0.7410214137999325,-0.49827419892227304,-0.2880873545353365,-0.13869234983338055,-0.04413102895838437,0.017731198307016183,0.06709564864247063,0.10858040802286598,0.13506628946785612,0.1415032326073214,0.13042696566905787,0.11005631939107811,0.09295326767703714,0.09078033512896085,0.10552712960859263,0.12928878751055758,0.15347985421557195,0.1736829853688516,0.18667564889156724,0.1908978289258462,0.1899669589028442,0.19014055996751708,0.19494613471164207,0.20309220531006952,0.20975350684032856,0.2101449129799797,0.2038068141576068,0.19682570238132252
-0.0434766794960609,-0.015102276094832131,0.033207390648617906,0.08646935437655269,0.1331114467054593,0.16742376304384532,0.18467980338482,0.1864639656593966,0.18510198327336536,0.19054206991318012,0.19650142106894716,0.1865882328531272,0.15167633187053958,0.09617000793060931,0.025776441599262,-0.06818594810467384,-0.20950530847313292,-0.41674929444114783,-0.670612654387402,-0.8971086296164003,-1.0,-0.9305053335480543,-0.7235080814692678,-0.4624073915788111,-0.2220927876197669,-0.04213072343069526,0.07176080243667099,0.1356746317407126,0.17107072599613649,0.19156982938542216,0.2026816433101252,0.20813919974789957,0.21003875759600557,0.20756794379245153,0.20217090398352328,0.1996819515416659,0.2039063637576495,0.2131019499932426,0.2214949881731356,0.21984051357678683,0.20116531135282284,0.17007702516477838,0.13979459384261808,0.11837799261816272,0.10363097926393612,0.0916055052457143,0.08472407945133886,0.08891791091026456,0.1035400016670586,0.11713929138440125
0.18242989447628533,0.17548881943189323,0.1705827928909984,0.1707935843148024,0.16979487232310997,0.16297012807920394,0.15441106412356337,0.15219198946014773,0.15877049634911175,0.16746174288856938,0.1688755406228652,0.15794994767910778,0.13380487500524194,0.09438017315076627,0.031235886117249447,-0.07091269180550491,-0.2276265747743546,-0.4420993834418825,-0.6891106027130618,-0.9036269964296885,-1.0,-0.9319466842819216,-0.7356714516716262,-0.4982064115867531,-0.29019924138431014,-0.1361437541661605,-0.029841416912618966,0.04184935736401445,0.08910552581713548,0.11857590226545368,0.134747180465128,0.1425634834876864,0.1477408658037825,0.15454971280865995,0.16572827948753932,0.18238361161799177,0.2010937920140867,0.2138917442965992,0.21486366167841847,0.20521626692717115,0.18967540897710608,0.17183791365638865,0.15573566668218708,0.14713707561857584,0.14997395175909625,0.16254382033831938,0.1768539697233188,0.18344700261990038,0.1802102951946234,0.1745189136517839
0.13619732326331135,0.1410285400942968,0.1469120871688921,0.1480834963454061,0.14255244565893407,0.13536957369542965,0.1327654950940951,0.13500438416029154,0.13567648227943616,0.1269949706651595,0.10757023169413829,0.0832148281591281,0.05828650997993808,0.028958063107107104,-0.016634885396194562,-0.09665805870854646,-0.2318207938712892,-0.4329251042017138,-0.6786242395235579,-0.8990551402555893,-1.0,-0.9323669439807365,-0.7374053169915629,-0.509071082885814,-0.3199998910835457,-0.18782847130633357,-0.09304464774026319,-0.012783185032436114,0.06092966165886913,0.12477348785667625,0.17465649972721572,0.20851442008362747,0.22558008600779877,0.22869839380354043,0.22354006506015117,0.2139501507773737,0.20136429927136557,0.18822455393118018,0.17988574795736834,0.18254249530986788,0.19896536007623744,0.2260138640576907,0.25451759620937986,0.272237244078261,0.2713046119439104,0.25409512097862386,0.22965058914128814,0.20586388938513672,0.1872891578427133,0.17700603445374333
0.22675884127863077,0.22175740578074177,0.21916898066826956,0.22225056175654875,0.22453501059932301,0.2206330980819658,0.21436643945226647,0.20917357353840163,0.19836649479113055,0.17139888594659747,0.12657843541892255,0.07435896877895667,0.02805172421732695,-0.009069351807251772,-0.04962714444747097,-0.11737821363549839,-0.2375741135950453,-0.425256139998346,-0.6641405827292207,-0.8870757122179111,-1.0,-0.9539624417569001,-0.7849905251648868,-0.5708324710264174,-0.3693331191297377,-0.20292416860778434,-0.07462094002263127,0.018542213056750925,0.08360146493476955,0.13019986168900868,0.16346578561434408,0.18361192316869782,0.19358154826069934,0.1994535493071771,0.20512726699298933,0.212421709418476,0.22179248317648648,0.22895082887749008,0.22689494386889292,0.21380139958219355,0.19394304325966166,0.17125749127102316,0.14825585749524894,0.13052308306996968,0.12529971720768887,0.13483944880207605,0.15617043869486233,0.18612889728932383,0.21918178260818996,0.2423417661839968
0.1199036543419335,0.14152351242525918,0.1603157678998857,0.15385548187521259,0.12382842074072607,0.09093243679459972,0.07312067841942718,0.07310336881593883,0.0830242009844321,0.09459348145192886,0.10054655387912144,0.0901517458271559,0.05551192294292833,0.0009864459536296376,-0.06592729061831303,-0.1517278638244197,-0.2782236309244261,-0.46457674106451424,-0.6977914766761161,-0.9097271782148857,-1.0,-0.9135033177284594,-0.6932433168894624,-0.44028764043105734,-0.2336328590293826,-0.09334829312414525,0.0007573141627653393,0.0713832067899332,0.12573005145724978,0.16477878770167476,0.1942773861661392,0.2210208197776118,0.24673364959404315,0.2700090998393465,0.28954792231002097,0.3043844063322153,0.313671076582232,0.31579682727396696,0.30822226934460384,0.29046578426208614,0.2655864829306778,0.23717603801119663,0.2067965443035066,0.17497778339605596,0.14343036738952217,0.11555378997747855,0.09436148670550076,0.08063967470025735,0.07369212994195697,0.0715990372229613
0.08282484234915104,0.09637564859661406,0.12377876546559281,0.1573630450134423,0.17983419899216188,0.17502721825462136,0.13951619379930427,0.08437436248861896,0.02884356949559077,-0.01083237347007578,-0.031780597025367376,-0.04488959054364033,-0.06685990967178772,-0.1116612305924136,-0.18573740447164833,-0.28956801638897706,-0.4228299157744691,-0.5866916479144908,-0.773157782605309,-0.9386051438493582,-1.0,-0.8935620925898473,-0.6396727495157978,-0.326188126913227,-0.037008896123165075,0.18855127883583483,0.347480739475958,0.4496406319497177,0.5058709518895259,0.5278470807696501,0.5260554346150511,0.5063290096717133,0.4712819159406143,0.4204478995675417,0.3499215419361948,0.2625523354910983,0.17817934315386186,0.1199099595508449,0.08930201384296992,0.0680807226623172,0.043881867540941,0.02274365377689603,0.014743135729400138,0.01793966256686942,0.023407099300827152,0.027924074028920897,0.03274639383893653,0.03545596370633042,0.03273239078923265,0.0280825323632282
0.2217914485693336,0.2293690445955628,0.23951753181690083,0.2446908193177565,0.2401017663569249,0.22605450183913087,0.2081386931888091,0.1947616517733182,0.18922495102553002,0.18380284939086747,0.16558053809989096,0.1293768813209631,0.08061447984844516,0.02542119598209802,-0.03680608951422248,-0.11630730675585733,-0.23654487572212904,-0.4224801617733227,-0.663831130648456,-0.8891729188076517,-1.0,-0.949216057046544,-0.7805540470687489,-0.5849860725125355,-0.4298431775297334,-0.32900102930962344,-0.2591522253436378,-0.19343737598183303,-0.12327454832383486,-0.05539133653708686,0.0019439274014140479,0.047973345301429264,0.09042296516272467,0.13734721118364004,0.18883655929144563,0.23981339449478625,0.28495478940800967,0.31636367520233416,0.3253777620358881,0.31228167553717956,0.28916615122324857,0.2697686531532332,0.2574976459483601,0.24649748362329327,0.2346313416291029,0.22820001824528496,0.23304456709050864,0.24763947964675234,0.2644867799482615,0.27530457422278853
0.08993770164451273,0.0947689373266723,0.10716736335912504,0.12176371124081709,0.1273107485053821,0.12133157650203387,0.11179834825468268,0.10590420275453906,0.10498044201130327,0.10566635569472824,0.09943967207768668,0.07566650068969656,0.03219154041263074,-0.021008046701502494,-0.07677933684965123,-0.14799779794656534,-0.2642489336869782,-0.4466051826299355,-0.6772883926889347,-0.8898793293786016,-1.0,-0.961304773893584,-0.7959049317035811,-0.5704942897597359,-0.3502936851428669,-0.17266838499832535,-0.044641405621543354,0.04751075942970614,0.123005794850957,0.19263669803037456,0.25511788837897376,0.30378632719250676,0.3345227083588982,0.3487176147854034,0.35161251467726945,0.34785954238880173,0.33736861512457345,0.31735527349492304,0.2896716696383094,0.2612802403313205,0.2368190953781639,0.21634700200459792,0.19919770360329983,0.18470563286281774,0.1703612871302345,0.15371212015436603,0.13540755354032635,0.11772888544921545,0.10278022395395785,0.09368223976899821
0.2112778959092383,0.19687817438342584,0.18460735109373488,0.18712187886280857,0.19930218552248663,0.20777864109086278,0.20672747923714843,0.1967574512280856,0.17643675424360647,0.14408633620644415,0.10338385867391452,0.060060384922840125,0.014863962168910026,-0.03512426978341789,-0.09348706829095957,-0.17109901154639057,-0.29079836820676275,-0.47165240160280647,-0.6979054356125395,-0.9031987739029649,-1.0,-0.9437154604852663,-0.7691034443067835,-0.5557582486961348,-0.3659394751753682,-0.21971661300983164,-0.10989042932124661,-0.022913027420519275,0.05146844612463163,0.11828710634061958,0.17596122323864968,0.2180316549734799,0.2404518126810552,0.24578149008920533,0.2413531527120544,0.23637402657978418,0.23828458887230294,0.24872123985675967,0.2624891506573356,0.27111531786069437,0.26961591164642784,0.25945731230465535,0.24364704407192936,0.22235391881922795,0.19684382393936609,0.17419437957828293,0.16197334849228534,0.15988875262431876,0.16170801811621033,0.1630179542382089
0.1909865876849222,0.19383169592344185,0.19011289367456843,0.17336112408787263,0.14683965618360834,0.11859274797396482,0.09469947520002651,0.07857647705499304,0.07261174849536542,0.07618578379947213,0.08180642769018638,0.07622344205524059,0.04837746144770924,-0.004103582168977108,-0.07825795035288953,-0.17631309808259674,-0.31102176692644334,-0.49487342433244275,-0.714601006343055,-0.9112943369382728,-1.0,-0.9324764932209376,-0.7408764485972239,-0.5078295839816828,-0.3007965780741673,-0.14140968044490573,-0.02217182410739991,0.06747173087713228,0.13327275830411403,0.17981131573815703,0.21187143781947976,0.2316135478626503,0.2379234920053955,0.23148151803703537,0.21797284388614202,0.204882890853856,0.1988900219747034,0.20576289984302074,0.22784562358918362,0.2595795898162541,0.28663622977587255,0.29385171635190094,0.2781859624876284,0.2517064042504653,0.22809415579892114,0.20918342307228088,0.18871360940559048,0.165565092395394,0.14652141502073635,0.13698257313370832
0.12118488481374476,0.11496733115579656,0.11292915118910252,0.11986994219133637,0.12942547763510118,0.1343115244576219,0.13385541396800502,0.13062650595247186,0.12396683992497644,0.1100367634241932,0.08781097614798254,0.061120209438223286,0.03434029915428698,0.0075634122481225904,-0.028248162369416636,-0.09501717951333319,-0.22126150539246608,-0.42162986957082577,-0.6715182773628802,-0.8960399576679462,-1.0,-0.9362114140047312,-0.7444170275264241,-0.5109612396957245,-0.3021819542101646,-0.1423983885391673,-0.030743521415973085,0.04323496571514702,0.09418428862678599,0.1344090454387262,0.16806088658972418,0.1939339706956935,0.21250529145037275,0.22726998798660009,0.24080199813713205,0.2537357427632839,0.26656481346033806,0.2784686009023603,0.2843393087893122,0.27677666520814576,0.2537962947084715,0.22328359605012543,0.19789711053708803,0.18548887109739745,0.18455198907646406,0.18740722829071788,0.18591453244130715,0.17600602858383124,0.16076971533120044,0.14921883368786235
0.17833656751200896,0.17602349882686277,0.17059176984981503,0.1594634765331937,0.13743330691830727,0.10612673774456308,0.07744496655722735,0.06199282558067943,0.06241462745058097,0.07557211198612672,0.09282276158107332,0.1010065083624174,0.08824854270848737,0.04843269964263889,-0.019606307249812813,-0.11896251801961287,-0.2626799159962114,-0.46416659343367866,-0.7049073918401905,-0.9142720521540574,-1.0,-0.9168295480247111,-0.7063682627420388,-0.45990556446194714,-0.24729344163077394,-0.08878577520467199,0.021185428544507036,0.08721924115707988,0.1142299008322699,0.11972662983893936,0.13003023230129304,0.16252668372346116,0.2136937119445088,0.26459320988030327,0.2989265556343822,0.31498696323112835,0.3193608376393283,0.31409838857337785,0.29580985328506915,0.2648561265555177,0.23009470742541752,0.2041866249257213,0.19263540612875013,0.18648303506710995,0.17127178790617376,0.14317791436016925,0.11086298166133585,0.08402036569568533,0.0662760853313477,0.05761429786084707
0.07525244276602726,0.08656173499044185,0.10810616354231445,0.1357489649767552,0.16260956668167842,0.18189413396572549,0.19078129107306124,0.19126713378605686,0.1857809802492042,0.1741719703551283,0.15624094988763476,0.13395414426755212,0.10862087594655481,0.0758422265613137,0.022717377013193957,-0.07087709319552138,-0.22510151102512407,-0.44464218580415715,-0.6985693532589814,-0.9129095893487796,-1.0,-0.9195545996637309,-0.7133193162327849,-0.4688701702944155,-0.25525167734857107,-0.09632171861435158,0.013732092285726877,0.08701973600224891,0.1329178300522877,0.1602361215685879,0.17741138013413285,0.18921921472373668,0.1971143863660358,0.20185129502306431,0.20408094200269317,0.20489559823034198,0.20716726084216788,0.21357835662282476,0.2213262490752363,0.22152617400900013,0.2071434049332686,0.18113428701987602,0.15461488722667516,0.13686087499021157,0.12815291019385544,0.12267500158282345,0.11694747499858849,0.11260774879782356,0.11149452400742191,0.1121595080351456
0.09080831945687391,0.08751881361715644,0.09169520840616563,0.11342097784231293,0.1528848493472789,0.20175812440551827,0.248508630568348,0.28198525214139736,0.29368067057693226,0.2801650680927852,0.24678487049745435,0.20684442687423404,0.17125575378226943,0.13656508564782807,0.08356525306489501,-0.012041021236019024,-0.16860155880587205,-0.3908692107943807,-0.6542206375721774,-0.8888800277363137,-1.0,-0.9317969952072831,-0.7152132663554158,-0.4426645291477922,-0.20366309089892184,-0.04428396387861252,0.03685247023946103,0.06999101530974255,0.08553086072838761,0.09446688784376,0.0924934650036937,0.07702740769377285,0.056274818118652196,0.044676994830047286,0.05222459022624726,0.07701553779863575,0.10748451338281749,0.13222334039945774,0.14582140189003442,0.1476727114984774,0.14178489250796267,0.13620652807546174,0.13833478678526098,0.14964455903064194,0.16350464701480308,0.1702915467577291,0.16731785827013793,0.16101084087787146,0.15819483695429595,0.15874648607398656
0.22052745576297547,0.20966350877839066,0.1944403842040582,0.18632988629189412,0.1900013118110744,0.19520740997201794,0.18784569195707543,0.16561769750041136,0.1387795496646079,0.11777299053010275,0.10207609605036734,0.08083444436856264,0.04297249800681052,-0.013383907699640022,-0.08197802695423859,-0.16268597376676236,-0.2746177235428486,-0.44561831012594,-0.6740626857393708,-0.8944069966176642,-1.0,-0.9266154055288209,-0.710721671041193,-0.4536287605176474,-0.2391521801062388,-0.09149076831615212,0.006831632330121107,0.07701303003555207,0.12565458668276264,0.15099098074270467,0.1564609875580366,0.15530825412504198,0.16029960154207953,0.1714909142076428,0.18137543244972526,0.19036282156336806,0.208069281329909,0.2383774927988447,0.26918071548838046,0.2804337629322655,0.26192516680214933,0.22140237068147875,0.17674976849115936,0.14297925192677635,0.1247766354837999,0.11855485147478194,0.1201332428097271,0.12674815294699002,0.13379611852502005,0.13737843212985182
0.037047937460284515,0.053491500948517415,0.0771301175108104,0.09750968713386374,0.11074074640179773,0.12052683761035063,0.1312171597581024,0.1406899518196354,0.14219166596283364,0.13198579928195897,0.11299748240600517,0.09103587232730945,0.06825657460777247,0.039418816656025445,-0.008153223511314858,-0.0921569028997748,-0.23107789031970769,-0.4341542295502622,-0.6799296966530928,-0.8993484376738725,-1.0,-0.9325141255978266,-0.7330835187838457,-0.4900538123124895,-0.27677624938793727,-0.11988539076368053,-0.012158820730217066,0.06150582359416271,0.11113209731719219,0.14378270206826255,0.1668188756173595,0.18658119549307406,0.2066305046680246,0.22660226495335656,0.24140150617110612,0.24364016122998355,0.23155291864822033,0.21494511643914432,0.2066496824359263,0.20828859275843056,0.21222958921603308,0.21346268192232287,0.2111120857059241,0.20479896070557801,0.19693542004160133,0.19359483529198762,0.19908441938070096,0.21198741164831647,0.22647352338855273,0.23584177960349345
0.13225086553252324,0.13543556567117776,0.13566662053580367,0.12622221165972147,0.10633607004305416,0.08102859464572822,0.05675134437210108,0.03966594422137455,0.034957603801450875,0.042748850028221534,0.054594471541620025,0.058152298208495525,0.045280880017913985,0.012757914764530408,-0.044159077343130355,-0.13693830805901402,-0.2811356860191049,-0.48296248486719967,-0.7182427189264647,-0.9198890750932703,-1.0,-0.9103066260775988,-0.6866988107519936,-0.41911497087436134,-0.18203514761985048,-0.0035765754958366086,0.11952541841871203,0.1991531187020018,0.2457466373857922,0.26832090224156624,0.27230741565550703,0.2584436924955654,0.2327458191214318,0.21201948047169544,0.2111882951798184,0.2300333678441037,0.2557479361233234,0.2742026011212498,0.27795498399115104,0.26629392692140613,0.23957102902524077,0.19829062801753172,0.14965167957352488,0.10688673016338719,0.08048722883397115,0.07596370638190283,0.09412887624165779,0.12621915435734102,0.15607058537270357,0.1722570324435226
0.19506081572547634,0.1856955797118006,0.16529884212887191,0.13892505012508718,0.11589592503919358,0.10002009471039751,0.08671883072597109,0.06965196324310043,0.048643257731361716,0.02846541994394457,0.010836044038662252,-0.006803935982371642,-0.02600992648326762,-0.04918392902079928,-0.08652238475124416,-0.1565665328263838,-0.2792434797001552,-0.46473199637518015,-0.6948546089531988,-0.9043070701625044,-1.0,-0.9296988321647922,-0.7293462829081522,-0.4890929783476149,-0.28248195848569685,-0.1338439381491688,-0.0325211047706719,0.04150427245580066,0.10351825559197575,0.1629267367972035,0.2239089497066463,0.2824486340101498,0.3283445219717022,0.35375141017541684,0.3580969897914201,0.3451572800994711,0.32016808018343945,0.29226770709293826,0.2710710383998283,0.25578762607671995,0.23782677144449438,0.21662349343612727,0.2014633479624352,0.1958891391625903,0.19182890118437634,0.18117200500299052,0.16393781672350494,0.1447957169642425,0.12848363098079324,0.11902481074306825
0.1309728043761589,0.14497592274126744,0.16804829702240576,0.1865475232684779,0.19144620834223253,0.1910583610373138,0.19872270285507349,0.21237095250317542,0.21767317332751526,0.20837681827799276,0.19047365103467676,0.16824925605163968,0.13613783715485564,0.08400974670029622,0.006499690368809775,-0.0972868070400823,-0.23471997622446997,-0.42027019912545327,-0.6504457203013494,-0.8730049732173711,-1.0,-0.9781909864072923,-0.8382362919700234,-0.6542213549484382,-0.47538518374889027,-0.31594130863704323,-0.1815935825525184,-0.07860124468745638,-0.008960785100682779,0.030108882336782928,0.04533733478617163,0.04623625887588165,0.041942715993721874,0.04067298525476285,0.05163723263173455,0.08111468808925452,0.12618746636786993,0.17801659179181833,0.22814071571310937,0.2703279294481074,0.30374942182827525,0.3313499069327742,0.35051394336644776,0.35327271882074907,0.33844673925468965,0.31657063388127343,0.3014607851328148,0.30082820453292747,0.3120475275653634,0.3233327862946515
0.09813342049556682,0.10725211587921492,0.12016425455445091,0.13291532653526256,0.14426616865835112,0.15187192064534552,0.15186678209403706,0.14408464951503752,0.13447013563364468,0.12804529769232406,0.12194969213743517,0.10917554281365048,0.08612547437654675,0.051778786268925084,0.00063517114500982,-0.08150041642007043,-0.21575166218116026,-0.4173407477244289,-0.6681824104839872,-0.8959912387623475,-1.0,-0.9242176531344192,-0.7069722623438528,-0.44687067281223164,-0.2260611082005515,-0.0711016679300972,0.030975594114270612,0.0996007496203118,0.14469222270183435,0.1701462339248742,0.1800722935084596,0.17921393480467737,0.17316621676496746,0.16990406044923695,0.17539332238188096,0.18666424939431459,0.19534547912749095,0.1976025122306932,0.19548228683129756,0.19119717290389054,0.1848517992783049,0.17665662683958908,0.17009774476097608,0.1707513642153505,0.1785822698716434,0.1850656586614532,0.18112639346544757,0.16492833903034393,0.14290272543724877,0.12683585122978655
0.1037822457955214,0.10451911970408036,0.1069964832121754,0.11258351028631206,0.12232273674621985,0.13583665518200302,0.14994568100521036,0.16007053419346476,0.16391702819309695,0.1614313896518178,0.15139180099166547,0.13215952535293712,0.10535694021615678,0.07346405221953409,0.03134211799591132,-0.03966537453063361,-0.16772595679871224,-0.37272829330382273,-0.6361008979364849,-0.880422841648556,-1.0,-0.938789994412272,-0.7354194165470793,-0.48267850060480266,-0.2567932786548333,-0.08891695049217768,0.02186252114561253,0.08890218178938158,0.12617484424561037,0.14379513444191977,0.14964516704749273,0.15119324224352457,0.15368280487820174,0.15896559942444163,0.16669666143196138,0.1758355645891521,0.18667886536306452,0.20060324133460197,0.21533530997741598,0.2237038800185594,0.21993795008488567,0.20477001393113062,0.18434126394845501,0.1656279578229904,0.15232396146753877,0.14437288038510446,0.13983302433054232,0.1371423980398,0.13619736878393474,0.1364998474579457
0.13476679251539692,0.1278022986717329,0.11867307926619729,0.10906088312920345,0.0980480568913972,0.09161618442322453,0.10152333923065486,0.13021951586931063,0.16319282608756452,0.1810799628575943,0.17648714085377795,0.15604396893037795,0.12806281950497198,0.09014349581303277,0.0280016910387763,-0.07664871191967233,-0.23782733952080784,-0.45666902990350894,-0.7058691157045337,-0.9166086179912888,-1.0,-0.9080818619316828,-0.6755734417516158,-0.390805099160645,-0.13000416582614144,0.07564531101776198,0.2253151260247931,0.32335106276277836,0.37184048874410885,0.37500154108391653,0.3411053770355659,0.280139741903907,0.20262050791420796,0.12153404671922097,0.05220810980370717,0.006419445145433156,-0.013013504812472935,-0.011015591541749341,0.004310059073722454,0.02561373066916833,0.04979958020468918,0.07806782106152454,0.109816194361057,0.13827096047854479,0.15542466261736468,0.15950372212660496,0.1552680248267328,0.1489781129500752,0.14452137713865199,0.14263942131736854
0.03285633626445288,0.03914007254955211,0.05105928019393692,0.06106196791804357,0.05996036854547815,0.04969060740922399,0.0419087648189923,0.043052497094115946,0.046201917391745166,0.03979022094923251,0.021752080222664557,0.0017531645244054344,-0.00922083993029791,-0.01188500491506541,-0.026205554913925694,-0.08536991263475222,-0.21780438359434157,-0.4289266556272782,-0.685074762941984,-0.9068732817692489,-1.0,-0.9217927349227718,-0.7194500317895814,-0.49033047160527954,-0.30805366182271143,-0.192618486783758,-0.13053491374778278,-0.09631210566171577,-0.05973267896309404,0.002955465084726548,0.09330761847092775,0.19071382641979975,0.27245713339657107,0.33024601110153284,0.3680949919715123,0.39228626793733395,0.4049031998265993,0.40327674552188836,0.38612192381145394,0.3609025182105309,0.34147040672648715,0.33564056075803134,0.33755816950509365,0.3344154235725792,0.31722941537184796,0.2836138310752449,0.23575128968972586,0.18055714296014932,0.13039454365771924,0.10006171867198942
0.16077228877001956,0.16070691892628267,0.15421505018915535,0.13976391110897018,0.12329581640250192,0.11212207345347265,0.11272258683664661,0.12909120771560337,0.15782618937620907,0.1872308941481167,0.20222141148583425,0.19138964503802636,0.1526594570832594,0.09196398903592215,0.013852808213218944,-0.08928774635066417,-0.23782323840292813,-0.4457632069501558,-0.6909380484171405,-0.9039316481406733,-1.0,-0.9379076907493256,-0.7492959126936586,-0.5090676075027917,-0.2837497368543438,-0.10574634682461997,0.02033646025408107,0.10251125920902182,0.1523259424697688,0.17964736573436815,0.19077097639520704,0.1914476456032307,0.18863117630276766,0.18738257269435069,0.18959185375269236,0.1964867945076901,0.20771762938844113,0.217797593671684,0.21836507647640582,0.2054733346707247,0.18327075212227892,0.16068806026907897,0.14460347237082485,0.13521249387597883,0.12910562193469016,0.12572644818009068,0.12679778649417384,0.13168139284715896,0.13729589950623555,0.1408093263721175
0.24624620566884786,0.24982236309131697,0.2560448517841548,0.2636169110803775,0.26827713454266583,0.26481950660100817,0.2547337222428818,0.24377410446238088,0.23169454627283134,0.21164803738593863,0.17855657972276007,0.1338956453477182,0.08329819663630052,0.030480762020778245,-0.02934454421479115,-0.11291761497721989,-0.24445923399058672,-0.44001322404014354,-0.6815449941786785,-0.8997436167349151,-1.0,-0.9301772053272856,-0.7241969091272196,-0.47008924767093896,-0.24365854781742527,-0.07632293880025975,0.03323394369294234,0.09612469905540984,0.12323123760076087,0.1266162832832768,0.12018597335400817,0.11550263027726186,0.1172031281576531,0.12340039170232349,0.12995154771377157,0.13303042898212186,0.13031337202949672,0.12286671415292275,0.11567130534781625,0.11556840708269794,0.1265885471921726,0.14459216831803617,0.15859058488333957,0.16010658878081954,0.1497734147498518,0.13468870433311486,0.12188992400007956,0.11441139979473051,0.11140202946258718,0.11061608607230744
0.1987485064700213,0.21064626264060335,0.22600202414761641,0.23403410371583505,0.22920962517464988,0.21332073889786113,0.19109546703655444,0.16669593479386655,0.14339640912481993,0.12236667208049551,0.10135814468932818,0.07677053475114395,0.046917841630821286,0.01090887998649084,-0.037110770075284766,-0.11273729677919538,-0.23921063893687747,-0.4329421418153743,-0.6761474336007224,-0.8978245188988415,-1.0,-0.9278051690253406,-0.7153684352961577,-0.4542006156506471,-0.22519513687484888,-0.06307564202719868,0.036682630745000354,0.09630787884155018,0.13823668318040624,0.17503139437921117,0.20768558270517132,0.23172293266758065,0.24364367179594332,0.2424589643114805,0.22921832426370553,0.20718180648697793,0.18167043130523178,0.15835673661781474,0.14142486876748256,0.1330105754546334,0.13236057255856853,0.13525375248390775,0.13648398908394405,0.13366870920899757,0.12758982385146017,0.11947591329334016,0.11009986291135082,0.10139353042592222,0.09624930780220023,0.09493871069849999
0.15118884276560898,0.1541029007122737,0.15898611704226173,0.16176053479261257,0.1593211886683481,0.15265454813210275,0.14256672103530454,0.12725424751955944,0.10632428814770008,0.08304069094977769,0.06138390391960544,0.04378907533800149,0.029521557305944277,0.011717422208785954,-0.02332531940753786,-0.09522689315261769,-0.2256699720217723,-0.42430685887284725,-0.6674332779614139,-0.8879894210202512,-1.0,-0.9554771513924647,-0.7815985631526234,-0.553641441832005,-0.3385344283741536,-0.16706978204295378,-0.03937871911387154,0.05839970909499,0.1372300135542941,0.19712949367057478,0.2341511152438902,0.2509997519503276,0.2564617361724618,0.25895651342333526,0.26329795230371444,0.2669224654971138,0.2598205009789423,0.23640590629143357,0.20595820023824354,0.183837434995984,0.1754154059376537,0.176235259442615,0.18178099461507216,0.18829065588291768,0.19083424231549434,0.1876911219439054,0.18197594478323773,0.17709290764399988,0.17416854002875978,0.17298392379766442
0.21823008385363232,0.20977988606739711,0.20601289355266814,0.2163669255014893,0.23197241739373484,0.23460117218607843,0.21754630841161426,0.19008095623779464,0.16546784875941964,0.15017232833657523,0.14058092403728625,0.12685360092396272,0.10108480439219965,0.060991136977620763,0.005125068577089877,-0.07624779373880425,-0.2054353273581921,-0.40310637585683956,-0.6549162982466775,-0.888193408722567,-1.0,-0.9334862506658711,-0.7264278409760965,-0.47480757210620655,-0.25904071373617005,-0.10823090126974487,-0.013637578689057944,0.04282001682091703,0.07361013174832554,0.08649706820052469,0.0889693080449751,0.0897496881083351,0.0969010055988354,0.11369417637739225,0.13661132644566534,0.15887605158959311,0.17719025188377724,0.19319679261813472,0.2060725690634638,0.20929176953037465,0.20000819974336645,0.18550594021899444,0.17429736749269134,0.165558819711062,0.15453938011308352,0.1438270615375102,0.13971559382466325,0.14171424614937067,0.14446420900886103,0.14555273232774663
0.11558693118237427,0.12504110764993792,0.14379405152287225,0.16867428262588996,0.19115423728042483,0.2020310333713688,0.19829548949159043,0.18416732449238532,0.1670479812521916,0.1526504568639809,0.1420572422193055,0.130431365367149,0.10824949924233122,0.06636075143660375,-0.001206677724182905,-0.10234890573743577,-0.2509390451912039,-0.4558400748109918,-0.6962474997959563,-0.9062049081162636,-1.0,-0.9359417497194596,-0.7533910860681063,-0.5339478729301922,-0.3364731251935837,-0.17712098474552115,-0.05138661145101946,0.043866316158865146,0.10796738005466791,0.14507820883990338,0.16709761556793912,0.1865946663882015,0.2097151083736179,0.23520721480941567,0.2574572179367749,0.270767550642373,0.27234581364412336,0.2622980724915219,0.2423968935678766,0.21571247448583755,0.18711045527045428,0.1626112267653603,0.14671842241519878,0.13994365036793913,0.13833413449326112,0.13672727473875226,0.13483651639562738,0.13783180086765176,0.14768479002989518,0.15720398318025253
0.16342962381720733,0.17024658099975049,0.18501655093113867,0.20637660735131125,0.2270922872274023,0.23712740173168864,0.2317325054048007,0.2153820647904008,0.1973177508056311,0.18356832029949027,0.17314865236223567,0.15948472005183606,0.1331113675784316,0.08427708843053042,0.005333294110145077,-0.10979367060228917,-0.2689554070932777,-0.4766403428938644,-0.7124951996458837,-0.9140981779079306,-1.0,-0.931002317076896,-0.7466987025173306,-0.5296676985191608,-0.33974643722107467,-0.1892284141631552,-0.06578613804799532,0.03912408661551582,0.12301473775500775,0.18093519079924042,0.21421090847680527,0.22995324023503663,0.23430980627689743,0.22967441271366654,0.21841873897035333,0.20517020788711704,0.19291005548909715,0.17892613687105324,0.1590694235727919,0.13558584035482812,0.11652918940324539,0.10712081775112105,0.1056549892197249,0.1088000839812897,0.11585542515024864,0.1273860656318334,0.14394810720055404,0.16449861047597056,0.184174566960007,0.1961970480054526
0.14013504761247106,0.13874520218061057,0.1531130653167555,0.193316931959115,0.2480219576789249,0.29522666840543155,0.32139251282433573,0.33134964705494996,0.3410841059655267,0.35838638865294214,0.3749235869000404,0.3797651670416462,0.37036156557019034,0.3433394372474231,0.281395417097233,0.15638166854531058,-0.05209453802657478,-0.33564478522576974,-0.6451561666853098,-0.8958073186850909,-1.0,-0.9236097061648493,-0.7170033450084553,-0.4770392483905856,-0.2789507100479187,-0.14753155671416449,-0.07425258740747831,-0.04159640386021493,-0.0324356309316169,-0.032626762848626784,-0.03577307485550053,-0.0437800501908564,-0.06103326950621595,-0.08740751108986775,-0.11397767911365163,-0.12750319063491738,-0.11842120934595948,-0.08324712139548708,-0.027665249222207318,0.031440149368028136,0.07751210456364245,0.10876853244905742,0.1350056371609275,0.16255981392148378,0.18913259775617416,0.2119379314764824,0.2323180665873289,0.2500197943712962,0.2613401000789299,0.26558401756506206
0.12121627073613707,0.12648986670019216,0.1333696024160986,0.1404040464619628,0.14824724814997137,0.1543035950814131,0.1522323897070303,0.13729158308435754,0.10945134680556515,0.07166154207331221,0.028350928273084258,-0.01520530038385803,-0.0550677835614142,-0.09344413731848732,-0.14282537815262752,-0.22230474835143157,-0.34778984414376574,-0.5236614185026072,-0.7312563465679821,-0.9153560276741906,-1.0,-0.9438879395036425,-0.7775711723986856,-0.574274202629465,-0.39361756494413486,-0.2564997013909051,-0.15461905974809104,-0.07066805991560116,0.007404685932743175,0.0842940346257525,0.16125614220787676,0.23674296344463266,0.3047464344890634,0.3573228365892142,0.39116755848986295,0.4098799094758244,0.4182018226288311,0.4169510265640959,0.4061016672981264,0.3883177092772767,0.36515918437703765,0.3344863606072078,0.29578250238449144,0.2538763397304565,0.21546196717693936,0.1856112596312866,0.16780234701018135,0.16243325264052574,0.16457218549034852,0.16745807562598974
0.13639498635400218,0.13177128682370767,0.1337616469428128,0.1517067947669622,0.1822842644464824,0.21281762339112487,0.23262253648091177,0.23911806513797304,0.23520675734134838,0.22274941041106444,0.19901068248549525,0.1584835047394812,0.0986000789355139,0.02428470841149659,-0.058101085259086124,-0.15347493987293184,-0.28189630369031365,-0.46483125354214977,-0.6939147121207666,-0.904757125294673,-1.0,-0.923937360086613,-0.7114599378496627,-0.45425756131997114,-0.23210239225670568,-0.07748780243856564,0.016778850616141646,0.07341757251300073,0.11331850524301545,0.1492748945772637,0.18527477522364108,0.219624392490862,0.2494316157638317,0.27070132019567594,0.27637749345730245,0.25993354403675384,0.22326259526891873,0.17811116440398547,0.13721981228515803,0.10683388881769507,0.08913007363462985,0.08587669124731076,0.09512975611693394,0.10922594353264369,0.12108940396436464,0.12892180318877078,0.13257027519694684,0.13093821474071704,0.1251037677663735,0.11986177278112566
0.12290395825147898,0.12109290553747208,0.12007679317938373,0.12155382290376415,0.12715133819543717,0.1378752171869807,0.15264144849815456,0.17021868186594746,0.18988287460216943,0.2087207630337213,0.21977746330921444,0.2146633992293029,0.18880635743177626,0.14154219925745562,0.06921020413657465,-0.0392743606061108,-0.19910532580461607,-0.4177924620673119,-0.6729214454633994,-0.896359256115415,-1.0,-0.9403103241057623,-0.7548166655451752,-0.5259679272338673,-0.31966391160925534,-0.16076368982995295,-0.045889938584110355,0.03624920372005517,0.09380975848317435,0.131816913930656,0.15650928850261392,0.17482038789737864,0.18921495726472987,0.19700909970697486,0.19496531243727172,0.18246622201346158,0.16276663079545114,0.14235390815369464,0.12669198250214084,0.11813533483702203,0.11858923647412363,0.1292312550341429,0.14663747495864024,0.16363858351984942,0.1756414010344732,0.18433215163482838,0.1941426126562142,0.20622488652225507,0.21745533300365688,0.22404594526333474
0.21708561062731002,0.22586354986577772,0.24474112770687606,0.2676744898828145,0.28137556245545603,0.27708237224772486,0.25860374248677764,0.23625703293842698,0.21756685518203547,0.2045000810571781,0.19166725156821368,0.1671893266276004,0.1222108522864169,0.05844866152093118,-0.019908655401259846,-0.12167018866234917,-0.2682613204117809,-0.47205787734896604,-0.7103828562968671,-0.9153843365603156,-1.0,-0.920922806794101,-0.7213655624097534,-0.49458952108617044,-0.31020802813110343,-0.18491929373416094,-0.10247674055545512,-0.04021513300385666,0.01704659963481808,0.07369948279080539,0.12804095822669256,0.1775373699353536,0.21849114695930588,0.2457120665477809,0.2551207389422911,0.24616205154859283,0.22402202834302296,0.1984139506207174,0.1771066460965273,0.1614410206600896,0.1476968774614832,0.13165300324754314,0.11399100346501395,0.1003462348402817,0.09423551336328563,0.09394754157402431,0.09915685984925426,0.11402431683988279,0.13755927059798287,0.15669112239785118
0.1358198444484434,0.13404136531563007,0.1380261963253513,0.15277628513457492,0.17439106832402912,0.19537834380758146,0.21255333116971506,0.22606581560310593,0.2337246813359418,0.2312480915783838,0.21697869744801881,0.19101950329696374,0.15025313781160776,0.08969535839515909,0.006717337764158035,-0.10272809405843283,-0.2505629467707552,-0.4494509901123844,-0.6863856332890585,-0.8995356113068211,-1.0,-0.9397129395791497,-0.754210306750891,-0.5264528954493719,-0.32076004265064,-0.15889612582734455,-0.03795894808135326,0.04879594772196027,0.10616327138531562,0.13965208077365865,0.15675879570283952,0.16505122994966057,0.16987923833988558,0.17355973285617127,0.17639531558674143,0.17866904107852608,0.18151631909305335,0.18550158289406968,0.18886278470234139,0.18871210581939296,0.18466540191264233,0.17914509845895255,0.17292577994712624,0.16370075979508972,0.1513732509714332,0.14126585662501118,0.13890884344763205,0.14359439877206867,0.14972289064862385,0.15314574963534153
0.12826168677825325,0.13111006998540647,0.13067766781361753,0.12225515275724112,0.11502134306639626,0.12375528077560564,0.1469181354992406,0.1672553691686007,0.16998713510695504,0.15263673114263582,0.12202483718715057,0.08583651494352748,0.04661870867642917,0.001930942700606681,-0.05485430883692696,-0.13776911095953873,-0.26794898122582894,-0.45991152067272023,-0.6948639387416725,-0.9042868880308561,-1.0,-0.9399839356301902,-0.7613142202312417,-0.5434324395708588,-0.34881145173113015,-0.19927484322692907,-0.08825586124078828,0.00011933531108555309,0.07845672508232567,0.14983205642059674,0.20827194653820555,0.24537775113345703,0.26002745026214713,0.2639184388820441,0.273110156579808,0.2921556708147584,0.31037802742284093,0.3133594490263835,0.2963285856729246,0.26608143712442744,0.23191392950556022,0.20002743993561198,0.17578764168633546,0.16320019720055248,0.1611208445605384,0.16542409194475657,0.17259774421666746,0.17793600022118686,0.17732432338381032,0.17366868157099058
0.15373962330704194,0.1297989801492138,0.09502599863212266,0.0667458042330156,0.05742495041429074,0.07031478479979364,0.09859549206729025,0.12837301051591005,0.14660613178957654,0.1485525489388586,0.13768541986045998,0.11946643886766171,0.09417717218614761,0.053338241280955996,-0.01580391998455587,-0.12296261959810362,-0.27504416078605265,-0.4764041464151854,-0.710274174607522,-0.9145584482966577,-1.0,-0.9178692213552793,-0.7037730256822982,-0.44416729638377683,-0.21406933104694617,-0.04783637989806541,0.05719522808327308,0.12338837592658713,0.1722792203345785,0.2124791299549198,0.24105268391089454,0.2521297498680809,0.24436737662440117,0.22319573932334588,0.1987509948070871,0.18095159759152757,0.1739500567238003,0.17574037915079638,0.1827844644105705,0.19164285899358371,0.19639531266384225,0.19075633145410417,0.17542538595998236,0.15943722731420862,0.15280609409440243,0.15816385976340955,0.16825559970500265,0.17323365963180526,0.17107719127295845,0.16745960944894175
0.07452953257341494,0.09702034385214382,0.1339708885449935,0.169459431920724,0.1900843199998752,0.19660468737978215,0.1950918589899017,0.18016757361693106,0.14144933723827371,0.08535755412070627,0.03593731692461408,0.00863946402636925,-0.007190751089284717,-0.03447447310504549,-0.08799971734020122,-0.17487867568914506,-0.30482031739613286,-0.48803324498272715,-0.7122828458311802,-0.9151157136593413,-1.0,-0.911427946185197,-0.6897697816371898,-0.43431799187765546,-0.22417944843055126,-0.08293272054701181,0.005905433354854601,0.06867863271719048,0.11866120980746625,0.1533538390642238,0.17020035045237022,0.1778016834408914,0.18896732152034282,0.208745703943905,0.2331882055396265,0.25503650956576274,0.26617695567807287,0.2591625498235946,0.2322276985452573,0.19223311304087437,0.15309422513306697,0.1320891241541528,0.1399219622184267,0.16971837468398981,0.20252875464620798,0.22549930642902125,0.23908563920128317,0.24874934326227965,0.2566572475140053,0.2614281348460673
0.12144211808042508,0.12876156961135174,0.14191780384752611,0.15876753515742198,0.1767251183652548,0.192124520908119,0.20135084530927655,0.20287416993400642,0.19603704111186504,0.1788880023904844,0.14980831029022879,0.11063273626683286,0.06587102262045351,0.016900416897204423,-0.04435074144318995,-0.13586687656671997,-0.2777467829693196,-0.47739050650715636,-0.7105218820411575,-0.9116540440701149,-1.0,-0.9383182995067731,-0.764382203231565,-0.5541699081890267,-0.36514350190398764,-0.21951072204386907,-0.1182399410343095,-0.05041513072928485,0.003592196378413942,0.0609732874040111,0.12434016471644135,0.18329463997609316,0.2270756503287053,0.25483946177154204,0.27406509794817396,0.28919261472559415,0.2961814035429634,0.29053263196271845,0.2746949674753025,0.2548878738951949,0.235770011722978,0.2210632491124337,0.21473484408254645,0.2165279512662062,0.21985935520827687,0.21689146118328398,0.20295267260891325,0.17869022626542624,0.1516905402328552,0.133759027637949
0.173454636496026,0.15759371355690516,0.14884429590915169,0.16204097485649532,0.18814947504668839,0.21159051263408693,0.22672962591281323,0.23345509019900146,0.22939860481394328,0.21062648847203738,0.17496045025141316,0.12579791474743313,0.07283871190781457,0.020499223350680384,-0.04327461006177298,-0.1396813252611153,-0.2849809464455423,-0.4822571582916531,-0.7097027328605936,-0.9082056761480101,-1.0,-0.944042146882471,-0.7701567691378729,-0.5498429804555517,-0.34479876549350963,-0.18745835602184854,-0.08740742727922853,-0.034686951161509744,-0.003875925866970357,0.027452373565177178,0.06124223878030894,0.08497469277132154,0.09174025898153298,0.08804673406574864,0.08674107116985905,0.09803965674667721,0.12325559652520068,0.15456812918701113,0.1825926203091728,0.20282593269821164,0.21557444443875443,0.22309352386877812,0.22913008975295485,0.24115869660629907,0.2651824976388215,0.29703713076037275,0.32858103674116296,0.3586117655347938,0.3874496042507983,0.4070939588202016
0.09516392260912593,0.10424604065271181,0.1239627961853733,0.14750094507652747,0.16436907221019365,0.172290273344649,0.17604196130180846,0.17674293234072008,0.16908683892456206,0.1482382754475684,0.11363722006880565,0.06852999942302955,0.019541720908023405,-0.027745879263873317,-0.0773867889646404,-0.14839510046951723,-0.27008538691883965,-0.461682393254146,-0.701257940793543,-0.9125221185675645,-1.0,-0.9186255182765832,-0.708534872877975,-0.4557643452346187,-0.23150477457001167,-0.06789731197569747,0.03466538805948241,0.09206521327138427,0.12328244545178278,0.1429523218837608,0.15753676020017413,0.16643894508247092,0.16995614836902695,0.17460056080662292,0.18810684977018421,0.21046316258712455,0.23224462578579555,0.24268775728146844,0.23791124658152218,0.2219755125382753,0.2030642087078394,0.18899343148516123,0.18384751054771473,0.18565960714425903,0.18828433501027195,0.18837401823317962,0.18814247416007435,0.1903146382150562,0.19398643673580096,0.19649683476547844
0.013283068592355595,0.029528273879389364,0.061846192609390255,0.104019067646691,0.1442842832035952,0.17249470969151465,0.18779641379299034,0.19673599535568953,0.20176607818386377,0.19718401847520212,0.176414876578102,0.13823375427432041,0.08650107305446691,0.025469735133315317,-0.04603349557250761,-0.1399086463029907,-0.2777241294335577,-0.4737875945232322,-0.708182374402043,-0.9132439648882459,-1.0,-0.922920591684048,-0.7198959508899632,-0.476275731969814,-0.2607400231034554,-0.09917178200370169,0.013773458004536413,0.09414559135515323,0.15401005133533371,0.19593307339593258,0.21732075213035804,0.2190221377078513,0.20798932489288605,0.19230170901034582,0.1772856163175251,0.16720400860068932,0.16479228964261866,0.16708959309230018,0.1681903268699086,0.16738124490955028,0.170340503307781,0.18208859019286758,0.2011001629059449,0.21893235892431953,0.22541283429504855,0.21748046006535235,0.20253421908848923,0.1919416445100032,0.1911082060574348,0.19494858769044232
0.13011854002567022,0.13771030312410737,0.14863222531949494,0.15419830267901516,0.1509676822729242,0.14640481857276777,0.14881624663618326,0.15920229429747196,0.17330998521795957,0.18179061024676285,0.17184595459423374,0.1383187952360472,0.08926461679958354,0.03419963170800966,-0.02922422945130117,-0.11613013320046503,-0.24865228656177454,-0.44292247309507454,-0.6821032792591595,-0.897907177175277,-1.0,-0.9446380660383186,-0.7721916622236259,-0.5683659302024047,-0.39565681604875913,-0.2643143671819132,-0.15324225965105817,-0.04758497472850874,0.044888117189613996,0.11027628859886546,0.149855569773604,0.1775953084949907,0.20337606679205272,0.2263104115882667,0.24232639499059427,0.25163091585034497,0.2557833358620011,0.2521322290733952,0.23704199741957996,0.21352351380225548,0.19265866384617392,0.18653132951104054,0.1995009111629324,0.2257603387423796,0.25250229345297925,0.2655838317271693,0.25817901054269854,0.2365966408522465,0.21442921358346279,0.20167126523076076
0.2146669845154837,0.19823114470931114,0.18340607060757486,0.18494252919964804,0.19757384800396566,0.20373420752464377,0.1921350995508474,0.1649972179945002,0.13512237637076116,0.11881750006326455,0.12367732868173427,0.1397256067239912,0.14450076370297082,0.11649085020324983,0.04621889737868557,-0.06305250311368091,-0.21022398215037022,-0.4073586370189673,-0.6522281425347681,-0.8840866714097946,-1.0,-0.9411668460033699,-0.7478951434729898,-0.5155885992650905,-0.3174265570376034,-0.17680103783841272,-0.08473646750247689,-0.022843126645302022,0.023905298062206554,0.06420398740339633,0.1018762615268185,0.13665866867990797,0.1651735015226313,0.18651697361814795,0.20687713479682213,0.23246324708703725,0.259554844725201,0.27684192310033195,0.2764643153503081,0.2579505770231149,0.2241384312491058,0.18211052556001714,0.14634521278559307,0.13057314735834993,0.1340235843590024,0.14238184093058345,0.14338277632369134,0.13507378387856547,0.12168081509960073,0.11097043832176033
0.1393008885875363,0.14548877523777032,0.16405607736627964,0.197528301156977,0.23281379778919892,0.24948328353168606,0.24389295750331164,0.23084659606173955,0.2224253939030546,0.21865185595695108,0.21505205047751813,0.20806363039294337,0.19221322133694693,0.15615441412524905,0.08424084977498417,-0.03676668015743655,-0.21310729541464518,-0.4414900889729639,-0.6963311190391166,-0.9122816543047456,-1.0,-0.910516522215577,-0.6867508120427837,-0.4324559725132816,-0.23306844754580627,-0.11581264888347478,-0.06493704123164204,-0.04916622478161079,-0.03845364452466946,-0.01545417816162164,0.021009847724036433,0.0670429071591647,0.12299136629123915,0.1843252231313946,0.23137985317666135,0.24221416669162515,0.21565991134371798,0.1739011303631275,0.1426718848791473,0.13265845154053976,0.13784365104509486,0.14694179927170126,0.15340279149326513,0.15455105516181986,0.14809589601637418,0.13524918515250534,0.12403401602005565,0.12443231639374987,0.13736023428070573,0.15061454945130365
0.16771787327932342,0.17340389263336933,0.18236160917099653,0.1876954932926747,0.1869743993752108,0.1883187693318894,0.1979388128134552,0.2096259854397613,0.21329017583153514,0.20649037529399022,0.19452007057423476,0.18320542032679266,0.17154761531421703,0.14936508979409674,0.10059154908551066,0.006740313307817284,-0.15048912467153025,-0.37908187564067236,-0.6529632945743619,-0.8937955044479863,-1.0,-0.9227321076145105,-0.7100373276367352,-0.46292946306067895,-0.25801734279453076,-0.11700362807957787,-0.027927642505387845,0.02587604830446874,0.05635718771684541,0.07413268428273893,0.0879383559414024,0.10161435447654099,0.1168705120830366,0.13561686288884103,0.15524547677880246,0.16605232005103956,0.15987053312920185,0.13977721559197104,0.11763171100497086,0.10366502634644569,0.10216242077027725,0.11499647230220712,0.14079250985594016,0.1703587363982961,0.19005835266740292,0.1899136193592611,0.1688940408892811,0.13669935713812334,0.10806688371209096,0.09259918447191187
0.07929739569742673,0.08252613340447998,0.09154668637243323,0.10856333915505852,0.1321142048915303,0.15709170917174017,0.17849310941141833,0.1930414503515371,0.19777300221047597,0.19170323650179363,0.1790106243428375,0.1661005204314483,0.15448281343299874,0.13753163421022238,0.10029177458182786,0.018535552051612243,-0.13429651234499712,-0.3661095737528296,-0.643800733393027,-0.8874647755710836,-1.0,-0.9319207466641783,-0.7242223389056984,-0.47418795737144337,-0.2617402312069134,-0.11334349984580598,-0.017982076272919607,0.044428833839661404,0.08913976071332816,0.12422100112860635,0.15266445942981327,0.17566872667512434,0.19335955842314173,0.2038415486514663,0.20560883122809756,0.20119456732635438,0.19473118925197605,0.18761982459441476,0.18024373463574217,0.17466747914975644,0.17242297739020745,0.1707528569074892,0.1637904178835961,0.14904887278300266,0.13039939773832285,0.11295167756247772,0.09874129314844389,0.08917154838447565,0.08582343912840922,0.08647326313614791
0.16678954010714853,0.1757447598722763,0.19029491580617122,0.2070834625578399,0.22129134876182133,0.22619591168760791,0.2194742853143407,0.20651536824625538,0.19472852331576246,0.18641969874982747,0.1794355717395789,0.17155485271685192,0.15899139262283032,0.1322447957042299,0.0754494300274922,-0.030505169065874645,-0.20052337532278075,-0.4334440226080016,-0.696660166289136,-0.9162262874205818,-1.0,-0.901266400743883,-0.6618600389664935,-0.3794450535947814,-0.13952703409599615,0.020803566466914825,0.10749290930869787,0.14538584349957778,0.15702210952260276,0.15601914004615394,0.15047752981851722,0.1453315621496446,0.14333193191990815,0.1487382567827438,0.1656556396768419,0.18908629758261508,0.20560531960733155,0.20542300609707215,0.18703026289708524,0.15300632720016788,0.10966122860130284,0.06729116626856885,0.0353275591110206,0.018970209147550664,0.018492276550123202,0.027764024110000778,0.0352739004054201,0.03145988264505409,0.017524410448398125,0.0050693310141793225
0.15344875730479465,0.15359430796590284,0.1589524381545977,0.1712769560963112,0.18590329953232987,0.1964997070198851,0.1995092437088317,0.19478306222553693,0.18532684997255872,0.17640222887418286,0.1715704725653198,0.16816014866162435,0.1574360119444243,0.12869096279630807,0.07107009155219066,-0.028651425213794292,-0.18585898478102053,-0.4071637035080287,-0.6678264926154273,-0.8961794733263256,-1.0,-0.9334852987572826,-0.7369356646912896,-0.49987831566944996,-0.2930205303102483,-0.1390479624130438,-0.029364892766351732,0.050288611422618854,0.10942576699611575,0.1535716119945841,0.1859350606315516,0.20828898311890975,0.2215756743639904,0.2254832185065751,0.21866976506500224,0.20123891577711456,0.17665658895943712,0.1505969339658453,0.12909019445576803,0.11659140089521813,0.11301870882405918,0.11363392786600877,0.11345996092057065,0.11152829871800858,0.1113030329158555,0.11652642104149809,0.12574733331158855,0.1323726584979009,0.13185157067220948,0.12793356675703313
0.1358077387431843,0.1323104230807692,0.1263851713742257,0.12082472005821841,0.11921259823543724,0.12388806451981403,0.13496793977984892,0.1505387135244674,0.16726703593462136,0.18164676528117776,0.1913536286980413,0.19546968222805594,0.19339128821653462,0.18091990854568246,0.1443643537705107,0.05960244557255737,-0.09850251425595613,-0.337233999435291,-0.6236781703048792,-0.8768090444722563,-1.0,-0.9459657825617674,-0.7522031703297404,-0.5061566125404547,-0.2825800315787853,-0.11398205675474507,-0.00024147784233623717,0.0718262124576024,0.11732123243618368,0.1486413730819048,0.172013805290624,0.18711073312655144,0.1923566746115855,0.19020691169285867,0.18561706579651893,0.18140964390668898,0.1775586293160621,0.17334926193351258,0.16811009841310876,0.16058184438121112,0.14946281963614977,0.1349360927761576,0.11890360636211751,0.10393007615220633,0.09257127269099805,0.08693680047336347,0.08724715024043231,0.09073897743860164,0.0937205339862916,0.09485156631233362
0.0759995710102981,0.0728706836775754,0.07146215316961138,0.0773096228398558,0.09275149188379635,0.11576442377285939,0.1414691820101058,0.16511722196008566,0.18412109093788975,0.1980307279988974,0.20688904015111537,0.20889000842484132,0.19940418968726828,0.17137418063623497,0.11436794689114575,0.012913785739484127,-0.15024053001454096,-0.3805028101989731,-0.6497045720613555,-0.8856417068605559,-1.0,-0.9478768131222263,-0.762075045151095,-0.5229175073583812,-0.30061594965778066,-0.126880048733744,-0.0019237886376800692,0.08767506205777097,0.15498500034139184,0.20605397017210936,0.2405750644658214,0.2566876285079262,0.25553658029394477,0.24259973622612865,0.22553149624929614,0.2101931598923084,0.19737615512797968,0.18415909668209193,0.16926585973835398,0.15491707765590235,0.14312886199167865,0.13299786023959181,0.12217657553227536,0.10973670562692868,0.09763871898109325,0.08923799584052705,0.08568345914225371,0.08487878709154964,0.08450263733022562,0.08410596181811829
0.09786215240497627,0.10839940741566195,0.12613473050119994,0.14657756431814076,0.1650969964806888,0.17768526976875407,0.18238895132297955,0.17978851020701792,0.17228869883255438,0.163089638705923,0.15529989690009602,0.1510256647657572,0.1493807456392006,0.14304513692001788,0.11575398196781085,0.04308356848910697,-0.10148358113515939,-0.32986290716590316,-0.6130734666550672,-0.8695453353319195,-1.0,-0.9556550088892293,-0.771827443810764,-0.5311260980773256,-0.3050533799885799,-0.12905202095553203,-0.008340643959218049,0.06862726002360565,0.11762573942911428,0.15054877561740504,0.17415232509752782,0.19107083291296206,0.20011549725144534,0.19958271895490817,0.1913891628704339,0.17937679408466584,0.16587173285321857,0.15280808752932107,0.14333056377773945,0.13942961498365408,0.1387956220648815,0.13644991671500176,0.13039546845628447,0.12379698944282572,0.12086134318250344,0.12219135415244563,0.1246191126550853,0.12477325403795395,0.12236735985907572,0.11993944537675277
0.17399163465433645,0.1737435804422855,0.1746004051686489,0.17838706963792605,0.18532132441345697,0.19332141243444337,0.19888570515716159,0.19827939744371914,0.19065546995105867,0.1790231979400755,0.1650389898320357,0.14622665219802464,0.12031807306875349,0.08579847661599728,0.03451435466185005,-0.052409321886866325,-0.19806352492996476,-0.41293985062771327,-0.6713754013193136,-0.8987151300892066,-1.0,-0.9265524866425175,-0.7143959454135,-0.45131578707158576,-0.2167146000049671,-0.04945238212736267,0.05157852431605708,0.10906866497239737,0.14418553272912693,0.16489007675099515,0.1714275850968465,0.16614350228315244,0.15531400727413,0.14421559077095983,0.1328383803890993,0.11719496272779287,0.09637133868676277,0.07750313751222322,0.07031576065015988,0.07758105371578379,0.09336336624548282,0.11022566307045376,0.12680110650738027,0.14569401878224275,0.16500575458629696,0.177917121257909,0.18068046450318134,0.17638540821294138,0.1710055732344299,0.16812209221741947
0.14616561363957375,0.14526366560836432,0.14466966668966255,0.14704654740453751,0.1540611668967862,0.16432268948281908,0.1740857710016532,0.1799291353422397,0.18187745405348085,0.1829886633409172,0.18458463664932478,0.18306194811176926,0.17223521635667335,0.14643016587072372,0.09769478075497337,0.009729678397371905,-0.14057514408306698,-0.36573391152627793,-0.6395077463083468,-0.8835436885560363,-1.0,-0.9404444127259851,-0.7436056050553683,-0.49843320093540516,-0.27913914990901784,-0.11620548390236841,-0.007210457862040072,0.06234768094918291,0.10636058377878169,0.1344056729580576,0.15212890881430313,0.16213636328802888,0.16557992122826137,0.1649494576139917,0.16432034764593964,0.16552532703703446,0.1653950376573533,0.15808023401488622,0.1405180735951884,0.11651071109740577,0.09563694417359048,0.08707431087763694,0.09332437592177072,0.10942935047693114,0.1283197657971409,0.14603910395998565,0.1610782586173344,0.17128953160599564,0.17504704064466525,0.1747549995095761
0.06440743479047081,0.0609462576716461,0.06060470024354207,0.07239096061451764,0.09846547254185231,0.1305180047895649,0.15701549927833416,0.1731072811500817,0.1839623407761118,0.19713277260449494,0.21171974675143135,0.21728531573697643,0.20139627473594657,0.15532884492891355,0.07386409359028187,-0.049286945571443676,-0.22337046772066885,-0.4493046202576261,-0.6991130802722817,-0.90805284870568,-1.0,-0.9386154228404828,-0.7582377029747822,-0.5368189012882497,-0.3390648716491869,-0.1881749380550377,-0.0774065869121245,0.008585834069707553,0.08058599361319087,0.14142823348694183,0.19092346336810118,0.23092683506655784,0.26307624468559315,0.28330547449418714,0.28430806380170986,0.26676948136082435,0.24346856115432666,0.2274120199192378,0.21960997720834127,0.21211129454587432,0.19803146499300858,0.17588401126575096,0.15112178424267142,0.13487611414701947,0.1332783979659435,0.13891438270233028,0.1397768361335691,0.13356702750065735,0.1269990447173875,0.12434084560046577
0.1031819221211423,0.10706941003499233,0.11272609911648183,0.11836664077493673,0.1232686781204456,0.12768330860763852,0.13275242117980685,0.1388375272056092,0.14406975963150584,0.14554814758248993,0.14151049786182174,0.13091365372602612,0.11088254932536654,0.07585306376631604,0.017748500604745334,-0.0757888479868682,-0.2212531778551652,-0.4282013641157705,-0.6755928739213227,-0.89578455941317,-1.0,-0.9422458047518721,-0.7573812790277464,-0.5275334397031011,-0.32009359176276597,-0.16051329305909487,-0.044194078261361854,0.04155817912399422,0.10522081082228005,0.1512747804431982,0.18403351495736323,0.20753160079365868,0.22376620877878303,0.23337196876425664,0.23705282518688883,0.23554062002464737,0.22982790559689095,0.2223991431333733,0.21678648820379057,0.2146894495271802,0.21411638537155578,0.21095046984882723,0.20246435262412438,0.18981376886453907,0.17704228532937233,0.16772943053590522,0.16304265271446325,0.1621428452123969,0.16327824204241864,0.16453620229900595
0.17330512208676116,0.17672701992293605,0.18028938857363577,0.18169212943524682,0.18026394844275778,0.1749812992232379,0.165534400920026,0.15404026550373134,0.14352918113135593,0.1353908512835586,0.12850479651221045,0.1196647258448695,0.10339119065164944,0.07100065220073228,0.011800797772558156,-0.08574465705663598,-0.23514695239957137,-0.4437920082928989,-0.6890222668497613,-0.9027745477457387,-1.0,-0.9413020158887604,-0.7635164482700152,-0.5419378658811291,-0.3348748619297278,-0.16608881086555422,-0.037811724449391564,0.05458427309622877,0.11549910024778068,0.14887438178886853,0.16273805066242783,0.16986941164119712,0.1804289154716392,0.19560415642250684,0.20912812141314388,0.21381204804840692,0.20818804145623923,0.19818109670029374,0.1913839576283174,0.18974114632250316,0.1894813835693826,0.18743823162716164,0.18441257509236067,0.1821976769072159,0.18043017566698266,0.17783975551959788,0.17497212679651208,0.17395439052321496,0.17552318128343805,0.1776141922384978
0.17173061876263523,0.17417518915222807,0.17732971197238404,0.17799186242387727,0.17450167530273147,0.1684458045108074,0.16154711506871955,0.1529517672825518,0.14177423902772224,0.13014283830930892,0.12074030399548588,0.11201230254791268,0.09796676353750007,0.07071703373228264,0.019246113852078126,-0.07277251618331392,-0.22232274813591205,-0.4342097828865729,-0.682467137980625,-0.8992615457671449,-1.0,-0.9432453885945246,-0.7641333947515961,-0.5401922744830366,-0.3346239186179629,-0.17271009567110548,-0.05132913416506785,0.04165845069148959,0.11407653665485405,0.16753739939546797,0.2013940329001929,0.21580678054966224,0.2141258940465988,0.20508579440287059,0.1998695349820324,0.20445025607762626,0.21603521092486633,0.22695421745940414,0.23113428691089946,0.22743876377029965,0.218414607916786,0.20659087599772158,0.19192664149925948,0.17344019765416033,0.1530922587559271,0.1364848036759123,0.1283975089903843,0.12816848272416642,0.1309738973148134,0.1329381644632419
0.1792243418294134,0.19057637978404485,0.21223394145223592,0.24047919833477424,0.2648591039635235,0.2696730060035415,0.24643317255233227,0.20436084960571493,0.16410922533471123,0.14006039811915513,0.13074472230951065,0.1250533728056149,0.11222855870764396,0.08475316656511023,0.03424428212191181,-0.05493872391269671,-0.20497077474157138,-0.4257045943916147,-0.6854721972061905,-0.9053794537422497,-1.0,-0.9374074309608906,-0.7604440951806023,-0.547584105924443,-0.35819641910899713,-0.21127266280292142,-0.09768116215028352,-0.0010643624401714276,0.08751203450002688,0.1647473352743452,0.22127533846642783,0.2526963057940272,0.262110565799687,0.25432989475969403,0.2346538264507424,0.21082130696643137,0.18874765095218118,0.16890792563292537,0.15095977499477697,0.136328147252187,0.12482738842131733,0.11541366207183391,0.11023597412230048,0.11350057143356106,0.12617258526628028,0.14204120363117473,0.1498361553163996,0.14230338042873525,0.12420519189589513,0.1094560436424436
0.17946633097323117,0.17363012315679524,0.16470988553101834,0.15899423194011789,0.16266553527617325,0.17672583355258367,0.19588293815066754,0.21219659931002557,0.2200303873399763,0.21652052146700806,0.19901841332227158,0.16668155559560358,0.12336786345473466,0.07284184003491254,0.009063886532141399,-0.08600604462346624,-0.23221896414418622,-0.43621285204285704,-0.6759989256202553,-0.8906524970237731,-1.0,-0.9601721874591772,-0.8002820260353112,-0.5940237067554641,-0.40253150306936136,-0.24848006302067915,-0.12882515588052443,-0.035775450694737324,0.03586608240202286,0.0912886009896815,0.13561268221057535,0.17166722570132228,0.20104617218078413,0.2245767992917951,0.24061674986782208,0.24640658577140492,0.24187866785858228,0.23001100436913507,0.21375273671038156,0.1954511133320001,0.17952866908130027,0.1716816443393487,0.17315865347017112,0.17872843072452962,0.18229964932675052,0.18256978639723645,0.1828120626499401,0.18671469430098575,0.1939395949299414,0.19977582482682024
0.07873488338320574,0.08691319690883267,0.10213176374866548,0.11934167013167625,0.13344977525296609,0.1454020160694583,0.16113987444791858,0.1833689619476004,0.20554541979982835,0.21772268254592925,0.21810518933008488,0.21324686851825145,0.2066294092697112,0.19163182457268,0.15185344388457508,0.06082575655702434,-0.11033882337594833,-0.36594385791270084,-0.6593919706835644,-0.8999038170503243,-1.0,-0.9331414671463454,-0.7480470432822108,-0.5260615221349604,-0.32835923368417175,-0.17454905716049818,-0.05400668540714627,0.04862040167374151,0.13599967634423438,0.20082519895297932,0.23927488144335407,0.25549145156260394,0.25444634629084617,0.2394240692633554,0.21711447322486996,0.19647020016865357,0.18085017335559414,0.16644705658595663,0.14894582391125766,0.12792429218693233,0.10464049025021784,0.07962651524989067,0.055302082795275966,0.04015632883830654,0.04428272286732501,0.06725778062906995,0.09702503294987956,0.12329320876548558,0.14380986127214826,0.15647267288748412
0.07227780601424436,0.0757420856007496,0.085435210821443,0.09832959677369452,0.10533766548813414,0.10235986517368592,0.09704548726023059,0.0996735910631251,0.11092872618930612,0.12336964039277089,0.13058017679544792,0.12969273214590282,0.11636973114967188,0.08171963882386399,0.014713047181612362,-0.09537681280923925,-0.2579886581213925,-0.47346648601155383,-0.7148926108495485,-0.9171828194748763,-1.0,-0.9216937895260778,-0.7139755213164045,-0.4570183912473328,-0.2239583544626361,-0.04804203217322083,0.07230321991549822,0.15094266106628895,0.2002784922140241,0.23068784794911013,0.25059383845558514,0.2637037961796576,0.26935257454227723,0.26559054717900377,0.25048347898607476,0.2239935562418196,0.1906127967853701,0.15787506894587355,0.13262838430690202,0.11890967955696734,0.11693178140245185,0.12349281891762384,0.13538521854623858,0.1515479648403708,0.16919307603169864,0.1819567001240212,0.18590786471157417,0.18332190518276667,0.17877446588442739,0.17555273715277353
0.0866918069806899,0.09241293343762334,0.09796556815623036,0.10346428427031096,0.11431952776820142,0.1325480922091537,0.15256507252428772,0.1630234834166681,0.15404804983332743,0.12316557796658639,0.07647588171528369,0.026003183927146557,-0.01761980351351506,-0.053898162048245574,-0.0964946768987373,-0.17070067275377762,-0.30351160186834236,-0.5037540869181024,-0.7396817718343697,-0.9349565189257227,-1.0,-0.889412246320215,-0.6396159489797536,-0.3448190359085809,-0.09390380762648992,0.07184182645736825,0.1575335984809072,0.19198212284522545,0.2066985763483226,0.22271482883396937,0.24360031584955882,0.25702952684655755,0.2496345445721827,0.22231225176483635,0.18624965283968462,0.1492536069985021,0.11532851471626204,0.09163775659146238,0.08348963343398641,0.08465846159101596,0.08335783432673483,0.07826830661028303,0.08183054347048559,0.105535723132472,0.14670923734684077,0.1946933076740747,0.24458492191537695,0.29515550548898095,0.338476103652022,0.3631081696032305
0.20799756288337548,0.20375276304909778,0.19632308258380546,0.18806206970749084,0.18060364547165922,0.1732251393692843,0.16481667569898947,0.15544502420275394,0.14292711178248604,0.12088941717922998,0.08640347356351515,0.047296462406435535,0.01542728776003432,-0.007635933384563343,-0.03738957420875828,-0.10121839881758123,-0.22629359670259355,-0.4246523032138957,-0.6735085847226394,-0.8991558589128045,-1.0,-0.9173832052859229,-0.6852844236019692,-0.40106819682558914,-0.15666030228057076,0.0038301909346330465,0.08557560808792262,0.12042003064398864,0.13838651532865148,0.15188771972684556,0.1609741094159127,0.16514852816796097,0.1657164299670565,0.16305925670313806,0.1571440205458743,0.14944124977503576,0.14391210318975645,0.14558498745826692,0.1565409364691248,0.17298758850808557,0.1864704065047886,0.18946042314516137,0.18092184652954998,0.16541911259933098,0.14836580013409686,0.13480026350193422,0.12976834915678429,0.13477168801320719,0.1446766864425133,0.15181681134910918
0.13535044272299504,0.13027440603427792,0.12592410504963492,0.12545636841730784,0.1268638322275819,0.12805354753716322,0.1290716034900306,0.13011349531508878,0.13093092896478536,0.13117116669473597,0.12924021732272892,0.12226329239756288,0.10811700273039453,0.08494820305631276,0.045503700173451116,-0.028573563344891355,-0.16309770974614365,-0.3732456425273929,-0.6362845258991818,-0.87734566279552,-1.0,-0.9544714216061014,-0.77507317005144,-0.5445072008257353,-0.33264769370557157,-0.16933109592346715,-0.05307180715194005,0.030737531668949727,0.09637804864044801,0.15048083532568246,0.19164137553563884,0.2167428190198788,0.22856634577615204,0.2360403807438276,0.24550283720797308,0.2545301916151964,0.2569875609542839,0.25117771826718915,0.24060077055593007,0.2289036260137117,0.21640167409830244,0.20179666882263278,0.18610771418398392,0.17275070750622112,0.16299411448176238,0.15260929491786604,0.13543611837592437,0.11093877651583424,0.08622556800634573,0.07081650320959869
0.08817094356833416,0.09756913330060106,0.11522738698341528,0.1362242631068368,0.15462660765589248,0.16784102502191536,0.1757855342101433,0.17869623328430365,0.1773101101085087,0.1720210264614325,0.16106708737731354,0.14172532952725453,0.11181904291450478,0.06842756681719252,0.006011475524902328,-0.08605155474404855,-0.22492921105012104,-0.4244293369977972,-0.6684369642951576,-0.8905833876172091,-1.0,-0.9492289817805616,-0.7727511788126401,-0.5512106396604262,-0.35053831935216234,-0.19575972788559406,-0.07998447664521743,0.015663356533273578,0.10454400020256238,0.18512401545824336,0.24475156230950387,0.2730311517725888,0.2710995550079888,0.2500539905144724,0.22326183349695425,0.20007703335966803,0.18513755382756342,0.17918492448305448,0.17872762949546162,0.17905776693390416,0.17870408618743922,0.17884167391969652,0.17934986667607472,0.17813042525353454,0.1745072996950301,0.1704831807888726,0.16855804032664848,0.17017992026813902,0.17456061116338265,0.1783515353043276
0.09686006079352188,0.10944720065351954,0.13239350504214972,0.15705245158742215,0.17414223947715124,0.1827312452583378,0.1887426438189049,0.19618951348143734,0.20246557737996634,0.20202397977402342,0.1916893092066976,0.17055201111312662,0.13682018354519784,0.08641091438457855,0.01329742512971226,-0.0909686852445,-0.23889829010911773,-0.44128006239432654,-0.683311389965864,-0.9003631302631496,-1.0,-0.9338380945424978,-0.741760213006363,-0.5124080383030484,-0.3128637684627314,-0.16335095889488674,-0.05660022433045179,0.019965687064035946,0.07629080297052662,0.11910312031917569,0.1529881233857455,0.1817520952295813,0.20787834422223755,0.23062487557088307,0.24692953216032523,0.25456478985698516,0.25380621696224676,0.24699030679329645,0.236723761748619,0.22371177456681982,0.20644098404968556,0.1841638347599233,0.16010025674550574,0.1399385944472343,0.12689205497680667,0.11989686781098134,0.11608536949246505,0.11300472192010472,0.10971128717413828,0.1072611926438669
0.058450480409577656,0.0664877812810652,0.07963927054530136,0.09541796040776133,0.11192265666085702,0.12687876527673853,0.1385085544591172,0.14679928430839667,0.15341575607699254,0.159009997131421,0.16073445068062941,0.1543906130080621,0.1382437609430652,0.11142354502135415,0.06715489636854508,-0.012689533889499921,-0.15402280748410935,-0.371874632266053,-0.6413336089785426,-0.8836067493095864,-1.0,-0.9425295809779205,-0.7500139361219477,-0.5087803935639834,-0.2891439574416152,-0.11967163864088859,0.0009298424462774961,0.08461419553386025,0.14342434878973973,0.18575525735494178,0.2154372664399041,0.23380934150021268,0.24295655675105465,0.245982959050124,0.24450978594843487,0.23778823082873612,0.2254266949887613,0.21018707145923182,0.19678266499928612,0.18741673080863988,0.17862885174839072,0.16428235594636564,0.1432744171613445,0.12228665602963439,0.10923472668311629,0.10596782330735267,0.10780211009494191,0.10860544501367794,0.10636102734094414,0.10372470587028913
0.06157449415074988,0.07849228260080666,0.1095641635796377,0.144562932917112,0.16961989137719846,0.17693266049356463,0.1692567410699663,0.1559511856896296,0.14503665069587043,0.1381763709960137,0.13278006115018415,0.12670652961251144,0.11793602438664859,0.10041643477613311,0.06021047501057421,-0.025648565885703484,-0.1812944645615721,-0.41154869081976186,-0.6794598636159871,-0.9045593431346838,-1.0,-0.9307729708552285,-0.7375685108512492,-0.500544600691993,-0.2858026754483013,-0.12231872592362426,-0.009721839238850274,0.06496479478388512,0.11535715191417639,0.151042622167963,0.17768609939134322,0.19891785027582537,0.217055753059906,0.2320045418824516,0.24160849015930816,0.24357001912197707,0.2365531780478411,0.22113893183412267,0.2007693545301715,0.18125893466105114,0.16806918351984343,0.1627884977428579,0.16213259833836755,0.160187489043083,0.15229072259746104,0.13886639755960453,0.1253986087441735,0.11741060341928279,0.11585000849679228,0.11710152122886587
0.20968789012645958,0.19998092902463535,0.19211952480836683,0.19334864386642386,0.1954498536578405,0.18420344186713639,0.1567105360646285,0.12404428175724769,0.09713319794606946,0.07439476163590879,0.047019901069111324,0.01209639596514983,-0.028154545643602764,-0.07731910187510443,-0.14574005431720857,-0.24417438539565256,-0.38214413818263343,-0.5629330983751308,-0.7669314185479885,-0.9378472899250101,-1.0,-0.9107019932779067,-0.6979924510305793,-0.4381867402460862,-0.20281795848148054,-0.02809459755119508,0.08482427485517739,0.1550092300970333,0.2043322027667242,0.24474824379629273,0.27512989074401983,0.28819943281426963,0.28150573336439194,0.26222902180248486,0.24094088103068215,0.22139554458757432,0.19828703359323502,0.16802873016697356,0.1405446432565554,0.13323284590395354,0.15242077638504786,0.18650282754201106,0.21729453459425607,0.23398593340973473,0.23537991865899893,0.22305963848829324,0.1978778889861614,0.1627866532823849,0.12646839918217434,0.10266413575217093
0.04104137961929605,0.0483849944329226,0.06660591475112168,0.08961292484047126,0.10334195128316984,0.10062718307786728,0.0866349894048593,0.07127679912769538,0.06066176978913286,0.05630059293518329,0.0595763641073482,0.07108366909691155,0.0826212972092549,0.07491959719808917,0.027427642895122187,-0.07314568587645628,-0.23298795123189994,-0.4483016556646233,-0.6917249894659222,-0.901313199937043,-1.0,-0.9502482244472189,-0.7880680912776878,-0.5885667730958221,-0.4078317539405927,-0.2638668447734518,-0.15086338772280516,-0.05526687293300599,0.0346608120819283,0.12302446620712873,0.20622646879792328,0.27904272339641306,0.34044566006215093,0.3933582795920709,0.44012054359686625,0.47831134037687256,0.4988310496108038,0.4897778166807289,0.4471543646221562,0.3805786001137733,0.3051549329516264,0.23254667940570184,0.17248905102120154,0.13363204107185375,0.11647936308327884,0.11035139966548968,0.10234713376474014,0.08846217610060801,0.07391935934905233,0.06515409904571431
0.1723116456178372,0.16343578296982098,0.1580176658430464,0.16958412169135317,0.19848174292997395,0.23158351510393219,0.25773410775273387,0.2757218041487362,0.2864356465504513,0.2854190165434581,0.26665770992835475,0.2310420580274845,0.18635740734507353,0.13675667106987907,0.07328135148444719,-0.025236997714435497,-0.18152875112785427,-0.40438310542295686,-0.6685093362134717,-0.8997076474320063,-1.0,-0.9186742335798682,-0.6983562699210748,-0.4358383130830933,-0.20634548228258956,-0.034508408446211225,0.08296233875157352,0.15218386219475813,0.17710267823644713,0.16364194157185144,0.12368519899980164,0.07511752879135887,0.03458181546772597,0.008845645863979972,-0.004985895254978907,-0.011456512937367467,-0.011912573198160598,-0.00671592082669654,0.002834334523769102,0.01584727729591576,0.03246757164874661,0.05364320127696906,0.08153791763112125,0.11819553892147103,0.16085961339715713,0.20022219084806372,0.22655864342101084,0.23686730442018283,0.23592429749661056,0.23226029967566816
0.1505250512472783,0.1566524429961067,0.16724247201567477,0.1763863405307963,0.17648950092367766,0.16572540670228889,0.15051417193421354,0.1390540631696242,0.13395630598717226,0.1306688619312792,0.12164138828309895,0.10233893666834411,0.07238197832855374,0.03148999053679041,-0.02442011992409043,-0.10647439867526115,-0.23451285124944832,-0.42657082320244943,-0.6690556209805517,-0.8927227364421458,-1.0,-0.9394855109770577,-0.7491441394605604,-0.5171271366124429,-0.31280128428972537,-0.15921024558784397,-0.049162593899886343,0.03148523859783356,0.0936071305112892,0.14405668518692694,0.18509324481588868,0.21433652275475362,0.230042198291818,0.2359898019466917,0.23801373536195133,0.23775508900136447,0.2332165489725549,0.22372754838236808,0.21162895390951939,0.20014672346560333,0.19077532818328985,0.1821330741759273,0.1720694476462257,0.16127585953081708,0.15369200829444302,0.15352769148581172,0.16171502905863666,0.17435760975165976,0.1854998930115511,0.19147518770963898
-0.01570899850903618,-0.016902962365419973,-0.015951168469495538,-0.010496426765145239,-0.0030289289985263933,0.0013804678675289847,-0.0011428406655809716,-0.012149973840368292,-0.029948251568575474,-0.048328732476033566,-0.058621763819193776,-0.05742476970726442,-0.052792349712002785,-0.060520375708581826,-0.09517889361141296,-0.16801615043673127,-0.2925545954214859,-0.4805805375086075,-0.7156818510933979,-0.9254485926981207,-1.0,-0.868004886836022,-0.5594276034249556,-0.18309290621127206,0.15066604196150035,0.3825868970990614,0.5074180824073423,0.5513188280233574,0.546402684876521,0.5146790279958642,0.466729680964198,0.4086172804037279,0.3459821303577879,0.28426085742804985,0.22904055147838018,0.1849331332416486,0.15249812290724904,0.12831647492588905,0.1095427346003224,0.09637675517426185,0.08929037887029254,0.08633406289305601,0.08394372092836204,0.07904166757790058,0.07047692994749294,0.05919811257165316,0.047290185013299416,0.03704799716370059,0.030286832981120893,0.027343920187661633
0.19210441534695558,0.1903321191158828,0.18552221830672427,0.17918376988006135,0.17561470889518513,0.1768667406237207,0.1811836582879251,0.1867926751545509,0.19204758676159636,0.1922222234206991,0.18206232286405755,0.16052930402876253,0.12903865867664507,0.08525609929163591,0.01969717923983212,-0.08140488993952458,-0.23111848843302052,-0.4359991926224786,-0.6789791959867175,-0.8975191210958342,-1.0,-0.9345622090140965,-0.7382246758284936,-0.5027757597741104,-0.3043211570494231,-0.17166903451602208,-0.09679740293841559,-0.055005464224417246,-0.021599128405483004,0.016537638705820545,0.058759140118050016,0.09724351261727343,0.12546371854532726,0.14281238583053055,0.15367321712148224,0.1639962365650145,0.17875226084089263,0.19967299430656962,0.2230193658151587,0.24118065523715077,0.24901360802684672,0.24723186952209514,0.23901914962120482,0.2266060164171231,0.21156508773851393,0.19665542985053933,0.18659694840386465,0.18452781508678867,0.1879195416536785,0.19127544790987738
0.20008864836461582,0.1907480541259113,0.1798444458983076,0.17375343858495565,0.17145800861129504,0.16997931727900184,0.1713984523778653,0.17900237472312197,0.18922175636166627,0.1929146857163681,0.18337507525178265,0.15984126208245075,0.12410013185252572,0.07476505955514584,0.004188302408373535,-0.09970891940938936,-0.2492828390266684,-0.4502179468778587,-0.6846755286831538,-0.8945645341339845,-1.0,-0.9574019249893728,-0.795600591431309,-0.5855673483966283,-0.38633357507943017,-0.2227976662875219,-0.09596381266466876,0.00043382081988566356,0.07214612080109047,0.12393451770160752,0.1595120428205424,0.1816850190010349,0.19502563349468172,0.20629364502115907,0.21857401567394832,0.22739731084495968,0.22662013047701757,0.21630672552696983,0.2027408700379737,0.19271491025357407,0.18892657029344953,0.18878587327045762,0.1872847499000597,0.1826628518475553,0.17758538018428932,0.17486746616673046,0.1756485506057489,0.18014713338367663,0.18666934985090158,0.1914729858092839
0.10983765354732315,0.10907966341430753,0.11400562522343377,0.13426404391173152,0.17027798405782138,0.2075745954746974,0.23016944641005826,0.23394671273200415,0.22569438003995543,0.21439841224809195,0.20004881426140209,0.17003109680080564,0.11307295794554165,0.033196713393140675,-0.05783313840561207,-0.15937592716378088,-0.2888623541533558,-0.4675978551365041,-0.689395578502042,-0.8959307103460914,-1.0,-0.9535221284793162,-0.7861356548620877,-0.5695223007209809,-0.36044492023048097,-0.18363766470180665,-0.04522866257877949,0.05531004054102704,0.12067241892031731,0.15497077950463156,0.16485656938680285,0.1591508822108715,0.1474326984609576,0.13863101725220794,0.13773155789256183,0.14446185569347553,0.15764711751727278,0.17880910624684604,0.20968777358623314,0.24638195705497662,0.2776982870657917,0.2922093823423516,0.2869279828355054,0.2666906012772547,0.23715623459560436,0.20254435763959422,0.16963002177907802,0.14887190518452098,0.1450438785790511,0.14937237025359004
0.024978669944344088,0.03183212925560319,0.04397870614875542,0.056768914348304014,0.06394488360554267,0.059875759087941016,0.03920345583548625,0.0006346849632059081,-0.046902294115523734,-0.089978309636353,-0.1236157811163937,-0.15192495581972337,-0.1771141514046063,-0.1959119174817612,-0.2121237450734907,-0.250612022777554,-0.34995554569971316,-0.5326054543331529,-0.7708968663631398,-0.9695824583030894,-1.0,-0.7956574681658832,-0.4241665867817346,-0.04294032138405477,0.21790487548388132,0.3248635707526185,0.3206226013198228,0.2658392831557067,0.20181137905151167,0.14831583990143526,0.11616699547457802,0.1138096099265285,0.14465586494010652,0.20205803701799074,0.2701372823331702,0.33218099074144425,0.3779598275141333,0.40230654979009256,0.39993081480351045,0.3682801819621286,0.3167487471426083,0.26389652781429707,0.22164246639645757,0.1882298055054306,0.1564608090474632,0.12405701907632138,0.09656537286477204,0.08110395269344603,0.07777210557729285,0.07945016498024218
-0.016118980744335192,-0.012441363715960238,-0.00753543119069407,-0.0036453705721470452,-0.003179979460289557,-0.00894978622573965,-0.02082185259755679,-0.03491435055245224,-0.047028611627966115,-0.055407454073175176,-0.06150907925051875,-0.06965729722851056,-0.08522015263186891,-0.11253966745225161,-0.15652412888749698,-0.2280672718307519,-0.3460765010569463,-0.5267701965251351,-0.754779514348752,-0.9526648248039591,-1.0,-0.8224467166991967,-0.46641284071034883,-0.06573885617124531,0.2584635072622257,0.4572238142770522,0.5437779577240333,0.5567557246536673,0.5328241680211768,0.4965551781480261,0.45983528670200313,0.4241037586593395,0.3849218800922985,0.33805962201275574,0.28430901217816235,0.2296719397297221,0.18052244421670863,0.13973538675967617,0.1080712931831125,0.08605529020690975,0.07216858393524034,0.06244191087589737,0.053890207267142345,0.04580142811917851,0.03806694683139303,0.030826044506998735,0.02460821066119604,0.019638246751279776,0.01602007252447866,0.014102313057623515
0.05104762688071101,0.054379817239828716,0.06177179677956132,0.07278325129788377,0.0866396678283797,0.10349494806158306,0.12335454208861332,0.14496931213185416,0.16717580236853555,0.18953327286282576,0.20919467586175003,0.21828184409799523,0.2056965939147348,0.16338656184009998,0.090114178264042,-0.016374085335573718,-0.16886343776174595,-0.38224461343337235,-0.6438459371789348,-0.8852579807739097,-1.0,-0.9193991036576957,-0.6746286203611159,-0.3710934542188708,-0.11012699816848133,0.05945071139851822,0.13895641945612083,0.15477189945214548,0.13592838575598434,0.10514953002320439,0.07904438497702175,0.06676141030167908,0.06744740042721958,0.0745662595841998,0.08544748384445691,0.10399612924758105,0.13245085814483343,0.16377977985379788,0.18535366381738225,0.18892752214882264,0.17597099523035314,0.15555645227368714,0.13874217342643824,0.13262286667560683,0.13680737420010622,0.14523930148146869,0.15146547227461443,0.15270572409195143,0.15052758424080628,0.14834055704330149
0.07545308186063046,0.07417261406514916,0.0739602014006142,0.07870132361683815,0.09006913697592818,0.10597770763554877,0.12271851311411265,0.1371695079950757,0.1486957362430794,0.1595628871008743,0.17260841702099738,0.1884880621899163,0.2041749963062917,0.21093894690386228,0.1911839368438249,0.11788192601069841,-0.03796236477883913,-0.2878395846506817,-0.5973255870100641,-0.8727877564442367,-1.0,-0.9246052695406264,-0.6953182423985532,-0.41978289161130156,-0.1860375947961428,-0.025684440359749473,0.07130860088300496,0.12664963895153536,0.15717187061289953,0.17322679617023384,0.18083207824775163,0.1829757412350375,0.18136369888864748,0.17722145247228047,0.17058445442064663,0.16039203352760387,0.14635511495100884,0.1305610016046804,0.11605383579153175,0.1041236784135151,0.09438939179150084,0.08654908563644373,0.08051784852540961,0.07602339461701059,0.07346283208579356,0.07394745760380847,0.07744505971496458,0.08202104783377925,0.08544998140475264,0.08696064092291263
0.10019257294927413,0.10598534153342913,0.11547883710027512,0.1255254095521449,0.13421140263249925,0.14190758350870122,0.1501721962866627,0.15983647754810543,0.16931355558196326,0.17357130835892093,0.16669315522739517,0.14828565376165154,0.12442773026977498,0.09805292665463504,0.05884174963309834,-0.017135318568786806,-0.15860957779547827,-0.38068725456130476,-0.6565396558568314,-0.9004609730131432,-1.0,-0.8959007715938552,-0.6345802409906567,-0.3311254055322552,-0.08657438079697191,0.0594968084450766,0.12153000735748418,0.13554438070293284,0.13259509785364307,0.1298867384470381,0.13306110856036135,0.14028267532673966,0.14617248259293686,0.14571920837178973,0.13724110726206923,0.12403084868508478,0.11341076316723805,0.11214174802195848,0.12056454287264079,0.1312953528971124,0.1353982505194832,0.13081994051898796,0.12449998396143402,0.12472621770431348,0.13142726306602118,0.1359101575029387,0.12998913187037756,0.11392651239372666,0.09558507544947172,0.08386227455989186
0.11078252280456766,0.11086338963714008,0.11132214624442253,0.11329624574591383,0.11880741257759908,0.1295425100488897,0.14498559419947515,0.16206984622257412,0.17721886683494995,0.18835010483373277,0.194909246007064,0.19641866379387732,0.19020435163964294,0.169123055894711,0.11990276499743212,0.023270150583421873,-0.14011798086409805,-0.37467419305061345,-0.6493663463058598,-0.8884541462094675,-1.0,-0.9386409289649575,-0.7421605716593859,-0.4970353676128099,-0.2749065034061205,-0.10444944843343548,0.01597184134862274,0.09718468340604225,0.14879018015127143,0.1779157280565383,0.19079486379360663,0.19369605633959006,0.19179434424386346,0.18754417574579482,0.1811586620116354,0.17276950545419337,0.16415423600985235,0.15821320574850356,0.15609136287600225,0.15530815842763804,0.15195393526909645,0.1444238090976076,0.13430797909026923,0.12436682059063492,0.11615078545725167,0.10912346793383933,0.10209906032919532,0.09543567011637197,0.0907622651340318,0.08872781780988102
0.18903099957880728,0.17963719857829746,0.1638323940408541,0.14453289530632224,0.12957781932359583,0.13307547502463363,0.15891265700133334,0.18902172077915969,0.20026614232737824,0.1887237711461913,0.1684851302065294,0.15161623357025958,0.13672770193760422,0.1106986394509108,0.05482665742328346,-0.04729433312070483,-0.20541147709015567,-0.4200067580633429,-0.6682733735901776,-0.8886775024902072,-1.0,-0.9540218016095435,-0.7674822957790302,-0.5035465275541642,-0.23376552609493287,-0.011646257993816073,0.13991892290579633,0.2270909131818606,0.2694223537267745,0.2832658346884885,0.27666611026597526,0.25475174444639337,0.22652450016613904,0.20286666495259736,0.18684204344115415,0.16961698542606057,0.13961726602913266,0.09661764569737971,0.054901683616074996,0.03203090077972156,0.036225200823935814,0.06251742848362868,0.0959317200309658,0.11861532153429508,0.11941120212468705,0.10081636951299114,0.07797034929689864,0.06792682560030731,0.07504635333454328,0.08656607762511381
0.11608520646723443,0.11229511319105738,0.1066313299081024,0.0989549298683597,0.08846815786743203,0.07647811497147122,0.06571327096040687,0.0568791532874685,0.04710704024659912,0.03433535002118439,0.021766020070131103,0.015722452215025697,0.018430261064046757,0.0220889757303416,0.007859008821601557,-0.050712888438271556,-0.17945008488225075,-0.38769029157626905,-0.6468648625516837,-0.8817231698617928,-1.0,-0.9538220910519767,-0.7747332741357267,-0.5418118804107069,-0.3216095169952466,-0.14139191734530213,-0.0035271277676089696,0.0941971922848265,0.15600900671498055,0.19389309249132797,0.22404761603047768,0.25491064401161445,0.28139437448324933,0.2927296512365911,0.2844159127962454,0.2626292801817731,0.2398656988209977,0.2258473666430097,0.22169758895919406,0.2232588480309366,0.22638651527542425,0.22614881618500407,0.2166281925744338,0.19781790400106367,0.18026465503302055,0.17715099108776208,0.19012575843250132,0.20592824307962707,0.21112645083490453,0.20804892113740744
0.14751284208022805,0.1458196031895572,0.1454021470109163,0.14940237880187213,0.1580770944315959,0.16828489982605116,0.17571683293195628,0.17812717896960478,0.17692555503865756,0.17545440633015438,0.17552539022818392,0.1756256850045282,0.1716338732889868,0.15693647481657216,0.11966022928261284,0.039235534290442464,-0.11021830212316817,-0.341262469895177,-0.6240070147184397,-0.8757895458516055,-1.0,-0.9537412857634647,-0.7762145201744189,-0.5481227825006583,-0.3333954581069434,-0.1590708071420312,-0.029203810945300373,0.059781125863836125,0.11556730375231973,0.1498478171020492,0.17373058795419694,0.19260571225683215,0.20701436409880228,0.2168091299229228,0.22197971936254293,0.22135334736293616,0.21332871821283195,0.1974169920858465,0.17529316697959454,0.15146021283784467,0.1315619205828864,0.11880650279644052,0.11252135252968076,0.10969473130166844,0.10672562430400205,0.10067682940122272,0.09104573632290164,0.0806582790679243,0.07338797579326312,0.07041872180674076
0.20701312901584734,0.2083730840969388,0.21021616255181216,0.2121712144618677,0.21347983153332847,0.21008582490572592,0.19664805651589368,0.17224785963004807,0.14195030950575688,0.11379816678849901,0.09442752618701442,0.08459711958034859,0.07638680960378047,0.05444315220438813,0.0021666099389879797,-0.09362276803197657,-0.24424337864221762,-0.4532595995875798,-0.6951802009522311,-0.9037596602958913,-1.0,-0.9472905275328444,-0.7780859072535731,-0.5624406224939305,-0.3577594293015738,-0.18888642688080753,-0.059845994984364236,0.030264597482274638,0.08421876194990138,0.10975577250705106,0.11899532018076633,0.12547544009634015,0.14005221777521673,0.16479531899313396,0.19016497818999104,0.20370647310672405,0.2037094259279399,0.19957093948795854,0.20032062260585448,0.20847646812323503,0.2205308860700254,0.22865743283085946,0.22670648524265094,0.21637330680380737,0.20471215813463498,0.19754245880512686,0.19671386988830486,0.20059181966115336,0.20579240580925134,0.2092424997645505
0.08288878984767148,0.08879961126413463,0.10030470671734043,0.11694122387211063,0.1368923353298619,0.15555899393652597,0.16719133369096734,0.1690701329212882,0.16305765640708683,0.15272244942804317,0.13981802122497508,0.12345912083983733,0.10182100936745257,0.07262587527487162,0.029018110088114113,-0.04705008770776651,-0.18293154020447783,-0.3941089841990566,-0.6539945480767243,-0.8859685803173045,-1.0,-0.9538110321911081,-0.7809416999339732,-0.5572193803759834,-0.3466339703741216,-0.17706075283574715,-0.04901205178480675,0.046768595102190856,0.11832081976214867,0.16938407581185133,0.20164270335549464,0.2185149132644625,0.22581849433563664,0.2292013898875888,0.23264512256701214,0.23853033446754032,0.24629605618168515,0.2516228401424928,0.24975914324505796,0.23993004602711232,0.2251255795939359,0.20802261101231945,0.18944798021404716,0.1705704577543084,0.153582541454258,0.1398096756871953,0.12895290649667804,0.1203198874475055,0.11391107968821783,0.11038600429204892
0.15991407271614164,0.16297507356972424,0.16694457414171618,0.17019154584248983,0.17207142302871192,0.17192488848847917,0.16879689507450393,0.162825760690232,0.15607168399496543,0.15022067561698754,0.1448750285464588,0.1393473726068107,0.13318524744316357,0.12133295828960931,0.08872758446715612,0.011189370323215934,-0.13547004996710946,-0.3592460149749541,-0.6314961306343749,-0.8765976669405529,-1.0,-0.9526629742808091,-0.7688062685813583,-0.5325450561969904,-0.3171744287181752,-0.156119531590781,-0.04880112395747947,0.021355875032872642,0.07130170396235258,0.11133814613545848,0.1455268410836028,0.17357994394680698,0.1929877968907919,0.20324080508658676,0.20810039579105738,0.21204141968303605,0.21538817269346408,0.21388564388739104,0.20309299580699244,0.18380264283771083,0.16292348061906556,0.1485491450805955,0.14346207023992957,0.14275429591693106,0.13930347069880591,0.13147480801616765,0.12320005318191353,0.11812613921038904,0.1164714396347065,0.11641780556559028
0.2144018885374223,0.22424961153922698,0.23281847806936196,0.2242530976482774,0.1888861036706314,0.13097014979990215,0.0674077777915661,0.015584699129835917,-0.019704175962755203,-0.045517358147558654,-0.06928641608021231,-0.0914672553183572,-0.10935791677989208,-0.1260796143180905,-0.1556996730386398,-0.22000451493749273,-0.3377749541644661,-0.5128212232714858,-0.7222976801720743,-0.9089538087699999,-1.0,-0.9552778544604438,-0.7952759929184953,-0.577220551814198,-0.35592990947309877,-0.16751910505810347,-0.02818115122810426,0.06346228636713644,0.11790717731268703,0.1471574363682047,0.16393732410582956,0.18147376841160093,0.21145132948249148,0.2604695248400419,0.324850905940356,0.39079400083684684,0.44362247528630755,0.4744896106556463,0.47676408350078614,0.4450293203834688,0.38419049551629325,0.3134252024167253,0.25499230527412486,0.21914520303410417,0.1996154416532654,0.18480324431988981,0.17135133668578476,0.1619011929634479,0.15619072438887385,0.15277295998333112
0.17972623238995727,0.17641219451095616,0.18121602149714855,0.2026007798017192,0.23510612388178845,0.26574413405957487,0.28529431514177694,0.2894007343965144,0.2773846867309361,0.2555595848083416,0.23386786511890675,0.21416492641374918,0.18564915200897103,0.1332358159516755,0.04709349854097364,-0.078198159720161,-0.249100170759312,-0.46681868045594976,-0.7071724189842117,-0.9092880042872032,-1.0,-0.9452756957662757,-0.7755865265088809,-0.5555156377268406,-0.3383299164995461,-0.15100405396732242,-0.00386431782683556,0.09879409445827271,0.15641757613027985,0.17487845819041026,0.16563522085899587,0.14070779198432848,0.10914669445726126,0.07719215989611992,0.05081207797119651,0.03572183451192862,0.033439834331850306,0.04049146519957579,0.0529930160802866,0.06974272302361242,0.09113215046009636,0.11735827894637846,0.1477507039917005,0.18034343951562454,0.21073080572347125,0.23062502188690162,0.23184652992502233,0.216497842826023,0.19794550934245678,0.18749428753775624
0.15001377194398888,0.1525548641932849,0.15891676839620575,0.1669455166718136,0.17205780309882177,0.17213639057248314,0.1681731591184548,0.16216283765581582,0.15695705590478456,0.15645433580018073,0.1624358689039533,0.16902725205075025,0.1626365447737803,0.1303967477510877,0.06464412316422155,-0.04390763243719666,-0.20977995162155882,-0.43759677771313077,-0.6962336125539,-0.9114234073835167,-1.0,-0.9287865160522318,-0.7413233272938102,-0.5204052656701266,-0.3286026747421856,-0.18502896759203605,-0.08068810510955228,-0.0005504819467942424,0.06490788989097131,0.11769736355197875,0.1558081764478231,0.17896346222634585,0.19144737915950677,0.19867178256928456,0.2021438944354674,0.19941441599026088,0.1890834154817142,0.17534487473341476,0.16567156033559147,0.16319870520707752,0.1640112696140833,0.16284988456916294,0.15980409633144257,0.16051318299932787,0.16932257053050934,0.18345580288189237,0.19531496335185852,0.198902472899792,0.1942323474238212,0.18805416948508558
0.19792846449492973,0.1885557026241867,0.1743930609001176,0.16270274841009327,0.15807598978454798,0.15946388310126158,0.16327461924330028,0.16720724212334473,0.1704839082931563,0.17165858769781925,0.16613485790827404,0.14653015946773373,0.10819006600103583,0.05262583726602653,-0.02021399913148041,-0.12259149556801462,-0.27432351761241336,-0.48177089353359503,-0.7171539273186384,-0.9150832878584436,-1.0,-0.9374836421136623,-0.7613674423607147,-0.5425288588447948,-0.33678074071422454,-0.16535418465698512,-0.029232977387797482,0.07350995117487481,0.14397021394248796,0.18605838041827977,0.20717424985539268,0.2144600502876396,0.21252503201467215,0.20566364641622678,0.19888534188615625,0.1944906098358678,0.19079422670607116,0.1853745988077135,0.17692015110303383,0.16486161240213315,0.15055498547003932,0.13868989643484342,0.1354192211094266,0.14429148972933983,0.1635811626492733,0.18663791911738142,0.2050656515003598,0.21360655322783528,0.2134538830003702,0.2106710126955182
0.29935776319006513,0.30255698490655464,0.30767043245062153,0.30900179612203943,0.2971970083758214,0.26755375401834697,0.22594238097565542,0.1832922515907991,0.14714420754716256,0.12059132500187371,0.10528988268470453,0.10063337646057126,0.0974293897665851,0.07479580067224352,0.008507097877385399,-0.11473029182693609,-0.2911880319136327,-0.5066131614476261,-0.7354776444046777,-0.9244181640869831,-1.0,-0.9247195484774378,-0.7396470146649611,-0.5296877071874857,-0.3565867675021974,-0.2382195798523568,-0.17006868053983587,-0.14039385332625207,-0.12627946118112834,-0.09844312348170572,-0.04490073940053655,0.021680786153346926,0.08655122344295499,0.14693414937677993,0.2017746301776929,0.24480310711494052,0.26886234750211213,0.2704910447644634,0.2538373917500635,0.231115384618872,0.21681728885704146,0.21754345292360927,0.2264856017791311,0.2331409361275614,0.23632202353572307,0.24179315921538413,0.2503245021272747,0.2545831408978473,0.24958209216278454,0.24176805512573976
0.1740907755942924,0.18740373537835026,0.19867709841718031,0.1977417190568213,0.18753909277595565,0.1759358757054228,0.17047330038248398,0.17525253464835303,0.18451016432982736,0.18346516593599435,0.16005142014889345,0.11508594242571138,0.06070310071637705,0.006455752523479792,-0.05614241263112028,-0.15270761712958522,-0.3065138216844383,-0.5180021834309634,-0.7527542091851652,-0.9403320891743304,-1.0,-0.891675486647069,-0.6474420672723793,-0.35177632245491824,-0.09169199089660546,0.08347369580204042,0.17163962453508352,0.20223683123099956,0.2117429796539541,0.22344972552359998,0.23969437348619613,0.24811861038612415,0.235630384866322,0.20120799479739893,0.15934922164348445,0.13043352009947154,0.12546022916395919,0.13909166153236824,0.15781931255314394,0.1727707252668237,0.1810312154399789,0.1787018155581932,0.160757061098362,0.1273512218811195,0.08572590382146268,0.046583716464418404,0.019343447802315582,0.007969436344027032,0.008886563002692503,0.013183250513891992
0.14194430720738554,0.15574960821732223,0.17809953479817034,0.20046510988595148,0.21526205156783904,0.22164486264082583,0.22676506955228506,0.2384961476225685,0.25445879620859135,0.2615879547538698,0.24937291525784674,0.21870717663990494,0.17664475118184944,0.12611238072436542,0.05973240666168333,-0.04016704805660376,-0.19487357628892116,-0.4132717508379974,-0.6695331805102769,-0.8938809866743656,-1.0,-0.9421173853821533,-0.7507690512995532,-0.5074703053950029,-0.28686877407968536,-0.12329005972419252,-0.01677057393885419,0.04725550510004758,0.084698938473101,0.10621674410250179,0.11678400536126526,0.12045362002330837,0.12253071422888331,0.1262859852991412,0.13156331487186593,0.1382766104354903,0.14715718295686525,0.15650964225157604,0.1626644363455165,0.1641704017141465,0.16298390925756215,0.16120113288707497,0.15842222526481586,0.15265708206653972,0.1418302983844009,0.12496483947297049,0.10570313791284394,0.09300314171487792,0.0920581688760954,0.09657858226625687
0.1513019598445173,0.15805052314598184,0.1705975083050794,0.18524544762049208,0.19621982090858336,0.20031514528235428,0.19892637707386948,0.1942540538603104,0.1870197504390056,0.17874237431039713,0.171090289740827,0.16148116157176262,0.142297823130912,0.10437236067835794,0.039010156602334825,-0.06479489026601849,-0.2212559994920127,-0.4360244538617747,-0.6843336858513701,-0.8997196342670652,-1.0,-0.9460745355023206,-0.7754285080067007,-0.5681703709221296,-0.38635546682330507,-0.24825240383798697,-0.14317204575066575,-0.05576004315351114,0.021711688349543845,0.09051955560523303,0.15013163720098907,0.19848368994196253,0.23195950325981696,0.2498272227189053,0.2567163610159132,0.2576242463944669,0.25144424080974276,0.23308672807202116,0.20342733571833088,0.17273174444457168,0.15179913830379232,0.14391560714113813,0.14677644223720257,0.15717221565666448,0.17129200602757044,0.18345798649948844,0.18811675327892471,0.18412170304987513,0.17600557744980952,0.1700959020441128
0.10731667640445436,0.10231834393509244,0.09451977242167224,0.08803921322321913,0.08661447050071751,0.09150690520967494,0.10095972965821587,0.11114683103932138,0.11819091534588055,0.11955660796022625,0.11442777949135985,0.10377321504691704,0.09032868885965795,0.07614916961201207,0.05438064118064659,0.0006831085145439129,-0.12153531411959065,-0.33498547358414893,-0.6134128717405459,-0.8702032745296201,-1.0,-0.9514284586944662,-0.7617998700194862,-0.5202968074806,-0.30362650340709374,-0.14300896682615769,-0.03379928099169713,0.0399176310418763,0.0909670857805989,0.1261881098596089,0.1478476391707971,0.1580086988253535,0.16132383594718547,0.16237594014384413,0.1639183084282193,0.16894855613510223,0.18067569921771207,0.19848154618454408,0.21526270406096162,0.22199709693611955,0.21638964199540395,0.20493468877488474,0.19582407024767923,0.19241542674723042,0.19434867443321072,0.20191582256976578,0.21605972886461838,0.23380364645390594,0.2480120855026306,0.25456811566854187
0.16715441370890233,0.1729378967506972,0.1840455381306713,0.19576234365879241,0.20174379935069722,0.20077086832946534,0.19914270368287726,0.2061327804553115,0.2250239609055386,0.24580985840012656,0.24891517948330497,0.22013156348823315,0.16038308986450786,0.07932437774817885,-0.018118180402987478,-0.1389319982717577,-0.29798351030216996,-0.5020435441966727,-0.7285310892324357,-0.9182823616514022,-1.0,-0.9380251048852906,-0.7610600451034614,-0.5399990993110357,-0.34000645157358844,-0.19155440729813,-0.09151296304494747,-0.020488546358250856,0.03738441682973035,0.08438049012697185,0.11593092742468156,0.13369702481952675,0.14651750592005555,0.15980312932709675,0.1718293468300974,0.1808588715983732,0.18872790684421753,0.196548763282783,0.2023935135372432,0.20449685813008378,0.2036496276488187,0.2018066837902389,0.2008589851263935,0.2028036404917792,0.20805098828130192,0.21301737328544723,0.21070135839115461,0.19535126380734488,0.1702466299217221,0.15020362225976389
0.01576240243882868,0.020416033395202364,0.04007832271783016,0.08077681665519483,0.13518715617161933,0.1855869345207503,0.21599639712871652,0.2256047241149388,0.22804860204210597,0.23653215975510256,0.251735638789668,0.2612119838878631,0.24788748194610782,0.20148573838993708,0.12043264970438795,0.0006614948339353076,-0.17093966755272927,-0.40162974795219947,-0.6649802771372971,-0.8913642791449583,-1.0,-0.9531854729677695,-0.7802708432835289,-0.5478150441631374,-0.31369239169372337,-0.10837001316006693,0.05915747169212519,0.1905805968453115,0.288742330060721,0.35166469110152593,0.37407324159819316,0.3553279035058701,0.30624535042193884,0.24519646139496462,0.18683924890654777,0.13754538397697477,0.0988501061615074,0.07105070060324686,0.055007159846458875,0.05191063510759065,0.05989716495494802,0.07211240922239905,0.08038256010629584,0.07955490909915863,0.06874153198167458,0.052237528638119514,0.039096408696988806,0.03745704853970203,0.04667583849908731,0.05649651960187081
0.15530917445151918,0.1647696607675729,0.1792535316534544,0.1894098350013651,0.1873035036403218,0.17332850219599993,0.15490616517438707,0.14141760652487143,0.1389467587973071,0.14603167236778117,0.15655876703917937,0.16664645988200935,0.17379144487731277,0.17043509189626593,0.14074016270178488,0.06074317735819311,-0.09486097448432815,-0.3328922928418712,-0.6178059981175977,-0.8694437511902173,-1.0,-0.9709829754856402,-0.8187532416704734,-0.6214688330295738,-0.4440955044840192,-0.3139538608718975,-0.23152056832245954,-0.18601102693236263,-0.16059181028944436,-0.13551189655462256,-0.09470839286267208,-0.03128450097113036,0.05144293829848254,0.1421605695985453,0.22628602166222636,0.2917874642185558,0.332472869831199,0.3469085938200144,0.3372056750948002,0.31145662268035623,0.28431227634300127,0.26898331819244714,0.26732215694011585,0.2705461586439563,0.26821173515185714,0.2547821728948265,0.2310976530893636,0.2024930012576098,0.1763372558411168,0.16048763022051052
0.08648030247820168,0.09162579323223678,0.102307525943268,0.11790650639971396,0.13519662587816464,0.14982419822351875,0.15896503946057688,0.16282784227112504,0.16536680475934482,0.17118492578074662,0.17990053711414727,0.18528680922920965,0.1789132913061202,0.15186579791204635,0.09341010856415181,-0.00992470898759824,-0.1718479574347292,-0.3963177271281315,-0.6577958164016632,-0.887821912019087,-1.0,-0.9505203084357526,-0.7726793531263112,-0.5440251123444446,-0.328504311279873,-0.15311684316479757,-0.020363580635101325,0.07533064372508211,0.14098848732917582,0.1839029287272851,0.21141317195101492,0.22890212181556915,0.23765006648330486,0.23746295153987734,0.23076810537840986,0.22094046976351958,0.2091072678618899,0.19567023908819653,0.181853231572703,0.1683632785568291,0.15529505108820188,0.14305026363936124,0.13196787959327608,0.12233908781178657,0.11503976625920576,0.11097981069765732,0.11040342798042688,0.11292271269460095,0.1171203427178483,0.12038421612969506
0.06204158599489487,0.06386711676725272,0.06806924828224199,0.07490371793006828,0.08319384595714459,0.09270317725036842,0.10580593659190794,0.12323903386552049,0.1400586056769028,0.14913521002162541,0.14869670757838022,0.14281790978901765,0.1329471976264028,0.11134184977762245,0.06218493559716648,-0.033686134201647885,-0.19193943321926749,-0.413373205229662,-0.6687508610304754,-0.89143320604198,-1.0,-0.9499588624198186,-0.7668775535887198,-0.5234645034036839,-0.28967509068961955,-0.10405566988062832,0.02607730583442459,0.11184081518284185,0.16665338520924106,0.1962087944750141,0.20413030268915996,0.20073565106861355,0.1972498115751983,0.19654578851194893,0.19639115809826,0.19617495244061528,0.1962062460693866,0.1956470019999457,0.19393934222824016,0.1923379004164983,0.19392271934521405,0.20085742148575364,0.20991826874358363,0.213128226654466,0.2050097101421037,0.1876316824137269,0.16780807400909772,0.15107040027755586,0.13940375654179313,0.1333197255863027
0.11660838374936833,0.11904043545374887,0.12291305140980918,0.12699525773682024,0.13142077445550965,0.13851924115739817,0.15072771649967726,0.16633877805733702,0.17924260767576997,0.18426197187523152,0.18052161520179014,0.16892146725327845,0.14844765086470063,0.11522422186577731,0.061684900303214656,-0.02727142367425267,-0.17415565451973253,-0.3927935312715688,-0.6590769441398597,-0.8949515784544112,-1.0,-0.9244651090560924,-0.7117442516046095,-0.4586546310553561,-0.24263221722018408,-0.08980863486034264,0.009846275357668037,0.07563926607162548,0.12026870310480293,0.1483616179894091,0.16245318168004685,0.1666933835108073,0.16600442395658266,0.16437785526743617,0.164010754711169,0.16512202572131282,0.16648498344114757,0.1659932129928552,0.1614317480402175,0.15203465476720437,0.1392950783763522,0.1264791272739351,0.11809172405437264,0.11821544929718704,0.12731241317425374,0.1415059687450227,0.1564168961667818,0.17076435691977662,0.18431920913402675,0.19356359254298483
0.15883144118354084,0.14906973078811886,0.13607414120036423,0.12422524741987763,0.11391555719379703,0.10737433635594079,0.10954103066642502,0.12231774531678011,0.14118440214386394,0.157556185903369,0.164305952170272,0.16049216336835806,0.1496840646983385,0.13075089918979566,0.08995087384380684,0.0034118599060221034,-0.15197856772846002,-0.3827713140580375,-0.6576619078268378,-0.8962928602231995,-1.0,-0.9202457604274287,-0.6990630106709464,-0.4349769012832436,-0.21397956632227916,-0.06963775515490003,0.010904760581032066,0.05763348164144377,0.09289547160537319,0.12427267800144227,0.149929055408882,0.16536748251351718,0.16932130425747458,0.16858292183604334,0.17429123257827014,0.19053408910311598,0.20974600650632652,0.2203998568547776,0.21649069233738152,0.19968086430705903,0.17574838558371325,0.1507918340281944,0.13001841334890865,0.11780401910573206,0.11561177195841033,0.11939364270907632,0.1217877324192731,0.11781204446896659,0.1084847232076928,0.10041954798455492
0.12847961703102667,0.13745929536355098,0.14684738763656677,0.150132017614499,0.1523718904602717,0.1631252230021793,0.18220302209921513,0.1986965976660871,0.20317335374624357,0.19745226377396358,0.1906064146634765,0.18704322627209166,0.18089389394395544,0.15810048419775122,0.10058211775583001,-0.00808775558078081,-0.17757531160490267,-0.40622094860975566,-0.6675047820959298,-0.894675821323237,-1.0,-0.9362418544807,-0.7384896562817767,-0.4942767428755949,-0.27912650221212165,-0.12273909253174406,-0.017281849494409012,0.05839283277882013,0.12003922570745253,0.17161135443044742,0.20867169825452106,0.22638379672314335,0.22551052438171248,0.21231143400858102,0.1943093916919543,0.17610669904047765,0.15841750866627322,0.14020764050255638,0.12185196854010075,0.1072701481652974,0.10286453618836942,0.11144887459494338,0.12545933212080176,0.13073394129454652,0.12125246385145876,0.10603051141217626,0.09868470948388539,0.10424229703837759,0.11682010139586353,0.12643252159248286
0.060733186095099256,0.047933847029822126,0.031738821682076895,0.02280400865733298,0.024131354938654613,0.03041453004773092,0.03600767849357017,0.039093496393965026,0.037443348041001974,0.030213945321694972,0.024809426168293767,0.030418492499939557,0.043370109362429035,0.044901271400468165,0.01275575809772942,-0.06927402121490678,-0.21292316051028454,-0.4230575466740484,-0.675211578179957,-0.8978590610585315,-1.0,-0.9327504162368176,-0.7228231710662967,-0.4461028102843214,-0.17880645587241142,0.03133564856538929,0.16999471054128404,0.24673679352320538,0.28116875726310675,0.2930884588125322,0.2970521059694443,0.3009491859730987,0.3085176269004037,0.32120580624254425,0.33576099246871344,0.3415863722863554,0.3259213514211399,0.28598061580811246,0.23440411796605556,0.1895022357197849,0.15906536206763516,0.13464873158763255,0.10437372700634091,0.0698465170213939,0.04647325675310768,0.04851899018242038,0.07609794094067912,0.11588009915896241,0.1516913613686301,0.17223818131979393
0.11265815814734931,0.1080225216944309,0.10180492075071412,0.09876181320916923,0.10248025272986289,0.1145757050614505,0.13379459553081208,0.15414499614110733,0.16699098291045966,0.16682942634665082,0.1540075297422348,0.13128776973243897,0.09968229929424365,0.0574213871084922,-0.001857772806777116,-0.09256230921251148,-0.23461898146223917,-0.4387688160018125,-0.6834225907648022,-0.9005599033881381,-1.0,-0.9338279462405921,-0.7380229664646444,-0.4975783922297145,-0.27928447785477084,-0.10649219051944582,0.021828649076592967,0.11135815387516836,0.16871659310719797,0.2015203510835623,0.2159455393942089,0.21652165826296976,0.2097737917117155,0.206177377925996,0.21504723588313596,0.23586883903869033,0.25724025313329224,0.26686210546665895,0.2617376080347329,0.24684056943912963,0.22595533382538718,0.1992802135958623,0.16924894572805185,0.1420349833565511,0.12212234301675216,0.1096591834759416,0.10289481714354844,0.09997124508450633,0.09906927791120389,0.09885891997517537
0.08838055993617812,0.0911310502684657,0.09670224641529981,0.10590227602045786,0.11858484165050942,0.13324633982379938,0.1486450767909673,0.16133225355910746,0.16612828228343607,0.1638724547770229,0.1617931188810395,0.1625748205019922,0.1578399088514035,0.133819698824459,0.07926078469375494,-0.016725053167123926,-0.17055865670982231,-0.3924076055044779,-0.6567762435475617,-0.8892208254149618,-1.0,-0.9481492087520419,-0.7716919062796508,-0.5502568972788492,-0.3479651634298952,-0.1909061801315811,-0.0774379373797386,0.005207917578966899,0.07087582588102295,0.12791013814796098,0.17453564124149168,0.20322637016837497,0.21240168277328342,0.21108439346718186,0.21217076303423774,0.22310753992547705,0.24055931710995698,0.25203920479481623,0.24590107639654968,0.22188139016411537,0.19077108120635758,0.16563420153185773,0.15520037886286678,0.1602370426182479,0.17171047094436215,0.17647430268996217,0.16876915300214057,0.15574458281414866,0.14868827224007472,0.14875121772435762
0.10932174202098169,0.10985709381204366,0.1137177996163558,0.12400582569507947,0.13848150236051854,0.15118587612494075,0.15974286074393756,0.16418956033693563,0.1615505152043999,0.14931546549950986,0.13198634711279522,0.11779685510732793,0.10885574663339724,0.09632642528449913,0.06294625094944263,-0.012950056213010618,-0.15374923970367116,-0.3717600154763516,-0.6436640443734256,-0.88909161429034,-1.0,-0.922421788598938,-0.7046080650068949,-0.4508419294227755,-0.2413176039807035,-0.10047630762471403,-0.015529733564276104,0.035831541983425995,0.07082035573854378,0.09870083998708207,0.12325524105207242,0.14596935657307644,0.16680702142225626,0.18441416611303366,0.19871513670871724,0.21086685396682073,0.21892996125211842,0.21799157396847543,0.2060955111683108,0.18771615426964472,0.1708629991828244,0.16159018721242271,0.16025969586250885,0.1612650599369171,0.15875888718259704,0.1530899592585313,0.14801134487870654,0.14463282952406864,0.14208740656570434,0.14045844794507772
0.17746507940712772,0.1809601224600447,0.19109319398022712,0.20904319846872327,0.23298896847761713,0.2584736811490852,0.27661617723659776,0.27809884264780743,0.2618200598261664,0.23492806880548966,0.20503969917615014,0.17468790017624558,0.1399074780329363,0.09281206422728477,0.024072635089519977,-0.0791567847042971,-0.23216638505627002,-0.4417290522771738,-0.6873549898913545,-0.9041522099741651,-1.0,-0.923327172924307,-0.7136602630240816,-0.46648460985425644,-0.25913144258763954,-0.11831843148457803,-0.03360083119806469,0.019162216557388898,0.06097222414884969,0.10148018702349453,0.13977353980582233,0.16962425657113847,0.18431337583365864,0.1811783480587005,0.16567120450657735,0.15040714457009358,0.1461971806837985,0.1528038370910805,0.16090668324597812,0.16258004329014597,0.15632631651447407,0.14323613321401582,0.1242089057219955,0.10227714114438266,0.08401159908018567,0.07622254613061198,0.08182251889846807,0.09897157171967902,0.12128219337884899,0.13764583662577579
0.11572154389675368,0.11035301626361796,0.11239935925041354,0.13110824653346734,0.16366225030289056,0.19986503613708156,0.23018541666726547,0.24849216240004612,0.2506201427594959,0.23403926944925454,0.19825169677954627,0.14472271064406342,0.07686877059348908,-0.000557918538192398,-0.08557077759014889,-0.18639416950694565,-0.32297122999337585,-0.5110922387409303,-0.733783596909907,-0.9256999951975045,-1.0,-0.9138023057029178,-0.7085063389696215,-0.47147534882930425,-0.2658699190006275,-0.10709555476383603,0.01354217919739652,0.10523224789058756,0.17218571737047128,0.21411492458900755,0.2292518519203153,0.22215495660293172,0.20500958563110663,0.18792507437933345,0.17255640594139973,0.1564883262491975,0.1405877851718785,0.13134079238929966,0.13554406534749683,0.15345005726448815,0.178474230938407,0.20068440284844288,0.21129331000256352,0.2089493404802833,0.20041673234235866,0.19186716474945947,0.18087398115740885,0.16060803642517543,0.1326668968755703,0.11131170630134582
0.17950048996474324,0.17833885785548195,0.17220292174777413,0.1600203900921349,0.1438924453400111,0.12482979251237213,0.10291617908900008,0.08157015302233359,0.06847139416424528,0.06946333160296915,0.08188573254594958,0.09612540520759924,0.10315833702222683,0.09561973146630938,0.060221533539718194,-0.024518647281491765,-0.17872945341503663,-0.40531438065375386,-0.6714330986806617,-0.9003615036634406,-1.0,-0.9251429183179601,-0.7152530766814311,-0.461137468032842,-0.23781324590112896,-0.07262363464285414,0.0395817150125174,0.11229536020761767,0.15834980408339602,0.18826177929840504,0.20707021277090742,0.21455878231486888,0.21175636377617515,0.20448048847772318,0.19843306776811945,0.19391777117355058,0.18634622138119816,0.17056648488336415,0.1461856773381983,0.11930177688363257,0.09846887309178394,0.08960669756978656,0.09425821261999966,0.11065736819610887,0.13511952219296663,0.16270477441303616,0.1879113921273405,0.20641632819246222,0.21688210458372498,0.22097995374084817
0.31220520915089495,0.3269522882115014,0.34220298163936885,0.34061393309550614,0.31503326661858605,0.2733606261367323,0.23159718489650155,0.20168951189532464,0.1863342849676688,0.18296645568738643,0.18722239004825883,0.1915631347097101,0.1834485425826059,0.14751215989562777,0.0715806786222681,-0.049813466789940135,-0.2195878415861593,-0.4395043393473138,-0.6905904329204274,-0.9079900249912074,-1.0,-0.9159229495385908,-0.6911213055835493,-0.4190422922711256,-0.1878953583839259,-0.04002128903143727,0.02925020972784386,0.048154477776808605,0.045912430401211124,0.04350212755638342,0.050400204691278205,0.06333859391204545,0.0741098943737565,0.08080801181173702,0.08582548883709441,0.08685176139984614,0.08014100833180643,0.07012767088997833,0.06819147379983384,0.08204314981928391,0.10750584270019205,0.13014352202817034,0.13745566805639153,0.13019931654084202,0.11836823351434118,0.1091721894182771,0.10401972355972075,0.10316256031155445,0.10687751447492393,0.11164557835241398
0.09412877798408141,0.09075972553935097,0.09593118101108593,0.11488779228816016,0.1362968045371771,0.14400793409730112,0.13390241676149214,0.11655450707071525,0.10551962829988253,0.10476488230036338,0.10800712847382109,0.10754243468307158,0.09861517777851413,0.07546814869724462,0.02758418525812915,-0.0607243405898985,-0.2080868550587567,-0.42353576407957544,-0.6814488425694918,-0.9063731391688469,-1.0,-0.9070965135804409,-0.6605650064644597,-0.3566509011346935,-0.08999957088217794,0.09139058666500326,0.18868381136698364,0.2279334367681939,0.23603886117226217,0.2301518863484192,0.21791620836762943,0.20244137608535898,0.18564715677394308,0.16742485535756188,0.14513783617225884,0.11756040973260895,0.08958393951933814,0.06942329093864982,0.060690631079405644,0.06147676021602784,0.06996033402854525,0.08532216773525624,0.10456239766526632,0.12360872928853484,0.14100818992193653,0.15774561486984195,0.17422836364906238,0.18882460879584118,0.19925833020513878,0.20449042602488252
0.05022190112893501,0.046463192561585334,0.04318677236029606,0.04467853362600331,0.051218889119144136,0.06092395552090788,0.07377826126506967,0.09198165370872824,0.11769056563359041,0.15018880516128774,0.18388707839115956,0.2101142968997014,0.22061172763353112,0.20665474531646874,0.15618515146294815,0.0544011141259068,-0.11255376092145691,-0.34774252232419123,-0.6238928464972953,-0.8708168836993961,-1.0,-0.9624302732862192,-0.7836491240875791,-0.5384204044324388,-0.2985631378988518,-0.10353724198343561,0.03679435917298261,0.12627724757001096,0.1726963014504842,0.18768428094487427,0.18634077118904943,0.18121996070937185,0.17779110509317805,0.17691214414875564,0.17835741585300452,0.18151752954244,0.18660577877238196,0.19464637241766916,0.20399020940585474,0.20986000384199094,0.20893695313666036,0.20121604565749124,0.18819045929201442,0.17229693687551728,0.1563479388200772,0.14119443567804033,0.1253393321723594,0.10830924459547717,0.09300982066470213,0.08388490421121289
0.12382273305035989,0.1297437697625789,0.14109073512759068,0.15582779530244661,0.17192031062068705,0.1886336241773486,0.20378590595345203,0.21176565253951718,0.20820779909400103,0.1958728032764935,0.1820858016553822,0.17018065463440538,0.15559645308484643,0.12831893975110112,0.0748865040257321,-0.021613492381898157,-0.1783158491835622,-0.40035959056569326,-0.6602506896884858,-0.8880892197490446,-1.0,-0.95470048802665,-0.7825427030697394,-0.5561579735292849,-0.34037204169712565,-0.16818676393194967,-0.04487527795132375,0.03868890190257572,0.09414190321741607,0.12897374812291912,0.1464245042078992,0.1496691593404636,0.14415933844744322,0.13533844759877237,0.12646018336081682,0.11957788111143625,0.11723448164436837,0.12172582490838052,0.13222457584834155,0.14443657368739837,0.15522116985471696,0.16608420033073393,0.17962639072979036,0.19411241078106797,0.20482592755836085,0.21002794160484556,0.21193773219468348,0.21232849679209595,0.21112699178370464,0.2093778226905835
0.21553154874631908,0.21892755938215858,0.22245664192583023,0.22363267978481008,0.22451894182786492,0.22826458949356712,0.23361441338603187,0.23521060250657494,0.22705670092369243,0.20621342502736323,0.1735877053721632,0.12969963505884105,0.07271963843758217,0.0016046872332333754,-0.08419471328983152,-0.19081351511170686,-0.3320108999480436,-0.5173705950966523,-0.7303561402755577,-0.915769493504446,-1.0,-0.9417127122498633,-0.7658408979562829,-0.5407096878522564,-0.327831826461522,-0.15819707634549537,-0.039277442686653403,0.03404381386779972,0.07405881957723941,0.09510082423758011,0.10865887683642333,0.12266828437455835,0.14347433505746585,0.17414392075319013,0.21070331823185948,0.24440030679566194,0.26827364878427556,0.2795582529596158,0.27801299376746735,0.26605403526988064,0.24919730366285062,0.23132740837913315,0.21038888537924358,0.1830682801945889,0.152187191564092,0.12627446795221303,0.11296040560062515,0.11366356707359691,0.12254194061655722,0.1302853507363611
0.1585959859867828,0.15529041722194717,0.15051464725713276,0.14840862943216246,0.1524831287918125,0.16192824413623158,0.17282539267624877,0.1813684374481145,0.18489630724664985,0.18246434865171116,0.1752195966461841,0.1649368676411688,0.15144197848518415,0.1296953173529274,0.087125881503529,0.0032035571291742157,-0.14521532560957714,-0.3684431256495791,-0.6398469863478679,-0.882670123539527,-1.0,-0.9430759695329056,-0.7496180696792003,-0.5062704564297003,-0.284523583412736,-0.11467274221565611,0.0031285922079365303,0.08076147995440602,0.13077260701285706,0.1620195508990498,0.1798602240276164,0.18855755868667304,0.19246579922370244,0.19437007199729472,0.1943665092751561,0.1916372348398517,0.1866191986263784,0.18039545977574337,0.17217342390818705,0.15939019095885762,0.14137231306950832,0.121194743578193,0.10349067551176185,0.0922241313934111,0.09000311892431018,0.0961234301269861,0.10444138836296794,0.1072693212645773,0.1031960638664661,0.09810455731789618
0.11139732294336185,0.1167690979746151,0.12456613569149823,0.13110376161770815,0.13323713332568468,0.13023760149648358,0.12508918022182214,0.12295992372146998,0.1281762766772647,0.14034068950466622,0.15218032001329898,0.15428643494052355,0.14330568723539802,0.1208963088597684,0.08237175450253192,0.008700990142688462,-0.12827040250127367,-0.3451275965300275,-0.6175215499267976,-0.8678913254604682,-1.0,-0.9658563778626086,-0.7992907748677136,-0.580761187336029,-0.3780260705181723,-0.21961936891679637,-0.10554489643471258,-0.026401016221985856,0.02818514716768734,0.06885916178187067,0.1044581770876224,0.13866299543368998,0.17129120578524493,0.20265274765844635,0.23313852916650032,0.25964112290138913,0.27664214379559615,0.2811569135863463,0.27505170214419866,0.262359072972796,0.24558719733834372,0.22627682338887123,0.20828240150348015,0.19617931868031474,0.18899470016344466,0.18025797638771565,0.165737002206988,0.1471758639471141,0.12954346279021997,0.11855828181992077
0.08158792899881359,0.08937619317692025,0.10322465985725277,0.1153874971548297,0.11633753065584299,0.10541976259212543,0.09073936796322893,0.07840768342236995,0.0679114271547445,0.05633754475949048,0.04178520874427384,0.023661981592387544,0.0008645847192252025,-0.03187587833680748,-0.0852556703933301,-0.17361198554530818,-0.3120173618641466,-0.5061443304801998,-0.7316072842179853,-0.9229672797280191,-1.0,-0.9205598077908054,-0.7098640278094677,-0.43671224472880943,-0.1654935479892046,0.06910645892382941,0.25506075258684496,0.38816718224588537,0.4677280977333514,0.499482213554505,0.49611455600301935,0.47113395654495244,0.4312870578003013,0.37775660785772924,0.3139656530202092,0.24676152330912413,0.18097056828032715,0.11928034915495302,0.06839618360518135,0.03922300645765268,0.037003673827814255,0.05381007954414589,0.07352382280900267,0.08257864553538234,0.07651054116338074,0.06140432039930742,0.04917000147796536,0.04775663737862804,0.055451910278973504,0.06342424860011205
0.07968831160322411,0.09060497745097364,0.11039899577753716,0.13127936784447317,0.14327493455488635,0.14282208007985522,0.13362862761057012,0.12090142454795376,0.10922479473392215,0.10280989284519791,0.10275035554722053,0.10615255223041482,0.10959922531308545,0.10863840325518967,0.09068824726855702,0.030306724502076925,-0.10427825863436267,-0.32879752415341756,-0.6125483032054192,-0.8698241379897653,-1.0,-0.954359614959416,-0.7661356626418606,-0.5160217944326717,-0.276741744543746,-0.08614669641364604,0.048115490835982204,0.13372173798806938,0.18319679901764474,0.20986640228669143,0.22553187762083524,0.2373224121581992,0.24660896607932417,0.25158246821376595,0.25050164343177156,0.2425406800665619,0.22707566750308042,0.20419061480796186,0.17643751520397394,0.14879890242091676,0.12565547878842295,0.10856121488470387,0.0973361298361458,0.09099432171361835,0.08760376118456502,0.08643050139570338,0.08961406488925562,0.09890728904731527,0.11133065581165366,0.12016022662300471
0.11440164241249055,0.1299021660446741,0.14932250692363164,0.16189906835330417,0.16408275989399754,0.15880474540791426,0.15264031017787696,0.1504976910281235,0.1529310305665328,0.1581359030408718,0.16314311681712657,0.16373893580750365,0.1563832264906763,0.1387207195117689,0.10253791830108869,0.0245561555077938,-0.1267061837061324,-0.36184472546651497,-0.6428156924048526,-0.8855794063674947,-1.0,-0.9461781476453596,-0.7601415014652287,-0.5208673998108607,-0.2969963055409577,-0.1238619573557852,-0.01000592393047021,0.05269004036556793,0.08317009242426199,0.1024116030742963,0.12304592079845121,0.1474652122126681,0.17301177183997168,0.19535457292357922,0.20975939932837315,0.2138436053685192,0.2104793742657768,0.2060453386968586,0.203746695546857,0.19982627470204203,0.18756175881002954,0.16414336236127058,0.13436848785135858,0.10887615110846773,0.09747603092669622,0.10210133037740629,0.11561113637296212,0.12831933172734034,0.1356167003356564,0.13837515598987069
0.16487334038871196,0.16696978673633495,0.16934871557963418,0.17156507473333305,0.17483107608401488,0.18004301303863185,0.18625605886958715,0.18858328360168122,0.17986314085475075,0.15854078037620548,0.1311679256925919,0.10279416186768339,0.069937661442594,0.025146700776846925,-0.04108661650747533,-0.14482648727936306,-0.303215917720891,-0.51607770301048,-0.7496954456070957,-0.9362653097034915,-1.0,-0.9066082859288586,-0.693517944916892,-0.4419625776766439,-0.22120187354207482,-0.06171196103908552,0.03680821474146212,0.09180730140219165,0.12717969598051043,0.15940634040856588,0.19058694958904096,0.21463241732883698,0.22538966443193303,0.22317658480065367,0.21822552217780053,0.22171379107740025,0.23197942719223716,0.23658341048093445,0.22757634542415695,0.20705143325894296,0.17891691179630723,0.1448421872399513,0.10925234507413117,0.08153997405484205,0.07191969158328773,0.08557205425512264,0.1180587438355241,0.15620854141265564,0.1862646337064652,0.20155722163679543
0.04355387660613564,0.044071609160660816,0.04811589532848911,0.05726349136220028,0.06813070780452468,0.07323913885128404,0.06432936478952618,0.036983485358694584,-0.005234020539160419,-0.05190532879288642,-0.09240446930130747,-0.12252604442145275,-0.14661747208707,-0.174259538372881,-0.21640910592326495,-0.2874931552050236,-0.4053908814587402,-0.5763508616322883,-0.7743203426774993,-0.9384424350234148,-1.0,-0.9261664161920207,-0.7447000785626895,-0.5220786072858781,-0.31698814392159674,-0.15454487648607182,-0.03240570858536581,0.06331789789869532,0.1466395193874625,0.22361278247913494,0.29093844891995807,0.34356935100887326,0.38116599152532327,0.40687040452667517,0.42422355947222157,0.435870429571797,0.4420275013009895,0.4401263764243961,0.4281190670160217,0.4079586399594568,0.3847172741388698,0.3633158285213057,0.34550743419163193,0.32707814911020855,0.29969331829328283,0.259220808147843,0.21131272706565044,0.1675512165407495,0.13713780223892916,0.12257538946762073
0.22047059400544067,0.219033126053309,0.22006694510390684,0.22663415794963554,0.23787509059202444,0.2508940654125658,0.2639566868040921,0.27602111279830216,0.2838550480752093,0.2822797497752917,0.267220059365165,0.23775323906845808,0.19622901329957224,0.14444040007107894,0.07695613058617197,-0.022365920302559843,-0.17603019540563278,-0.3960057498206071,-0.6573837094646087,-0.8876921203208823,-1.0,-0.9545637491005711,-0.7873345855649162,-0.5732809425276821,-0.37138026347868136,-0.20649670508864118,-0.08322564844365186,0.0013901087476891698,0.05552380984160317,0.08864709372501675,0.10438153738371803,0.10101356806585747,0.07991737982544847,0.04905607143278638,0.016842274319790435,-0.01190599716998564,-0.031940968172899965,-0.036358759554956085,-0.022433628704166316,0.006661487301033012,0.047670935818936534,0.099514948559964,0.15856699880768765,0.21558613232091867,0.26015506342560757,0.28854339537080553,0.304319994689563,0.31167367814565294,0.3131231258353603,0.3121259205427801
0.16726997935458796,0.14824830805537267,0.12045192891882517,0.09744001066560846,0.09102778390362581,0.1047389561546577,0.130109351702761,0.15486822946499318,0.17270643395044818,0.18223775849912147,0.18019025348067583,0.1593281597773567,0.1140111174217643,0.04657874614769336,-0.03758492441870841,-0.14309924025479182,-0.2871470384333885,-0.48296757613706787,-0.7125404432077389,-0.9125692867005968,-1.0,-0.9274722085641041,-0.7193890041391916,-0.45408380565900325,-0.21141328585131838,-0.03163826819351002,0.0877039916886356,0.16572327390258731,0.21391115435121563,0.2358988601218275,0.24000337305540081,0.23959009468949066,0.24277459612157104,0.250500553233034,0.26042511964390264,0.26461715369648775,0.25033097460963044,0.21154540616806394,0.15685442977846825,0.10380850052530766,0.06713993321909077,0.05072275871654875,0.05006617616423266,0.060894189292077704,0.08182411664330289,0.11118471097741761,0.14411000521702808,0.17261494100794006,0.19052695532819397,0.19792679591047166
0.16021034085298697,0.16930607435843728,0.18317133315637865,0.19721004859595176,0.2089884780521762,0.21918459049834724,0.22907234879210572,0.2354726554911684,0.2328371196320048,0.22131698509408404,0.20740375917814138,0.19544924555982984,0.18128987743025696,0.15233908658636222,0.09112453524722137,-0.01956114197894032,-0.19145290022086991,-0.42256781539701843,-0.6815197232835108,-0.8999120028153462,-1.0,-0.9481161177116397,-0.7790964533778569,-0.5640057846896904,-0.3616859155294376,-0.1994175090505414,-0.08097751661955684,0.0007942296628480296,0.05699857870863449,0.09714541315177722,0.1241748292749576,0.13720877588919636,0.13985488127845372,0.14115150231866783,0.14701261516984077,0.1541792624941897,0.15505047695405272,0.14774510070684996,0.13806884416512988,0.1313340434482893,0.1277644459219451,0.1267167298701261,0.12978874286034187,0.13915058859293436,0.15543455278183835,0.17603731448802934,0.19523545807054468,0.20844606595650716,0.21568238519244412,0.21896156519135665
0.12239963215312831,0.1260790232585462,0.12843756849064436,0.12537311178921695,0.11821044507957763,0.11167067045758092,0.1077129585708299,0.10314620948112212,0.09434575655279887,0.08190463587679271,0.06831852158485911,0.052768894546080754,0.029582255156666418,-0.00969721423215843,-0.07394032011113032,-0.17289191854015665,-0.31799607086013804,-0.5143330039267995,-0.7403746733884355,-0.931801783320494,-1.0,-0.8900955012169961,-0.6281700217280606,-0.30642618013578743,-0.022597651836342592,0.17006970596780818,0.27113573076409087,0.30963762092581504,0.3170874063480966,0.314010964206504,0.3077841787530546,0.29596633470138534,0.274001336356073,0.24258965018397238,0.20783394508527703,0.1755279433655768,0.14822706867364321,0.12784654416026306,0.11679493977672578,0.11427447863668909,0.11480952246611892,0.11300113450714795,0.10762994260534396,0.09984965452722884,0.090473191281579,0.08140744858291332,0.07688615000904925,0.07980976210271436,0.08765617841232591,0.09406382389925819
0.12724665068923152,0.1381532289757004,0.1528723698430715,0.16466404067776597,0.17260980354001232,0.18048180816043813,0.1906852210484289,0.19935544953291173,0.1996727362720269,0.19041057063154035,0.17850306970966145,0.17175839612378732,0.17033972492759225,0.1635810975044103,0.13046405436789274,0.04393965461766288,-0.11866367616388507,-0.35903826357062313,-0.6398353696923523,-0.8824866580035552,-1.0,-0.9523746121370028,-0.7744611458072866,-0.5454476103207944,-0.33472500243961895,-0.1743020422844322,-0.06410304572043739,0.01042601760298197,0.06336135371957535,0.10197840366417352,0.12851870081546735,0.14504017411683848,0.15598128798769448,0.1657094271131995,0.17424543913134696,0.1779467698852967,0.1754348776409315,0.17033204600849203,0.16680472464653068,0.16446387812549715,0.1594523946216665,0.15040139841826983,0.14157470018894183,0.13842493073952705,0.1413559317219192,0.14576809409294664,0.14762653367291712,0.14753415145926102,0.14833364897605664,0.14998466516832257
0.08317747236616818,0.08496752347544231,0.08515121657799746,0.08152358163898346,0.07461044525603713,0.06535714366647526,0.053882347763690636,0.04060059784252461,0.026510995750216,0.011762583590890649,-0.00438661439690307,-0.02307842622179455,-0.04793153517188734,-0.0865704162658178,-0.14816414879181639,-0.24113279820452024,-0.37331855793997154,-0.5475380043443582,-0.7467732735757225,-0.9206040599531317,-1.0,-0.9439527881373571,-0.7730744303114078,-0.5515490038359304,-0.34003750083419515,-0.16668572541054938,-0.031862729380317735,0.07235966511693351,0.15191484186959045,0.2119888869428601,0.2577517164816919,0.29225301188464115,0.3169916099131744,0.33430451435799746,0.3470450592093535,0.3564445783730293,0.36224871111483037,0.36405846973709327,0.36171866858722496,0.3561690332888135,0.34939443841513457,0.34164991536091066,0.32959680168489564,0.308603101517434,0.27707783998914937,0.23903144255547082,0.20313293825853296,0.17786016723833248,0.16556866404155257,0.16195202890860835
0.12012237406804939,0.11723319152483587,0.11821884479645946,0.13189928447208463,0.15866696534576835,0.18558846030605894,0.19761199278175468,0.1918566826961282,0.17751342223113195,0.16520480907297938,0.1588607531860301,0.15418170398678863,0.14177859467479675,0.11120873778473886,0.05237484597599509,-0.04585024719334684,-0.19654446610866028,-0.40730714081510383,-0.6584610478464902,-0.8851172572292073,-1.0,-0.9546676100611287,-0.7765535990468686,-0.5412959035867486,-0.3187701866358831,-0.14460682988965054,-0.023175350494611852,0.05650283386204311,0.10715654407530138,0.1388745337578026,0.16014105118469746,0.1760885321066797,0.18490936228488997,0.18143753781811917,0.16665004466592068,0.14781438828232416,0.12884493308999204,0.10925582968520178,0.0932723333038715,0.09113183724712497,0.10833959220453108,0.13920306514945865,0.17300493645832027,0.20087508737599705,0.21730671306839539,0.22324180364773358,0.2268223190451168,0.23520900354531146,0.24740623920731417,0.2565404549379525
0.18945717046233013,0.18184771088898868,0.1851946711738404,0.21351886191598002,0.25798704579894505,0.2966100114392199,0.315665934160927,0.3142483451862855,0.2958490670109306,0.26451470693069196,0.22447038883873008,0.177581539088315,0.12133779141427926,0.049251120050257086,-0.047777920592208124,-0.1772327340593675,-0.340639036089907,-0.5349517363996398,-0.7457016157465851,-0.925716956671605,-1.0,-0.9211225158607232,-0.7150674665284383,-0.45761969171365174,-0.21791768388097502,-0.03205141489639374,0.09178237829560017,0.16356133378427104,0.2027888868216561,0.22606344224769614,0.238895939829078,0.23916233672317389,0.22434012080341253,0.19444473300328072,0.1519342965798305,0.10114499574271354,0.048398546785535346,0.004358698332567941,-0.01593796944428844,-0.0029066837017830893,0.03648891213820916,0.08358325351208902,0.12284797850563366,0.14681709753801647,0.1534337458949317,0.14619597846097987,0.13260008580069407,0.11959698471500017,0.11111118628618079,0.10755812942529487
0.18783322360782298,0.19093404079992538,0.19675006269661016,0.20443520828787806,0.2113354918288569,0.21429736318827683,0.21284016515793464,0.2081862708901123,0.19936961185878116,0.1836884333781754,0.16181581313610158,0.13859039737916354,0.11521933387195424,0.08178864105952838,0.02036215345145007,-0.08500472198812185,-0.2433053609339386,-0.4545529469469742,-0.6959151692273632,-0.9050792881774669,-1.0,-0.9389383921468902,-0.7562336613984115,-0.5294149175594216,-0.32201477062935524,-0.16041749818625925,-0.04390153797489962,0.038981053933822014,0.09919116010688815,0.1426216292852268,0.1724915062095693,0.1930424012149764,0.20781693490523265,0.21698257022808487,0.2204894680118177,0.22122672254758274,0.22139956578579753,0.21882277076488307,0.2096576687525582,0.19297748516701965,0.17178895511446296,0.15005379628488102,0.1301179816210478,0.11443629716710237,0.10686039599132613,0.1085968556928166,0.11482277242302588,0.11886357262251158,0.11876613878650846,0.11732435195938856
0.14542908315015765,0.14483690052138457,0.14223536903079337,0.13801073730031857,0.1363824450115153,0.14098346508697046,0.1495169086808697,0.15555075122540665,0.15487577669266206,0.14855590670615373,0.139493805518246,0.1268790481462231,0.10492612589501939,0.06578940852026323,0.0012445562985150336,-0.09888434025122167,-0.24681370970494093,-0.4481826501929426,-0.6832224185684193,-0.8929268797472881,-1.0,-0.9645143341432624,-0.8159256282909462,-0.6208803179523041,-0.4308105153391291,-0.26552039305847036,-0.12679075723032404,-0.01197112943666251,0.08085314410130216,0.1526274329363578,0.20405420052101184,0.23573638169486646,0.2502479188700777,0.25407944827979057,0.2543903428422421,0.25369565275569345,0.24991279961278096,0.2408106311179252,0.22693649338189043,0.21174238852015853,0.19993184154091936,0.19493734796561418,0.196802076938791,0.20240217111469677,0.20908937767332736,0.21670550329189261,0.22350723978437628,0.22440404160477725,0.21797927012734897,0.21088708145557147
0.1691220412922451,0.16679482503480522,0.16471044189913167,0.1673067544885257,0.17591748259892526,0.1864371755481645,0.19356069550771676,0.19467193906970243,0.19013668962662264,0.18195221511411774,0.17203576022615252,0.16064549818563886,0.14415897282362283,0.11364894226279829,0.05648203229951242,-0.04169317001459716,-0.1952763562290994,-0.41023833434460377,-0.6638404014877956,-0.8893116217699235,-1.0,-0.9515160655237627,-0.7778193213274409,-0.5576905056342579,-0.3557815913539534,-0.19756470107726565,-0.07973307579490009,0.01040860894508127,0.08183394333355261,0.13658379996421424,0.17349524476139053,0.19309956068674072,0.19969700966951692,0.19935828720548365,0.19646153769623692,0.19257896894381193,0.18774303026833805,0.18162330836940768,0.17371232347744242,0.16354734659705208,0.15178210048860125,0.14134103755476904,0.1368462559970414,0.14174546614149683,0.15502972403149565,0.1704403354008022,0.17984923666879551,0.17917228469394872,0.17163503225843768,0.1648992354262607
0.11449742144295534,0.1148323768402034,0.11925590365557436,0.13014619417826354,0.14495906124828917,0.15896331232633473,0.170159876391108,0.17919265954081018,0.18532466838760064,0.18580059169281588,0.17933880902688573,0.16677449361765964,0.14711583879114387,0.11451958670582932,0.05802452505444297,-0.03797125551394981,-0.19033121212003795,-0.40584145011575673,-0.6612969137436836,-0.8892123853788045,-1.0,-0.9442519195399867,-0.7548715327320603,-0.5171160467993461,-0.30429499020988804,-0.14651482197797122,-0.041176475258635284,0.02665037929477237,0.07230498096903774,0.10668385941945188,0.13486851490161994,0.15713598696148837,0.17219842536060315,0.18100686496251622,0.18703062915088253,0.19270106931881412,0.19761878394615331,0.2011010527170994,0.20392774702144406,0.2064721900865826,0.20744479494068507,0.20488001256234634,0.19692668745592862,0.1831878644180731,0.16690463872288006,0.15366468259793067,0.14634041809734732,0.1431578709081314,0.1414001503225553,0.1403660803538595
0.1479335373502382,0.12984794672826888,0.10270449269058414,0.08003976206805401,0.07288778125606699,0.08483416734891058,0.11095609500205256,0.14008843833314547,0.16000043643915315,0.1639398347661479,0.15418178311175715,0.13860934547305273,0.12285618861813072,0.10402861824701347,0.06829791187761144,-0.008255325476827323,-0.15260930892387722,-0.37576640038393594,-0.6469343333808075,-0.8862558118225394,-1.0,-0.9416238012277148,-0.7428963496059166,-0.4849053562371719,-0.24361972136131288,-0.05865767202783452,0.06410581401147034,0.13560253808717304,0.1713639923070229,0.18706949662957914,0.19544712373841452,0.20140606568930436,0.2008554734708908,0.18831279695226194,0.16611486465817926,0.1445253482257329,0.13375572049432577,0.1372724105553574,0.15186046988328647,0.1712562733144953,0.1882975230735877,0.1965444027300365,0.1931540378258353,0.18003928726837662,0.16209046645991174,0.14364864776548245,0.12645669835328222,0.11251493761167612,0.105089238221093,0.10353411381097498
0.173524492735223,0.1899978091596028,0.2074941360552164,0.2120975791786326,0.20249102059012916,0.1873498178024334,0.17899952587028617,0.1871608443578253,0.20974831584412265,0.23044095423465424,0.2314467066369893,0.20550592394231373,0.15388702709106197,0.07995840247279379,-0.012972034147159223,-0.12635619346315385,-0.27401115080033833,-0.4722656182324956,-0.7064888242454682,-0.9108266654750955,-1.0,-0.9323914715698279,-0.7393238194219552,-0.49527511875865365,-0.2690815681685855,-0.0978005009135682,0.01252653750157244,0.07473487575166213,0.10928113215066389,0.1352424481851573,0.16148440067868128,0.1836503417866488,0.19325216153558394,0.19010057888664775,0.18363472578370008,0.1824933953005002,0.18575101367727812,0.1861700312141037,0.1788272867067633,0.1625283219854612,0.13734039325560887,0.10909957131035483,0.09206872315948045,0.09588877598514099,0.11319442760286874,0.12922675428006744,0.13843701983829157,0.14332460313864256,0.14476180062275285,0.14367108888738434
0.2586332594190643,0.24603006973911587,0.2291193284772306,0.21854529417928625,0.21825253396065222,0.22227528767784066,0.22115391946951912,0.21030774167587374,0.19313872393359408,0.17717522300241262,0.1656092016257458,0.1537719009018745,0.13427186971671837,0.09999697115287377,0.041689690506014884,-0.053934828947418474,-0.2036645856883604,-0.4173858546697613,-0.6725426924110798,-0.8974730777919511,-1.0,-0.9327477641645503,-0.7313464446730933,-0.48359992041413796,-0.2669663065035001,-0.11430229701831897,-0.020455359647373144,0.03524641557772629,0.07114684441206974,0.09418764376495782,0.10169773946050588,0.09251018495076788,0.07428983489947141,0.05819150455084911,0.049595018647507934,0.04726564980830345,0.048936457947584236,0.05412848770034457,0.0639129906100905,0.0798044609633984,0.100824237373949,0.12359615394784908,0.14720886417034595,0.1733976806532069,0.20116426303339693,0.22734888390619193,0.2524002109737818,0.27916271785176733,0.30555604711069434,0.32287582417696836
0.017006835366766653,0.01935541459417434,0.02543200415240415,0.03700262289170128,0.053167484356201875,0.07030874478702367,0.08574373742301068,0.09976732937075818,0.11384507715968607,0.12629502045507787,0.13016036120714625,0.11803882096134359,0.08920213356348355,0.04731701496813414,-0.011605220941533597,-0.10485673091776447,-0.252421109801792,-0.45862230568942375,-0.6960204289524459,-0.9012442967144685,-1.0,-0.956531661377106,-0.800587750832397,-0.5988187851680972,-0.404885868914563,-0.2396350830840493,-0.1028127874611278,0.011442010115819518,0.10727268485036928,0.18593216916056776,0.24891635566863574,0.30024823626097424,0.3436468948574313,0.3796043413453927,0.4066715059019982,0.4251193778504173,0.43794697653572845,0.445496065669679,0.44139840998287966,0.41750556452708476,0.371379533256809,0.3088372169864856,0.24102046636603427,0.17804855081640789,0.12390645232082936,0.07806440847306845,0.040869596807301505,0.014104356702749501,-0.0022143572113499797,-0.009817388647457353
0.11926983282354132,0.13016708507246397,0.14611235588471674,0.16181230922482576,0.17538643944717006,0.18676719698513802,0.1955953784099281,0.200111799551046,0.19903109505563912,0.19433769380297822,0.18945908020545374,0.18441927192059018,0.1745606519355552,0.15148780870339648,0.10179591433277652,0.007270374609395016,-0.14968626344376607,-0.37452264778450434,-0.6411864643658207,-0.8794298870622933,-1.0,-0.9554735079815772,-0.776656366038771,-0.5424810190036982,-0.3226463740831541,-0.150505862260048,-0.03044332336583122,0.04755023764858735,0.09880064707612043,0.13684533830789652,0.1686226908001929,0.19514906894329173,0.21436963665659306,0.22335423910661792,0.22101749367358386,0.20940373098225556,0.19193104427504515,0.1715993077745489,0.15099164214901833,0.13282761233908197,0.11978774819702187,0.11349490467235501,0.11362398555404885,0.11763181082128372,0.12143488189122954,0.12154572421020796,0.11730640907690512,0.11088887482898084,0.10520106799532764,0.10206933044465544
0.14060158054357696,0.14321977217661166,0.1498377767634215,0.1622080035575733,0.1795981963871199,0.19744246436582966,0.21163234971029588,0.22349388256358585,0.23842655075144037,0.26019284028586404,0.2861280417428434,0.30550666788605113,0.3031830843639256,0.26588649207713705,0.1828878552863121,0.042714884371681076,-0.16263224421038963,-0.4230066463454036,-0.6961343732732331,-0.9113868802956204,-1.0,-0.9382482718691484,-0.7650512945931002,-0.54867355058556,-0.3368165403174236,-0.1428361136710989,0.03250487800122778,0.1818679215217824,0.2925063911012206,0.3554231897056601,0.3692854870709125,0.3411209725808716,0.2852032893666077,0.2150541367115501,0.13690343625248697,0.05674273689581648,-0.010881839926141987,-0.049188774247223295,-0.05219819220337225,-0.028763863155337202,0.0038518521285228822,0.03256726113710958,0.056831579853126826,0.08041767136476007,0.09803963040073077,0.09808047630732326,0.07700423651806988,0.044757943053677286,0.015625188638724374,-0.0009301367503983793
0.16257873712966797,0.1404568993598799,0.11495300479632603,0.1063506158843841,0.11952728380205303,0.14751214633716553,0.18294762574440798,0.21603396914741835,0.23036701396420073,0.2133610807111655,0.16858924484093607,0.11059563258437453,0.04894175583688944,-0.0190376601595514,-0.10339754469532948,-0.21415288465533233,-0.3581200097947343,-0.5374995109764349,-0.7388131267326425,-0.9159107147210137,-1.0,-0.9487269942533072,-0.7848585895399834,-0.5774539167651962,-0.39085912097121484,-0.2543927527039295,-0.16508284065080797,-0.10286903401584697,-0.04397460446669452,0.027320704859145915,0.11118292062625215,0.195503184061629,0.26744143816344007,0.32235668288926894,0.3627473503153339,0.3918979868981055,0.41065570054565953,0.4180873848223109,0.41248193926153726,0.392727559738194,0.36021286600780306,0.31749004372856793,0.26588642075660956,0.20901183968078843,0.15734981560370603,0.12333874025204153,0.11065707461002673,0.11101287657480412,0.11296091917387342,0.11261084639405236
0.13848921171183728,0.14614588072436713,0.15916492371013846,0.17416549108459542,0.18819774699268307,0.20078035799408947,0.2131408394024557,0.22418927577804387,0.22959237630019294,0.22595558888434414,0.2142586823531855,0.1983012480171287,0.17930080623194938,0.15038307442253782,0.09617871584105366,-0.0020265577216988383,-0.16046869673928368,-0.38430578936122267,-0.6490556232644391,-0.8848966747207425,-1.0,-0.9454889030821537,-0.755594380070029,-0.5138489563091136,-0.2910717211572002,-0.11912850721908202,-0.000789052531762386,0.07391203701676907,0.11848880088473501,0.1460091942734459,0.16533536900536683,0.17862050151942127,0.18367597949057157,0.1789180136644641,0.1659396261189812,0.1484765056344443,0.1296705573227213,0.11120700887224247,0.09553947699534406,0.08684816906579179,0.08851316628096019,0.10010030404750155,0.1160973856977138,0.1285591855825488,0.13329902940100377,0.1322742491393258,0.1290324171587218,0.12456007116756283,0.11891003239681792,0.11444356199167012
0.05449164690475092,0.057642999283247176,0.06806568423536849,0.08523298702490696,0.10572783494558535,0.12890302922357708,0.15385351750855164,0.17719400728381599,0.197377197286311,0.21603665418084858,0.2332940066678331,0.2447307332563957,0.24435405334109372,0.2269103143492132,0.18199958214772624,0.08751796288047645,-0.0819779358463119,-0.3319149691441284,-0.6251861930087825,-0.8791564973331414,-1.0,-0.9444745188735665,-0.7513913537251948,-0.5055744765938444,-0.2778600558621614,-0.09941168406726979,0.0264371666630214,0.1059651688058848,0.14979591777461912,0.17352000792835748,0.19168991454824919,0.20900929321066986,0.21986719087423487,0.2162289971584379,0.19655377880689864,0.16925129504733213,0.14652131095714363,0.1341852041062189,0.12903751351369877,0.1244323913843952,0.11525106978474838,0.09880391512960485,0.07653644520126264,0.05551992382813559,0.0442251428159727,0.0473469077684331,0.06465031688562554,0.09074705399581229,0.1162428315832601,0.13179671616268274
0.06369551257423402,0.08198105636899458,0.10944871573498907,0.13809366523450362,0.16417976687327923,0.1823198768174265,0.18483498803969262,0.168478366962239,0.13800367454365411,0.10479789935134154,0.08174746385658953,0.0726499710938831,0.06614807857356284,0.04362734702498384,-0.010786906580900122,-0.11111366301529736,-0.27154646383849607,-0.4944520166131127,-0.7464502587937911,-0.9468472219516793,-1.0,-0.863047031244876,-0.5852324133998508,-0.27462330128761425,-0.02597469172122921,0.12490516435855452,0.195129305031151,0.2211531235666679,0.2298553552087547,0.22967974991425738,0.22163210208559467,0.21171660043971022,0.20706511532346072,0.2075633887983404,0.2092497675353988,0.21100764562037302,0.21309728087976365,0.21105137058084103,0.19633761921493476,0.16592581699766112,0.1274733499016914,0.09322017188539418,0.07205078518629349,0.06637585456911593,0.07132313293123675,0.07598591926170528,0.06996480440071992,0.051843089995167985,0.030235638852659,0.016225432858025152
0.11046996491424528,0.10603209257867584,0.1037772645603065,0.10805376234605595,0.11769805096293613,0.13067569099648524,0.14744235752016485,0.16779975498327807,0.18645806340930393,0.19579433202320637,0.19514034353771564,0.19387251905686892,0.19857934498821184,0.19780185258575622,0.164777604496506,0.07088386981390912,-0.10442288862664986,-0.35921945840277214,-0.6504038775568354,-0.8938259969036605,-1.0,-0.9309746533384292,-0.7297706822391076,-0.4864616683793134,-0.2736234796978605,-0.11537754703739148,-0.005685366360836878,0.06435065775224862,0.10203442136144766,0.1200247210802846,0.13352274004343878,0.1504804028703124,0.1680920885878546,0.17876828847688425,0.1800385682898162,0.17716747275092862,0.1744507004143745,0.16891015778464338,0.15656938906661333,0.14168504864503426,0.1354000831666111,0.1433088656704174,0.15697789531447245,0.16142370101576023,0.14976232004474502,0.1281628771613682,0.10757750180560531,0.0933411574891678,0.08400934076652504,0.07845035021067731
0.15729328729106587,0.17370463750075807,0.1954570162795516,0.20835008885365702,0.20576698623848885,0.19349415691336377,0.1830325249795497,0.1822899736615807,0.19287617265211793,0.20911133445496577,0.2181204009599391,0.2068041727979749,0.16861131658584758,0.10206252882172907,0.007797175766541095,-0.11349816098980652,-0.2674311609758006,-0.464235288608526,-0.6941235173732998,-0.9012411704823178,-1.0,-0.9375432130869327,-0.7405164510713446,-0.49193890598165524,-0.2677121068475468,-0.09898558876651153,0.019468178699395197,0.10242822425277265,0.15882063499437626,0.1927512338827078,0.2071068019997581,0.20179809375856086,0.17430210640443364,0.12750038230764146,0.07617126450783433,0.04182970914123902,0.03774846268408768,0.05921301364220225,0.09092572207970753,0.12234688729607793,0.15263421840855862,0.18223859947965873,0.20486371376594348,0.2111614591708646,0.1988957560342001,0.1765881572360466,0.15768955698950138,0.15173160571489228,0.15799556523271327,0.16624444274343758
0.19504089691631651,0.18644887152196163,0.16733831514359002,0.13957621234359716,0.11239541869237628,0.09636338512604634,0.09410876731678333,0.09865495188400844,0.10179514180184691,0.1031217435957089,0.10819902796235514,0.11957515529533785,0.13284097578927287,0.1368907529679872,0.11149300607886937,0.028866681492550953,-0.13271872744720606,-0.3713219114218954,-0.6486216315230521,-0.8875967939771713,-1.0,-0.9439667724578006,-0.7566741469889845,-0.5219736281464769,-0.3114942589605324,-0.1544167075769608,-0.04539221916758556,0.03246632038890304,0.09278930838117289,0.14350472344396736,0.18672432065055336,0.2167652744938011,0.225151767931411,0.21252159572506643,0.1899974336115032,0.1674809812611069,0.1470331114140752,0.12885884333990502,0.11768788907326377,0.11825955945231713,0.12815333646792607,0.14047908828014904,0.15120877485397277,0.1609342718459185,0.17235881185576393,0.18743378235327837,0.20560935329917748,0.2245166396891102,0.2408771204180335,0.25065518550867977
0.1275258863054669,0.1368329868624274,0.1495884006681995,0.15724904790528618,0.15449519089582686,0.14397211512851513,0.1338145853580072,0.13041850284270384,0.13355192127902857,0.1368852384043443,0.13363488724422182,0.12264523524854716,0.10775654509265557,0.09025528893160965,0.061684468573413725,0.0002752995034124112,-0.12618060533298533,-0.3397003420832762,-0.6159966990706598,-0.8703577579215747,-1.0,-0.956062746773304,-0.7746504328773421,-0.5393505083825271,-0.32191515368999474,-0.1538520420632027,-0.03394691987945642,0.05164949423742964,0.11559871845528243,0.16566187581390066,0.20531129993384994,0.23491216439915868,0.25327216286217624,0.25888318682502537,0.2513684931616571,0.23335720407479713,0.2107181435162467,0.19030069138702155,0.17694568562398924,0.1715517805968978,0.17107434949343547,0.17048359796983872,0.16534424949377918,0.15401875925062739,0.13857773130720083,0.12255988029134508,0.10783645941940184,0.09509267158705818,0.08577080536698674,0.08113820276355109
0.16151894158381894,0.16597623040950815,0.1721976561108213,0.17599713073002743,0.17493822764850284,0.1701525881144608,0.1651289872905259,0.16286767244760847,0.1623469772383542,0.15852285169164676,0.14727872084327823,0.12911550813422737,0.10730319067229686,0.08163984966834698,0.04188651275176371,-0.03398697859721928,-0.17289959925494364,-0.3882350762712981,-0.6535306091013285,-0.8902198468957089,-1.0,-0.9337837567919289,-0.7302362337819832,-0.4793089569804758,-0.25723643327482243,-0.09624486597192297,0.007307671474029656,0.07196419033706142,0.11439858852798605,0.14317812460907284,0.16156001593459354,0.1719669942740482,0.17661235424734437,0.1768550756751421,0.1742473943245641,0.17097873655526558,0.16888013412990174,0.16896668176867366,0.17144020935130505,0.17499986880332458,0.17637900933247913,0.17190967691728637,0.1607998535419076,0.1465615865995698,0.13441526182239077,0.1273924724929795,0.12479027922859287,0.12351906506357582,0.1211320491361447,0.11855601743920482
0.09008345211498085,0.10694157246855036,0.13621983231616688,0.17006164426439577,0.19915963819332475,0.21633718529108892,0.22092992835823405,0.21763458501443544,0.2099207759704825,0.1971832041095612,0.17756022498997495,0.1500301822100495,0.11376505784244785,0.06682483760708365,0.0033071737165223792,-0.090807515693524,-0.23605652381991052,-0.4441217468281847,-0.6919887539680437,-0.908064790150371,-1.0,-0.9190873774348773,-0.7002881287431809,-0.43252320120510485,-0.1967026106287586,-0.03124781792221092,0.0644845524065513,0.11026771291924624,0.12780151013870591,0.13355499528344608,0.1376493764946974,0.14444297976380815,0.1550462482056282,0.16897872680646464,0.18330645429616924,0.1940074839143751,0.19883601717847726,0.19651606152931203,0.18656711829060663,0.17226403388813274,0.159056817647103,0.14854023961297105,0.1370033548482707,0.1206091419343845,0.1015845255276972,0.08896599650540647,0.09076222684215214,0.10477200219199247,0.12046973291557284,0.129441862785696
0.22395139140624545,0.20092187635753683,0.1733298989157558,0.15930851453129802,0.1591202392821908,0.15933199823663508,0.15006205468643674,0.1321581521433483,0.11089441382838511,0.08991380677297034,0.07070713917594744,0.052254679323492814,0.030289570971738077,-0.0021714475817103127,-0.05524167299659049,-0.14245160716011943,-0.27740967321929116,-0.4663173702817369,-0.6923526866035666,-0.8981258037732304,-1.0,-0.9459862724532502,-0.7601899631715608,-0.5195494640580266,-0.29479049401652024,-0.11948549200905914,0.0028982140124646054,0.08264718951571318,0.13338941908691757,0.16646024126470038,0.18915919368807815,0.2063599784782176,0.221667086310436,0.2357491108698439,0.2446627936524662,0.2413217678611155,0.22168181958914754,0.19190133420571467,0.16715020954187862,0.16108768580515948,0.17601790659343688,0.20233412666247838,0.2266449500828346,0.24017515115462099,0.23999457697626922,0.22637233258079606,0.20313692824342885,0.1777057874928637,0.15724318432574397,0.1460672236983542
0.05291269713667767,0.05659370142694112,0.06442357889492924,0.07378700729629735,0.07927012252462295,0.07898654793742863,0.07810778395938187,0.08249479603498872,0.08991321045357471,0.09107806072831137,0.07875441521039679,0.052826832914563374,0.01789583282657385,-0.022023069729668464,-0.07165523581201742,-0.15092503538376784,-0.28590004395435537,-0.48464693508827816,-0.7168928226792121,-0.9143744622307577,-1.0,-0.9348160046462424,-0.7431534255053932,-0.4893913764793123,-0.23473317334873642,-0.01588812860841445,0.15219311354081871,0.2690941987514354,0.3440828580818058,0.3894502029473043,0.4147068360525511,0.42702133653889807,0.4318474970028474,0.42963870306434576,0.4151942966733541,0.3817674493620959,0.3258878670872398,0.2515016906386092,0.17158755555570765,0.10356912250578425,0.061140750963571106,0.048787744559261326,0.06081733718746828,0.08456351201820811,0.10569361405703623,0.11176951970465916,0.09579217727076983,0.06201546208492059,0.025807377926806978,0.0034249025459684923
0.11605621231999867,0.11224605374789967,0.10809645048635999,0.10718007327918358,0.11293185368898735,0.13127320253386796,0.16790017232097745,0.22054010137518812,0.27562661320409904,0.3133938626609874,0.31869508684613657,0.290549076270837,0.2403924295194125,0.17846111116031624,0.10131697560424109,-0.008112182381831637,-0.17032167283843383,-0.394297372425298,-0.6564041406534282,-0.8873072538984996,-1.0,-0.9537050863840761,-0.7871179202842292,-0.5798385096803569,-0.39095146809212666,-0.23903647078014945,-0.1211501131048545,-0.032136590332867365,0.03152604141198143,0.07466259365829657,0.10395468952204034,0.12536568642723042,0.14233538213945623,0.15623849509235088,0.16768738653126916,0.17730138101910148,0.18512174454946995,0.18997680445162654,0.19032797299390072,0.18559510723123657,0.17687599691143369,0.16705610512289082,0.1596552903240948,0.15650576181235895,0.15649292872729956,0.15763047661761123,0.1611610779632078,0.17125121168890547,0.1877088344076788,0.20128853723421775
0.14484343586738116,0.13577342625915678,0.126410636532527,0.12595344677308454,0.13293102694238826,0.1358875018642678,0.12456447374358925,0.10025207388807866,0.07574908917090391,0.06275755107431778,0.06159173168012222,0.06507441811139117,0.06731969494790412,0.06271208570278383,0.036224809624421955,-0.03888435322640213,-0.18758676501785893,-0.41207428883927033,-0.6744903689790951,-0.8979956997508874,-1.0,-0.9427509816709146,-0.7563371965109176,-0.510571998955908,-0.2700095458268572,-0.07368707879140607,0.06410889198608805,0.14897818861450807,0.1967965289397244,0.22309997654031372,0.24101076494707813,0.26171055429337714,0.28925847736226806,0.3181816015901734,0.3388389657330288,0.3418585342021324,0.31995988593357894,0.27275381477116967,0.211594251488163,0.15586905102064336,0.12016177965686461,0.10350184907300793,0.09280713923796557,0.07790911807841792,0.06139768886069601,0.053925951168495,0.06332118475063582,0.08850213700849383,0.11954943577653891,0.14124710435383686
0.08548880450433749,0.07791153673408788,0.0712089165681466,0.07525503709653819,0.08998746570902082,0.10433172527514158,0.10699522309778177,0.09465507703613948,0.07165259693212495,0.04516817941777999,0.01907317212072414,-0.008643779173322886,-0.040789378081332185,-0.07634833522010287,-0.11756398808648369,-0.18130946411570578,-0.29470110864142557,-0.47225838646028934,-0.692562929985485,-0.8937281893903419,-1.0,-0.9708899995288156,-0.8289656079470089,-0.6346538016783666,-0.4408633824022231,-0.2740573717912779,-0.1412553453748104,-0.03861448052953718,0.044549107998138854,0.11977729972156724,0.19444430664539333,0.2723006649403771,0.3536970007168538,0.43227676512076235,0.4954238141832409,0.531944434341253,0.5389069103384363,0.5202055509219891,0.4808812070628399,0.4258479606041399,0.36294223368163514,0.30172738558561857,0.24702701611069547,0.1972586274102129,0.15288665040262853,0.12221719360940346,0.1116492912394106,0.11507550325233129,0.12085550904808752,0.12358338097969034
0.2652760491766908,0.2751003630670788,0.2891411559711939,0.29980467284218254,0.30446597598686703,0.3082420979959046,0.31568513687252725,0.3219569038563372,0.3167025044638048,0.29389157296178164,0.25528109672861243,0.20702081266184913,0.15427731485165516,0.09561295682376453,0.019819541942689718,-0.0916795178075886,-0.25692250551584295,-0.47855965516903143,-0.7246092461315198,-0.9241019708526919,-1.0,-0.9254157152657074,-0.74569609496004,-0.536601298334145,-0.34779695074423705,-0.18985556834434084,-0.058508673861429016,0.043445953361314994,0.10483814803459007,0.11838582852506001,0.09256511863823705,0.051010392211371026,0.016436663157165094,-0.0061602130596398845,-0.027159675701887057,-0.053206585664887215,-0.07554734085784337,-0.07847397523085883,-0.05494913566168944,-0.011427596701854417,0.04077336868980551,0.0953652201283225,0.15242706890259858,0.2114149488410659,0.2649518237504179,0.30352563594170623,0.3254684222380795,0.3381610939312975,0.3488543381591129,0.3567695391521491
0.17310846257924725,0.18581493260776202,0.20701030825191225,0.23059198431523992,0.2515727116220552,0.26591375985254145,0.26950626445641707,0.2604550881250811,0.24163144407612994,0.21800691344047232,0.1905226807540264,0.15429433032641862,0.10213793953578434,0.026931128696563826,-0.07734370481326053,-0.21339405553147295,-0.3805646432067313,-0.575012810129455,-0.7794057792662904,-0.9449842590291103,-1.0,-0.9028907056908009,-0.6866965090711248,-0.43645447974036194,-0.227444699174203,-0.09028446764938147,-0.019027318296781996,0.006672329368329643,0.007864722481856878,0.0016704578957709077,-0.0006538010750712045,0.004507381873001057,0.013452501145727276,0.02005408397452107,0.023568136502479745,0.03197839589791032,0.0547330516071543,0.09314539940336318,0.14236323737938697,0.1999712003647481,0.2647061487362687,0.3276213662553134,0.37333978634059906,0.39078250510023665,0.37812923935693893,0.34041034122400216,0.287670277081911,0.2336783802105534,0.19144914477249406,0.16889119706182737
-0.09864200541766838,-0.10397849368285207,-0.11104397065969782,-0.1124717363480278,-0.10063420889389499,-0.07275913080580243,-0.033564927286894586,0.004707514306883228,0.026504428583321245,0.023180811947557646,0.000710794554377683,-0.02552360372826671,-0.046646135802632854,-0.07150979103609309,-0.12019915257002375,-0.21041335268954608,-0.3524031295223038,-0.5449403526976012,-0.7615138247607759,-0.9395863637608403,-1.0,-0.8984904617962599,-0.662526272147249,-0.3701265782040066,-0.0958668775233055,0.12077816693414856,0.27256195631377816,0.36954453516708896,0.4278293727281891,0.4635642743478803,0.4883153322802281,0.5046565130023577,0.507140314316275,0.4903653991950403,0.45468719140198105,0.403440950517672,0.33986946140988045,0.2686688117804759,0.19789288811936873,0.13935135656563585,0.10411135527235894,0.09373783718968502,0.10066031365165903,0.11770876343449,0.1396560137921535,0.15706473650084654,0.1585234215353122,0.14163376890890375,0.11678163514631641,0.09919245042987761
0.12928992901103684,0.13816815371111682,0.14930195139399918,0.15764162368957588,0.1623781407404762,0.1641922504887692,0.16381925870793435,0.1608374810207321,0.1536053695171102,0.14103735964605305,0.12152947223274335,0.0905831105134125,0.04354856841691518,-0.01984902627687344,-0.09845137324769007,-0.19868384185920462,-0.3360300193521897,-0.5208459494964631,-0.7354406383521714,-0.9208635375753754,-1.0,-0.9350938261424626,-0.7592009672521094,-0.5426405021934987,-0.3414619662483956,-0.17749060610059333,-0.04601863127939479,0.06600621114128903,0.16381899991630916,0.24254598501569039,0.29710136744696375,0.32936228157446046,0.3452739675336395,0.34910328922228,0.34254869059402093,0.32746798604618904,0.3067521591339922,0.2823873875927568,0.25526607494713244,0.22806129951954696,0.2047703283287358,0.186135610851208,0.16947124570675484,0.15293802663119066,0.1364106392941198,0.11937113639027926,0.10201633725648415,0.08795230752218097,0.08117965818073926,0.0801972264405844
0.08306387023718154,0.10078650475910282,0.13628228444134555,0.18485096099878703,0.2319263836193163,0.2622208601758187,0.27600325019284794,0.28708303445882716,0.306653448443272,0.3358757278917511,0.36971311226840464,0.401546626250977,0.4228429334906102,0.4189949076963144,0.36871697861783925,0.2496537975513821,0.045475525707740244,-0.24182297251915683,-0.5715951302884221,-0.8570452877919296,-1.0,-0.9567473463803396,-0.7698273792948711,-0.5292552955932245,-0.31247474606382286,-0.15710777218624683,-0.0647585452819987,-0.01786140092901449,0.002070045454092996,0.006426995180377315,0.0034392606968241266,0.002310674799605761,0.009287122305724718,0.022428064327227798,0.03423426159917761,0.03894451244932406,0.03621942248004468,0.030243513003873644,0.026516319404988706,0.027103420707659278,0.03002197163100931,0.034658957796539026,0.04376854570498596,0.05911043620488849,0.07834993763979928,0.09605283495469183,0.10654971870384781,0.10775489871024414,0.10297817829288501,0.09833657747969698
0.0537179630537978,0.05408210543083898,0.058466818334663266,0.06742429223546198,0.07736777367423922,0.08754498615407755,0.10270356714699144,0.12683685268337197,0.15721773844152873,0.18436697766041368,0.19697649720351026,0.1888998122789988,0.16180253669097455,0.11890380663651907,0.05455186207879171,-0.04803786141935414,-0.20626277938685725,-0.42383292638147047,-0.6756178568251968,-0.89608107989934,-1.0,-0.9429262640139209,-0.7609737264926916,-0.5388319702017652,-0.34622043433873434,-0.20810015221659175,-0.11559965016278942,-0.04746395715716073,0.01638696261424263,0.08681869737573385,0.16211991184438881,0.23477052909548848,0.30049818114512294,0.3572358928671168,0.3996514189830973,0.42144810471311045,0.42092751807244205,0.3990345622006437,0.3565655746385383,0.29903997345558325,0.2389371323195746,0.187627193845086,0.14825064944065297,0.11780510410658915,0.09241560546778915,0.07117119857738871,0.056766594410666345,0.0508335744567678,0.050199287559410284,0.0505814016022601
0.1955216198577727,0.19152626345848742,0.187162593448437,0.18623700652911465,0.19008137780093048,0.19710256991379488,0.20345385215003925,0.20556350527205233,0.20346050795129472,0.2003363652430907,0.19651099985858617,0.1844755670683774,0.1536252383247625,0.09857200399827518,0.017900514219464453,-0.09347623782226738,-0.24702882685761574,-0.45269293212728906,-0.6950261077825967,-0.9088578697277644,-1.0,-0.917548005381173,-0.7012130226183528,-0.44383557771552495,-0.21999402811900287,-0.057279890299497024,0.047761072688835775,0.10655879918295307,0.12844538660710617,0.12281824155325594,0.10265036338694744,0.08007146145798545,0.060201037048565866,0.04291350617031957,0.028341083751980564,0.018602170340948097,0.015830076010458435,0.021288259498873686,0.036077354382584206,0.0595094568414955,0.0886718945802189,0.12222234057675564,0.1609427557396775,0.20273064582689718,0.2412941164782743,0.2708165851404998,0.28839673574553715,0.29437253035091093,0.29340730758705125,0.2914993324084722
0.10798556262537082,0.10796084145759839,0.11142226130868275,0.11980478851381222,0.13049349413496256,0.14103400715570488,0.1518786701252757,0.16407419172385004,0.17706674149241383,0.18908112371891078,0.1972763037916473,0.1977527078061522,0.18716439574210736,0.1623319497255247,0.11535216303443017,0.028612474745889748,-0.12266784024573842,-0.3519321059307326,-0.6312608377621189,-0.8797837258495574,-1.0,-0.945493474591671,-0.7555443058307403,-0.5180345476155073,-0.30464871801051,-0.1422454855905691,-0.026404922406513476,0.05508982258744215,0.110300059927269,0.14296890994395406,0.15597803737932542,0.1551114776241577,0.15102030012021422,0.1537514260232362,0.16430065298091967,0.1751363983992643,0.17889457919675777,0.17436831262641775,0.16570851413820786,0.15821749898928433,0.1538817580270099,0.1501544159425704,0.1444685114953283,0.13846601779387996,0.13557187768543227,0.13677850064293473,0.14072529813762732,0.14560040554410555,0.14986672072368665,0.1523647908022995
0.13496932978647,0.13926132505512323,0.1480371270022225,0.16095298540526407,0.17441836152028628,0.1817358702099343,0.17878596969018806,0.1683419563761122,0.15650237267307018,0.14570106902040758,0.13324096993691253,0.11570990930132513,0.09157170622900893,0.05765294775061867,0.004643888428216746,-0.08287365472689183,-0.22281043510735563,-0.4256497614486272,-0.6720403537025267,-0.8941851018800165,-1.0,-0.9416827251587923,-0.758036197737861,-0.5365191408221419,-0.34348994104511954,-0.19645321584775466,-0.0831971508461862,0.010003934864917982,0.08707803494793326,0.14713364964251718,0.19104598033675485,0.22152514753237373,0.24017731461542058,0.2467229837996362,0.24071237775396054,0.22350182619319192,0.19881402766673628,0.17188408899300328,0.14838707686090927,0.1333165858228195,0.12951429857880958,0.13681913215832128,0.1527563238431732,0.17304935682141218,0.19212520018875717,0.20630584330969146,0.2166511020018295,0.22589729310643775,0.23378635574154122,0.23820395515796494
0.13017366444957482,0.13005907428030258,0.13120670188138336,0.1362159218496911,0.14541900877590547,0.1559150060151642,0.16677672705245064,0.18172296562303739,0.20217815964473063,0.21911739981014594,0.21717619278116768,0.1890104310735118,0.14155687753987903,0.08366867507041098,0.010204897547453372,-0.09728716541113976,-0.256082038012282,-0.4679267274613641,-0.7061983999480698,-0.9087691318383734,-1.0,-0.9427317268129222,-0.7686165450608342,-0.5502150108533375,-0.3496642689084111,-0.1931971343463277,-0.07813019432302525,0.008534114114790891,0.07744924508819877,0.13330024739717225,0.17650841656217714,0.2067518269065663,0.224358795538534,0.22971696070457132,0.22444833835697897,0.21328531343430562,0.20215688692280387,0.19488458629403513,0.19401982628310505,0.20113914628102725,0.21146044485249998,0.21267723639420336,0.19667556362867727,0.17088342548201885,0.15194491498462562,0.14928650660383147,0.15902456599899675,0.1718112408627732,0.18156258943812528,0.18653644745125933
0.15073635935841692,0.140286942794475,0.13102497013113507,0.1310091023290462,0.13860763270763682,0.14750833667563265,0.1513536379915276,0.14663334086747914,0.13496934557526258,0.12369284398931125,0.12237142560625185,0.13416331508453333,0.14972504238940607,0.15300666751577974,0.13012432025724457,0.06434688436020446,-0.07183335243133922,-0.29877783591494117,-0.5908310694522231,-0.860432767417073,-1.0,-0.957260716251375,-0.7698345508329474,-0.5245791811608757,-0.2941049765057949,-0.11123804753875073,0.019324979742918042,0.10400327609304118,0.15258002997757442,0.17532640853183978,0.18155018331970363,0.17821292391729848,0.16732874692044936,0.1488403789621473,0.1282289163988946,0.11536529485442931,0.11570119342523952,0.12884616941348925,0.1532427067877066,0.18477820795333846,0.21264847569790768,0.2224345682238026,0.20405872184985335,0.15897507010079373,0.10432369646594143,0.0662329492685991,0.061770847781811786,0.08627430724787477,0.11907232909047229,0.1402119478468503
0.20647327987209899,0.20774667335891964,0.21106811461318345,0.21567565404416159,0.2189496894790344,0.21696419366195532,0.20677149706890255,0.18861012621419784,0.16266754404962153,0.12494718221915573,0.07126554269960843,0.0043736025064795275,-0.06802815467754089,-0.14268801742979856,-0.22533030986222008,-0.32649324151620884,-0.4571366220621537,-0.624768057328877,-0.8152838451672423,-0.9696883856817198,-1.0,-0.8554600546122233,-0.5761410183561437,-0.2694426113914403,-0.032831846193302025,0.09888813935554391,0.1464892531101273,0.14844958899286845,0.1343491006774924,0.12270667527349512,0.12529835718151525,0.14297228443521895,0.16383817926840485,0.17246349746630177,0.16171287136876503,0.13855713019624785,0.11900611366518561,0.11632239272790955,0.1352239872878625,0.1725985339091184,0.21637608018155674,0.2480521420527309,0.25683815197446386,0.2500260540825954,0.24258895306196684,0.23914195149910447,0.2308465516290885,0.20914507060662904,0.17899809639498448,0.15688990809237452
0.11782732438567997,0.12579568330731064,0.13867209519732981,0.15222801185941814,0.16283203721526524,0.16860394088383998,0.1697062924289589,0.16784903858553882,0.16539326469195106,0.16407831278207183,0.16359796827805498,0.16040700737304886,0.1479540258717311,0.11795690522261905,0.06013046121056527,-0.03986133399729447,-0.19870102102592954,-0.4215852552968949,-0.6793589032356532,-0.9001335533049014,-1.0,-0.9409393109339192,-0.760061301170775,-0.5359113121901613,-0.3321287044128078,-0.17354872871494875,-0.05805713073897236,0.02348830425689249,0.07855252354791639,0.1142829468055308,0.13846709083268224,0.15818536716460435,0.17882225530631768,0.2016775188891247,0.22183659170285677,0.23180028251933063,0.22919638054558486,0.21977766011652686,0.2120255343833477,0.2096631449481471,0.20983913540725868,0.20754767989086853,0.2008231157077511,0.19117465329278635,0.179687380742596,0.16528210595316592,0.1472890009399217,0.12761684203297408,0.1102777068138775,0.09994096392881203
0.16547927132401463,0.1790249270284202,0.19966959428312522,0.21954189030624868,0.2326649910892921,0.23662133520710418,0.23268338779986197,0.2217980151652742,0.20160851525846327,0.17007906235075623,0.13152143588538034,0.09633133814720084,0.07039188616715109,0.04409098101922782,-0.0045913545342923575,-0.09788532185367814,-0.25049414307691403,-0.4629149852745423,-0.7062495451088155,-0.912267446373852,-1.0,-0.9327099509399724,-0.7452381770022218,-0.5096995434894593,-0.2850227850289251,-0.09877553493094166,0.04417497448319597,0.1477609821775286,0.2153602311029889,0.25031920689720016,0.26145895753790616,0.2613040428234306,0.2582459798398931,0.2529471372148357,0.2410336079758333,0.21926535530395133,0.19136739898598393,0.16691696560557312,0.15229203095256505,0.14418358043911658,0.13444509287743178,0.11889059783422153,0.09863678899186093,0.07707581549171544,0.05929674960453959,0.05084339248600929,0.053033199948517115,0.06129376648782858,0.06965720992141086,0.07453909159855629
0.11640153653386091,0.11041712262200387,0.09884582249616547,0.08422855853228062,0.06984580867582382,0.05953983220200968,0.058055760356951806,0.06620640546077557,0.07777079030452758,0.08452335464377209,0.08275072897844206,0.07502748566198222,0.06685472478741986,0.05881389758337584,0.03682910309028865,-0.02964323097345336,-0.17237404156368133,-0.4000446709786283,-0.6769826761152123,-0.914268174136753,-1.0,-0.876146065352814,-0.5931173207099447,-0.2706077213316362,-0.006058968564251621,0.1697907043969809,0.26855998727995517,0.30829447125939774,0.30577784977471173,0.2821525290685108,0.25704049381878735,0.23617858941237263,0.21289453440344583,0.18224174849398408,0.1469508300901235,0.11317665091674045,0.08801438190461358,0.07518150140124165,0.06916961919215431,0.06113629214590898,0.05088188407158776,0.047269283048803165,0.05737445283493278,0.07824134207746154,0.10091674552230273,0.11975217605238198,0.13374909508676644,0.1421462556536219,0.14400928727042805,0.14223123261948004
0.20901824285171366,0.1982829036583446,0.18491907707374783,0.17635608013683726,0.17490757961722167,0.18019369741244665,0.1884720849292806,0.19052641093846154,0.17758788606088435,0.1525922545148798,0.13215923673977126,0.13185505546447002,0.14839701611569395,0.15745422425188813,0.12751659823037392,0.03369144579468223,-0.13713178768891643,-0.3796338735767316,-0.655975421001925,-0.8909696904800344,-1.0,-0.9428723657841137,-0.7526919963549096,-0.5076682478164579,-0.28181117268353517,-0.11737725463008475,-0.02139634887922494,0.023907706362783145,0.04477162725078946,0.06384469037028202,0.09527997721408465,0.14168851827857995,0.1936676610517551,0.23650838480021077,0.2608378799832587,0.2672803415041265,0.26037156045279825,0.2417899017142319,0.21372775802637192,0.1844123928245872,0.16334145269286718,0.1507904914787364,0.13608556941135241,0.11013393936128159,0.07763329434802645,0.05193326457452041,0.04134871312688578,0.0448502491138069,0.05543124695317508,0.06396174421072473
0.19877913358830618,0.19083787720234413,0.1847549741939735,0.18114547070667641,0.17232665673590505,0.15648448536794698,0.13942783066594572,0.1273595235606491,0.12077727345298768,0.11618813347844233,0.1137079778525991,0.11676627116966742,0.12322895521058147,0.1189801599248261,0.07886116408262075,-0.022716861937654893,-0.19698751803265657,-0.4329693924034783,-0.6927606803310435,-0.907715084184483,-1.0,-0.9330771552613512,-0.7391483011637939,-0.49059380009537923,-0.2525084267800057,-0.060950726703713855,0.07238059773630398,0.14909678107326288,0.1779272416163059,0.17289774711408687,0.15250011378932155,0.13587180875583685,0.13441364466077096,0.14726207148990042,0.1675799882094056,0.1914979160422377,0.2186627492159667,0.2468481133293695,0.26955565526554887,0.2791071237475733,0.2717323477774064,0.250119680420325,0.22070793432974828,0.1868163006086693,0.14469856472305195,0.09067404761569518,0.03188507039611294,-0.016794837214836777,-0.04652788125479744,-0.059110719747176875
0.13825429516816812,0.14108969676505406,0.14829761795492266,0.15567479637916612,0.15611293368018953,0.1482468962046782,0.1371795616127224,0.12904498387592153,0.12606502882177972,0.1259083971233591,0.12522205180436075,0.12135470166087095,0.11050891625953654,0.0864236440721238,0.038565186877042815,-0.051620986133433786,-0.20610315704826726,-0.43012788912307237,-0.6896275756978115,-0.908103856168754,-1.0,-0.9285904124582401,-0.7330668709938979,-0.4914599440448768,-0.26530854193368325,-0.08350830775304753,0.043429556118649584,0.11477003919913427,0.14063721548200217,0.13937895563370797,0.12981349282476723,0.12501391494185626,0.12982117680778626,0.14151457290588695,0.1555893982269634,0.17313439317974882,0.19989278266241273,0.23605954737167348,0.2710757529463145,0.29252382003042343,0.29570683218188165,0.2823043246056651,0.25635783615349467,0.22243111676162736,0.1838042468272226,0.1426747749183574,0.10154004655100964,0.06426720525033182,0.036225421825118155,0.021602409689152547
0.12708698753998138,0.1241522978815617,0.12175211266864866,0.12365401505940411,0.13060855331864274,0.14000874321197782,0.1485701798146187,0.15517055471960564,0.1605281148239379,0.16516096509097244,0.1694797833749092,0.17392659054884246,0.17614045905533,0.16804139795068193,0.13489779182637307,0.05489346839191118,-0.09673973556526866,-0.3307931111722101,-0.617404951082557,-0.8741424167388884,-1.0,-0.9452755232133458,-0.7488698852772782,-0.5001135836043401,-0.2735442332599284,-0.10088944147237643,0.01744119657848909,0.09341085105514428,0.14185065697538532,0.17561079397372392,0.20061315097964239,0.21597915290330533,0.21968793434123887,0.21240129631574642,0.19758394150317063,0.18025748065139602,0.1643944633474649,0.15046606282908156,0.13681968608320005,0.12324721953388636,0.1115194765887295,0.1029428164009556,0.09703492811470521,0.09225530957343564,0.08755512447482067,0.08419312639378074,0.08580365821665462,0.09489171199589373,0.10863346683351853,0.11910736044542457
0.0952290752924944,0.10697968995863731,0.11978297236543103,0.12483922168942176,0.12370211413229391,0.12372909879106542,0.12901470282066899,0.1366860362263452,0.14211603351221735,0.14701537897661607,0.15780686048340864,0.1745314186599078,0.18536057370261266,0.17347666076697194,0.1248021075171549,0.02566475338744924,-0.13965071660684025,-0.3753880222285374,-0.6499303047760366,-0.8873976918099077,-1.0,-0.9478127006046647,-0.7675437659989387,-0.5364181675164633,-0.3164130372764168,-0.1355503080482935,-0.0007261646811546608,0.09067578041633952,0.14740289466982923,0.17983358360796192,0.19462971993962594,0.19603495007663427,0.19101178276577727,0.18806041449843205,0.19115234554494895,0.19784696147563116,0.20269590993538034,0.20151878031201004,0.19415181034932077,0.18368524963022476,0.1717965404102365,0.15642863431327028,0.13682724215052874,0.11840088670270506,0.10873515736604088,0.11023644923235619,0.11852999889206622,0.12652383805459658,0.1299371546044367,0.1299780963162037
0.1345112933900488,0.1211914269840138,0.10168481254595094,0.08595621227631184,0.08234073347309209,0.09503898037326565,0.12356113780448845,0.1648266711785392,0.2156769481591364,0.27184015327247696,0.32462359479564473,0.36110425459909884,0.3695434646015034,0.3434554169185157,0.27801917382073704,0.1613535723242706,-0.026380759459591917,-0.2927016483732164,-0.6019239027371095,-0.8690583369986566,-1.0,-0.9522051696121666,-0.7600195113742003,-0.5026452033931775,-0.2526877255495234,-0.04896332433405452,0.10102930296584282,0.2051016054743804,0.271157024781711,0.30158831866754654,0.29730309371896096,0.2632125686634088,0.20909570382017842,0.14685777503948866,0.08696214601142445,0.035503720564705604,-0.005350665805180829,-0.033058343418169274,-0.043523030512792264,-0.03724732000275895,-0.02248017310517764,-0.007483158168987128,0.006448583144925197,0.02104527031215649,0.03483273902113197,0.04421150862680735,0.04810259924817136,0.048891835042083866,0.04942348836168937,0.05023314286305512
0.13633735056582227,0.14529609788145748,0.15587259235191947,0.16086152152391175,0.15956293850907635,0.156748058216451,0.15621606746265632,0.15569980131107589,0.14748480200244674,0.12474811871855157,0.08821567020390898,0.04488533332355829,0.000984691767150694,-0.04158247456316948,-0.08815382227282548,-0.15830918828258544,-0.2821287887734793,-0.47491091469105956,-0.7093239737759345,-0.9125016993905887,-1.0,-0.9318248440980591,-0.7430818996978628,-0.5143217251866395,-0.31288250497299885,-0.16265654863070345,-0.05633729768952264,0.01878036420118559,0.06918396434834793,0.09894568652202346,0.11570747030628627,0.13115915687436572,0.1568665329198512,0.200166381639919,0.2610780106991579,0.32889297901263925,0.384987624343039,0.41458269236615924,0.415097317628022,0.39321559815003226,0.3576042081144088,0.3151204010328167,0.2708358237500598,0.227442383066753,0.18406346450191688,0.13933817778299748,0.09712651544563912,0.06681047594843677,0.05437402500618659,0.05372338452719789
0.21538834735070908,0.20806819563736514,0.198338069748588,0.1974144882599238,0.2087569246642959,0.2200247945074181,0.21844211243210845,0.20313173390302525,0.18138589316722664,0.16167815323621998,0.14728102585365674,0.132788573052887,0.10874051583021485,0.06761050974189736,0.001379832469908178,-0.1026717339355618,-0.2573891587259114,-0.46571485130318213,-0.7056084445467089,-0.9133200386700708,-1.0,-0.9166709368840048,-0.701833658256275,-0.45015674333078304,-0.24148791293810412,-0.10268812758139031,-0.019461885248191802,0.031970849555914616,0.06921011609294987,0.10635911746489231,0.15193220980670605,0.20115526761210492,0.23975984054721985,0.25796746676697296,0.258547490682533,0.25066580791360166,0.2377117865792967,0.21381191221997667,0.17263280697831043,0.11904862629952885,0.07220510100822476,0.05446710359121098,0.07307319522483645,0.11240155853222467,0.14557189818526517,0.15483316634315755,0.14269304207703867,0.12426407212776498,0.11106419825393475,0.10522768770107488
0.10131803635663576,0.11276448792871797,0.1406849750711191,0.18170905174240923,0.22414113297930044,0.2556550549993847,0.2642184619539834,0.24290514594430468,0.19959488795597494,0.15532091312474222,0.1273537918317522,0.11492908768331814,0.10330115581351998,0.07545419990417547,0.01714121969203295,-0.08202330463153576,-0.23087513786438654,-0.4375316045492537,-0.6869849442514969,-0.9089618208157502,-1.0,-0.9086818486808863,-0.6862397155031799,-0.4354882701789901,-0.22704823929410178,-0.07544342447153649,0.03125925971514549,0.10499505325826881,0.1534474384350529,0.18310293059708707,0.2002025454232757,0.20921871765860986,0.212033308282617,0.21144750391700287,0.2129637459776958,0.21931376700233335,0.2261060334538158,0.22781505793257753,0.226030987468756,0.22483114147417071,0.2194105776851064,0.1995061818420952,0.1634936007665649,0.11812073792064709,0.06777365734924787,0.017034294897300226,-0.020007775978353147,-0.029335563669511157,-0.01574441105717465,-0.00023208309258531182
0.06173290491388611,0.06499030634947348,0.07742496450002946,0.10282251585994188,0.13390080854982642,0.1549047650266297,0.1560812568190428,0.1425141855599275,0.12889490600146072,0.12806386967198938,0.1421362648997339,0.1616877864691225,0.1720507582040769,0.15896104799595823,0.1090013427932122,0.008404401564297921,-0.1547783021704161,-0.3825885068434088,-0.6497864654629029,-0.8869682531914821,-1.0,-0.9371785502533329,-0.7371849286268536,-0.4931102890886584,-0.2779723203891278,-0.11518471988550723,0.0017564953194200718,0.0850919304845575,0.14301115096573008,0.17830811484992437,0.19173560327086145,0.18736043493372756,0.1743676636069717,0.1626121201490306,0.15570267186764652,0.15097788836691356,0.14769549433665272,0.1506107413108829,0.1619734234669756,0.17414361104609416,0.17737049914082487,0.1733553706517317,0.17183405787430875,0.1750850358186464,0.17598709319633368,0.17004188361380718,0.16094146452837094,0.15465643117576017,0.15299946712184212,0.15356160363606575
0.11189309035382933,0.1136006391661878,0.12378547619756643,0.14412409327272654,0.16656892757446976,0.18109568641799795,0.1842456217662857,0.1801363501652482,0.17533464816219055,0.17347582869534833,0.17395549452783707,0.17333388135984903,0.16585884833319472,0.14216586607751763,0.08883668946016324,-0.009352800895598716,-0.16655031736595194,-0.38830983537702435,-0.651256101852672,-0.885725259588892,-1.0,-0.946190561155093,-0.759586935206917,-0.5237089085381682,-0.30809081398821486,-0.14285625348605052,-0.029456000644934817,0.04245808510265848,0.08507422278696408,0.1089932849602745,0.12305614691821341,0.134278021900677,0.14673202149864747,0.16071349069022922,0.17352926509067537,0.1814745001416383,0.18297146271863501,0.18115264611739915,0.18162149243937825,0.18631167275580474,0.19049761669180723,0.18725933549983717,0.1750318055525022,0.15951730568016362,0.14854449184654622,0.14612214087648162,0.150104489589647,0.15478534360254034,0.1564446376814902,0.15599916642689463
0.15282811896623505,0.13892309460482918,0.11587803462271792,0.09236801293481674,0.07827658596701079,0.07571429231136932,0.07437606475894244,0.06463701053747631,0.051022496550614437,0.04446662747114715,0.04842604092365726,0.059142801986605174,0.06959401506750343,0.06524622620942094,0.02198572201917987,-0.08380338868094668,-0.26073452424793253,-0.4927930862936497,-0.7363366177970408,-0.926631295533082,-1.0,-0.9294490107626453,-0.7461184576111726,-0.5189441996097276,-0.30902594128735594,-0.1409092368647739,-0.010374024213745251,0.08995643301247945,0.15847610656149658,0.19404115114457388,0.20777115396175594,0.2189785292135077,0.2404020766299226,0.2710408648802965,0.30359283064191406,0.33247816700054605,0.349974563117202,0.3439685877446848,0.3097063076811146,0.2584282394418819,0.20821390834072248,0.16997459425034872,0.14510102809196004,0.1317037112175375,0.1285198478002309,0.13645447719859094,0.15774595879879202,0.18921002861382533,0.21945330192552281,0.23704277070163945
0.15845991315058486,0.17233063992759678,0.20029459571019206,0.23622401265428586,0.2660222806083203,0.27936831513157545,0.2785539822315592,0.26938488157381163,0.25057025294353946,0.21707215523436216,0.16915534370712437,0.11407057371624245,0.05962594105660743,0.008217450812278256,-0.04755768539449556,-0.1285364763927727,-0.26289732365786345,-0.46530029429477504,-0.7097968356058547,-0.9192223504743563,-1.0,-0.9107713511806301,-0.696167124493136,-0.4472796014339756,-0.23706145492219566,-0.0919077487997456,-0.004202285322521053,0.04465037043903645,0.07127595116652383,0.0867244085001706,0.09650724659157724,0.10347086347088952,0.11108042853572789,0.12206121148673554,0.13476734599333282,0.1446069465428529,0.14931655862258375,0.15020185876195466,0.14943733428854017,0.1490138086398692,0.15023801219436117,0.15210116177827412,0.15274088727789845,0.15330648443370906,0.15647613833371532,0.16255748997325406,0.17237049537108423,0.18927459465193777,0.21139348432929553,0.22777711213091803
0.12503812005601259,0.12945479412829428,0.14650485324178864,0.1796393174346021,0.218679932791773,0.24557210974927796,0.249764742112245,0.23586038837970758,0.21460053619024103,0.1918351276032019,0.1678089405436566,0.14121197746696745,0.11145045001181259,0.07671749206123248,0.028745074249284533,-0.05124365617846815,-0.18963465288957504,-0.40250021087861,-0.6649725394262963,-0.8969987744436446,-1.0,-0.9291577772506009,-0.7284362555577726,-0.4900325468242052,-0.28832336434650296,-0.14863566489920824,-0.058113030113867425,0.006043577373728664,0.058075989159528954,0.10423243470347988,0.14654713655245083,0.18027339981843157,0.19679600222062765,0.19466744490631724,0.18277483123225605,0.17141845783406734,0.16586612127787578,0.16598249280030855,0.1656197154506317,0.15663729083404182,0.13872834930359754,0.12258792405482871,0.12064586721641972,0.1346533258880886,0.15423682631195637,0.16750949299010215,0.17005170093289365,0.16530887404328887,0.1596792598452803,0.15682810203845166
0.1347383333204313,0.11582490655966166,0.09027159786356073,0.0729319542744333,0.06972346020227542,0.07749797817316297,0.09142070690670791,0.1079811499732138,0.12434577000766271,0.13865420313504012,0.15153922919789756,0.16544781370961745,0.180226457140357,0.1879097889919559,0.17050638771487636,0.10155135243972055,-0.04766633853103406,-0.2896123261915651,-0.5909814080141664,-0.8623661075450985,-1.0,-0.9578991822101741,-0.7782580688853467,-0.5491691769771376,-0.3417225872583739,-0.18308361847669646,-0.06826869550603282,0.016610755221420977,0.08127591710839734,0.13056741041712203,0.1671354735344001,0.19282659032701854,0.20864178895916993,0.2139471626125534,0.20773825665913248,0.19299035781380477,0.17819844495553738,0.1718349545176212,0.17549266929460436,0.18283194956150023,0.18582922863531232,0.18194471922860003,0.1740824627758811,0.16575234364833755,0.15820980230855589,0.1510637882467215,0.14427822818314273,0.13872335923593226,0.1350909732263795,0.1333897835139049
-0.070559641757779,-0.07525835203950122,-0.07935404297461081,-0.07727530276853989,-0.06614687599464353,-0.04763102173205479,-0.027361895928064563,-0.009724223321222707,0.00568184581036947,0.022172736583621126,0.041861805539003205,0.06244294302223308,0.07583739533086688,0.06844300557463961,0.02262860744255161,-0.0798355188874797,-0.2500636342706616,-0.479831221247909,-0.7299045742671316,-0.9294629347127925,-1.0,-0.9006487518648254,-0.6587958371454484,-0.3520787116161376,-0.06016020384637162,0.16784010476149758,0.31693825416894744,0.3965476635733082,0.42725391097928095,0.42848485181420554,0.4135393242868339,0.39146726693290934,0.36809899082173264,0.3435222635802313,0.31218043100027487,0.2698992903621135,0.22092489384518407,0.17635765614677784,0.14667088080096832,0.13566917123301536,0.13815291336168678,0.14299417561505684,0.14102848063453238,0.13063918899916735,0.11581608651533733,0.1003912628642456,0.08642200511178368,0.07663088428766918,0.07334571949690621,0.07420873387822265
0.06080027259341541,0.06539414718640682,0.0736087318306493,0.08102906705197536,0.08231025947559367,0.0756761613110509,0.06338525817583517,0.05069026696021444,0.043609775448092726,0.04407896160694605,0.04779323226968252,0.04681353954296414,0.03252125045200637,-0.00238275396800912,-0.06313742998993552,-0.15620965596057212,-0.2926135104477002,-0.48003672071500875,-0.7016540731730875,-0.9006687079053032,-1.0,-0.9555325378172782,-0.7906673161847717,-0.5728532247517497,-0.3633250852246395,-0.19163377317008373,-0.061677928244830926,0.03467749756232963,0.10896904812840073,0.169957536236396,0.22132760592484688,0.2652691075573409,0.3043820415425664,0.33848759866040007,0.3645989072719047,0.38194601538862377,0.3928501355882269,0.39807871345661744,0.3946194428804409,0.3787445470372305,0.35065638872315996,0.3156822906317016,0.2796183409969664,0.24365134480462086,0.20644712844550897,0.1696672253524872,0.13795819891033428,0.11460245034537284,0.09981963581698473,0.09267059238567572
0.10978453364908586,0.11610899277273393,0.12556023117633083,0.13776509013761357,0.15305808170794097,0.1665438204684511,0.17127594397429113,0.16674819157066367,0.1604274291206044,0.15871787248325275,0.15815090266994952,0.14845267254061195,0.12260446162414294,0.08082564641728719,0.023085617754973118,-0.06235452509916787,-0.1990924291723242,-0.4038503212504554,-0.65694380976534,-0.8868628222366663,-1.0,-0.9477383350920039,-0.7651258066432632,-0.5359099779688034,-0.3284072169301235,-0.168495050625247,-0.05293662392794549,0.030592905934117974,0.0928867127179784,0.1400765732500143,0.17383144305391884,0.19331753833624493,0.19965322461942125,0.19890032101775024,0.19883334112090448,0.20309995932855718,0.20960999924669532,0.21368786705186305,0.21149857579357903,0.2021225459599956,0.18852000742941186,0.1755314146429997,0.16586904444579695,0.15888420042212228,0.15381672722754758,0.15364341355130023,0.16290580975126398,0.17996465851866258,0.1962704105483138,0.20509073667494798
0.142662892604613,0.1492834954682628,0.16065682299142134,0.16889491198066503,0.16658081968928135,0.15842738152917857,0.15536887988141396,0.15813551802758008,0.1557869252499659,0.14000834469383605,0.11566150654071909,0.09303385016111841,0.07261816828564557,0.04494695039949876,0.0014564193777982586,-0.0670971011257138,-0.18303744815829087,-0.3730239682836753,-0.6278351364516619,-0.8729429224213983,-1.0,-0.9491961188930843,-0.7591778678962261,-0.5251822005686084,-0.3217433334595665,-0.17355184092281642,-0.0760246228586441,-0.018196474899176834,0.015931314507163192,0.04859214973393861,0.09481715825784359,0.1520373212421748,0.2062280545758801,0.2433634688164492,0.25718872893681943,0.2521367021627847,0.23937673361316852,0.22856895906563826,0.2231085598810809,0.22214647145034405,0.2248830216119903,0.22976940532144427,0.23076367891752284,0.22048493557697013,0.19858729529000782,0.17330646230454977,0.154444510972323,0.1468028191837477,0.14843587855296042,0.15251251908306318
0.14907271297817534,0.14008553709363813,0.13231548556671702,0.13209462149644807,0.13277669500493247,0.12302661246062696,0.1025506019528666,0.08384328701010985,0.07469764949324101,0.06677264012527559,0.04869822726004938,0.022372553842924893,-0.0005708182758137406,-0.015314373627579318,-0.0352984009296407,-0.08899012318721244,-0.2060109749829337,-0.3998040348568865,-0.6475416003712928,-0.8783137380414096,-1.0,-0.9640732409709317,-0.8015758224203808,-0.5871865175086213,-0.3802313653738907,-0.20198279104643113,-0.049815592380210556,0.08150098536507572,0.19013433884393577,0.2702964340967502,0.3224179111477407,0.3584597372440961,0.3909671194643601,0.41854636495200664,0.43139572685183014,0.42607331396844783,0.40464495795528904,0.37018706366452403,0.331343131220586,0.29797127967414677,0.26837935347680647,0.23192676001134982,0.18357217026810485,0.12733773008954283,0.07028157817373287,0.021074755087611925,-0.012708649167426546,-0.032644343279312676,-0.04663091648861486,-0.05612403293235356
0.3588292401631279,0.34421835400648676,0.322701592347368,0.297565365659755,0.2633448880113768,0.2142390641388678,0.15350507998757676,0.09729055127777458,0.06655250543128208,0.06775588227721818,0.08510065480436459,0.09705638016967348,0.09363078140678284,0.07068400826294041,0.015492549741404828,-0.08991830248691304,-0.25416793646659014,-0.4711157505345793,-0.7134690903796996,-0.9182110962285254,-1.0,-0.9116387307573434,-0.6901839200181743,-0.4243648924592841,-0.18444171104699225,0.003546479539097468,0.1366655758613727,0.2173168394062305,0.2525232348423677,0.25103035522142375,0.2178652601795955,0.1588126987921516,0.08591721087730024,0.014255254337736622,-0.04097363933273794,-0.06714047149580298,-0.06246263474107444,-0.03792816511709207,-0.004891426987668066,0.035756700218209,0.08809116103629622,0.14751667521690362,0.19839381668816197,0.22736400549865457,0.23497516830169646,0.23115378651426574,0.22316349440942862,0.21190449992518018,0.19832920820662936,0.1883594452937757
0.26378895917471384,0.2529943040488204,0.23208348081881097,0.20416533631846825,0.17565298796288242,0.15367805355554578,0.1428344245363015,0.14308074149381042,0.1497607523715485,0.15727403519833388,0.16413420938986933,0.17458118632031597,0.19145645662195465,0.20398690858566784,0.18605033901908385,0.10721043427179648,-0.055890709586995276,-0.30583642778725134,-0.6043588164573351,-0.8671489918674593,-1.0,-0.960206565191497,-0.7853165831838764,-0.5608403592619263,-0.3636830556767312,-0.22701709884909155,-0.13938761717956186,-0.07111292750628952,-0.0040196754960271875,0.061516164684327995,0.11728752876604256,0.15767021215330565,0.18386626344234372,0.19891087790891035,0.19981582387288477,0.18122308721384034,0.14573979464174144,0.10585503207607326,0.07781438560648994,0.07224718923001881,0.08659335029961043,0.10866674904942596,0.12766600357688646,0.13981239018868086,0.1469766909416324,0.15439725839143426,0.1675746381206102,0.18674559442574795,0.20540025032040374,0.21630693344570662
0.12054031084384756,0.1267379738849085,0.13691173827482336,0.1481225098643185,0.15721317388788236,0.1624654371090372,0.16683272550633715,0.17620500143066015,0.19263261371328833,0.21120457192626754,0.22327267406591267,0.22120939239587978,0.20098621524855262,0.16117284889857084,0.09790834600303594,-0.0017100968295362489,-0.15883993871501972,-0.3846874067361329,-0.652595671718839,-0.8878775404579252,-1.0,-0.9460451278483324,-0.7648428600664969,-0.5402609849873151,-0.338389608124112,-0.1829286514461179,-0.07000662600478959,0.012213782023977373,0.07453349020532592,0.12346290105476318,0.16004025627296659,0.18174982443698573,0.18812839024005718,0.18453753548326923,0.1783539818795587,0.17309471644861435,0.16819327640920784,0.16296478535343054,0.15951796068145108,0.16103796941455137,0.16691054874771988,0.1724301548458834,0.174138841259908,0.1715471555792301,0.16415085812889066,0.15184211203086503,0.13754058700673918,0.1255541056352244,0.11806698794738088,0.1147587587952938
0.16553868796748972,0.17547918881624971,0.1884031676781102,0.1944974180127954,0.18993460056487904,0.18133468247233608,0.1772151455479356,0.17756436250154048,0.17633268077150122,0.1700435686771146,0.15768446369753428,0.13531236531317048,0.0977634633948397,0.04385394414255959,-0.026832928003014248,-0.12291390593619096,-0.2626099359419086,-0.4596685616358499,-0.6970838208083365,-0.9083994313213962,-1.0,-0.918034588961079,-0.6963884441481328,-0.42838126245727476,-0.1976499105141416,-0.0388531764761868,0.05485359021668636,0.10605245735200249,0.1350825151951987,0.15506313945213074,0.17305821083732142,0.18967621927905326,0.19871469845098663,0.19319433853744516,0.17338633470926415,0.14772902367812218,0.1272728284943719,0.1197759829447403,0.12553374468455963,0.13708491397199027,0.14631242670388492,0.15240274670525106,0.15960427527406604,0.16908477413946296,0.17593296243142284,0.17253148605712504,0.15594502876169788,0.1333238003065748,0.11595453236988874,0.10828819609220738
0.13912038678856725,0.14513192199438693,0.1576966980096162,0.1752043957717604,0.19108336630988962,0.1981414501937774,0.19566026119594637,0.18833081435534435,0.18000879717089258,0.17086839998062947,0.15863057592896998,0.14082101595260457,0.11588455906005425,0.08162120696327818,0.031279575987928916,-0.05035678410534848,-0.18601445906231703,-0.3921901466023907,-0.6503712853661651,-0.886625185859733,-1.0,-0.9352807438416189,-0.7279517661915924,-0.4720645579417282,-0.252917334138115,-0.10799767778898475,-0.028951391103065084,0.013873615199117112,0.0454008419953554,0.07552489402514675,0.104884282283637,0.13210135661690908,0.15522391065425928,0.17207627972738015,0.1817282122608647,0.18533217265086419,0.18589355535971125,0.18632706219459272,0.18735903000921755,0.1877028307914988,0.1852915986623995,0.17904256850204575,0.17105308850861473,0.16518192594664505,0.162616257582342,0.16084707834465767,0.15665408801493166,0.14929147456028266,0.14136703189513128,0.13646475055180804
0.12247316143744962,0.14215781335224506,0.1680660544016752,0.18026422441375167,0.16703827515157577,0.13313253830652386,0.0934354551739588,0.06177915303165142,0.045727085745806556,0.045018663765974395,0.049863235325309486,0.04483897735411478,0.018042824414703982,-0.03364786628535173,-0.10670184169144263,-0.19990408672694734,-0.3241947486688768,-0.49655828573831834,-0.7104872184943863,-0.9085802619334207,-1.0,-0.9266477751618959,-0.7141211342338678,-0.44911908897717695,-0.21374632749553887,-0.04468380749241683,0.06209342926544931,0.1262488875078489,0.16691578205141583,0.20033607516919813,0.23656745217648117,0.27278835543161556,0.29697200824823716,0.29967693257431965,0.2801639606755075,0.2473274795889136,0.21683195417982298,0.20041943188308328,0.1983126542671731,0.20407738535104672,0.2108717988761177,0.21289461630785808,0.20772558005995512,0.19873933680256006,0.19151292879424753,0.18642943639085274,0.17839517808680222,0.16531168916404987,0.15190844194736206,0.14403418622498135
-0.0012027577338391744,0.013050633033760776,0.04258807624377232,0.08378639141131043,0.12595576524529936,0.1581453032850274,0.17773449278612646,0.18974658985075493,0.19900451934397786,0.2051489412315544,0.20461079796282974,0.19427279354420138,0.17077023128143776,0.1282448488169974,0.05814916501370848,-0.050879066409707456,-0.2115544734199641,-0.4290711194809051,-0.6815270076262033,-0.9021309034522811,-1.0,-0.9258671375054518,-0.715350293513868,-0.4581966673073812,-0.23377330346687822,-0.07561287963544244,0.02229888093436745,0.08117258751684915,0.11848350160059185,0.14237413887330375,0.1557816260363948,0.16121946274698978,0.16070080419406382,0.1558040427654485,0.15046560847653387,0.14980395088540133,0.1547603962678897,0.16085699667275136,0.16424319376815083,0.16658736808523741,0.17014666315035096,0.17214223149378227,0.16968140157433273,0.16583377895564905,0.166352002812856,0.17327876987218732,0.1834612748556027,0.19210085336741858,0.19713148495435937,0.1992760406406505
0.10730278676921964,0.1049656581049725,0.10386728136017453,0.10838686894324366,0.11835038732081024,0.12865250541667794,0.13530022576217873,0.1386556606333955,0.14114293098727698,0.14439044277479685,0.14760022142302248,0.14655216496416615,0.13472871369099587,0.10589402249913797,0.052972093475223886,-0.03730234996684025,-0.18470413083903814,-0.4011914098625944,-0.6634160281772935,-0.8954647813264265,-1.0,-0.9320703192186327,-0.7384337165910293,-0.5127300883907241,-0.32265825944919546,-0.18452727640093244,-0.08525512652840121,-0.009463128060434822,0.050482856482197025,0.09695680156301806,0.13189247965887987,0.15871188068993247,0.18088136257608328,0.19963896639862364,0.2138006235280543,0.2216432839294589,0.22224286503951943,0.21666221179760695,0.21011893213660152,0.2096059879086198,0.21611551469173984,0.22232057442921266,0.2207501638398476,0.21288334999150013,0.2071909958998188,0.20722878011952675,0.20604739737022545,0.19601309762959215,0.17973652191010847,0.167530003096083
0.026991283212149483,0.04275869244135373,0.06820203751585625,0.09667619119834742,0.12389455402799136,0.14547180158250697,0.15537201991844438,0.15156678627243897,0.14075379267459814,0.13319733182937796,0.1351940903638736,0.14511265006966928,0.15213385407583008,0.13984843219618245,0.09130318678915042,-0.009589809932192892,-0.17549069568326428,-0.40503467532465476,-0.6669353857120797,-0.893149182510371,-1.0,-0.9395241623934001,-0.7391836764739109,-0.48169344929896607,-0.24394268136423905,-0.059257153896070655,0.072345875801435,0.1589064816121615,0.2082764843796061,0.23148991515136996,0.24157544297474984,0.24778325284539982,0.2519506007853412,0.2497831291508411,0.23904576627506294,0.2259978677179726,0.21738871252133724,0.2109352970203094,0.20076797281041828,0.1847066884263838,0.1623023744069795,0.13426485372045308,0.10660566754648602,0.08860989897480459,0.08295493293996084,0.08236571613846787,0.0787067313320462,0.07068069726566054,0.06180015257845689,0.05607965604567437
0.16016144567652899,0.16203965943439366,0.16491437706803738,0.168232213720644,0.17114111485616812,0.17188863323657558,0.17055888286210466,0.17091545057528446,0.1760549795572249,0.1824354225550483,0.18113712901481835,0.1655088021893783,0.13502102555085785,0.0904126273095459,0.02634545489417248,-0.07119505446404507,-0.22029801186545034,-0.43004625082792275,-0.6788359726747122,-0.898940774934675,-1.0,-0.9332006968268618,-0.7332817417398698,-0.4880121123583966,-0.2730888421014454,-0.11809760558354472,-0.016105138947293575,0.05138819762829205,0.09850021212237896,0.13294620113815295,0.1593845766365578,0.1800952052420687,0.19424255156070924,0.19941665184150192,0.194729532593679,0.182679426132431,0.16864980874724445,0.15870734931589692,0.15639479197489936,0.16028710802387997,0.16541899865960208,0.1677465419667719,0.16597831189639037,0.159781870632972,0.15000107835743093,0.14082778964140819,0.1376169800061116,0.14124326113706487,0.14725209269456008,0.15104644587342986
0.07556953609895566,0.08511749453187534,0.10540077259254566,0.13239202404935313,0.15855876564629262,0.18026963480490918,0.19619987965767435,0.20070844485246098,0.1880768682280836,0.16300338189239283,0.1404757515193843,0.13379338360689005,0.1403348773071765,0.13721940978495553,0.09395219424589317,-0.011413210521921218,-0.1872504960907412,-0.42548061624867434,-0.6899486601988181,-0.9090337087943192,-1.0,-0.9235669420954103,-0.7159517481963785,-0.4602011670537842,-0.2302044141161393,-0.05977114074207061,0.05275102359619515,0.12334852605813036,0.1649157679332756,0.18312170685070467,0.1822083868468758,0.17131802266422208,0.16280155146325898,0.1631517015012835,0.16902586191050117,0.17390786673002398,0.17672126008368014,0.18216050729689237,0.19117873373784203,0.19465774257052612,0.18193821680015784,0.1541633330328189,0.1251616236131306,0.108864222879577,0.10740654247451942,0.1118385380252147,0.11198540170827778,0.1048245194764243,0.09517008489293842,0.08912854309294328
0.09941790469627776,0.12415851173453428,0.16984078841245204,0.22521708918215155,0.27095915286729066,0.2899009842370458,0.28030974424783806,0.25371844632491386,0.2201261890526507,0.18274681174198693,0.14688759486343086,0.1213384450080508,0.10414462295454507,0.07584155378110449,0.012658118673621628,-0.09990087216213171,-0.2680654682658712,-0.4888727207508434,-0.732681521268825,-0.9306620880629893,-1.0,-0.9021264952472963,-0.6768255579294474,-0.4108339433882021,-0.1789909566078223,-0.014327781495931103,0.08601093866604043,0.14171457517568428,0.1728888798026231,0.1909513322767694,0.19798706653900577,0.1925826342955293,0.17656189179726553,0.15609525786143655,0.13612332738940303,0.11703216208381007,0.09964494827799898,0.0902640456827294,0.09710734982263981,0.12038817562448814,0.14651640845346947,0.1566508849705571,0.14312007494215723,0.11499308841699961,0.08893078126307967,0.07778014753890722,0.084166904929907,0.10032618972086987,0.11523573844309656,0.12294864342699804
0.06470115674460003,0.08052309055967315,0.10721457736807198,0.13827249949073833,0.16737956185374656,0.18964085278330206,0.2027524325282433,0.20610021480968696,0.20030568891930728,0.18729112952229346,0.1682456083570016,0.14253972688995964,0.1079199681613905,0.05760411864117437,-0.021251517631703062,-0.14135602936436992,-0.3075724576438868,-0.5133083338488256,-0.733806845795029,-0.9177615777121139,-1.0,-0.9426472988090853,-0.7658512954395721,-0.5311646944686585,-0.29986822765233284,-0.10871288284177719,0.031353209249326684,0.12823716077734115,0.19737273356897672,0.24845674067057966,0.280965965826574,0.2917625502188941,0.2843472845374108,0.2686361555031804,0.25193973320485913,0.23349734433173752,0.2099145768513932,0.1831956819083687,0.1603759344079657,0.14641411036035953,0.14043130949523225,0.13857876541017475,0.1382366714483818,0.13886895332011695,0.139811960991678,0.13890494617254712,0.13466047317575341,0.12879300855753342,0.12468534921309976,0.12336991537668
0.0946756175659436,0.09542738270644786,0.09771725783512425,0.10193075189577283,0.10706977783021401,0.11191748388110508,0.11725441958967653,0.1259500545031537,0.14043629256823306,0.16013547789985247,0.1812466861090579,0.19849233399964164,0.206754415546163,0.2004905797432439,0.16880366007427677,0.08942362469955585,-0.06636334131665314,-0.3104228589860229,-0.6080784693800125,-0.8714766275890916,-1.0,-0.9471422800710657,-0.7504557041096137,-0.49537434584767204,-0.25812287752927415,-0.07828605230953584,0.03756480097372436,0.10222231759860495,0.13543737570879866,0.1549156184057887,0.17148770286350515,0.18856109882408884,0.20418904032682697,0.21428512013420903,0.21603909679599703,0.20919413722719013,0.19498524479052132,0.1760718835263985,0.157319236823041,0.14317206935006976,0.1334147918970176,0.12397144783755323,0.11190024436648074,0.09747184091248673,0.08275883470960567,0.07066960227824945,0.06393845091453516,0.0631690628465239,0.0661405877383869,0.06911713384187518
0.08377366810038873,0.08767236113349244,0.09210640938076822,0.09626445442227433,0.10362842395401697,0.11696503813882493,0.134409866149877,0.15182228745816012,0.16680866732834912,0.17854770155094257,0.18635094000314711,0.19080474708215386,0.19273662950623213,0.18684503956124698,0.15596757901282599,0.07262311851410481,-0.08977568001218335,-0.33654688964042506,-0.6292503453751024,-0.8821455737531054,-1.0,-0.9410543918012247,-0.7456608131872856,-0.4993035565078063,-0.27344834145163394,-0.09924427673693142,0.02266810841738515,0.10282108137250869,0.1519619746900753,0.17959417320567292,0.19390889064170394,0.1992610969557255,0.1956212101888378,0.18293543382311728,0.16563559731839647,0.1511772900756872,0.14462845523974807,0.14613719784709023,0.15210033039818976,0.15668529422445046,0.15423890682948538,0.1432598998217046,0.12810520117230548,0.11586591644144578,0.11062518396083851,0.10981982019014705,0.10746402613858855,0.1012169451763907,0.09394755285884517,0.08942335018055268
0.12310774615481135,0.12470205706563876,0.12313029821607363,0.11480204844392855,0.10612700565937307,0.1110844564564267,0.13407188402528267,0.16005152847827264,0.1684508334418973,0.15309373893731654,0.1241890679204055,0.0968051955484508,0.07959832800014528,0.0669923433980778,0.03715714202601344,-0.040844813384915614,-0.19207441923004676,-0.4183389218290663,-0.6827913282116526,-0.9065172466941166,-1.0,-0.9246834614216015,-0.7233476399997286,-0.4807502954523187,-0.26529791412237264,-0.10900425049373519,-0.013792144892657803,0.039631626753215896,0.07567313215753543,0.1079518966115391,0.14082372547512365,0.17678326916041803,0.21249708659745872,0.23578672575369075,0.23695307004845656,0.2204453435866184,0.2011229208654487,0.19104841601609684,0.18988598210833485,0.18743851710608708,0.17778962078888416,0.16732891825047846,0.16514182835826807,0.17166047444456015,0.17990304811300797,0.18346858269273042,0.18334562498029244,0.1866585201468536,0.19654379649548342,0.20619663544951558
0.09977777538679736,0.07597602937921062,0.04155064189991484,0.016692395513161713,0.01866014881879547,0.05032520937418213,0.10069086865152405,0.1602618058991273,0.2331585436334129,0.33247059531348866,0.46524202577873797,0.6252527764330652,0.7936599974097379,0.9335723945687026,0.9875398044066003,0.8939764938544688,0.6159928774159542,0.17234614680065366,-0.34139677502398297,-0.7747307370442512,-1.0,-0.9891879964346318,-0.8178591564171039,-0.5994390292191939,-0.41811850081996427,-0.3059185982248183,-0.2530991710886802,-0.22994658222458855,-0.2102458963109599,-0.18407459078074712,-0.15377329003746523,-0.12480873652253076,-0.10180925823825539,-0.08657734128031908,-0.07432667687643003,-0.055900807697133396,-0.03053380929261561,-0.01043661508319312,-0.0044772734305553435,-0.005950088868235526,-0.004198160287150316,0.0010153907202429039,0.005566848410565268,0.012981336693721512,0.027710162678681455,0.042235777186625294,0.04314037134984406,0.027599564222276572,0.006530186187033932,-0.007117076783720658
0.16342291755468766,0.17267596685821854,0.19119400023397792,0.21912744082442143,0.24963860511295863,0.2695263868182841,0.2704875878284432,0.2529385983017075,0.22214963857741857,0.18625017414919778,0.15523328348522272,0.13596758530859848,0.12480057003490763,0.10742254353212645,0.06689808823524374,-0.012993356161161308,-0.15131120380126492,-0.36175932177802794,-0.6248638371335258,-0.8693675657501027,-1.0,-0.9655373491754673,-0.8018985755802686,-0.5972954137924097,-0.4212616314826962,-0.29430299140244415,-0.20581840917964866,-0.13736156551240578,-0.07308424242848392,-0.0061019021255557665,0.06127864560706488,0.12481987688888121,0.180639754607907,0.22232175265962967,0.2439566321426547,0.2467055582506426,0.23751781453883186,0.22153488385520595,0.20176873170229526,0.18575833375122716,0.18327259496832,0.19422522986877783,0.20524790199154738,0.20199851175423844,0.18315121828144781,0.16151148847637586,0.1520500903173259,0.15960307357485023,0.17696887914784762,0.190893006062977
0.09671247494289802,0.1116127587195807,0.1335799031897706,0.15370984079110547,0.1660720935389234,0.17165493881019178,0.17928860655698226,0.19599670868986346,0.21900114854102715,0.23988717096651554,0.2502370627004049,0.2418023188750699,0.2082340374645659,0.14855088804626912,0.06484944747684798,-0.04661520516500946,-0.2017080113145696,-0.4158729852194525,-0.6714984706959699,-0.8975077524995742,-1.0,-0.9328970442411374,-0.7369498289655289,-0.501759092493481,-0.2986811137857012,-0.15200331640989656,-0.05262660037457475,0.018002413386393322,0.07266210199060756,0.11431459882958142,0.14102922425209985,0.15423735881502218,0.16085881245626263,0.16688149481178363,0.1731322702051912,0.17792866995167428,0.17928007236297658,0.17505593997602498,0.1643937928622,0.1487649786395095,0.13228522287893696,0.12175579718333837,0.12287043266610247,0.13420930015953791,0.14777126584542652,0.1568900408222724,0.1613642594676134,0.16452006546967876,0.1680378551250261,0.17068405369761921
0.07433967990162055,0.08420507068354877,0.10607111417671566,0.13744549286659563,0.16897038318868132,0.192052382985284,0.20483551744734843,0.20854183179791697,0.2038032645436942,0.19168962663876854,0.17444014012179918,0.15453118832001247,0.13208838115961882,0.10126414026007033,0.048555171460361014,-0.04523894284946334,-0.19796689071309614,-0.4138513237371744,-0.6676987350021525,-0.8927674663295893,-1.0,-0.9405547836724909,-0.7508242598030238,-0.5194315365068395,-0.31665823908779606,-0.16300478478408026,-0.047580626350544754,0.04302352665357775,0.1125535866268672,0.1591453896837263,0.18355635666752879,0.1922489082498911,0.19401368926220627,0.19473734291285105,0.1959346869798283,0.19687156516546314,0.19542197743281284,0.18874082794554617,0.1775515144625604,0.1670272098038608,0.1601010529879653,0.15466031756404866,0.14834945385622877,0.1418354603476503,0.1380683062779218,0.14064258968262075,0.15131006562068852,0.16706287352697669,0.18117263929572233,0.18871486227767184
0.1917588203363102,0.2049624829172375,0.22011761492120283,0.22661931871003574,0.22232791586564232,0.21130963797921784,0.19924140584489045,0.1916487788688471,0.19112991780894148,0.1938552302072249,0.19174516124182012,0.17828751736155954,0.15009908348374476,0.10373517252232256,0.032854793915254865,-0.0729335771597051,-0.22663841472283103,-0.4350391146850397,-0.6790814394800696,-0.8962792981475456,-1.0,-0.9429946279848376,-0.7595194342320073,-0.5317038082246826,-0.32656831700872185,-0.17149008801136306,-0.06699103536218999,-0.002076584685118253,0.04047008749157696,0.07815106445326678,0.11888131828458837,0.15893754642303784,0.19002433688744494,0.20561180937441384,0.20449313415809497,0.19183539086015175,0.17608202828850136,0.1645758303877661,0.16055206532952104,0.16226856296312556,0.16532733737861957,0.16598006416676955,0.16319470575873551,0.15887419508331865,0.1554044094285294,0.15296705550098594,0.1501924848253167,0.14708135446871884,0.1453697518745413,0.14534835433283458
0.14918200696711265,0.14699890178278488,0.14961508185481068,0.163843860831852,0.18660342005187328,0.20656385046448494,0.2157079238342535,0.21327586964740497,0.20163772284605752,0.1842745818683251,0.1639894782696229,0.13926716419485574,0.10569601904346623,0.06064904258774837,0.0005493973661057175,-0.08686356382850502,-0.22212153612047073,-0.4195282423553238,-0.6624372244750318,-0.8860476636899407,-1.0,-0.9527859162143779,-0.7742324910916035,-0.5450037067661723,-0.3350283494449633,-0.175009158533814,-0.06430127153802992,0.01180009146785825,0.06890334594922781,0.11667415434073986,0.15723472620964535,0.1878745146928191,0.20688294569455437,0.21723321767393775,0.2235984009666863,0.2266324274524913,0.22287414542531866,0.2109362047569245,0.19491134901115909,0.18031562407458993,0.1695268767322876,0.16331827873730784,0.16378255609029402,0.1709902486659463,0.17838640388550892,0.1774240156519001,0.16655326077065263,0.15134796712520535,0.13798237750754724,0.1303216695648723
0.1146540230995443,0.11422566607553702,0.11676877372515475,0.12561995329588677,0.1378059795647987,0.14545103454645428,0.14465805585114078,0.13718546625582353,0.12490610757235875,0.10847333893029737,0.08973544736713096,0.07022502679150908,0.047464803510551705,0.015401866971533796,-0.03388028562408128,-0.1126663493935914,-0.24048373831819023,-0.43392001329662244,-0.6769367339237977,-0.8982070095510473,-1.0,-0.933450963959566,-0.741588923625536,-0.5162458698936893,-0.32391901334921736,-0.1805585103795377,-0.07547001828145097,0.0031907571170058284,0.06287993794978945,0.1088540232813345,0.14459687727941953,0.17357035352043748,0.1995767939447381,0.22272214762215467,0.23936866529536366,0.2487766551738494,0.25559897080048527,0.26445417584883113,0.2753474204922274,0.2849698876029265,0.2899966527325087,0.2880945554137778,0.27736168769639785,0.25673824475653884,0.22818652429733724,0.19852769707743448,0.17600413146548133,0.16340999108982218,0.15752665487453957,0.15499908070620444
0.16501489800508473,0.1679859383942438,0.17609769046331095,0.18848044413836118,0.19834213163107273,0.1980512211299316,0.1872453698434864,0.17357193926825162,0.1642410012617607,0.1582825940004875,0.14830114364500502,0.12761796523979158,0.09445383001976924,0.050748062566332526,-0.004763990578478282,-0.08605362347577362,-0.2192611936362282,-0.42162352265548203,-0.6705088418211083,-0.8929013344657428,-1.0,-0.9506843231194196,-0.7835980818708673,-0.58022040281602,-0.3998457811762058,-0.25400376739978797,-0.13155952475366048,-0.028391169770280552,0.05099288658932248,0.10436900597872792,0.13460774855869245,0.14813880400266866,0.15527802518195957,0.16831919256451075,0.19511308965251892,0.23316728482729218,0.27065966259658725,0.2948929853263427,0.30013828013229005,0.2891471561547817,0.27055140005654676,0.2529248298916237,0.23711141721203186,0.21671266298893613,0.18915691343480265,0.16118965259039014,0.14158321054080883,0.13403843106108213,0.1361515147011794,0.14073717388906873
0.01419129668656293,0.011654810696186622,0.015488365528809,0.033500770821374266,0.06147747534926346,0.08504057365230132,0.09494232313861056,0.09690439684370766,0.10399339834355771,0.12356565703714961,0.153410190410798,0.18437117508280276,0.2008654838717476,0.18292404416559127,0.11473477302285244,-0.009039840928911093,-0.18609904434608418,-0.40958095846694875,-0.6582422674951949,-0.8796652292957864,-1.0,-0.9734004977179473,-0.8214757860201245,-0.6142316142038077,-0.41491633695648594,-0.24603665908012354,-0.1005655811010333,0.029492412050317444,0.14165370961234003,0.22853151225543258,0.2869162233506133,0.3235003521411934,0.3516351998738642,0.3801071328321713,0.40463660805700774,0.41219543598452985,0.39484348297043725,0.3578464861886945,0.3145783605872197,0.27465602464631544,0.2381109135640319,0.20158788394864807,0.16579395191842683,0.13369394530187473,0.10405593210883193,0.07154669028131096,0.035820602938119,0.006205247506046979,-0.00883750044962536,-0.012381526706669642
0.20045450503017795,0.2033032329668682,0.20941312770768464,0.21593865558083838,0.21809367058183782,0.21529980122666645,0.21231692472768268,0.21297406965929466,0.21608247353293925,0.21753642616440966,0.21189375912567046,0.19120295170329413,0.147424698565094,0.07853849580329446,-0.013214722294612381,-0.1315636148361757,-0.288790824680595,-0.49373745044352485,-0.7283875600120676,-0.9272465920383669,-1.0,-0.9050164419030938,-0.6928222810408211,-0.45969963840569555,-0.27285405803617724,-0.1469251508838535,-0.06610026913599014,-0.009821375973712571,0.03321464551902034,0.06224183114726903,0.07350639592994222,0.07307792944466493,0.07726576631482425,0.09793455652522048,0.12994691919959322,0.1553847905046901,0.15926981793829276,0.14199953852279468,0.11888911562055608,0.10748431671381434,0.1154792659484116,0.14028573258604063,0.17505859620423167,0.21145712771145722,0.23996643604199397,0.25436777304277675,0.2570774207649603,0.25547134183173553,0.25374978526783243,0.2525780845288115
0.1693427026765169,0.16425296222819372,0.15498878190780488,0.14650805380415835,0.14449892123245647,0.14829480879195073,0.15144615486801105,0.1492046651407494,0.14312424728827614,0.13837426703680802,0.13722977203114634,0.13408165545577533,0.11632350726707441,0.0721987498386007,-0.0028497712304726953,-0.11023945984717468,-0.2568119716049536,-0.4516028956818609,-0.682618742646187,-0.8934465761752219,-1.0,-0.9515297565626946,-0.7729188389771022,-0.5385159855433216,-0.3157811457092565,-0.13692588532698652,-0.004372510845299342,0.0905025940859685,0.15318366141576056,0.18522865825037077,0.19145815738551544,0.18325387508944502,0.1740502241649313,0.17260077355288345,0.17987703900351756,0.19116707966222568,0.20037602857543854,0.20273016529581608,0.196213251196725,0.1831562458820238,0.1694538522117805,0.16022202058325072,0.1575367543021528,0.1621646490226534,0.1734068276772559,0.18708259639883623,0.19818278436771447,0.20594441480371267,0.2125507868864125,0.21740185076861845
0.1444515923612487,0.15546131000412952,0.17170668275402834,0.1883709648582774,0.20456723081865544,0.2192289515838411,0.2287196670103749,0.23045088636790423,0.22532937624726312,0.21469918672082652,0.1974163478534849,0.17038836820352432,0.12973177630849464,0.07141595005340336,-0.00899347885175234,-0.11837446842746252,-0.2680130161069712,-0.4673798675361681,-0.7014076721356103,-0.9082651177470525,-1.0,-0.9306632339937807,-0.7400308071217886,-0.516502474229479,-0.32800570124327494,-0.19420242335189333,-0.10186242746899996,-0.028518402306710818,0.04191066657551301,0.11187518205871663,0.1721793545162094,0.21170784997453324,0.22757826601157202,0.22768106222499057,0.2227393008075375,0.2168573789814275,0.20825469808269748,0.19608365475102993,0.1826050231444803,0.17019019421001602,0.15891019284234975,0.14832824883128354,0.14026743873235492,0.13789528175684831,0.14283480023085254,0.1530306557168315,0.16355381189753854,0.17107938925267427,0.17594231157147966,0.17877603720455215
0.04420656097602087,0.04979249216352894,0.0577436501963609,0.06699167030140503,0.08024144225374334,0.09913163184892132,0.1192895890965657,0.13292763043796885,0.13586615890187326,0.128766488083619,0.1135258591277279,0.09183538898220124,0.06540869359571173,0.03392973178065398,-0.010197563182411102,-0.08637122327596344,-0.22080124470398535,-0.42673858622226996,-0.6779973248264557,-0.8991732170778786,-1.0,-0.9413760459613751,-0.7648078092614843,-0.5502728730702323,-0.35770829074651084,-0.2081181450058262,-0.09567190958223555,-0.00425136389350914,0.08044964706803397,0.16476918010319305,0.2467749639121464,0.3204293231194289,0.38130251300056617,0.4287197016443763,0.4627721323722264,0.48062491327823403,0.47661378793794124,0.44677738448554605,0.39304012548494766,0.32190844302963223,0.2417778235419923,0.1635473656046425,0.10042337523207044,0.06199494269835764,0.04639050980583726,0.04194284799121003,0.03939363688645663,0.038414261663799486,0.04105342246654126,0.044708307736655496
0.10939481623871922,0.10809449786456443,0.10691512190264543,0.10644022330571161,0.10830661631740204,0.11804219018622447,0.14012001735825153,0.17067145486730073,0.20076192155589676,0.2257010471506584,0.24583379190260118,0.2597923638560311,0.2613553197174029,0.24233986321562395,0.1942046222108165,0.10274128771010888,-0.0555661653214494,-0.2977701922710613,-0.5984300357492085,-0.8694027610404795,-1.0,-0.9397436434310648,-0.7364571536459474,-0.48540510550987837,-0.2565594486274584,-0.0752765697711303,0.054295617414087276,0.13201035922729706,0.16418734867405377,0.1651488347127438,0.14830407123248077,0.12018856545008746,0.08474197353816156,0.048596612156230616,0.019763793225339145,0.0022907377227845377,-0.0051350684632835404,-0.0035896110621705473,0.009546169318905987,0.035362427857272054,0.06877481950427057,0.10202961453694452,0.13041080484706624,0.1535364475511012,0.17267488455423066,0.18812829820443153,0.1993287217293224,0.2059681351719095,0.20853502354630024,0.20879733935815242
0.10307564796242007,0.1118461976176548,0.12397799191109997,0.13241420366061793,0.1349097108473498,0.1351698236932195,0.13740796664787508,0.14179070530294177,0.14539169126408547,0.1467891319803621,0.14829912712599394,0.15255845920513197,0.15786370592455434,0.1571350719452741,0.1369739790748635,0.0724110609770394,-0.07080018392296547,-0.31023080583161006,-0.6104871697506469,-0.8765377001128205,-1.0,-0.9307456722543747,-0.7099382333662413,-0.4334390675301576,-0.18795604434673766,-0.016099305704595467,0.0813065427276392,0.12679202389022057,0.14683889191159952,0.1580573833282644,0.16442777906867406,0.1647736924127288,0.1593223928701498,0.14960367102374728,0.13833026067155355,0.13023406310959937,0.12809029145325726,0.12786590334137016,0.12176036229445443,0.10701392975687123,0.0903693052580608,0.08307373452367138,0.09043095114071867,0.10654239580151638,0.12086755315913153,0.12779382291716043,0.12782106961177575,0.12364244596468837,0.11836406120357187,0.11489718023924102
0.17426480700247945,0.18805267682933374,0.21352983394870054,0.2411072135367105,0.2571377895046817,0.25462243648056154,0.23605414798493704,0.2077431341172027,0.17623479556254368,0.14779623231192465,0.125625863554928,0.10665334930848627,0.08382637533061316,0.04982027201990685,-0.0056958814673332605,-0.09954721485298684,-0.24966056642101314,-0.46076856277394757,-0.7060034747865922,-0.9161953331175505,-1.0,-0.902299749626807,-0.6534392240349123,-0.35006183057549095,-0.0874625637084366,0.08606117168549705,0.16979180829142593,0.19092174731587355,0.18336774437028786,0.1714507525823138,0.16489858855870312,0.1639560714230986,0.16553715210768616,0.16478320671708416,0.1553152555562117,0.1338688803073523,0.10505955683824433,0.07996970076425299,0.07102178307446562,0.08529889662956594,0.11808762593317079,0.15433147727238963,0.17852116566761966,0.1813737517624109,0.15878024584257439,0.11244628584727319,0.05419549868632917,0.0018503168057302961,-0.0330180527013844,-0.04920515746611571
0.108822618493709,0.1138889118700552,0.12154893309779423,0.12645355376841935,0.12461417926177969,0.11925197300650572,0.11819951800382894,0.12450660476068166,0.13290269118532283,0.13533381080673798,0.1275580509187351,0.11089346182775521,0.08822959960976638,0.057033592399608445,0.0057278619432270285,-0.083309811456889,-0.226692190765915,-0.43068062448951533,-0.6751171724238305,-0.8956067271931311,-1.0,-0.9345477931481809,-0.73215561338436,-0.48030994967204,-0.25334013971762587,-0.0819084612282158,0.036437424182760206,0.11699054234840763,0.17291586190073135,0.21015469748407062,0.2317282296358237,0.2416114485132774,0.2432976941039127,0.2385624471982233,0.2287802816636156,0.21587850401106903,0.20281240707222287,0.19364300592545636,0.1901061126761713,0.1881659191904637,0.18213088959006973,0.1709709601299737,0.15815542707884764,0.14825213853211527,0.14374467741378946,0.14229316821349342,0.13899409729522968,0.13267737470695498,0.12670015319870157,0.12369966046039522
0.1466008929331204,0.14876437183676064,0.15534419575317773,0.1667802610011367,0.17997259671941168,0.19142473661861978,0.20013722718385482,0.20662089669376638,0.21012022627880353,0.20772846300027362,0.19612148045628672,0.1733733126268919,0.13869078582392763,0.09029897228850549,0.022990746187693423,-0.07425101693137405,-0.21872425036831858,-0.4242346308471634,-0.6743605766409889,-0.8991065377287754,-1.0,-0.9254483038282162,-0.7174732946375941,-0.4715579500836231,-0.2624776240408501,-0.11415997907531841,-0.01758597472808571,0.04394020233275639,0.08462347303097255,0.11506775861431165,0.14116826949447536,0.16377145074481383,0.18079588125901258,0.19066464015107293,0.19549985217395416,0.19990066974899007,0.20491642139307548,0.2067985005212406,0.20314289804847213,0.19473000908257282,0.18051718820219306,0.1581876373650704,0.13135517297358873,0.10928338766203054,0.09785001476564727,0.0954732943459214,0.09884493541299716,0.1083378941337226,0.12345284318486166,0.13608857886632414
0.09978123718062147,0.09984207456435885,0.09624395572810489,0.09064393239046994,0.08925914217210201,0.09390072583714953,0.10013267737501418,0.10305520732113434,0.10114639802994638,0.09502219852881125,0.08530833782357465,0.0729982010136787,0.058813373125326515,0.03774858445468825,-0.004544936676007607,-0.08745784595543882,-0.22808417297790587,-0.43237816289000247,-0.6781314151718223,-0.8982015107151156,-1.0,-0.9315064883394362,-0.7279128160355308,-0.47970929608551377,-0.26281203718631896,-0.10411474110622186,0.0053907315472823,0.08389777218822991,0.14276204733562828,0.1840944033468691,0.20741865608857044,0.21586887131352808,0.21505169187751227,0.2091195353276022,0.20060066420836134,0.19316819139266758,0.19303169564861608,0.20602771623254024,0.23180724875572012,0.26126468707082706,0.28202484289471047,0.28775055009448447,0.2802762543183111,0.26320307467540976,0.23750654970448512,0.2038454128806547,0.16646170372677274,0.13291203438839494,0.10945820131901018,0.09801484125814441
0.11642019009117018,0.13392797354009095,0.1563640115817049,0.17200461761239172,0.17811382256581024,0.17821164794375854,0.17727464674939036,0.17951791790100297,0.18595034142385042,0.19080926824483033,0.18290312282556595,0.15410769095108393,0.10559049717014228,0.043114195299946,-0.034046810477956914,-0.1386795450702942,-0.28956825463940206,-0.4952426654711757,-0.731586731602714,-0.9290798686392123,-1.0,-0.9037634323252238,-0.6842315406924777,-0.4323046872147597,-0.22027401518928266,-0.07220938729272335,0.022111725072547304,0.07859089389112921,0.10521378207114411,0.10846994407511432,0.09950268572766888,0.08892249012707493,0.08236085891694965,0.08423637231008278,0.09947604884343113,0.12745124983602402,0.1581491572826381,0.17989717010656267,0.19158622164043737,0.20274777909082717,0.2194889301455359,0.23560878658213055,0.24076081503390276,0.23299932674013552,0.22035853322961532,0.21113262088350737,0.20574292566237246,0.20009424186812957,0.19329216315048106,0.18848227242704246
0.16577417591907212,0.15784946178566311,0.15789494104140386,0.17484015021108057,0.19675992942106105,0.20700373590972052,0.20384974757853472,0.19694250077210265,0.1931449438391745,0.19088550233092477,0.18391542631260344,0.16696074778362607,0.13902288975140883,0.10112783675291187,0.04676994072530187,-0.04450733179717557,-0.19653884676631336,-0.415264593724783,-0.6714047662922009,-0.8950006582077401,-1.0,-0.9430249396817222,-0.7615481231997767,-0.5402670927910638,-0.3453494442257109,-0.19700619535641306,-0.0869320855110974,-0.002622526967903918,0.06381111693657163,0.11681803251967929,0.15860079545957112,0.19086741643942795,0.21727351717560234,0.2408973455192888,0.2596469665974731,0.26867760488174247,0.2669230475454226,0.2578705249941057,0.24515009481083533,0.2303087852746912,0.2140189730658939,0.19564571634064432,0.1716169186909102,0.13859934830023923,0.10015505645744373,0.0672634319406301,0.04968963017412893,0.047966020324327154,0.054509832692209624,0.06041449824647246
0.14524965830963243,0.14895073471349782,0.154822051101382,0.16041049774824537,0.16536490079981028,0.17161623034384157,0.1800055884522776,0.1880521007214695,0.19153871358266503,0.18650866092008678,0.16780743933481085,0.12998793539446798,0.07354885178110429,0.006493265984427111,-0.06520107518276093,-0.15133211985407247,-0.2779278208115121,-0.4648378838706446,-0.6953633731022411,-0.9033520920160261,-1.0,-0.9361727440074146,-0.745357438833773,-0.5159497555677399,-0.32211267192337123,-0.18546817303954966,-0.09082112860889396,-0.019643716082558174,0.03660979164395512,0.08278406623532382,0.12494313971677587,0.16680958878071775,0.20616747434545438,0.23742146792424604,0.25572433048123194,0.2575990737743572,0.2418471078429159,0.21500674300521483,0.19282731215092858,0.18851649374496088,0.2004776547085422,0.2161881813151184,0.22527899467543544,0.22558867098578356,0.22005613087420883,0.21229572566799146,0.20515750008395725,0.20011558911593616,0.19684493284892596,0.19492339379085802
0.10528243042191295,0.10318913370537432,0.10409986493125181,0.11283099935697262,0.1292159577636132,0.1490468543764028,0.16813484367031786,0.18436420342447446,0.1959949834387108,0.20035143484471804,0.1959458830551013,0.18305288945331186,0.160105912856176,0.12200703838087662,0.062479611937380525,-0.028095773843601245,-0.16818045016199681,-0.37532448923968187,-0.6351207752915189,-0.8770249337728179,-1.0,-0.9474971052008067,-0.7568316053427424,-0.5224578335567812,-0.32102089452928373,-0.17828348843935532,-0.08439059642572344,-0.018454305949173112,0.03722822120068535,0.09016293214168715,0.13693087917915767,0.170301529343018,0.18696001809956972,0.19001027627325234,0.18641708637832152,0.18108717887075979,0.174680973106263,0.16839936719322557,0.1664714546386828,0.17161895322069123,0.18104501406548695,0.1885989687426607,0.190527357885434,0.18789007562170518,0.18387443957034116,0.18122386580490485,0.18198239581339612,0.18696219420538954,0.19433184139929183,0.19987518738296298
0.11733847727761847,0.11729257331149111,0.12189082622256894,0.13517861789160207,0.1558120378149275,0.17785860030504078,0.19482886032144842,0.2020002981016772,0.19696297868275212,0.18004267933361903,0.15342894179950284,0.11849961444554427,0.07360356976467179,0.014077677337137327,-0.06595699477901037,-0.17333560983115262,-0.3177999036089896,-0.5076391967354508,-0.7289000034759028,-0.9220951297746106,-1.0,-0.9152870621037732,-0.7061545856441163,-0.4617213988394255,-0.2534319855849877,-0.10512995959775823,-0.007730774665666759,0.056375520186967995,0.10120169363352408,0.1357838840888752,0.1645442239518709,0.18752441941108286,0.20283209140122113,0.2100399040360399,0.21146848631695292,0.21071637006776026,0.21021391317155844,0.21007038174790663,0.20852106203129678,0.20353421249004391,0.19578205195681733,0.1896189113369583,0.18943065937334067,0.19498152216763476,0.20027737190975808,0.1984649544412512,0.18937537207309077,0.18022726309493278,0.17712296957870285,0.17825961356365425
0.11003301145969081,0.11363771516598062,0.12639629369851235,0.1522831583526999,0.18414783760476444,0.20750538046640724,0.21527445165156145,0.21187279142888532,0.20445776760407702,0.19633046670598,0.18718683710258716,0.17383094025934914,0.1488666694827048,0.10234891409539607,0.026943812578603454,-0.08227369595001735,-0.23440349933480434,-0.43968502903181084,-0.6844119105783978,-0.9035189001588168,-1.0,-0.9200353843694216,-0.7046806254433238,-0.45211649917767666,-0.23966025375184102,-0.08994272944620865,0.009114797965476646,0.07541717754098246,0.12128601505669222,0.1536708840446455,0.17653203744553794,0.1923051354551685,0.2020769198760907,0.2059277753997537,0.20390435320428574,0.19719419275601968,0.1889526843689426,0.18187101695418822,0.17436500683623496,0.16198024169116257,0.14289669709718433,0.12209831842570369,0.11048901080981466,0.11495324967312014,0.12729212147887442,0.13059959065644347,0.11870488232371142,0.10144064792471043,0.09015282121273778,0.08638690138763679
0.10377398801347962,0.11349454861790408,0.13093166651752652,0.1507486615404193,0.16507247307612855,0.1685192767262247,0.16267688961145005,0.15452675359188375,0.15057194450264813,0.15247086004782961,0.15661290098763297,0.15577637141280043,0.14194437273239682,0.10817518650286453,0.0464672420755392,-0.05525837426165066,-0.21103864692253888,-0.42629232188016936,-0.677780282407508,-0.8983146213819091,-1.0,-0.9380329498562776,-0.7487571142144775,-0.5136190320925141,-0.2975495975015156,-0.12636635062916662,-0.000342426095509699,0.08886179983291612,0.1505666671064298,0.19330471144332056,0.22446120611385464,0.24873013536051544,0.26582868564703127,0.27171392452019455,0.26377070250033113,0.24393504349766967,0.21752259207817964,0.1906048069656853,0.16761860119261132,0.15034128107633057,0.1389254205059889,0.13243903051698871,0.12815237519101208,0.12268525303764506,0.11474362015136776,0.10599894318828379,0.09987709283835397,0.09930431502259174,0.10374581448323408,0.10845655901597256
0.10288955056990227,0.10430629892157967,0.10498098924471351,0.10459676527294531,0.1061464567623513,0.11348727731800864,0.12805343838197977,0.14720961318387604,0.16653541734397706,0.18386997664078505,0.19970960116812425,0.21371366286139223,0.22146272449857723,0.2137754482483822,0.17661672505883463,0.08940621124043518,-0.07210724224877198,-0.31793526610532336,-0.6146933737116993,-0.875426296305884,-1.0,-0.9450425279451627,-0.7534411745904898,-0.5125134828950736,-0.29219090147899446,-0.12029198963783869,0.005101134421692729,0.09399543597644311,0.15262648977557158,0.18447183839584466,0.19486420494734458,0.19168461864151864,0.1832164075444238,0.17496204591608996,0.1672679575085565,0.15748910152118845,0.14483117820313726,0.13178134660835653,0.1218242281570954,0.11687014623643335,0.1160734790821134,0.11649600021915978,0.11478236195279823,0.10900495548993881,0.10060146968443962,0.0945646281588491,0.0962137736694296,0.10663599853103395,0.12080987330407389,0.13071342425784063
0.12082631348992733,0.1278257318999415,0.13762575388754897,0.14576085085376828,0.15072380347410938,0.1538064500100209,0.15696012210102,0.16142164985558025,0.16760214166137805,0.1750972838417064,0.1827108583948432,0.18835290394262816,0.18852829454081693,0.17688597146613647,0.14100637748930436,0.059728896762002444,-0.09247116389345547,-0.3274150512129286,-0.6152869367362187,-0.8729106181798472,-1.0,-0.9483917838120682,-0.7555885027551993,-0.5073479794182354,-0.27714566865031254,-0.09921941325420139,0.02311215378733756,0.10009198392818731,0.1443110950329519,0.16668424892952602,0.17610217856807367,0.1794597279830311,0.18079759268306528,0.1809924477701746,0.17933923032225194,0.17521457327989426,0.168294494862199,0.15851288218223133,0.14629001572634567,0.1323283739760213,0.1173581743310222,0.10233780988515205,0.08899027980538014,0.07988505055551705,0.07717569194065226,0.08094688659599578,0.08894402400635813,0.09802628860572872,0.1056596920129999,0.11005881747163723
0.08885312167107096,0.08060296800659475,0.07216106018553477,0.07148843905267767,0.08099981272776302,0.09876201477154675,0.12090354603497636,0.14239134670259923,0.15826296912021193,0.16537488666270592,0.16163051541127238,0.14421240133719637,0.11052413143910843,0.058854656231912134,-0.014809815675687293,-0.1207792381916084,-0.2741210713659782,-0.48231553763189783,-0.7226717652208788,-0.9262590982324507,-1.0,-0.890934675143647,-0.6345871856407619,-0.3301899590471235,-0.07017829392677384,0.10503103671571039,0.20260612445593348,0.2495650439360896,0.2709784553954322,0.28237751369864833,0.2902090432432975,0.29364692412157195,0.2873527003972506,0.26664574519428824,0.23206706428559237,0.18987398873029873,0.14922490868998164,0.11798880679425218,0.09889168870742832,0.08862333509985659,0.08131675724842485,0.0737762215751755,0.06759603172519599,0.06632642734393135,0.07098143495793977,0.0784226852665011,0.08418354456634133,0.08681840715156734,0.08812958952740557,0.08919129189352207
0.08509028935297125,0.08764429048160485,0.09353407376263632,0.10465840176433841,0.12204652655700028,0.14337547191870184,0.16370409257337695,0.17977356610379866,0.1926094910705009,0.20411588943293452,0.2133379671725499,0.21801723298038708,0.21624327064868687,0.20285084216951824,0.16399205161407712,0.07595579229110563,-0.08707011830030602,-0.33295509951621854,-0.6260632843289318,-0.8810417959034988,-1.0,-0.9367440013890469,-0.7291303095167755,-0.46569682546270397,-0.22522747701048532,-0.045497754923469816,0.07036341399432004,0.13581276680044643,0.16882894175800567,0.18486204056536373,0.1922671552434237,0.19310619778023091,0.18767632099316509,0.1772538390927145,0.1633752970755383,0.14599329869555083,0.12479637558600638,0.10330369086931583,0.08836053964467651,0.08404242453998165,0.08829605966304525,0.09518091426898218,0.09841200758470958,0.09399131230498428,0.08269901487885913,0.07092909611136719,0.06660211118836377,0.07230769671384062,0.08305429365639687,0.09096260744795928
0.13854664709742992,0.14498721436537731,0.16242265782745038,0.19087313234329986,0.22343233625849931,0.2522531916101059,0.27134585569424624,0.2732891175465373,0.24984815494167067,0.19978766497997635,0.13278590331672166,0.06354661057149238,0.0033743742362082395,-0.044373046250438974,-0.08635770485469622,-0.14255375017422844,-0.2460048630369737,-0.4252972788415877,-0.6685051183523876,-0.8979972746814453,-1.0,-0.9088408212768215,-0.6647743117987264,-0.3762065956880796,-0.13451746145527205,0.028349097846048756,0.12267544413619232,0.16724238212373574,0.17665736826865897,0.167698811856477,0.15890668644273864,0.1582312040919773,0.15912470590128322,0.151967215061132,0.13545355820835595,0.11736246989048969,0.10751758636252548,0.11118305190384599,0.12823230969475835,0.15427125737447656,0.18016866370474596,0.1946927103655418,0.19062819234901685,0.1685159010127104,0.13542209592207774,0.10087218537213027,0.07422753468676692,0.06257596884604348,0.06518815393463546,0.0717708102652767
-0.03065662556553227,-0.033097194608430566,-0.02731467819469863,-0.010083419104125128,0.0093766129008127,0.022458593807914713,0.029632695659938358,0.034415028638546286,0.03649018570321522,0.03541981792010205,0.03537813383566486,0.04021431995578229,0.047298588707983064,0.04889355574982841,0.033178743746640066,-0.020997776841954495,-0.1437556990499531,-0.35402766926560375,-0.6258103851795745,-0.8747624123511909,-1.0,-0.9574650961936749,-0.7874519651419613,-0.5688678650625745,-0.36074006642463946,-0.18590587138109635,-0.048078933487644755,0.05094346223487025,0.10812635432214672,0.1241642099079344,0.10630486033078489,0.0657558135987283,0.01507215711378082,-0.03398867182852641,-0.07505433468670612,-0.10679077108607309,-0.12622065248168898,-0.12698676300610465,-0.1001867320614176,-0.03306997262640217,0.08331400595102596,0.24035751368177585,0.410474262831467,0.560548331785506,0.6680355665881458,0.7299097153950359,0.7595546337635749,0.7733270568712395,0.780040128091393,0.7826292065357371
0.10484179716352518,0.11239430602042157,0.13133563833982576,0.16062297183131358,0.18978174309373466,0.2102324813518452,0.2261239217354729,0.2461555935225863,0.26971332033501205,0.2849376670621263,0.276696598958771,0.23805410126690496,0.17708791872027785,0.10940676606319792,0.04028310606773355,-0.04812147658158797,-0.1897439929145753,-0.4052315767127399,-0.6686716459705426,-0.899378326799452,-1.0,-0.9276001862066214,-0.7299907028682672,-0.5009716675558834,-0.3088362035691794,-0.17212745806879873,-0.08073118387589978,-0.019716764102797338,0.02309378399338355,0.05728591224806727,0.08873127919018024,0.11816067133227323,0.14298305490807964,0.16170093509612923,0.17589330367374986,0.1863737228707498,0.1890873993582022,0.18116753707493546,0.17171850017194645,0.17547331662821083,0.19213290065069494,0.20274946095965157,0.19054794302651662,0.15859137702440984,0.1255299048077523,0.10859435899865966,0.11133820509568912,0.12516747568510414,0.13940861525155082,0.1477235956476589
0.13505756579757972,0.12189421710614895,0.10615032255027498,0.09782212491414578,0.10148037844908205,0.11866931333310866,0.1482247532485068,0.18308964567397784,0.2083917120192906,0.207915552051094,0.1786883667989641,0.13466594109360774,0.09004275442263619,0.046111497768219836,-0.006486358890715684,-0.08609689621412922,-0.21833470679376257,-0.420389769903736,-0.6725945827120384,-0.8998718955284101,-1.0,-0.9192596403029377,-0.7004032201080183,-0.4418195447792952,-0.2194905178099809,-0.05614520890969664,0.05855127826575502,0.14051988918451416,0.19988604834450616,0.24399396328138617,0.28122872158968176,0.31677213527052006,0.34639511753068347,0.35858878858233595,0.3437990016918596,0.3010626066350065,0.2403846833947082,0.180842492962587,0.1392836162953023,0.11731583612877863,0.10309951878631482,0.0856642267987361,0.06464182540247838,0.04715974938009047,0.03788790659977496,0.0351895493252413,0.03529797516939185,0.03422810544526765,0.028752152214347453,0.022143008446815753
0.1899437921364281,0.19872545254568968,0.21122732928132218,0.2224942059149623,0.22844552347572236,0.2258702253624369,0.21600562992924655,0.2053737723024528,0.20069605799508666,0.20318912488750596,0.2066992292576386,0.1980570956015768,0.1616888979101745,0.09129402281223609,-0.005071442276171232,-0.11950540963231758,-0.2620332111402645,-0.4535116581266749,-0.6887859613701681,-0.903706034681206,-1.0,-0.9263505844784661,-0.7252953528081969,-0.48901828719879126,-0.2872397089088284,-0.14210387999639337,-0.044959509364982754,0.020983641327791902,0.06806218396325622,0.10291641996038337,0.12958932766716486,0.14849980347405664,0.15607542680091588,0.15231754324036972,0.14669955058375134,0.15078499603290066,0.1669143517533682,0.18871322920378983,0.2080505809680666,0.2164356699404121,0.20699873244982578,0.1820287499785006,0.15419140847934348,0.1363140644821934,0.13098149900125955,0.13083609308052382,0.1284816680362026,0.12361036482179165,0.11983686089803411,0.1185485144260794
0.12357543741272461,0.1290489290132315,0.14192586792286807,0.1612879758171813,0.18118191811839704,0.19549753715139148,0.20293217391280913,0.20474478548397224,0.20070427684341968,0.18958886298177952,0.17130370418607033,0.14746794839176616,0.11931284278808053,0.08280601629559703,0.026545003715847247,-0.06530553257038192,-0.20983129266141443,-0.4170975665481114,-0.6675213983673923,-0.8927231046893316,-1.0,-0.9408416811153897,-0.7528175988351685,-0.5225499787809783,-0.3184206847653717,-0.16409514154287808,-0.053688848049793694,0.027352958468203105,0.09120120736754839,0.143600018894788,0.184399793712405,0.2113728906344981,0.2238587763280865,0.22408073267488302,0.2162912033468082,0.20429080020037263,0.19012822921949507,0.17608753165633556,0.1656789758307896,0.15985714182334923,0.1548518438205903,0.14725453581568823,0.13897142862743467,0.13515083955800158,0.13889950712080865,0.1484142687680822,0.15827609894555694,0.16344007376718242,0.16296386782028494,0.16054682348988344
0.12916445438232022,0.13421013308490415,0.14327675744585652,0.15638912752654666,0.1736223684864452,0.1930218028029618,0.21141403124284758,0.22627882938115562,0.2358395369136185,0.23800680618773037,0.22994793103888694,0.2080396302710559,0.16834835599784248,0.10821625077831735,0.0261535487142542,-0.08303389283860851,-0.2326402397144468,-0.43521403757661026,-0.676625302640861,-0.8946573798293477,-1.0,-0.9418566125585407,-0.7525128724319489,-0.5164237671510318,-0.3040557309632463,-0.14106677577504498,-0.02198780506132113,0.0661358906409142,0.13235106537906224,0.18095377759859063,0.21403226562791872,0.23390880116043314,0.24338027313071417,0.2437624647894723,0.23405329261381225,0.21397359501293292,0.187476025520805,0.16119339791099074,0.13999813017049825,0.1253445692382947,0.1163143580527864,0.11095573980565393,0.10732480266109938,0.1036615752483513,0.0988845082835438,0.09447746216424781,0.0940609239333694,0.09899590354035627,0.10608331225943937,0.11082271754297758
0.20749163606292462,0.1892540871864144,0.1686937943911472,0.15855008655867353,0.15574801085137652,0.14912775252978971,0.13581662094110003,0.12557772389266078,0.13075465259926378,0.15389766377746517,0.1823447813847534,0.1953939948354856,0.17842785675880246,0.12787692828123026,0.043944682845248106,-0.07710953091023852,-0.24383777111411684,-0.4598085727274487,-0.7024947337078724,-0.909267970916549,-1.0,-0.9338324353245507,-0.744520482751246,-0.5121345516577346,-0.30694741908369744,-0.16102520671239162,-0.07285721639006906,-0.023423724945639098,0.00927480260564504,0.04137176505164904,0.07994385380476812,0.12349571904323786,0.16502935520870282,0.19658331863342518,0.21374604695717242,0.21906849199834902,0.22182449845693983,0.2307588621002561,0.2444609006474974,0.25211324185412615,0.24644765958013343,0.23208924957247395,0.21792013262343818,0.20645553143300532,0.19440787975710463,0.17901559294118394,0.16122446990600192,0.14501720076229013,0.13431587498276054,0.12979489542505787
0.12150167703164233,0.12504039224740238,0.13326333392009523,0.147237669610876,0.16524854685333507,0.18195230911073124,0.18969949853517515,0.18385811136125013,0.16914666919393453,0.15683997168121291,0.15383713107498947,0.15580474538896427,0.1506134047076658,0.12491874073372168,0.06637099674871062,-0.03665959270799641,-0.19520858598181806,-0.41436635180640796,-0.6722679812056974,-0.8987610582441369,-1.0,-0.9312318812775292,-0.7377978103875564,-0.511255462233446,-0.3179633302905453,-0.17578411711908656,-0.07643043007470088,-0.008046132556940528,0.04034610096383772,0.07971005557080643,0.11727934349639914,0.15327963773435702,0.1842860967372622,0.20838374304915805,0.2258887477702358,0.2375472191632868,0.24311725221689212,0.2417212196602149,0.23408274003213578,0.2237987320597748,0.21528093862476325,0.21002603743541068,0.20418435477516267,0.19061188719197109,0.16644810848705652,0.13831558756157425,0.1168531480197821,0.10694045832455201,0.10554465339532196,0.10679347341619944
0.15244151998506547,0.16072137170909803,0.17875623346854286,0.20338924974687023,0.22703015193126141,0.24433424637550102,0.2551955530522698,0.26177736873499297,0.2635898453386495,0.25551998400338677,0.23115597291995962,0.18755114184700486,0.12644078829077662,0.05018216340983209,-0.04371985277549737,-0.1633522135289824,-0.3187475998183118,-0.5154868333025546,-0.7379804997873974,-0.9281261815169998,-1.0,-0.906914767174856,-0.6909111802190304,-0.4473356146762194,-0.24981549769981923,-0.1173759775614955,-0.032081916406858174,0.03056735885719768,0.08448217195580154,0.1326985420128568,0.17320217951263042,0.20273606068729072,0.21903651493002854,0.22222676735356456,0.21575343545825207,0.20548719989842298,0.1964325314222307,0.19144746484431707,0.1914316244624397,0.19200521698083167,0.18268132781959592,0.1566924457251524,0.1207795228659537,0.09003349943417435,0.07500299061944081,0.0765077954221036,0.08795282143418628,0.09928951614398107,0.10384373022420328,0.10347182559015479
0.1625530453937567,0.16197813482019294,0.16145865601299123,0.16107924637524496,0.15990279556390566,0.15792772998089435,0.15834503967646532,0.16643714109246577,0.18392267948419921,0.20419098759706447,0.21647041980392953,0.2142942849403181,0.1959776373457904,0.15799090606087374,0.09055794422143902,-0.02165291300994823,-0.19332680101613897,-0.4248620786638876,-0.684747741239432,-0.9034150112854095,-1.0,-0.9373213851970807,-0.7526504586919791,-0.5253126795179073,-0.31961823541392353,-0.16111984535693616,-0.04892300321132221,0.026354177154701106,0.07486131835968264,0.1059604040597178,0.12680268309153922,0.14179653398471728,0.1541792768012371,0.1667196339196569,0.17983180066723514,0.1903146333645598,0.19328151479599318,0.18604836136215744,0.1718376114080336,0.1593326237904234,0.15590268721563724,0.16114470049462956,0.16882394676081042,0.17368034212126565,0.17330040789628287,0.1658053964467511,0.15159197016133424,0.13674269747275278,0.12853967684912165,0.12701110605619403
0.10934111996011585,0.106726154121417,0.11095244037833746,0.12678283814100952,0.14618345099064475,0.15623625285822482,0.15260890905881203,0.14261670305393107,0.135820726911075,0.13550325097621993,0.1387761140249444,0.14036107861479752,0.13349470823372095,0.1067276788082274,0.04377651128341551,-0.0687383788349151,-0.23430110984065192,-0.4469118908464262,-0.685489785418488,-0.8960705316235993,-1.0,-0.9515992169559048,-0.7829555739349343,-0.5733247920541334,-0.38266080543723024,-0.22501334188981478,-0.09249297570493467,0.01707710050331312,0.10217795903713238,0.1709439962010173,0.23588380596472658,0.29766201085412175,0.3431902004112761,0.360259478073252,0.3494762071008255,0.32169319130944407,0.2870399596998971,0.24878239926334772,0.2076947906204843,0.16936779685800882,0.14392882700637238,0.13587068824154924,0.1369106629009838,0.13502503793873283,0.12752477419876795,0.12034140591489423,0.11959206311898975,0.1276807748229133,0.14193012489120993,0.15359721019487962
0.17933265701525875,0.1876803197445887,0.2035451196486666,0.21981183823347797,0.22487730726176963,0.21102952554231125,0.18130903973573137,0.14876417865653344,0.1249808278191504,0.1096848954068727,0.09501942224404585,0.07693131682954318,0.05689696187834456,0.03229183245869561,-0.010230435534354898,-0.0904937347887815,-0.2271868648828159,-0.4286007651239754,-0.6734557352737578,-0.8944240092715438,-1.0,-0.9394545556463716,-0.7479642691991739,-0.5147656454006436,-0.31260850212666624,-0.16289357699656418,-0.05110660935050812,0.04042797922027581,0.11478132752074897,0.16777605083515817,0.20257043544839182,0.22889347596604812,0.2510347743113115,0.26464157584380965,0.2642902751761341,0.24868738173275892,0.22026453214764274,0.1835457522322815,0.1442593617647123,0.11031463081721736,0.09156336358121385,0.09446222082622151,0.11588777312628452,0.1431078328041444,0.1628350294043505,0.17196613750638948,0.17764582033294193,0.18758458350385487,0.2017931488702095,0.2126959981480648
0.16792037333308266,0.1725423885307078,0.18258215369378375,0.1985988555590611,0.21706645051683432,0.22941943515828994,0.22875082264588864,0.2141540335639746,0.18820820784759887,0.1561945873783661,0.12532269159410198,0.0994682776195085,0.07632013708311891,0.048422571243901716,0.0020781483121842777,-0.08309277596163686,-0.2272028185352147,-0.43689886856069465,-0.6869459091093482,-0.9060899616712838,-1.0,-0.9187638969355114,-0.7024022155586696,-0.44468208444595236,-0.2206520594569043,-0.05721481283075731,0.048677255578269275,0.10852345987420783,0.1352225481946223,0.14097787960466454,0.13571999050009662,0.12675968252036685,0.1194726002403177,0.11735479212619854,0.12048575378745274,0.12642151724699818,0.13400409810698916,0.14303316043369013,0.15062363798554232,0.15249063548307737,0.14827870364507237,0.14291909856405416,0.1426890532533492,0.15058217841190713,0.16368867421142422,0.1747255284264942,0.17831579734805017,0.17558513825229355,0.1713802094163771,0.1689648757740544
0.027154594649852513,0.02666875546665637,0.030050389371293867,0.03851372764304767,0.04641395845918101,0.04739358727444537,0.03998170767764588,0.02708097417471766,0.011673359344332614,-0.008583136011296441,-0.04038898064715441,-0.08419653517620035,-0.1270702307083855,-0.15660948486454498,-0.18313610659525556,-0.23706108056313652,-0.34593761869951667,-0.5179664305680345,-0.7298047298011937,-0.9178245307619333,-1.0,-0.9315668094120448,-0.7411996101087629,-0.5053298446772018,-0.29133647123626166,-0.1253174760513505,0.00020455367594409923,0.10169045861425004,0.19067905478946776,0.2750579483245667,0.35916922058830514,0.4368291143991966,0.4923332345257166,0.5173371926875804,0.5216456467661567,0.5188275338720488,0.5081842058392197,0.47988967103925956,0.43107537594525175,0.3677773310206949,0.2970591734744586,0.2254634693677964,0.16188275007655903,0.11620603396114523,0.09439806801180184,0.09478033726719651,0.10721788645495943,0.1175902027558841,0.11845204948958407,0.11464750887405635
0.12495557291227097,0.13522083106972177,0.16116333902290092,0.2010053532454071,0.23936154558849496,0.25661376579563816,0.2437614094710608,0.20872395520293688,0.16766230728629256,0.1301337148631817,0.09425546050591779,0.053754187202768,0.00840888149776916,-0.031869065515478294,-0.06058394326823263,-0.0985197078151616,-0.1940124179500521,-0.3843441912534449,-0.6481598802195402,-0.8925388973793722,-1.0,-0.9148017973303492,-0.6872719509919426,-0.42444620695696283,-0.20920553904737296,-0.06904943315391812,0.00638838874191173,0.040454899191002036,0.05576438646532181,0.0678044822622536,0.08450158109776276,0.11106347891871582,0.14996653207186383,0.19555858743071972,0.2352068487373309,0.25701894207419695,0.2561738267517659,0.23736112827625216,0.21122966345356795,0.18777175629656312,0.17405127120124878,0.17244947289882578,0.17618627066018097,0.17269845379637433,0.15729112888321856,0.13865131986824086,0.12742125574787044,0.12477050113958456,0.1250665404452542,0.12493199080743965
0.07700116989544607,0.07367879303887939,0.07032118596159916,0.07125779527896428,0.08166620577404814,0.10540679696530239,0.14064726567231567,0.1783558455418015,0.20640212443996298,0.21582683076976372,0.20497935779332047,0.1791870503189392,0.1448914412927672,0.10365526182594169,0.049801805250015145,-0.03200390697100722,-0.1667554989628,-0.3746792483937083,-0.639220247113112,-0.8835904406357878,-1.0,-0.9301960757501528,-0.7156159490034302,-0.45673151764412256,-0.2363910439925403,-0.08567934495086879,0.004079095869544171,0.05636931134668275,0.09068219080982765,0.11553359861034865,0.1318915621126191,0.13973754934006277,0.14151696584862206,0.1416744593594536,0.14468339982470813,0.15344040448363888,0.16847821307492203,0.18786438799342237,0.20706916544112317,0.21897541133045414,0.21634463757716252,0.19647433809622722,0.16503704257421653,0.1352740214015647,0.12095968725031409,0.12790256396231098,0.15119053737718638,0.18006474531931396,0.2044732984490002,0.21806775614573698
0.1527083383776725,0.14570764823928517,0.1347537025354233,0.12260885108525742,0.11141640657027949,0.10418568354622214,0.10258822189354014,0.10508230912305193,0.10931386900136919,0.11297281766139593,0.1117265897712226,0.09939301257785436,0.07088244021194869,0.02389177503725776,-0.04415742981251596,-0.1406843349926114,-0.27909777129740976,-0.47141109285019134,-0.7036950356070549,-0.9110635701593838,-1.0,-0.9235683071618012,-0.7269409917391905,-0.5026945223208558,-0.3150119267889898,-0.1733162244143371,-0.05741483901673775,0.04865148311125631,0.14429134107833208,0.22062525694736468,0.27143873794645346,0.29802800252516737,0.3091093260010165,0.31493233940891796,0.31969433748990733,0.32091982263152746,0.31424661585939745,0.2977127492207561,0.27367378521760577,0.24655364771176289,0.21919165217612674,0.19312505984280107,0.16943662425972478,0.1478935779104291,0.12855168946090093,0.11307687853637673,0.10281980197076275,0.09742329464735677,0.09540011389923864,0.09502824267611591
0.06130534822816573,0.07239234159121581,0.0881991216161984,0.10642534262668657,0.12747484511150442,0.1480076045133588,0.16496182183780755,0.17692253090679427,0.17799928420143735,0.1606441553751688,0.12536442239885265,0.07898864237581273,0.02519516140769244,-0.036373999757511745,-0.10757974584538935,-0.19688884579717397,-0.32291707673910297,-0.5033539979961327,-0.7269400971499911,-0.9266098598412355,-1.0,-0.8887785821541353,-0.6379651239294408,-0.3590727249495093,-0.1408945136791853,-0.0044795734497690655,0.07731507824464001,0.13738592756881665,0.18604989513158776,0.21609247739347393,0.22811384376251112,0.23886617134638233,0.2639185764372834,0.299270494794395,0.32418660034704927,0.32279607131854504,0.2975861574609241,0.2608735666517779,0.22184909168082598,0.18434986505652637,0.15180145106885162,0.1286974080749245,0.11459574998114318,0.10221055414542742,0.08617928914648615,0.07120995555701795,0.06967217067630117,0.08914963931686802,0.12100017515276991,0.14480330878335282
0.10252092410131952,0.10514841441501922,0.1082584046385432,0.111732458282096,0.1154119561447351,0.11620741296437663,0.11134142725867821,0.10263773344800099,0.09511919478827166,0.09122782686199327,0.08847313326957972,0.08319441286918663,0.0732854227793996,0.054518181075366184,0.01576083235198752,-0.06145473258244525,-0.19883148186035493,-0.40781530951047174,-0.6645888287285234,-0.8944228976340368,-1.0,-0.929994008956039,-0.7204300522271067,-0.46037749300640296,-0.22664064548691637,-0.05290644940680773,0.061258161344758456,0.1309501530786474,0.17380764409103786,0.20272016269647725,0.22146438259596696,0.22910651985784902,0.22793562570181172,0.22401367556942234,0.22142977976343792,0.2189482270761561,0.21329943668898668,0.20387774473951287,0.19319724226302631,0.1844770678556709,0.17919079869726395,0.1760255142081418,0.17203775014695988,0.1648248194429939,0.15401697287892477,0.14226979212562346,0.13449798731249973,0.13376122053462536,0.1378668170352904,0.14164666844546628
0.034267127853631806,0.03509421521801467,0.04121231567064439,0.05409442226314637,0.07017809178932394,0.08528509577805465,0.09740104737764743,0.10648849632311211,0.11374821642391239,0.12035894336376236,0.12526167364490234,0.12383062837507809,0.11055753729057609,0.08296780631742313,0.03817744025191451,-0.037342467323879296,-0.1688750658507194,-0.37428834508888764,-0.6335994475924106,-0.8739163988640536,-1.0,-0.961276492030175,-0.7895469641006111,-0.5642731312233643,-0.35082237318011056,-0.17499836416661718,-0.03524545611670243,0.07707433127212557,0.1649284367970882,0.22598082988783902,0.2622155352017209,0.283577751516212,0.2989225975484245,0.3072678744840252,0.3026694246280807,0.28508872322017437,0.26151839099997026,0.23859794236764093,0.21974174126374552,0.20722165015113964,0.2009557349546592,0.1973710860051111,0.19207438911624616,0.18187833447644786,0.16629438595153356,0.14887438271551418,0.13461877446593554,0.12585473149502685,0.12184982611465696,0.12068457296306849
0.08004372974065749,0.08447257804921209,0.09504992456798586,0.1118448609287259,0.13118875596505644,0.14788369919636987,0.15869014451437558,0.16398250085124247,0.16653112948581567,0.16723111024628384,0.16300035670922156,0.15131548211234438,0.13428755494441386,0.11391914669983301,0.081960656195789,0.013463655736931202,-0.12536974621332392,-0.3504536651635848,-0.6298072101920187,-0.8789588307224611,-1.0,-0.9465689810267655,-0.756732477098339,-0.5177648875384813,-0.3037644956507746,-0.14536480728099863,-0.03826263199342581,0.03541424968582841,0.09090853347219685,0.1349120605411243,0.16810189440017004,0.190851284564972,0.2062392051551356,0.2174000053449252,0.22394548521860783,0.2241048801966667,0.21785065664286024,0.2054469450210021,0.1876902482512188,0.1684001258120115,0.1528101064443857,0.14425630056960034,0.14232701409296228,0.14236452517222475,0.13923551224683767,0.13361907976795215,0.13258394619448174,0.1417358577168735,0.1577640019711411,0.1702205284527366
0.19457202918741023,0.1985080293310382,0.19969238018226718,0.19319782477995978,0.18464968853310768,0.18371796503523136,0.18913972313343536,0.19000608008108474,0.17985780219595085,0.16109613165798356,0.13863457824052186,0.11392791197750769,0.08364755660415138,0.04322315976340515,-0.011110601135021117,-0.08920414828247376,-0.21418810024883278,-0.40931461782705386,-0.6612156227713256,-0.89397579293743,-1.0,-0.9213566288405536,-0.700126577230805,-0.43882731027325866,-0.22202647353913169,-0.07873102645531017,0.003990274834555978,0.05131453910408628,0.08273965377408046,0.109264119078947,0.13460734955647757,0.15596520129781538,0.16937223304489657,0.17675823554225223,0.18424657774825964,0.19515362269268863,0.2090058246728983,0.22264518868155003,0.2280670819135266,0.21628024383678962,0.18725058944815298,0.1518302972764888,0.12354397280854304,0.11000022880169308,0.10956986475196266,0.11430933279854759,0.11696851442866099,0.11531793578001721,0.11091379000737261,0.10709136695787844
0.16686984782352046,0.15938876005446762,0.1546903812316473,0.1584465764037983,0.1660648321647652,0.17049709288164877,0.16936040088752516,0.16289973172585465,0.14873907341244247,0.1245905976836949,0.09391498431598873,0.061131712937326034,0.023624513557973504,-0.0253966316304203,-0.0896002877539741,-0.1729070129171345,-0.291179592765874,-0.46746130371473793,-0.6955915757954255,-0.9071998393014102,-1.0,-0.9199963799954803,-0.708964367698055,-0.4629503009621646,-0.2580613577473543,-0.11846527702959768,-0.03101293758376696,0.02797909635935123,0.07698783787101171,0.12520081233330096,0.1723660390956841,0.21191972860588876,0.23781838131515876,0.24977012763181855,0.2518690903977865,0.24725648502089623,0.23673483577548943,0.22203862094997445,0.20721671279674936,0.1953162675801022,0.18572651766395434,0.17726925793338782,0.17209462494477198,0.17306685474276698,0.17844891198130974,0.18423142546745894,0.19151096756068017,0.20485029725906145,0.2227995265869835,0.23609593994115546
0.06409460086585358,0.07419369925299357,0.09621700131156881,0.12381111220973519,0.1408062728308755,0.14107472297895543,0.13470632163636836,0.13038130096401704,0.1286093800404204,0.12656611188144393,0.11833497767460939,0.09895186781977539,0.07261875048967702,0.048427922879189504,0.024630326339792404,-0.02367111163607659,-0.13876908310676345,-0.3480735697735905,-0.6240444147842691,-0.8767423533906574,-1.0,-0.9439110045473147,-0.7516763630981409,-0.5228465297938347,-0.33928474170495054,-0.2227744601109945,-0.1478305766943789,-0.0785714107691511,0.005037908538557031,0.1002298578368168,0.19038398542993398,0.260052702229984,0.303857575269326,0.32500083318001977,0.32756601441933264,0.3129199787129198,0.2849423505214526,0.2526675610934701,0.2239840617285542,0.20196302614161632,0.18838725699134728,0.18485011949258717,0.1890847493737805,0.19441435982332844,0.19430265620303602,0.18614789435634124,0.1708807317597635,0.1509460316903061,0.13045988088314714,0.11669171455922608
0.13531914597586775,0.14876131528004496,0.177162123486018,0.21753506343045503,0.2560131184491968,0.2736580161371222,0.2603466205128572,0.22264851800698718,0.17878280530120028,0.1414574694926936,0.10608904610761921,0.06182343779537327,0.009200895115909808,-0.04269295082791602,-0.0930356172018159,-0.15851652517038206,-0.2691690999474992,-0.4486388493379047,-0.6816783691457671,-0.8967222765886843,-1.0,-0.9451953636984444,-0.764693203018615,-0.5351077173973567,-0.3267096683570794,-0.17390924606652344,-0.07173996235050148,0.003974443049630465,0.07062074699449081,0.12820364734931436,0.16689616190139758,0.18105905346644988,0.17668886431374467,0.167529332639446,0.1660860243872582,0.1776582806551199,0.1994347465646396,0.22315847370314618,0.23984164961222135,0.24407610992820086,0.2356845768671512,0.21839608322631374,0.1972108184979729,0.17799590269163829,0.16823120890813295,0.17328270913069574,0.19163131259745683,0.21654537218221584,0.24013455424948207,0.2546712011010252
0.17747415350990223,0.18260203625374802,0.184725934299636,0.17611705381792028,0.15782526336636565,0.14037568984078155,0.13709285849584912,0.1533188514737323,0.17845779687081595,0.1936322146658477,0.18855785320594318,0.16592694623313387,0.13245491387992553,0.0905396365612617,0.03473326248928693,-0.049750269777173325,-0.18513302650522245,-0.3881042536736737,-0.6426078182801067,-0.8790271437494194,-1.0,-0.9542754073574509,-0.7824622423527173,-0.5760255796180261,-0.40201237425227837,-0.27470909154711814,-0.18030739658133865,-0.1069147549338784,-0.04964731225393435,-0.0032113653394864852,0.03839402949761266,0.07807300079255644,0.11675923393871157,0.1548274472986062,0.1893203104652729,0.21434024749597752,0.22756409143148684,0.2341342703301733,0.2421537795785547,0.25445299479817074,0.26560105689787594,0.2692433128937368,0.266720708604322,0.26323738922070355,0.25846323473769334,0.24874442930932453,0.23494553473155352,0.2202661581979591,0.2063344249202977,0.19677791611708528
0.19039584773745422,0.18493893680495446,0.1786965666284098,0.17820964351670207,0.1835400097486637,0.18471477024503608,0.17221739302560157,0.14775854045541326,0.12012071828081047,0.09435257403126397,0.06742140181136644,0.03308610111520181,-0.009386551538257322,-0.05506793396136117,-0.10619841283642531,-0.18117253150335577,-0.30466955669429135,-0.48809514418085354,-0.711023028016538,-0.9101546777335501,-1.0,-0.9321642856782145,-0.7377513909574731,-0.49969547182917384,-0.28832805384929183,-0.12878732577954233,-0.01487758352428804,0.06560631737366675,0.12121830906706242,0.1591639594015534,0.18669410390384114,0.20840609628825155,0.2246513869051101,0.23419375461922262,0.23692045417121174,0.23273881288172532,0.2204644138885427,0.2025496665261509,0.1892519301294333,0.19109302502670977,0.20777794315298856,0.22944545540992134,0.24582702490264563,0.25071865631151735,0.2426458680900368,0.22518018254184258,0.20546335055324672,0.1903552959848758,0.1822563998309485,0.17929703772123298
0.05652949301667226,0.06328552454316619,0.08440988366408575,0.1227598303876804,0.1667447545542915,0.19799610452297442,0.2071308480270083,0.19466828557257584,0.1631244528945267,0.1177706520566634,0.06817314646028866,0.02200741562348392,-0.017909993857682924,-0.051175628832648826,-0.08499141031691872,-0.14162448575102654,-0.2509865852171365,-0.4311911501928526,-0.6651114872293342,-0.8851132247837462,-1.0,-0.9623947153638538,-0.8027694303313412,-0.5913233591751298,-0.3857875142262418,-0.2149465759606882,-0.08386488600176875,0.01660609911227894,0.09638742456022308,0.157876644290253,0.20229630492900758,0.23794228605865803,0.27225963724396063,0.29988761620432425,0.311184476414259,0.311149601535498,0.3169072098104153,0.33553897141146954,0.3572418000744884,0.3703788856535013,0.37046413591718236,0.3537464084773053,0.31390452399970753,0.25192021648213003,0.1827347084072706,0.12467226910259012,0.08513697840781184,0.05997171093094372,0.043036074587602134,0.03334607230607234
0.06697807722677104,0.07292964705406438,0.0855733697887111,0.10409419792446813,0.1247570058975178,0.14339288447693574,0.1597802377294348,0.1785595984166655,0.2041117620493297,0.23476671483238715,0.2614937428766398,0.2701332450347006,0.2474456093443499,0.18826173726838,0.09465307036264345,-0.03286236278888192,-0.2015220106884014,-0.4198563177695353,-0.67295217360153,-0.8973123465130857,-1.0,-0.9290009711820825,-0.7215515990947008,-0.4714466382640702,-0.2589463646060209,-0.11560904299833398,-0.03406742173752838,0.009233878596053655,0.03844605452935954,0.07006347953124538,0.108945920530817,0.1494481081368966,0.18293216511480778,0.20580002915720372,0.21960662665918934,0.2263063719899124,0.22686090916372179,0.22323183382862954,0.21844447665243677,0.21254933847013407,0.2012005226760087,0.1821547203112972,0.15952932996233826,0.13753109876169095,0.11546211759562217,0.09360956629997583,0.07839640393045431,0.0764883137344773,0.08597393722099775,0.09598114610790158
-0.022606426928409706,-0.007870566894208241,0.014748610583328658,0.034879711302481034,0.044446041620552774,0.043030789318603414,0.03609566390311022,0.027236123719426398,0.01547605976135551,0.000538555761150938,-0.013797312992907875,-0.024461606573001216,-0.03562815754076184,-0.05922950704657949,-0.10982366418938048,-0.2006324914004869,-0.3429575432704668,-0.5398313955677226,-0.7670079598278052,-0.9544067545773715,-1.0,-0.8326881959472295,-0.47872539633715816,-0.05703942608749184,0.29827409926556014,0.5123832801433704,0.5863025170364644,0.5658514791265098,0.5021245559099484,0.4301980907483505,0.3668756294690884,0.31624275517694167,0.2759073145976181,0.24181703036963723,0.21023472229911594,0.17729405294277523,0.1401891230370852,0.10054034866087186,0.06547999099030376,0.043743938880847086,0.0384777603516008,0.043825839936201656,0.049870171724038126,0.04969261322386049,0.042468373188258406,0.03292419636431163,0.0277180246170233,0.030212131608388534,0.037714891436964326,0.04389191810583725
0.09060637279383568,0.09187975533384682,0.09300997901164011,0.09246358405506643,0.09109680766159814,0.09217412866434525,0.09797685737876745,0.10758633014802325,0.12002599698341158,0.1366543898102119,0.1578801707727404,0.18142125854418506,0.20293489809384038,0.2131796692807619,0.1940566297111486,0.11822494680198321,-0.04275222478188347,-0.29610260063406135,-0.601233579937603,-0.8682552031757391,-1.0,-0.9535265811271347,-0.7661584935777621,-0.5208267674656116,-0.2909008073787979,-0.11507513972557934,-0.0028330119058663844,0.054669971787830486,0.07540152729894017,0.07702493254587758,0.07059623760994978,0.060489692641988925,0.05005948628017609,0.04587901109604529,0.054245555585153885,0.07669523626430473,0.11043097014790959,0.14973343056032198,0.18730836388736655,0.2163212729165842,0.23319683445298273,0.24063624967771896,0.2456311945187125,0.25207826307934217,0.2563284117124964,0.2500247909510015,0.2264812792794909,0.18670831669722562,0.14280596643354582,0.11374563923966703
0.1665561451676612,0.18012808074480788,0.19445843049441536,0.19794950442587622,0.18954972231102915,0.1753229488651308,0.16228707027902148,0.15728993530245805,0.16660991100408504,0.1918438757634941,0.2261181986335882,0.2544595914638332,0.25854436994733787,0.22443981190070666,0.14679838863421973,0.02370520719730515,-0.15104450217152374,-0.38235428390080306,-0.6488445782898584,-0.8834765120324733,-1.0,-0.9556705303430645,-0.7830584348156551,-0.557934747052307,-0.34666133078047817,-0.18192880898168115,-0.06748183595992495,0.010374256519477003,0.07200166138904406,0.13065984418380985,0.18337863925776005,0.2178231422968193,0.22672014671252963,0.21453936120368497,0.19426066438859982,0.17896125413694444,0.1744084647859565,0.17683082750684415,0.1766810206773496,0.1659554766090333,0.14260758931477083,0.10991855338849835,0.07495134581542853,0.046796185213684914,0.034153310019087085,0.042630132188669546,0.07047012341004377,0.10673794450435226,0.13747716339771282,0.15405726527269795
0.07200391262028946,0.07598713660733539,0.0853259109539415,0.10113131101178888,0.12178095557192857,0.1426310869161711,0.15918990365840457,0.171025322202619,0.1820786546429965,0.1956560406834204,0.20929777824470394,0.215853355709531,0.20823835259387044,0.17993811401492393,0.12028038911198602,0.012653658003584518,-0.1586835933166673,-0.39435182801893004,-0.6623311236606108,-0.8917217962656016,-1.0,-0.9469193136010267,-0.7643086045070011,-0.528276258242888,-0.30699336416649414,-0.13347036157786316,-0.009954799404154122,0.07557975874668589,0.13533405500691653,0.1769825358622773,0.20615552858211916,0.22744952698092818,0.242582956116152,0.25075195720306115,0.2508303260050853,0.242452102413503,0.22698329684135093,0.2079708976560819,0.18869202761106,0.16922031557614273,0.14743160310517073,0.12288093753985851,0.09829027227252425,0.0774357046076071,0.06370560310241535,0.06017064459012251,0.06814039347690713,0.08497413864282555,0.10380287225849605,0.11612170601645036
0.09331651842027966,0.09186098839537929,0.08935678086315471,0.08658436206630063,0.08535279238598566,0.0867145072138241,0.0869359330096844,0.0777858748369734,0.05419646425120066,0.021531601808425185,-0.008721056302319266,-0.03112296787538541,-0.050896779679727916,-0.07868332406156607,-0.12671575768858778,-0.21017089425277793,-0.3449554681121003,-0.5352544130006146,-0.7550280544888577,-0.9380313720547468,-1.0,-0.8956914055995079,-0.6610671833930004,-0.3886566941596584,-0.1590305811416597,0.001632677866716015,0.10880450974882704,0.18384056324603137,0.2374179893430532,0.2769523384656638,0.3135822543300486,0.3558303252058729,0.40182975712906005,0.4420388605041177,0.46610596048636377,0.4659433966864906,0.4387626824484839,0.3893801040628769,0.3266513376339792,0.2595157540316049,0.19709750582646368,0.147074345874518,0.11069663110939648,0.08269082665087028,0.05935678657036225,0.04326089074111538,0.03586031073342204,0.030854486683521275,0.021984548061641702,0.013225285118800896
0.0974787338904977,0.12232973947333717,0.16261348728472333,0.20398960376048883,0.23619896906660187,0.2580803654091924,0.27298579365750114,0.2836707725076517,0.29242649644169544,0.3008801613650371,0.30746023663212685,0.3058313499459038,0.285784687286662,0.23605642346374,0.14765820797006243,0.014136546067544067,-0.17156983163425255,-0.41201588245365545,-0.6823841289199507,-0.9104681650762974,-1.0,-0.8981898332529109,-0.6425228784369638,-0.33429594750742664,-0.07111052550949527,0.09808891592363234,0.1750465285825472,0.18784751594561971,0.16356896254283218,0.117650546005783,0.06114989976331433,0.0073305928407381045,-0.03099075789092508,-0.04657536176832554,-0.04095135893022697,-0.022675677823872364,0.000388996487477253,0.02660799120476813,0.05688421926650237,0.08782363151879476,0.11112952989907922,0.11930421645351393,0.1111614034328089,0.09238085093322813,0.07126933860308429,0.0540403271282281,0.0441040397026065,0.04330628339746245,0.04998856890137727,0.057096416448138204
0.11089224256516096,0.11260217737675055,0.11655270596613025,0.12151838083679115,0.12405875633256146,0.12305543730943018,0.12220632315049243,0.1256534893360259,0.13305385630463218,0.14047092884945342,0.14490930756347575,0.14578692887682485,0.14256019531017108,0.13168475765597598,0.10217628111881355,0.031222361336389018,-0.1106121350088012,-0.3379473518231975,-0.6214961827927283,-0.8768376935032012,-1.0,-0.9391684845013349,-0.7339813137499774,-0.477762406984092,-0.24944308806227494,-0.08097433367991055,0.032229566560266425,0.1059815740153597,0.15140174300774453,0.17512267258827552,0.18474008479462023,0.18808935086340373,0.18917326048872413,0.18791174256378668,0.18323324485977194,0.1761241269083828,0.16930605602920953,0.16336910156288695,0.15555052570611744,0.14352866219028257,0.12941857399613987,0.11933952197917118,0.11820307384532473,0.12501653014786618,0.13399116430356536,0.13961957415217982,0.13988211546418322,0.13554914975064242,0.1289962744820151,0.12404116995651936
0.17997904920703267,0.18815347251373427,0.20610108006567768,0.2348465378934065,0.2687789152020922,0.2970034357336878,0.31286544700838836,0.3163818762804864,0.3095761911237331,0.29585027750525555,0.277511866876464,0.24631708563620766,0.18694123866338386,0.09651860231444827,-0.012338960367637403,-0.1345787391609077,-0.28734142845365707,-0.4901513040285148,-0.7270157406899045,-0.9279252064217954,-1.0,-0.8984365342714167,-0.6686310267669705,-0.407779720691802,-0.19200568913289479,-0.04475608896358874,0.047077833756093354,0.10633637848816833,0.1482528736633181,0.1770523491631468,0.1909851047118771,0.18846780899902532,0.17624975765322817,0.16904615846605073,0.17174824558021126,0.17083257322994824,0.15400487590162043,0.12624182550868873,0.09939338691894405,0.0775616026073591,0.05553428778978021,0.026934967796322064,-0.005934650766374124,-0.030902600378222917,-0.034396464183364533,-0.010666637944862419,0.03356241661211651,0.08182837370047615,0.11836520298925703,0.13655969266228338
0.13238310034037598,0.13943953638192183,0.15483326510103038,0.17402100037840398,0.1890106889949161,0.1984411974713936,0.20624633237385195,0.21171032035656745,0.2095069035380882,0.19696255021423967,0.17496378923890354,0.14411964471647598,0.10381573625350905,0.05287614985413452,-0.013188155109109312,-0.10709130676078242,-0.2484123844224824,-0.4488289113145358,-0.6881542482351138,-0.900684621009156,-1.0,-0.9405511446751792,-0.7559123339799835,-0.526329080855667,-0.31720339507807177,-0.15368052257131654,-0.03370861762278942,0.054291919937104145,0.12208059727363921,0.1751440976966959,0.21192439691458573,0.23154853727241959,0.23853754960602291,0.23747697039983076,0.22889418569384037,0.21394099280801543,0.1977538786459867,0.18533253530658483,0.17867523178130335,0.17829291588500482,0.18299670371230906,0.18844053139187783,0.1882302202326171,0.17674667815217648,0.1530139087253544,0.12400700514758234,0.10120574293397525,0.09121737317193343,0.09138821483663927,0.09427431889487607
0.12742663198391704,0.12808731048545977,0.1293661632621443,0.1340850120681097,0.1466586599903375,0.1676392555245542,0.19070122732196637,0.2061813136228352,0.2079669703723551,0.19671738526247978,0.17751217726877128,0.15554725200463904,0.13298092589469765,0.10662355307358136,0.06546797019939778,-0.011252316946708729,-0.15045317812991674,-0.36736676055954093,-0.6369414810299178,-0.8809061384146418,-1.0,-0.9409964746164159,-0.7361927663690023,-0.47285849458260615,-0.23159335035631362,-0.05302518842320245,0.05920721145763374,0.12153871634895014,0.1548750338359663,0.1746936036936694,0.18763525145680984,0.193980880392062,0.19226252966994503,0.18289511841434936,0.1699704985885507,0.1595248589710503,0.1543426226574104,0.15116245142790846,0.14490861154541887,0.13431525295331279,0.12179387922024648,0.10958064164605082,0.09845319871787636,0.08992046282010925,0.08687176406927881,0.09079973532228035,0.09918468289046727,0.1069966505956391,0.11121810251041717,0.11249258188761768
0.18304673227557866,0.18280051008665454,0.18587690417266897,0.19346818571604063,0.2009989276172182,0.20259547681479848,0.19467906404377533,0.1751071365139141,0.14484400088866994,0.11079685993599514,0.08321081885981811,0.06736179358122973,0.05787099364057125,0.043000315366150656,0.01036438377073661,-0.05710359310755539,-0.1841399386472453,-0.38825990064664,-0.6495910675310806,-0.8898648679608336,-1.0,-0.9183477731145239,-0.6819806009540682,-0.39087087998474,-0.1338329284483204,0.049517539689535935,0.16113018735621543,0.22017365767298044,0.2446941263190334,0.24666920349045704,0.23523703992108141,0.21737445203211178,0.19599802015868426,0.17283759400288248,0.15207128101041478,0.13775231650919256,0.1290949873097085,0.12092071776820328,0.10918772600623451,0.09486050547053476,0.08161596856550979,0.07143378347821742,0.06433608963223544,0.06077521398960082,0.06228169779458266,0.06976778394983335,0.08071423588011166,0.08984650581180736,0.09427845361322837,0.09540035967878907
0.12404366986924578,0.1254307492970187,0.12751137217140437,0.13142969690171752,0.1396800205143105,0.1528366824389411,0.16800597615074997,0.18009823847257309,0.18384118111284878,0.17606629991134118,0.1578470385074939,0.1333095678000575,0.10491967054501963,0.06890754006054325,0.013368461919250275,-0.07953705518078784,-0.22702452716571392,-0.43480779644193374,-0.6797990784065447,-0.8967712665804626,-1.0,-0.9433753951193571,-0.758290330002491,-0.522156852098381,-0.2998806850567401,-0.12069279099885336,0.009962413782894208,0.09651567089961155,0.1484305532259661,0.17716868386106815,0.19245486196760433,0.20056458565420557,0.2048974159247842,0.20677375919119706,0.20576426018521193,0.20065766635279517,0.19146013139080179,0.18068360539628311,0.17251359525515605,0.17063066471535096,0.17542172782417323,0.1822154193384238,0.18390398612943407,0.17695287887552813,0.1646817933724501,0.15382149056405964,0.1479228929923291,0.14547277117587154,0.1437752191978927,0.14239356410565737
0.12960556373468057,0.14732790758528497,0.1762548892029476,0.20198490037503067,0.20869433292657022,0.1914823493662026,0.16210964330937871,0.13941444975234119,0.13295507830010675,0.13841798058578464,0.1459739737801771,0.14749837993943885,0.13721047290463143,0.10841032315606236,0.05024250493580638,-0.05119159238776884,-0.20813274542644322,-0.42354019073311033,-0.6746082287380637,-0.8961456807167476,-1.0,-0.9384680917831862,-0.7463150408932591,-0.507612334397025,-0.2923477119680998,-0.12994581086898985,-0.0197726463302149,0.051729250554619965,0.09911804707859043,0.13133819286817713,0.1505182168529956,0.15640412449450616,0.15265729390843574,0.14770810980575091,0.14947441066230782,0.15989390598657105,0.17456110019112597,0.1879031011062675,0.1974348739387479,0.2019370786411121,0.19862002400242582,0.1861106256393724,0.16865130870826814,0.15396663857866877,0.1480165949011464,0.1517867320844779,0.16139993500459018,0.17217865806233407,0.18159009835399684,0.18749900296397568
-0.00975984265121074,-0.0028172277891760885,0.006147658395487994,0.01009561464257262,0.005869478710320656,-0.0019987185992005984,-0.006777144088837766,-0.007848589624014935,-0.010556748098350067,-0.01943123007723633,-0.034004130410608784,-0.048842387506016806,-0.056209567068070405,-0.053803320168483715,-0.05441686201084072,-0.08866280757049608,-0.194604185916518,-0.39257914255211884,-0.6543253621185692,-0.8928198565020272,-1.0,-0.9197879491083297,-0.6902675374892286,-0.4086385439062098,-0.16120932881755376,0.013268451727883433,0.11705448074740919,0.17312958723045904,0.20879314394485946,0.2438383797112803,0.28483391610462927,0.32821175612821,0.36692263210440756,0.3943265299956648,0.4061764475896651,0.40200446074763685,0.3840346809108002,0.35527173689300073,0.3200220756148883,0.28385635850980495,0.24978713818023487,0.21580300388769902,0.17939595743972753,0.1430971112918919,0.11343189758462734,0.09606972238120227,0.09216970217948361,0.09779650384792714,0.10623089240797742,0.11172116316334671
0.1522754568741838,0.14445924471269883,0.13832413153212453,0.1424925869326308,0.15853337259072323,0.18346309550154763,0.2126100657096985,0.2408146260797362,0.2645887952193607,0.2827778982569247,0.29456428064141993,0.29830576144905846,0.29130605127477893,0.2674909174631679,0.214416572771648,0.11323199533418876,-0.056630699049679746,-0.30373951283948114,-0.6000949418306599,-0.865886183332729,-1.0,-0.9518095105492779,-0.7618966755652915,-0.5230520742588064,-0.3115338463196594,-0.15716521188309093,-0.05591049608182357,0.007323763851754958,0.04545603331560453,0.06688405085330601,0.07772358280392574,0.08266995092287989,0.08357554456099936,0.07987869803461793,0.07189208992358785,0.06255236696809713,0.05614645048289038,0.05665578245117716,0.06681440640093855,0.0868173927267127,0.11292703039341606,0.13842495791832993,0.15716501038591313,0.16596372221485506,0.16388216581561793,0.15177947284627558,0.13360209965453318,0.11596072799125215,0.10435743032229897,0.0996115685276241
0.16552878064912158,0.16086341136201923,0.16330575964977131,0.18109269431863007,0.20971703487592294,0.23719595393422382,0.2517149511117631,0.24674676513625163,0.22441959494360955,0.19160514886820812,0.1525566182015869,0.10969219735660854,0.06731159002330758,0.025926823321808592,-0.025159690977691083,-0.10461168822459806,-0.23174173061241068,-0.42080865831183734,-0.6616491609133499,-0.8898603431602738,-1.0,-0.9251808881845262,-0.7007844182536641,-0.4312713995727589,-0.20498009296879305,-0.051904806308812224,0.03837963764420251,0.08675361194080733,0.11180655279710258,0.1270560313500495,0.1401286812646686,0.15359511318919153,0.16610035785023106,0.1747600520481586,0.17823722253682264,0.1762283987416223,0.16734719015974336,0.15125451198407197,0.13244009690903327,0.11786207359200296,0.11073492886589391,0.10917169224575989,0.1094537598358752,0.11008923068155961,0.11395418966093675,0.12462370724737282,0.14125430850326345,0.15959399101066876,0.17520820090843006,0.18424201276841312
0.11880183889536777,0.13348914685729266,0.14978807720708406,0.16301566639294562,0.17732774915961455,0.19136445677033204,0.1998682198928695,0.20368239789861434,0.20717314881213708,0.20768420434851817,0.1950158009620964,0.16185690338584138,0.11108828139192192,0.05141440891286794,-0.015587800467755585,-0.10480143760456898,-0.2419637828263519,-0.44332121068090025,-0.688425367718789,-0.9052199670553821,-1.0,-0.9286612151811707,-0.7352519617135801,-0.5084970828236947,-0.3123048648251478,-0.16391946264465726,-0.05737565042658074,0.014966877204645483,0.06190325073731552,0.0969347036131996,0.1318598184122274,0.16770453989035994,0.19740484202424405,0.2160453780521239,0.2230866909572499,0.21868092585354193,0.20528463217184614,0.19063970671363767,0.1831056517760324,0.18605671262596085,0.1989828218443907,0.21638354887508843,0.22503714397972988,0.21407380455155,0.1882116123218725,0.16228216575742171,0.14503621901302333,0.13509782577370244,0.12903021083196972,0.12595042009994242
0.12428396720230422,0.13368425950956364,0.15854223196307707,0.19694238593422622,0.23358284472035923,0.25463509359571446,0.2601103167570817,0.25726579077074285,0.2485209122591556,0.22923170754283348,0.1964714389594932,0.15535470644086183,0.11134862126127727,0.059858932704100344,-0.012009306603187725,-0.11771773581755102,-0.2683495202380148,-0.4692141343608731,-0.7029284356450825,-0.9086704002699932,-1.0,-0.931836493556947,-0.7440598078414835,-0.5226847004199905,-0.3302816632279819,-0.18312294208248744,-0.07424335579893136,0.0038690928879834482,0.0564611979071365,0.09087985544196665,0.11600882959184926,0.13820632908236272,0.15982272979253287,0.18093478322155068,0.2002318246880563,0.21596364457806055,0.2280335259351724,0.2373638353104106,0.24328308026537465,0.2428969010649938,0.2328859097765017,0.212153995115876,0.18393903763710123,0.15559076567075042,0.13505164810911904,0.12508893926140938,0.12175090843063605,0.12065011294158788,0.12126380798073888,0.1229545315505617
0.09856664670481483,0.10197547640370229,0.11132744927706711,0.13033144662584792,0.15777647802789507,0.1853700198243187,0.2035692792932165,0.20671604346874917,0.1943421152214993,0.17049174651083351,0.14196822586989766,0.11645109137738588,0.09935624633250537,0.08690894023024918,0.05881366774478838,-0.01874641038091767,-0.17504734754553242,-0.4115585534508458,-0.6855132867368154,-0.9117176962819696,-1.0,-0.9169713693933517,-0.7118190457634354,-0.4735460400311195,-0.26927523797316205,-0.12041223372212895,-0.017241748344889462,0.055297089663921974,0.10290333461279719,0.12532966813944776,0.12576036401654608,0.11312522600204578,0.10072030572844964,0.10383735604564079,0.1318611127878571,0.18008869275633566,0.23114719413484272,0.2651153470808544,0.27087600561546543,0.2519237522912895,0.22230268590101643,0.19548420095447056,0.17546957923064105,0.15790183209173153,0.1402730216624576,0.12786275280296125,0.12699110507663322,0.13662047142829797,0.1493411135059602,0.15765188518173318
0.15674908697221063,0.1486845827350613,0.14070186302217233,0.14409686102246297,0.15775464553682966,0.16799739239029637,0.16874083816525,0.17104086991170797,0.18932948640870562,0.22439525339056055,0.2611858453928809,0.2782929007012916,0.26049611640926895,0.20557683471654972,0.11899502783898971,0.0015263071593691626,-0.15800037975351794,-0.37385892025327105,-0.6346991402709853,-0.8763071595581305,-1.0,-0.9434561116675014,-0.7343610305803866,-0.4656096667838056,-0.22765415447298937,-0.06541577233519422,0.022950081181932803,0.06234886090235126,0.07665790382945345,0.0814584222227861,0.08713941687909356,0.09835309955133817,0.11216421810070655,0.1227801731272265,0.1269998214971206,0.12332718771194401,0.11185840411396379,0.09809759684114527,0.09002569196942876,0.08834930149366219,0.08663399069267207,0.08311017696930904,0.08563109755483503,0.10299403069808931,0.13441688186049972,0.16766938338078208,0.1879913417194936,0.18941116294481697,0.17762736417044236,0.16580281448908182
0.18010031456137,0.18831504083054598,0.20431287920842778,0.2222900394288305,0.23804321489748526,0.2539378277203265,0.268218146391394,0.2691300117094723,0.2438122645514889,0.1903394232622672,0.12262541776901682,0.06216871453181785,0.020792612093019216,-0.009675313791328825,-0.05059214611786408,-0.12388681629263723,-0.24789259663333052,-0.43350830440767185,-0.6661053858341082,-0.8848870311965076,-1.0,-0.9583180201109927,-0.7895495443917947,-0.5737255682293741,-0.3758919584558477,-0.2185874728233109,-0.09598360888901558,0.0031805517847268566,0.08506155644679843,0.15138027073626045,0.2013957078241673,0.23376271865839685,0.2501237217548942,0.2548119826625628,0.2507512841589344,0.24063958631253515,0.23087737710935527,0.22606622461373757,0.22011433309213838,0.20202025892795533,0.1703795994161989,0.13585659147685633,0.11184592143472932,0.10643995770141346,0.11955356585638902,0.14257982481002526,0.16127467318070096,0.16501514451746369,0.15573926251624481,0.14564774522583634
0.0751520246861026,0.08552434620307561,0.10898081130530507,0.1447846056747418,0.18350119565950446,0.2130373840787305,0.22930243713438575,0.23369746238553685,0.22729597626972023,0.2122132930865737,0.18993881647602445,0.15895457873619284,0.11984384084061844,0.07912105207494106,0.03864876476898731,-0.021928013442424843,-0.14310147261252704,-0.35375348764058967,-0.6312458684329182,-0.88624445775679,-1.0,-0.9072153704198802,-0.6544722403274258,-0.3678356857512016,-0.15912674809230565,-0.05967665963162392,-0.02950647339041138,-0.012788076150900923,0.019806242326705,0.0671185143145531,0.11482311011477082,0.15039232631701469,0.16999643582344978,0.17905878488412574,0.18496115566395138,0.188439323331628,0.18288985826645135,0.16216730713677238,0.1288945876900455,0.09452039387230966,0.07321947364609543,0.07437709304611588,0.09477720230733998,0.11988935977637166,0.1376096763238407,0.14674584755304898,0.15197557368967773,0.1570292179321487,0.16233140710394503,0.165875073148198
0.1940772492685393,0.19882301982319284,0.21674180340438923,0.25702305147344334,0.31115404022753945,0.35568433285797885,0.37528295310369725,0.36726953471039636,0.3318552840382421,0.27338035627662655,0.20427989650424924,0.13880938492794753,0.08534564115399053,0.042245812887552255,-0.006691727305642859,-0.08946643406325959,-0.23129591057491103,-0.4382577922096638,-0.6831634605351041,-0.898293285622057,-1.0,-0.9491347014139382,-0.7863189967864093,-0.5940964812106189,-0.43280087325348454,-0.31541501472626593,-0.22646138195888083,-0.15050260581317407,-0.08138290892965871,-0.017546423441447898,0.039607187946202785,0.08746477594426362,0.1268036089422943,0.16076119733476807,0.18926449349352806,0.20644337377991998,0.2050923545556053,0.185384454183861,0.1571086355076149,0.13330727359695996,0.12372246113175842,0.1319576429515795,0.15540517348666988,0.18545887238507297,0.21000756361799347,0.2238398673791395,0.2346974010826745,0.25033876755562157,0.26654460251761136,0.27564592979359265
0.21720735952960507,0.21823993947461523,0.21954831982829906,0.22176835393797284,0.22210551200422549,0.21499033408859594,0.19973988230909537,0.18120419292496992,0.1631398271071349,0.14555554620185487,0.1283195821749059,0.11071882500093543,0.08685274943687664,0.047073630505747865,-0.017756044963934427,-0.11805826257291278,-0.267042881876411,-0.4707758384147817,-0.7075375274798628,-0.9124989969979522,-1.0,-0.92824600505851,-0.7393737032389566,-0.5204415739126238,-0.33553602410866334,-0.20271199835691991,-0.11324146275052627,-0.05116378992390506,0.00022791345254464274,0.05308189437648011,0.1094802051422482,0.16390361570667208,0.21014086222277606,0.24488727011057435,0.26775780724679377,0.27907257254257356,0.27856980347487037,0.26818214011199887,0.25315171399239655,0.2380810337961543,0.22446196500421664,0.21084156347821353,0.19367801599909998,0.1717483070772139,0.14963162593283152,0.13429804103803483,0.12976458560216036,0.134623424220787,0.14315232343668619,0.14918337116579863
0.08795403937550843,0.10701149490396067,0.12920893839777883,0.14097584062434598,0.14051790339833864,0.13175216274204804,0.11894321207002219,0.10681652979193353,0.09978665042391648,0.0981816628651004,0.096203226334597,0.08552854704422995,0.05861430044071687,0.008334421014272899,-0.07082575315527563,-0.18167423062227525,-0.3293278814525793,-0.5207792301571691,-0.7419015262498119,-0.9314962087145284,-1.0,-0.8972442709219223,-0.6592373830313578,-0.37775711098384973,-0.13335617690027518,0.03811510510799435,0.1372051531900442,0.18356468767210152,0.2040386571731782,0.21950969118506086,0.2333771990982379,0.23503049272635312,0.21799136146710046,0.1911833488414146,0.1704726743106897,0.1658406906255647,0.1781244479908776,0.20052594299694765,0.22097662937363066,0.22752285288155,0.21483960102056435,0.18851350880069206,0.163152535642144,0.15158407606366064,0.15391240965485511,0.1580327088653815,0.153152563991779,0.14325122247643615,0.1401256858759775,0.14372759573003915
0.16153981255497069,0.15110421540054317,0.13585688040432464,0.1284269534183776,0.13906511159350748,0.16658576148359305,0.20136548818395109,0.22848809761063688,0.23126644129216115,0.20221956118568007,0.1507266453144274,0.09678883852648734,0.053884250773469165,0.015530141639438968,-0.04105414028741765,-0.1392391486752798,-0.2920499413319603,-0.49812946398345476,-0.7307080982948078,-0.9254191178053817,-1.0,-0.9123671475157604,-0.6997061344445412,-0.44926352192124824,-0.23588005118122424,-0.08793141550473296,0.004153213701525484,0.061666163705035464,0.10098436836669389,0.13150299433122623,0.15751379939530558,0.17863704599779934,0.19178676493830826,0.195608041556941,0.19276000846568125,0.18916497071983476,0.1922167652242423,0.20611951010185053,0.2269167330468804,0.2452948908941808,0.25529503821469884,0.25718689230125397,0.25237666207393783,0.23880159078559623,0.21224186723408875,0.17194620902471203,0.12406563315503202,0.07972147067498947,0.04877569435330483,0.03416365330112048
0.14062465473857763,0.16134486692979016,0.18600981680046813,0.20031838916245095,0.20364094672390587,0.20217539769960033,0.19929422912818967,0.19446212145085215,0.1855153204873729,0.16794050021616921,0.1357327552833508,0.08688221634399315,0.02765773093063074,-0.03064741686026288,-0.08437450528456047,-0.149694865528298,-0.25829430958667565,-0.435029286440801,-0.6675748391101085,-0.8880078922986903,-1.0,-0.9498380659235883,-0.7706343506431722,-0.5471399225425555,-0.34841418751760445,-0.19969228166038258,-0.09629032828757612,-0.023292084351487902,0.03501367896075277,0.0900507177193232,0.14581789584312688,0.19981493109032186,0.24574177449011797,0.2766805911715328,0.28996727236145614,0.2895736280410634,0.28205441240232576,0.27130397529659567,0.25813669419330004,0.24261927289275312,0.22515529997400546,0.20735725309903172,0.1925729162964225,0.18232201477843094,0.17340081360478146,0.16288440892210723,0.1530934127421572,0.1471986079161958,0.144201342158167,0.14236447618644318
0.15797382822953374,0.15585580232184987,0.1603748107448381,0.1783387691062089,0.20552153186106875,0.22963030126614226,0.24034479324820435,0.23514613045125488,0.21853669577093646,0.1977095170450817,0.1775973080091665,0.1577238274416848,0.13213087745204843,0.09212496962378493,0.028782124663104428,-0.06919672526602473,-0.2179533803123205,-0.428059294849665,-0.6786560180091021,-0.8998455737494353,-1.0,-0.9336927391085819,-0.7416057518800324,-0.513909396130625,-0.32160421460459665,-0.1850969874544892,-0.09049189233042411,-0.019157815514281144,0.03823985066509537,0.08397886599821754,0.11878661819062275,0.14426252058027633,0.1628324639617437,0.17637623329872346,0.18537653408368726,0.1894773899093894,0.1881718993326627,0.18144007836559561,0.17082215200771855,0.15943673023544166,0.1513753849178082,0.15066909929737787,0.15826542173859684,0.17071332903728753,0.1833733589095102,0.1927928489354161,0.19557524823985703,0.18910310961054635,0.1757904519715103,0.1646189126875855
0.1607880270629641,0.16610224635074897,0.17495090856516465,0.18368335942771333,0.18802717443619305,0.18556652816631314,0.1773795979939857,0.16842399086552934,0.16516542714639854,0.1699878077893359,0.17890939534211966,0.18569683389299688,0.18506565799222155,0.16980549440170434,0.12579196474799403,0.03159573083162533,-0.1327373074685252,-0.3692440021448726,-0.644710951711127,-0.8846704025487481,-1.0,-0.9461280643673677,-0.7596506654016211,-0.5258385924569993,-0.3160500934451523,-0.1590621573249174,-0.05217333334523714,0.01813385068021356,0.06321150056941997,0.08916115301631737,0.10185848033026754,0.11136831863321565,0.12700295718889218,0.14985280235315265,0.17440689429938372,0.19520920365862104,0.20940554462566052,0.2151098815015708,0.20974559775150434,0.19199885245335946,0.16572671710776196,0.13899740402945276,0.1185458197817568,0.10672597605039968,0.10347839999238452,0.10905086516377008,0.12269698749087908,0.13959847787059462,0.15285821122344687,0.15918152942953429
0.07316628858107752,0.07726699732067975,0.08739621348006557,0.10453928665508432,0.12653530991826123,0.14873502518535334,0.16620281973775047,0.17600612942343005,0.17939749404399277,0.18108464158452622,0.18446756887988977,0.18777462460255723,0.18441463120825444,0.1653645401528756,0.11918526119105356,0.028499882339275178,-0.12845482634865926,-0.3612788670785328,-0.640387861238386,-0.8853811214567301,-1.0,-0.9405058640205622,-0.7488692543993031,-0.5121538863743348,-0.29818505689311126,-0.13107229597519582,-0.006795103768368275,0.08518486416167524,0.15195017768408692,0.1967386990388935,0.22217150099033076,0.23316980540977114,0.235814922553002,0.2321238180754034,0.21966086105648003,0.1995418899765371,0.17926527672346648,0.16400875898175993,0.1517975461242717,0.13958784922172476,0.12765987589810945,0.1166549962357606,0.10585536621524029,0.09591596782318786,0.0898110588930699,0.0901573111585685,0.09640113668415734,0.10466928612878602,0.1109628088258111,0.11394364538896268
0.10594224696941788,0.11825994766267196,0.13629252041134599,0.15151626493105372,0.15924352163221808,0.15994281027720647,0.15707241358886284,0.15624423877934132,0.16513285487053075,0.19013513374447966,0.23002598659910467,0.27224447455354595,0.29591292069656855,0.27876639058742586,0.20255830477716855,0.05596225637264942,-0.16083819116259918,-0.42754814696541804,-0.69808223364738,-0.9082890322346756,-1.0,-0.951006591520463,-0.7878938086053368,-0.5679092906814891,-0.34582669850780673,-0.15307804118949575,0.0014647921570404916,0.11899112971144986,0.20022054555100632,0.24411377588187988,0.25339455274279293,0.2379071477428312,0.21062608508356523,0.18174516346166336,0.157247482881054,0.1398903025738512,0.1292380324548114,0.12179600057540103,0.11363049757763251,0.10440453684986575,0.09759429405149037,0.09557276791309223,0.09632626650295929,0.09626806224501269,0.09446232816902908,0.09259316841568796,0.09209484810246633,0.09314824355174132,0.0952921070220848,0.09719761684266348
0.08208384852413156,0.08472925439322161,0.08898405616510408,0.09578755257608942,0.10747603911500794,0.12471110420414078,0.1448728614114096,0.16259214544625428,0.17296774007562585,0.17587435724630068,0.17645762805790305,0.17946450450471801,0.18306906044533455,0.17776558843540816,0.14705695886444728,0.06703291480932864,-0.08819907410838125,-0.3274579031692405,-0.6169602289621785,-0.8733542957164612,-1.0,-0.9524470243692229,-0.7705854733708056,-0.5403485392366313,-0.33138759712105453,-0.17170005467934682,-0.05948756532503198,0.018660347573082447,0.07672039475593179,0.12319639616416594,0.15903911795769998,0.1816654973656397,0.1922721435900126,0.19725476981625908,0.2015890319866175,0.20370584864280927,0.19893324389788505,0.1871032152450056,0.17497823708830118,0.17011678527553417,0.17369773338902744,0.18138995635993513,0.1885854928665137,0.1908806820101487,0.1827911538920358,0.16186429333212524,0.13283714759366969,0.10465326717215837,0.08444074391335585,0.0746266418960149
0.16288802529357954,0.15816046456499688,0.14901208319863232,0.13866548928370118,0.1346865055262467,0.1432705980049264,0.1624789216483801,0.18393781438371645,0.20003597609171028,0.20856235542304954,0.2121833829123564,0.21412346129665413,0.21259439830348112,0.19795840877036264,0.1537359734208829,0.0586169630836742,-0.10819737894816243,-0.3511226763758007,-0.6357895664536188,-0.8825551333091134,-1.0,-0.9459928125366095,-0.7584000696307494,-0.5205918807441521,-0.30191160282730806,-0.13143336111137363,-0.01046155858497262,0.06904443501637218,0.11769987394140588,0.14627887570872272,0.16255483229652326,0.17113412985364213,0.17484662846469629,0.17405474889885125,0.16768803139315547,0.1573106090310827,0.14791046421027165,0.14336121151824674,0.1419324825292452,0.13780960901438905,0.12790689833240568,0.11505303779077065,0.10415715740449884,0.09847028436856696,0.09882700142880085,0.10287839454368693,0.10558755328439311,0.10311559468371184,0.0966427372105118,0.09128062839155829
0.10129788462822052,0.10061859815493696,0.09814951996304795,0.0948101361102205,0.09484089872784093,0.10275365389551254,0.11809932168149459,0.13489884418465478,0.1467438691148567,0.15015166764061064,0.14355186852628832,0.1257541393201726,0.09524626964976445,0.04826808562979737,-0.022655332336297896,-0.12774041963947744,-0.278749857239124,-0.4821786178780409,-0.7183019954127141,-0.9219114141813495,-1.0,-0.8932485002611549,-0.6292719392332011,-0.30757733660135606,-0.029904125715803687,0.155032453747096,0.254224394887826,0.2981707562415588,0.3109984867400105,0.30420064474467184,0.28594772393332735,0.2652370890317331,0.24619245505672605,0.22499617803171792,0.19598373790372964,0.1604314316401333,0.12824402312042818,0.10894576702853634,0.10274001567329477,0.10295279515203458,0.10329641865238265,0.10030629777336976,0.09299368832633108,0.08264344007601651,0.07181389918301999,0.06285403402435867,0.05647073296971943,0.051459251087983465,0.046768296887368124,0.043450769357726106
0.148449071186738,0.15219991531333152,0.1548409142325904,0.15043264280640442,0.13790340627767647,0.12416874684055405,0.12058054537394283,0.13355415407424687,0.15889659832903746,0.18743975145555403,0.21303827251740484,0.23279150940936014,0.24274441445239023,0.23485256678897895,0.1954152118458784,0.10380105623105958,-0.06397891708309814,-0.31679336618119275,-0.6186789693946855,-0.8800593723612606,-1.0,-0.9367671117958215,-0.7366677942073765,-0.4898466832010652,-0.26726520746691235,-0.09795454976660498,0.01811776378214919,0.09207218513453298,0.1354559252199809,0.1558538452713853,0.15762661438960562,0.1451255599607626,0.12403240333195098,0.10189989035276409,0.08829999454788759,0.08988218404382008,0.10418849089517197,0.12217989736052541,0.1364515795208014,0.14414171606698012,0.1447316822413378,0.13971748849967708,0.13256655666181055,0.125483868348403,0.11783376218824732,0.10873668683502541,0.09856226026855132,0.08767322613502092,0.07685542221376161,0.06941419105271614
0.05009316356760473,0.0644295019135104,0.09107515295008968,0.12253723473882379,0.14892631721241378,0.16411658171854857,0.1679570071291997,0.16379584445991402,0.15618262551873696,0.1512673163380918,0.15500921984404223,0.16816818322623073,0.18266112197830592,0.18205775710341265,0.14698328487839224,0.05986970797927575,-0.09593359887488916,-0.3293509777849068,-0.6155118220237433,-0.8747419905365316,-1.0,-0.931725675919884,-0.7079179095469298,-0.43196251463283336,-0.19723858156339205,-0.04203486348885812,0.04527685211108804,0.09697494056891051,0.13913274639200945,0.17845273761543426,0.20664974933600289,0.21567279902006112,0.20754521164377956,0.19340089578429726,0.18519896199905855,0.1841091262137939,0.1780640778128334,0.1546550391487432,0.11547639287826572,0.07577325372813837,0.05086681000770719,0.044655998697119545,0.050551785475712686,0.06140364615914994,0.0759357043775632,0.09440840653876306,0.11237838882566918,0.12419108340551226,0.1294137953856694,0.1310995106900931
0.3071215648808283,0.30514607760972123,0.29966351200116753,0.2888523559680094,0.273145615811606,0.25650015147440997,0.2438733535183274,0.23667241859509466,0.23004691937083635,0.21463556974628753,0.18443376197691635,0.14418467792852557,0.10524088221886739,0.07256486602678851,0.03562940288509226,-0.031419440393015675,-0.16096971070863306,-0.37086317999669327,-0.6354550467273399,-0.8763225816511863,-1.0,-0.9646984155622648,-0.8100474473606477,-0.6165216220618448,-0.44520264415440425,-0.3154610376992787,-0.219685342393525,-0.14539828465312815,-0.08627194702192512,-0.04184633145526155,-0.012805464217852273,0.0022450623155994527,0.008155980486296129,0.014212205817776838,0.02934261956595728,0.054714045307764185,0.08567487298993855,0.1171191983044001,0.14285267631580467,0.1576818090757679,0.16437581777258664,0.17379464725952365,0.1970317042095731,0.23813714703589312,0.2905060340849448,0.33929884496239837,0.37114110565019,0.38338865499601443,0.38381135980288017,0.38177358009121254
0.08457396430118974,0.07184665820464321,0.05166063862160806,0.032098489620761186,0.020399392292258678,0.019479106941875976,0.026397521367210956,0.036607643185168764,0.05222263350909295,0.08077992705292512,0.12202953095146621,0.1625299430731191,0.18657213393224611,0.18534918442645204,0.15231955866086658,0.07342313813890974,-0.07475382771306721,-0.30769603445731025,-0.5993532280081386,-0.8653161610242892,-1.0,-0.9507162083338854,-0.7543594912544409,-0.49790242446146415,-0.25496171427909964,-0.059751627042085906,0.0838025367006162,0.184830827615795,0.2516437865402913,0.2866413589803449,0.29207154001001745,0.27707674823392453,0.25620165858843447,0.24121926994802906,0.23410784148152808,0.2277534205918004,0.21421648228794365,0.19299296768268498,0.17143962154038392,0.1576358004175182,0.15386771597885493,0.15596944709292854,0.15626060204142045,0.1470914114144861,0.12441659845953015,0.09055132167600292,0.05447584361272134,0.027334002268437723,0.014157140729707153,0.010763308400585307
0.11340863385914973,0.11949990747315369,0.13171265136372856,0.15159289701429263,0.1782077476201641,0.20468821033745585,0.2236380324238729,0.23420810843720166,0.24117894502926907,0.24808331330356312,0.25200342082775423,0.24514781957129242,0.2212804291050907,0.17856738582162068,0.11398011418310237,0.014897898673377187,-0.14049301670197717,-0.36624606734204335,-0.6393454111439184,-0.8833924779621787,-1.0,-0.9386915407880033,-0.7359337375992349,-0.47977653248299496,-0.24556375804744457,-0.06581017930461441,0.06045327135539639,0.14553440658272568,0.19699890962638783,0.2157496712024549,0.20451934194609478,0.1736952685912653,0.13775779475492234,0.10879199475122059,0.0937965082715413,0.09444581211453425,0.10713363412600234,0.12422767711368732,0.13709858155916013,0.13997907738061044,0.13256148580159618,0.11837342694727379,0.09997616372236616,0.07831297266392505,0.056930176814878886,0.04154739648100139,0.03492364431983485,0.0356266573788443,0.040258810021345466,0.04446452280125138
0.1192130690086445,0.11904203712405367,0.11833770731723528,0.12074077676555162,0.1310869015598429,0.1478918310471874,0.1635293636337374,0.17231830457470557,0.17629365414245243,0.18236099013267948,0.19362870779202063,0.20370408692164008,0.2010859547434986,0.1779503607914791,0.12886755740237435,0.039724101631845865,-0.11377840771883946,-0.3451494569536004,-0.6261208410413759,-0.8766210098390596,-1.0,-0.9479949912404086,-0.755834126363873,-0.509611291109428,-0.285046349052462,-0.11643290400935728,-0.0030285421762229186,0.0718265425248177,0.12450772687461127,0.16262164035239807,0.18626191949711268,0.19540734526904366,0.19470657689661994,0.1909379226924031,0.1873073062899027,0.18206191070994363,0.1724377339647444,0.158154149977054,0.14153109380757847,0.12606553922016564,0.11487272129126595,0.10902103424936549,0.1067573578543815,0.10512735087711529,0.10272558633016222,0.10065610122486152,0.10158756349103974,0.10757650483431795,0.11710738245785103,0.12458350422892235
0.02842931580787165,0.0363515932856671,0.05292203136047412,0.07989785516689153,0.11734655547525086,0.16003824016050106,0.19968199281204585,0.22958714863240445,0.24639455895302673,0.25029280380915014,0.24289013716371233,0.22305581051025142,0.18654684677538436,0.12935384145450707,0.0479343321392797,-0.06485869371764068,-0.22163666389515596,-0.43078898906111046,-0.6736617140688976,-0.8895800762320819,-1.0,-0.9649978991321709,-0.8135410998250171,-0.6138939982874356,-0.4244463416573736,-0.2712216731179626,-0.1533232719397481,-0.05904175469475879,0.021230198185693567,0.09135620493506735,0.15124651159082045,0.19920240341771583,0.23461438338926593,0.259970265596667,0.28010908883377356,0.29892073748038495,0.3149695343441239,0.32108486267053415,0.31224309171689263,0.29278065063613606,0.2707838803483141,0.2465403841704511,0.21442395801071865,0.17601190137074277,0.14207705159107423,0.12111032206658924,0.1116125152950494,0.10528979786554207,0.09639602790069263,0.08829534070668558
-0.02496595243400172,-0.02010469878836217,-0.004769093399473521,0.020835906679663434,0.04883586178244128,0.06937442906995966,0.07497299067197266,0.06579397174178557,0.052762076753696936,0.05023496994446952,0.06154451255965884,0.07510222078314241,0.07741495545186335,0.062134857422777995,0.02188148059310208,-0.05962540966009179,-0.20095382033340126,-0.40919303976497934,-0.6620405190781509,-0.8908742404754539,-1.0,-0.9366784363335972,-0.7420998445379458,-0.5159037599405838,-0.3377854970570848,-0.22789384569235652,-0.1607748718137793,-0.0991893018232984,-0.020357969003417308,0.07580488234442906,0.17611338724777684,0.26796581981285267,0.34321484414648507,0.39521581084321467,0.42028589272409494,0.42242947423603644,0.4116203084301502,0.3956288789115343,0.3755802899268993,0.34868020205155914,0.31219159697727217,0.26654202324637755,0.21924454571494859,0.18415575859033814,0.17049352121357517,0.17282464437985545,0.17659031026336686,0.17298023401635237,0.16505527324819613,0.1597043683561289
0.12431952213587452,0.12850243190995309,0.14451153033143632,0.17147268929882714,0.19663957733331494,0.20734660321827203,0.2006676384576328,0.18443213644677325,0.16782834103476585,0.14839720033854212,0.11449608460885713,0.06336908970879157,0.006960096911395026,-0.04431292288154649,-0.095472141070717,-0.16623616173999572,-0.2847408231751841,-0.47265175689062283,-0.713386869863095,-0.9266507835654051,-1.0,-0.8777356189140212,-0.612274117031135,-0.31335366811138776,-0.06486315392946751,0.10449238761013725,0.20292895460414,0.2502708445198482,0.26269035281047864,0.24945198665474327,0.21730446626435718,0.1758922184197939,0.1383132685827413,0.11320767827502705,0.09698876294072696,0.07963370021409508,0.05708501148545157,0.03425889336348917,0.018880210107514568,0.015527476079396389,0.02477804146744905,0.04522025220028237,0.07371411599378196,0.10503929633695963,0.1363247902950314,0.17196777895395676,0.21758558491814822,0.26902923393164435,0.31342422406148657,0.3387255453474604
0.11694066318171756,0.1244908099405634,0.1372796011869716,0.15086056641447843,0.1616049550373383,0.17034666566026269,0.18222220281606047,0.19977988016608464,0.21616805151255103,0.21914497296460053,0.20163065283974185,0.16654227670927135,0.12332037662247236,0.07924790677357685,0.029473841132100248,-0.0469719141916945,-0.17955014324787183,-0.38645508548547436,-0.6466874357523779,-0.8842310577704587,-1.0,-0.9460629714585664,-0.764745302101126,-0.5438426769776571,-0.3470600446090237,-0.19206400007938917,-0.07148450639116696,0.024045123302229614,0.0985735752500905,0.15229748902778098,0.18415751460248256,0.19529147404006397,0.1918236923206189,0.1836617493330485,0.18011542452060347,0.18380923482427047,0.18836837112951138,0.18657067379818643,0.17824530823047144,0.16676995856823623,0.15428392187889506,0.14419818792588054,0.14295955603854152,0.15339149780301914,0.1681298543748937,0.17584751602194854,0.17389402675766233,0.1690988912418743,0.16713345696205403,0.16743521715465218
0.14009958458936447,0.14153541221129443,0.14915378749796607,0.16452988563301585,0.18274868191038487,0.19717975527697665,0.20377886594686287,0.19965039141363364,0.1818224790061316,0.1506376427424616,0.11210298017704783,0.07424338862809084,0.0410802817570984,0.009547142439622777,-0.031051659986351888,-0.09960441510535108,-0.22154179149093836,-0.4163655064244283,-0.6680142901278102,-0.8990401110045508,-1.0,-0.9155823016744226,-0.6926302338629731,-0.4310665919563579,-0.20691647288180856,-0.04436688104965322,0.06792202525582852,0.15042510931338257,0.21494946740366636,0.26231802600463416,0.29045398353456126,0.2992117827959294,0.2893132691231289,0.2633789006363605,0.2290084435000483,0.1964202160111586,0.17181415852833679,0.15444997328004584,0.1392391563100124,0.12120286730800131,0.10007834936480119,0.0830328758932853,0.0796694230700852,0.09041464488383127,0.10234518424876361,0.10051096948072405,0.08382236280038957,0.06632449822259685,0.06002258648846681,0.061741702876655466
0.08918919450034365,0.09146677176970867,0.09910747566679767,0.11300261175021338,0.1295896238610386,0.1474019725143743,0.1684482387017916,0.18929458039970318,0.1985939042715196,0.1879903083446547,0.16187777299021167,0.13198390362203202,0.10342315051627701,0.06909546270303218,0.014478227249323634,-0.0792309261109748,-0.23240373718692908,-0.45108568480197625,-0.7032948850666851,-0.9142407516037511,-1.0,-0.9254244884997249,-0.7317519287963309,-0.4985858358945372,-0.2857989971230968,-0.11554064463356546,0.01144495242649067,0.10250536711333474,0.17021496822008797,0.22470618040244,0.2655387605443257,0.28762329323175734,0.2920108713447943,0.28644981181760937,0.278237703734673,0.26988265136893613,0.26074460312729014,0.2480482694040924,0.22687874548580056,0.19465967765399347,0.15522614961561265,0.11643776846831967,0.08578263222107901,0.06917149173326204,0.06914277248669096,0.08001043297324234,0.08976337426234444,0.09095786600443924,0.08588076734821802,0.08109556986771566
0.19173903268426998,0.19885796283102378,0.20913951218914134,0.2199919051562938,0.23040922941531577,0.23954389817135666,0.24557899079712914,0.24472448134320923,0.23508762785528026,0.2198066945133602,0.204200506660273,0.19188897965904048,0.18254616458514555,0.17041776805060815,0.14261629518022187,0.07582436769838855,-0.06240769281394696,-0.2940037179306861,-0.5932285666568952,-0.8676109363811988,-1.0,-0.9349442593389267,-0.7233031761230753,-0.4734813959756813,-0.2686532168328213,-0.13252695165583778,-0.048935380835186504,0.005260550684312791,0.04087191709546319,0.057520362993955784,0.055761468645946936,0.04301749473367123,0.02878880683464137,0.019398461351491425,0.01947318209899589,0.033270275442946994,0.05936059915983571,0.08726896995747954,0.10628887283098824,0.11634935357582109,0.12475789113352236,0.13675809918843249,0.15277749307927493,0.16794818164043768,0.17417410976501985,0.1682883152341589,0.15648300976695909,0.14814235194140382,0.14663080206424195,0.14813130853519732
0.03582103243034708,0.045385102806160454,0.06444552733149725,0.09175870303630866,0.12307189989881354,0.14975663952751037,0.1609047633605261,0.14913415721218956,0.11703340869307341,0.07732873872137105,0.043666173242562556,0.021251953805346384,0.005242495913021336,-0.015615359359401915,-0.05497917821906003,-0.12811399004314447,-0.25270481998203365,-0.4411481462970905,-0.6768455289757611,-0.8935904677075955,-1.0,-0.9481188866063239,-0.7736900442451596,-0.5596168933035314,-0.3696224679857981,-0.21965066929095786,-0.0954330616759623,0.01791749889776347,0.12445125774604868,0.22461453275134746,0.3212555179432543,0.414904190612014,0.49722339024744777,0.5523636976831909,0.5662654551681471,0.5367921391575439,0.4768020608053239,0.40555253604750585,0.3345485250440512,0.26290839013305944,0.18739647096297607,0.11314479098779287,0.05203956397560079,0.014121749240307135,0.0016964399032674397,0.008951102607820179,0.026874759236638023,0.04898198858454817,0.07062786833578473,0.08489499164165933
0.0621103130914585,0.06374603464407028,0.07458772004075682,0.09701938712280385,0.12682237869666524,0.15942176719179788,0.1896805586866602,0.209907578284558,0.21243429273396588,0.19492629863472244,0.16291084643312853,0.126693851400609,0.0966370219808415,0.07709219569844512,0.0569014636230688,0.005770390380802813,-0.11420119227440943,-0.32492331397457724,-0.6030837403335746,-0.8649085385098798,-1.0,-0.94880746719928,-0.7493196461588425,-0.4993771412489844,-0.28079373096201987,-0.12257452021807237,-0.01636001344118475,0.05547376744591605,0.10671781930150276,0.14511490650419862,0.1714052491623251,0.18373525687366465,0.18783249808439006,0.19603841313452805,0.2125137300963658,0.2273456355890197,0.22894011292925337,0.21650147806877046,0.19735232697800817,0.17735479055069567,0.15936185474000625,0.14706856203216997,0.14284563402640144,0.14221706064115935,0.1365907339528421,0.1235264173007763,0.11071904217404292,0.10712963173414976,0.11268784497320174,0.11921443938308192
0.16469935046300724,0.17525841670349795,0.18900726288596606,0.19938545364201013,0.20205757529564775,0.1964383629070251,0.19009817509344168,0.1931939471514674,0.20707320707061722,0.22188583208878046,0.2253485046609083,0.21245229811327795,0.18453855990376683,0.13987507875371225,0.07045131912815025,-0.03385554353372932,-0.18541533101262708,-0.3954511360611006,-0.6501102193738553,-0.884015942378948,-1.0,-0.9424624261196033,-0.7476324357169528,-0.5084236045995423,-0.3030318076899153,-0.16178570993321514,-0.07755800540224053,-0.030122448686165027,-0.00341207608601966,0.010636182893197147,0.015278176983278165,0.013469502397118504,0.012020767147262251,0.020923627921302267,0.04693057642764762,0.08901185398874262,0.1402542542432576,0.19104923467690402,0.2301438324127952,0.24820136776060944,0.2453096949627572,0.23186008092402344,0.21849094749910578,0.20905796046489197,0.2034038501769418,0.2007015353512495,0.20055525737349955,0.20339539398204487,0.20840658791417088,0.21241265723183797
0.10319782779208017,0.11791405866340592,0.14611115781496123,0.18654795235416702,0.22978588587001322,0.2551556054847672,0.2475073247689907,0.21072904493106792,0.16238373896498198,0.12110141428822374,0.09451638465088143,0.075589143225217,0.05170690978594231,0.01382140911707305,-0.04491900201542465,-0.13420092173254108,-0.26800670098478435,-0.45817993307058236,-0.6905759419823467,-0.9012754377303408,-1.0,-0.9406543126055247,-0.7632294969091084,-0.5549308082014189,-0.3794319667963286,-0.24884529351385992,-0.14452617503316473,-0.04849855227031722,0.03979484413962023,0.10853581787788329,0.15158665246876618,0.17643000328626743,0.1948431849176831,0.21329823222483044,0.23101715470399153,0.24178734958170678,0.24109606917456772,0.2332992041057741,0.22789479731149945,0.23153411201793853,0.24614462058213393,0.26738782832957886,0.2831692926993899,0.28141648290151766,0.2598976262283049,0.2258910844583778,0.19175844457708358,0.17094808730066582,0.16866578924020897,0.17481000700617946
0.07822046220092671,0.08619537028767053,0.10161568496817017,0.12590424963961713,0.156258720145947,0.18201576013913384,0.19399256716704774,0.19083293969187531,0.17422106681032382,0.1453182817061312,0.10782422653930313,0.07003393752989213,0.03917276085729231,0.011741574628289186,-0.02921233258180775,-0.10702764148560076,-0.24139187466002354,-0.4380569619756385,-0.6749234677490779,-0.8902565958928758,-1.0,-0.9545666666467045,-0.7805475334021866,-0.5551087893064861,-0.34874777646650706,-0.1945922717986908,-0.09036352150849138,-0.01634521681671989,0.04574282802155977,0.10497259388460864,0.16237865790940184,0.21417251759891914,0.2549920951883242,0.2812073301080367,0.2938072399181673,0.2977748231109099,0.29792694187509605,0.29570997223163936,0.28912990506787073,0.2753349056712054,0.2548489449438965,0.2325916949808614,0.21240859747674806,0.19347092187242448,0.1749100811627639,0.15968533945373428,0.1516029436236078,0.15123977957698734,0.1551963494567864,0.15868858484564094
0.1127086541588895,0.13827139187717216,0.1808278649910348,0.23059141438041061,0.2753380556790752,0.29905513210406465,0.29136075661839234,0.25738715343082136,0.2170787973034438,0.18899272504806053,0.1738653309678817,0.16208038534593713,0.15012366358984625,0.13606569853071238,0.1045222297812526,0.02766683693051765,-0.11983678268357648,-0.3465968608785699,-0.6264109338773975,-0.8800573390408706,-1.0,-0.9308931509661809,-0.7222855175121389,-0.48320402516454275,-0.2958085888976877,-0.1785140487186958,-0.10770326945492838,-0.05638846420244913,-0.015726942974626918,0.01256066288679038,0.03183422119489121,0.048805519620526795,0.06613843459546104,0.08440660756683468,0.10390510295081624,0.12075143655817085,0.12647366658706266,0.11598571995519022,0.09523922411636013,0.07969281042235055,0.08513928350311431,0.11731046729090845,0.16663361018151926,0.2123345933213524,0.23624660887910093,0.23730999359958083,0.2288072115443919,0.22116814525349235,0.21540330268474486,0.2113432109214922
0.14669499113403328,0.13730831084225617,0.12460374431900181,0.11344692845964734,0.10476461271598493,0.09883134336618776,0.09634594965905219,0.09691917666600258,0.09815225761614464,0.09576719551658122,0.08565791320541281,0.06825850229810507,0.0489308040509284,0.028915904993099005,-0.003940147067633217,-0.07387439596675544,-0.20610557633177387,-0.4102352524012227,-0.6610032317976158,-0.888060705466964,-1.0,-0.9454317633642066,-0.7548666308598722,-0.5137174356406313,-0.3002645038495149,-0.14952859063746635,-0.0562546817002299,0.003382141861601969,0.04991619553713146,0.09149800149474717,0.13035083641188516,0.16983779224818268,0.21041085310433372,0.24508709927108357,0.26673408294437145,0.2777695386361002,0.286393867330139,0.29407912778409767,0.2938350485487526,0.2820092447994988,0.2645672960684537,0.24938859704645225,0.2386257457045131,0.22977938340011228,0.218504636577038,0.20086553566815746,0.17804421312807184,0.15691547803089542,0.1432523652214456,0.13743819942438384
0.09342073381619609,0.10245944998640813,0.12132384799256168,0.14881057854706473,0.17939025637184206,0.2063524804935302,0.22642588645771394,0.23954742084794992,0.24670347760062586,0.24930469264110056,0.24850816993284824,0.2419812124781777,0.21933814789104056,0.1645367967724653,0.06667323480389022,-0.07487479318939631,-0.25824245068478846,-0.48238535442796615,-0.7266408162886892,-0.9274298937153316,-1.0,-0.905855458751039,-0.6928768469200847,-0.4536503073285312,-0.2539820687984315,-0.1113732238906447,-0.018522751918421933,0.03676913711806002,0.06678977608759154,0.08169890753428308,0.08948927294378947,0.09758296309208202,0.1097103986074251,0.12403204281719332,0.13788966199683136,0.14881522460795418,0.151938136626106,0.14428668816499282,0.12993148831786788,0.1166385486843091,0.10957000060836433,0.1105283674998544,0.12116312660822785,0.1404171906454803,0.1593864069274019,0.1707031819447676,0.18205220380910753,0.20687495127632044,0.24333711247859746,0.2714527908833016
-0.026155784094299864,-0.016186872528349588,-0.003427534138961405,0.005800689974304789,0.007249820941329529,-0.0032231196277223875,-0.028262829747901997,-0.06654256542047651,-0.11091529930637846,-0.15052317307855553,-0.1787578145599258,-0.1976725592670545,-0.21280517930219883,-0.2289653715682444,-0.2538612068037244,-0.30186852889653165,-0.3908005472836646,-0.5325085561131699,-0.7172312376589249,-0.8977875661430835,-1.0,-0.9708953832158457,-0.8191086948571586,-0.5989652415827035,-0.3647179591817833,-0.14983850896785353,0.028981032678771806,0.1705095046740376,0.285594113160389,0.3816582136334905,0.4543944953879605,0.49882477044606777,0.5195107336198541,0.5262354333308976,0.5279542056863936,0.5317482320482044,0.5382922902165239,0.5367858955633348,0.5116678009741521,0.45722759445382155,0.38468721553008883,0.31637904345272133,0.2714918269487874,0.2520011360294317,0.2420870913828834,0.2242333871431828,0.19291196577764294,0.15279071010579573,0.11355988076061205,0.08844444942383316
0.11781625627541087,0.11390459202218832,0.09651180970431199,0.06092661925484108,0.02148873185712761,0.0007070976790756144,0.00696726755516879,0.031070300153104514,0.059508082709066885,0.08591610770246248,0.11042502540490683,0.1307053714801444,0.13797022298545855,0.12176145361474656,0.07232307380739614,-0.024211301330766412,-0.18495196334484268,-0.4134500753942922,-0.6774165615879004,-0.9023494927712198,-1.0,-0.928034744971014,-0.728000072967444,-0.49091848046007425,-0.2885767890826364,-0.1457726108722565,-0.05576552323079774,0.0025155187520550354,0.05133677045651032,0.10008171978593257,0.14509707784722903,0.18214278080086901,0.21086808960675388,0.22887240790953045,0.2328544352827044,0.22839073533728207,0.22670836688722495,0.22950795964172072,0.22894792549836773,0.22281789396911622,0.22030249165222265,0.23063023946357478,0.2497604905333645,0.2634959240319775,0.26341493247601033,0.2531784059372228,0.23979447140512236,0.2273227090837738,0.21858329508984914,0.21482096235942003
0.08266385273183202,0.08548277957927773,0.0912473645458744,0.09764409358257713,0.10312416452529807,0.11017466068417105,0.12132277691150181,0.13003189276343013,0.12245250696765424,0.09711738698316373,0.07332162098125554,0.07017666109110432,0.08551774448004226,0.0976279926978428,0.07888870898927944,0.005894590334025975,-0.13872389897168866,-0.3622954573905076,-0.6392954719647166,-0.888010327519276,-1.0,-0.9217585221875699,-0.7008393692279773,-0.4402664003870141,-0.2202045993669472,-0.06723076157909486,0.02791414585268654,0.08644462169846928,0.1275372604019233,0.15964799613297603,0.18090982579097017,0.18905381903931276,0.18847061034515464,0.18668392532633069,0.1867630784395516,0.18736388167489063,0.18713472345414414,0.18301345537396857,0.1700530757102418,0.14999601510912866,0.13428460935722658,0.1341551029056977,0.15072423536369106,0.17364953884685463,0.18938563823213497,0.19312593891480986,0.18995856973302927,0.1858148998270659,0.1827586433405621,0.18109239987564119
0.3025866871522096,0.29332183256406374,0.2768117547719567,0.2645764638503547,0.26568320177694155,0.27746607984469585,0.2949040992821528,0.3133190768372205,0.3231688411412046,0.31515828765348475,0.2892284187189189,0.2525334543551347,0.20999859776885946,0.15850066042813052,0.08739805589536823,-0.01945635772996996,-0.18123343429785835,-0.4079566101128612,-0.6746026111184796,-0.904186674432927,-1.0,-0.9216666435792306,-0.7232188570135423,-0.5018934831047199,-0.3235015393142314,-0.20174544280827636,-0.12125789761453495,-0.06255835066012105,-0.01615457705914728,0.014356281513159696,0.021951843401404266,0.009524623979493479,-0.008834310309686014,-0.019726487281920408,-0.01837769294209392,-0.004391871923088222,0.022472187940866313,0.06117862485543746,0.10847891403791343,0.15662826823379297,0.1929351107664386,0.20850403721868646,0.20620187110259688,0.19512052366727708,0.18107315930764883,0.16693708423137998,0.15711626718647562,0.15562700223527823,0.16109661117557367,0.1669049184085687
-0.05939813201455065,-0.03802128848438503,0.0005068710851962043,0.04010921052932546,0.06386409350409629,0.07010456353369461,0.0670304408768826,0.061648917527647895,0.05605187071255552,0.04592633346653851,0.024507779022100128,-0.011145877812934848,-0.05924735236784336,-0.11467910457331104,-0.17298428213304898,-0.24115398148488681,-0.3426473913365719,-0.501067073017398,-0.7087718516101884,-0.905406130446375,-1.0,-0.9379930862957652,-0.7482258337032407,-0.5150259612898117,-0.31172009006981466,-0.1627315564673105,-0.051054744851121076,0.051962905436634475,0.16183267283977432,0.2748634506900101,0.37787416440545896,0.46032127210903856,0.5177119553975594,0.5489834981737185,0.5558825004911422,0.5438648108361182,0.5197364545755946,0.48717099305164874,0.4448699732552527,0.3897664336029173,0.32193455477570776,0.24661374101604636,0.17439714750332874,0.11862553050683769,0.08509748073377207,0.06469672068078025,0.04500743546733585,0.026431411711054755,0.017184852893859622,0.016693697546928954
0.10074184900347491,0.10633562304519367,0.11998723964747228,0.141345422005752,0.1640838799254706,0.17984614658199502,0.18450202354900702,0.1797311185686943,0.17083200985441188,0.16344115730981676,0.15998485475384716,0.15769279527162858,0.14946637714848549,0.12646082810270665,0.07877186458017839,-0.007836864534060723,-0.15309566451912265,-0.3697732398901906,-0.6364124915791303,-0.8792009835877841,-1.0,-0.9469490038357481,-0.7569089142690903,-0.5181153042839316,-0.3011683657305063,-0.13198090336329737,-0.009147918929534454,0.0755902134250313,0.13137930844532808,0.16739286085101895,0.19079683158497832,0.20549181624479596,0.2126749419549095,0.21245705065366616,0.20636212991674607,0.1982662893780161,0.19090584527087795,0.1824346601653119,0.16887848442984585,0.15016548795407,0.13226715944989034,0.1219798896657797,0.12030794445441186,0.12248960492229892,0.12353438262961176,0.12222396226588633,0.12056300189172457,0.1209057455772598,0.12368803769025348,0.12661081635254912
0.08451089265493568,0.09871405003455734,0.11611013404216299,0.1262202118777692,0.12688707121366147,0.12278335523476727,0.11992034743604403,0.11972813500133982,0.11727401554019733,0.1065035063966294,0.08703595610289726,0.06423108430077072,0.042211808310604594,0.01754014273449381,-0.022333132058172354,-0.09776273337384342,-0.23185405773932233,-0.43501589525981454,-0.6810203027751496,-0.8980231980559057,-1.0,-0.9443523936623871,-0.7616834116289977,-0.52846039107815,-0.31320923558020236,-0.14555078740623215,-0.023771014003429344,0.06501110909451255,0.13521353114876677,0.19849942801024803,0.25899683597008283,0.3126110237655755,0.3515151238738101,0.37007469207575716,0.3689338229261894,0.35537394586140597,0.3383745250829637,0.32080771569391575,0.29718450282156467,0.2599332459931611,0.20780877615390078,0.1504216359007801,0.10468159785820888,0.08313092937633548,0.08384245835377567,0.092555177688926,0.09637621491311485,0.09454655797762425,0.09327757786584948,0.09419541333430653
0.09683189957675294,0.09644365797359032,0.10022955382603004,0.1101593259211246,0.12249874733719138,0.13325302502270592,0.14182708254993004,0.1479057318709339,0.15004908640139084,0.14853033780737185,0.14583222225947615,0.14227488559579748,0.13219060909389332,0.10642643552729988,0.05700751990370068,-0.026116464522979072,-0.16256397655944713,-0.3716631643074001,-0.6370988992796839,-0.8817270973618931,-1.0,-0.9355183666893904,-0.7259084086335149,-0.4668509333465072,-0.24140233391648575,-0.08302770404027336,0.01616001227930361,0.07956793673523488,0.12683484938246145,0.16670037331311374,0.19867541848177964,0.21973925955582554,0.22948807159189322,0.2304491279669931,0.22689639521150476,0.22398399597990915,0.2258102829743938,0.2321913711756452,0.2371738268559701,0.2319630503612061,0.21029043534591887,0.17339490096480004,0.13189615653655085,0.09903356010471608,0.0799148490947319,0.07096296451605244,0.06804596494541122,0.06965231330168956,0.07397311070650191,0.07761900060877854
0.11773547295654617,0.1254187983574474,0.13805839319024663,0.15355305308904071,0.16957842135942833,0.1812473062949456,0.18387031655435648,0.1784979556904759,0.17198329756730432,0.16844794846412983,0.16247250379830216,0.14511880585085457,0.11519396086048385,0.07820106910439976,0.03149362845570267,-0.045727258295958,-0.18330794681933874,-0.3972796794891304,-0.6627314529629054,-0.8987845727546693,-1.0,-0.9125012475750666,-0.6795436746845367,-0.4031661930056217,-0.17062939854590403,-0.015727199097484924,0.07358177030802719,0.1260079859300618,0.1617982697756203,0.1854692682384562,0.19450014904617147,0.19076608538858258,0.18115962728276364,0.17015472823519176,0.15868386852008015,0.14907257699562979,0.14429955154506263,0.14246517965376695,0.13718938040621279,0.12347704029280208,0.10108749317604496,0.07553081439531388,0.05695858447351948,0.05359690269803248,0.06596395149265101,0.08947782756778004,0.12013206524873977,0.15462648175684024,0.18646740598720474,0.2060606832223948
0.07162757364049764,0.0823444584822599,0.09949525422671941,0.11735539265352903,0.1320911930196868,0.14141654533930437,0.14567342471593028,0.1496243968496879,0.1578393888249949,0.1679181235897565,0.17210483075512156,0.16486460317656929,0.14312665092252463,0.10047659074933664,0.026615703726841154,-0.08901026229602671,-0.2540718662142192,-0.4671352268101711,-0.7041549839914232,-0.9071220660263015,-1.0,-0.9386240808837872,-0.7493273559352829,-0.5084948169466512,-0.287133507126864,-0.11909233832496104,-0.005612106014868883,0.0685927734187597,0.12219071880227936,0.16743722345940748,0.20698674741424317,0.23980309630270188,0.26766580820744107,0.2926132088122939,0.31167612407542583,0.3188777708664118,0.31046918858502875,0.28674841339707446,0.2514791308741342,0.21212489882706706,0.1793751057661366,0.16205064536197608,0.1596703091160866,0.1602366671602275,0.14842538069460431,0.11903942755647445,0.08083494325630183,0.04721772265258532,0.026177958503622475,0.01751121678751344
0.1624088114829092,0.162532767297452,0.16419650195375068,0.16749456677125682,0.16991320869244994,0.16931366134600104,0.16694314257429735,0.16600906885391598,0.16891882354423673,0.17620707741675232,0.18592053624737837,0.1944171535717415,0.19837564533606455,0.19194909011195724,0.16002439340200306,0.07741205813720468,-0.08155751602180178,-0.32364211827394196,-0.6137698991979115,-0.8701631199602814,-1.0,-0.960360479517646,-0.7874934279773178,-0.5633291906015571,-0.3581733640594822,-0.2013919602744622,-0.08874409082731896,-0.004618963688158971,0.06271826201751407,0.11874867623959116,0.1658031313366538,0.2048032333668279,0.2345975631127428,0.2509166846255897,0.24784178024234438,0.2232817102163126,0.1842767037177058,0.1446913388762212,0.11636467757450977,0.10349845964888396,0.10444371347682062,0.11501697298584745,0.12948080135306603,0.14133676228291311,0.1449311729866929,0.13682423698781454,0.11740114471741113,0.09259725935717307,0.07147111590540335,0.060162222632468274
0.13545350783531487,0.13841090141704301,0.14842430618659389,0.1667162087330301,0.18833445966026469,0.2062445965530328,0.21510878406525527,0.21351458356402106,0.2065781842967809,0.2036201987757259,0.20922026663634283,0.21732847225306004,0.21599388262749267,0.19464803416455217,0.14348521202892742,0.04748354792508933,-0.11409372724178418,-0.35182753065560046,-0.6365151091367012,-0.8856407229354161,-1.0,-0.9340047420706579,-0.7300987053249819,-0.4795697464418636,-0.25585067436299946,-0.08501877775556638,0.03722760359362736,0.11901070075174922,0.16479164891642611,0.1803940732531637,0.17492903977305643,0.15890366325077804,0.14181032508291788,0.12941203592284886,0.1230730618971535,0.12215054618872875,0.1254902299311433,0.12971070646556632,0.12894569947792214,0.11924388305321156,0.10229523307088466,0.08398666709670229,0.07025067702928939,0.06468712229726678,0.0680377770638528,0.07649839540493515,0.08219362257210445,0.0799278943854441,0.07247261385650115,0.06661136886776975
0.07798756264560287,0.09765208588321826,0.13607041874877934,0.18443069818283572,0.22562882775470944,0.2452234756129254,0.2408727036341007,0.2204819865119999,0.19481667291837604,0.17250618511152727,0.15704277237970765,0.14484111176097164,0.12664335769358367,0.09131980405851241,0.02890566259243285,-0.07055720702811369,-0.22079661157057226,-0.4316366582742694,-0.6823803144155751,-0.9024777322894315,-1.0,-0.9306997745023753,-0.7356598376775286,-0.5018906778960407,-0.29617359022442247,-0.13985958122346298,-0.024846388236750134,0.06448254134453912,0.13974928420060528,0.20572000094549223,0.2603928249044466,0.2945632929039308,0.29662521584203977,0.2651964714170129,0.21604868230469063,0.17249876296375388,0.14923260308766817,0.14549287048243498,0.14971810049335088,0.14970422650570192,0.14089976488697445,0.12607562492709107,0.11010624655570077,0.09692924765842657,0.08837310655641437,0.08499611648295652,0.08866957750078704,0.10083376184889868,0.11727848827338176,0.12896823576296065
0.06144838170328878,0.06782001854358977,0.0781355498958412,0.08583092222282997,0.08407770330512329,0.07184537067040271,0.054271385302712416,0.03850971835944358,0.02940969906710514,0.027661542741302874,0.03268855879248173,0.04716471021910724,0.07639186639872166,0.12144872479558237,0.1693159399333532,0.18370832569817883,0.10608902327150473,-0.11390165805654796,-0.4573942636036129,-0.8045213950899905,-1.0,-0.9706302280877186,-0.7677588415145866,-0.5010503671595632,-0.25556808492430044,-0.0656187377150442,0.06799726551944887,0.155419828463483,0.20663433826002858,0.23109587889152003,0.239054764152904,0.23817104424503002,0.23067574138947006,0.21724353884870934,0.20148161199473402,0.18780199386541943,0.17713434889810725,0.166842686384335,0.15429027280810095,0.14038208084863857,0.1290374466501971,0.12255122576681764,0.11880000931065224,0.11349854133131247,0.10433136368690447,0.09280535170591431,0.08258413992891057,0.0762718130565692,0.07363509950285961,0.07288574972072817
0.01959800761992322,0.027580199888721024,0.03626112744209417,0.04172978435214257,0.047635281134401665,0.05778528548725245,0.06999636184210985,0.07916745995379125,0.08297036059521966,0.08265934300436376,0.07996014849482863,0.0739759590336625,0.05987336765432653,0.029787433931566357,-0.02582759164209146,-0.11884922862012144,-0.26331553083579834,-0.46664572271234805,-0.7078428490214721,-0.9180705861404518,-1.0,-0.8938309875403754,-0.6294845556278281,-0.304975051507995,-0.018174835386261523,0.1792318859543472,0.28388198954312693,0.32110127960576934,0.32275138442286866,0.31031445235815197,0.29044054836668864,0.2631275581510846,0.23117272545920153,0.20133048777587376,0.1794760857031541,0.16737706937699626,0.16378086121834257,0.1664772409177659,0.17232697995971025,0.17752417092028777,0.17930934467834625,0.1759575884291612,0.16575535864516786,0.14831556005599317,0.12640109750668904,0.10426737071109234,0.08369273737921444,0.06382844127041085,0.04577661245487405,0.034417987736020825
0.09150756609205354,0.09218420015107272,0.0955851128896319,0.10371775756786533,0.11589388121185971,0.12917230755514852,0.14176135421329003,0.15370255606380548,0.16424517517474663,0.17107916653640218,0.1724785791574382,0.1683809777025166,0.157543048803292,0.1339767415831305,0.08617304163380105,-0.0029115674797717986,-0.15361929958570403,-0.3763199019456806,-0.6456717532059401,-0.8856095355793443,-1.0,-0.9413773390344957,-0.748744019892984,-0.5100751286114096,-0.29737318942319557,-0.1391593309760708,-0.03272462794109301,0.035161655040947766,0.07736777559763455,0.1054538150095755,0.1296349341674413,0.15441826109032156,0.1765177869777792,0.19121676083265135,0.19945368198239954,0.20572926898141458,0.21163559703755572,0.21502102551260852,0.21426829575392395,0.2106444628439007,0.2059740875843464,0.19900616019500428,0.1859076646606928,0.16597415811344624,0.14567410034363393,0.1343459949796985,0.1355752187159611,0.14453612033018526,0.15375392860980405,0.15891347297870828
0.09571516772603013,0.1056509987720159,0.12872137228494115,0.16204682914152685,0.19324763561553418,0.2107367896674316,0.21580504524373914,0.21966684756752847,0.22893250535286763,0.23943736609174304,0.2455361162174429,0.24772223043620495,0.24580193146905124,0.2300191673173487,0.18154743192976727,0.07674007385024083,-0.10439606898562957,-0.35969593084284035,-0.6470734506694514,-0.8876504252236791,-1.0,-0.9502194073945199,-0.7748188703023898,-0.5515198714795747,-0.3472794939907649,-0.18880894513677507,-0.07029154945450629,0.021493338665882867,0.09275435257588471,0.14526989005536092,0.18194930745830898,0.20604397791901088,0.2180041806041024,0.21603232512847678,0.19956736141431375,0.17118013992177597,0.13609488400822284,0.10198609688052537,0.07896637830117559,0.07406576270717218,0.08263559750476565,0.09088191797414978,0.08991894970769208,0.08284203425158888,0.07780175591807419,0.08076861334717239,0.09436328783729173,0.11658436866398783,0.14004932488614755,0.1551726590656339
0.04746416094703571,0.05143645894817973,0.061879642520400416,0.07884937036898318,0.098864687024295,0.1175969224015712,0.13138590321534815,0.13863507163018057,0.14050138758520073,0.13747995702128818,0.12763017560241313,0.1113882550477068,0.09237775701955209,0.06887545896823377,0.029465453540547436,-0.04412430738067627,-0.17520869089839272,-0.3808865217671143,-0.6422733983342305,-0.883332180414296,-1.0,-0.9345356654946264,-0.7218951499960756,-0.45527526115617084,-0.2179582622138529,-0.05055117992680356,0.04412682546660182,0.08760410708497773,0.11265217585828977,0.14685210388908648,0.19777392272000477,0.2523111346732255,0.2920335580821718,0.3091361782684878,0.30788656957392047,0.29436165768002154,0.2701329646634088,0.23660997223072106,0.19999081284142664,0.16863879205302323,0.1490934472115398,0.14424063720919927,0.14890044983493556,0.14954639449569718,0.1362688744498387,0.11259973436342213,0.08987246593118553,0.07624976431772394,0.0723150884752975,0.07301232436709575
0.1260971308037454,0.1302716128880042,0.13666282514449715,0.14435459501961648,0.15471154057838013,0.17012992887052605,0.19043115855723064,0.21016207012480162,0.21994585923963722,0.21238095527568995,0.18847596408152298,0.15568320568921537,0.11763521965005076,0.06750388509664165,-0.007191090335831388,-0.116022218320286,-0.26710706571904497,-0.46917846880806124,-0.7089192225384273,-0.9194591708785973,-1.0,-0.8984197526576563,-0.6670406755753258,-0.4151456926041385,-0.21863217033758714,-0.08852601332153519,-0.0017700858560833405,0.06431478191830961,0.12143497309163427,0.17123916305479092,0.207132496377124,0.2215126034600599,0.21666773174492013,0.20681926975948195,0.20625267851854212,0.21546984867876653,0.22177977876427243,0.2131190667610889,0.18985535521914887,0.16506274199988072,0.1533491278931092,0.15727189248789,0.16524318527623097,0.16313030817347018,0.14544628569297582,0.1154763111191055,0.08168053874545275,0.05607809070416838,0.04667548943736947,0.047953957055222256
0.07924735782658777,0.09393266527691861,0.11461738881528054,0.13119841143340502,0.13435066048467492,0.11832563751123126,0.08465108265159209,0.04121601902778122,0.001022197968098706,-0.02199761121436461,-0.023587048209594924,-0.013086036625599541,-0.0032804675188074523,-0.0021239344923994685,-0.01873382845586685,-0.07315910686516747,-0.19393623337960675,-0.3985890806711941,-0.6618927894454982,-0.8984020573138902,-1.0,-0.9143664075456474,-0.6827894627264247,-0.3978143366047712,-0.13784276586475175,0.06019529036463918,0.19230661775873314,0.2710884801612241,0.3125767466201551,0.32901711752463947,0.3302232276381822,0.32477624826025764,0.31586217360357005,0.3012177808721734,0.2804537126935552,0.259141765140096,0.24311433193005805,0.23078095461030546,0.2130954681112693,0.18186071342137472,0.13821544689351453,0.09035093464514947,0.04651610303521723,0.01608322705195717,0.009972053296998361,0.0312011474845176,0.0691155765643761,0.1078034476914304,0.13659709913088375,0.15147408143373628
0.1613069307587617,0.1671790805110063,0.16735121755316507,0.15559761755873594,0.13731804640353495,0.12246806458188639,0.1173173915733375,0.11965832931930705,0.12144586021552123,0.11709596543687492,0.10857388804302832,0.10324068984245076,0.10609633615481213,0.11009304881762627,0.09139944777085249,0.017208585863514436,-0.1372546290686299,-0.37301025556472145,-0.6529019525342884,-0.8944878774965158,-1.0,-0.9241749135392514,-0.7125590327392544,-0.4619770013813761,-0.24992150037269537,-0.10133046143076964,-0.0019123801784949874,0.0731036111461512,0.13897228766685918,0.1955863825793614,0.2336465636853405,0.24601419227457316,0.23462872687759595,0.20968641470878005,0.1843876991688493,0.1688877686818558,0.16553425321709783,0.16824610046778993,0.16887325313358859,0.16532800272870493,0.1604872137259258,0.15439740598202434,0.14405727496466084,0.12986933124779018,0.11616021171857828,0.10584943008260403,0.09961619111262603,0.09963238164699796,0.10722749837530068,0.11598730870852565
0.17718961810145822,0.18034049041909817,0.18648092702793057,0.19148689271786581,0.18631710429911605,0.16785235628863748,0.14762466534057223,0.14092887184138397,0.1488808388560555,0.15712482160315172,0.1501248923973871,0.12253448304724067,0.08089104296062323,0.03713797305330454,-0.006764737109133337,-0.07175487704294081,-0.19387430003861958,-0.39580064390979497,-0.6549090700401513,-0.8909945171063991,-1.0,-0.9279480293725556,-0.7152247261738129,-0.4579340123479778,-0.23481130916621326,-0.07448375179177737,0.029392698886624748,0.09264017211796476,0.129120318592508,0.14959445305768987,0.16051968342056858,0.16341581214037573,0.15866610905911097,0.14945270997577978,0.1417372594842616,0.14075747809939768,0.14624012679061033,0.15219764417969864,0.15370756778313854,0.15194641890764057,0.15102905867897898,0.15144682199251042,0.14924027165631204,0.14239434491435746,0.1355126747776751,0.13728859393795992,0.1536341946869894,0.18090500825835307,0.2070242587477031,0.22172131599934192
0.20900029031236375,0.2221462245085349,0.24279088627422507,0.2635407667168156,0.2700104338919232,0.24586828403346367,0.19334794603559108,0.13623548119909262,0.09779743821751305,0.08258932317604507,0.08047417515909827,0.0822875248010807,0.08464178308565816,0.08089605316394721,0.05491271347885413,-0.016803798608232768,-0.1572107192592186,-0.3742499011105222,-0.6412527827507719,-0.8833675813090374,-1.0,-0.9330114275726491,-0.7177610823376424,-0.45319111923676697,-0.2274358914810338,-0.07701281293862104,0.003485286215985508,0.034419954999193175,0.0359882370484298,0.02692382431664664,0.021901248727201433,0.02698676034923584,0.042481730550340414,0.0671352687995718,0.09564720778950572,0.11796758189799222,0.12762218821070295,0.12952255599196755,0.1368326973575127,0.15861369509633627,0.19035171250919444,0.21760313789585536,0.22909797656714967,0.22697483917732028,0.2227513949003524,0.22287368573643085,0.2222787070097552,0.21206569189019125,0.19158484588113373,0.17364756363228412
0.05900977604597791,0.06768134340774981,0.07755257532383751,0.08255018088880693,0.08550732272106931,0.09224572179425905,0.10217671110736959,0.10991622592278631,0.11084477278279359,0.10250930802041351,0.0851782025261249,0.06255534324546042,0.03892729868609364,0.012428435508587094,-0.029589749463231278,-0.10806150874946467,-0.2435642498952859,-0.44367204823686024,-0.6850614761823967,-0.9002405658309113,-1.0,-0.9356834503079493,-0.7395805750483329,-0.4943201980016734,-0.2713304756950002,-0.10130423778600557,0.016815615534673048,0.09674183078451325,0.15392206725468174,0.20242939599238094,0.2518546208200091,0.3016692584019136,0.34018006801037853,0.3539636216364836,0.34059827941459014,0.311956128789826,0.2852442380815558,0.2695111715754397,0.25979899046460414,0.24518487956404686,0.22065875761396048,0.18999881562697105,0.16109616509873753,0.1406740716004142,0.1305444187444979,0.12657213633861153,0.12259858208865378,0.11692034538042878,0.11275472377087857,0.11163713462753186
0.1298891849190135,0.13145202622565513,0.1329065347779964,0.13611695464232532,0.14276242483100607,0.1498294481700206,0.1521222365259335,0.14780331293152005,0.1412367849920854,0.13929046223044017,0.14533637805882305,0.15595038681427278,0.16209679966916998,0.15189841447152086,0.10980084550438206,0.016364226979107128,-0.14544396881474342,-0.3781921799628717,-0.6519864089627863,-0.8911696092231821,-1.0,-0.933405809156267,-0.7393906122759116,-0.5145598800614457,-0.3288239482769523,-0.1989913608094043,-0.1112851415526437,-0.04748712916342063,0.007541993497118369,0.06423783551673927,0.12293693232645386,0.1748372461632365,0.21154488841874985,0.23073356965899094,0.2351524244876068,0.23094421336301957,0.2248214314998634,0.22095935501870792,0.22016439600580945,0.21914033161922605,0.21169770913982247,0.19400561161364208,0.16846392825314688,0.14328175077385197,0.1290571709715836,0.1320402692538575,0.14775829503999613,0.16370555750037694,0.1710868761203396,0.1717678402742174
0.004358348344606482,0.022777517540325923,0.041088182262134156,0.05023834810239176,0.061824409658461706,0.08556689401780768,0.11600701464750195,0.1464001338339048,0.1777586808069338,0.20945445735058235,0.22969463159964673,0.22116513707941168,0.17730807886836228,0.10897806205597807,0.028760888034820627,-0.07047433478442719,-0.21293076496200275,-0.4141389676174825,-0.6576565989716633,-0.8829983432907655,-1.0,-0.9493612512172528,-0.7594113915692238,-0.52340976094128,-0.3214210752903581,-0.1755452538093097,-0.06661281514682917,0.02987517946284297,0.12321616960419442,0.2037790870195472,0.25346050629258354,0.2650288874857131,0.25044884880964086,0.23030523062723796,0.2206957815599886,0.22756234882276916,0.24544523774795188,0.2606486900243466,0.2606488235443266,0.2443197074777175,0.2227967199972164,0.20903136027480873,0.20589384818944637,0.20302010953353025,0.18500355102491892,0.14645640251718356,0.10205480890916152,0.07769000045030425,0.08401702158120322,0.10118145244109149
0.24247543954032097,0.2376984982391893,0.24756632845224183,0.28210731324932065,0.32442399999609584,0.34885305799054594,0.3450824645485042,0.3187573467174371,0.28000020689552785,0.2361276561242375,0.19143954759508527,0.14839771280575295,0.10540747356959289,0.05646297184546855,-0.007891530067042324,-0.10283781111120095,-0.24646286442361717,-0.44665543823626036,-0.6832502762476433,-0.8953045491858027,-1.0,-0.9503867160824433,-0.7742110200594471,-0.5470799755165283,-0.33894353297722873,-0.18432048212401123,-0.08146773243974198,-0.01139140557304878,0.0409887946902466,0.08226500506767069,0.11689508578667167,0.1486309965127195,0.17501485928037266,0.184781302950006,0.16871021950200096,0.13540820623030808,0.10828783466191458,0.10444907276610003,0.11964886510939199,0.13274081622915904,0.12644983727881873,0.10502448474947716,0.08863338186187357,0.0928967478551546,0.11671888988390546,0.1469375967659316,0.17023923057144372,0.18069807501200688,0.1811468571476848,0.17883715656183694
0.17970717906472852,0.1816045923503635,0.1842750659187345,0.18810206113053834,0.19182835470326606,0.19063483868867842,0.17961613906145873,0.157122781992714,0.12757636818203452,0.1015625132072704,0.08767952366696258,0.08344118238330718,0.076852823263365,0.053969981559325114,0.0019081763427628473,-0.09204953984288487,-0.23937061462931458,-0.44418218146187993,-0.6867162856020348,-0.9028901960254084,-1.0,-0.9244396441948175,-0.7126759014982604,-0.4603908111668245,-0.25018547842035727,-0.11242950644206585,-0.03183479790213888,0.023476903856727994,0.0726200973549644,0.1142209987675361,0.14161579406060495,0.15758048180356948,0.17150373698722857,0.18646711348007133,0.196410089739652,0.19615437259286647,0.18788359633737645,0.1801299485787446,0.18398204633739706,0.20309033437715088,0.22563325049871252,0.23402910777850547,0.22312664396785142,0.20303670572664653,0.1853463735237878,0.17311537875217856,0.16410046694061092,0.15614426991058208,0.14851344109114706,0.14310222320656485
0.044034928905322596,0.05542170713276908,0.08236298909697498,0.12307684556743867,0.17095349410602945,0.22225301417464094,0.27002887775398726,0.2993814880217025,0.3008194654247928,0.28048922582670044,0.2509904801829969,0.2176024936486941,0.17734638873007674,0.12620453668345133,0.0582943494275304,-0.04123445551291157,-0.19339749099944462,-0.40921607098211593,-0.667063886931901,-0.8962289987742376,-1.0,-0.9272694865942617,-0.720602321592535,-0.4783507423663467,-0.2802253538188266,-0.15192741634364623,-0.07497055779651407,-0.01565962732659617,0.04864757730399309,0.12033006337261003,0.1858093261395649,0.22713536210428675,0.2366352457479071,0.22228991191901423,0.19881507159549885,0.17704236854634228,0.16295743145698793,0.15881285990833188,0.15977808923007542,0.15577634429320047,0.14124339300082123,0.12081118068123625,0.10457849434067172,0.09875697687580777,0.10091244799924427,0.10439640820085029,0.10659981812566555,0.11002170387633464,0.11557181083599002,0.11996423880179408
0.078381298170146,0.08610179193457212,0.10788618120525717,0.14412767649943345,0.1837141052059275,0.21365604344828326,0.2271532708074939,0.223687757198972,0.21021488638677396,0.19835235935627984,0.1934832769989844,0.1892550724741043,0.17335743008150134,0.13472704363632024,0.06543328663543975,-0.0420893550216221,-0.19854352477682605,-0.4114187565156817,-0.6620336572284373,-0.8869187050619168,-1.0,-0.9540258667687607,-0.7794819058316358,-0.5544837678361078,-0.3450972802821154,-0.1766890785678694,-0.044128083382334225,0.06305583727773983,0.14355451929207713,0.18861255174388408,0.1991431115088705,0.19120981470116474,0.1832880912330218,0.18419862789793076,0.1931058107715781,0.20253374224916149,0.2023417019258773,0.1893327391632548,0.17024351899301216,0.15120300389504532,0.13264702809663081,0.11662181967847332,0.10888496662537374,0.11279001893108909,0.1263311461560194,0.14335273833372034,0.15615634667027206,0.15986226797654635,0.15594574136577483,0.15096335674730027
0.11639264658495356,0.10089075292061185,0.08467716785996028,0.08577704226292542,0.11038802434220087,0.14947399937544137,0.18880050124323286,0.21704646362608018,0.2255194745471282,0.20926014933600712,0.17331051236270004,0.1312671291454549,0.09193599499878735,0.05111551131287952,-0.004521573185407898,-0.09345135067399052,-0.23649046767023083,-0.4426918845005839,-0.6863349010123619,-0.8992246982754067,-1.0,-0.9501599267211636,-0.7834919767685895,-0.5714151229629231,-0.36915388599565613,-0.20120647347329587,-0.0737254326813551,0.019060221411729403,0.09110968483464627,0.15324110102933017,0.20492079506170285,0.24006031533096936,0.25716750169199093,0.26030498323799844,0.2557185646548851,0.2508988081489873,0.25011938280871676,0.24883679015684562,0.23799322446105053,0.21482222039777873,0.1850858739349752,0.15600198985797245,0.13313165076887765,0.12191130541711287,0.1260920770160728,0.14504160860120968,0.17311929456408218,0.20109896706492258,0.2207177768063088,0.22955818674443576
0.1864692338427285,0.170587976345525,0.1489435229519643,0.13100102336802344,0.12130477726238649,0.12369341561366856,0.13865662502634868,0.1589181064884762,0.1744427328996417,0.17905207137117507,0.17159181283160266,0.15336949361263796,0.12449698972301329,0.08293321659593185,0.023728858434033863,-0.06547107179551823,-0.2049037181322317,-0.40907618390672074,-0.6605299328708735,-0.8901352059065187,-1.0,-0.9348815284682425,-0.7316656374481385,-0.48435462663433804,-0.2700990375307339,-0.1161735798404731,-0.01531745527167823,0.049658307362126904,0.09308613145249423,0.12438024231280263,0.15102565442168084,0.17854531935196408,0.2060828072282307,0.2277021991382591,0.2397149585462595,0.24213701517308614,0.23612435808512197,0.22594159411774611,0.21761210336010653,0.2102039077268233,0.19525932505152466,0.16864582786326762,0.13803816226410465,0.1162646200318656,0.1087669634289736,0.11013236800891225,0.11235739347366751,0.11289247541558826,0.11368933723181235,0.11515705039189102
0.2602278121300415,0.2525981514932993,0.23964829815143412,0.22631246834908889,0.21485742718087458,0.20371434765702962,0.19358553579171203,0.18860977860421055,0.19011300850065393,0.19365203642047815,0.19221412970067672,0.17918680498103676,0.15060362784152212,0.10664979380822431,0.04678213451704749,-0.039966727516016286,-0.1769973929619256,-0.384073595542374,-0.6450565236425091,-0.8850251247371512,-1.0,-0.9344438314781844,-0.725607418137013,-0.4637447389051466,-0.22352567197648576,-0.03844848173340308,0.08349668566588907,0.14379373642165,0.15292942289796368,0.13014020380258062,0.09357450415282513,0.05234357436084103,0.010153403326256579,-0.027247294423924106,-0.05184090353102291,-0.05827141559416912,-0.04482173923615778,-0.010858920036924385,0.041930455194768006,0.10559233359014505,0.1667374689105748,0.21252198878692183,0.23573220292161168,0.23706615698887315,0.224250730509305,0.2075365520186049,0.19485097417505504,0.18991964869869735,0.1921751092128009,0.19642927268971438
0.09355519366532208,0.071613281885359,0.03531343387963387,0.0035166032836486745,-0.0046658402477274515,0.0147736744765848,0.051632521033611635,0.09101660852587891,0.11829454997596955,0.12416424751899878,0.11117685972010422,0.09078821276842823,0.0707840701260058,0.04624745614425211,0.0010000232526940448,-0.08442616225645562,-0.22519571184867257,-0.42609940647368866,-0.6669970698966905,-0.8861476780395798,-1.0,-0.9648297820250201,-0.8136022998980649,-0.6200467721188032,-0.4369464636489043,-0.2763456340874453,-0.12988023485997574,0.010377671132624344,0.14431641557560543,0.26360881846506157,0.35817303368849046,0.42431246557852853,0.46452902295304205,0.48193366219562617,0.4794716947189314,0.4645322342649811,0.4492830802118163,0.44015381427744427,0.4278864766202819,0.39504322525130386,0.3337991926364242,0.25090978210549286,0.15818671107526078,0.06786475558766292,-0.0033980240400871267,-0.038857964748114676,-0.03515357132648973,-0.005790391867283704,0.028856545073284133,0.05126766971464985
0.10757838377685236,0.10528230861867731,0.1019620717729734,0.10071561110577922,0.09995854099524615,0.09348155285727151,0.0805376029163646,0.06784071596085219,0.06273620316487695,0.0693969738401121,0.088463702491015,0.11695671986467339,0.14802326608419406,0.1690293209920819,0.15913880238268366,0.09007699627377112,-0.06596398995511639,-0.3154074828150032,-0.6162728110142526,-0.8766608706574427,-1.0,-0.9481922844796973,-0.7630508885914445,-0.5265194383419455,-0.30555856429481404,-0.12900020134943913,0.0012047176880316153,0.090530545132593,0.14422334699854597,0.169507197807635,0.1763603465788893,0.1745231208798686,0.1710974764790464,0.1700687356036891,0.17320586912777983,0.18087772017483425,0.19103866054162327,0.19836537881601213,0.19667824587819613,0.18279122779121526,0.15959048329479517,0.13751599194865827,0.12950218866424523,0.139430007023253,0.15802266738887394,0.17304937464824016,0.18097488041348786,0.1871201812232145,0.19594019615144836,0.20382919814755449
0.09852398059933469,0.10539704544798785,0.11852673972974721,0.1356440270487149,0.15245131748494142,0.16533287922849974,0.1733773209767123,0.17732529376899372,0.17752253973849555,0.1733603897925535,0.1651280964064303,0.1545721118173306,0.14170829320573167,0.12060010665193373,0.07700079290325496,-0.011068004416934622,-0.16626907718459374,-0.39472773819802515,-0.6641556066297937,-0.8964811042679817,-1.0,-0.9329133150588478,-0.7358825807969234,-0.49355887767778694,-0.27289758535263603,-0.10040498444923035,0.023917486810277073,0.10909033259390621,0.1647619900555388,0.19819601511765125,0.21363306665950463,0.21426393654894363,0.20526310769030742,0.19346100738892316,0.18397618433756124,0.177972626410161,0.17296083268402557,0.1661571942995403,0.15938926528917674,0.15798091809248654,0.1624976863900179,0.16536340989060586,0.15813841486911231,0.1396887336850562,0.11674369389287277,0.09819334793535857,0.08838401623399053,0.08577471557285218,0.08703044997834222,0.08904950680587893
0.15975600875133308,0.16031555207212458,0.15964048397186004,0.15704191031979894,0.15613431875057524,0.16258993404593047,0.17839696207002106,0.19903521551771347,0.21526468694793738,0.21888585494448787,0.20842794591610506,0.18796310063212823,0.16124471331194556,0.12712025789772827,0.07600623061416956,-0.011581129014681365,-0.1595508499132656,-0.38020268001846735,-0.649337894246056,-0.8899613592769966,-1.0,-0.9267170140446617,-0.7129570857582459,-0.4561400417669132,-0.2343532080949807,-0.07549390045537552,0.02821875764923517,0.09376136520843495,0.13224490154304,0.14968773054844206,0.15299839801965592,0.15157552597500396,0.15365225066602387,0.1606144214492097,0.16574146450671945,0.16078361829396165,0.1432718374809676,0.11686013563552705,0.08879718859000585,0.06878781763752341,0.06439424819681004,0.07411521364660217,0.08890918479860671,0.10195764342613145,0.11344438021607488,0.12664473366485104,0.1424297431789226,0.15694643861153237,0.16521178819956045,0.1674231996829437
0.13306701630314502,0.12898065372051415,0.1260452028925982,0.12849867179407973,0.13719853789885106,0.15075499947618312,0.16557464007663408,0.17699318415862175,0.18159784293325582,0.17767643400292873,0.16550481760789476,0.14931116286480323,0.13580336376048505,0.12584219540254157,0.1049884954049134,0.04179716400711983,-0.09962222390463743,-0.3330081419718716,-0.6221109458291199,-0.8776523566861764,-1.0,-0.9455173093989419,-0.754769781905541,-0.5142152202807422,-0.2955788478771114,-0.12782641007066942,-0.006913259519791412,0.08187482640076524,0.14834480177250492,0.19483370787836274,0.2213038895736671,0.22961633015768698,0.2242760560131144,0.21030414349043902,0.1911132552532731,0.16970073319059895,0.15023566856471604,0.13611606366305448,0.12835642392983465,0.1265467946094837,0.12906385991673194,0.1334222859086822,0.13690681016714326,0.13620684446577164,0.1287777662818976,0.11548846316328235,0.10090119600918362,0.08983933005530031,0.08356305377461987,0.08078781089991913
0.1224040536633488,0.11146897291374659,0.09820514869070789,0.09026590656340108,0.08974220753006562,0.09870277031029497,0.12254540218685003,0.16174429262007353,0.20304986080691637,0.2250592873815088,0.21307432852487362,0.1684707995112527,0.10591959175908597,0.0401675212040609,-0.029126089120872826,-0.12200852003370832,-0.2656499471747843,-0.4704050387993472,-0.708766911504504,-0.9123356336047975,-1.0,-0.9302005772329461,-0.732583344313464,-0.4835773959339042,-0.2537280559051891,-0.07840622918551612,0.03756959339779946,0.10508633439992955,0.14056791061750987,0.15921458700805416,0.17143388650849517,0.18235572733266364,0.1920533529508014,0.19753292340334186,0.1968035844015185,0.19203581898232794,0.18912896878649127,0.19364324591739238,0.20551437177448653,0.21792601761696614,0.22361516676128354,0.22063751628817002,0.20996146390474957,0.1918830819655542,0.16828512446209073,0.14646412160173292,0.13645441312410972,0.14141431298278132,0.15368888532675065,0.16269718962784668
0.13255847973940146,0.13207501827834522,0.1357515545982621,0.14623575378410072,0.1588601852999149,0.16581373328121526,0.16496583976854506,0.16117861655363871,0.1595245730691325,0.1599154844574622,0.1582905211409056,0.15146301512321542,0.13918303224735537,0.11967072754202582,0.08252796206101068,0.006087291129912886,-0.13645263074848868,-0.35880902923449753,-0.634013794596104,-0.881219956348367,-1.0,-0.940905745352062,-0.7428787368274096,-0.4957580113610309,-0.27480281512918575,-0.11064481758541085,5.9786455199826976e-05,0.0724454071717249,0.11940148377835573,0.14824936061992466,0.16335638577598305,0.16941650937583505,0.1714060809171242,0.1714932617533291,0.1681590102812785,0.15989808947953776,0.14876879718446298,0.13937131496279123,0.13532165002188978,0.13752964432992978,0.14437324172858856,0.1519797275018734,0.1558295868839028,0.15411784145681282,0.14928527796739138,0.14539646980529622,0.14461491547726282,0.14676813464875885,0.15053449505553523,0.15360727647532368
0.16804167194358355,0.15512968262732785,0.15069672856714866,0.172210573530025,0.21440843378125407,0.2569567643933541,0.2817346518007338,0.28131145161093757,0.2588360603757512,0.22281205059192458,0.1805918864757544,0.1360668889143729,0.0895013590661852,0.0368677273547925,-0.02808682643824631,-0.11469424969473345,-0.24266504409463754,-0.43411706199085526,-0.6773197087766403,-0.8996365829023426,-1.0,-0.9269889745218838,-0.7204042708509562,-0.4721420710084509,-0.25821299050470814,-0.10488352316488651,0.0009457042505787729,0.08038322043641098,0.140359999003301,0.17646779753090824,0.18834533451493563,0.18453463883192026,0.17432319476122432,0.162345312186052,0.15094089733832824,0.14091091224056498,0.13103260887406754,0.12282024840971684,0.12177380787420934,0.12830815899621453,0.13304658278603698,0.12743220463360586,0.11614082238357645,0.11239888823683189,0.12182775842259416,0.1379260105998598,0.15151535791388512,0.1578259910807986,0.1574267946853756,0.154953126924199
0.21761860745866926,0.2108243685940974,0.20222668105971442,0.19617479027037601,0.19348085497071763,0.19339552627283724,0.19521287318208366,0.19487702012387492,0.18369861626012526,0.1559984361338771,0.11543286112395247,0.0701148184198536,0.023597690401776776,-0.027323028043407836,-0.08859185910695108,-0.1689971933330291,-0.28619297749393335,-0.46125744131821533,-0.6877127778169031,-0.9007025049625738,-1.0,-0.9285043603320083,-0.7225038214897287,-0.4742600028709619,-0.25900026710163004,-0.10160055815320095,0.010240352112540449,0.09720070150252863,0.16761906865310983,0.2170232436146667,0.24160438570585974,0.24530305825939333,0.23514158490516782,0.2175377619507239,0.19953402023489503,0.18697145854089775,0.18086627075680956,0.17871366569833408,0.17721221064622217,0.17274519854663417,0.1628754006748929,0.14881148261138458,0.13468802813358255,0.1244167888807924,0.12025014713934203,0.12314712935726461,0.13309139606995177,0.14775848988903087,0.16165932356377669,0.16958248030278744
0.07522291445343117,0.09242789486618966,0.12356250976305717,0.1601136411712419,0.1903897654248276,0.20586354395292755,0.20662589225124312,0.2003567434176785,0.19590931090526967,0.1974048526870589,0.202631281422166,0.20561109853352458,0.19980797109511259,0.17921741962770146,0.13504682925731926,0.04904926954785358,-0.10504879262710386,-0.34119305540610684,-0.629313314593572,-0.8833239645959825,-1.0,-0.9309020827063769,-0.7169028372425528,-0.4508544188075311,-0.21665425186454515,-0.05655898428927729,0.028925235391071842,0.06345471285846728,0.07489166099132334,0.0826161604567189,0.09300617207110079,0.10332689873421949,0.11132290147332052,0.12030770378189552,0.1344605677294686,0.15256374202755293,0.16908195266853915,0.1795230703939332,0.18224669832286383,0.1770334738151061,0.16609464924060394,0.15441653802429017,0.14441415318853862,0.1330760449056165,0.11748872972752056,0.09871111455308247,0.07896941824470294,0.06036278186208475,0.04618654941290147,0.03902983388152355
0.07832889634895042,0.0826709244172512,0.09629187293212452,0.12138903376512915,0.15268826356858384,0.18052340213533166,0.19864426458282544,0.20777475822512564,0.21056858709364593,0.207272732828113,0.19856544833905507,0.18756078662952735,0.17550643775743913,0.15640032205530294,0.11412069908733782,0.023467582389620035,-0.139858965355678,-0.3791279886935477,-0.6568386943540451,-0.8935063359403211,-1.0,-0.9346679976283103,-0.7351149062240098,-0.48597185936392784,-0.2597357738818966,-0.08921234978056651,0.023205893201023755,0.08810925480491347,0.1205014484697106,0.13628861981668716,0.14724062462518797,0.1578080940696054,0.16693083303057252,0.17160180538776248,0.1705417081037261,0.1665365475647355,0.16455168500251344,0.16711901463279716,0.1707301219995825,0.16676328774500396,0.1496359437487998,0.12468199142166894,0.10447796710579303,0.09774871012429188,0.10352152946264391,0.11394135997244775,0.12087291875082859,0.1209651861168287,0.11637889491456466,0.1121074189952509
0.11664337604082171,0.11432176291105145,0.11531646621360547,0.12295056325061142,0.1344256806432844,0.14624375247460378,0.15896247670004235,0.17422798207417114,0.18999120946651452,0.20157878413346025,0.2067973180154491,0.20649451744357164,0.19937358622585102,0.17855922283672912,0.13165007987451222,0.04004136711055609,-0.11841705720315068,-0.3535303820364129,-0.6360087230481202,-0.8846633985964589,-1.0,-0.9348103186402774,-0.7315451026642698,-0.48239832301086344,-0.26213588826429585,-0.0997850359154569,0.008609446871171985,0.07837346012130471,0.12323448505162989,0.15100663374093337,0.1653937934730238,0.170209581132979,0.17051584232476943,0.17007280852522824,0.16963523854945575,0.16821344151692516,0.1653260019420311,0.1621835354852262,0.1602676848820711,0.1577281783322124,0.14911277530154354,0.13194719095135887,0.1118012612481702,0.09681583963471584,0.08918640969676435,0.08600135948417093,0.08596053672376387,0.09043786819785775,0.09854105805750198,0.10514165271966093
0.1138222533519919,0.1302245330897012,0.15133100335098804,0.16239618242635226,0.157469848618,0.1415074640277775,0.12155507426117772,0.10139909016770733,0.08533757380557816,0.08031027427096873,0.09001657785995712,0.10893730396105125,0.12586788654520586,0.13204121888445947,0.11813215529850131,0.0623933533810528,-0.06883046934935454,-0.2962948235511235,-0.5904802846396868,-0.8602634794861062,-1.0,-0.9633947044876345,-0.7889483518395121,-0.5561299936302914,-0.32958770441040003,-0.1404787852502768,0.002607766390851675,0.10063595611414022,0.1597336445499587,0.189915490186311,0.20269939732544257,0.20818647495718495,0.21062033208702152,0.20553849128963816,0.18664901253039357,0.15714143557957122,0.13005177459708103,0.11889866637639035,0.13015905297265823,0.15923103172256717,0.19042864984124344,0.2070034631770777,0.2039626304304556,0.18756971917494028,0.16568333619138617,0.1439966033349191,0.12674425014463603,0.1150369420748896,0.10701191970091196,0.1021607625942451
0.1496150834453414,0.1716601037097116,0.2070212212290648,0.2380877662957611,0.24979531430259674,0.24059187225325632,0.22057084104890415,0.20077245917544018,0.18349446460857907,0.16405565236121453,0.13982420349227684,0.11020139908839431,0.07013412905820422,0.013402643730721923,-0.06132501459181948,-0.15725695952370125,-0.28912961884961635,-0.47441787191860296,-0.7020499136796144,-0.907604144296212,-1.0,-0.9336476604108085,-0.7467547674330393,-0.5193750656436579,-0.31046137899813364,-0.14042690628690108,-0.009281048607194758,0.08522869848731518,0.14232934855175872,0.16401466149389626,0.16195020637883975,0.15351468694264053,0.1489588772647106,0.14622041777741798,0.1390326892446099,0.1257278470696668,0.11129823845758016,0.10397666345412242,0.109777131390062,0.12913031781043263,0.15650619945470498,0.18428036953150742,0.20787375133329883,0.225280936378256,0.23424647943605514,0.2345341937754621,0.23092378364280733,0.22959585269934774,0.23233749136211962,0.2357643545032227
0.12648588323078588,0.1271617885325087,0.12322988541273198,0.1165922033132182,0.11483978157804457,0.12110908939563203,0.13272998940340897,0.14545269542009615,0.15784124592168988,0.16994928804693699,0.17550108881625984,0.16407359846394873,0.13127481173893416,0.07590803898576226,-0.008331344019567984,-0.13019899408838473,-0.29598064709681604,-0.5062634097205362,-0.7402481171802572,-0.9346353966045093,-1.0,-0.8887005353030019,-0.6424832978408174,-0.3575801887139895,-0.11685046282532958,0.040782303361805265,0.11404491281116366,0.12440034169077101,0.10345415960085966,0.08209216700104878,0.08063637771469868,0.10253661402317239,0.13815199192195063,0.1754637364316356,0.2034586751137318,0.21061546881910154,0.19208726053313,0.1597790190441107,0.13770775368540553,0.1417840679438812,0.16644304000976753,0.19375356464916896,0.21140090718490046,0.21846638795627465,0.2155534946712207,0.1974521300221659,0.1644647619725952,0.13227273440463838,0.11682318458917838,0.11549794997687426
0.1764124944241089,0.1707645880687799,0.16381397206808387,0.16110057733086927,0.16275924195531682,0.16502407063408767,0.16823738660799584,0.17584270438671037,0.18607965434380613,0.1889656902807288,0.1730404802830657,0.13537806003239616,0.083307405435608,0.025513045872284708,-0.03771771335359691,-0.11841412725476967,-0.23854860084012605,-0.41817608739733964,-0.65053057221646,-0.8767730439509848,-1.0,-0.9552440892609791,-0.7671463452531211,-0.5223958148344462,-0.2972017825499201,-0.12221589471222429,0.004070438802054927,0.09185013553935248,0.15072297060178705,0.18977946480880964,0.21608408922465694,0.2331762989554963,0.24344041820193132,0.2497879047589996,0.2532477378776085,0.25123315124189366,0.24067512354843262,0.2217751869509782,0.19717240106845937,0.1694402721400565,0.14228437410071315,0.12130317344064183,0.10894579957988787,0.10132726792201396,0.0946823802456628,0.09222702427553174,0.0995735773720091,0.11591518068484605,0.133928321611486,0.1454820069468157
0.14176253720233367,0.13823565197288906,0.13667186318056979,0.14085280708492584,0.1526634591988125,0.1719266384672777,0.19233868183300873,0.20337190217164847,0.1972060933435095,0.17546878637314975,0.1479225460804077,0.12007259867335923,0.0867598635828751,0.038607068077288274,-0.03325690932494751,-0.13795022748860483,-0.2850580680062102,-0.4810252957069251,-0.7115350727545738,-0.9158722042436279,-1.0,-0.9090946899795365,-0.6842407520093319,-0.42640580491849284,-0.21551957976429784,-0.07679362122013045,0.00048406858954157966,0.039929470683303235,0.06466245637061337,0.0846526140586514,0.09613469109541013,0.0964437528433431,0.09357380953465662,0.10124021184169223,0.1267463072117161,0.1606399621203476,0.1810073788017095,0.17435701235729703,0.15008228984266306,0.12985553102559638,0.12885993440914145,0.14992578881457216,0.18509749860913294,0.22091155703292423,0.24937640903842176,0.2710827990382341,0.2859067120831666,0.2892446945694671,0.2811003735466194,0.27157640465640315
0.1200883837789507,0.13484862814908172,0.16291823358768928,0.19619891345322546,0.22426633265260834,0.24072688522267613,0.24337643346694837,0.23331153206260358,0.21213545164800718,0.1779548039719863,0.12876583861132387,0.06998931940023706,0.014033314569980871,-0.029549484269149055,-0.06654773113133089,-0.12443181118385786,-0.2420376309900324,-0.4414862794068147,-0.6954489741400253,-0.9166874360992238,-1.0,-0.9008882990117392,-0.6736387605684026,-0.4238084167627892,-0.22986551292639196,-0.10819789249303645,-0.032184085798436374,0.02971717170853405,0.09120829294284592,0.14986869279039516,0.1992143372371921,0.2350318990358541,0.25436533404575534,0.25697858866566425,0.24861499189771322,0.23549595484502753,0.21777097692990874,0.19363401300289396,0.16470098214507176,0.1331401168235902,0.09985862177609568,0.0705425671283202,0.05715769408265517,0.0676513248848175,0.09804299802851983,0.13611528058607475,0.16976673608954077,0.19341642697009415,0.20813130743696448,0.21573393515238218
0.10212284840011909,0.12596775633536209,0.15206242657287958,0.1572120204632414,0.13651927101315997,0.10085900205843872,0.06390480957981036,0.034547692972734904,0.016875163454803076,0.015320049659557503,0.03648851346287128,0.08140533040042872,0.13224205420317095,0.15491612224915413,0.12293523678432165,0.028398783997170877,-0.13295406727800554,-0.3658153296236558,-0.6458232201930498,-0.8924772156756848,-1.0,-0.9200307759179577,-0.7054076960147225,-0.457765319956351,-0.24938150524988548,-0.10339402314204722,-0.015908104778133068,0.028890735335726867,0.05203538652504749,0.06973133194565831,0.09134785186320783,0.12496265665779648,0.17223119002496642,0.21966280442881467,0.24621241373089708,0.24214714096081227,0.2174993767968701,0.19061811576279875,0.17484946126540793,0.17874111017623867,0.2040403384016042,0.2359827422254517,0.2486629553884751,0.22776284950512588,0.1850368521170123,0.1494761133202888,0.1441584196140099,0.17064579368598104,0.21136101500417237,0.24112352148590457
0.13527630381404157,0.1509737417722054,0.17581290357040943,0.20142125601482194,0.2192414801176741,0.22015359423867548,0.19990193170780904,0.1656404745384156,0.1322852921824207,0.11145745152849486,0.10512576441217374,0.10580021854945244,0.09826482095594177,0.0640235208940224,-0.009113012341367653,-0.12168518694348145,-0.27231168187327004,-0.46580078975609235,-0.6929162875015512,-0.8995726028479016,-1.0,-0.9436836009365354,-0.7620218374728412,-0.5367735131912519,-0.3371857275779213,-0.19085645025332096,-0.09011282391837853,-0.013016179623567534,0.05635841300940977,0.12114805923737051,0.17574467189204146,0.2130221811419245,0.23130155877518416,0.2345185871016323,0.22832569141273865,0.22073026193962178,0.22152090358478038,0.2353577108695288,0.2570264994456382,0.27386942806658937,0.27321081836698596,0.25216330652570795,0.22152625348771016,0.19636579109238747,0.18300245912505117,0.1750413415499404,0.16014345048137688,0.13317603537413844,0.10281550689516007,0.08330201056600403
0.3164339753051036,0.3149960349527481,0.309201712870991,0.2994928731387029,0.288773875743776,0.27601035946828645,0.2588210264738274,0.24026647630193243,0.2254183522670213,0.21340910598857957,0.19846190226503013,0.17515068477344398,0.13899666934907695,0.08674479366206093,0.016658645889811547,-0.07801395811512755,-0.21608336841593626,-0.4179084807044094,-0.6707872908234092,-0.9003164888429409,-1.0,-0.9157674498280789,-0.6960906188782707,-0.44774916943819104,-0.25353546123418425,-0.13361020435236842,-0.06338546803459541,-0.011357621028916322,0.037474420277810956,0.08197437059569154,0.11675286358299712,0.140765542195075,0.15713077096291103,0.16709160819332103,0.1679868957432429,0.15979742932939614,0.14929105539695808,0.1437348621308675,0.14363717503764958,0.14434223296160575,0.1425125558829323,0.13703833581827585,0.12499281041643734,0.10301552356601831,0.07384998638396065,0.047329958772951715,0.03404513380234548,0.03920544999135269,0.05821327712416595,0.07558683308006904
0.10012333079735275,0.0995141671194891,0.10020103816769568,0.10761650794196667,0.12087146317147386,0.13035955258787343,0.1321449848022249,0.13321189736099906,0.13936001417132282,0.1485524322721801,0.15908853534049286,0.17416514217103168,0.19364975660453707,0.20676386645656603,0.19197484076056348,0.11811274957481226,-0.04614600639633894,-0.3065713716894077,-0.6176171196566856,-0.8833431324140236,-1.0,-0.9228236775406911,-0.6994744495526892,-0.4317212910293425,-0.20580498787474227,-0.05637179257451851,0.02459185329309412,0.06231455165480512,0.08083604930385768,0.09617258586364509,0.11405769016738013,0.1310924828402638,0.14095569208115982,0.13811289311637237,0.11898665254255641,0.08937778221969095,0.06762861150639142,0.0681357379332375,0.08464367036457887,0.10006368647907113,0.10687622857948646,0.10980965531014555,0.1174141177590051,0.13651037324020324,0.16582223959919876,0.19366096127780708,0.2073692497269561,0.20283908982990195,0.18601169943861337,0.17087999530043566
0.05758199983177864,0.05129957143626774,0.044760260660214886,0.05182792055582588,0.08474615413121124,0.1380780770327294,0.1910377337787289,0.22507324746798207,0.23342121485873069,0.21872367172107315,0.18876976724543895,0.15274264652362202,0.11509416735046116,0.07060762760214671,0.005911988696496254,-0.09517245380926594,-0.2478295118672493,-0.4580788431821154,-0.7029921184001471,-0.9143170177549752,-1.0,-0.911494932612459,-0.6923089739843495,-0.4432731011428432,-0.24384171498336632,-0.11260404460152335,-0.02627331572174305,0.04249242775345514,0.10572227485951591,0.1646742732941305,0.219491614306976,0.26726002889321965,0.2982598784149611,0.30602074406128377,0.2967478849637652,0.28160464763805715,0.2661448306815301,0.25093245487758514,0.23535481549169127,0.21756186662036106,0.19542540786635343,0.16928123426905273,0.1405810833510721,0.11012985771769304,0.08102745348363884,0.05985840353851189,0.05360472832656147,0.06490274990501806,0.08694438124313053,0.10448693760976584
0.144046781157696,0.13372482060315405,0.12510270657916292,0.12712936947607686,0.13701329807236393,0.14961200883071257,0.16482555952858224,0.18081501351765983,0.1886540368893903,0.17776517341953924,0.14516794402969896,0.0993614441394406,0.05433234913400214,0.01746055101200323,-0.020197634278075083,-0.08509695012097493,-0.2104581959699588,-0.41360568245394713,-0.6686871129378543,-0.8964679164746131,-1.0,-0.9355804257772796,-0.7477273608553259,-0.5261469042676482,-0.3392725005017553,-0.2081969685722894,-0.1207167312155075,-0.055750509278299644,0.0014306870507256127,0.05700861094868536,0.11151049658295242,0.1616733370844627,0.2040000509858427,0.23757127554630414,0.26244160267565203,0.2782095736167498,0.28434309378275613,0.28102154951590425,0.26973910938552376,0.2517373507438657,0.22824090174658931,0.20346137803173167,0.18481500144289018,0.17895836741056914,0.1854352747705361,0.19543683077491775,0.200947212780005,0.20193608227493642,0.20163888425899165,0.2013371649034545
0.07879510594939591,0.0883514552225777,0.1141621340697334,0.1589642013409782,0.20982527104509646,0.24622527480233355,0.2600470428826837,0.2585014985690148,0.24974459756539696,0.2337960094501608,0.20823445253973613,0.1761081428679503,0.14187567505874868,0.10130533581548208,0.039763311341516935,-0.06043445884320547,-0.21376755134599307,-0.4266326037291291,-0.6790992374963366,-0.9022004350313144,-1.0,-0.9253835676765607,-0.7257595448538255,-0.4968014293689519,-0.30476177277069116,-0.16300285646011434,-0.05963486708944756,0.016890853869899122,0.07477328322712425,0.120552954454975,0.15509891401698883,0.17450558557598825,0.17764562301648903,0.16926568149692398,0.15644439771704532,0.14486083603561814,0.1373275029745021,0.1330865804499857,0.129468346433752,0.1255563061684491,0.12276855368370582,0.12294743234057869,0.1277257118944327,0.13805778087584752,0.15271978274128256,0.16905961188214902,0.1860768267588649,0.20407808084638612,0.2210414622564134,0.2318267074273627
0.20473015799292738,0.2058568989880498,0.211557805792373,0.2205858528650152,0.22498198052662083,0.21774716407957212,0.1979919140690164,0.1700208301743044,0.14184654868517899,0.12207277884539929,0.11314322228860221,0.10775386087277285,0.09415867941316977,0.062235671228222315,0.0022717852684385974,-0.09758661615751543,-0.24910551541308054,-0.4559810503042727,-0.696072733577245,-0.9055249473162819,-1.0,-0.9361724965724726,-0.7488508067718603,-0.5168641676401117,-0.3042376509955298,-0.13813686989839757,-0.020018871777537365,0.05999726310319359,0.11567601325827642,0.15951896226175472,0.19731766066541623,0.22748154185271124,0.2459677840393466,0.25118040337182307,0.24545668498720485,0.23354075502438418,0.2206782061103614,0.20958414528314234,0.19709201206501134,0.1778918772896936,0.15216454777029567,0.1264418099508862,0.10819357462212711,0.09998059789239284,0.09920588240332678,0.10365968581526659,0.11368257181636586,0.12853472318259654,0.14409052135069728,0.154259351218367
0.08697116892460557,0.09015860831334183,0.10257522905623424,0.12409411339832847,0.1467216485278466,0.163056177054467,0.17179542766720873,0.1760359161948865,0.17835754038859625,0.17853196663707785,0.17409420119329302,0.16106506018762168,0.13482986258256127,0.09142633500643542,0.027319997639105364,-0.06522985166284681,-0.20394387317377766,-0.40710425018668833,-0.6606040021495915,-0.8921383863236918,-1.0,-0.9304763642887065,-0.7240498559975448,-0.47596915217886454,-0.2637066819058539,-0.11612501744145412,-0.026351477098535983,0.026059753350847703,0.06081471490306426,0.09239576768848703,0.12919949957392793,0.1717631737476399,0.21284490404079848,0.2407695619613854,0.2472923554813898,0.23626086827275145,0.22076877178830479,0.21020267165689888,0.20443463260134934,0.19978580368218957,0.19533351474320174,0.1916229242333315,0.1862130240115986,0.17522519967025063,0.15929722412492095,0.14305437373584406,0.12885596566978608,0.11647005473953985,0.10722895440103102,0.10277194555740683
0.1007832908463394,0.11029638737519143,0.12593468219726658,0.14352013360898414,0.1576697679702551,0.16150601189457248,0.15147848960663862,0.13254405770531383,0.11614443765584212,0.1112394600996459,0.11748955103517275,0.12624354392466555,0.12502939687900502,0.10173411017636251,0.046779437438806394,-0.04926250425358053,-0.19829745243843713,-0.40769276615149863,-0.6590629339089973,-0.8875843702842465,-1.0,-0.9413719184087982,-0.7440774350966964,-0.4976887034146738,-0.27866049480894195,-0.11408228912917494,0.005520341626139835,0.09695261387919377,0.1682215891306751,0.21950613010478578,0.24990534472343928,0.26153559360626744,0.2589032671855477,0.24666111740290403,0.22965286823600387,0.21328369973051442,0.2017509648548053,0.19635607906189256,0.19554060797671408,0.19594000712507617,0.19353082150700313,0.18446135036775083,0.1667917939881081,0.1426069497136588,0.11769955122433111,0.0982784064067482,0.0866288067699242,0.07951489934567955,0.07277657221646038,0.06736873329735993
0.2255557557076876,0.2164985680170082,0.20235833410670662,0.1891038677671464,0.1824290300176913,0.1861797170369014,0.20143024503764495,0.22529648720909184,0.2517630044052001,0.2743837417238308,0.28665375460443776,0.28141428072284225,0.2532003509541746,0.20011543552107128,0.12021509651066632,0.005372557073481876,-0.1596793629116908,-0.38528928025563736,-0.6516640651000232,-0.8892696056080099,-1.0,-0.9266527333104453,-0.7044476285525663,-0.4305348821377203,-0.19171609027227965,-0.027077863623839283,0.06278906250636178,0.09211988730047939,0.07635865796095244,0.03199292918275423,-0.021676843957018403,-0.0672844825110122,-0.09577463571658566,-0.1064656395008039,-0.10130973580584123,-0.07949008395606125,-0.03782035509459196,0.022464653319752764,0.09120891034264784,0.15426106066619066,0.201593257938004,0.23074711084514352,0.2440933628277586,0.2435770585849248,0.23039688970094507,0.20881354899644364,0.18640950165916542,0.17043360315239084,0.16378811776515612,0.16313544914947337
0.05039992108035526,0.04895904078995041,0.043127149622354276,0.028843446624568062,0.006751158108284678,-0.014303769253283676,-0.022209539509337878,-0.012042663968421246,0.009385953114174186,0.029893489074587127,0.03986662429866344,0.03548540845793254,0.01786558345632945,-0.011417952017438955,-0.05568290979633752,-0.1276932044006523,-0.2498495757044153,-0.4397775095850517,-0.6804068583025935,-0.9000627083395579,-1.0,-0.9265761192761219,-0.7172504661181589,-0.4640104896670981,-0.2410662430219641,-0.07525891612249151,0.038380450151291205,0.11854024354151577,0.18800567694303805,0.26202690619383673,0.3403404262356716,0.4125627781218302,0.4695536473300168,0.5071281496221753,0.5212666304683417,0.5054911034755056,0.45737321971794054,0.3878206227159077,0.31756085951398344,0.26026820384809823,0.2142045662108886,0.17126945872824234,0.1286253520033103,0.09124523667110647,0.06575727066340652,0.052277103073705755,0.04356971163190158,0.033436499203314,0.023155811781138434,0.017171222609557966
0.06092875000361506,0.07904413972050904,0.1037423502011987,0.1264728302397649,0.14924245943933767,0.17531123555341224,0.19867626194941976,0.20685564348288388,0.19266929604982627,0.1617063291984286,0.12746555199700987,0.09872390257272787,0.07292727263521885,0.0402620287853074,-0.012305244220662323,-0.1017528845030885,-0.24622052077645798,-0.45201906250847046,-0.6935754666442319,-0.9039483089713768,-1.0,-0.9381640063425555,-0.7489175151600406,-0.5093456804303502,-0.2879874163798501,-0.116985450143953,0.001852063274700024,0.07996498504319487,0.13014476015513857,0.1634270609317754,0.1892272347639633,0.21286785558775792,0.23287245690952013,0.24355140208167822,0.2423729147687137,0.23297584607376864,0.21898817611905286,0.2001999988742563,0.17844232771540747,0.1609083408101617,0.15372371898994544,0.15565016197317355,0.15964042417774332,0.15943517004725202,0.15580074290985316,0.15640281947700668,0.16780663736458337,0.18842526909499993,0.20973721709164359,0.22277592001708693
0.14838896280621675,0.14169819452717633,0.14081803509978622,0.1560644979368748,0.18025225894398725,0.19592356938426253,0.19643917779648581,0.1916496586956185,0.19385032924744566,0.201983033061435,0.2005573551704874,0.17481521613104206,0.1253958738503148,0.06457585581077921,-0.0013886603179334958,-0.08378094161579304,-0.20887946799435736,-0.4019783107391819,-0.6536656790895794,-0.8900097297954499,-1.0,-0.921197979751169,-0.6938599122106435,-0.41991754440957757,-0.18306422545383394,-0.015870634943302778,0.0812552809163418,0.11860688455790291,0.11450004169777653,0.09407567252965539,0.07785382179434426,0.07205738746647013,0.07408401837763347,0.08367847656101085,0.1031179910458364,0.13041710926349687,0.15872848986674332,0.1817579036476344,0.19759774667480162,0.20701937388646816,0.2084960480014807,0.1989489811936965,0.1809630420160379,0.1624319872833745,0.14777423389043007,0.1353400921925201,0.12237554054127471,0.10978046485904532,0.10154494053247502,0.09879553906245885
0.07767210494174219,0.09209276860818451,0.12485385004353954,0.17638204690444884,0.23599123479857445,0.2845410360843487,0.3089556416137876,0.3111186482199022,0.3004721836336233,0.2818392543330533,0.2528152242864985,0.2109401149713337,0.15902003592443045,0.10053210786313366,0.02934742391111642,-0.07417975034081256,-0.23266616454448247,-0.4517173727020376,-0.7016330715554535,-0.9122043302346675,-1.0,-0.9276220051360733,-0.7381924597521775,-0.5182985626555499,-0.33174346172746155,-0.19259170265301356,-0.08621794793107897,-0.001922017116890927,0.05682356242229927,0.0870713089025839,0.0988692043804613,0.10932116116201125,0.13056664995429293,0.16347963739196797,0.19838086500855512,0.2217538197864812,0.22460441890384783,0.2083117751885104,0.18365248225756411,0.16087690074742667,0.1415988292202354,0.12273991357264863,0.10569438905886623,0.09812072892029217,0.10610273986288228,0.12676069147787616,0.150364882556229,0.1682399272611861,0.17779233069974468,0.18128895147601923
0.15601355660262728,0.15197528042763828,0.14709765143913286,0.1515640803699816,0.17097598511317372,0.19627820581537436,0.21494129137836543,0.22257937858025806,0.22093323105063672,0.2135446552953382,0.20406642318480248,0.1934669285576581,0.17666316500655205,0.14158404182292614,0.07138665850684539,-0.04999774218731947,-0.23042078321240272,-0.4625255683975763,-0.713789314280604,-0.9188050172678586,-1.0,-0.9195498394701817,-0.7097792617988602,-0.44464159271397835,-0.19160352599001051,0.007485018465203103,0.13347758611784333,0.18712960561428854,0.18600201804789085,0.15563510734296998,0.1192469334695133,0.09188647430091083,0.07863102844889656,0.07543375014117513,0.07466068893603349,0.0721680632616386,0.0695863378978558,0.07259152990733224,0.08772671267618007,0.11693977014130455,0.15152000861400935,0.17379839598027336,0.1706753229852849,0.1459848157578154,0.1174366691512302,0.10378657827636016,0.11388545261034919,0.1416749405225396,0.17139009232681776,0.18928921117376454
0.23379907066661546,0.2248071402267458,0.20895924920463874,0.19254382874381307,0.1844374455335966,0.190403739903166,0.2088928570679293,0.23217880175328107,0.2511469740793878,0.25908469796353084,0.2524797548898727,0.22966042543490503,0.18858307690124268,0.1267446643643443,0.04168780689693696,-0.07314362491843207,-0.2313084788527119,-0.44351766043116136,-0.6925500972620572,-0.9106205620683858,-1.0,-0.9050107046118235,-0.662993822829326,-0.37072783459886177,-0.11070959763958113,0.08234318177121283,0.2061296511734835,0.2684348796752716,0.2803208418371139,0.25675255329413044,0.2134297747763053,0.1603289076699731,0.10039838512824129,0.03663975470328007,-0.02190119980107188,-0.06412402384359575,-0.08509384799577341,-0.08776224705753566,-0.07745400229797901,-0.05617493488295846,-0.022014027323783724,0.024858181011702923,0.07564518838467449,0.11668051618092125,0.14121020546302626,0.15389094702840278,0.16250643616240112,0.1689377523349257,0.17107265749630887,0.17011731869365737
0.09062584798314484,0.08822543233848505,0.08760350495741706,0.09397656020491899,0.10975070443599733,0.13136154738858152,0.14946660836553177,0.15421981125935716,0.14055767050643211,0.11056086767151402,0.0734871424881574,0.04091060297245498,0.01867388845849788,0.0014116113025793833,-0.027999428999428037,-0.09492694278690013,-0.22504111338932173,-0.4283339810799259,-0.6771373210001324,-0.8974908450316631,-1.0,-0.9424059705150862,-0.7636916513094119,-0.5482765489673561,-0.3637025012596177,-0.23161790945234895,-0.13745191364932016,-0.0572260968256124,0.021488215690849743,0.10013144224312885,0.17991094932040289,0.26286130668320734,0.34569537021003216,0.41863984678641114,0.4702264306169748,0.4925798259095205,0.4845621743932583,0.4517250333716597,0.4030284761020433,0.3461178482468444,0.28437608412401466,0.2203703742611203,0.1624213508635629,0.12083094641349723,0.09606948697254591,0.078938752859964,0.06248500852839729,0.046293433385917064,0.03225810633851514,0.023459960611186777
-0.010744629557864992,-0.013769703681856253,-0.017205815516830654,-0.02110825939228067,-0.025492002116294894,-0.026580533522597555,-0.022115514386119365,-0.01581567331207366,-0.013891523715143045,-0.020605504249166278,-0.036169167725777655,-0.05536201785903669,-0.07065200450925276,-0.08095238222991567,-0.09771590091462655,-0.14447115921986187,-0.2520470822058679,-0.4417224320969537,-0.6915667171813594,-0.9156438615668957,-1.0,-0.8853079630830737,-0.6158642472258036,-0.30002585227850675,-0.03051656761384747,0.15503185946866074,0.26043133410168523,0.3049992847663237,0.31230001363762433,0.30676561323424667,0.30578824617822237,0.31208928049493934,0.3181428823832722,0.317748356066591,0.3093866208640044,0.29241375772165973,0.2673462916314273,0.2389755687682466,0.21534942820209954,0.20244395263655332,0.1993863838531965,0.2000800407319327,0.2002357928306158,0.19916465469538508,0.19402488843484353,0.17951199902173007,0.15602907650507108,0.13213654061382807,0.11615443620720979,0.10941021211163757
0.09636949435508868,0.10162145887041121,0.097574520029407,0.08159166599420044,0.0721752224439536,0.08337051017674406,0.1069894632131465,0.12295147479268946,0.11683442464890922,0.09049799744365039,0.05748934156651216,0.02763849319396972,-0.0006965801623541732,-0.03555896560700286,-0.0837950629151022,-0.15265183439507918,-0.26111632854926403,-0.4353645145345732,-0.6696810023572207,-0.8929880632390045,-1.0,-0.9350540452186441,-0.7385895484059891,-0.5021288179544656,-0.2924112746724723,-0.1266943603794051,0.002093025953570335,0.09906747998472924,0.16171150318401784,0.1867504613083257,0.18102190080274913,0.16603302640491,0.16602621088085323,0.18945872869044275,0.2234197147842148,0.24848920444211525,0.25912829303353824,0.26370297662398884,0.2672071654683635,0.26557126456660557,0.25661102063050395,0.24603407175141231,0.239733137388741,0.23600567956004936,0.22943868141987242,0.22115141566495955,0.2201943452760117,0.23182875311030543,0.2494260490953638,0.26152222163625044
0.08117513822360732,0.09639977334102329,0.12351419873623638,0.158426346098237,0.19438092142496308,0.221579362336054,0.2356179535325933,0.2426621995097581,0.25248715738026495,0.2684452551659512,0.2830609778306846,0.2820801174488717,0.25396954645556385,0.19500840818932746,0.10574242901608231,-0.016839095268332587,-0.1845634409636359,-0.40905588089232614,-0.6728679340718634,-0.9041254160604233,-1.0,-0.9029832711230243,-0.6524041104612437,-0.3495342856969126,-0.08403591956903417,0.10255016086915959,0.20708804101074205,0.242410477121609,0.2255555907833049,0.1752570847119199,0.11018052482475799,0.046113980827453965,-0.006726140453206786,-0.042531424975842405,-0.05560902545737843,-0.041794137753694616,-0.005313404546184156,0.03941637884330398,0.07515813232757478,0.09284465260112389,0.09574972907092932,0.09280271538994225,0.09060607459386255,0.09147942042421635,0.09424626105888358,0.09650220311097396,0.09901218565235156,0.10622584904651375,0.11946735525096444,0.13116688508429653
0.11582382806512337,0.13211942926865347,0.16368396172421762,0.2049725035376789,0.24263333778183088,0.2614873870158093,0.2553079014582342,0.2287369343327932,0.18942177640035782,0.14168240532971146,0.08815316305776856,0.033076476547950616,-0.01899597011960866,-0.06706791509379816,-0.1184627585530658,-0.1921641495954429,-0.31290851105013007,-0.4932364358227437,-0.7123203907917824,-0.9077718028965365,-1.0,-0.9471859299953411,-0.7800282604693655,-0.5723999648938564,-0.38324549329357377,-0.23170717553232573,-0.11021913073641315,-0.003639630334720447,0.09882585188464199,0.1968354739828501,0.2808724373531526,0.3430036434019307,0.38385706457441243,0.40743649238032376,0.41290603511246865,0.39533668606200284,0.3537626645241271,0.2970607931667196,0.2404162067829401,0.19472317924634114,0.16123693691499366,0.13658547546011532,0.11924886110790875,0.11034295081961704,0.1104241403792601,0.11668701964743372,0.12217036446248718,0.11847735764540827,0.1040767789913086,0.08996800075813155
0.13869636325280396,0.1592229264064235,0.1878296758912573,0.21414584386663835,0.2320077720649559,0.23745538902984548,0.2325284540780249,0.22263960036468253,0.21004483267625032,0.19358112891329146,0.17189699701312225,0.14407018321990606,0.10664891883729709,0.053188637003091406,-0.02245746376467838,-0.1272645086703315,-0.2726038631723236,-0.4672567658677343,-0.6959822105295785,-0.9008387615223783,-1.0,-0.9476655837314665,-0.7723224984903521,-0.546549571508605,-0.33319965848216065,-0.1644713214629947,-0.048350422887969646,0.022617580572769264,0.06490334807939142,0.0945493823311455,0.11833349490309851,0.13555990150218225,0.14675907207316696,0.15649224530306588,0.16871265020224308,0.1819955425146138,0.19070965950347593,0.19143015682529665,0.18734578089081844,0.18490863965416374,0.18538738008840486,0.18355306455255635,0.17809787794493598,0.17827334546227666,0.1937479544231767,0.21964903074957298,0.23628778165645742,0.22554096861405204,0.19072802977059616,0.15942301985552107
0.2964148208875584,0.3117289673170935,0.3293508936000059,0.34313531276763104,0.35798990210759435,0.37442201970164457,0.3851393091938741,0.3848543368491789,0.3742236377518294,0.35656539643596386,0.3324617292328668,0.29601090790165197,0.23879689112466437,0.15839231044762017,0.057504275062265554,-0.06693180144073926,-0.22864093653064588,-0.44009855210264764,-0.6864049139266344,-0.9037382164548191,-1.0,-0.9256956003414565,-0.7243768100044253,-0.49602703173525475,-0.317254795586124,-0.20570744267259788,-0.14214803127524436,-0.10343639658066028,-0.07642801574922924,-0.056983636946512074,-0.04490614763322493,-0.04006451644745461,-0.04063990814710328,-0.04358912018775624,-0.04488203604606805,-0.03737946429796115,-0.013579557292619908,0.026321968965173335,0.07245382842963768,0.1114143681893895,0.1351271085579774,0.1452919443819079,0.14990630958235082,0.1582120106942094,0.17540265875253222,0.19728531926698445,0.21372528290124204,0.2196978955103306,0.2191827798938496,0.21790074589215044
0.06256250950223495,0.0828701701899171,0.11293746702053578,0.1396353732922229,0.15392632059200526,0.15176092405977293,0.13350280238544932,0.10330498620836037,0.0661701867487425,0.0270334088998473,-0.007017141527711082,-0.030836548409968707,-0.0500783327400647,-0.08031432539024133,-0.13546009501633635,-0.22126739811260465,-0.3425880182572907,-0.5084582901638248,-0.7127184375794412,-0.9047887183341068,-1.0,-0.9420898373009373,-0.7537993973796101,-0.5147788337888185,-0.2975026606988401,-0.13186879591280629,-0.012526328533726436,0.08173767293201165,0.1706907183284984,0.2579368691117587,0.3309354190682868,0.37807012744153606,0.40025673149182134,0.40471709236808157,0.3963010663126584,0.37813210108715684,0.35280225848312563,0.3199931391535205,0.2795537299601206,0.2388485702332306,0.21048715601312867,0.19958747944373698,0.19772135751392736,0.1908359806459467,0.17140217391442336,0.1444206873772421,0.12323972897351236,0.11833425047123688,0.1277950764415589,0.1385896234807203
0.15954201164853202,0.14586532638640137,0.13043562041404083,0.13001556272355708,0.1500199374258528,0.17863642927361664,0.20015629220905606,0.2087285970903824,0.2086006647951048,0.20434988514356692,0.192836988433084,0.1656711137646641,0.1173503253250324,0.04909139252573855,-0.03519271950553758,-0.1385458119599805,-0.2763788844437948,-0.46543473553084774,-0.6951337722843514,-0.9036828770096759,-1.0,-0.9346603881614335,-0.745837363204535,-0.5208778172343167,-0.3243146236656235,-0.17406705389145047,-0.06575168800764794,0.007093181160789523,0.05462346245546842,0.09152939034861814,0.12737495782556071,0.1618227739453697,0.19048280495403552,0.21040449991843088,0.2207921214959716,0.22364897672377773,0.2245565851452185,0.2295207578760858,0.2389340637685259,0.24575547891782076,0.24177577691282923,0.22474341834960113,0.19897661686177434,0.17259471040010493,0.1544306482869215,0.1494417538064484,0.15536157898883365,0.16514784886105258,0.17290071778165989,0.17666546295566618
0.14032013501829615,0.13773170668978146,0.13672943974063134,0.14222480754914835,0.15566296492963616,0.17312729078134306,0.1883513881848108,0.1973618009762819,0.20179942943073295,0.20725893436875992,0.21437957243887806,0.21436083674508088,0.19526047177380193,0.14800804683215152,0.06652381139561193,-0.0546117314913661,-0.22238090514942205,-0.4404064424638068,-0.6886402212423839,-0.9036479703912609,-1.0,-0.9349444343425093,-0.7464735949389899,-0.5159145920160857,-0.30519169356656073,-0.13653261479017637,-0.010771305777568836,0.07553722321765924,0.12730578644537266,0.15125593904435583,0.15444458850173498,0.14481273278462722,0.1321141204764768,0.12507509557612,0.12850734738085037,0.1436886086032045,0.16772180914650053,0.19196870643209513,0.20698874354260768,0.2109223597426963,0.2079513372444861,0.19981181551150776,0.1853250798257982,0.16539439643572565,0.14334905732609113,0.12331955677352165,0.1100893306003178,0.10753741409794479,0.11454879777694169,0.12274502282854799
0.08478042398277262,0.08900449352269754,0.09895171920870766,0.11366219951859254,0.12991089610993298,0.145420561176466,0.15894003130220502,0.1674848368427031,0.16618080862372725,0.15355713603814827,0.13580542944042964,0.12119113377690409,0.10998568239733872,0.09259549059426635,0.05463074458990583,-0.021326174737585628,-0.15685446204558373,-0.3675910231917737,-0.634012905157909,-0.8793209870125802,-1.0,-0.9427250513085468,-0.7471340534185107,-0.5048035390649489,-0.28921067938609735,-0.12740283879182213,-0.014428113105647178,0.06414133594886863,0.1202498233236855,0.16184163852255695,0.1946019773359603,0.22066653004022416,0.23689355953929053,0.23907291430487743,0.22903034073497464,0.2146560259418537,0.20231440968102257,0.19285037003427927,0.18558509387158742,0.18115533081862947,0.17896960855849298,0.1763834341658954,0.17112688512389787,0.16165726079907322,0.14744279327022305,0.13140926329715158,0.11880587458931748,0.11238169382965006,0.11069875117859408,0.11077332518610153
0.24677056607609682,0.23559934501803598,0.2271416194498102,0.23245301529165777,0.24528681571087002,0.24750833557060045,0.22938984036300675,0.20126977610294483,0.18315191875403686,0.1826166076291297,0.18747154780009426,0.18136723586547882,0.15857467981193762,0.11995912194822289,0.06026782422135318,-0.03600193561619964,-0.1877920457075676,-0.4049285688484562,-0.6667139513488003,-0.9000809430503146,-1.0,-0.9092247947606598,-0.6785831853264254,-0.4237775230592081,-0.22911023777454304,-0.1092227185800769,-0.04081189055135612,0.0003460482049231882,0.028440502713577547,0.04908127835829153,0.06144075269125137,0.06336084004400469,0.0594392868793083,0.062332775858186244,0.08185278647131987,0.11468168362511678,0.14855467947482148,0.17309305432616623,0.1832768748899641,0.17877854049831204,0.16571692014799402,0.15442778395474901,0.152347623414012,0.16071817966705554,0.17314803023297454,0.17607671410693365,0.15941680417167245,0.1277581051766994,0.09599255989074625,0.07713772021224881
0.15618404725574872,0.15662878672197358,0.15925979408015578,0.1686557503937632,0.18417378688283825,0.19713926162643763,0.19774053779129802,0.18028694961322128,0.14589063345061384,0.10342320710559726,0.06413516595311404,0.032264446914654556,0.003335212093130027,-0.029119887592596174,-0.07267848501955929,-0.14325281923582162,-0.2648399247795695,-0.45256562468860945,-0.6874716104733227,-0.9015062298826455,-1.0,-0.9272401073040513,-0.7149440283224343,-0.4547476051977391,-0.22945953523617726,-0.07369470464473149,0.020248381106958358,0.07734247415331726,0.11894924015075713,0.15477656245360485,0.18618683585410517,0.2124703071524065,0.2313327237744094,0.2371430243904382,0.22652315716060714,0.20587457248622296,0.1869029705482552,0.17511750642682514,0.1690159703095318,0.16766014238591992,0.1719088959408895,0.18157963773362565,0.19481273159279994,0.20693884530127246,0.21112240596150042,0.20406028598380305,0.18895921253008177,0.17131777775981946,0.15573062890990794,0.14642869242765208
-0.005283539182833799,0.013773955231528854,0.04803252428862009,0.09085375204374754,0.13340823645683822,0.16795319035963843,0.1905931215416599,0.19856123611049686,0.18998449236457252,0.16911381026278094,0.14817451012002741,0.13895745297679443,0.1386246038127475,0.1253713763582822,0.07190095828672563,-0.03764636011591273,-0.20587344558000864,-0.4276023280891127,-0.6789977670753998,-0.8981933250783505,-1.0,-0.9376124314508869,-0.748579963389876,-0.5227124221304393,-0.33155596628195183,-0.19798483788522256,-0.11355640967363857,-0.06048856446990647,-0.01801692058555822,0.03241673449459511,0.09727722804173661,0.16836982169116887,0.22889483660802315,0.26364638692474385,0.2705722997950582,0.26236326306965485,0.25585512927742543,0.2612934942982401,0.27741654419940276,0.29396904481334507,0.30023967580739697,0.2911329049333633,0.2687053775454697,0.2409032003097748,0.21486852634409656,0.18952459517442016,0.158670941878181,0.12224433660819665,0.08955183323390817,0.0708848857264362
0.09537027769225344,0.08350183023920599,0.07456795378901496,0.08185107929307624,0.10766430674793696,0.14325904904152822,0.17193985873797343,0.18059161205331975,0.1699762960408851,0.15059590720589108,0.13410937879840035,0.1289819983642454,0.1346519040274704,0.13510417067127276,0.1039072398369422,0.01762376164683761,-0.1391233209410928,-0.3713503850946342,-0.6525853863483599,-0.8999058005665083,-1.0,-0.8943246458880897,-0.6357242436061634,-0.3439612332226314,-0.11443482933799506,0.023395977021673862,0.08532410212670521,0.10067002952534282,0.0976314994021223,0.09759995974658894,0.11040181341665373,0.13106564815794866,0.143600268663632,0.13625587421991758,0.11504992281748855,0.09899742075365044,0.10455245571865436,0.1345237579024437,0.1758526714492652,0.20791873631914848,0.2159024184536974,0.1979717318053794,0.16514260893245514,0.13392654057423106,0.11397373087513674,0.10350612750880325,0.09789896430093369,0.10018224007689228,0.11489559710914994,0.13147312394130564
0.04632602206148971,0.06315239109610794,0.08577302150160593,0.10673633777619139,0.12142110919077159,0.12528503385634518,0.1243854372892933,0.1319939226084257,0.14987532222950578,0.16566137521024116,0.16864114161296828,0.15966413537970245,0.1466530042933961,0.13505723966422142,0.11851824261162272,0.071619804090392,-0.04545478557332267,-0.26105943631552825,-0.5552107233287416,-0.841292194078033,-1.0,-0.9635945872322331,-0.7737613956144671,-0.5400549366831228,-0.3475160461163672,-0.21584890706161672,-0.1266073895152743,-0.05972647144992618,-0.002553205301785107,0.05283786062809623,0.10770577591510869,0.15626270301645562,0.18874473613586673,0.1965504945528728,0.18182108041562312,0.16140275927251546,0.1529986543531705,0.15796037127997406,0.1635279748316632,0.15944264276050046,0.14871268648128505,0.14471921866216222,0.15789977983651807,0.18412092788750942,0.2104463972974512,0.2308892622889932,0.2480881950785856,0.2626932799441788,0.271298479725942,0.273793257433665
0.052003499135953354,0.049874973018419644,0.05000700087597803,0.05798558538927561,0.07383900635139394,0.09015976038351527,0.0999829987812383,0.10310333620637643,0.10361029672180451,0.1047223083831307,0.10637406835391344,0.10555722825523922,0.09747987884226875,0.07683529099151276,0.037372302162504964,-0.033652814160616384,-0.160166287952582,-0.3641264082637684,-0.6300221231277259,-0.8788406956798452,-1.0,-0.9349737891279394,-0.7260273361683961,-0.47209154889251514,-0.25041842039279066,-0.08517222002606994,0.033698688921647756,0.1215482744271936,0.1867947038665462,0.23417122542305793,0.26807829615036644,0.29072265692261673,0.3014798365784951,0.300035181103958,0.2877843298842803,0.2655049281099637,0.23381927710831016,0.19721572278310712,0.1645510633041155,0.14397401623624176,0.13676941730655426,0.1362332657775333,0.13438742714305002,0.13006555415827714,0.12791734311329198,0.12993855817930697,0.13211120051185843,0.1297271944845972,0.12300163880102548,0.11705430964432906
0.15209246918533592,0.14876765679181764,0.1440948616432967,0.14218225441687835,0.1490667436839091,0.1664945851396039,0.1876740813280549,0.201788889994613,0.2000050882095257,0.18059232405557304,0.1516405325176937,0.12414201850521943,0.09986581242779448,0.06797146717633742,0.011413919110247212,-0.08578042066904454,-0.234950984053539,-0.4392132386120246,-0.6789322620468361,-0.8936090763292323,-1.0,-0.9539662205912631,-0.7885931581307409,-0.580178501141794,-0.38852828723881977,-0.23432881204288916,-0.11468617052057167,-0.024703873058406784,0.03787891873019539,0.08209123168461897,0.12365389522827316,0.16972395989505049,0.2123815525610399,0.2416920642665807,0.2566673213135189,0.26005840354937443,0.2530659678181556,0.2395251921141668,0.22660978746551594,0.21898888619461765,0.21744240473537585,0.22189664938104312,0.23116279433586104,0.24124601762275025,0.24605047008091618,0.23753824246156982,0.20855564586323355,0.16230263342815193,0.1151361655714259,0.0860100959478257
0.365583249638346,0.35251550148878164,0.3390481553348664,0.32513771773457584,0.2972095001005253,0.25678250484349463,0.2256319981166441,0.2154267070399279,0.21197973491058514,0.1925098709398464,0.1437657148717824,0.06675769193537417,-0.023346521984965358,-0.10540158339702906,-0.17161898255054403,-0.2409276928020964,-0.3492286860750675,-0.5218549946939572,-0.7440369938219042,-0.941391503882638,-1.0,-0.8502959596933637,-0.5449129731075448,-0.22735509945063073,-0.019327578166418675,0.054281688002932496,0.04489275544752672,0.011461574479437917,-0.01510227364063116,-0.023346077501521074,-0.012483959670120727,0.007501694209244561,0.023234408890560446,0.0300731407182853,0.035685456565858246,0.04939350288871712,0.07044937549612765,0.09033813706207035,0.10311240861900008,0.1116613726433723,0.12232434239408957,0.13515338733594917,0.1480585784216102,0.16458554248205295,0.18902033584793004,0.22065660203393384,0.25494972434052793,0.2870302734919749,0.31382856955226923,0.33058966256021355
0.24510702155616002,0.2412518312219682,0.2236265776764621,0.18599417859538062,0.134730405948367,0.08611057030048275,0.05417012513768472,0.04043391616946359,0.03918400766630805,0.04752407495731429,0.06253682423610406,0.07555156544660667,0.07856743872507997,0.07033748835124543,0.04789973723015573,-0.00605146759086168,-0.12381987970191369,-0.3315660723160436,-0.6096702429738394,-0.8707220714351293,-1.0,-0.9428135344740193,-0.7493740622438041,-0.5223678971050878,-0.333402272699165,-0.19866914758040297,-0.1069179390364358,-0.0407752632353318,0.021632758199481766,0.0987649742149576,0.1891811098138229,0.27108356405124,0.32289857972574526,0.34265017845340906,0.348381957231346,0.3603681322102593,0.3814014990981967,0.39351299193086997,0.3735945013977026,0.31553704180288544,0.23947515807271977,0.174611187281115,0.13253759016555752,0.10279961417523978,0.07162619415191379,0.0371800030656896,0.00869517391901519,-0.0028445514235806582,0.004084904074040961,0.015951525561623825
0.17956713307495434,0.17635548369830617,0.17309563575558903,0.17097822496623127,0.1686606414697259,0.16685524504143381,0.16934307649886965,0.17717552690211683,0.183564522804467,0.17728518148409614,0.15271408432193126,0.11580515878537234,0.07744556086067314,0.039538147759072356,-0.01126036232771099,-0.09679836691289209,-0.23629443941494452,-0.4367178690487276,-0.67811036808,-0.896469594655511,-1.0,-0.9342119481945266,-0.730102772246597,-0.4744119984951868,-0.24331244395508955,-0.06903579680902078,0.051913828352306374,0.13595746565292005,0.19457858373008874,0.22972770019422914,0.2428280021101854,0.24402244674687612,0.2465709262254843,0.25402280968598717,0.25858565915886794,0.25036695577306134,0.22695332960364425,0.1968686216170401,0.17204016174501818,0.15576649736914283,0.1413400296893552,0.12111605695342156,0.09344195309835529,0.06360875108707262,0.04176971056079282,0.03695849602122442,0.04976985087769254,0.07196175089516206,0.09295938578534749,0.10521336378409159
0.0602892829702057,0.0676785340472174,0.08419614923959726,0.10903600582057965,0.13619760269892972,0.1578004773068729,0.16928632942002045,0.17071187762337522,0.16565102740747556,0.1585910201294389,0.15078373768593906,0.1390594929398429,0.11859679432929222,0.08524470854245132,0.033153819010967894,-0.05131097176366144,-0.18982680291119983,-0.3971210201659743,-0.6533234943998393,-0.8863752655904896,-1.0,-0.9435614625524007,-0.7530210895999399,-0.5140058541326338,-0.2958250977770477,-0.1249413313173517,0.0008462335236171788,0.09157307936558158,0.1547737631567873,0.19471706250161816,0.21537308534685895,0.22195881878664428,0.22006270373863956,0.21431527670975614,0.20816685237927246,0.20475862795604918,0.20612981674177253,0.2096371439580503,0.20829048704627243,0.19826439912518637,0.18378523929504909,0.1720184306404091,0.16537124949237983,0.1611973665267663,0.15649992678225633,0.1496136325334106,0.13889773095436883,0.12366827410300264,0.1071096271563133,0.09600670321826975
0.10246735598907304,0.11223189814116531,0.13366303360688866,0.16455784824078168,0.19597968522923798,0.2185371378749964,0.22976700750502266,0.23143128982157984,0.22413577509140387,0.20982649398661643,0.1929297861536239,0.17416466589286214,0.14713079651959513,0.10239442914280654,0.03230068151906929,-0.0710966423718242,-0.22089668276577823,-0.42688773733461605,-0.6704768573863434,-0.888906802257221,-1.0,-0.9611144417744067,-0.8049289690618208,-0.607321917082525,-0.4261593995651289,-0.2789674240808499,-0.1625484884237876,-0.07219283938290781,-0.004094305456334341,0.045683849642056525,0.08105071359212984,0.1081851513937035,0.13546128189756404,0.16902065092850937,0.20924270756997168,0.2499093417381166,0.2801699458240008,0.29068712271304165,0.2810856504389427,0.2597812179711148,0.2365809061361318,0.21876412648327914,0.20957894283264583,0.2056959060205547,0.20043205051501245,0.191882746343918,0.18510150475603301,0.18475598409359487,0.1888230429827056,0.1921817783557941
0.13453522792428177,0.13944412386269373,0.1496437684584623,0.157075224470504,0.1543295795166449,0.14309299680646456,0.12360093094830789,0.09035644343308624,0.046252908795542,0.0090909800282685,-0.006039924086401956,-0.005066596557984393,-0.009893936144660208,-0.04200249291750622,-0.11333441548805409,-0.22628808375733456,-0.3793704934104887,-0.5699383937090173,-0.7794766851081842,-0.9506236964708114,-1.0,-0.8787288266550185,-0.6171610818586725,-0.301630137363984,-0.01488184090319021,0.20108058894120634,0.3412107288266003,0.4170090524180449,0.44703848449216943,0.45297870168985893,0.44951940095448323,0.43838980442041986,0.4125618591525515,0.36599778371141917,0.3031963229485589,0.23829770122954289,0.18358862594314243,0.14119479020866532,0.10642974500115997,0.07472567791390446,0.04181765566969834,0.005512696337771713,-0.02619851524975547,-0.038957428809155745,-0.02756064130444897,-0.00037148817234278854,0.029478035711855498,0.05255904246427416,0.0659881129769945,0.07152768271043361
0.08972522346882443,0.09197937772870801,0.09863591525450237,0.11229950685653846,0.13229003373668496,0.1534299351745277,0.17072984624870965,0.18327588945719905,0.1919591751065501,0.19640497019999,0.19572256628429385,0.18915740440934048,0.17377240927321516,0.14317925371037074,0.08828557017982398,-0.004376108315374104,-0.15380330691625413,-0.3730306516150816,-0.6411334853930964,-0.8831768485720959,-1.0,-0.9431484279207484,-0.7553802236722983,-0.5267078645999789,-0.3246213364932732,-0.17033537048427536,-0.05710125476895272,0.027367212244684348,0.09129389369270191,0.13910200021438945,0.1737352942019925,0.1967960772949688,0.20868629702910027,0.21072446428860453,0.20650346377017628,0.20061696389216405,0.19644145453788606,0.1941675061546471,0.1905192327966158,0.18223012566698563,0.16950780904661109,0.15487186697857924,0.14126520731841874,0.13178378396993753,0.12813769679461734,0.1294495890270491,0.13318322490116338,0.13675778152594845,0.1389441707071966,0.13988268560771192
0.12527574137758332,0.12672879257716713,0.13463554835939537,0.1503259604744705,0.1687615423162283,0.1851198221422088,0.19886038614984164,0.20967680325670482,0.21377524984964555,0.2065462622340329,0.18651281995546343,0.15437953676335905,0.10948736819260466,0.04877750117818634,-0.032479239028984135,-0.1412101535923324,-0.2882701975001706,-0.4839361052980787,-0.7148380382856758,-0.9178162544339014,-1.0,-0.91205230458615,-0.6946025372625306,-0.4386463168165612,-0.2154045713032834,-0.05027822892650426,0.06158642709276892,0.1332940377688458,0.1747125484540479,0.1924353085093214,0.19374563807622935,0.18816759018578438,0.18480311719104406,0.1872593962244093,0.19220812331134685,0.1937961323545255,0.18901047750456146,0.17911981265307814,0.167170033714458,0.1546703132263166,0.14160762005264393,0.1305956375630171,0.12743648587508066,0.1336385516318833,0.14191680994198488,0.14287710952966484,0.133795960650347,0.11948397135173086,0.10696338777867458,0.10037612156551683
0.17072426910622157,0.1624449815099015,0.1499420401490113,0.13823071948087165,0.13227773841747684,0.13617778729907762,0.15033105567746216,0.17137150066888654,0.19384754278069197,0.2097840481544655,0.2103790870387278,0.19119412907444278,0.15271001999982775,0.09504541663172013,0.015211671971814094,-0.09354725619763578,-0.24325343110096875,-0.44427018450979217,-0.6822092178584787,-0.8964044118236589,-1.0,-0.9455949704291132,-0.7675050083328601,-0.5475855491412609,-0.35102981818452,-0.20071968485690536,-0.09196341235283896,-0.012743047083433177,0.04772902505221634,0.09671817281523672,0.13593122436768207,0.16354768407468584,0.18058067143860948,0.19183551077511937,0.20027757657059592,0.20543374912341375,0.20670875258838003,0.2044766543266291,0.20019366606532166,0.19782336001375694,0.20182443607664274,0.21087490751512275,0.21675716566132144,0.21307800770529942,0.20234221003013725,0.1916436296426691,0.1848955310468529,0.18187276694075175,0.1811842033587878,0.1814250787216346
0.18647494891372804,0.18099539480604035,0.17927394619571735,0.18726735382621765,0.20121131478644844,0.21383422797438806,0.22135636132283132,0.22358063008652157,0.22097431322147962,0.2136671823345014,0.20150700328665808,0.1820937413259348,0.14938077037231368,0.09723515872390685,0.022094657798875858,-0.08298527706666967,-0.23339570022760783,-0.4407616854695564,-0.6855849239094963,-0.9011494506662889,-1.0,-0.9374689514401318,-0.7505360858360388,-0.5246773274513091,-0.3290461600780391,-0.1873037458775008,-0.09103781035565649,-0.022534728988262004,0.03287144343894388,0.08332058331031042,0.12967643693926054,0.1674489346635344,0.1923909571612052,0.2045247176115898,0.2064666603493915,0.20087889904822087,0.19112532619487085,0.18139319240654245,0.17452325979758923,0.17013060368246732,0.16552436886042887,0.16000339417598397,0.15706249165277314,0.1596684375552618,0.16516034952748518,0.16760889644652258,0.16356881521700645,0.15394943073141734,0.1428164025366733,0.13542124108351533
0.11264145364705093,0.11296560284395199,0.11546695272111338,0.12058208588700736,0.12735641226803487,0.13521442032990283,0.14257172866881634,0.14650547878340914,0.14573703076129704,0.14276333717503545,0.14277637908709032,0.1489494570546731,0.15671894755025922,0.15124684415304965,0.10961609605682754,0.00806472984645283,-0.16689473765244672,-0.4073484050673803,-0.6748420911655517,-0.8986956425727852,-1.0,-0.9416974915768684,-0.7570193244774632,-0.5206211892149032,-0.2969279921043051,-0.11617118810856475,0.01703008388420169,0.1078592646651121,0.1634893810603433,0.19236667828937434,0.20559088189933553,0.21430361465189973,0.22376945795827138,0.233187687584075,0.2409377155022484,0.24593423125640598,0.24571748528836598,0.23701443175466036,0.21837060353506704,0.19250670359393524,0.16609674786585796,0.1457577542557991,0.1331142000460291,0.12388817636293954,0.11249717633570788,0.09699675695809684,0.07958893252444181,0.06405161003973835,0.053169594067686995,0.04780193572670284
0.16579516743243675,0.1581266416500348,0.15293706000831658,0.15831733344318002,0.1719337163904021,0.18402297147457006,0.18582079709398697,0.176429313012209,0.16128300113408467,0.1434822167889381,0.1218682252970832,0.09795510337451287,0.07656006846040375,0.055505754936548565,0.017821406573879837,-0.06356940626884817,-0.21187758169492996,-0.43005546196747435,-0.685525789362083,-0.904916089911085,-1.0,-0.9261810820123266,-0.7198702500951385,-0.46782673516302214,-0.24464447502972358,-0.08014357740246376,0.03294394223569013,0.11379317934053895,0.17310017525430652,0.21062642406403706,0.22577687857123957,0.22396285650060185,0.21267090682110448,0.19681167570651398,0.17926680274750148,0.16143095912669062,0.14279083339386875,0.1250231803083188,0.11483210149201029,0.11716011931627111,0.12903860209855286,0.14330668295289056,0.15378222898047117,0.1571216190958474,0.15489067953824887,0.15244293349759663,0.15202676947007357,0.15014832516189833,0.14458272893157703,0.13922106723065655
0.20352378519780076,0.20097887517473195,0.19360137562693994,0.18393181923994306,0.17780717029854753,0.17784398671980273,0.18222276628286427,0.18706763012190347,0.18826456042830556,0.1831303204236708,0.17153199526248142,0.1530115019486671,0.12259557872931896,0.07161227569038468,-0.008049522112824373,-0.12351887062738326,-0.2842273727869283,-0.4958426876145765,-0.7367052414123204,-0.9367115935965341,-1.0,-0.8760851228775073,-0.6096611524261559,-0.3094690278820682,-0.07242549508739195,0.06456710049360227,0.12127011139611453,0.141147867716815,0.15766033534581939,0.17799170569515227,0.19020462830530255,0.18334765445063025,0.16149632145697634,0.14071137895621574,0.13391975827099767,0.14019014181965805,0.14847315882141865,0.1490223842837534,0.1402164442605532,0.12587914297699582,0.10932033183254673,0.09229051104093368,0.07690010857224344,0.06559261839250104,0.06078519327114611,0.0651268351136836,0.078914275750093,0.09714429935354638,0.11256309949714796,0.12083703820448095
0.11135548504482941,0.112051241907906,0.11230167704189035,0.11454417367273678,0.12367172402232264,0.14124578687854467,0.16519707931172972,0.1921887596246972,0.215778427009063,0.22684435289245683,0.22098548945062846,0.20287574543456566,0.18117722519331544,0.1595308197020201,0.12816672458049358,0.0599009055044808,-0.08128637659405512,-0.3141107379873398,-0.6074973573115757,-0.8717436969789121,-1.0,-0.9411970439365738,-0.7361958797135786,-0.47903442907176125,-0.2501736585308366,-0.08460300453740312,0.020209466674479107,0.08412697761024927,0.1267459493752031,0.15712629915630097,0.17572488562154628,0.18299487759363292,0.18302680540856264,0.1807450915408736,0.17787929610561629,0.1719178021957894,0.16036665824416874,0.1463814635783337,0.13767748886911238,0.1383650896899399,0.1430929408876791,0.1417569388650667,0.13048036207964037,0.11450419313502241,0.09932161991979586,0.08383158745167134,0.06446545316201358,0.04223982736249404,0.0229393529265986,0.012106139936565391
0.1073162871841052,0.10772856440984192,0.11379532761648727,0.13144038399042746,0.15973270603750886,0.1899277382505886,0.2126477454345301,0.2223660632788084,0.2168066096973664,0.19545237685367525,0.15806148130172162,0.10536538418329533,0.04171404121572773,-0.027187612401663674,-0.10225585967419787,-0.1951061122835994,-0.3239146723978192,-0.5021397271809935,-0.7176509847955228,-0.9127018790507386,-1.0,-0.9276326518579924,-0.7280748059068661,-0.4868391164490453,-0.2740315142695981,-0.11475634522426552,-0.0030462252188774605,0.07464907121675342,0.12794903454969198,0.16313143455504414,0.1842956141341783,0.194549294637581,0.20011902953250518,0.2094204079506005,0.22489091809954792,0.23884298357100445,0.2406639754646491,0.22733914546640574,0.20558577993187052,0.18496118408377638,0.17103462485127754,0.1642041477839664,0.16200544223614635,0.1619841600027729,0.1646606124510271,0.17414580366280116,0.19280821777305213,0.21520031942530968,0.23175750829010186,0.23878408758703237
0.15386118824752382,0.17230969716509742,0.20570489805517528,0.24148021179852494,0.26537123517237027,0.2716397271396802,0.26315223279582584,0.24552187615154955,0.22242240805454488,0.1951223149252423,0.16371580783445308,0.1284200882624252,0.0902942951110545,0.04822125680811783,-0.0064950501412956215,-0.09287668780511761,-0.23516968723919135,-0.444860918054952,-0.6952484369604371,-0.9108769688198571,-1.0,-0.9232020884733022,-0.7308697875424528,-0.5186059567414814,-0.3500975783276793,-0.23054051734441797,-0.13696973646394217,-0.053978498244168845,0.015539962008303099,0.06147921599905444,0.08347928682200988,0.09523572055752448,0.11320315340913895,0.14375256015936363,0.1806928878304087,0.21473549957592888,0.24262748286123786,0.26400551218869445,0.27624079566066906,0.2789505918323853,0.2768728643399102,0.27174249736709116,0.25716727507060533,0.22701333496567794,0.18457579640450414,0.1409234267174527,0.10670479876336561,0.08540040446710007,0.07381143468035842,0.06840017295592599
0.12462653673805729,0.13109546054399543,0.1389475531236935,0.1434910974380532,0.14559995345919788,0.14979696976680137,0.1570640953668512,0.16272861091498655,0.16275284421596856,0.15798335696173602,0.1495482749874374,0.13372956007189368,0.10468034602232765,0.059777694692446315,-0.0019747053425077134,-0.08898192050768802,-0.22203578215897646,-0.42037456495663544,-0.668924181177627,-0.8954725814889625,-1.0,-0.9314676496735776,-0.7314595974895898,-0.49088791566749945,-0.2784488181497744,-0.11636838262271615,0.00019947623523344814,0.08082766039378415,0.13319775250069774,0.1658888720206302,0.1889329370613921,0.20966234503564302,0.22902027538786823,0.24282246667468269,0.2469180832262351,0.2402565708244878,0.22438742318822644,0.20303288311206466,0.18185949486247932,0.16635442035852002,0.15837146709514835,0.154817869694273,0.15025494984271967,0.14149236924529482,0.13093388593240735,0.12457733062856897,0.12607937918195497,0.13376112664408799,0.1426647721726664,0.1482599336130421
0.2457292097824737,0.25190115469922836,0.2552149285275959,0.2480056677922209,0.22985333780749537,0.20784101328217722,0.19129525785989335,0.18334779060989062,0.18061333878765995,0.18031683874783042,0.18306526164269749,0.1867636226646903,0.1805249980446074,0.14898040970523815,0.08178171136985338,-0.026250114240306197,-0.18394133646623143,-0.4003752715131225,-0.6574031492269472,-0.8872905396776162,-1.0,-0.9504079784738515,-0.7738855885190639,-0.5510482134893122,-0.34940382116767243,-0.19764634294419794,-0.09272265622995889,-0.01850709351505438,0.03819989455218312,0.08332837975498134,0.11983586295727731,0.150720825753651,0.17846420920617964,0.2044330950522685,0.2291188882191842,0.25209770205143917,0.27166306117660816,0.28314471712697853,0.2780693435753653,0.24933555308914296,0.19946019539921125,0.14166003666216065,0.09027762210134077,0.05152886349620018,0.026140682768596775,0.016942563441764927,0.027500120441979997,0.054116443169096674,0.0841759153158759,0.10343358882829494
0.23101569882186682,0.21476636692081139,0.1860423362191905,0.15244037627887735,0.12481791511281662,0.1131696858084135,0.1202026306963496,0.140014929117372,0.16258067083744757,0.1780540300781997,0.1797322411015005,0.16633209687000372,0.14141862762830346,0.10843033598774518,0.06222707900573465,-0.016966082315338665,-0.1572119266723362,-0.3733777261854275,-0.6401892966580105,-0.8811555865476557,-1.0,-0.946710465788378,-0.7557376771885252,-0.5133142417935337,-0.29382019097795314,-0.12781158346141955,-0.01198268455895532,0.06765700028420427,0.12206415491752366,0.1571602379411209,0.17672300645525732,0.18494037658611637,0.18636376928589918,0.18426858812070046,0.18028648983295684,0.17584879998624042,0.17273028262278275,0.1712952201339389,0.16990914228638093,0.16670074746428284,0.16046583672800185,0.15069591471002675,0.13842133403117501,0.12662304486267661,0.11876311555462556,0.11626590217976498,0.11812028776052215,0.12332162940242347,0.13100619582673498,0.1374013646895449
0.10409464567914413,0.10885624654288659,0.11891838160846036,0.13120571761909927,0.14034556035084927,0.14469094217096148,0.14716445584865515,0.15035568232031704,0.1539003747989889,0.15640006759627276,0.15737236400227417,0.1561949632498618,0.1492762289403676,0.12798291396297354,0.0786931993379531,-0.015434456142974454,-0.17039839309766222,-0.3916535255447267,-0.6552647448710948,-0.8905054106391646,-1.0,-0.928843944198584,-0.7139348630776516,-0.4496791769836732,-0.21645875683902796,-0.04876642698669172,0.05425002427834301,0.11022642618982188,0.14083824079290072,0.1627038874281511,0.1815799374438355,0.1942874311482809,0.1975728665221409,0.19327097743835117,0.18506085564548402,0.17535047950429314,0.1670375510302023,0.16383671821319476,0.16670839135722698,0.17159685967525892,0.17137350404098634,0.16052507381587314,0.13951389955368435,0.11517518259845212,0.0965024477038907,0.08913250847318256,0.09250100122949552,0.10141850807673153,0.11006926919767933,0.1149559129947255
0.17556535747359178,0.18141780508370312,0.18163765908801774,0.17161427215275296,0.1605519792363793,0.1596762587549677,0.16898018168262569,0.1791226468096705,0.18361693346233865,0.18337001897713187,0.1800087605305283,0.17036161343538014,0.14943968747957506,0.11273462048510022,0.05210277210925066,-0.04724124746813224,-0.20261687329415798,-0.4213950511964378,-0.6799229611931227,-0.9057244765270654,-1.0,-0.9099202709391905,-0.6789356729514385,-0.41021540744685286,-0.18679607099016107,-0.03321128656927828,0.06512647164398197,0.13003005110567747,0.1760826836468841,0.2068220046934159,0.2173480390073818,0.2058327249828896,0.18099821534669205,0.15587108666029084,0.13866827779643706,0.13089541372866625,0.12959439183014596,0.129555296463979,0.1269212424319056,0.12223939750287395,0.11707895793357914,0.10821577142745684,0.0904304882171214,0.06718770493914933,0.05309841119855636,0.059552847261728124,0.08209946921394876,0.10758135698801796,0.12709013632485447,0.13745831146919044
0.11451708733320576,0.12034857296769381,0.13356367206498668,0.15077989397989455,0.16531442378409575,0.1755390074775158,0.1834921944383075,0.19153400522764535,0.20203005143811448,0.21269634294239498,0.2154488013674284,0.20326481009741335,0.17549167736502302,0.13428574854286976,0.07522325358675362,-0.018184439218838607,-0.16865731278544405,-0.38764066233745964,-0.6512906570843493,-0.8867944673108811,-1.0,-0.9429973921661873,-0.7542194826774585,-0.5213101960325073,-0.31456822423662445,-0.16039878103948246,-0.05687878903368587,0.005879921398701468,0.04007040314552908,0.06126645096931177,0.08414489209905505,0.11368424713632345,0.14348140427202347,0.16496206495626142,0.1745264852728262,0.17262593496829476,0.16239459190506775,0.14959230848809862,0.1406726373810269,0.13935112600339264,0.14462737382655774,0.15322776256027876,0.16312547344016212,0.17275786313913458,0.1809017669421456,0.1892260748900871,0.20005660502314357,0.2115501556409137,0.2192579019808191,0.22202741587042096
0.10459937563517101,0.11758367046822232,0.1309995929838882,0.1363696316981978,0.13306554912596463,0.12633798602422716,0.12601869067659788,0.13741018744156996,0.1543610912179842,0.16414222417775892,0.15742537043384938,0.13557090432925545,0.1087822109581366,0.08271376544795259,0.04547215301617459,-0.030417348760664844,-0.17279795211383606,-0.391408815986619,-0.6578194535168356,-0.8938546641635092,-1.0,-0.9250035791587008,-0.7092456820796826,-0.4496061499964671,-0.2286765298884072,-0.07717191045943225,0.017169138978430892,0.08091415080566038,0.1326575693776541,0.17771823499647632,0.21393572086856405,0.23692420983454643,0.24332308364590713,0.23518975108228252,0.2209406056687388,0.20935575368462755,0.203128928206316,0.1985906938078938,0.19029008171093126,0.17447147427118737,0.1506140972468988,0.12394958532579478,0.10354220877563533,0.09387491064949245,0.0916278245223052,0.0924622158636545,0.09748085965974594,0.11069165187874291,0.13041183840536721,0.14588509322235013
0.09126725334992122,0.1030878843515806,0.12750131870480277,0.15981571575092893,0.19442864257307255,0.22820650216499486,0.2524458209029126,0.25314188961042094,0.22619318286551213,0.18298279036709442,0.13841500412905877,0.1032109503342657,0.08284791077871079,0.06829277985628815,0.03160748161028293,-0.05866413516792743,-0.2199637432876029,-0.4476391141430884,-0.7055573757076714,-0.9192928584855431,-1.0,-0.9044881626063578,-0.6759811730310147,-0.41155239049858006,-0.19133796281921753,-0.04179195197775962,0.05182624038737405,0.11444078038842317,0.16027637489670832,0.19186909962008822,0.20874091037726883,0.20962689733898127,0.19005006032856808,0.14967816381027063,0.10391468249684449,0.07674462651206089,0.07887628952304108,0.09981253954495206,0.12122163975185068,0.13169689338370505,0.12895396091594014,0.11697037900188541,0.10486183462723146,0.10203132711213803,0.11179931379768326,0.131622583363535,0.15651128618689444,0.18096515469376415,0.20004087527677789,0.2102918270389296
0.0361653403274325,0.0307450337605396,0.030779753344573894,0.04422781103922216,0.0609573563058474,0.06377876554367672,0.05179532750989463,0.03957882589024865,0.0380209875561015,0.043815523174988,0.04556138361445631,0.0377753330145732,0.026056806121122947,0.014489638296810489,-0.008591561629791659,-0.06897674632581646,-0.1945450595019141,-0.3992958127499421,-0.6590314370337915,-0.8943039217746239,-1.0,-0.9231544963159005,-0.7118688644447225,-0.4701831197166864,-0.272891809013486,-0.1323346119733319,-0.02556578961823516,0.06793999735203955,0.1519548753515205,0.21915648408268756,0.2613401474399261,0.27679629388430244,0.2708591523871903,0.2513058149550057,0.22643719327258283,0.20665752907280086,0.20269036613274746,0.21773948875253601,0.24231164771188737,0.26115252254658733,0.2666457629354814,0.26181934469070123,0.2516286754755616,0.2397858586436259,0.23140441631914613,0.22870264656051814,0.22692555465913095,0.22057983973757092,0.2104777078716472,0.20268402476355657
0.1453528602960289,0.15323753430614728,0.1691484241356373,0.18841130779549212,0.20162397290844306,0.20293307169969343,0.19540074471128951,0.18763812540096048,0.18614363843081747,0.1892229282756501,0.18846436740053407,0.17632833694568603,0.14991272379508258,0.10728124988981783,0.04221672443499308,-0.05806744224344987,-0.21006819564149662,-0.42288635449006995,-0.6764284101679868,-0.9010152213808733,-1.0,-0.9246297838331593,-0.7200162892271055,-0.48146630469000984,-0.2795341432098071,-0.13182317945017916,-0.02473475908367474,0.054732250646591964,0.10807082179065507,0.13535411975787248,0.14423630510768995,0.14499365473817985,0.14331746907387008,0.14322945218817035,0.1508026798461587,0.16814781729889125,0.18809289164592716,0.20036752751347872,0.19953659656365355,0.18412042868253017,0.1556470763160471,0.12338802202743984,0.10172155849087529,0.09809190933686482,0.10883807741267906,0.12683243931983104,0.14701784530040396,0.16480710886919217,0.17592302161534784,0.18008499944918854
0.19002526189188024,0.19422981809536216,0.2068927964320052,0.2282564076848614,0.2520858970472345,0.27045964400175515,0.276884941431972,0.26888175181494534,0.24867195626954633,0.2172457842335362,0.17224915277454442,0.11493735533104811,0.05238121745007601,-0.010952356219179614,-0.08167177922714439,-0.1769624894918133,-0.315743539832207,-0.5051031857964564,-0.7241239659236187,-0.9144636847529974,-1.0,-0.9397019381037245,-0.7636557687844309,-0.5450490536414148,-0.34167303140882105,-0.1710045652461862,-0.028788575856467498,0.08718529307494308,0.17433876897790496,0.230681809939454,0.2554951902616938,0.25483445784777103,0.24636266810244303,0.2460929313252094,0.2523287462979127,0.2519998921643479,0.2377315241880284,0.2113289235962901,0.17592679395034475,0.1331823812883482,0.08890822741898113,0.05521101264481533,0.04288817494724293,0.05304829225053173,0.07684724206937538,0.1036030331338917,0.12895787292268904,0.1535734726423437,0.1757358670611362,0.18942937371999624
0.16005654520904153,0.16327333613220865,0.175701390965693,0.20045797543784313,0.2302235197778299,0.2503025667484665,0.24981780029958264,0.2289855579953973,0.19508797930988198,0.15662121493372158,0.12544173103199116,0.11285672675267697,0.1137173929045766,0.10318132831368762,0.05448227346666268,-0.04700793731516115,-0.20740290347855628,-0.4271994597528285,-0.6827946430235139,-0.9046292520407359,-1.0,-0.9239574213798122,-0.722050327048883,-0.4890996114501479,-0.294698493496901,-0.1535721952261272,-0.04896322128596119,0.03294873877301224,0.09072447185411776,0.11820649689706814,0.11954201189981063,0.11384193219339193,0.12221600970811687,0.14814063345315953,0.17641608373953013,0.19050472651548994,0.18547893160358142,0.1681749284937247,0.14922738282476072,0.1349240046838921,0.1275269621464246,0.12940393389866803,0.14128056483106194,0.159586676704356,0.17886136332727004,0.19311178333847104,0.19603807494466566,0.18529497411781032,0.1668803076809222,0.15283713259006082
0.059539172663085095,0.050142142020623316,0.03702303053278241,0.03176376458439163,0.04541763383969496,0.07802545778311341,0.11598763987203568,0.14221456466800014,0.14946029450286039,0.14346015938079387,0.13406734474254706,0.1263285653481912,0.11978095403458397,0.10900180944783834,0.0798987348297588,0.007739309619274277,-0.13574106489789423,-0.3621479795632844,-0.639608179580083,-0.8847780054996861,-1.0,-0.9401705063776491,-0.7465190405851645,-0.5099033640908495,-0.3049381733993318,-0.1567547201516566,-0.0533156941867731,0.025213959071838682,0.0893750118951476,0.14129555750408662,0.18159177269103677,0.21294788440893425,0.23887827093895692,0.25983185113279117,0.27107785279859786,0.26593685150446866,0.2430120550516918,0.21022694184087604,0.18068811297309664,0.1639847132073329,0.16072586012613763,0.16524328022939164,0.17224100107583876,0.1791017207249697,0.18440772946576148,0.18800280918377468,0.1911019606144962,0.19357957016370636,0.19360406998876903,0.19195731387109669
0.018507883925293324,0.047929152299617944,0.08925350694458446,0.12451261995600886,0.1454595442229008,0.15417053555677968,0.16004829439742485,0.17273070203433266,0.19426133574993826,0.21781481257980043,0.2342063526850073,0.2383319697354067,0.2284134887441235,0.20004079842414238,0.14131261145983873,0.033540271980679055,-0.1410517848105091,-0.3842709630878557,-0.6615059976539911,-0.8954416512368348,-1.0,-0.9399856035150717,-0.7567299731332785,-0.5313970235120055,-0.33088306235904225,-0.18446598535902556,-0.09016932855351281,-0.030969395029237755,0.011589765703320588,0.04910630204906017,0.08155622477745868,0.10069009419003502,0.10224807973290499,0.09258838752409865,0.08147483913033353,0.07410582088299852,0.07315413369308245,0.08323400688327286,0.1103795470021129,0.15852174038366404,0.22345284115125708,0.2871011942658097,0.32413090808689665,0.3220099828490348,0.2923504315297181,0.2578852584393012,0.23200581937904427,0.21297733332887525,0.19482316198836044,0.18095101458384608
0.14632863757945094,0.14224186400953784,0.1389760777317575,0.1419312667897313,0.1529554493972103,0.16990164609606875,0.18824172828558575,0.20311574430391127,0.2111386201578413,0.21141139821037044,0.20551151240451332,0.1949148116091059,0.17652174989388333,0.1415645376615258,0.07906263279730502,-0.022308910836457425,-0.1753832662762132,-0.38867015652052306,-0.6448134353601429,-0.8794009001222274,-1.0,-0.9523514495651331,-0.7678630769322473,-0.5353841758687085,-0.33347012541677223,-0.19197543546302442,-0.10053604206623087,-0.037496783576330496,0.01051336602766475,0.04742298859010219,0.07575963265524888,0.10200241499033984,0.13306941258283958,0.1694768847606501,0.20470603388002512,0.22986950954818935,0.23865968506059154,0.2309313228295407,0.21210463836202811,0.1886934331835381,0.166124031108519,0.1498184991032066,0.14412791002444725,0.1494380407845707,0.16241070970827146,0.17790857619773057,0.18916860313471845,0.19008231073778223,0.18135369124698178,0.17219438655922625
0.12035550456194397,0.11744891884870125,0.11645116547451724,0.12270224473124113,0.13892853887337356,0.1621263365700474,0.18615535338834766,0.20803332887563436,0.22568333150385494,0.23166495077394547,0.21748454632259892,0.1845160705055063,0.14351331197240605,0.10041814499052565,0.0452817749548938,-0.04476483756260436,-0.1934778707070951,-0.4099445912903361,-0.6689640019457473,-0.8975059559188375,-1.0,-0.9290860277946638,-0.7312437616644333,-0.5050566739563196,-0.32192876170008317,-0.19607256688958824,-0.10958690869033699,-0.04210207466051369,0.018207024082649407,0.07278715753480504,0.11599732092927155,0.14387734955008105,0.15949662993475436,0.17033511293761303,0.18310203596823652,0.19977896103481413,0.21756909722827283,0.2329302567849477,0.24343742894799825,0.24611703891505993,0.2393124705170656,0.22819265842187628,0.2218317135128034,0.22039516893501507,0.21187528431402017,0.18526174902290773,0.1439772605106042,0.10574619389899674,0.08616730611211645,0.08257529133911216
0.10900072345486371,0.10339822293484366,0.10556694794735429,0.12672141953368907,0.15913332623669085,0.18378639164943814,0.19206132459516934,0.18727021706096453,0.17192922730372234,0.14665780754469246,0.1167730742773372,0.08976844373334394,0.06595305690292695,0.0356158487293784,-0.01673398044078572,-0.10894529372260735,-0.2565406275221457,-0.4622314840060895,-0.7009014570219314,-0.9084082029636417,-1.0,-0.9279326705506654,-0.7243218537028422,-0.47381248363597916,-0.24946067397083482,-0.08062404291787416,0.03487338712974799,0.10676899946939783,0.14283381626908973,0.1536009792147294,0.15485425659892393,0.1605866689604001,0.1751635123868463,0.19362073325003656,0.20882638299398507,0.21800583525076822,0.22276470980891436,0.22501348527594317,0.22575321978188498,0.22628879156714002,0.2262449841026904,0.2210842997577982,0.2070225641085517,0.18711365637326915,0.16716973913654237,0.14932249312712098,0.1341439791618284,0.1247800985240057,0.12369583060821447,0.1267443156931533
0.14275128427637268,0.14144726907140656,0.14963688284612173,0.17613192505729658,0.21578628548137593,0.25297070965406376,0.2770486897989097,0.2868891781761905,0.28183895187809144,0.2592753872709243,0.21950519656491932,0.1662528004519945,0.10400909853407062,0.036173788477792346,-0.037768273000640784,-0.12688928493822677,-0.25122114896688874,-0.43204768521312387,-0.6632323217422187,-0.8839754423446718,-1.0,-0.957731922551853,-0.791310385401668,-0.5830918249617009,-0.39481116773661334,-0.24507713642988438,-0.12715905189538948,-0.02917990900909772,0.056105254566596145,0.12998895614810013,0.19134791355346142,0.2377229707825509,0.2638007944517535,0.2655320519432519,0.24668392330323952,0.21748090199187214,0.18833032890249737,0.16807976280199846,0.16319350803265892,0.17060325344997115,0.1768437533701774,0.17299210834089396,0.16415902092588766,0.15884665976819531,0.15798467369435606,0.15755988024884376,0.15296935591796038,0.14072993031017977,0.12312035854514367,0.109702745602858
0.1655383310661287,0.17193620565946416,0.1817264950601257,0.19240701985342273,0.2037772977285137,0.21519765322655368,0.2244518468414978,0.2305799445725467,0.23453428547755348,0.23421329128397442,0.22112012560994615,0.18688664103119917,0.13128541449333023,0.05933995681208274,-0.026574214884774662,-0.13156687251378868,-0.2704849668729947,-0.45954226552124583,-0.6892100089131205,-0.8991284234038255,-1.0,-0.9451205116637423,-0.7728339834800616,-0.5650404089865633,-0.38048774025860577,-0.23555930580638945,-0.125047529408095,-0.04105984269827757,0.025053824279892698,0.08320561101497811,0.13729587171890992,0.18245211843601242,0.21281407143039857,0.22751484336175515,0.22979512086103085,0.22428781895858865,0.21514142577320336,0.20564838245343842,0.1976422700141715,0.1900300073521742,0.1803802459198315,0.16878300638329397,0.15945799788831144,0.15852090699412727,0.16829824791338016,0.18291687837062648,0.19194679475612547,0.190150307703968,0.18191984076919032,0.17540597334173716
0.10408770005164186,0.10914025954231457,0.11734953368847506,0.13225781791271748,0.15842255027297983,0.1911570387825469,0.22065476781346977,0.2415258309181639,0.25093823770295853,0.24347060449283714,0.2152223097437205,0.1706110526052299,0.11844998374482227,0.061247134785362395,-0.008583600480571848,-0.10596249132866091,-0.24955377913377014,-0.4510478476218889,-0.691599072360225,-0.9045529356395957,-1.0,-0.9300687980153136,-0.7309621755700325,-0.4910961521461987,-0.2844075136958111,-0.13818332096878422,-0.045272912319041396,0.013527603596680052,0.05611069887214538,0.09279947346621613,0.12598608678341056,0.15463530402313877,0.1777555351414156,0.19476590816569544,0.20572153471003846,0.21227395363758556,0.21797186712200087,0.22513790595605337,0.23035582897898219,0.2262226199863715,0.2082561044658775,0.17925949559579063,0.14927563186753448,0.1304093036677735,0.1282491408172489,0.1380986614632946,0.14999631357152374,0.15743436784317952,0.16062026299762922,0.16189217449306795
0.16352577534555066,0.16595191617439087,0.16657835667806548,0.1599632795291665,0.14372792573791104,0.12203379647464375,0.10513201175978085,0.1008940085550349,0.10719939053337717,0.11654804250086942,0.12386941814242892,0.12588165418160935,0.11781827865823837,0.09251442956831926,0.03839658928223436,-0.06077564774184754,-0.22020700648734315,-0.442509605089524,-0.699001587812752,-0.9161660944956846,-1.0,-0.9018480576254455,-0.6622532520329693,-0.3793481863949263,-0.13930510012551586,0.022935094594284097,0.11591594009641287,0.16385727550427873,0.18801602769427922,0.202821727065439,0.21573051931606754,0.22669757563017892,0.23085123254747744,0.2237309062477515,0.20573647772812426,0.18392636972320686,0.16822349229320535,0.1631516980526585,0.1649830851656444,0.16709049489048,0.16375798421921897,0.15048189854664204,0.12672442538525827,0.09835871839273934,0.07477974019063487,0.06267112132180266,0.06112698839240211,0.0632566355814526,0.063734075573658,0.06282016053108863
0.04716675910830259,0.06346088254653771,0.09303269834006593,0.1299762980439003,0.16733533648521678,0.20055142574936377,0.2284107727260785,0.25055131118640667,0.265259028110323,0.2700908579895801,0.263628063587559,0.2452157419507187,0.21412784683658395,0.16918084509068937,0.10455072301375248,0.003996719319532417,-0.15512616954077985,-0.3834943441623566,-0.6547874077512976,-0.8926953906078079,-1.0,-0.9285019258932372,-0.7204984440742032,-0.4696785144834089,-0.2510995060399527,-0.09241815996823904,0.01167050431993817,0.0773656213645939,0.11913794482541133,0.14601279341138035,0.1626463735426595,0.17134774856581125,0.1745153093538103,0.1758503778656008,0.1772811016161053,0.176282780947612,0.16927284536818465,0.1558913585221971,0.138775646282667,0.12153727556521025,0.1071050049640344,0.0968112542906262,0.09145041326122136,0.09154499429162544,0.09491317184973717,0.09614935416906169,0.09014938317431816,0.0763855874344866,0.060202602746186926,0.049465104704191715
0.13205050552746214,0.12685068865626772,0.12204815663753699,0.12239582361053356,0.12761515919421235,0.1352751686982414,0.1448426621461445,0.15682230221455118,0.17050144759637142,0.18474561415019358,0.19844838921518293,0.20804198575586622,0.20625664503131538,0.18431239365376628,0.13303754869190454,0.03937185102441303,-0.11557066431014834,-0.3441527335767833,-0.6234979753904708,-0.8761868176422732,-1.0,-0.9410189532817892,-0.7370264231219065,-0.48158369128560263,-0.2550147718062255,-0.09075641328308126,0.014525938162490966,0.07750854657762907,0.11386239402807607,0.13442736448851647,0.14633639427268338,0.15594615699203845,0.16833116728902814,0.18277967452801736,0.19293476583552782,0.1936524418605111,0.18533667108783114,0.1716319987992337,0.15612231826947892,0.14117876676603214,0.12805633147930634,0.1179947851445907,0.11200002316597882,0.10901532822677992,0.10643428169901119,0.10239460851726845,0.09678777417862408,0.09117427312540448,0.08753279881569603,0.08622729858456277
0.11231942061588261,0.11420815383404793,0.12148496359957232,0.13554469448099565,0.15408654293397883,0.17462361427540773,0.19353184647810687,0.20446118544837638,0.20383487450639995,0.19653311047428457,0.1933311205408112,0.20061380231955275,0.21145740516753736,0.20864457837769157,0.17304447795988404,0.08407738872364999,-0.08070470909171103,-0.3305878466183363,-0.6311847048902683,-0.8901028718370526,-1.0,-0.9197731241067388,-0.7074952514455753,-0.464869180870253,-0.2611034371865443,-0.1111950696189856,-0.0013688517673283546,0.08297185852680969,0.14536752876937273,0.18030285750285283,0.18558167003744253,0.1732632312789065,0.16325666274850473,0.16661993447607165,0.18034210667183678,0.19461564892994165,0.19992304184041962,0.19164722591318273,0.17208439024954034,0.14643374256466862,0.11729749351384891,0.08426820688318738,0.04738763116916134,0.011426809940656592,-0.012154741682334467,-0.010759739272933205,0.0178438015748255,0.06064062464775393,0.09867195931947678,0.11955592209342038
-0.033314502093477395,-0.026504334781759193,-0.016745416990946695,-0.0004133292131424135,0.033847032985401856,0.08977948846013456,0.1589307082432111,0.22738471680652783,0.2780815580976755,0.29450114795648175,0.26924396782842386,0.20771675754404542,0.12347144110253144,0.03166796313141421,-0.056577900427472405,-0.14450431893700627,-0.25859528282868155,-0.4330565626003315,-0.6666144658173387,-0.8908340999020419,-1.0,-0.9345992897241221,-0.7308774041426092,-0.4806847784656385,-0.25950049470154096,-0.0969819960289123,0.00759451208795768,0.0633833999827118,0.08184783794618204,0.07931392655778993,0.0754722351922601,0.08339999783270767,0.10000751839763815,0.11171008895874318,0.10995549548838153,0.09635588944433218,0.07783903325594427,0.06692255087662427,0.08115725325728647,0.13081069599933878,0.20772539533750362,0.2901725512719211,0.35619680632068645,0.39138328127990063,0.3910640836043932,0.3629454901095725,0.32504771865780685,0.29302252332997525,0.2715268187193515,0.26032429059016476
0.07745905363113012,0.08111530556448168,0.09211748289611896,0.11295302260851862,0.13899871589472257,0.1597868148145558,0.1674314607728313,0.16229792990444278,0.1517624062673338,0.14632854058238798,0.15416647200012346,0.17382000748470688,0.19179995600074964,0.1895819273890255,0.15158464363440718,0.06337288023447898,-0.09330176099191541,-0.3286893802256098,-0.6152144773405126,-0.8721675218505496,-1.0,-0.9493700271579141,-0.7565171624815304,-0.5067430734494923,-0.27258575352761977,-0.08730472109853568,0.0442402524308201,0.12816978890606648,0.17364129690558075,0.19132255467307577,0.19220590266936846,0.1855430714066638,0.17746483058963916,0.17063852924896927,0.16472288474668137,0.15840266878059805,0.15176380044264037,0.1457646216954542,0.1404203064237112,0.13554012656173464,0.1317908329472414,0.12941874831079936,0.1272462495685513,0.1232270282763011,0.11570985065647452,0.10551303523937648,0.0963833987264625,0.09191573040853333,0.0922269846687106,0.09404476416021032
0.09558624393303462,0.08464031804911576,0.07041174736898517,0.06106619715687707,0.060007990340654675,0.06712672202376638,0.08095614709063642,0.09843842872757205,0.11620195858003171,0.1324956296800909,0.14630539172454454,0.15633516048900742,0.16126291873692827,0.1575958262010943,0.13334886509416952,0.06332341312946836,-0.0832312691681912,-0.31905462894805936,-0.6109267337293257,-0.872106748850016,-1.0,-0.9444083482635302,-0.742196399047625,-0.4823492388990739,-0.2446952489900693,-0.06779393466606674,0.04719601580516831,0.11675627439878827,0.1573638663809901,0.17951819042619221,0.19014181922788573,0.19433219847205696,0.19504984751396934,0.19394219511811836,0.19226317354898487,0.18923571797453512,0.1811725550439797,0.1665251692352662,0.15110372250849768,0.14299994500420513,0.14291250368968642,0.1444601347897262,0.14296457371270951,0.1397793693126409,0.13835267344678934,0.13888532121088262,0.13850531352906587,0.13578428556777167,0.13230718009126524,0.13010754622680434
0.07062026916062497,0.06847309578372646,0.06887669966641714,0.07538334114081635,0.08521313170735145,0.09247442238017102,0.09678319254906176,0.10522011030046664,0.12472861514240216,0.15466074986800774,0.1864582468620634,0.2096117628960419,0.2184634200685766,0.21192210621955992,0.1838240139604592,0.11277936372903806,-0.034324173162260975,-0.27697721868636893,-0.5844070497718429,-0.8627969946008671,-1.0,-0.9450821093737611,-0.7439958918259701,-0.49384735082110875,-0.2724331455239174,-0.10912653113363076,0.0020769257516875797,0.07900177611400758,0.13512441738534856,0.17479114265754245,0.19806367467031488,0.20655914108444592,0.20354870531735608,0.1922246591529465,0.17693595511808713,0.16327285226624508,0.15396832829339063,0.1469758491610383,0.1396354043024783,0.1326071789360026,0.12763559724687853,0.12365371645488211,0.1182844589478912,0.11185199825251173,0.10750396997941417,0.10781936931503491,0.11164530499201061,0.11489684815459654,0.11523051154846016,0.11419013836237159
0.11714952469455679,0.12512427495070047,0.13733307220800653,0.14950025567666464,0.1595654203940856,0.16639318874206155,0.16818407048498346,0.1643317064999824,0.1575718695985709,0.1517023576204527,0.14648626228655393,0.13723405743022501,0.11969144897656772,0.09063623179076649,0.041212421128716016,-0.04712463248295975,-0.19648603857726762,-0.4169463318060038,-0.682335598785903,-0.9122839498675744,-1.0,-0.8909621581568695,-0.6341904219599281,-0.3412006465711632,-0.1031722220540509,0.04917198666988891,0.1304731263687368,0.16730104449221841,0.17688218004205697,0.1672350742752406,0.1474564212607949,0.130337030668582,0.1251156317231327,0.13215088590335702,0.1448871499687932,0.15460540435905362,0.15549775983017047,0.14841277471639552,0.1383043855872368,0.127853780094583,0.11732348181010076,0.10900913758026551,0.10545240548475204,0.104569013543414,0.10212542088267723,0.09859351284111638,0.09960936289513078,0.10856381659794193,0.12137961330541293,0.13027543687777415
0.07890770126558334,0.07786459045276453,0.08600861039234167,0.10932654532303006,0.1406405384875503,0.16746151797717435,0.183843076505527,0.19274325028464565,0.1989954868070575,0.2000232875689505,0.18737690927873846,0.15882467120295293,0.12002142575831617,0.07127358731679041,0.0008976805387618056,-0.10625689218444448,-0.2598808844730988,-0.4611946982970736,-0.6918919173207869,-0.8973024263460394,-1.0,-0.9555711311802718,-0.7932673319506185,-0.5885800445339899,-0.4029715522099627,-0.2566052864453024,-0.1420580779251301,-0.047746358789661984,0.029962801590972685,0.08951790722729364,0.13316828623203525,0.16993077088415443,0.20943057273936835,0.25333848401750003,0.2934509072008801,0.31957344517863884,0.3284155750819623,0.32469118007066267,0.31631671495422664,0.3074933253253844,0.29501976964259075,0.27272601667368374,0.23893703469636984,0.19886811728063913,0.1613020779678334,0.13452186339461822,0.12386396284875711,0.12930297754448214,0.14374611290677905,0.15553981903736327
0.03647315978947748,0.030797106622493364,0.031182827671715208,0.04185215974997041,0.058675134059823664,0.08070515839626148,0.10868431375294278,0.13642820694880564,0.15193796310762128,0.14823713689406026,0.12972257046270871,0.10640844680154331,0.08566521663670328,0.06966711535878012,0.050964585537648446,0.003250121998429835,-0.11467838185691254,-0.3279126647237485,-0.6077053900272498,-0.866297845614428,-1.0,-0.9533019240088532,-0.7526340387742215,-0.481035851049124,-0.2213641120597611,-0.018656243726900983,0.12113068449826005,0.21286468097660605,0.2725739955149321,0.3071729760725109,0.31809745060930394,0.30901744003320764,0.2868564036120646,0.25897038586779564,0.23174533185498628,0.21035155183798385,0.19718095239165903,0.18909278095574078,0.17860426478905958,0.16040488783990214,0.13540570542881414,0.10836312861851813,0.08434641371094437,0.06698244903590996,0.05763741806279278,0.055900531916708046,0.06087189163640678,0.07143848810828618,0.0843861612564977,0.09353925342332377
0.06534858191705512,0.07331119356279875,0.08740384858735296,0.1041556542706291,0.12004353558027088,0.13388082243117133,0.1474431776072632,0.16364169301523507,0.18298162457842373,0.20313654672851827,0.22234981661958403,0.23773342406025125,0.23990570769126207,0.21487710647349373,0.15049957729114471,0.03668801292243026,-0.13790962012735736,-0.37704605356702675,-0.6522090577844143,-0.8893188701141248,-1.0,-0.9447078896294006,-0.7628022663139555,-0.5348120708851125,-0.3253067172887957,-0.16131767356277257,-0.04320610397006025,0.039058443052020386,0.09743812726425788,0.1422475264897498,0.17846885268047183,0.20545683747581558,0.22106530361719115,0.22446595955558465,0.21715734754152666,0.204002417303743,0.19062036754748934,0.17812611072349996,0.1640491916846396,0.14856394611380944,0.13525042758059744,0.1269200776158083,0.12381152528871071,0.12369968435711104,0.12361105477588555,0.12281166916341567,0.12214783087045976,0.12110350743883413,0.11875039012729272,0.11640940163822146
0.10898154694622329,0.11031995980055712,0.11571504343764849,0.12843661416756427,0.14597906354423001,0.15969747706269102,0.16429163727461094,0.16252077216893943,0.16004576579636834,0.1600030754727671,0.1617427914735197,0.16119912593027583,0.15148810420026082,0.12438050140356453,0.07131856880912565,-0.019573862481337637,-0.16666460731186936,-0.38361181125018573,-0.6493302504545712,-0.887871471558424,-1.0,-0.9368607076474729,-0.7388913823981634,-0.4956643211856164,-0.2803067342233403,-0.12141189239894794,-0.012949450790040576,0.06301763286533643,0.11977900663893154,0.16453607946643486,0.20314014858609988,0.23765204665029635,0.2622012398936521,0.2690831421061995,0.2588831597099833,0.24006393183372018,0.21999567875222428,0.20105414828808205,0.18324800141718134,0.16499916956566896,0.14325508342409635,0.11808123994002441,0.09582102354998152,0.0837874540114048,0.08293091623307777,0.08796386955464307,0.09356191674397242,0.098841319258691,0.10500708032155258,0.11011315540036819
0.15972642256057035,0.16295017661034425,0.17012897444195002,0.18524998948691582,0.20943353063267778,0.23470230661319932,0.24868051184697412,0.24412350423000764,0.2246635589726718,0.20021221365149272,0.17557930694121782,0.146459984727271,0.10591107344327184,0.051486463999328616,-0.01653904276170894,-0.10497099385544385,-0.2337270944684517,-0.4240305187721262,-0.6653685787981638,-0.8899710257456978,-1.0,-0.9415311136962236,-0.7498119547720947,-0.5139660213227005,-0.30657069753024435,-0.1509124802849066,-0.03649560315025247,0.053382376355493324,0.12712966746804158,0.18497758960217112,0.22573938855732512,0.2511887133387849,0.26473355702915785,0.26808888301317185,0.2609181301087995,0.2435803675314891,0.2196953531480197,0.19479514962347397,0.17116550270983752,0.14691826234749952,0.12175224379305799,0.10096642936060138,0.09186017534150409,0.09561953905813556,0.10415512435374219,0.10651664304200913,0.09718027068139934,0.07865523042155137,0.05895068040793224,0.04661782970692309
0.07123143355910808,0.06719251991391521,0.06410201358542143,0.0731800807841451,0.10130895546771036,0.1422267951653593,0.1801342544331258,0.2016382245311635,0.20701482440431307,0.20516940309918466,0.2002716152704048,0.1918633759946747,0.18127535619222906,0.16734941108462942,0.1373440820018516,0.0656630070384253,-0.07628872963465674,-0.3019038832238911,-0.5862241556567775,-0.8524741860290023,-1.0,-0.973332598801269,-0.8038659841609174,-0.5726125409053925,-0.3488241102453091,-0.1696002806784209,-0.0445983079683626,0.03895559848191725,0.10293273009739992,0.15942518827436322,0.20614707260164478,0.2376314926268113,0.2541260963867931,0.26254327717152354,0.27230833133175003,0.28419622959095064,0.2856540933389816,0.2642932590692116,0.22081373347266445,0.16666449205067713,0.11766611201527707,0.08917167716995125,0.08693080919373704,0.09972064644914314,0.10605290839111833,0.09186819571616445,0.061649414639150274,0.03242867325231511,0.017266723428370295,0.014312670028422497
0.016848228263268143,0.03653207439759794,0.0802519891780337,0.13346189140995937,0.16923683561915712,0.17568360957866147,0.1612364891481263,0.13851985362572736,0.11405272320484754,0.09225755715422501,0.07801136560031637,0.07055777372466308,0.06150177857100391,0.04176198769692318,0.0046471409443007245,-0.06341825867878083,-0.18936628515047157,-0.39489842977172035,-0.6580869971080094,-0.8946490470488468,-1.0,-0.9308799415227315,-0.7383756688484273,-0.5143219446365168,-0.3210255377953856,-0.17256340288888927,-0.058580804146794084,0.030433607583989913,0.09756744487911634,0.14562785453525395,0.18009145008610206,0.20487755761560353,0.2174161812067024,0.21270442973327963,0.19353587259497249,0.1720915781065176,0.15982795449916518,0.1600623245832267,0.17122333755225908,0.19237674051747086,0.22365103951961246,0.2628746070186348,0.3012596752194017,0.323723873140532,0.31874332963454594,0.28789505903408225,0.24202168128760435,0.1921388990616297,0.1486326952950951,0.12282782677496455
0.10454627251338555,0.10631955935211908,0.11835784555941008,0.14565250116383086,0.18046450123980948,0.2088191833444854,0.2226871361085821,0.2203188900610347,0.20134129069949944,0.1694636741104571,0.13428637082092568,0.10395622652462083,0.0789961965904714,0.05173131103192141,0.0059607136903725485,-0.07995627478269907,-0.2249968694994674,-0.43420134068445787,-0.6818310004537551,-0.8996524047912043,-1.0,-0.937869504852609,-0.7522157022557374,-0.5320996749627341,-0.34759058769143575,-0.21835211849819278,-0.12926681363794734,-0.06020306159895288,-0.004709151146068831,0.03379320883153384,0.059449687574158326,0.08762091562049272,0.12788702608991384,0.1725478762876094,0.20517439151741,0.21528951334795454,0.20484764063557132,0.18438243428369955,0.16546178548568782,0.15889489629476697,0.17524978430605498,0.21635941193741037,0.2669392874651237,0.3044408088392387,0.31764941676430664,0.31080329711302673,0.2928815798538408,0.26992029441271875,0.2474106470719429,0.23303892831187456
0.15129899262247573,0.1415838901766381,0.13264637826969558,0.13183212826160864,0.1387293899554628,0.15209596887395316,0.17254722949510254,0.1989871296284246,0.22455322948830736,0.23644733259061246,0.22465471026915826,0.19096727467314176,0.14398531288161062,0.08591273632043898,0.007566314763659502,-0.10589181831763261,-0.26765953508880425,-0.48102399133991425,-0.7218483365426254,-0.9233715168445547,-1.0,-0.9124179867817683,-0.7051087930368364,-0.4668639996937636,-0.26515450987054073,-0.12223930476410767,-0.03121192336466282,0.024035124481002222,0.06082474685203067,0.09405740052378037,0.12943729141543545,0.16125688366070987,0.18183196007943098,0.19158036029036363,0.19784740905622225,0.20606913808008284,0.21435179802110357,0.21687399673788757,0.21055384102840122,0.19712791411531358,0.18135691443860197,0.16895475237428895,0.16415280078653277,0.1673195365615144,0.17442667806446654,0.17800667249038987,0.1702172600317564,0.14934159629649113,0.12350773940852823,0.10585188258058478
0.20946802373439727,0.20325461224575916,0.1999969160327833,0.20523383932264733,0.21438293201377606,0.221650562251477,0.22648995986533296,0.22938093979777577,0.22784750946634044,0.21829246671313352,0.19831790688981474,0.16606598251292698,0.12058249161518507,0.0625659396933343,-0.00933459844752086,-0.10430641576262145,-0.24072223670768825,-0.43532125777848263,-0.6756610491751561,-0.895938339970151,-1.0,-0.9351323507800676,-0.7402660593904459,-0.5080761937710344,-0.3115120249372858,-0.17342605494667712,-0.08376757931501147,-0.027104551638113997,0.005333134007395086,0.019748425250308187,0.02239298754590792,0.01780115760673416,0.012435365424672676,0.017571962209824293,0.04492444985335243,0.09801043547654245,0.16536816772631344,0.22549248042529235,0.260705267569431,0.2663391486558537,0.2521162293684863,0.23507647592853156,0.22488535645178998,0.21811784109308688,0.21030409634883726,0.20667683556868485,0.21448870769973985,0.2299763191604911,0.24225371999500392,0.2470200670992935
0.1261638544711847,0.12158874302601394,0.11893142245661904,0.12363518103999671,0.13322021121814873,0.14229457885612068,0.14887869041916252,0.15280392440020993,0.15496067655382031,0.15630553320470128,0.15408337504991756,0.14315090383100054,0.12010092990587261,0.08297425739423456,0.027553316986999178,-0.05866360500602474,-0.19872308112102113,-0.4106617950216202,-0.6735229248834501,-0.9056595188862817,-1.0,-0.9085120141693884,-0.6862752133656119,-0.43817397135900554,-0.23774249211666143,-0.10339152908037291,-0.022526012017628057,0.02386825134390261,0.05155648329406991,0.071700947696289,0.09127173526480789,0.11128467286210518,0.12736539491364296,0.1387972077538755,0.15473220542675503,0.18430148122295867,0.22484474351004988,0.26621185980258305,0.2992125645071817,0.3140192491728086,0.2999722087579824,0.2572633843124062,0.20363849201201378,0.16045376342221326,0.13645630307676723,0.1285304368066961,0.12844215799181188,0.12715389576463476,0.12112617103824512,0.11500294825926302
0.144950788843683,0.14402673747480862,0.14665423963021665,0.1575312229892399,0.17506846652194766,0.19450338120297558,0.2135787051821618,0.2295180195237132,0.23672607828671086,0.23092255058629782,0.21210180193236114,0.1818363546055151,0.1395387008797822,0.0828868690200712,0.00856192867695752,-0.09333279266243076,-0.24178678806011392,-0.4488377623050496,-0.6923129218550016,-0.904235688284968,-1.0,-0.9408889969347239,-0.7685363341912477,-0.5651787863790526,-0.38728798732521214,-0.24517484569937803,-0.12883075724662993,-0.03304612386446831,0.04090261212148684,0.09439374427936298,0.1349590813952493,0.17000782885552793,0.19935482816012742,0.2181278739359527,0.22657666169785864,0.2330513460053195,0.24648015706760015,0.2663884037398561,0.2815685916438565,0.27945848671205026,0.2549747280924254,0.2131602089541547,0.16833558519171615,0.13653403368932399,0.12393384511055848,0.12437722260485036,0.1285287100487167,0.1325667884886642,0.13691215905071205,0.14045104260646413
0.047310698764903014,0.05612589432675802,0.0790017321462148,0.11872730789575459,0.1660594352800649,0.20591072879743139,0.23017184538598154,0.23798638197883334,0.23108203879499778,0.21217865901457478,0.1811186622831734,0.13217755851228394,0.060755754747127,-0.02818287501533237,-0.12331969601795416,-0.22107380421858824,-0.3368105891389795,-0.49631904688842887,-0.7024533432859733,-0.9019627983847807,-1.0,-0.9331004892618038,-0.7294086375379942,-0.4838791040201842,-0.28192428623225785,-0.15362356984910863,-0.08182986226373828,-0.034295452769444915,0.012229869970991921,0.06510565432968335,0.11857684618961822,0.16325173113757854,0.1967339602428629,0.22427253549141904,0.25033407604509766,0.2705006447112392,0.27491071345601986,0.2629801918808099,0.2472224907265847,0.23821710192844847,0.23419771721414703,0.22850716981390343,0.22068883340346812,0.21619282624567446,0.21802800729447533,0.2231130821284652,0.2265013608405173,0.22533013679670474,0.21944966871207605,0.21323223839668431
0.10496903417734134,0.10661100049023857,0.12297774588515613,0.16006593140688916,0.20607448913966953,0.2440519641770424,0.2667651196140302,0.274210053459996,0.2647566808253547,0.2367315091240209,0.19479539100177082,0.14764051834932027,0.09895342987736967,0.04454789850997316,-0.022551085865608448,-0.11166890142367113,-0.23990025321390676,-0.4259895787788353,-0.6621993768456894,-0.8863052653252408,-1.0,-0.9423153230944536,-0.7444640692083335,-0.49797761113496897,-0.27963478691474114,-0.11742481065086548,-0.007852174419950621,0.059538967117096706,0.09585679789399235,0.1151295162151769,0.1303458088773194,0.14631106513717718,0.16045794510175126,0.17071243398839653,0.17953541631264133,0.1901308711143559,0.20162745530423173,0.20993264859336058,0.21237787832923127,0.20899837416205275,0.19995933394351936,0.18536666151820766,0.16709167482588477,0.14805932963178212,0.13113909365918794,0.11935722816711399,0.11386367942946003,0.1111485225061854,0.10658681312048122,0.10160495588948583
0.12399504976698053,0.12018457868153025,0.1074047791215301,0.08361778427895739,0.056088360502917774,0.036209576777412454,0.030787738452714652,0.04006766824009802,0.060355900514674994,0.0869464023197894,0.11568913256350848,0.14252563055683112,0.1623893840139575,0.16650292569037553,0.13794257831544315,0.0512832533599207,-0.11676733146230173,-0.36544128587353275,-0.6507006215792247,-0.8898585865854741,-1.0,-0.950991927573224,-0.7845870606597697,-0.5748999492984446,-0.37424853298205735,-0.1996451674711555,-0.05444320702907138,0.05549613455027179,0.12492831391457236,0.15723732899191514,0.1664003250555154,0.17056116591513573,0.18034238648429024,0.1939303087704175,0.20564274994870688,0.2143121050660887,0.22042186762479501,0.22352049332917903,0.2262192441112841,0.2317988670978557,0.23726912159533364,0.23727889763432836,0.2313802711651629,0.22148835295913374,0.208481611307899,0.19496936032231735,0.1854209521695257,0.1821561331084708,0.18382239686194718,0.1865145393734672
0.13182671357671585,0.13056344944495132,0.1340917484607779,0.1459248151195544,0.16432053871796115,0.1868037270130483,0.21153239069048635,0.23382000163809927,0.2459402684738103,0.241503323371288,0.21719171189967793,0.17205002758805774,0.10879863053122556,0.03367747173488043,-0.04917033965355273,-0.14577468128317195,-0.2749575620280923,-0.45633009619074844,-0.6821865940720943,-0.8936982821389694,-1.0,-0.9455614306811049,-0.759236930600749,-0.5261802785897675,-0.32132262479812357,-0.17407118689713977,-0.07537684979774675,-0.0026798986083984904,0.057954771333752195,0.10687191270014165,0.14143421080399515,0.16478626068194305,0.18479470873202666,0.20858802007203525,0.235027324051575,0.250735635079472,0.24028738228796245,0.20327915572798572,0.158229412816572,0.12857550367488751,0.1255562595873916,0.14410287898824525,0.17215029407036095,0.19936843528725728,0.21775490336693734,0.22185539044655958,0.21297002148796063,0.19941030709163485,0.18943807592224404,0.18533107286818426
0.2313350244901469,0.23325066384467272,0.2340428404793249,0.2309542642362881,0.22381557008659267,0.2154367566066971,0.21078100869717323,0.21372502372788912,0.22414702639499912,0.23822882142304194,0.24917158825984465,0.2474702512572341,0.22340054802460527,0.1721986178957277,0.09541542627249208,-0.009088966051216243,-0.1579908720768267,-0.3706088112598251,-0.6332681622307592,-0.8758652945939274,-1.0,-0.9497363056984955,-0.7576848727358778,-0.5149989947061606,-0.301737793194755,-0.147421475225228,-0.03979703989124481,0.04263604429052138,0.10629603289484191,0.1434222844455037,0.14612734155359458,0.11710713102922896,0.07243017897500705,0.034100128888132325,0.018991865737727282,0.033892462286374395,0.07272010789210082,0.11689815907212657,0.1479951149450224,0.16106449822012345,0.16148834828922914,0.15476635591394244,0.14472958440712508,0.13525789409807978,0.1286082657159125,0.12469180059743108,0.12190425829233456,0.11742232616909173,0.10969419268550572,0.10258077956863051
0.15805536627029648,0.14830319652594026,0.13850943318452588,0.13670366940178907,0.1413228150721559,0.14564197638778464,0.1460148414399887,0.14198927133497713,0.13269593217063141,0.11643506302882836,0.09114802762020402,0.05649265904722918,0.01617101540296079,-0.025692752883081676,-0.07228777677801158,-0.1392094560316991,-0.2517737111090748,-0.43025796409954514,-0.6634218951791052,-0.8864456159374579,-1.0,-0.9417687082673049,-0.7434345474110028,-0.5013935206040554,-0.29651886865407584,-0.15147681709822577,-0.04899951835582686,0.03237447021840396,0.10133611004132735,0.1534588303166517,0.17926660312580203,0.178672387917938,0.16940099744625653,0.17632685206729592,0.20858418809281284,0.25004364484127506,0.27694290539193384,0.2818443875423058,0.27528286035097355,0.26822010763482296,0.26187512472364416,0.2549271074324728,0.250049782845605,0.2466359833217166,0.23605882947391374,0.21169112153217484,0.17777927326360793,0.14605895593110152,0.1265660391218811,0.11980132288723812
0.1951897996174648,0.193524378877595,0.1917163087342903,0.19684872226757713,0.2128960033384576,0.2296707707717561,0.23135999263298823,0.21407672868237998,0.18760344073064103,0.16142478602945523,0.13614436919413161,0.10825913529876474,0.07369957820280053,0.02580905604863459,-0.043139715656612496,-0.1415088305921552,-0.281953274330038,-0.47560811223892524,-0.708173852559931,-0.9149740685727763,-1.0,-0.9122829161595747,-0.6990030428038791,-0.46140043562912414,-0.271615799692903,-0.14545073735385253,-0.06863116852518435,-0.0222017111038721,0.010248771525434545,0.040210936794876945,0.07296429443985303,0.10927653596482187,0.14602249747521645,0.17688788857826246,0.19517920001366174,0.197127848161804,0.18723010332710233,0.17882312358025115,0.1827103644279891,0.19682673586970145,0.21053530045581725,0.21688968111287532,0.21717319513458896,0.2152353757258891,0.21344416855794218,0.21221804973831002,0.20951610116491795,0.2042122608578261,0.19886746526195295,0.196120696622796
0.09884270031195748,0.11047883306836365,0.13059074593193465,0.151351744325361,0.16506657521928864,0.17055438835122827,0.17257894419905428,0.1764964059301399,0.18417886479194437,0.1938557877414483,0.20179499177766413,0.20297521355403192,0.19235855504199545,0.16676551582586455,0.12143292137122733,0.040184595018896416,-0.10630615767021255,-0.3373059950328645,-0.6243822464013887,-0.8798932675752534,-1.0,-0.9367081547708349,-0.7321991434400582,-0.4806216553658253,-0.26068214852883737,-0.10193103791144449,0.0035880887734219095,0.0738054025104061,0.12006714699264694,0.14646560397043262,0.15605609123716824,0.15518046628406654,0.1526720047699669,0.15589070257968973,0.16745667804630315,0.1841242458768293,0.19868690910726108,0.204982348768971,0.2020744030278823,0.1933544551111928,0.18198323508918682,0.1680095894762981,0.14917018234340743,0.12394754892422424,0.09447650726005537,0.065822061459316,0.04214389911107519,0.02435172230427757,0.011662563365434508,0.004551167846805432
0.0968080177753643,0.09978299987847256,0.11101357355588948,0.13261304042006394,0.15950588131432852,0.18523401564676636,0.20751861269601593,0.22580498429387458,0.23595111888760997,0.2297206600770321,0.20040864975153352,0.14931883225292453,0.08697206788983587,0.02709300615066453,-0.026600053329758004,-0.09359251168938082,-0.2121929814888665,-0.40999192222968095,-0.6662524091517253,-0.8983623684951896,-1.0,-0.9174484981451854,-0.6933329475786031,-0.42785734849745566,-0.20245989008661155,-0.04236692034050827,0.0656351857828237,0.14035395602478776,0.19153003323735465,0.22053614221072393,0.22669836629601997,0.21589517411903741,0.20160531008381524,0.19375304177090855,0.1892130421625295,0.17782809942095645,0.15694583350418356,0.13604835352084468,0.12633501956382717,0.1280792990237226,0.13085246864869218,0.12652826342753704,0.11792046686628525,0.112385714783354,0.11133988410157514,0.11010037551160895,0.10469092213638306,0.09520942281085493,0.08494258439858243,0.07828543103618123
0.012377546977349912,0.03798649532353019,0.08088699977571322,0.12459669350811259,0.15224672067638723,0.16032412118709685,0.16054757035748288,0.1636866060839443,0.16593973000808143,0.15703364112153403,0.13727613582148718,0.1174213246144295,0.10284782731553023,0.08473939713878895,0.045725359813461576,-0.032827729006545604,-0.17020024132626466,-0.3800315689088265,-0.6441412266061247,-0.8868372037935717,-1.0,-0.9247342885515204,-0.7066203977858578,-0.45466258889723504,-0.2520302973438564,-0.11437703641405475,-0.019126313413001517,0.04964899100749504,0.09260650063067409,0.11373530001950989,0.12833563784880386,0.15080982893692732,0.18230717616944872,0.21246625070174793,0.22978011147332936,0.23047278383020198,0.22107981618112485,0.21296584849501984,0.21332778554208323,0.22116578751407634,0.22987813031426194,0.23158089973492132,0.21923620762667106,0.1896386172103623,0.14988678211619633,0.11766662354276175,0.10701836262257387,0.11500694900152235,0.1278298576803166,0.1355084741238988
-0.07605828447927097,-0.06464537350644996,-0.04857892356148938,-0.04254739157373968,-0.056798331004755294,-0.08259332249990461,-0.10287849922205118,-0.11117416734374963,-0.11135330078740188,-0.1080027628429798,-0.1013416266419577,-0.088499704047923,-0.07078831529166969,-0.05948190329339683,-0.07195687320214056,-0.1259291671926459,-0.240596779620145,-0.42992590424700194,-0.6739768990557753,-0.8972459807128376,-1.0,-0.9300782307359267,-0.7210696166247854,-0.4568058563008441,-0.20817301774222272,-0.0039280084809595545,0.1579521589706469,0.28734530638028394,0.3862493436363059,0.44643537048921006,0.46231550897325796,0.4451500213889162,0.41821395686893165,0.3968769552754196,0.37997358459536684,0.36093066693998205,0.33861167210710663,0.3154625578652918,0.29327549764380145,0.2740524004371426,0.2592718760315813,0.24567639466781155,0.22664512242063473,0.19970943500636407,0.1703195521091544,0.1485838717465962,0.14314733369522276,0.1557119335113457,0.17786939284223005,0.19464832640941998
-0.08321734466288641,-0.06732800041037805,-0.04986118521462489,-0.041187616651170066,-0.03885963033504248,-0.03722266039993538,-0.035202810038405107,-0.03297374011838584,-0.027471477022331672,-0.014369682694113328,0.005522528732867676,0.023793353817884184,0.030158148727146582,0.018865886760814462,-0.012486989379081498,-0.07035461306702073,-0.1738088618296759,-0.3492276447658353,-0.5950336301436272,-0.8464208994320365,-1.0,-0.9905530549809299,-0.8360929489715456,-0.6099680069634782,-0.3844701540676364,-0.19662008339426157,-0.047956837911697,0.07525354344583626,0.1847545210816402,0.2857294056615623,0.375999779066506,0.44581080541123375,0.4850998877230002,0.49397349050495876,0.4825661660890257,0.4608764013056624,0.4319604625704614,0.3942601680863425,0.34730613493737067,0.2936015127183976,0.23840639774028088,0.19047732890349436,0.1586174145143067,0.1438152583692438,0.13860757373798022,0.13731485819507533,0.14316582590773133,0.1613677688205204,0.18719909478729407,0.2061841548374612
0.061715052264204054,0.06667168157622277,0.08795412117380351,0.13042961948681134,0.1807648149314795,0.2163101179070118,0.223964461483929,0.20932756652684978,0.18801090298832468,0.1684838620449464,0.14719075066659296,0.11847973162701635,0.07876602966996385,0.022545596640104415,-0.05587354053482446,-0.16041158515818404,-0.2994694483625806,-0.4850376031988247,-0.7085336431553713,-0.911406335630514,-1.0,-0.9172928703349471,-0.6966579467768298,-0.43086058446181524,-0.19933435428216945,-0.03279755113122032,0.07451030720459363,0.14109243575715347,0.1825648183275182,0.2053876187061529,0.2112700614709515,0.20727560090586705,0.20614606769989582,0.21363222001981913,0.22276408206027945,0.22228386468961392,0.20413267720910466,0.16697743597399237,0.1211559694053636,0.08782312752253696,0.08453397990788906,0.10840498302325957,0.1384027996769029,0.1558339295247298,0.15835237144994968,0.15618625618053947,0.16023352567495852,0.17359609600739043,0.19106649647712765,0.2034344291644306
0.19726651339315426,0.19069111272594647,0.1765657285419316,0.15823019591926413,0.1419536932414816,0.13270897972377704,0.13372161993900517,0.14495011485498663,0.16139268551318128,0.17621429790485313,0.18483974326109842,0.1843866055680625,0.17164333932671838,0.14450254050492423,0.10076816374663018,0.027937678500590975,-0.1030026041878016,-0.31827056849348234,-0.6000428281560379,-0.8641469687757751,-1.0,-0.9526511531526686,-0.7619594276948018,-0.5184518836218641,-0.29480356471762625,-0.11918293962360871,0.010462488774449488,0.10414070293970339,0.16763602220869553,0.20369308311512668,0.2186835343112339,0.22154505309823216,0.21754801538609336,0.20835389633259152,0.19585442425909402,0.18135800655519146,0.16230571317807965,0.13508883225344898,0.1027188256981879,0.07489398952266783,0.05868694111411223,0.05275386055060044,0.051638281330565236,0.053162321254479145,0.060524420088431764,0.07729383244510327,0.1018090305842525,0.12844219247101024,0.15131385064737554,0.16483160763933427
0.08315311682522557,0.08311201464019903,0.08549973836437985,0.09263050827637281,0.10402009540099569,0.11708130507350119,0.12980188072082513,0.14178798398330725,0.15349753779780098,0.16537235468701328,0.17721546876352726,0.18769182050116637,0.19425583166589644,0.19212241187209642,0.1696291122052258,0.10260913672674607,-0.04155482089547304,-0.28085123026113884,-0.5844280519889438,-0.8606942233303126,-1.0,-0.9498055414863186,-0.7496684542773996,-0.49166686680794125,-0.25566790453528837,-0.07870870723469342,0.037591775151306274,0.10776540131168635,0.14792971721272524,0.16897667072334702,0.17646274153714023,0.17425563786410428,0.1673425318197006,0.16121803500535153,0.15903495858898656,0.1602270138822865,0.16232906414382747,0.1630735074769697,0.16072888953573256,0.1538310787439747,0.14166625993933354,0.12563769011182827,0.10943937895479884,0.09679964277181538,0.08959334502342066,0.08785334120442793,0.08965868083931433,0.09148045186235142,0.09105601902289054,0.08961365058591096
0.08208420827440838,0.08214421472304415,0.08722911425586749,0.100247485856541,0.11896804796385102,0.13909368590327964,0.15712395249543007,0.17155069093750452,0.1821055707053779,0.18754678466180466,0.18629936221857804,0.1785660346096124,0.16407623250808057,0.13684358259705262,0.08325982170150219,-0.015888929120476247,-0.17999144728330693,-0.4140704271558179,-0.6856633521681249,-0.9137611803379833,-1.0,-0.8972318605284881,-0.6506821078570918,-0.36314841022424027,-0.12428762662266421,0.02942292573111716,0.10841841694051339,0.14222813662644113,0.15598187821698406,0.16183690822313423,0.16330675822014967,0.16234481080377564,0.16065240899473837,0.1578959443497502,0.1528358094625504,0.14563932492845677,0.13751701265854685,0.12973246383454604,0.12325881918442054,0.11761379012267911,0.1108555770769662,0.10229764813871908,0.09505543632887771,0.0943531731108092,0.10173453868843833,0.11249260796439052,0.12127007803258642,0.1278007141902132,0.1341104254453977,0.1389309446120572
0.08788558002105415,0.09040469767461694,0.0952867061687732,0.10297887849025558,0.11350835919597559,0.12554443332787196,0.1383880111161096,0.15261164185984874,0.1673347467876107,0.17988765734865442,0.18899623368009338,0.19546406282330578,0.19875254522316776,0.192774385335176,0.16323074699182893,0.08712020601799203,-0.06274420042149746,-0.3003657655933059,-0.5969876308583567,-0.8662318015724575,-1.0,-0.9431831439862658,-0.7348100331060987,-0.4717319676941575,-0.2396134033931957,-0.07570247637163358,0.024344737332406358,0.08131389692257356,0.11361878369482362,0.13201066424381416,0.1423217040128732,0.14883025097809044,0.15448237660824835,0.15944422453712873,0.1620180374990997,0.16227788501725127,0.1633980466566306,0.1676100834440553,0.17286529347114837,0.17532953708671303,0.17249944141133047,0.16313320026811906,0.14714899906795384,0.1266879139330456,0.10568391616637854,0.08754246060928193,0.07369002914987664,0.06389627507880577,0.05731299959922862,0.053740774145756766
0.08596001707372455,0.0911212892042636,0.09910220980109359,0.1049046869275251,0.10589631670717556,0.1051393478273337,0.10990923247690312,0.1267417572670594,0.1535871627360089,0.1786513660348058,0.1916949123232584,0.1935726035751166,0.19008260669101693,0.17875975927178123,0.14349766727543814,0.0585830134969204,-0.10057821415868454,-0.33945522965611735,-0.6236950037946876,-0.8741671185015898,-1.0,-0.9588648485441295,-0.7876943407282588,-0.5678609084555382,-0.36583955435258914,-0.20725055516276394,-0.08986325690513629,-0.0059193882198206454,0.049400837255853786,0.08171519088193943,0.10040007963120129,0.11669796907275182,0.13885535210643604,0.16691339530436655,0.1942006590148656,0.21560431346028586,0.2303996768630497,0.23731877935003498,0.23377810842265936,0.22188797859533654,0.20968370878896175,0.20368451276411384,0.20321008267351814,0.20271473951319374,0.1973146960613536,0.18591654865201204,0.17113431035801746,0.1569502719259716,0.14610274537243584,0.14010051372153146
0.059102696613012,0.058028336833975375,0.05329987431872572,0.0457781020265532,0.04076683944805274,0.042033500102620074,0.04813780556914706,0.05516305218295619,0.06060747328645949,0.06475087744569387,0.07048593869608194,0.08252389930192361,0.10592572519940499,0.1424841858996846,0.18191323427301173,0.1891463528761592,0.10406121319097088,-0.12225123284975731,-0.46548360766322655,-0.8065819390782762,-1.0,-0.9784047533039792,-0.7875980024457198,-0.5280539457389122,-0.28066295448988354,-0.08143800423913433,0.06415721797948173,0.1625861410635168,0.22356780265827583,0.25751793359849634,0.2734764750835039,0.27734034150127956,0.2721512227344566,0.25944109839399093,0.24055175658841407,0.21784047831292025,0.19440007021158678,0.1723420993893374,0.1522465162626258,0.13381800343944586,0.11647420199731601,0.1004064556695363,0.08684802319741909,0.0764806049784542,0.0687606131408739,0.0630838721613092,0.059315786901042195,0.0575076566176078,0.057559818474324245,0.05839114218924187
0.06752507368337875,0.06560581015846453,0.06663837342199826,0.0743585408471002,0.08898238597713945,0.10886104684002817,0.13054879150174573,0.14865461226969964,0.15896527647478506,0.16226676210732305,0.16367751857791013,0.16695925509540033,0.1694417846514995,0.16147530689399162,0.12701535057005015,0.04341454728680547,-0.11308010371013436,-0.34996595612925,-0.6343643034209809,-0.8837318285128115,-1.0,-0.9376956086917866,-0.7382787953898561,-0.48977389623564954,-0.2631065012116518,-0.08821075938117887,0.03289830688624797,0.10898156271688805,0.1521411077090156,0.17467690583866133,0.18598751829036053,0.19189056241678284,0.19581399547602224,0.19914964286464412,0.20166793605723915,0.2028692267700666,0.20272851316623014,0.20120746681896562,0.19795142696352153,0.192967102734405,0.18666042854293813,0.17830809294165836,0.16562692496316495,0.1472457511202858,0.12486521546804413,0.1022908028252922,0.08255123870577709,0.06621734946396948,0.05334017173085456,0.04578006585494389
0.18520612296718567,0.18696417451238986,0.19324301131381783,0.20258059644219462,0.20994439578042168,0.2131141454507255,0.2137656277452844,0.2119864231087093,0.20361111799614004,0.18500838922134666,0.1584758043558979,0.13069981143372789,0.10404614764156216,0.0695248146944572,0.009150228624874981,-0.0950550745359446,-0.2533633321281153,-0.4644446576281309,-0.7046529128837355,-0.9115668068046274,-1.0,-0.9249897566343875,-0.7253054104624583,-0.4894037278183018,-0.28731834137490875,-0.1415317010851214,-0.0443157953316272,0.01888256128796911,0.06160789940274384,0.09315779713313445,0.11588358533415602,0.1301223014506106,0.14001355893082368,0.1509539158925743,0.16428550675287362,0.17734833411934403,0.18735686224438663,0.1926012520476584,0.19069953821272023,0.17987956313889075,0.1626021011537702,0.14511436053384535,0.13342743648563496,0.1307746698237223,0.1379767488709106,0.15501720277478367,0.1812249425169617,0.21305346656985122,0.24250365724579426,0.2601394434754649
0.1136975229648393,0.10717245902055687,0.10121170438895159,0.10549047254854071,0.12248666704903462,0.14462354514237385,0.1617847431398578,0.16789825259259597,0.16397116263016145,0.15822705204034884,0.15891657708961268,0.1651268355212587,0.1666491132748105,0.1500933961250809,0.10154626244286377,0.005920897381659005,-0.15073401885461615,-0.37288695464820903,-0.637451145660108,-0.8766749276638933,-1.0,-0.9592823760594218,-0.7883842806121609,-0.5680504353867499,-0.3628730928368513,-0.19588884448712054,-0.06328727024084849,0.04227310153132828,0.12060041189976091,0.169524413269913,0.19385531073641174,0.20306808098425036,0.20452488667873175,0.20318363039642273,0.20294750473499765,0.20516926593478577,0.20891328358076566,0.21376322056395453,0.21983375224007382,0.22469062276540147,0.22352626513719942,0.21388653204626898,0.19840512410187083,0.1812667873115121,0.16297441434983914,0.14088413259593047,0.11503544419304904,0.09079150223889633,0.07435995812475503,0.0672190376813142
0.08152946258129358,0.09117612268132297,0.11103657686137344,0.13700439368358458,0.15905706151424914,0.16900772960476101,0.16637901150594006,0.15684056332666432,0.14827972408585544,0.1453159414556424,0.14538979401051538,0.1401733115625441,0.11984512595283114,0.07684477939517702,0.005931472158715113,-0.09970967190349443,-0.2506497715435829,-0.4539266924684157,-0.6918921447031179,-0.9026543973136586,-1.0,-0.9381646631661662,-0.753126723169086,-0.5264421835447678,-0.3211739573501593,-0.1600974970964534,-0.04126246605091984,0.04528112823334486,0.10849922516285762,0.1530213116005478,0.18266313521462235,0.20436226394971688,0.2257416481727151,0.24896598357002958,0.26817478257038,0.27406433700000377,0.26107715437770124,0.23129969107785955,0.19431389219214987,0.16273352175101025,0.14559851772217758,0.14518287461807594,0.15786763562614847,0.17539489000553204,0.18810357751978915,0.19137252146562841,0.18782280764147627,0.18216181260560865,0.17719741769223468,0.17438896815974253
0.12259766902973968,0.12448721702292258,0.13055095759927915,0.13874533458075639,0.14420485662220744,0.14465330312912097,0.1404994544865697,0.13378879107470903,0.12816280267704241,0.12553107772934896,0.12258428842228894,0.11280706640652122,0.09089093342719672,0.05403880759627269,-0.001369720963796571,-0.0863654683312423,-0.22156782937922775,-0.4231184355328135,-0.6727275468694902,-0.8977576900778809,-1.0,-0.9293937551073548,-0.7272846236304251,-0.48562546673011736,-0.27541552795775676,-0.11979778200439088,-0.012097493492651204,0.06133548829488329,0.11191944136051346,0.14625345276892565,0.16555620619029657,0.17116207666477876,0.17070250742494877,0.174684754990535,0.1878644058457172,0.20653986544461841,0.22239608682759512,0.2287162262489979,0.22542683279510764,0.2171820116932455,0.2069776152553202,0.19492996243136626,0.18293477069401415,0.17660985868680606,0.17910761964577446,0.18518394733451551,0.1867750433339327,0.1827662187428282,0.17807958945429206,0.17587479814415838
0.16734087366949896,0.1650560499344617,0.1571633168541653,0.14462050753042913,0.13259588001164502,0.12299282679187584,0.11339085110769251,0.10229290357398559,0.09181144196450552,0.08553414200384378,0.08331314571245295,0.07748246340466379,0.05647426670888314,0.012210521468665596,-0.05931551395485367,-0.1637503457497512,-0.310549234853411,-0.5048563045485597,-0.7277352804026703,-0.9195468737692434,-1.0,-0.9284676419980571,-0.7416960921422171,-0.5191449747260345,-0.3209999321590754,-0.1661781647763575,-0.04845653050965121,0.04491966891697539,0.12285354080656533,0.18565963890849,0.22751929522401387,0.24359874225211992,0.23684315288057617,0.22059902918202567,0.2126156534405447,0.22251255646126997,0.24464409221994748,0.2640080576576962,0.26872578403626957,0.25721158327255866,0.23611407886883695,0.2142152075565844,0.19863253606139133,0.19348637883719857,0.19836876462237443,0.20894523547904637,0.2197619217603229,0.22613042160086141,0.22656667812508924,0.2244856806823546
0.047491617199473694,0.058669054284712426,0.07294093296221663,0.08523674203954644,0.10234328403910581,0.13494698855984927,0.1802285173748374,0.22291116364860844,0.25307272949179954,0.27118616705106874,0.2797619240281193,0.27928778392691367,0.26824738260842856,0.24074156477046255,0.1840460160326548,0.0787440933265149,-0.0954919026199671,-0.3437439177196072,-0.6338402044684203,-0.8855822802319704,-1.0,-0.92925820325569,-0.7178885375347989,-0.4638085479596404,-0.24806509075488706,-0.10055323159585235,-0.009981920237958356,0.047014143639948956,0.08420151023093843,0.10653327938744402,0.1221662922187343,0.1433928931950473,0.17635619415630896,0.21398938086056454,0.2410197196177886,0.24655407115724698,0.22921123732289833,0.19575901540948293,0.16063674574168513,0.13846061195023315,0.1304459188458035,0.12245793173486395,0.10125690498788087,0.0704319443692815,0.04506994845181134,0.03248098143892888,0.026106220205155573,0.018369805889261816,0.010364086204307921,0.006079038018862657
0.13291186538696587,0.13391910348276562,0.14208996291913248,0.16456507737510515,0.19965072110180146,0.23351861902629892,0.24808722748804998,0.23495613345776276,0.20363981626007932,0.17195518850459482,0.14605362168918726,0.11493516538617068,0.06597860430282677,-0.0014996532440428238,-0.0810922339939771,-0.17480100030954543,-0.30175632866813173,-0.48459117169659915,-0.7132666155443944,-0.9184986340893626,-1.0,-0.9048680459091459,-0.6772438621500909,-0.419586330194188,-0.21598020437793886,-0.09450927570066105,-0.03488248927644394,0.0011807449697493243,0.0366553817125974,0.07022406904219983,0.09395065073399875,0.10885075257296217,0.1238061195470319,0.14740911828483508,0.18234792324323135,0.2255512889461438,0.2709788501886721,0.3082049758685599,0.32341803615905157,0.3098156808915249,0.27286046088478116,0.22364019782391992,0.17513297840789635,0.14345909392854897,0.13903670382611805,0.15189227851387294,0.1577114405175385,0.1436909550940998,0.11910875057276196,0.10138828704368548
0.09443341438898549,0.11048563197763347,0.14247047847009878,0.18376427925113237,0.22131025845036645,0.24461310637726869,0.2525539920350911,0.2514597179948967,0.24773853754510614,0.24147079092175414,0.2265980296340883,0.19793005752014212,0.1569556578407703,0.108813237784842,0.05108892576768979,-0.03514625959084435,-0.17890383813450805,-0.3956178412527574,-0.6593643832996767,-0.8930179468709659,-1.0,-0.9314401002533559,-0.7272204904846411,-0.4823814661906475,-0.2772196502060711,-0.1399260323131574,-0.05871482635477059,-0.011615332881982415,0.018385213639752745,0.04392982629290391,0.0739428688275372,0.10931582831908625,0.14157449330412816,0.16133050914247002,0.16840366585374666,0.1698147304904246,0.16964721727674403,0.16703105990298822,0.16309571580031657,0.16213511481688242,0.16485330999015813,0.16696612646872425,0.16520943527145932,0.1603841330832821,0.15477514809800152,0.14924212895988997,0.14347888091461078,0.13809268701818464,0.13443064392810058,0.132843314474121
0.047222653165517055,0.06965103734346355,0.10678562920193188,0.14481055706471968,0.17055504913043412,0.1789736506133255,0.17059680077491843,0.1460993921215873,0.10952455764664726,0.07253733334061689,0.049096944392639584,0.04403790101166925,0.04745519326232967,0.0411914594936266,0.009194021890568095,-0.06204523079929696,-0.1905612514963594,-0.39258895200780586,-0.6513211291974161,-0.8899167644569266,-1.0,-0.922374663567589,-0.6979946112563492,-0.4318817032986523,-0.21497667558602424,-0.07941494431387161,-0.0073695124510345465,0.03608142463361115,0.07607337467803954,0.1177909920208592,0.1528730396363859,0.17332599970823745,0.17983220806304936,0.17959912544435588,0.18023356598401583,0.18667425070164567,0.20038104013049968,0.21891868239822768,0.23753782889276062,0.25125293988959907,0.2566001581596154,0.25370568309430286,0.24446336024460136,0.22857229048796596,0.20536581415429345,0.17838398102587802,0.155223385826287,0.1421453294732769,0.138623415893321,0.13905536743650146
0.14834431650479865,0.17260620444275426,0.20168173507718204,0.21537757185061265,0.2095636519264221,0.19742122809305568,0.19446278900148115,0.20168790760924982,0.20676096436689598,0.2009781571751374,0.1878212270255635,0.17340377885388247,0.15407621887623574,0.11533222070367558,0.0418271181243237,-0.074374466830874,-0.2372692751769246,-0.44914563416687564,-0.691690862240426,-0.903015684541251,-1.0,-0.9445040137589165,-0.7750969844369754,-0.5648826954108404,-0.36681952539026386,-0.20102622237329643,-0.06879824957841524,0.03491626467651511,0.11688594641671775,0.18200671164974955,0.22751182920394442,0.24512004300761167,0.23477429682087325,0.21271766545954304,0.1996209612734991,0.20148447665435068,0.20766079904259632,0.20559773762568256,0.1914511022602487,0.17088473970730522,0.15490015295587,0.15025870978555456,0.1521837901302842,0.14990272900988294,0.13764328828369393,0.11834337693230954,0.09991568176143782,0.08891870249842236,0.08595961424516672,0.08661990487252881
0.17619050452153764,0.17218854212681156,0.1677442417459824,0.16715420422308835,0.17296955924561508,0.185222774039833,0.20140053821009415,0.21708943556581756,0.2257696404396021,0.21908540261914425,0.19246805949686824,0.15121787076415977,0.10537106063886859,0.05669238895289064,-0.006137454579382087,-0.10076516087526466,-0.2439548700071536,-0.4452699829063384,-0.6878381844887465,-0.9048066443001906,-1.0,-0.9238635940120533,-0.721842195918491,-0.4895820404033006,-0.2954642963952154,-0.15640949866265097,-0.06023522993386873,0.011876439056615293,0.07479450988004534,0.1330435061784946,0.18059734148256695,0.21141059137219154,0.22873263710322617,0.23989778961979852,0.2467375426568545,0.2450080083991015,0.229763722524279,0.2007991792725355,0.1640752519921524,0.12733560319639864,0.09686630575128105,0.07846871098932842,0.07566059279785363,0.08658219474498507,0.1081550739443517,0.1389227194035826,0.17144630750225048,0.19179928817926473,0.19439373990187397,0.18923787394331132
0.05483683703343948,0.06371197462791867,0.07798598800894542,0.09325586577023508,0.10925321569675829,0.13315915752070764,0.1731710775352891,0.226221256730934,0.2750043023841465,0.29995755820049114,0.29314196235182693,0.25986412435052325,0.21035282523016408,0.15166094170403685,0.08258352398089745,-0.011055501783699843,-0.15562337151908892,-0.3714393426929405,-0.6398023916480569,-0.8836649713136993,-1.0,-0.9376263439304747,-0.7404323819736479,-0.5043099785696384,-0.30533262542719525,-0.17047375289552097,-0.08958912965510933,-0.03712083551220873,0.009088299226235625,0.05627033922043096,0.10014349027984001,0.13679909234064808,0.16598331743149303,0.1861317947809842,0.19425519128224175,0.19179671962211117,0.18684946642578487,0.18860290697351356,0.1998192351684396,0.21463974999394925,0.22300184632284442,0.2175743713666518,0.1985734129578243,0.17428328824927408,0.15459732508132562,0.14110130885870692,0.1269384104927226,0.1080024818204599,0.08935234949296263,0.07850561840652218
0.19343636250126306,0.2065502235798792,0.22231306601053333,0.22791448033375003,0.222661985818447,0.2177883248486687,0.22145979106379415,0.23194482509402212,0.24004145451975345,0.23206742653538667,0.19797662803371915,0.1419888493648267,0.08103621003140118,0.02969694725848728,-0.013923013706481278,-0.07342472137689793,-0.18720585201582252,-0.3827072963489653,-0.6407158247386879,-0.8812641050101939,-1.0,-0.9428857940636262,-0.7500349514826494,-0.5167380638233166,-0.31782622170364155,-0.17442662357001817,-0.07219077008608615,0.009482026835016243,0.08011234504834865,0.13523233039824503,0.16755767792228352,0.180318996775156,0.1845811707589439,0.18479895604807353,0.17661548765326118,0.15898147306730886,0.13843729391818982,0.12236496815885109,0.11564963430271874,0.12020834936134141,0.13233516763530873,0.14475491886420586,0.1524856698276728,0.15319053430897078,0.14688095571109352,0.13929297477927063,0.13958973177719436,0.15160051469568972,0.16952455964139326,0.1824709254439174
0.09459474351921787,0.095334940545531,0.0961365025953039,0.0959461252778846,0.09884839923971235,0.11287649583462672,0.1415335110010604,0.1800296859780668,0.21762706903105003,0.24025239837275453,0.23347600280656017,0.18872233928544588,0.10996912166304815,0.013062087473170484,-0.08551589023223606,-0.18332954940366228,-0.3000291263596462,-0.4663153816323489,-0.6860858066518886,-0.8988862595559487,-1.0,-0.9248104067304275,-0.7096858297094316,-0.4563463611592151,-0.2495607708826535,-0.11602163834978434,-0.03775527192273901,0.016067154080224258,0.06798436962835469,0.12640134652165144,0.18734606583885483,0.2417879463518683,0.2835576637599391,0.30848131790866307,0.3121633131892107,0.2962697405449479,0.27283474515136746,0.2554929293952521,0.24841789698250563,0.2457105309170992,0.23704588754695535,0.21658639276578479,0.19137335335420458,0.17374611398887208,0.16296349787176861,0.14417763130901695,0.10786687563044133,0.06296418846179588,0.027133141249798598,0.009560767517972012
0.19788620845066965,0.1984482988457,0.2012733860503108,0.2095540427055318,0.22043548816496494,0.22369880858233826,0.21539858075999355,0.20555895721582973,0.20632415740777812,0.21532434794996508,0.21432179112334884,0.1853336343707175,0.12690549321346983,0.052022538695754086,-0.03063812595806135,-0.13057455025793646,-0.2697187507837686,-0.4630399072723672,-0.6950643877571369,-0.9034411584369391,-1.0,-0.9369082378733907,-0.7515518817627759,-0.5329763964810776,-0.3524663711655668,-0.23040867462738018,-0.15221096145867294,-0.0971899109011708,-0.05017505503200939,-0.0010414327430615137,0.05208631333025829,0.10008088847090775,0.13037566183617358,0.14026442619725646,0.1412301749250255,0.1479245274958634,0.1672249416336284,0.1993276228033343,0.23886088772980887,0.2722428188399864,0.2843691519842075,0.2722164564357402,0.24789296772337155,0.22661866336418274,0.21488355071987836,0.210976101322558,0.21181034356657985,0.2160991145597806,0.22260241025679406,0.227833045779607
0.1833024727687165,0.18344061657525468,0.17667308801633852,0.1606506255077911,0.14528046129895458,0.14033084592197959,0.14256678016786048,0.14205891747005303,0.13349297549691294,0.11912557791332225,0.10487480975769341,0.09276444471578023,0.07667189283482985,0.04543762751206729,-0.012876526829351673,-0.11018292121973501,-0.2581721416520508,-0.4618287693012539,-0.7003670856047676,-0.9091868651812804,-1.0,-0.9253843225502382,-0.7228651707720267,-0.4830636378492967,-0.28138991497897686,-0.1431213721689149,-0.05407961169079122,0.012223060809600887,0.07378004574160689,0.13215593113383356,0.17863487510499726,0.20708430544613815,0.21885749949191707,0.21885539049302027,0.21234177233105014,0.2043345463222071,0.19943255227712742,0.20159095393498716,0.2122877931629595,0.22744052549000704,0.2384102533703831,0.23888833685160007,0.22977737446680782,0.21666477720766758,0.2034578350194929,0.18901163251296876,0.17131135109627366,0.15333232836281704,0.14071228110049322,0.1352617821131722
0.1285500618462268,0.13471198900279746,0.15225601131434077,0.1820348341189715,0.2139495447871128,0.23355909932364516,0.23442611476390182,0.22086452287974348,0.20111657408234498,0.18043584532908297,0.1584421118848222,0.13163828428585297,0.0978468837566656,0.056013068061179165,0.0009568016684347553,-0.08229297976850973,-0.21731621159178788,-0.4203183809042789,-0.6715726827671775,-0.897489466890071,-1.0,-0.9298853760571794,-0.7290457165596158,-0.48885971076117485,-0.27817415916770655,-0.11753067457484558,-0.0003644553938001327,0.08274109732044446,0.13840695290596497,0.17444443503312404,0.19888770448487117,0.21413148938230295,0.21630467892855715,0.2014802320875289,0.17225088488870577,0.13909346533971892,0.11540681546330905,0.11002439048344372,0.1220447457461098,0.1419947920300269,0.1592163183690036,0.1690957249527536,0.17424975383414731,0.17882625648892214,0.18136890590222118,0.17469203884382933,0.15386523163151924,0.12276887503183558,0.09195980665895011,0.07279347152373457
0.1267644963000646,0.12970633998258427,0.1293231343158898,0.12131906439223017,0.11037275559759539,0.10579794377081016,0.11111740403430011,0.12239060317332583,0.13618867000319834,0.15464214781978228,0.18030887415292962,0.20753908764123438,0.22266010074827305,0.21145963198497708,0.1613319405739994,0.058058552200943046,-0.11305953149069964,-0.35552292176822736,-0.6390333403415737,-0.8856238884627995,-1.0,-0.938848724758131,-0.7469444228822346,-0.51327242915936,-0.3025163575366665,-0.13388050515696254,-0.002417690717525706,0.1003959298878587,0.18051290881642368,0.23857510232871784,0.27088998143230436,0.276758326140951,0.2616094455340298,0.23406343694621512,0.20452611459360817,0.18342762093915516,0.17586336062409977,0.17815944903447553,0.18093362110707417,0.1748406022422547,0.1553809086742472,0.12563349761364598,0.09416862039325599,0.06844670998520196,0.0501232949378236,0.03736598573044624,0.030105411464417763,0.03090620446794207,0.0399166795822112,0.049535853105683224
0.0704698565608261,0.07574592916133771,0.08678573887090524,0.10209772283703546,0.11822367409101744,0.13228764315312064,0.14420488259964084,0.15584516423028977,0.16804232373493194,0.18026510815662405,0.19233976258096677,0.20380087082737822,0.21206094373010057,0.21143780717408173,0.1914997303004718,0.13249836543918286,0.001588478680036256,-0.23045391601527448,-0.5438107612766739,-0.8421665081858098,-1.0,-0.9557619529203211,-0.7535633508654584,-0.4947263019734686,-0.26299303069262164,-0.09297838186209555,0.0165198598067997,0.07978447340546237,0.11198972571411205,0.12537616792157652,0.12849686975550112,0.12712856144891627,0.12607028822119326,0.12986893382288076,0.14089613844841353,0.1571396229562365,0.17299091609900077,0.1818608214742826,0.1790200141110253,0.16489766822213506,0.1454146061553518,0.1267688815845028,0.11141838429441352,0.0996523612666806,0.09095963221398348,0.08364770139691305,0.07695917024363816,0.07283704634245555,0.07284497079526563,0.07471738596303547
0.12051064593271213,0.1239620608297476,0.12436089971640478,0.11492295452929584,0.09699599564996765,0.07876159923306952,0.06298216703085842,0.04064189675820804,0.0011741282467837362,-0.05393184778634962,-0.11231343702805358,-0.16360029576579152,-0.20699892254532792,-0.24780698955750433,-0.2933585373843724,-0.3552766619735785,-0.4511670776251004,-0.5948458612967851,-0.7731248069628235,-0.9318045652581076,-1.0,-0.9385589289191099,-0.7638512805512736,-0.5288468087209226,-0.2889684146205095,-0.08028314097236278,0.08490626937638229,0.21014124703438963,0.30318510531570664,0.36959110815190604,0.4129244205887738,0.4360001293756251,0.44035930323153216,0.42784649028194216,0.40485877687912536,0.38269510716157823,0.3712571491423332,0.3725913903082427,0.3802851099425819,0.3837941590941007,0.37395792133597316,0.3465405515580722,0.302499784813212,0.24719406167536973,0.19054284089357656,0.14502417720515007,0.11859154823135297,0.10830472010879723,0.1047240461816654,0.10260981115353568
0.10534838199726194,0.10413916287034201,0.10379342068326608,0.1062950097735978,0.1118440444341022,0.11943239750743943,0.12843945810802823,0.13836910130188526,0.1473427453921005,0.1528949487229991,0.15472205109997414,0.15542864892073693,0.15767825913433628,0.15908338998026722,0.14594445510288678,0.08948464799455512,-0.04655558087059986,-0.2806181323663203,-0.580808680834222,-0.8563707210809387,-1.0,-0.9593499258947311,-0.7700818202783869,-0.5190438263842292,-0.2843719239121072,-0.10541410797756376,0.013612091947463722,0.08618433512232641,0.12834466359885655,0.15234488676145963,0.1661377485407584,0.1740204080122443,0.17707691217669283,0.17462183242864507,0.16710570629685365,0.1576010953702566,0.1494291084110867,0.1441504514520588,0.1435859592355112,0.15000230910976398,0.16156107358790617,0.1710584025511181,0.1713085303443176,0.1602096624209315,0.14108911755243647,0.12042804484484369,0.10520474411713479,0.09955257091311336,0.10187251289289073,0.10587242888665004
0.06494519950468744,0.06340014250018067,0.05996038156263337,0.053913019106861075,0.04616134550010137,0.03961997131606069,0.036459885032426566,0.037417867120396055,0.04341821445540838,0.05489513548418228,0.07033318025244971,0.08748375299044797,0.10561378555118713,0.12527441523783558,0.14170471182255423,0.13066184633774586,0.041275636457938705,-0.17543506415725152,-0.5031289545502502,-0.8276073895210742,-1.0,-0.9499615881456918,-0.7301639356304309,-0.4558119935333657,-0.21824432912923747,-0.04930553474928467,0.06183948509108793,0.13716822326652237,0.1907713732983743,0.2270317520728631,0.24703517137855505,0.2532409093816246,0.2498239290029743,0.24130699906594685,0.23135630563061,0.2219758010486176,0.21321908756436314,0.20363223747136638,0.19127377746059035,0.17507470178629994,0.15605006939296973,0.13690144409843752,0.11984771585406578,0.10484157919335302,0.09021524797751167,0.07504710258402263,0.060239137265633735,0.04751040567256198,0.03827985703391897,0.033437986591218445
0.11721404957721636,0.1122119143934771,0.10661928574401366,0.10440894264638452,0.10702406984014508,0.11516408830672763,0.1288517134362034,0.14543114708157692,0.15969772800015436,0.16714378235805222,0.16702452637377865,0.16189058360937883,0.15350756662316048,0.13700125817439462,0.09694910466960652,0.009923047262798208,-0.14589965538125652,-0.37574119813586465,-0.6489656022012337,-0.888742221869241,-1.0,-0.9349088941897066,-0.73252066804722,-0.48335877337024574,-0.2622420141625187,-0.09868501308650741,0.01004685737631931,0.07812505026550753,0.12044290180162498,0.1485003589154567,0.16852374970825376,0.18280761338768006,0.19222427761247488,0.1963285931134293,0.193809277215219,0.1851639435362828,0.1733479944193152,0.16155535868692059,0.1524973109588182,0.148819771841406,0.1514672503330615,0.15803885077829327,0.1639285548525496,0.16541816471252677,0.16234488656274737,0.1567353190995879,0.14849977351945787,0.13555371568370436,0.11937186678250764,0.10744979118358086
0.07700659640298313,0.07903757584759578,0.08661937399829205,0.09850481840198248,0.10789148373320942,0.112720535742363,0.1177976869992931,0.12533462219466218,0.1331914970615484,0.1421701115330955,0.15697354367951438,0.17937707953836426,0.2041448943638021,0.22139369594151484,0.21871268268730018,0.17610415578976,0.05871004701716186,-0.16961103182252815,-0.49590918096750963,-0.8191813885136608,-1.0,-0.9693972771638739,-0.7748522953778949,-0.5231878987465595,-0.3006733595932342,-0.1409944330105608,-0.03755121942595652,0.03104092119377715,0.08234747977959446,0.12393720897022606,0.1557174480113129,0.1755499333583348,0.18354200813597998,0.1819474442573832,0.17336504387852303,0.16065407620214664,0.14683483376666073,0.13378987775787693,0.12261339078428236,0.11561551298840295,0.1155622539792884,0.1223578052979609,0.13259745662034786,0.14187484727929936,0.14543964450145774,0.1386789197526925,0.12050261126429083,0.09604079863888207,0.07406493903339166,0.061593228237223234
0.15497663938400122,0.17669278976253538,0.20999069680634525,0.24415659757330727,0.27301987449403925,0.2890790496554151,0.2859499334346883,0.26763585156272945,0.24490295172433085,0.22513829896996584,0.21019134214327453,0.19721430243436405,0.17707882035076034,0.13728283322268695,0.0686068636241313,-0.036848377008751605,-0.19319821736643528,-0.4113722908909933,-0.669450897735419,-0.8959152825613828,-1.0,-0.9370133878637299,-0.7444902013665332,-0.5067429817789355,-0.2938259811460623,-0.13746812375093018,-0.03942451160493232,0.01634726407217569,0.051429418697247035,0.08070281700597222,0.1083801117470344,0.13109950319241953,0.14266100261849549,0.13904455414081496,0.12069204940123379,0.09327666155451078,0.06803340005108757,0.056293754608753445,0.06119098451510278,0.07801305324766017,0.10223746061585998,0.13112299423902035,0.15700360526310395,0.1694105706583219,0.16838638786913496,0.16541457377431462,0.16717747830718402,0.16888084812757395,0.16576892720299485,0.16126598702151357
0.04225935337094918,0.054557515281536996,0.07530915622169701,0.0979188030131697,0.11714946888737042,0.13146777838013732,0.1423428341935813,0.1532247624316322,0.16661346788756423,0.17941445036891188,0.1836905983615894,0.1740242777899729,0.15043634586137922,0.11283349692637355,0.05543251911161178,-0.03556595678642478,-0.18025721666086156,-0.3916123783727806,-0.6493615460757709,-0.8831997703403213,-1.0,-0.9501124786150685,-0.7659336506320212,-0.5288692626322375,-0.30830326654521895,-0.13427594266936918,-0.008909345283149961,0.07549728392514178,0.1295017322705453,0.16354056170754777,0.18403236782340127,0.19396726631066,0.19699150635744658,0.19826144741021196,0.2017085294746471,0.20751639884287637,0.21223424488196854,0.2124718137907959,0.208269371982986,0.20218442675565806,0.19698371587505,0.19404109053581456,0.19196618989822017,0.18679589608477046,0.17479487249062511,0.156798456405097,0.1392472272951935,0.12816593168352913,0.12331158584966948,0.12144406887389153
0.06904336106732693,0.07332079751756311,0.08059527595897811,0.09251872606724851,0.11047169257769822,0.13119965523387098,0.15252030506805223,0.17782369657738964,0.20979972224665153,0.243772383981703,0.2701053253954352,0.2810022517801546,0.27272347810790526,0.24193599623207557,0.18043760741007045,0.07180746332607697,-0.10423942084442771,-0.35348895221780147,-0.6420947862118812,-0.8888878936644194,-1.0,-0.9355057664645383,-0.7426339305045614,-0.5118993218421507,-0.3102725376774164,-0.16046675512251846,-0.05856709111703472,0.007321971290049528,0.048162205835377926,0.0725790390962152,0.08957580701063976,0.10920031530247544,0.13826444897288143,0.17459957398365233,0.2076546314577022,0.2272196198218363,0.23106269302523938,0.2245373133390988,0.21463579182101752,0.2032013154388072,0.1857487982168897,0.15959444889364816,0.13096132970142843,0.1098744073650964,0.10044085032570384,0.0984953229917426,0.09587626069698195,0.08667109800510032,0.07226892075839669,0.061032553768568656
0.034390859306112465,0.055692358930578265,0.08881583392266885,0.1279191393826721,0.16935860537615846,0.2013773303977647,0.2117488858541017,0.20024700025796835,0.17334394022059854,0.13528240078868536,0.09228688520749621,0.05601294610743141,0.03313890839745653,0.014392265101121989,-0.021797018473282633,-0.0992196578835362,-0.23877909163209984,-0.44802307449057377,-0.6987548236379171,-0.9146397658521389,-1.0,-0.9074926079044592,-0.6823026331633784,-0.4268616974347413,-0.223728516550255,-0.09478402864096368,-0.01626721281084064,0.04487753754231909,0.1074162580273147,0.17317748607104355,0.23379430210502533,0.27783532230163116,0.29916257003834645,0.30211810650056753,0.29672329124656643,0.28980964956762906,0.28207196714864924,0.271495818940892,0.25575144858096893,0.2315173094770788,0.19631579673859184,0.15281832558529607,0.11121867255059015,0.08519910245863191,0.08091122148063658,0.0904571158149315,0.09985567788673821,0.10192513744879492,0.09874643563766033,0.09544421607346738
0.16449547485587046,0.15690828037453283,0.1442957900061237,0.1340017578929485,0.13335431582228616,0.14333824256434097,0.15951623803622836,0.17628508388969164,0.18823358323153622,0.19035097403027046,0.18071466824363483,0.16210749824947757,0.13927022422757226,0.11308945924961336,0.07373627996374758,-0.00214040858569598,-0.14310967753459486,-0.36247517015015496,-0.6331714047009465,-0.8777667754282769,-1.0,-0.9501970395133953,-0.7630468028631552,-0.5248805211139074,-0.31060534029407416,-0.1521548402533948,-0.04770580773290382,0.01685684317762926,0.05612196747661176,0.08183341170744356,0.09986799421611924,0.11017464417449327,0.11353534240942957,0.11654866617989344,0.1266175823336127,0.14390970767000807,0.1614359383620306,0.17324784266003904,0.18066039356802055,0.1892818408145002,0.20270449834266366,0.2199525919731441,0.23520569483815834,0.23986851625616662,0.22859718816301425,0.204521662276148,0.17714398058731365,0.15484939901924927,0.1406373574860535,0.13398285384088257
0.11665230339896321,0.12129535415738112,0.13339511153867678,0.15349785835556756,0.1751996924260249,0.18984184202221496,0.19518302609435553,0.19364123826726615,0.1855279483622964,0.16990828718830778,0.14874865509217672,0.12560991568025526,0.1010257867252377,0.06960774067609073,0.019250572834079084,-0.06744706412633929,-0.20866172832065982,-0.41357449971287913,-0.6628619696365077,-0.8902301236391053,-1.0,-0.9322227555015851,-0.7155465512188103,-0.4426745349394546,-0.1986229539244766,-0.01988420103058721,0.09665426236892365,0.1683576198833973,0.21016043218033412,0.23059531997670843,0.2358339562183387,0.2337287887903897,0.23266939137336473,0.23623154321928447,0.23933333143874586,0.23251494285940116,0.21146698954551993,0.18085616947653738,0.14858402892354397,0.11902538369649732,0.09408279757589016,0.07747291435653388,0.07302023924341704,0.07920480985144465,0.08776912647406813,0.08811122961929319,0.07449455248316243,0.05156926993781191,0.03102809157974375,0.020575858159158137
0.1036720281758229,0.11005723963696064,0.12022044370787274,0.12948280670938986,0.1346263754916506,0.13774825679938835,0.14527339221446092,0.16236335806643779,0.18767526200738952,0.21154392032052446,0.2197821274670731,0.20228742404276912,0.15887245558884733,0.09559600415090991,0.01462471472474739,-0.09307163010479227,-0.2449166498094832,-0.45158771176314183,-0.6931498676752222,-0.904357590241462,-1.0,-0.9391227154746106,-0.7621568585565166,-0.5513088651005174,-0.36472512907298266,-0.21606080922819895,-0.09644241987197065,0.0027561649700605104,0.08360981416154861,0.14478120829781288,0.1848666392287283,0.20412677550886246,0.20642486745267208,0.1999278261487978,0.19355972214547598,0.19289297971705527,0.1998988161566212,0.21270738529994163,0.22553157950662697,0.23231146092679478,0.23053394480279854,0.22207542425814059,0.21187999137298338,0.20368994758799477,0.19628138138473578,0.1861867177512447,0.173633911703469,0.16289023880752135,0.1570918392465456,0.15541580135822147
0.10631480757414143,0.1299142592972365,0.1602154157497604,0.17738245724848145,0.17553826854012472,0.16793231219014007,0.17273431839792852,0.19387630298554376,0.21705642565863933,0.22301980916891648,0.2029256990267768,0.1598182501076086,0.09977685133919431,0.02713426697736558,-0.055715337103114056,-0.15293580137585538,-0.2812637889483996,-0.46102227380315647,-0.6860290624486352,-0.8969529328554993,-1.0,-0.9366779973551136,-0.7378327551065522,-0.49602258317231845,-0.2899479316927567,-0.14420232640610758,-0.045353851582212605,0.024432213601288298,0.06994864798626015,0.0886322269607127,0.08470440057895254,0.07288368532972357,0.06978618069396805,0.08418873640772818,0.11377283297313778,0.1490336679812791,0.18037671263458535,0.2030190536258461,0.2177819754907878,0.2280426149331855,0.23542989128255545,0.2388253524587915,0.2382807152816636,0.23818532636499637,0.24284072407513305,0.2498864842371747,0.2515840635219336,0.24303265320286963,0.22832486082025166,0.21732417714503924
0.31357388060810326,0.3182092726583813,0.3250057145140752,0.3302386231826814,0.3306036783119346,0.32510548624407737,0.31602266811218954,0.3048468360991611,0.2870091624172593,0.25462597874543536,0.20508137010188085,0.14300347511264122,0.07202998061856497,-0.009223421784058458,-0.10162297493817277,-0.20734915767531897,-0.33938873745040743,-0.5147653728864157,-0.7259115305892021,-0.9166280449642868,-1.0,-0.9236796563704611,-0.7181390458158449,-0.4662912920906109,-0.2361799205162577,-0.054822349104082416,0.07461079158921059,0.15604053484871266,0.1963763861095299,0.20323542426153346,0.184738573284733,0.15122097752176836,0.11330260841700185,0.07824788214702645,0.04982705685953937,0.031954120674636044,0.03123754106944307,0.052236665483712454,0.08924252676876271,0.12807491979489574,0.15809456243864,0.17607689490592493,0.1768842417041319,0.15305427997204848,0.11088326378505022,0.07367518595045894,0.05965328689661763,0.06668816453666034,0.08138637567068907,0.0919031127680067
-0.050812314748306824,-0.05292189335715909,-0.06081186720557775,-0.06525391929243837,-0.04588617816183195,0.004537099061016468,0.0711521639117591,0.13045643118332148,0.1620153876417252,0.15285239187952093,0.10250874246105555,0.026717403098371423,-0.051348391535526866,-0.11846939154341321,-0.1768557995941469,-0.23991562971248992,-0.33493432899289327,-0.4933123183878067,-0.7100780789131224,-0.9136211039052704,-1.0,-0.9160402479313156,-0.7043104444053128,-0.46014819739267815,-0.25700067140976485,-0.11500396761853945,-0.017803403144622754,0.05895850296976252,0.1330926601457993,0.21363809245395196,0.2984602476481131,0.37621254075278493,0.43804459052500255,0.48335385905787676,0.5120997924679381,0.5186993263722962,0.4968846502137416,0.4461241974698854,0.37237925671379496,0.2886255647756983,0.21497321660821994,0.1705891004350981,0.1599257251494873,0.16730389155877262,0.17007218689127132,0.15906502992883462,0.14066381906632053,0.12148852490673229,0.10319465833825413,0.0904390935658102
0.14121966700512684,0.1440359562417249,0.15727157645935563,0.1789623155406254,0.1942688819498071,0.19074008226447212,0.171628813855247,0.15222671466410312,0.14413838768587486,0.14409832291511812,0.1386186239733574,0.12038930477485049,0.09693298829896772,0.07931642069023204,0.0614403776440956,0.01074037299351794,-0.11633263511948322,-0.3394808902074515,-0.6230893080557136,-0.8765211135255379,-1.0,-0.9509984311629961,-0.7724511790906661,-0.5534991015901825,-0.36640071042333106,-0.23561800902545924,-0.1487571120690594,-0.08507595599666762,-0.030610624139931937,0.024182473185497263,0.08330951504938414,0.14102540070944136,0.18818696132277832,0.22043242254279963,0.23661951443885101,0.23531492424347591,0.2176717716173179,0.19257359617572473,0.1763947102096994,0.18375974227119876,0.21515558970437976,0.2545966358451432,0.28156307672287584,0.28368067282905984,0.26010787830695503,0.2196990457062576,0.1763701645965421,0.1424063468611947,0.12330460555323616,0.1164512155581912
0.25892603454021995,0.25816284205210166,0.23653120002682557,0.18687091750995954,0.12912987187661215,0.0881199755010171,0.0734981350619217,0.0830862629605887,0.1116207687540327,0.14977397206195667,0.1800387800937125,0.18314299346631216,0.1515283022851339,0.09384586575570106,0.022946996837047245,-0.06544717952971221,-0.19854777658816847,-0.40019677182096747,-0.6532502061901381,-0.8850397276034249,-1.0,-0.9476389524825726,-0.7607101654210118,-0.5227236091760799,-0.3071136378105922,-0.14514823049249803,-0.03335747973790928,0.043614513439487544,0.09926594275990813,0.14221538142928272,0.17658895152592938,0.2050816893661824,0.2296447550516126,0.24671205987075145,0.24782009155749418,0.22927628130968522,0.1981856575306903,0.16871175423274035,0.1534876063880065,0.15511171525324555,0.1636547121514416,0.1649913740825254,0.15435797012554683,0.13941997943827053,0.12912856793909094,0.12529177914303014,0.12567669304089316,0.1297392272683388,0.13799251184579298,0.14598160331998553
0.10879924971855871,0.1130377239408389,0.12217994330444445,0.14387115872466963,0.18184282549696182,0.2246735243350327,0.25554821911348236,0.26500478831622,0.2521760348911504,0.2230552391251292,0.1869527222278743,0.14789494620624566,0.10057031645105047,0.03645582685526163,-0.05023983207887843,-0.1648645689616001,-0.31545206158431544,-0.5067554068329663,-0.7238003618770135,-0.914265382263503,-1.0,-0.9335425799922056,-0.7452034842198877,-0.5198258734490767,-0.3318625416803782,-0.20665572022032114,-0.12701922277744182,-0.06250069351482833,0.0049141906280230595,0.07508162375463283,0.1396637825776216,0.1901094779987739,0.22065175012602395,0.23389873322021273,0.24148396642901562,0.25163926677275966,0.2613406119361982,0.26570931578401447,0.2659237524290903,0.2637521828364438,0.2563431454010196,0.2381888605088196,0.20757046538778953,0.17401903294930732,0.15364051183352986,0.1521089914383002,0.1592750235939465,0.16314653233832183,0.16179322690851897,0.1596707658931322
0.17506965382922388,0.1706466038330203,0.1751959619795144,0.1966956118643695,0.2273423048325306,0.2521606746105954,0.2610925784385402,0.2527125585175482,0.23064135848972803,0.19770459197031826,0.1538279893020713,0.09944997496060155,0.03891853677775897,-0.022239379175670503,-0.0850522076584832,-0.16328901750693103,-0.28233057547591006,-0.46356200308818424,-0.693831890723308,-0.9043658713401602,-1.0,-0.9342206970355197,-0.7494515665219705,-0.5312764922188346,-0.3392413761523286,-0.18818462121424875,-0.0692670122491454,0.029459919964364825,0.11283240359677656,0.17550718182560013,0.20859021214680362,0.2113530894284709,0.19507433705252683,0.1761382147200728,0.16761969278342642,0.17359572321138106,0.18819815576831211,0.20380139933061292,0.2188439766953529,0.23312055989411976,0.2402635793441769,0.2334037576159576,0.21597000177678577,0.19848907526180284,0.18569835996822576,0.17255050625580032,0.15194494266625397,0.12397849463286813,0.0971708685727734,0.08124985844240921
0.20828522449009404,0.20754916103655083,0.20286454833677595,0.19421538673192634,0.18566240399013753,0.1788966279375131,0.17139594239287415,0.16190126767758647,0.15278985589746283,0.14624900290583834,0.1406035949132642,0.12938320473968107,0.10329800077952789,0.05490989244788756,-0.018461499909966633,-0.11921592323322985,-0.2578808224455108,-0.4476508952156806,-0.6771343968957566,-0.8887908652428537,-1.0,-0.9621205809650247,-0.8001755254325823,-0.5871832688802313,-0.38597773109816796,-0.22163149069181468,-0.09251791836943393,0.011474548961005306,0.09830678898855635,0.1688104105854407,0.2186287317338016,0.24530929218263803,0.25178647144315613,0.24320077893180606,0.22371411824179155,0.1984375894299785,0.17591899931480426,0.16476896742827218,0.16852153963774885,0.1842214941476529,0.203363473040594,0.21639420738859694,0.2204048156592679,0.21970174027026101,0.21658150700477627,0.2065062636701349,0.18507686567496193,0.15605909300394138,0.12946159905867716,0.11408750830526881
0.163268066439558,0.16597838783213908,0.17268092094636317,0.18272941669207868,0.19386336991671746,0.20445947196913417,0.21264384755347612,0.21425835773609112,0.20670383053389513,0.1945258790156579,0.18299429242040474,0.16661326907738952,0.13247259442817538,0.07355981977144034,-0.007834295247989322,-0.11208749707618544,-0.2538550737579473,-0.45032136410799795,-0.6877080182796543,-0.9007880549066438,-1.0,-0.9367156185653008,-0.7433774235822993,-0.504590007425207,-0.29686565405271187,-0.15567167156167122,-0.07893734847355366,-0.044279026292346736,-0.02560953972178606,-0.004445445707878107,0.026926728978700028,0.06727234658036925,0.10989069006373375,0.14821624857079502,0.17973139941059574,0.20303921844158102,0.21468108604134856,0.21416290598250692,0.20934273477914375,0.21092524509819963,0.2213261882827588,0.2324349789767029,0.235629837371756,0.23022059101465678,0.22086068024738698,0.21164256458026098,0.20441255883710405,0.19976971677815963,0.19791547396276324,0.19793332042812883
0.053014703112164274,0.04900802005569388,0.04617389981682518,0.04983920287041228,0.061653589069476857,0.07832039584344869,0.09428917529175304,0.10643321166464567,0.114345270773225,0.1171415699839215,0.11168299824626242,0.0935345131291867,0.06118786230493277,0.017626026793496438,-0.0378439546897677,-0.11822502254279509,-0.2457426428840963,-0.43641446970003345,-0.6738881831122536,-0.8914449906568046,-1.0,-0.953675154620226,-0.7827340947469413,-0.560401957746317,-0.35020340737804334,-0.18077448715312583,-0.049041036275304636,0.062798449085787,0.16728042142776384,0.2613913294074817,0.33294962932711625,0.3731138141553668,0.3831521398035003,0.3747789108038588,0.36256695151743623,0.35266992701645256,0.3425051358264364,0.33061604277197537,0.31931333100363013,0.30696854102597815,0.2843554232813091,0.2404533275884708,0.17312326664581132,0.0979339799107872,0.04307253880446332,0.028601589587897835,0.05046226926199063,0.08689952831374391,0.11756250583637316,0.1335699101466336
0.22253637563252052,0.22964864072379146,0.2455724473800789,0.26782519895075746,0.28795831770704466,0.2985682035962914,0.2993694931330416,0.29344981580173646,0.2808035228223734,0.2582917072574834,0.2240618925041132,0.17971309712568515,0.1278105328170568,0.06794474717024394,-0.005471859772325055,-0.10328262784249237,-0.24084182349462036,-0.4320270051268479,-0.6676848951443473,-0.8884478065993241,-1.0,-0.9480600846459006,-0.7713580541070011,-0.5621906946186193,-0.38913330234197563,-0.2667995132943188,-0.1786959167147759,-0.10879818827261156,-0.05200776555559775,-0.008206973632608215,0.023199826888483252,0.04374366777855684,0.05665968022990719,0.06703909848308844,0.07754931526403494,0.08729802895222186,0.0982769785130339,0.11745931141291052,0.14809850150587514,0.18263098961883664,0.2087324851435775,0.22133681731112623,0.22595381992262734,0.2308134121811284,0.23882875770219789,0.24795625152945358,0.25611572869906407,0.26332493236019217,0.26995484920699503,0.27448006583783713
0.08176549772709285,0.09242339912938018,0.11055868280183138,0.13440225945372442,0.16169716302743833,0.18576706420398828,0.20026474874953176,0.20467050514086535,0.20205485403525536,0.19437264540521657,0.18087046835258266,0.159373341356262,0.12779841903487615,0.08267388100343008,0.015560602320278356,-0.0874517143198171,-0.2410101162587756,-0.4510476041252839,-0.6964350470583276,-0.9101328094888554,-1.0,-0.9186551530799176,-0.7071825660377845,-0.4566967231304852,-0.2411926874971125,-0.08919255091645374,0.006313556170310714,0.06612802538696787,0.10753608687056437,0.1384599802926568,0.16045811167110086,0.17365570004669534,0.17965873965571916,0.18189233532789617,0.1842775397525101,0.18844500229786812,0.19328509463474475,0.19876892693958398,0.20661831420707677,0.21505843830079802,0.21782629741690276,0.21140035398776932,0.19960306449651014,0.187779132989778,0.1742438677128827,0.15185582134867323,0.11918881100902734,0.08587209669017198,0.06310618732343234,0.053311955641418454
0.09577929998452978,0.09968521208536342,0.11725769207399793,0.15009179119122715,0.1843406276772765,0.20463445029203364,0.2064207949811946,0.19187043230203848,0.16406557348027248,0.12872474413510457,0.09293459792158279,0.060784972262305614,0.034072821137576474,0.01078159005474699,-0.021309577095963202,-0.08460299054991428,-0.20444805343994152,-0.39795846524821676,-0.6495421210124117,-0.8856552878295829,-1.0,-0.9351494259274281,-0.7309845892798184,-0.47982089190841487,-0.254282887871245,-0.08349310587771952,0.03221567725535722,0.10198568919263858,0.1334556749595492,0.13300267541364777,0.11304184806785442,0.09391430279273931,0.09219602727899882,0.10898889032682782,0.13453756254806956,0.16067000103365323,0.183946210580788,0.1999932887779889,0.20405290689461347,0.19806601327659343,0.18958549272834316,0.18459271095779964,0.18553647417622107,0.19217051317228828,0.20105858478260816,0.2082467791227991,0.21457470950870094,0.2250705452988304,0.24090345499863583,0.2539967633158601
0.18284345489216083,0.16606634619420102,0.14484071454062927,0.13172184145750027,0.13306257091914617,0.14925311619406562,0.17272541140727254,0.18967721494197504,0.19032304994629734,0.17559977291118656,0.1518158108857332,0.12167033794752063,0.08269814317549588,0.032945982297936244,-0.02685928303928958,-0.1038231032005367,-0.2244400390367928,-0.41770388296624056,-0.6701497053677236,-0.9008258336396859,-1.0,-0.9147401250841523,-0.6966305960928116,-0.45303796680967007,-0.25950343586561087,-0.12668689439231323,-0.03191741588007391,0.042072461407341624,0.09941746568918966,0.14195347666691785,0.17403581595736,0.19893782164468637,0.21741173379968756,0.22960034785361993,0.2356805053234614,0.2357586089250949,0.23059997697296788,0.22222404905927917,0.21212532026028147,0.19873740472357776,0.18063613993868224,0.16196227169607494,0.14947477295512837,0.14491534080835758,0.14310019786096675,0.13664764064226642,0.12348073138211753,0.11040462849104368,0.10533569684236485,0.10656210476331245
0.11816284585126671,0.11459893021910503,0.10810137503761615,0.10570338695351567,0.1163114843708285,0.14047333779440288,0.16960350841881147,0.19093540154203567,0.19627517393578262,0.1910205974510438,0.18618798622310254,0.18027853462392107,0.15811528354986115,0.10505525691070147,0.013591645447868355,-0.12015143440524005,-0.29769774491221507,-0.5141995580060685,-0.7460329367786301,-0.9342971754731328,-1.0,-0.903947164533077,-0.685732412172256,-0.4313567660026958,-0.21477668154762333,-0.06914056053916921,0.009709230095656536,0.04525211517217489,0.06391284931180254,0.0870604592412049,0.1262985176212556,0.18061518443317326,0.23881762055610892,0.28448982986827226,0.30261673885046536,0.29086357882597175,0.26512809878619714,0.2467406250222694,0.24283266377403798,0.2417866878846424,0.22774615614159005,0.1975560036510386,0.16040307238921872,0.12471171058885663,0.0941748427252295,0.07336770364731333,0.06722121971053308,0.07407139989071633,0.08517663778231847,0.09236474007019724
6.255291852651607e-05,0.012170581527104362,0.0247778687707447,0.02682581120939964,0.017511326235843262,0.007222758231775073,0.007939478315302853,0.021384518940621097,0.03826104030355262,0.049132559958990754,0.054064615446150224,0.05715250434089359,0.05364295110220173,0.030500575413378302,-0.02326092576969588,-0.11661147525600157,-0.262745125430282,-0.4690022720341492,-0.7102135737036945,-0.916117054232003,-1.0,-0.9159247263126539,-0.6933779250028045,-0.4136317320241037,-0.15422827319017843,0.04602833910427109,0.18480641109714913,0.27684356367186846,0.33854061981053574,0.3811008276580049,0.4091506944229447,0.42222696328793585,0.41644654551775034,0.3874919530960392,0.336431327373937,0.27376949699083686,0.21717935722295942,0.18296183611501424,0.17597700100813263,0.18689739882416243,0.19898663848056616,0.19719065240737302,0.17492273722576113,0.13719883741853978,0.09731233897780744,0.06734030262706116,0.050128212735479336,0.04149535959203659,0.03759418627572218,0.03644233929919371
-0.025625915618185974,-0.018575185208114332,-0.009932286673208092,-0.003554657172870812,-0.00029749954989388976,-0.002928448079223323,-0.014021952858994968,-0.028107456136013686,-0.03514387122152857,-0.032411105666629254,-0.025810593925143163,-0.023378363353415674,-0.035853508965881103,-0.07822673285347964,-0.16064910132887672,-0.2796435593857579,-0.4260398157494946,-0.5975024420038698,-0.7864166185085405,-0.9479497012512583,-1.0,-0.8818335655497826,-0.6119814905630936,-0.27551801084497995,0.03752620336720525,0.27299348398363055,0.4121988566498564,0.4602767336862967,0.4405570382697971,0.385338646015384,0.3230283580162785,0.27100528600557033,0.23611961148465138,0.21909373560923776,0.21673858933687523,0.2228002908381998,0.23124569247758037,0.2393701209955261,0.2478635613510277,0.2578646529932286,0.2655726140787731,0.2611994510354468,0.2376998033685581,0.19911347574824698,0.15847275031921693,0.12958504165825252,0.12067568918122622,0.13160715705595,0.1532120283905569,0.17024301055166383
0.09130220995701886,0.09743722029332,0.10942606683441441,0.1270751939463592,0.147046426692368,0.16350132528404387,0.17307529824057422,0.17736602073256713,0.18067169969030972,0.1842560647601531,0.18532242045901176,0.18253331939121645,0.17657265476557996,0.16280315053672972,0.12514100847188842,0.037853451789527974,-0.12313185984103887,-0.36142031510171313,-0.6408949423431519,-0.8828669679224451,-1.0,-0.9538792209055774,-0.7810239206982833,-0.5588787171505448,-0.35138540669923307,-0.18416112107954563,-0.05489783412824853,0.04524832819181688,0.11924866917569475,0.16505108284732553,0.1819628790406442,0.17528327279599035,0.1583046775474864,0.1475184965420001,0.15131886540468625,0.16547039672923144,0.18116455752719676,0.19401710547462267,0.2039467699588105,0.21057353460765493,0.2110525825511235,0.20144637898969284,0.18130224061154962,0.15778933686893087,0.14171486412472686,0.13628686049192604,0.13300577378013936,0.12152952971400606,0.10192974251557414,0.08599082853386887
0.05481843556963205,0.06303035023312796,0.07932637927828161,0.09937325907572299,0.11675368473062477,0.1289655383710312,0.13715462292116604,0.1411448017003119,0.13839670492984482,0.1294108852649476,0.1209119758135987,0.11967901692898242,0.12485478460967908,0.12698832426999135,0.10962699743711672,0.04790414134857489,-0.08887086185922596,-0.31720414351807275,-0.6072080158602455,-0.870623022496452,-1.0,-0.941654007116056,-0.7329204267545124,-0.4648959305647388,-0.21855628836322655,-0.034933300859118964,0.07930938258535639,0.13745810341082765,0.1603877252508836,0.16637037682744105,0.1658392550172311,0.16307930734683138,0.1608442961364276,0.16269764971952147,0.17173929020549394,0.18745508941790984,0.20436099704771493,0.21485582308301465,0.21334456719862707,0.19864836891175783,0.17510096641512762,0.15052637637880115,0.1310534619979992,0.11851816638279988,0.11226101987393829,0.1099251945144389,0.10636826177276178,0.0965426677735016,0.08168030491810278,0.07015944272250511
0.11659885202376087,0.14015162527562894,0.18120726645209545,0.23340557826318686,0.28604856803077916,0.3218324094072642,0.32712714699768153,0.3006224350725596,0.25261523015893295,0.19876160015795313,0.15099793464185757,0.1113414471994738,0.07371834559254084,0.02998813683734439,-0.028388632300536613,-0.11524067486645076,-0.2519579196116662,-0.453665982248795,-0.6997608558297059,-0.9152474528545272,-1.0,-0.9012627426133399,-0.6593177548319819,-0.37558912215641244,-0.141404030017701,0.005552000248738591,0.07608238037888104,0.10081362652465145,0.10802060168233753,0.11470660568270087,0.12587659121375414,0.1398471581110652,0.1551992792312383,0.1720306091935068,0.18715693267340675,0.1937966661033976,0.18877277181745145,0.17530874850086625,0.15861318202883107,0.1423418167006338,0.1273581003965056,0.11298931710171921,0.10002794243917641,0.08934225858381213,0.07927144950448828,0.06881932057444617,0.05955729960116176,0.05182914144859715,0.04461567252261028,0.03948911895607949
0.11413379525272253,0.12060825115565399,0.13005989927908854,0.13790283647440307,0.14268189823652708,0.14690691853366494,0.15373949573138795,0.16455801398513448,0.17863319676037895,0.19388715988715988,0.20846083873228513,0.22033604118701833,0.22352316327153893,0.20575831872761854,0.15117952245808117,0.04371752001074837,-0.13021752477081888,-0.3717220688172536,-0.6491265310114305,-0.8878705397010962,-1.0,-0.9438557934171787,-0.7552059718432748,-0.5145301348628989,-0.2902292907927433,-0.1133680359318332,0.01192099647871432,0.09219269536699547,0.13814303694633778,0.16138487338909732,0.1710183152116359,0.17370837511840545,0.17440754446183268,0.17438662567387608,0.17162985772010314,0.16584379838524915,0.16016287866605391,0.15631505119512912,0.152234200034649,0.14536587385932573,0.13552530572600072,0.12505164577630418,0.11737388694036378,0.11463449832314772,0.11552747114387259,0.11501467323025186,0.1078921343133525,0.09385028564108462,0.07826034076017471,0.0681946571031583
0.10933667655567524,0.10406436999466111,0.09889121965745638,0.09773637857007136,0.10089357730630069,0.10712695483460989,0.11522426886765053,0.12512736740532168,0.13768247905889985,0.15313961437447082,0.1707787044805075,0.189505045628816,0.20726423772369185,0.21758116176198872,0.20423109860876537,0.13919989947155234,-0.010030632776006312,-0.2585130886459388,-0.5718643018744249,-0.8556873891263403,-1.0,-0.9544093425666558,-0.7595896085691977,-0.5055650224467588,-0.2697650565415264,-0.09008712950472075,0.02799489315359509,0.0960006074361964,0.13082944213466846,0.14757829309528947,0.1571226960149348,0.1660853603319022,0.1759157578522897,0.18362141908438118,0.1859407893959495,0.18241274504949814,0.17461674923316056,0.16419445906758293,0.15184482471997446,0.13764196691803646,0.12254124408316724,0.10908947156934917,0.09981172456511359,0.0951754702255097,0.09323002649714636,0.09073483990944578,0.0853900400592606,0.07815473680147185,0.07227394291808374,0.0695270176351229
0.14446997444642629,0.14353716904621708,0.13917111026700676,0.13133431791237807,0.12354653558971697,0.11985098896182435,0.1223547977138647,0.13047984448441008,0.14192734115171302,0.15381686737783698,0.16301040432211464,0.167016004138385,0.1644914766774617,0.15222983737433518,0.1188950014625812,0.04141212980119309,-0.10777624279513279,-0.3400144615888202,-0.6242857213194618,-0.877586576604529,-1.0,-0.9441473346300576,-0.7506612165400883,-0.5082820441290182,-0.2887852370749887,-0.12101607593168842,-0.004616910992313052,0.07001281646543608,0.11295282230457696,0.1341497264067229,0.14374878750046896,0.15021747287419082,0.1582203693866669,0.16883743826022277,0.180752935322739,0.1908047012916618,0.19535880839266853,0.1929210906267382,0.18542855807140887,0.1768337186899263,0.17041329683226206,0.16640005279701206,0.16194181821641096,0.15432635401363687,0.14384179556764162,0.13259653330416066,0.12145509659555834,0.10977552482467522,0.09821170481474052,0.0904265983191066
0.05983642684127255,0.06564003633026065,0.07537255739075269,0.08528297659284292,0.09350544528860714,0.10152327599817479,0.10956461922392707,0.11476421492309974,0.11555480235144153,0.11586043534210676,0.12377015699799761,0.14554427150647495,0.18151591238392684,0.22713034841257967,0.271675156234129,0.28570806211048694,0.20907919420949114,-0.02139858197050147,-0.39403610199595496,-0.777626543460668,-1.0,-0.9833641952265656,-0.7845271213092905,-0.519152272072175,-0.278023969831283,-0.10207069324343032,0.006074247462920037,0.06499681296764047,0.09738811055716144,0.11941310714165428,0.1409307805221375,0.16625619994757862,0.19086945998265042,0.20287749464888513,0.19261551781561081,0.1621541327001739,0.12525665164021282,0.09690125120182658,0.08394034146404063,0.08556691188338346,0.09569768455906551,0.10351989449467687,0.10035746005127778,0.08806579178624428,0.07550063644096541,0.06774140965736336,0.06280234370218367,0.05691275416585773,0.049416511245645195,0.04361608093314082
0.13390512086946624,0.1374720000190344,0.1440251373495446,0.15352425196852099,0.16459442033047467,0.17255807790089003,0.17324800603995577,0.16846756993419168,0.1646942433147435,0.1662935062626975,0.17185931843979793,0.1761694989986383,0.17259882452080233,0.15298266587658205,0.10645866258786367,0.01783965964522673,-0.13214300185798247,-0.35511254705129175,-0.6282827812517783,-0.8762956371498359,-1.0,-0.9470582612355148,-0.7528027798028568,-0.5045403572614269,-0.2778758657224072,-0.10846198928378292,0.00035308655676847455,0.06257776770378498,0.09854864321450377,0.12486761125815608,0.1473384802771948,0.16255293255346084,0.1655296482331357,0.15657662545970935,0.14243922780113502,0.13128439763407715,0.1278583660768373,0.13229564252693893,0.1407672043634715,0.14814135675957843,0.15162946946447498,0.1522084378859176,0.15306826458028325,0.15604800944446878,0.15914942666966164,0.1582345665207751,0.1511075812141734,0.13916719946178574,0.12632511521970785,0.11781319567844575
0.07123641402552894,0.08019400975627927,0.09736056610379966,0.1217899562658526,0.1492603599421276,0.17360295515911425,0.1919335987632688,0.20357077954751693,0.207341782015188,0.2023536076926316,0.1868045430509522,0.15776814374216785,0.1158330574770668,0.06390750163853205,-0.0025506710991816776,-0.09964364885918987,-0.24689919578192993,-0.45216177865145446,-0.6929358214053892,-0.9042194856937023,-1.0,-0.9326039984961116,-0.7328558327418039,-0.4815806152687702,-0.24900504351598343,-0.06583471723660049,0.06592929764455925,0.15532699509123452,0.21499416871380406,0.2550649230023808,0.2771498249425149,0.2776906062609524,0.2573283855527402,0.22475223412149012,0.19204913243068544,0.1672993937626028,0.15090817336381115,0.13852990990302477,0.1269467341506612,0.11679044100113867,0.1110398729744768,0.11091468916554162,0.11285120859306612,0.11124844897243286,0.1057566577597811,0.10389525508840974,0.11318783992649142,0.13215430027573802,0.15182540689544788,0.1636996339771052
0.10678474110819125,0.11695822657787018,0.13732532683058782,0.1628997937565822,0.1830784833700516,0.18999890280561288,0.18435187566295982,0.1722625004371037,0.16022106656206142,0.15180813767416912,0.14528848481697865,0.1335994801434527,0.1080336364378945,0.06158914911181795,-0.011692990402535219,-0.11952141188395668,-0.27165672187420564,-0.4729198433377666,-0.7048782693932236,-0.9081600037254549,-1.0,-0.9348286213994373,-0.7455437835418507,-0.5124934332159127,-0.3014104812800964,-0.1358094483911287,-0.010131217596945174,0.0878538563235441,0.16588406955413096,0.22552510366056355,0.2638479969152997,0.2785410787750934,0.27378737376644574,0.25949467412242877,0.24378079056488178,0.22842268314811445,0.21237254557229102,0.19716538622991797,0.1868387221122917,0.18296951639380055,0.1824312789690871,0.18060519076044942,0.17428990816356554,0.1615925918759215,0.1426666687521319,0.12062866928266025,0.10010445790075348,0.08581191910268726,0.08016269446783321,0.08006924433328753
0.11968882330446058,0.11945568838356173,0.1220194601096257,0.13084555319571692,0.14585492752634585,0.16396884882649201,0.18220376995870569,0.19871035200669948,0.21198235241124352,0.22062055992710333,0.22390658321238566,0.21988250113635588,0.20360401510791343,0.16982688520441672,0.11316520112407238,0.02115782733977931,-0.12844482162431717,-0.3517735977544326,-0.6270953152056251,-0.876948721048249,-1.0,-0.9433783576565444,-0.7457404899060478,-0.500763564483182,-0.28536976771289096,-0.12744115030856776,-0.020871389311209552,0.05009476971268377,0.09795666280643975,0.1293102059581091,0.14797889853529564,0.15915846722947585,0.1693931407639911,0.1818241580787392,0.19236646357867682,0.19314058548767582,0.18185538744446816,0.16557038278535002,0.15264110993074942,0.14404328250892992,0.13540130615054796,0.1254145959496024,0.11836419313400612,0.11667808640603834,0.1154266313916357,0.1086564337567075,0.09768901120698079,0.0886801188243295,0.08485924842548208,0.08443068617027358
0.17916909540844894,0.17047338408777044,0.15426282480458786,0.13783304347925077,0.13109693775065406,0.13660824933096177,0.1472342184532981,0.15331753856273833,0.15050000492933863,0.1410128679334958,0.12891055268907278,0.11632543423947386,0.10230770392572047,0.07990404397362125,0.0338751408443561,-0.055834142148356886,-0.2061902185786305,-0.4208844906357763,-0.6747710268753098,-0.8992008081439076,-1.0,-0.9203421473085078,-0.6901385839955264,-0.403496478242861,-0.15292818489921528,0.015310226803808641,0.10297943032712714,0.13702347862084815,0.14675794235974304,0.1525191481087879,0.1640916163910727,0.18226663711966282,0.20084835152785943,0.2113319566239878,0.2089553267905966,0.19581863358847845,0.1784276018028808,0.16160856732896403,0.14630310797527568,0.13259967413873575,0.1211421159511514,0.11206126004296996,0.10469334797163363,0.09803763167145688,0.09250372823942751,0.09163691074927818,0.09974291730889408,0.11687604183910805,0.1369219952037753,0.15049739192977918
0.17528686983022385,0.17272935750088672,0.16156001975376352,0.13868540579305288,0.10904885283539459,0.08214859784363733,0.06824913743349068,0.07704925595630456,0.10977381454575035,0.1499145576360475,0.1705577254748027,0.15444100934906052,0.10563136053504593,0.04070487573682584,-0.03441096330173246,-0.1366005309939487,-0.2899185022210745,-0.49939511277185367,-0.7353196132888341,-0.9299778409768988,-1.0,-0.9047963574910292,-0.6867451615404148,-0.4354817730105877,-0.22036171229599777,-0.06451034344674142,0.0408141989524196,0.11686239243751445,0.18348651481874215,0.24818220054340537,0.30280892205547016,0.33281553971841615,0.33111749295245235,0.3045185357238877,0.26926059177979733,0.2395394234600203,0.2188983129811024,0.20175146207272493,0.1826414756513483,0.16586569011054386,0.1635835094738301,0.1796730599425018,0.2001878840693697,0.20483028225728864,0.18184704519077388,0.13189343147324806,0.06788002811318938,0.011030946457223906,-0.02284204460703879,-0.03490982451340526
0.13406698845659273,0.12730878046255348,0.12584406157978292,0.1377211539447632,0.1577582828025429,0.17532120577276397,0.18467230943376461,0.18564072647774027,0.17947391898273732,0.1669796901016043,0.1483991139433593,0.1225208054803023,0.08687757881187794,0.04008380522780543,-0.02006259700785259,-0.10489053306876285,-0.23690907078035048,-0.43343125189995046,-0.6771043366101512,-0.8977479266258254,-1.0,-0.9342979402849888,-0.739135197371738,-0.5027327263820484,-0.2952935761778569,-0.1420498861342998,-0.036688145966930666,0.03801950889712374,0.09610175654400707,0.14228945873693813,0.175591361498585,0.1973035312077699,0.21279428414307558,0.22506891466248694,0.23106984317254348,0.22718313574774712,0.2147727948484731,0.19886801583160918,0.18500412684829284,0.1764603430674986,0.1716870723855883,0.16702156536705173,0.16304023311537685,0.1643600785778121,0.17247883338003478,0.18210900974303218,0.18595717238789283,0.18161448837918967,0.17283848400189541,0.16604075428854057
0.10707790655924515,0.09687312970278543,0.08912002170989068,0.09350798437257815,0.11070739668613881,0.13609144687215835,0.16187096844658855,0.183200088327355,0.20369115823661907,0.22701546910896164,0.24595658976945112,0.2461735250129387,0.21756041948245886,0.15782891603217852,0.06816497452132984,-0.053109713644133055,-0.2151239336318106,-0.42742277430114806,-0.6751145060916659,-0.8958774210951601,-1.0,-0.9384192714586927,-0.7471765940806505,-0.5130928138423085,-0.309230509712953,-0.16536066291537835,-0.07435895650119834,-0.013174520221006552,0.035027862411829286,0.07274218787153079,0.09672931951520301,0.10623815570840675,0.10370761553102736,0.09737000407864507,0.10311485350269904,0.1338846288561398,0.18612870870753218,0.24355210417552411,0.29165486561845766,0.32189450555244004,0.3275706796839865,0.3070412320261052,0.2694768899878146,0.22964393290588042,0.19691395657679944,0.17033220531452303,0.14288771943876585,0.11064514801784839,0.07845555233866579,0.05760955483560393
0.26072068219598055,0.24729930682706744,0.22888784648250932,0.20937793641236363,0.18467913533513172,0.15410169875278892,0.1255235513675051,0.10628093805319654,0.09590487469780525,0.08823136310302596,0.07611662480208421,0.054594240203682275,0.021516783344127564,-0.023699616723995096,-0.08396090718069313,-0.17100777109225018,-0.30431980985928325,-0.4943966781457433,-0.7200944267087876,-0.9171781493463298,-1.0,-0.9219872370046782,-0.7184984919416992,-0.4741748450476723,-0.25470084894679274,-0.08024268231870144,0.05219543108812031,0.14501923014751697,0.199219232694091,0.21921954423166448,0.21193470364829892,0.18929356885085663,0.16970068894278773,0.16578082192960286,0.17412604865678113,0.18424225369460553,0.19097015436691542,0.19618781976417932,0.20291587726640875,0.20947681153387235,0.21168273243591623,0.20788730804250932,0.19762530192520852,0.18069417234860186,0.16106643233740248,0.14590471020231832,0.142543918941442,0.15718425510684303,0.18603721415727506,0.21011825042614013
0.13774861425355225,0.1395225612228856,0.149520682171734,0.1672205330751846,0.1838182653009102,0.19385482268217888,0.1987075260770791,0.19995950029464515,0.1981505418441239,0.19343806238581243,0.18095152937976033,0.15154781408903445,0.09895321745702307,0.023296213653173456,-0.07068635750684725,-0.18045430022157963,-0.31475210675450893,-0.4901987625393881,-0.7038657980711466,-0.9029944342833705,-1.0,-0.9413793793562667,-0.7578498026878512,-0.5336219078045145,-0.3378263307065261,-0.19286036688961694,-0.08955343002591191,-0.013824622201269605,0.042467440103854656,0.08529912498529955,0.12133643498064024,0.15630153309336836,0.19379294829882918,0.2337699411427545,0.27143603429035196,0.29956333404971425,0.31113327348846,0.3005155774876354,0.2680538937470919,0.22487053317235567,0.18740300511961905,0.16578463328364063,0.15974643670407251,0.1627949538555697,0.16767466046016952,0.17102432175235513,0.1760245427181807,0.18815073479248487,0.20609837298782782,0.21993598464742492
0.1416795629581362,0.15552919448583,0.17805090713698632,0.2040485561945348,0.22955607605472356,0.25135452889109083,0.26666168372597915,0.2707054172486015,0.25748602917197083,0.2262376780745415,0.1823740086725711,0.13009875924984976,0.07005354923811888,0.002682760442134522,-0.07342706391675291,-0.1675337315184274,-0.2987050055761671,-0.48368315853649296,-0.7089885732418769,-0.9107231402246204,-1.0,-0.932563780683935,-0.750345986391458,-0.5405202474163081,-0.36519638003918914,-0.23889565582907027,-0.14978450849290462,-0.08203468192115057,-0.025192229950478987,0.02539051064022026,0.07202639289249325,0.114858194854583,0.14970905707358706,0.17319144417464077,0.19114265064187397,0.2148670705658424,0.24879277621202547,0.2868878377715342,0.31897588092064094,0.33620074529470406,0.333235998661288,0.3104032632591693,0.2735396653271543,0.23095917230598276,0.19101299813282194,0.1599185948395681,0.1401644355240166,0.1310225673619322,0.12910107611696434,0.12967509962271961
0.2124670742085078,0.2017931077861973,0.19042601269606965,0.18991857850253335,0.2020977515124752,0.21820879325166737,0.2274989587253933,0.2234753678383069,0.20500371803150966,0.174895583287957,0.13768555056357765,0.09744080072748341,0.05450608694217146,0.003673060367186618,-0.06218057736126639,-0.15109585267025158,-0.27866714629841405,-0.46311338525462814,-0.6945517780259862,-0.906320924605525,-1.0,-0.9249243517664154,-0.725035217591709,-0.4924088582536123,-0.29265642484447413,-0.14332993681000478,-0.035545229040157035,0.044445681127847025,0.10684459988476323,0.15739960511126583,0.19839978578968887,0.22818035754140034,0.24159172955513775,0.23617684998076507,0.21796555227460304,0.19714919311031098,0.17960697920932508,0.16635931331275322,0.15830705546101714,0.15679685675765093,0.16058290337484682,0.1646772107491982,0.1636772414606915,0.15701631829703902,0.14902537767560084,0.14393155061182716,0.14337395606259568,0.14722428048100497,0.1535479636516788,0.15845887660039487
0.15449834498104426,0.13820095453386794,0.1137311665783438,0.09162615455934958,0.07983109717556555,0.08095983829520378,0.08926856890942438,0.09261323452659262,0.08320376429882026,0.06469866123676336,0.04462456417702324,0.022721863869763548,-0.00789064824900788,-0.051158311503376665,-0.10785322383729391,-0.18645542107382537,-0.30712050785239275,-0.48592546270404713,-0.7073913404710344,-0.9080890083576365,-1.0,-0.9332120485979307,-0.7394506807900381,-0.5051488546961151,-0.30564684768793016,-0.16825983311594325,-0.08241502264164245,-0.023721112827423174,0.03278936881749445,0.10142487907779826,0.1754937661611422,0.23760900065059865,0.28153692235406924,0.31137080641850895,0.3260465358491397,0.3235005247758473,0.31351785305080265,0.3090028186817237,0.3090164388076431,0.3027835169922384,0.28550063808332005,0.2614382059579113,0.23855533302289997,0.2246948441127715,0.2220722440572415,0.22646457318500396,0.23416753406030744,0.24330404002508307,0.2503303792828753,0.2531398878394542
0.16407393801217451,0.16778403588403126,0.1717790255830511,0.1736600211372981,0.17159244392109022,0.16313844764932553,0.14704757374987615,0.12348205418773395,0.09578546503374732,0.07197413030875113,0.05733631296788994,0.046989798401052406,0.03140807203499205,0.0044924837243215865,-0.040341639883711186,-0.11926962748937502,-0.2550723192880634,-0.4572110814130746,-0.6988978227701298,-0.9093233514377267,-1.0,-0.9274907086470247,-0.7329680519480671,-0.5028226321295294,-0.3002528702120808,-0.14312491608291472,-0.024329401985727344,0.06559457938409648,0.13098646882137704,0.174234229508209,0.19933612242613158,0.21144588398346517,0.21546078251581663,0.21635362990256204,0.21971705976195313,0.22949030176359672,0.24436250293837264,0.2597119772264853,0.27290868186087736,0.2819075385236967,0.28137795870042825,0.2668784934123296,0.2413567317919491,0.21280237521776513,0.18645296946522386,0.16223126824376013,0.13865808151406184,0.11683009786955505,0.10039348972825382,0.09206939613212284
0.11262908417663939,0.11805100734662959,0.13172374931022054,0.15664588077902442,0.1877641450805834,0.2104960623533254,0.21501747508250962,0.20773146737663478,0.2020462270295396,0.19990244825110876,0.1895077300510129,0.16203078607601484,0.1214439328158106,0.07416866614633685,0.015137399157473131,-0.07413361263981584,-0.21710404093783234,-0.42607253874818096,-0.6781723151407144,-0.9006404854142139,-1.0,-0.9314887190471715,-0.7361632183464139,-0.5003802201107436,-0.2929249722439672,-0.1423893085639283,-0.04824831579192087,0.0045685147219771,0.036046011262579995,0.06294339937164459,0.0938338019555085,0.12909285514066898,0.16304838600975916,0.1873335508206988,0.19654144028805598,0.19340797534035703,0.1865335252288315,0.1820857367321851,0.18171924523518485,0.1869088654167605,0.1977017976271121,0.20855162825934404,0.21262001199584826,0.20905815637658393,0.20148965949237826,0.191672269703506,0.17843594414433706,0.16152405942922515,0.1445522166585327,0.13375263474095916
0.15484299735115048,0.1478662543285916,0.1404327276309989,0.13902334254684331,0.1430024452508357,0.1467910767327153,0.14597316043029254,0.13947017466432063,0.1299738105934414,0.1222529084967174,0.1181332431892762,0.11291534636928244,0.09756110010261979,0.06332572884124416,0.002736660214001655,-0.09363685660626447,-0.23879765036029002,-0.4412524449692049,-0.6828688998344306,-0.8988990714394112,-1.0,-0.9391583467879486,-0.7521850214188581,-0.5225243921570693,-0.31822100539673626,-0.1639798353957269,-0.05213564988103557,0.03484893959968998,0.10927388686222905,0.17288358893156042,0.2187235594794855,0.24087467777831223,0.24487588492948614,0.24514486353745962,0.2520907529046064,0.2657886533572336,0.2802232951618256,0.2881697603010042,0.28364213654452536,0.26443918665241845,0.23381035264142505,0.19972344877029727,0.1707712128922036,0.15003361776092225,0.1341138353656449,0.11927745260522278,0.1058637618375461,0.0967751576664049,0.09370455732228279,0.09430561460285795
0.12938324352074557,0.1382099685007293,0.15384523379777684,0.1693168229698533,0.1770044268214747,0.17666713604925494,0.17401394388538788,0.172720843948718,0.17142052066396407,0.1664411470258031,0.1552034085707878,0.1370762506482758,0.11146845610803563,0.07492512785845254,0.018867687973258954,-0.0715030111886987,-0.21470441174620725,-0.4211037127948828,-0.6699759141467216,-0.8931831882861234,-1.0,-0.9428866850339812,-0.7573266712070825,-0.5265298583424789,-0.31762891635117174,-0.15552531918256718,-0.03646597576985731,0.05091691167846053,0.11477023487787391,0.15938305274851433,0.18851234269656186,0.20593485676257206,0.21364165285657394,0.21304912441459245,0.207749852656842,0.20235736562634432,0.19849942907913806,0.1940377450015775,0.18739488174213462,0.18048294799538273,0.1764316610669986,0.1758808749963529,0.17568392236395095,0.1714462417071051,0.16195366925831914,0.1506475302324426,0.14208310914559016,0.1377295796190323,0.13609745265818315,0.13558500652271058
0.13214843990500932,0.14050237589409786,0.15416507730817006,0.17150251462559546,0.19265151666835703,0.21625269669913547,0.23748542213180593,0.25070214345124553,0.2533011262520997,0.2444124790685637,0.2223553314271796,0.18721918085926026,0.14504615703204815,0.10421635977367193,0.061073861615461876,-0.010648905628509717,-0.14808876669735951,-0.3684334913374818,-0.6408425902848056,-0.8834794441190408,-1.0,-0.9415640647920723,-0.7419798187450183,-0.48901045764716033,-0.26307980467463093,-0.09981765295203843,0.006427847575800941,0.07827204510426583,0.1340122496377015,0.1801462082438113,0.21530238696766374,0.23606306980324154,0.23952869146031364,0.2263963607130624,0.20393867516399317,0.18172175326512482,0.16381959027827933,0.14816456825092136,0.13184084578960178,0.11326214851064505,0.09038507032446264,0.06170809925598175,0.03028440476364444,0.004887479666574703,-0.0032345419192195283,0.01310670459721305,0.0502922543897738,0.09394409158102078,0.1282084556693404,0.1454318550731971
0.1106820581638122,0.12319174399000887,0.14614610611986203,0.17754633939535167,0.21085543220499886,0.23336658866625246,0.23631075365983092,0.2232799291817139,0.20578113203651952,0.19240130532297692,0.18206640646691866,0.16623807370144691,0.1372999189867422,0.09375895186764072,0.03519516028590136,-0.048729940100642445,-0.18168063346851482,-0.3847839158636902,-0.6432330477553396,-0.8830325216642854,-1.0,-0.9369602272145766,-0.7312895268126448,-0.47685678648418406,-0.2511250906156939,-0.08387139981346088,0.02929441338366899,0.10476698751394642,0.1563751546494007,0.18943160017515942,0.2036257507097889,0.1998690415240261,0.1842969477928958,0.1671963268107113,0.15700383370274196,0.15388287784373042,0.1515455216153788,0.14609104895147026,0.13962231542950126,0.13543435267266518,0.13315624233312817,0.12942674032777576,0.12201245891666578,0.11165614404818881,0.10050669745318683,0.09083163981025409,0.0846992854801198,0.08321078670713908,0.08541337067539409,0.0880936512161177
0.038566211981214786,0.05358010980684527,0.08039590275404473,0.11430056795102833,0.14874776392119826,0.17843147058216274,0.2023320301959731,0.21971710431341226,0.22669227427387345,0.21976471663780645,0.19960400513602697,0.16906089841150038,0.12925573008496002,0.07825823809416185,0.01069621921579084,-0.08467439866804034,-0.22581148844133292,-0.42685461618591697,-0.6722983533247597,-0.8951291294732467,-1.0,-0.9355124586471568,-0.7405514381166229,-0.506408286386172,-0.30544902663276974,-0.16148952937507474,-0.06448927796136683,0.006080956918002255,0.06594344959728789,0.1194445055471066,0.16243994692300287,0.19086886879485196,0.20642205760730775,0.21511981517556406,0.22155167486719896,0.22536718557457344,0.224275407780015,0.21866822428812424,0.21099498182706092,0.20266075770572398,0.19391884553885455,0.18537343629010955,0.17707118282685405,0.16751702120151526,0.15710740151295058,0.15017870403287245,0.15038952566837163,0.15710055898345918,0.16675006690673067,0.17402018428492216
0.10555387605777834,0.10253867747295153,0.10063552747124435,0.10557360685213307,0.12082168917229034,0.14307561069570826,0.16376702331180196,0.17597902529464632,0.1773316611591917,0.1680685249626751,0.1500347882253387,0.12677417470649502,0.10111650941659758,0.0706144383426538,0.024585824423348997,-0.05561887612881801,-0.1927456867801456,-0.4003497021424031,-0.6569363315618129,-0.8890911952258506,-1.0,-0.9388987939522103,-0.7423680576301119,-0.4980903723583579,-0.2779684222634901,-0.11015970459880968,0.007776957593964544,0.08908474001737703,0.14690038411455048,0.19028557197026505,0.22266006530044954,0.2417099794629571,0.24378456201161247,0.2314529761737157,0.2145590095246374,0.20085888896607657,0.19002005433433866,0.1791189843246008,0.16818655598181956,0.1590181685660487,0.1528425092923993,0.150016640586795,0.15035898306489653,0.15287354643370255,0.15479973547624495,0.15245126514713875,0.1447812063818492,0.13470427527378429,0.12611974437751447,0.12139138070041632
0.19874888194036266,0.19669172528111842,0.19510068761455562,0.1976289642858839,0.20490791036626738,0.21290581973674916,0.21673212108239473,0.21291633264961343,0.20065708094143636,0.1844707351220395,0.17145287589099217,0.16314914091394087,0.15114405464923553,0.12119060966833363,0.0605457340103849,-0.04144164768879817,-0.1971764563974339,-0.414230035769246,-0.6721942044673102,-0.9007286269059109,-1.0,-0.9156153847346045,-0.6938796391129135,-0.4415974426642995,-0.23754470873842107,-0.096897635546506,-0.0019026625065124536,0.062149295508704724,0.10166803165945511,0.1247872232446094,0.14321739353288487,0.1643923234343349,0.1854129287640627,0.1969902442707039,0.19448209867087962,0.18298950518875845,0.17073020089608992,0.16062721236944458,0.14911460216877076,0.13167952314652662,0.1098780617578665,0.09167120272468314,0.0831270248326579,0.08234269372351136,0.08368908068457447,0.08520455795779339,0.08935759009441095,0.09863726072272,0.11148303784542928,0.12133467717977517
0.01312711418579585,0.014002444310282696,0.011531889779821706,0.005497655918417298,0.0037924779148361854,0.013782688744083756,0.03320675188018853,0.05406819320384088,0.07107760837471237,0.08318998931154407,0.09166849388359812,0.09905069287890475,0.10504708176380434,0.10030000423796197,0.06581287569452146,-0.020748484606691795,-0.17656663567788305,-0.40235141462881335,-0.6659916017313526,-0.8943406116496868,-1.0,-0.940960835794096,-0.7542652752891967,-0.5205837807746612,-0.3016404653033167,-0.11506850554515062,0.04597674261343889,0.18611263210263695,0.3029187627351506,0.39509838665473246,0.46233044026949427,0.5012216284008613,0.5091696394900567,0.4882782154201404,0.44423649875769566,0.3864876323665877,0.32708525026703034,0.2746255645500104,0.2300267120445369,0.1882876527626302,0.14312467626670286,0.09217930155863449,0.04069348413999704,-0.00013574023134453814,-0.020522395701394833,-0.01995497658639023,-0.007364626681154662,0.007725928719562672,0.020815966415193933,0.02894427258372534
0.1604597553843243,0.16460791894978416,0.17635362811512587,0.19810424057723772,0.22475427649637406,0.24422236549178897,0.247336653743341,0.23658652469858868,0.2240078442098373,0.21911105180768153,0.21847073057356156,0.20853125130505895,0.17827214099079766,0.12627277803040432,0.05383413582017592,-0.04745095501503386,-0.19784742909760938,-0.4121062031772328,-0.6691426705139947,-0.8962914990939456,-1.0,-0.9329708482880733,-0.7321098027756837,-0.4837344107028617,-0.2592615610376545,-0.08730022349654186,0.031948207387573146,0.10541894572140723,0.1405583996527551,0.1480829701273315,0.14106140341685078,0.12883049667899668,0.1140290245880723,0.09574486247212993,0.0741827829791258,0.052720060714573545,0.037667277077190274,0.035829402557566364,0.04947517595582279,0.07382842421967799,0.10004639869809623,0.12023153528665963,0.13210064792631768,0.14003059032904244,0.14997413293476256,0.16387373682069442,0.17989125273481868,0.1956731221098243,0.20904450855774348,0.2170469480575169
0.04281719726774589,0.05394499276078496,0.07430608692655373,0.0996064650099606,0.12533332940505493,0.15059007519525944,0.17680676584465146,0.20234590577218928,0.22264740192333962,0.23571610581697905,0.24350265749737018,0.24815528516431246,0.2482162451848638,0.23553748633989355,0.19269196606463732,0.09465695687617127,-0.08070186459814609,-0.33454595289246386,-0.6283648670953625,-0.880529995084112,-1.0,-0.9468335436274073,-0.761282051595336,-0.5276483194187064,-0.31553808354185714,-0.15340187035206584,-0.037908409078351565,0.04532465766152468,0.10709571434183315,0.15139068628655383,0.17883832476293826,0.1907302811832207,0.1908899968432375,0.18421718388908107,0.17402201131517053,0.16161783148726822,0.14825547582420373,0.13652532515573332,0.12957225001602188,0.1286399622029083,0.13082127173679778,0.13053722877371354,0.12502782234241433,0.11699795705733164,0.1103387367237295,0.10549468553397769,0.10066941702241741,0.09522421539564975,0.09028145445934894,0.08736754421896568
0.104857401064998,0.12050484409406258,0.14571633133378473,0.16657035206067963,0.16798724781370702,0.14575221304458666,0.11184815468001306,0.08797628904864735,0.0894688809073483,0.11206917735821753,0.13701031763946572,0.1489701904742652,0.14496641540870717,0.12536494193163042,0.07995858668661976,-0.013904358642764233,-0.17754965335149026,-0.41078199914304186,-0.6763606698282684,-0.8999629443751156,-1.0,-0.9401579307801841,-0.7556508671305294,-0.5219633683828843,-0.3031856907310892,-0.12905633358982954,-0.003143126538615864,0.08281073365443058,0.14128755478216276,0.18339239511475203,0.21266053827505307,0.22574273539466613,0.22155302305510316,0.20665975966617348,0.1894144872203747,0.17233583070771383,0.15456320792442504,0.13939267144758147,0.13303675478107396,0.13653874829433765,0.14414620996368815,0.1500321207937518,0.15385753475830138,0.15915223563280617,0.16800668486943024,0.1789979792128359,0.18946914535252593,0.19724078995671687,0.20092288814957035,0.20148156993960467
0.10471311788399579,0.10359901062029482,0.10512691647693818,0.11344871344392841,0.12710201084763253,0.14067118223871672,0.15176171054970777,0.15930153710482942,0.15866682378749164,0.1464772934604304,0.12891802450186185,0.11911932319452793,0.12228791317505101,0.12492615783048085,0.10090401509951039,0.023825067554101496,-0.12687748828951884,-0.35641473236811133,-0.633069292084782,-0.8780065898983319,-1.0,-0.9593651398770495,-0.7935984026150437,-0.5774330176402499,-0.3717748689246357,-0.2076570495394462,-0.09029894339518345,-0.0048965941615728105,0.0688167937534345,0.13805674644794166,0.19462953413801057,0.22993656610633265,0.247571115916733,0.2589590585755516,0.27025164249360084,0.2781628241174335,0.27576446768081203,0.25964648808249435,0.23507969343677967,0.2138407061649517,0.2030467557123275,0.19803450423025223,0.18979774914800226,0.1761018462057916,0.1602919640861732,0.14286161399507455,0.12059573396926163,0.09287874584565066,0.06564533193842996,0.048573418979386634
0.06640593162165301,0.06403419530460172,0.06238735319067335,0.062387318860535224,0.06203029109032096,0.06155318202431445,0.0643286590828667,0.07489473651420135,0.09863770492709377,0.13652025406799684,0.17883837025248825,0.21005571057485167,0.21908855694094734,0.20199237350267,0.15431327722448107,0.060495304199801286,-0.10400178034772116,-0.34845067589151874,-0.6365398841492165,-0.8839695051778516,-1.0,-0.9465669442847399,-0.7622149330496236,-0.5272212001014749,-0.3091315980425483,-0.13835340566072574,-0.016923227722378923,0.0639962058114004,0.11338152261745625,0.1390624289453622,0.15181208782110484,0.16502522372376047,0.18574410052305063,0.20941436698447227,0.22827373569168008,0.24082896180577787,0.24856950157658697,0.24877666703138315,0.2376530414019651,0.21819914353838585,0.19817211348365343,0.18028266953779096,0.1599781506877074,0.1339654001435731,0.10862825346147173,0.09799407829754389,0.10972884661675344,0.13456208730933558,0.1557519368838224,0.16560941115426403
0.07247652995632754,0.0795895143615201,0.09398037485124558,0.11296824846956334,0.13026337314824107,0.1409515886939312,0.14735437599699144,0.1563692133248033,0.1698410989539648,0.18067024983356322,0.1795439082244116,0.1639579415010266,0.1409883912911531,0.1215548768806583,0.10764822660345902,0.077658997572123,-0.017026772167415306,-0.22392765101901393,-0.5312383480581171,-0.835954000879703,-1.0,-0.9559142365712324,-0.7495662718966057,-0.48508263471521995,-0.24780379062191135,-0.0734222394952981,0.03938355060387439,0.10524156797056176,0.1386535747970159,0.1525522166869973,0.15897000447507667,0.1660006897385431,0.1747288507659281,0.1819351262967995,0.1859442554313385,0.18745600692337558,0.18517362913339658,0.17523917776712272,0.15666780767352728,0.13257574923837737,0.1055798094110083,0.07826650222241698,0.05768204542913041,0.05210885525394747,0.0626529801961055,0.08227024407519228,0.10214490474897489,0.11626296543336853,0.12268858981787442,0.12393993167157988
0.257787009120708,0.26160893128211893,0.26340726248400176,0.2579068369514836,0.24345160750560285,0.22015972103866757,0.1889769214034589,0.1553122851092138,0.1293467198572416,0.11672344862773709,0.11239379298383856,0.10762957263159295,0.09728393650038092,0.07516852623147786,0.028166669935850628,-0.06062246603011794,-0.20702138652892008,-0.4201018396529573,-0.6805483767361962,-0.9118964995416583,-1.0,-0.8794285452685644,-0.5963517177520565,-0.2693733281899518,-0.0038868020593026712,0.15210446026181637,0.20591705805033925,0.20107966940913216,0.1873220325898489,0.1912434455201075,0.2086246583811465,0.21725017425734927,0.1962109903117967,0.14218754420128824,0.07289412347435295,0.013628696859298246,-0.020830032348325467,-0.03139391335823727,-0.02528993934811377,-0.010292166546773075,0.0027636519332534105,0.0070027180047084895,0.010707981112821518,0.028985656124645064,0.0650384922084862,0.10632797501080928,0.13689257286538684,0.15060544252640506,0.15290634182088014,0.1520200867739272
0.10050770133726299,0.11084780622071697,0.13667459656291767,0.1774534503903278,0.2198257700259788,0.2456535057429523,0.24464146073498486,0.2189127538189014,0.1802853092588118,0.14486707948017033,0.1260162658312365,0.12747923921015042,0.14237800763172695,0.1569201310885668,0.15233194701807112,0.10228187628114707,-0.027729364889698033,-0.26056123218641547,-0.5669883579011631,-0.8508717435242515,-1.0,-0.9658790756866874,-0.7919289564429295,-0.5657920412523437,-0.3553070708560956,-0.18819305866451155,-0.0685813681245323,0.008737828754357392,0.057974167923550396,0.09856256359276935,0.13992321280712458,0.17391317868809847,0.18840182220713744,0.18138637577650005,0.15814742941397283,0.12423589830819524,0.08692826959457559,0.058640188859035255,0.05090233207420815,0.06355993973194993,0.08604494275537802,0.11005064714114299,0.13479534559868658,0.16050155209927597,0.18404124696444524,0.201381730135984,0.2089513100252245,0.20457015975960668,0.19193510049259435,0.1811701261908912
0.08927141746947137,0.09839891491031076,0.11991989426227846,0.15033709673059026,0.17697759441475727,0.18997439976690136,0.19064263340937843,0.18564952662999196,0.17970469736200764,0.17491726949658848,0.1708341373548643,0.16330194505708268,0.1459643031554219,0.11259211773839302,0.05560570133404018,-0.03795224736090381,-0.18588793474095247,-0.3986917071119735,-0.6555082686899752,-0.8869783997007578,-1.0,-0.9440464881301468,-0.752508095254422,-0.5103103098077405,-0.2904902251374122,-0.1238432799909099,-0.008371612978720308,0.07006584672906384,0.12493746184977689,0.16522947032853527,0.19527889208109708,0.21559904369246466,0.2245788293603794,0.22176931409561418,0.21060624411798284,0.19634722768725138,0.18163885240854455,0.16583277982229291,0.1484272037884731,0.13114764501942994,0.11623520207111634,0.10539122249537358,0.10053955556747143,0.10329411139465654,0.11406174393087944,0.13109572124157384,0.1496535627429618,0.16474105821514548,0.17457315092868794,0.1794527802430637
0.11639805151362248,0.0851149582054408,0.03529526061690908,-0.012141046313475205,-0.03124750001031003,-0.0029866385861268977,0.06702594301309346,0.1498957905975542,0.21547001100077529,0.24901928722029132,0.25070959053300923,0.2289939768192428,0.1939229359927313,0.1480923195064728,0.08153376858326974,-0.024488259841128252,-0.18856753353593986,-0.41512370367402784,-0.6755840857090449,-0.8995396651814058,-1.0,-0.929788565055948,-0.7173801431764839,-0.4439204672344013,-0.1911825085970707,-0.006645244873802705,0.10341786490850026,0.15950654309732162,0.18515805895750742,0.19398353965799267,0.19458727938275566,0.19821835675950777,0.21484067640059404,0.24368511175446092,0.27360993262642747,0.2934507886062713,0.2982370116923479,0.28589021681165333,0.2546980937500537,0.20805580529919182,0.15732688893371796,0.11469844360542955,0.08382803316157574,0.059517605429425705,0.037322396186728876,0.021621259383762918,0.019686959253595756,0.029549553776307583,0.040537080942475885,0.04569596780914718
0.1016893325335452,0.08801613510595394,0.07302599481006257,0.0650213317184014,0.062446705822934316,0.0631304703691822,0.07041627159786298,0.08661736891836441,0.1056771887780807,0.11787164578541134,0.11979667506399372,0.11718317822402989,0.11798336068472498,0.12180782866649834,0.11308685405778314,0.060496119851147806,-0.07383808554872166,-0.30800663957365426,-0.6062840058849027,-0.8730161902891522,-1.0,-0.9399108526326035,-0.736907318248573,-0.48296867720473835,-0.2531528505436702,-0.08185342166268623,0.024713143939876267,0.07516014007094912,0.08999627084641727,0.09592198399743207,0.1097132124578098,0.12942633224206232,0.1483522614089126,0.1697732881742877,0.1984299479394171,0.22720565889381278,0.24260300429267206,0.23761633918428915,0.21717333628448038,0.1964071546483872,0.19014577415816117,0.19898683154151509,0.20850725273551557,0.20382958140858998,0.18337584790366085,0.15867527453621083,0.14242551890547683,0.13816516681594673,0.1409281311345887,0.144140126080254
0.12489201544383864,0.12769654573256764,0.1375596766464192,0.1561655687998516,0.17864978417291652,0.19674438037820655,0.20482139340863156,0.20325110297600538,0.19636351193899518,0.18767768537825846,0.1779011771822123,0.1658407683109526,0.14832491174101528,0.11837569040165528,0.06409541776313533,-0.030453169053376385,-0.18223347027778128,-0.3991064965448371,-0.6578548847441545,-0.8883374777506816,-1.0,-0.9473615761177168,-0.7671075790832285,-0.5418895388671027,-0.3374754924600503,-0.17774470472821216,-0.059545675683324265,0.026297517626384274,0.08652846260209612,0.12595853139345076,0.1480124072543449,0.1550650496714569,0.151692842206461,0.1460760354409021,0.14581739288975193,0.15390949091822684,0.16902939124782945,0.18699789762281363,0.20166833142394802,0.20747120564442992,0.20285834981256762,0.19105120796728983,0.1779813355163592,0.1692928397205477,0.16685644143018694,0.1671382390410009,0.16483694221721398,0.1585099646348416,0.15117091884750564,0.14652963990619428
0.04687286911301617,0.0626062535988449,0.08339670914406147,0.10211463463607992,0.12177050838606081,0.14610452858657735,0.17134385232649596,0.19019130309838164,0.19955154587491827,0.20226718606323463,0.20205790074799684,0.19907652949148877,0.19031532627409084,0.16869669884306412,0.11973748366769822,0.022862311628909206,-0.14149896521566332,-0.37822978068120533,-0.6554700484934,-0.893923140623942,-1.0,-0.9316226191297242,-0.7301824722524484,-0.48280798169343386,-0.26110597307434946,-0.09319625870473587,0.027249814672110302,0.11900357558949799,0.1940146665304522,0.25011993937682203,0.2788813188495271,0.2771757402423785,0.251440446150504,0.21481262641373586,0.17918437172060314,0.14837954392364439,0.12062911885202443,0.09579706564700212,0.07744079353041261,0.06979640261985653,0.07482121524142617,0.08977257942575119,0.10552164515245509,0.11065241767992968,0.10264923380360585,0.09299837754676878,0.09468871366885406,0.10794782801133798,0.12335304916036063,0.13274111457892263
0.22771687717610756,0.22858443568079498,0.220335763205171,0.1972432693420508,0.1687472372434383,0.15222765130857174,0.15618949173179147,0.17328639623058384,0.18741543291226723,0.18522324667809564,0.16448764005653993,0.13437820769111694,0.10504567443702106,0.07465182208563378,0.025758909871786508,-0.06747656689450195,-0.22531704039106984,-0.4464436852306123,-0.6962965374676778,-0.9068489257777582,-1.0,-0.9348984427936965,-0.7407999958621313,-0.496505143331361,-0.2751431251554434,-0.1069043310539415,0.015414699311524258,0.10933596631051706,0.18602346407360712,0.24890904722629184,0.29589429618320806,0.3230557016383987,0.33071081967694443,0.32380745590810006,0.3054766642250118,0.274122187601455,0.22856245883936213,0.1748624118483421,0.1255532825857842,0.0906709689861362,0.07115899663626538,0.060804707585541844,0.052151995879906654,0.041197498338354045,0.029674711013400377,0.023864872524348473,0.02874332748573437,0.04170235859644976,0.05392250868594183,0.05972133714659746
0.06944992793164706,0.08334811447252824,0.11505186169571356,0.16237402480175325,0.21175965276275913,0.24798044782639556,0.26698810762275815,0.27520529762737933,0.27968142289093034,0.282904198343805,0.28330539009558336,0.27547297745182464,0.25146576883081173,0.2046071779705789,0.13023327387558717,0.021161124239725083,-0.1365593494244395,-0.35644592677897,-0.6245235553156273,-0.8724085027608787,-1.0,-0.9516368856600604,-0.7644895424254333,-0.5316769424302262,-0.3303099718062565,-0.18840487857843138,-0.09874893441544795,-0.042561889958342154,0.001140125607699139,0.051468600548643634,0.11515350284189403,0.17933396270658197,0.22254740827076164,0.23642273893114157,0.23067715627475083,0.21688785333449773,0.198550044720349,0.17686112956258843,0.1553384354910297,0.13800690096083046,0.12809604429736401,0.12666284284993487,0.1286866493554425,0.12352563213282969,0.10513235834771344,0.07944238753299189,0.05606675676952543,0.037088683856940065,0.020467179339943905,0.009221217380878822
0.08294397814885086,0.09165867740924559,0.10656297243060973,0.12685817563863797,0.15127416306531444,0.17662204406768475,0.2018482675719998,0.22496731089948027,0.24054580419092614,0.24735771928866038,0.2493823086639679,0.24633348525654786,0.23249813912979223,0.20415549055699098,0.15658972951312158,0.07239466982070594,-0.07686577729388515,-0.30791180077231617,-0.5950505022591788,-0.8585067310028645,-1.0,-0.9707989302834561,-0.8054230984774897,-0.5862582731486751,-0.38462440080361776,-0.23128728208884217,-0.12223295781869534,-0.04117572965391823,0.022109296899541827,0.06960156407172614,0.1014482132346718,0.11867742050821453,0.12403260902854461,0.12445940217196975,0.12954078931500468,0.14444307845203108,0.16547975000273807,0.18505031711907544,0.1999602291118993,0.2114197324137878,0.2195406874171333,0.22203911280356148,0.21624906718473724,0.20137081424505363,0.17968843591917588,0.1541877262242955,0.12682678398319425,0.10080895440304109,0.0808650468844142,0.07034351655659074
0.14123472556184094,0.13263912528795768,0.1268561960801274,0.13451390381908204,0.1530830890108276,0.17227969421960407,0.18809245015287726,0.2025699985372407,0.21320260721989462,0.21098920741969068,0.189073098005661,0.14857400012224867,0.09687021706010304,0.0416146911052927,-0.018266614189824948,-0.10001245311181184,-0.23288911880760127,-0.4359650860164997,-0.6873118270562935,-0.9095348438800797,-1.0,-0.905202323938236,-0.6712572154188852,-0.40437696934743095,-0.18666317425773646,-0.04000520321846656,0.05016603192399557,0.10320744822284772,0.13213652738598758,0.14430192366465278,0.14453802148683306,0.1384125236003933,0.13192945665787087,0.12901273050060194,0.13076315521611265,0.1361768981661421,0.14384014002280274,0.15338921018137405,0.16358831454761583,0.17039646085332935,0.17042111000746266,0.1645155294472181,0.15672790135871847,0.15197312085952117,0.15285442119956819,0.15715336083570583,0.16006014694110024,0.15799784271225842,0.151279459758357,0.1450500900899478
0.08993972609653315,0.09848037602139585,0.12386921942992524,0.16588916916634985,0.21170319788345557,0.2493589777721223,0.27451631276464766,0.2860051791868175,0.28255394102477205,0.26225444403806103,0.22260239176472743,0.1619714962704413,0.08204022941263632,-0.011744905073721914,-0.11431321022946321,-0.22765278049305945,-0.36378486011082833,-0.5366016014062771,-0.7382842858284553,-0.9178571472887816,-1.0,-0.9433560644207786,-0.7748111741267008,-0.5618827257206167,-0.36360319817339987,-0.20691131888675635,-0.0915125373327473,-0.006191604336340877,0.05910615673927089,0.11121107865879151,0.15459190374895324,0.19072049030269977,0.21923279666222223,0.2399620278106824,0.253264039240129,0.25975286526761077,0.25951840419824224,0.25102921090674135,0.23306885506306915,0.209293652484199,0.1882475530784582,0.1765067685044058,0.1740447531546469,0.17747394426278967,0.184046650307645,0.19187990325553858,0.19922746454239088,0.20413505154037015,0.20566880148804795,0.20534038137913707
0.2634547831084669,0.2525381060577888,0.23990396465011068,0.23439594914223733,0.23677489058252313,0.24192474791452204,0.24648729683878046,0.2514157915245436,0.2563618785731567,0.25560090786453754,0.24233850986320143,0.21331103794555786,0.167606745342043,0.1045944725331975,0.02222676464436465,-0.08683917141142426,-0.2369208514784047,-0.4398831583968709,-0.6808191303191558,-0.8970764088865868,-1.0,-0.9413700249135288,-0.7548126905484447,-0.5223623113383842,-0.3127202784467641,-0.15523615550822895,-0.050642999930736954,0.01262956869075027,0.04935720522342652,0.07160371420068387,0.0868010119216926,0.09955538965688163,0.111093951984684,0.1186997025621082,0.11899356259793546,0.11131577305296582,0.099592036236097,0.09171510276820705,0.09499195633143763,0.11144569817965468,0.13552533894551125,0.15628448096528716,0.16592796029621554,0.1662588212217363,0.16392374824931175,0.16280915912283625,0.1649655762300903,0.17306804054963323,0.18624305368188868,0.1969464819244632
0.048345619165133136,0.055752122869541565,0.07364782229687863,0.09991267466451535,0.12789489337445065,0.15349865220635137,0.17190200523966298,0.1742083499236647,0.15651226281123326,0.12563323775563492,0.0902954319035003,0.050511240600008264,-0.000934146938823193,-0.0692440337983871,-0.15471163746369274,-0.2599281067452771,-0.3950829138011011,-0.568962330324352,-0.7669300336068755,-0.9349773508387751,-1.0,-0.9259808366379241,-0.7486959617271963,-0.5449064639021297,-0.3746665774990091,-0.25620779196907384,-0.17648703547418773,-0.1105476470317523,-0.03728024670388283,0.05251713077760098,0.15790014287381524,0.2718773775797731,0.3823006139486999,0.474615828776679,0.5369538553511051,0.5628970389519737,0.5535010217883017,0.5168989583538256,0.46277638327064224,0.3997057527661976,0.3371798011033977,0.28267971559561667,0.23567270685291802,0.19056681067581455,0.14686149785627312,0.11148272530398691,0.0901863552384008,0.08071809133183563,0.07636574068894045,0.0737712525660669
0.12043727737909675,0.13289068365406473,0.15278236636220277,0.17495827710788844,0.19627428273915246,0.21341441568361808,0.22303091508735948,0.22378502737680492,0.2154936133229081,0.19807590258642152,0.17226310314457488,0.13884307531870832,0.09636070392433349,0.04042114325293228,-0.035447157242125035,-0.14064864819313191,-0.2880125276157104,-0.48488168212747695,-0.7124656816139372,-0.9108299326428884,-1.0,-0.9381322521896631,-0.7584365625838748,-0.5380835191203582,-0.3394436455440474,-0.18575898710363398,-0.07313842218306378,0.010753169507404823,0.07609710316002065,0.1284621599781198,0.16983368851253489,0.20020087245740487,0.2196394535908885,0.2292742618057154,0.23037096438335172,0.22431442006173033,0.21453136794024424,0.2067805010706388,0.205107015048304,0.20769283964678253,0.20868824186551926,0.20392083698750393,0.19354619446973914,0.18056638974041175,0.1686981517604423,0.16084420506425748,0.15845811273393387,0.16192871171120668,0.16977903951671278,0.17676053020697757
0.14834738814126772,0.1491481608080893,0.1546083601951861,0.1658098695551536,0.1809800881777626,0.19886018192857852,0.21729823619667674,0.2308640473914962,0.23309013915031054,0.2210774959250867,0.19667367118117435,0.16322833326097613,0.12165055286002503,0.06912236188732196,-0.0002451306302621754,-0.09741590246773685,-0.24017688350018448,-0.4416869466786561,-0.6839161918869526,-0.8999393084652316,-1.0,-0.9377749353542641,-0.7498479816076062,-0.5203142663874364,-0.31640114778908623,-0.16250698071698916,-0.05508963268460051,0.017313765480367314,0.06568282307973179,0.0984629533195933,0.12180375141244203,0.1410785543949528,0.16047083044041274,0.18100285628043175,0.2002644813608377,0.2141507606205541,0.21920637293776513,0.21464760893122806,0.2032783890183167,0.19023718700364292,0.1798897161999652,0.17392812485893858,0.1724732057568375,0.17486813542390978,0.17745331695896266,0.17389389638432093,0.16184005639445495,0.14664063356319085,0.1354484967008653,0.1305205049881791
0.1295392165998679,0.1323474462168666,0.13956548006389338,0.1526853225066872,0.1699560300477305,0.1864417895132877,0.19829835393389608,0.20552946558907967,0.21030199034231992,0.21329971042593568,0.21115950933761088,0.19788972083320297,0.17001232011378936,0.12760095141236935,0.06646998435307229,-0.029259447137025864,-0.181797175138409,-0.40102971866838255,-0.6614505138273503,-0.8913418929247341,-1.0,-0.9414882365511457,-0.7533539786380669,-0.5214799172338065,-0.3149225058000223,-0.15893758097204225,-0.04903679406845388,0.02876263374315829,0.08700732769346213,0.13268261754969995,0.16794043566587788,0.19356318425473606,0.21096441882229003,0.2206836275677156,0.22079047621428566,0.20952820110383893,0.1895977584141411,0.1678416842436016,0.15036380444771597,0.13881938051319512,0.13109025218531298,0.12442904397107313,0.1179454676484411,0.11273333104871963,0.11075564802158905,0.11371058853231056,0.12188612946241449,0.13432366901575624,0.14860449774914725,0.1589762918013469
0.04998936564395863,0.060781380697137025,0.08081655557885899,0.10671456218957134,0.13218430926649233,0.15045834744101647,0.16010780575255443,0.16628439991495347,0.17422016511846022,0.18216218980223492,0.18287639196553768,0.17189839043295488,0.15069487933076334,0.11995435467511875,0.07109019073871181,-0.015840885329062932,-0.1648688859171836,-0.3861342650517236,-0.651917332726427,-0.8871535690667586,-1.0,-0.9437513212691563,-0.7519112752927541,-0.5065392376582761,-0.2789067747166302,-0.10079261593486186,0.027069489850501803,0.11545745149845374,0.1741548819172338,0.20957755049508178,0.22706762241309286,0.23150115118199435,0.22572357410730212,0.2107169147628545,0.18879740211781063,0.16561260289818147,0.14780436512117145,0.13924841348388914,0.13939139107112947,0.1443953151681569,0.15028026635350133,0.15500648451583945,0.1581624009727,0.15942096421368857,0.15699908648194671,0.14833510517555357,0.1333742955782896,0.11661650650860117,0.10421184969270816,0.09865778883482702
0.1668288393321149,0.17786034952699695,0.19252897027021182,0.20073829544505112,0.1955215276531988,0.17584789863185193,0.14621522605633283,0.11486609780461442,0.09055598872268794,0.07807622695984155,0.0752725164250834,0.07372730492831692,0.06288782531002127,0.033956970632716174,-0.021339472510514306,-0.1154620821772005,-0.26460094193895933,-0.4754561288338942,-0.7212266753130402,-0.9276544333351385,-1.0,-0.8880053781888546,-0.6294924093436467,-0.32369784143333785,-0.06401696003986608,0.10656987428328128,0.19407387018945715,0.22626400522932624,0.22922819330977495,0.21947836547542413,0.20501377813936603,0.18856590332486087,0.171147789178355,0.15459828354489644,0.14146891790846625,0.13305990010215138,0.1299093938333009,0.133586291173885,0.1446124356718096,0.15938702459231793,0.1707743401107138,0.1709095408189637,0.15532268607411162,0.12727061536912893,0.09769079912071157,0.07865199601987935,0.07415551280821893,0.07731569946690549,0.07905007547711555,0.07796299419299066
0.057731022044257126,0.07599896594819958,0.10094146522635103,0.11821136657088997,0.12205905432284754,0.11831032738673554,0.11646602313733534,0.12129792308056832,0.13287872300344442,0.14998311524923735,0.16875785871253712,0.18147834792369613,0.18223356737219,0.1706404979220769,0.1423585321844703,0.07577675405366814,-0.06380836917923827,-0.2959182639309472,-0.5904842534721645,-0.8598414944071955,-1.0,-0.9602760443764516,-0.7770018494920368,-0.5368766770660649,-0.31411062776799925,-0.1403010004220587,-0.014056223928906595,0.07658944466740356,0.1402735861473446,0.1810614954503952,0.20316805471789665,0.21203615394695788,0.21021272431784668,0.19783870544577925,0.17900834579647454,0.16202401111976775,0.15228116863059168,0.14901017757126567,0.14918799210160263,0.15173606848484966,0.15651490520279812,0.1601779288552961,0.15654127576304475,0.14380370798902395,0.12882195400122418,0.12042220736950307,0.12019433756029488,0.12263465441050342,0.12277903891938222,0.12123332143531174
0.1400567684392102,0.14440792993271356,0.15797915095744455,0.18482328130678383,0.21804431098757956,0.2406311142253352,0.24032702976920942,0.21840701068680535,0.18580676388883777,0.156739291744022,0.14082743108709833,0.13586636824237752,0.12916608064422838,0.10350850837094407,0.040023622974582104,-0.07786661822689209,-0.25598533324464623,-0.4836696335887009,-0.729252272019935,-0.9297672662132613,-1.0,-0.8882838961978929,-0.6321596541434973,-0.338785970125826,-0.10658260855727489,0.028483850521430456,0.08637976689172551,0.10609501746891167,0.11627229411334654,0.1272049751949147,0.13826627328314903,0.14737154995236848,0.1537799805470526,0.1575667578129506,0.16027271734032048,0.16360371844108873,0.16706938664066967,0.16973777761563255,0.17052570623975008,0.1624685431365019,0.13509405015206633,0.08944418880811665,0.04491439171344352,0.02625494207650198,0.04340184419758681,0.08309194110647317,0.12044893457445174,0.13855664087245098,0.1379222450982782,0.13151109526157273
0.07279688698157612,0.0677190140022467,0.0649956651419393,0.06897132137152778,0.07673531486345743,0.0862461266187487,0.10058087983704257,0.12290883136810891,0.15238262822198692,0.1832485593680144,0.20503248209215144,0.2047044077911295,0.17274618705420455,0.11101624227344678,0.03140732583866046,-0.06288426041953964,-0.19381933007191096,-0.3909011348809624,-0.6451004905210547,-0.8824823976635897,-1.0,-0.9440255093636593,-0.7514299717733729,-0.510820767860775,-0.2958104812955197,-0.1348336559518291,-0.022348745546150788,0.05865021432909906,0.12275304371800473,0.17672368185027015,0.2186423514649407,0.2428879484323898,0.2465478572015138,0.23099472701867266,0.2024814646114312,0.17287838878351433,0.15491087585090405,0.15461463910762765,0.16875625806988656,0.18818548038408583,0.20376165592329618,0.21090088740392912,0.20970304274087273,0.2028062581572525,0.1934317254089316,0.18246858774002417,0.16811915358073592,0.15014568739340478,0.1321786222443318,0.12042232110900339
0.15403080135349395,0.15291138093928341,0.15727639547570438,0.17213858380682667,0.1924878976274649,0.20576922817911344,0.20422146693753646,0.19188330451964658,0.17873026017287452,0.1708714333586897,0.16667524794498448,0.15834875517266714,0.1355339866925659,0.08941320429568139,0.014211515345108769,-0.09573386401045894,-0.24976326569668533,-0.45531689471875325,-0.6951046251183184,-0.905897759322148,-1.0,-0.9317848393812527,-0.7397887953537952,-0.5109445350774695,-0.3135868155168723,-0.17018534017095724,-0.07266111880480607,-0.004855717159997143,0.04623933575222082,0.0884671446326366,0.12567977970092667,0.15910889642005197,0.18806286366249575,0.21018746737710636,0.22273458260699538,0.22516802176046105,0.220947541762755,0.2166386577108195,0.21726901543828084,0.2209720876581255,0.22036310578249396,0.21049330080647835,0.1935389452072567,0.1751888453938836,0.15931826866180568,0.14716112899385075,0.13928780717598563,0.13637329632838638,0.13773452855099722,0.14018548712585818
0.06564283901454711,0.0589766472804529,0.05640418339289467,0.06345364351390154,0.07582984334848364,0.08798438353179373,0.09878761095766615,0.10981172687394841,0.120449259798142,0.12636799286215658,0.12221147249594283,0.10399011344471669,0.070158196426656,0.020042840936911166,-0.04902592708803448,-0.14397467279473783,-0.27994885731425995,-0.4729256472725716,-0.7085561947556475,-0.9166574952572814,-1.0,-0.9108674845083194,-0.6940067266559582,-0.44244766782139683,-0.22433609469270807,-0.05971334949209309,0.0578838582253242,0.13989610355102935,0.19473821386684131,0.22710476362621038,0.2419532913855601,0.24625779545984802,0.2433069470204184,0.2303345135984258,0.20915621058563302,0.19418089465896096,0.20052488453789827,0.22688716537779927,0.2560637394686782,0.2707827028313173,0.2663340327197633,0.2482607959565374,0.22196279219611814,0.1891837150925659,0.1546003681016838,0.1297206541939775,0.1239668514603855,0.1349289617648488,0.15151115830851647,0.1628089497864533
0.09995997567787278,0.09051655629453718,0.07453274343377944,0.060170017535693184,0.055326247946392064,0.06100160472457534,0.07450177920879263,0.09505186418043826,0.12289943994190712,0.15628114457939002,0.191877296024846,0.226985820835373,0.25926706800620847,0.2821448892945059,0.27695480543658546,0.20997615592653404,0.0458277783004797,-0.22378268404874974,-0.553852565806712,-0.8473111840504342,-1.0,-0.966891373449972,-0.7879313639804798,-0.5470292895305754,-0.3148405744930511,-0.12779620336815076,0.004070140267949966,0.0879124080610824,0.14148114814147364,0.18228529472315702,0.21653047236190667,0.23814584554202284,0.23883920559469152,0.21880919336406016,0.18836658434466264,0.1610516616945296,0.14513362842640903,0.1388419603762012,0.13346722819393275,0.12331129523460814,0.11189464729949042,0.10644083942089548,0.10751260285186612,0.10762328976129665,0.1001599437823767,0.08520152786395044,0.06610005353404512,0.045246939581022355,0.025370664717187824,0.012363476241395404
0.12517870108274942,0.10457707711095666,0.08008121431585227,0.07393533770529281,0.09324111387911645,0.1229776637982585,0.14339821779502931,0.14823414956976116,0.1434345416205243,0.13530690817320817,0.1269389136057098,0.12220019482537015,0.12198117881341664,0.11583764806366052,0.08444581644362502,0.005972224532860791,-0.14300670968739038,-0.37504702244909394,-0.6591177388885304,-0.9035245017868578,-1.0,-0.9052894439227497,-0.6737684074831206,-0.40808655963936424,-0.18865661316800875,-0.04467978160123021,0.032786556123169046,0.06687109928071704,0.07940296746985971,0.08594679835976278,0.09499772142697673,0.10707606170521662,0.11827558075583094,0.1279839338482693,0.14081223158970013,0.16109272009981046,0.18813520056886213,0.21517726157689332,0.2316088286309979,0.23008245914998626,0.213197521855277,0.19140501162697587,0.1750538250545074,0.16876327363167867,0.17041355538531924,0.17318101414205558,0.169246204631949,0.15503538178391005,0.13546563536482822,0.1214250332284003
0.09453115426444966,0.10106035343999695,0.11518955318426552,0.13462749414661704,0.15404041169227045,0.1682676604557351,0.17459172097051184,0.1733160700001882,0.16657646356463288,0.15690324181689413,0.14614676389668613,0.13421615843638898,0.11843881101704397,0.09311426291043452,0.04582255415133505,-0.04565293684834583,-0.20406645125002795,-0.4305099689156674,-0.6870968659218523,-0.9017824937132934,-1.0,-0.9502250147760116,-0.7848448172457143,-0.5723492749415549,-0.3721034570553836,-0.21263303026877595,-0.09521722987704315,-0.006698948434314039,0.06588822609318311,0.12526870497531037,0.16684684358397522,0.18984686112865384,0.20186280205717,0.2118452925862178,0.22113781304841773,0.22490334047796848,0.22147457340526866,0.21502044128320416,0.20896626045615874,0.20210500316586716,0.1929803731904501,0.185038791793183,0.18473487010451087,0.19461414500729987,0.2096024288866416,0.22081645429320326,0.2224546463929544,0.21542966560399449,0.2058168063596262,0.19968347140727455
0.26245040392634,0.2772805555125654,0.30307085531273387,0.33259385574415895,0.35628436782628314,0.36526101777952513,0.3569864155109071,0.33814633337646716,0.31709121507501387,0.29282613749783987,0.25718669054015114,0.20489117089017186,0.13494697182869234,0.047142560011810546,-0.059185737185384155,-0.18844407238507666,-0.3505122642808983,-0.5503858984947233,-0.7675725858913137,-0.9430220551347034,-1.0,-0.9004910091160838,-0.6826803261326804,-0.43170601599197783,-0.218588708334827,-0.07012514921480549,0.020800563085257986,0.07230626242131424,0.0985273361911252,0.10721147658052103,0.10346432764295507,0.09148454349948845,0.07638297923262502,0.06641011923761729,0.06954085017428255,0.08802731394797243,0.11514427280826275,0.13591450459697982,0.1372165690576911,0.11853194106263812,0.09104676644458763,0.07076959249787758,0.07104968695919393,0.0935172430751979,0.12482840275605164,0.14517986597218202,0.142269685780676,0.11886826396519358,0.08905724652505174,0.06900545781506982
0.09693320473691146,0.10428093421171963,0.12161490881560613,0.14717515310588486,0.1722745139382385,0.1870393184967926,0.18813972563723488,0.17984116138101455,0.16766368896790526,0.1538600929714419,0.13905931448664963,0.12459231148663294,0.11172675139779796,0.09941606335876091,0.08060266501615658,0.03526363561961915,-0.07265957730177461,-0.2767747168188006,-0.5644695123039357,-0.8471498812677302,-1.0,-0.9554935966700507,-0.7536227866870451,-0.49731499566534915,-0.2732266221172602,-0.11355455401968333,-0.008270935332396659,0.06369660078052082,0.11336714787338627,0.14148847883793553,0.14973729735181524,0.14586812269120178,0.1388860838179168,0.13434630260798014,0.1342934709831062,0.13849020472567627,0.1456861857420369,0.1551338462714872,0.16663769388493668,0.1780883502763709,0.18425051278489646,0.18036404898037794,0.1663482012207501,0.14653041417158055,0.12721641073918288,0.115085920745511,0.11479081122232511,0.12528832650011773,0.13921366483305084,0.14824563751349631
0.13688866352233506,0.14412082867123607,0.15374055092340289,0.16084064215503074,0.16345881434176565,0.16206704592359542,0.1592608170185217,0.15935041440410766,0.164905166848184,0.17295643132103702,0.1764567133022531,0.16977353020355104,0.151160613424716,0.11955740517447266,0.06861731699164253,-0.01778505957199547,-0.1626459313783371,-0.37971662279458424,-0.6458625541774089,-0.8851057873662702,-1.0,-0.9415591596458011,-0.746992378644565,-0.5032225311648538,-0.2837438890756013,-0.11962091267747926,-0.008150438214374514,0.06633760206290464,0.11675938535120278,0.14880071048928814,0.16511369971216233,0.1698229451282087,0.16851791838485092,0.16565178588335885,0.16217002890440005,0.15611940519381043,0.1470819381202275,0.1386217666096144,0.1348090433470225,0.13612180830229093,0.14013403306137057,0.14529787765141172,0.15278431837604192,0.16382616359063323,0.1755116565943187,0.18086047889132328,0.17444289325290313,0.1577623205828573,0.13860678901312004,0.1260957419820969
0.18643827310462624,0.19489077831924906,0.20728081160781417,0.21352543414587383,0.20354224014801248,0.1771021974207623,0.14565195042760337,0.12414959539542111,0.12051649974298918,0.13026212621791589,0.14240786318790957,0.15056496548580817,0.15494062176977985,0.153030590266606,0.12974424172536264,0.05642087502863947,-0.09790878258559939,-0.34206426626107866,-0.6356985168725776,-0.8876628841888281,-1.0,-0.9343381732852721,-0.7385083797541652,-0.5045643897597949,-0.3056889772420164,-0.16839391746545976,-0.08349962027858619,-0.028484286290530725,0.016778053145366848,0.062359952712328935,0.10717455483289658,0.14446378602785198,0.1699049675329224,0.18514779728723382,0.19429692119587255,0.1986380581945624,0.19742335762711438,0.19297813685452342,0.18959414641216954,0.18656720208802602,0.17774610096601284,0.15887925652496326,0.13346136386618682,0.11227700974460689,0.10595638447520248,0.11635973111227577,0.1352948707366076,0.1499899753128773,0.1526283240713737,0.14842317926856047
0.19215181071977208,0.1970271379241747,0.2065608575099271,0.21836980560694863,0.2278151792121093,0.23021708198267218,0.22320426647342495,0.2084848683885489,0.19244181988476844,0.18261665862213763,0.18126397621683452,0.1836216929537033,0.181559075831718,0.16413768253842728,0.11496449310328788,0.013964902962903994,-0.15486477916677352,-0.39069482398101224,-0.6597736201766379,-0.890444242462524,-1.0,-0.9475282423745347,-0.7655588114205096,-0.5331260425314225,-0.31957441268246467,-0.15480174499976404,-0.03842201436433748,0.03927093190697116,0.08860473927197104,0.12191511435350248,0.15082434849365683,0.18016712015068181,0.2063992674033949,0.22055708681985162,0.21487115830022388,0.18906478941560467,0.1506952846238434,0.11137143122066208,0.08185953215059008,0.06670489417517089,0.06301306988232254,0.06538265663206085,0.07110159402525894,0.08091078663039847,0.09657345646452162,0.1176109896469855,0.13924612210283696,0.15484846314535594,0.1618869454367174,0.16350764197603823
0.06144474900458456,0.07696080468467689,0.10419308825756592,0.1370180918976001,0.16897387287168508,0.19370678654210466,0.20639820330658168,0.20831005962617227,0.2046275565229119,0.1953194473016112,0.17444471538099585,0.13952243113623838,0.09580098042928659,0.04734698774066498,-0.013581356002758425,-0.10476873307590169,-0.24486940702007814,-0.4437944694081771,-0.6833890164235285,-0.8990121697438097,-1.0,-0.9331832295448557,-0.729281065806065,-0.4769770528788605,-0.2555717963136138,-0.09737200726245879,0.0037156363276627763,0.06801147023004933,0.11091563708694263,0.1370825681534947,0.14954285046444477,0.15729496862756187,0.16785473975563803,0.17823263374989298,0.18159330621472333,0.17792567374436394,0.17156255208133459,0.1653534395503511,0.16264766232903635,0.1695386067710027,0.1896278617206795,0.21684595802045092,0.23887804922945288,0.2483497798235103,0.24537060112676298,0.22946323735578378,0.1964404436986179,0.14708037042787514,0.09450107458098385,0.05990340770681128
0.044764102743974,0.05194450867926859,0.06819752566790509,0.0980064499070902,0.1393812882138967,0.1778165326802383,0.19950795796434204,0.20514730676622694,0.205043239508412,0.20742068960683538,0.21273799379544714,0.21363317809752166,0.19986955830402578,0.16699473633165102,0.11742022429552995,0.04373238247027311,-0.08539266335441598,-0.3019065475445413,-0.5883369242367809,-0.8579640439028418,-1.0,-0.9582020834978612,-0.7706541523483026,-0.5327099099971384,-0.323191023743637,-0.163641426240231,-0.03606240106455162,0.07529565598811853,0.16587155845107124,0.2246596872852005,0.25155465339188543,0.25834250859828856,0.25960203557828343,0.26433985696950396,0.2712591922376023,0.2700719390244961,0.25046097736114825,0.21301819658348034,0.170539276118566,0.13586244799677452,0.11063849539363033,0.08919154251535145,0.07052361114221803,0.060064209629656466,0.0574497014124309,0.05160577994151799,0.03450910363651589,0.01091811374839808,-0.009251324636128481,-0.020083717470346117
0.1506135916387953,0.15692020542264393,0.16915447355291485,0.1837472972514941,0.19354514329624248,0.19306367169392377,0.18375397889330752,0.17321522299840955,0.16896555413273376,0.17261236497838425,0.1796997543968782,0.18418774619670092,0.182621648060606,0.17317803212240454,0.14869381470060275,0.08831258697852,-0.04242239684087312,-0.2695432715270586,-0.5698847402749632,-0.8518101894803722,-1.0,-0.9601852176694533,-0.7769087975293605,-0.5438572649350373,-0.33181822813851786,-0.166206385022349,-0.04589569376320142,0.03759730913799847,0.09403303829513242,0.13307279818878326,0.1604344446655635,0.17559054584204786,0.1768983431218622,0.16835948824832822,0.1585758386054189,0.15378974908274548,0.154285817213597,0.1573928219930612,0.16087958071782157,0.16094889768763165,0.1514252741295655,0.13149409821052074,0.11080935081523809,0.10001424720248665,0.09826288703415967,0.09551975132992672,0.08562222484721052,0.072150903929105,0.06185892603253721,0.0572307625358825
0.09922776328514149,0.10542256792044837,0.11231418318190692,0.11663162801496973,0.12137934421347615,0.13294962030918278,0.15446855288817946,0.18041479721927942,0.2000654089477669,0.20915730377668845,0.2156367322422263,0.2285990748752247,0.24264842123091082,0.23843757466057644,0.1943761101603304,0.09053142353446195,-0.09037721564230762,-0.3480473689652791,-0.6419751271782588,-0.8887651037260083,-1.0,-0.941770644500269,-0.7588538168511603,-0.5357044195889501,-0.3376557980534642,-0.18723350983779935,-0.07864490514057002,0.0003951718095976049,0.05924276377787436,0.10520410652111044,0.14438008646681577,0.17943600353012223,0.20994723519012012,0.23484699427221575,0.2515427082378168,0.25343936416964186,0.231671576942085,0.1830860155436349,0.1182386624179044,0.059260150739716355,0.026347377260306656,0.025540220197500796,0.04937806172555385,0.08534152794573527,0.12152321569197429,0.1487787034986726,0.16342477127408558,0.16899828915046322,0.1720405457817465,0.17470385087860216
0.14242034245977891,0.13986642836716412,0.1412511046669094,0.1497389179497991,0.16082384124409824,0.16824389529043993,0.17041432107124999,0.17045947981795348,0.17137456101431311,0.17287885999900493,0.17204752720764285,0.16403098511555847,0.14377655242903897,0.10835753574895486,0.05360581675450115,-0.03429761614857434,-0.17954563930858303,-0.39810801161295734,-0.6661278864130282,-0.9024990425019088,-1.0,-0.9023240760309734,-0.6543487694799442,-0.36430029078155385,-0.1233305425393473,0.034650772227335126,0.11933442541749392,0.15443088744964784,0.16049720145995677,0.15194259877467492,0.13938324164413743,0.13189668967489765,0.13471916558274957,0.14340749233709668,0.14560917462488263,0.13406519811916648,0.11630988275431331,0.10680129509171432,0.11023727594649374,0.11650608530968827,0.11143625013401422,0.09075199250806022,0.0649223695968271,0.05136515373344986,0.060974776012617665,0.09046640341678375,0.12610701669398502,0.1544143568507772,0.1699571951399234,0.17540480517977625
0.13800892319794703,0.13686568811978453,0.13469142114948934,0.13522364091548228,0.14288215990473674,0.15621628775206592,0.16926910159044634,0.17832817794025066,0.1828350703721408,0.18136187063438952,0.1718758042795499,0.15613064412771632,0.13973399913812043,0.12450573615983225,0.09828717729242803,0.03215137009725954,-0.10778037552868458,-0.3358632777007719,-0.6202331056022226,-0.8756195623307418,-1.0,-0.9428725254677214,-0.741833174929148,-0.4862067043750259,-0.2522581623109699,-0.07460860535730114,0.043244832827384616,0.11232652686454248,0.14866314416394916,0.16688179668474057,0.1772486760248792,0.18590250816315326,0.19450242089338352,0.2000859302297428,0.1977310914201686,0.1859650291267134,0.17045984900639966,0.15962159182955518,0.15589558928964425,0.15378386844336112,0.14711087777961793,0.13584366609074303,0.12303174137551963,0.10838358482500317,0.09033529312607577,0.07186892324586626,0.05908225526684334,0.054900498872107066,0.05668714357768891,0.05935158180386475
0.16335895526831906,0.16432599607826062,0.16672334798450875,0.17096069177793832,0.17879275093921,0.1919194349431536,0.2074633338671867,0.21902800746009762,0.22185913460374113,0.21482537428823273,0.200490839137664,0.184299843774783,0.16997680803172532,0.15241082580589477,0.11465569237011951,0.031932032844976144,-0.11999388735437226,-0.3497982110756276,-0.6281147846547412,-0.8768185602806271,-1.0,-0.9508846433813987,-0.7702534594755809,-0.5482757953152332,-0.3550075511952037,-0.21137221005023796,-0.10699633649914117,-0.027685447341612213,0.03244285556436681,0.07477379991998012,0.10355908633804013,0.12629922302609664,0.1482569143135875,0.16888317751971993,0.18352749849336214,0.1881625551532092,0.18362128388876844,0.1754904491333208,0.1697309702238862,0.16876863315815951,0.17034673518804014,0.1692490196495844,0.16177783221403855,0.1489261020989371,0.13514290673479007,0.12566388494133296,0.12465964947173513,0.13282620752914234,0.14544360916566523,0.15462542372220167
0.16060742598810676,0.1608798523278484,0.16221555531297038,0.168020080939115,0.1803169695962586,0.19459983857856125,0.20353155158190403,0.2047278444106786,0.20211262072935957,0.2005008195551192,0.20038101310016326,0.19780089746927856,0.1873275086008803,0.16182635294405429,0.10847417793557301,0.008371698870194027,-0.15617873098091362,-0.388355570008971,-0.6584115463657402,-0.8926492171079063,-1.0,-0.9361559280329123,-0.7409105157872824,-0.5016931311539127,-0.28928553651584593,-0.13057573842750136,-0.0210416062344021,0.05316306279508339,0.10231721086747796,0.1318675396499035,0.1465718791601823,0.15361387844927465,0.16131131392184578,0.17329520537174214,0.1852183953526986,0.19078994969560498,0.1898038983643055,0.186703624713608,0.18280762157232808,0.17372474905440988,0.1546335053955367,0.12673551412429318,0.09787017819616015,0.07691331218767383,0.06868858234987453,0.0730549703393775,0.08498839137491607,0.09622386366147936,0.10136062293227409,0.10190604314527227
0.149763148512394,0.16095813113628943,0.17412974127391417,0.18087679158319356,0.18104581409110138,0.1784021159371845,0.17210944671313377,0.15839544792834062,0.1393095726322737,0.12260161548346343,0.11186390727675485,0.10221167260334586,0.08622240445370169,0.0575987655396849,0.006416592353935476,-0.08438241213960174,-0.2329652250051089,-0.4442183546777761,-0.6911516666446801,-0.9050442107322195,-1.0,-0.9322085331102763,-0.7376478973956205,-0.501777748232546,-0.29715340767492954,-0.15126016704191683,-0.055153140827468555,0.012378268828885267,0.06633097292932259,0.11166401064021629,0.14982938398064063,0.18314576106400318,0.2126288593867376,0.23608120101684107,0.2503410052454809,0.25415000172244745,0.24878592706328764,0.23762274672933548,0.22533188614206995,0.21559206623979643,0.20849283739773575,0.2002549245304238,0.18645062598009235,0.16697345826536358,0.1476359924964483,0.13565228086035305,0.13437662418899304,0.1428759114999573,0.15675517987475956,0.16770766988024186
0.08790229256039732,0.10082414645489658,0.1232597164236248,0.14702121922234962,0.1609962188758417,0.1610733311099126,0.15418222561200828,0.14858613601991014,0.14459654486514406,0.13600705104199795,0.11697989982821141,0.08593352208233612,0.04437531652617547,-0.007669140148892257,-0.07663429466004286,-0.17626208199788043,-0.32100388618598047,-0.513026830320637,-0.728412844520846,-0.9126330844576361,-1.0,-0.9554499767052056,-0.8009555839354953,-0.5950179596546981,-0.3896130070250539,-0.20899082680081416,-0.057755616710329125,0.06414043859442571,0.1559976071339593,0.2184689991819776,0.2565929039250512,0.28094467407022583,0.3018369833086273,0.3204039529572723,0.33038541697788565,0.3283302632788585,0.31727823736575256,0.30254735062868743,0.2877677976203409,0.2732713252837727,0.2572570226479868,0.2396323436176198,0.22292133177261808,0.2080181009771874,0.19159855976998239,0.16936563948981886,0.14060286643811867,0.10973865104259745,0.0842715925977645,0.07031545382017407
0.24987682981104925,0.24523985072713353,0.23732668731232856,0.2249037067733968,0.20401376087279213,0.17616011673966883,0.15060883303368888,0.13438863703554435,0.12566688767461448,0.1178795885951751,0.10624709367426659,0.09002481107950386,0.06992427077045271,0.042308955219869666,-0.005492782611989806,-0.09311761355855493,-0.23918444939766112,-0.44826981376976666,-0.6923921233603804,-0.9033222141348031,-1.0,-0.9434825680274765,-0.7674843920071233,-0.5496568885153396,-0.3568197787958968,-0.21569709241081644,-0.11912313841088082,-0.047672845734719416,0.013088382166057929,0.06926295222982383,0.1239624110731217,0.17902701443469887,0.23130030042488126,0.27185286169053374,0.2926607698196651,0.2938506051434253,0.28232809174579754,0.26488344442476824,0.24560923608858526,0.227735969606887,0.21252125057915083,0.19747408584585713,0.18051354397854774,0.16390986548608366,0.15184605396667486,0.14691507130858197,0.14981151405573362,0.15925037043955426,0.17081686082874548,0.17852501607874846
0.2239308944868594,0.2153917221206286,0.21303043523694656,0.230645676358376,0.26437848711581763,0.2943398930881819,0.2998756024619905,0.2732971467643619,0.22400615158474477,0.17218744626476604,0.13680804186798243,0.12229157016165461,0.11261455059893233,0.08080022540836214,0.005413026718384674,-0.12149681036828396,-0.29733188579294684,-0.5113034513001729,-0.7372358188071911,-0.922845436126775,-1.0,-0.9303608627903116,-0.7442760336765972,-0.5196143138262189,-0.3245388914589598,-0.18679989703774372,-0.10202456605680336,-0.05292489695230582,-0.02178735993226727,0.003729181424668126,0.028668988588494673,0.053399102648288635,0.07880487023996162,0.1060017886756335,0.13215156366435862,0.15292228562595953,0.16800485561201653,0.1786636752047227,0.18230269509633246,0.1749648664864155,0.15804489200875976,0.1408763944626328,0.13782038484368897,0.15920329427339802,0.20261846732945835,0.2547925423694684,0.2998532124768167,0.3263413946695666,0.3333004999361493,0.3310643982517976
0.22727381117999185,0.22513026792224666,0.22065243272051172,0.214922381742491,0.20887783774954205,0.2024267886680432,0.19592026719207598,0.19006521992435943,0.1850458338219491,0.18033668360951774,0.1742055297884083,0.16398168600349985,0.1462180595966833,0.11429403509951933,0.05634504254480374,-0.043552118554222904,-0.201372959210332,-0.4217784119177139,-0.677514619620299,-0.8985715943039351,-1.0,-0.9424120076657693,-0.7646393668789695,-0.5466592960673132,-0.3491152674543103,-0.19190454624826764,-0.06944037079832888,0.02860419353451901,0.10665520074864063,0.164766127066161,0.20395598227691528,0.22676854664713444,0.23609585547887918,0.2351544648058184,0.22626796723213238,0.21072040056698382,0.19155898610743766,0.17415597900661325,0.1615717780448582,0.1509753259521415,0.1380876717876135,0.12422803496605007,0.11450215064600984,0.10974216260438802,0.10564407191270725,0.100113959144064,0.0961907949958102,0.0963740590845819,0.09874965722171224,0.10038131132464638
0.05045006629207615,0.04041053118606949,0.03128784713990614,0.030332048840091868,0.033940775806640185,0.03347058387452558,0.022833635763520637,0.0034623854481723314,-0.016917953885129466,-0.03210978770402991,-0.04211032076281644,-0.05078922969662403,-0.0632023481462734,-0.0871002424822595,-0.13552422288650787,-0.2235823108576521,-0.36079966771620237,-0.5459800335655282,-0.7570970754581196,-0.9358806598620788,-1.0,-0.899996720539158,-0.6686691812457889,-0.40046388075395234,-0.18197673899257163,-0.046029230835684255,0.02350614805635276,0.06455427170052716,0.11269474478567386,0.1839507295082699,0.2708844846455286,0.35623337558603857,0.426957335640078,0.475944716688039,0.5018287883194178,0.509326032391369,0.5026657502660984,0.4811075679585269,0.4443704753145246,0.3969168649116399,0.3452979699222568,0.29466125938935417,0.24634363489228395,0.19781396069341992,0.14713705859866152,0.09755429722745398,0.05649293102693611,0.030152505746162486,0.01890370156115403,0.01674312620960556
0.26717403196702794,0.2663941810334141,0.26693834033023095,0.27379126198910597,0.2910911676077976,0.3175097450405388,0.3468183289438019,0.3720843225348206,0.3880393839022486,0.3902158591621453,0.37500058040708345,0.34119173342633363,0.28922057539145235,0.2184939430895938,0.12432325497362422,-0.004766072204840721,-0.1837406497137215,-0.41672073590633113,-0.6768281391012942,-0.8980517240720834,-1.0,-0.9412469904395729,-0.7541904811039372,-0.5210057610741331,-0.31680988792032977,-0.17279574282409194,-0.07774810289698807,-0.006382847105104327,0.0529339433208986,0.09593822359780324,0.11781323977528127,0.12013571496461826,0.10648630926223877,0.08069069481549526,0.049060328190852216,0.018450225276581144,-0.008051689235109252,-0.03037649542685119,-0.04789312809301067,-0.05824507417964291,-0.05727921489972727,-0.040654835294560085,-0.008119499844047098,0.035209074301072875,0.08206971903250748,0.12575285902553496,0.16236286384471732,0.1927221281278451,0.21830607447272563,0.23468896352798407
0.12364496224618776,0.11989507338821769,0.11406983461070025,0.10711418874015256,0.09655061719239029,0.07975246469631353,0.05915287560444009,0.04119579336975989,0.02981242248892039,0.02116773834340327,0.005547131752862996,-0.025918660267813372,-0.07521009833269729,-0.13667541944427375,-0.20534513288261916,-0.28896336360273644,-0.4102069244655137,-0.5894283947283261,-0.8085126966256648,-0.9843508263680695,-1.0,-0.7917569365336731,-0.4113114749479031,0.007991945226280493,0.34538250932033226,0.5525325059455293,0.6436129093713235,0.6553180665920434,0.6189760133282528,0.5534608432117949,0.46967703800987487,0.37636243277438935,0.2818579071418885,0.19235058189557727,0.1114499311333623,0.042885346774444034,-0.01028106590334123,-0.05060202223683004,-0.08241525565869945,-0.09983571859284467,-0.088316825677938,-0.04494550333125992,0.009586393268789939,0.0462306144522894,0.05283434188015204,0.042339886766826686,0.03896392376833766,0.05718852891503533,0.09043359301581802,0.11673790437451255
0.09191795360111732,0.09443846597926753,0.10177560390579397,0.11369508873286892,0.1274108046667021,0.1415013595506645,0.1560386048268651,0.16938044033418476,0.17799595052563366,0.18057702426774988,0.18024468742212454,0.18048481410852343,0.17937531352661898,0.16742737641079913,0.1283189516853352,0.04043790193856955,-0.11797552329875262,-0.3536953369886526,-0.6350534246616154,-0.8822426601491129,-1.0,-0.9414779525002431,-0.7424545803742277,-0.4897104034361043,-0.2614012709314267,-0.09360487879036772,0.015205310189230888,0.08267459355244432,0.12577344980854116,0.15499391596360176,0.17505419047376605,0.1879278180980615,0.19529465321219863,0.19826028877256077,0.19652757474232196,0.18948468183928016,0.17775733566358137,0.16329530267222808,0.14817481177498734,0.1338278556234881,0.12225412518337445,0.11628598712816815,0.11647809634270909,0.11942818275755991,0.12066655486238062,0.11804744977711844,0.11268438062911633,0.10760866228186079,0.1048495031021533,0.10404096519695101
0.1389814518155745,0.1363368219017333,0.13286666223115512,0.13148526953460174,0.13331764409098276,0.13637745262764553,0.13882881530983263,0.14125188900612554,0.14465343169495773,0.1483151341585052,0.1494169446492747,0.1435110566383577,0.1262045048191396,0.09400259603814398,0.04000533837622654,-0.052262736251148606,-0.205070786563043,-0.42753751470388435,-0.690379368643557,-0.9145208467618786,-1.0,-0.8934007100108726,-0.6341522927385578,-0.32581556409916496,-0.06420910398651514,0.10716693171605501,0.1931466672709549,0.2210400206805022,0.21845935409935863,0.20248615704525263,0.18076793934574503,0.1590783097282234,0.14370704745860252,0.13561246211415545,0.12780110892355698,0.11336989854188693,0.09402357521584705,0.07835582222772722,0.07366716332493699,0.07988450407824933,0.09087661781372271,0.10030447734367032,0.10565661866288754,0.10877274197915483,0.1128039962918569,0.11848579357045529,0.12400577069820881,0.1273178520003717,0.12786357117560496,0.127139509559379
0.1562762957817351,0.14126865808866,0.12044131057196167,0.10459329310760311,0.09977969765637933,0.10646347551006054,0.12173910516123386,0.14121896689444158,0.16179164965171416,0.18444929921130968,0.21116514309700557,0.23805778378559986,0.25475195114908245,0.24958975270907235,0.21024722743057536,0.11819149956578591,-0.049819610618024805,-0.30214162273910855,-0.603878694564698,-0.8692721764507577,-1.0,-0.9507834966094169,-0.7604005463196885,-0.5148638299892964,-0.28591213387739073,-0.10395219677643151,0.02990968512642947,0.12317343628590774,0.18075000511669798,0.20468000438812814,0.20050248289521233,0.18140518079921725,0.16373894668889466,0.15735528529890122,0.1601198059221224,0.1630325882351652,0.16011183531787992,0.15129224604784558,0.1383547310641522,0.1232005140175766,0.1098766593444963,0.1033966680787175,0.10404063374054164,0.10497494271776654,0.09722622647710105,0.0769983367721836,0.049454929034558184,0.02480524640504245,0.009493428525850759,0.003105380272203885
0.03704080959675352,0.045438891058066415,0.05664398231753928,0.06481952463125167,0.06718934914070121,0.0649142626535425,0.06373279348045982,0.07121773523780915,0.08929950026218904,0.10926642727433196,0.11630957975116969,0.10090195335767532,0.06549243898160437,0.017982835729517394,-0.04187252516835944,-0.12920962669813357,-0.26722585379471053,-0.47003131038835194,-0.7173576976915859,-0.9318493196887558,-1.0,-0.8546780888358462,-0.542615689427947,-0.1917122767513702,0.08447572349742254,0.2446593256732723,0.3085759652784214,0.3166587637731808,0.30138101166488296,0.2796037682124348,0.25597552881950614,0.22850480771913464,0.19507882673317678,0.15885558007637104,0.1278778187879552,0.1096713181549179,0.10696555522020179,0.11802577431021029,0.138393008761905,0.16102537402045414,0.17729815489430004,0.18151132218771546,0.17492116667151064,0.16257920605691725,0.14548692296739288,0.11890703137313795,0.07998648811844886,0.034473664044193504,-0.005645266677805126,-0.02894453536681003
0.13264689227121237,0.12969103221684955,0.13254328672320645,0.1464440899251045,0.16706002053228,0.18608869402332898,0.19784669498539958,0.19955489258442097,0.19034973509529002,0.17497866025309444,0.16594199172002747,0.1760767180824285,0.20553881147274147,0.23447385333267373,0.22892261354734086,0.15392616444735596,-0.015719429274044742,-0.28113261047538796,-0.5976432407361107,-0.8709865374847408,-1.0,-0.9437178071307873,-0.7469718338609916,-0.49868122252407077,-0.2726998132472865,-0.10243023047106156,0.010775100170985452,0.08006899983611424,0.1220189421491239,0.14965263557443478,0.1668891081599796,0.17123677989902122,0.16238725946968724,0.14567961388897493,0.12957111155344989,0.12085088676868924,0.11959684650358048,0.11858787679594163,0.10925076538937109,0.08859078390186223,0.062362952608034775,0.04313184749513707,0.04190731154532749,0.059293227188016266,0.08492164025428785,0.10499155340087109,0.11186903478993011,0.10792011158274419,0.10059518311158934,0.0957490019545732
0.16144103437669705,0.14366259643027096,0.12425667502675099,0.11774882117222046,0.122776857105123,0.12729231900484314,0.12626904452311843,0.125300464125538,0.12892268817871566,0.1368218620585017,0.14704958968579626,0.15363993030269799,0.14542358002119174,0.11177698506485184,0.045795933874877286,-0.058372323424664856,-0.20874772359549598,-0.4132968954452966,-0.6605545957766581,-0.8895010920269024,-1.0,-0.9298658483670224,-0.7165327521733551,-0.4602937751324562,-0.24281827434188683,-0.09391617284600969,-0.0060931295875501995,0.04454786833435859,0.08011542961714781,0.10928916252719577,0.1320880503184662,0.14947110796379154,0.16226307157311315,0.16754288697195424,0.1638021842032608,0.1564442429803967,0.15514812493416238,0.16802153036814346,0.19496295611540018,0.2223732908614696,0.22888258911187556,0.20516122061181344,0.1680079737520957,0.14497578597989202,0.14634482305257787,0.16237139865889516,0.1816633304813723,0.19845343817891475,0.20847462591314306,0.2114091092566638
0.17328305565953792,0.1760892058282399,0.1694095577192637,0.15094003366927677,0.13419233841332992,0.13069750962742555,0.13904900960028574,0.14909509347717612,0.15068460011406234,0.1401604632781798,0.1208134237166602,0.10088666318477127,0.08962557387057953,0.0853758669404671,0.06735341856740507,0.004899127763059392,-0.12824402381662445,-0.342564295811047,-0.6136019491740957,-0.8661084803443049,-1.0,-0.9594106282872001,-0.7754955210511713,-0.5322738191648647,-0.3040851627809402,-0.13098123286734206,-0.02600245761022586,0.018999647905660014,0.029282805804604954,0.032444516649286124,0.04262906738181691,0.05985159393124683,0.08019605821366406,0.10319353825798575,0.1296228577966592,0.15321382504412445,0.1608700474499506,0.14726510287872177,0.12569073519082155,0.11884583155802078,0.1389033028602724,0.17921624390818663,0.22430284275466286,0.2613407213632662,0.28191320527200536,0.2844400939355104,0.2783676521595265,0.27643796739793197,0.2816895287472054,0.28749544301696545
0.17737617476032122,0.16693098086561792,0.1546261698548559,0.14537494813788038,0.13777976676074175,0.1295951480085743,0.12036813251658533,0.11271577148949977,0.10991681258654341,0.10740451360029026,0.09012032452333921,0.04589116277365536,-0.019657722728357113,-0.08737793347813205,-0.14561469024238521,-0.20851593062801027,-0.31192479463525985,-0.48357455290080087,-0.7074313435973751,-0.9114118314587487,-1.0,-0.9208472771921007,-0.7076798508777163,-0.45225517277796645,-0.23733795274956151,-0.09609872776487985,-0.018739062927230307,0.021139534710444156,0.050390377988704854,0.08835253173310299,0.1391996718921378,0.19407752391443212,0.24331332122593316,0.28356419162270485,0.3139827458374267,0.33131476607923743,0.33151441559440414,0.31377525904581244,0.28200257230151116,0.24391835389332808,0.2079041680423242,0.1779421802557275,0.15404216603206605,0.1402052763416937,0.14560040312150274,0.17313898684305765,0.21170645293713813,0.2435057525016392,0.2585304143542598,0.26124587181203063
0.11448238872917897,0.10588214519527943,0.10163678013099878,0.11496224778897957,0.14600089952806136,0.18304215230921347,0.21500165175993818,0.23600023329260178,0.2419356912580852,0.23261254778996837,0.21434341392922884,0.19318588116570026,0.16575130548822592,0.12069898001096432,0.050450036267865726,-0.047735183320151905,-0.18723186323787222,-0.38937625630530653,-0.6448128827613437,-0.8823342320797265,-1.0,-0.9474799130246591,-0.7702609867578908,-0.5603956512858005,-0.38090465459438916,-0.24547634136475402,-0.14242610586805596,-0.058423369208504494,0.012169953837819098,0.06895146262264334,0.10933960067890611,0.13182755825451004,0.14271517889285157,0.1564189843078955,0.1824694480554435,0.21486438742659952,0.23737846341244784,0.23790310231881429,0.21747713486569747,0.1900351740435758,0.17462379697089947,0.18155972766478098,0.20357684519099875,0.22265359850425562,0.22505526319863747,0.21089233932490575,0.19124076958198716,0.17635197681293377,0.16836325052628356,0.16500306867127804
0.14398955041130404,0.137333540532514,0.13470003578437123,0.14840033651188392,0.17909315471810455,0.2117073049491445,0.22684251284861667,0.21562517593419464,0.1840228014791761,0.14511540539601883,0.10913368235213704,0.08189843548131807,0.06696070993473699,0.05849696234874679,0.03262802806352555,-0.04350518551771609,-0.19118728839815888,-0.408793107705599,-0.6651931398295995,-0.891332664683703,-1.0,-0.9456070620555024,-0.7637507840601109,-0.5394002805462859,-0.3434621541208523,-0.20243952206466284,-0.10876476578716657,-0.04274157741865262,0.011279770394313158,0.05895124109855495,0.10037359922339999,0.13525334935306207,0.1630224515472763,0.18329289973121482,0.19740794921755128,0.20701170580934586,0.2122307406096164,0.21421272618150944,0.21757789959219226,0.22612310713205047,0.23792710433460854,0.24826579760013542,0.2546899865809534,0.25728131699177975,0.2560659131647225,0.24723951597288502,0.2231771550074584,0.18167581215069642,0.1344682980609178,0.10270155568797236
0.20327092997474192,0.20589504262774566,0.21376601798034509,0.2258675859620129,0.2334538978140613,0.22597880445538285,0.2022220770563965,0.17067893976720536,0.13941386209528786,0.1106563294752701,0.08390371368144797,0.06034084684332327,0.0420069880409455,0.026010682940438862,0.0012829900644459416,-0.05184294708580192,-0.1630205605460445,-0.35908772208709083,-0.6252594681117142,-0.8773649284189089,-1.0,-0.9353909819638192,-0.7290385018261771,-0.47975129378802644,-0.26206703236041934,-0.10286713730346632,-0.000932794065687656,0.05665487067982648,0.08811765407933608,0.10879656739255252,0.1254631928996036,0.13951021053991314,0.1518972826564418,0.16399360004461724,0.1761638895374163,0.1876702493193396,0.1993578422284892,0.2132812835207524,0.2259043330489491,0.22743009035785397,0.2126465867000714,0.1864145127639593,0.1572339263955784,0.13221527420773793,0.11729598989827678,0.11456611618520501,0.11824380820726245,0.11888763993134806,0.11322856189523423,0.10690117628834042
0.13379733836684546,0.13534393682528853,0.14403711763873486,0.16161605886785202,0.18076805239202437,0.191375134542176,0.19026171704007722,0.1823636548891397,0.17347634086915423,0.16377744279778303,0.1483165027470288,0.12226377033097252,0.08339982541598019,0.03041608575607086,-0.03939369298577896,-0.1339174262789748,-0.26941295971407314,-0.461214408708388,-0.6960780851224488,-0.9078724868828882,-1.0,-0.9195384495868502,-0.7070548120624744,-0.45836622682898454,-0.24731379245110427,-0.09355487908918284,0.015572333837706188,0.09402730610733492,0.14644870576149732,0.17379903134119315,0.1790308809479606,0.16737420938214126,0.1470126889531721,0.12990782069975532,0.12727977115786412,0.1415934772873133,0.16344277313993474,0.1792217611401217,0.1836272411050063,0.1829875979855981,0.18624330662782965,0.19466815124595116,0.20093130757726266,0.19774141552253197,0.18632218683225252,0.17516663188603315,0.17155758737808896,0.17599834195940833,0.18362077051299022,0.18892894284307346
0.16273742137332337,0.16429591600029692,0.16810386355683374,0.17274223937881156,0.17349769959208275,0.16701905355817226,0.15434962351817427,0.13752434420917678,0.11600344957580914,0.08777971306853655,0.0531390893452166,0.016255604164592947,-0.017134468963471056,-0.04463034384089577,-0.07311234637328257,-0.12349526491671056,-0.22810481275340733,-0.41204668899266145,-0.6589867150942661,-0.8903550334610743,-1.0,-0.9328239327399803,-0.7276722850408051,-0.47698360646057014,-0.2564757249913831,-0.09531120394672239,0.011150657793558968,0.08028925704115616,0.1287441942614317,0.16591444755899387,0.1945677423301161,0.21573550316024068,0.2308803985592189,0.24016324332047267,0.24212241520452832,0.2366788736605658,0.22720677336922626,0.2177954724020525,0.20932872449468096,0.20086831037529249,0.1933427260110949,0.187656169900321,0.18071407828215355,0.16860115688346888,0.15425172054846495,0.1475308453172584,0.15551936416955892,0.1746785037288286,0.19427427670699346,0.2056695551545255
0.08345394854048703,0.08188888569614287,0.08406466091794612,0.09354780440631623,0.10917236730967464,0.12953287635269242,0.15745642304054505,0.19708658991789055,0.24720154580641016,0.30139007913737303,0.35542679224974505,0.40871581431798143,0.45774193823738146,0.49305419680662604,0.4993357996058212,0.44924466693298587,0.30007130141039956,0.018119177015401274,-0.3698869961080931,-0.7519025358070911,-0.985890813103575,-1.0,-0.8361007072634348,-0.6002839122911979,-0.38542399475766453,-0.2318463994604897,-0.13450794400429067,-0.07200631441740625,-0.030048059183843876,-0.005236104228626486,0.0033958425685264486,-0.0008605790085985127,-0.011536150100167519,-0.017545548587325214,-0.008831547323767638,0.012650637232342873,0.032878308539951065,0.03886020827504565,0.028973483532580585,0.012617195128950098,0.004561572419521272,0.01613047189013607,0.046797078225509596,0.08428737001897814,0.11317389963765895,0.12535682259108927,0.1238308709384742,0.11662151499713673,0.10964649311283266,0.10562096883501879
0.11468688254757993,0.11686592804965568,0.12193692723700605,0.12382454884801868,0.11600371481620238,0.10430146482629989,0.10457901284312161,0.1275850854737559,0.16903280689108297,0.21308528331299198,0.24321320685494863,0.25100065603404764,0.23766392338150066,0.20900519408492615,0.16523827190106438,0.08855603076267016,-0.0556122702435797,-0.29081345663690134,-0.5902715815581691,-0.8634451164677196,-1.0,-0.9496708500647156,-0.7590080354796298,-0.5246282916187665,-0.31993695955495643,-0.16655497237832292,-0.05475925289652496,0.027947896524433233,0.08858715917776946,0.13327122253448206,0.16815926373242363,0.19633529299852784,0.21465617922071692,0.21524005471320162,0.19408464155308733,0.1569495848552865,0.11604601532929985,0.08431927236746438,0.07202665793253318,0.08381348672060562,0.1169093320211475,0.16154919051111993,0.20184514079592614,0.2191513535103632,0.20244666115460333,0.15821812941289412,0.10630167029038515,0.06583847390629272,0.04508892227827248,0.039336247493576955
0.15197581527017806,0.13957564754411367,0.12811730795596446,0.12807456273023005,0.13939319911140946,0.15715378015009324,0.17553318393240983,0.1871293718490905,0.18630222664575988,0.17493663888082384,0.1621810960688647,0.15712690555045788,0.1592848113893736,0.15461162928063346,0.12173486678453242,0.039452253697581534,-0.11149513507285472,-0.3401705376761415,-0.6212395672860055,-0.8758899229156506,-1.0,-0.9389516879044838,-0.7334445510656992,-0.4823316682473059,-0.26923758046948365,-0.12437084200013997,-0.03513837487163158,0.02394848891484591,0.07107111506150342,0.11304095522177034,0.14839748206091663,0.17209630837252,0.18153212059561843,0.18060597247365806,0.17810439041823967,0.18114344779926883,0.18874900293866576,0.19286486456014137,0.18711265028831545,0.17324903806473638,0.1583441152303456,0.14753825273000326,0.13982356290443998,0.12952287281590485,0.11341030876057893,0.09670358808837666,0.08842999166701414,0.09176279957401388,0.10189417042381094,0.11034107170319161
0.14381908085162032,0.1372958350662861,0.12315949386341583,0.10418311122146102,0.08882311698409531,0.08496231238926422,0.09161297837450529,0.09990247983701468,0.10321026921939411,0.10385638854125412,0.10978806836876982,0.12537047171776994,0.14336832598566834,0.14547806654936085,0.11065714912358604,0.020872940727061827,-0.1387434380295551,-0.3725053474221834,-0.6512209944058835,-0.8947929929790024,-1.0,-0.9132016058081431,-0.6772172857819754,-0.396274452272287,-0.1605809463828373,-0.004684020546911589,0.08267626913069037,0.12788807986095155,0.1524327463687515,0.16908163537978638,0.1839843861631858,0.1982723194542683,0.20895875578396186,0.21180815680082682,0.20540528460693824,0.19149634951763506,0.1732814389098603,0.15524106903566398,0.14173360145753702,0.13309897022988126,0.12429123876019782,0.10955295199719425,0.09034431680960484,0.07718494138043554,0.07916115489026734,0.09400789289169229,0.11311922839988667,0.13241575864357283,0.15171902024753517,0.16570542808792543
0.12692655071164474,0.13779449436294963,0.15548998668049124,0.17345033744949478,0.18671065259608274,0.19517156107835407,0.20140037629587565,0.20600027832261092,0.2071784761318156,0.20353997596811402,0.19474463399186348,0.1802965361437382,0.15843333317461092,0.12436312847312621,0.06911066038076832,-0.020713612243703324,-0.16346659892922524,-0.3743276202379546,-0.6373936418459322,-0.8800283279310471,-1.0,-0.9438877042374177,-0.751549431165934,-0.5134392215793829,-0.2997624732191255,-0.13536239216773482,-0.01733549914838239,0.06455792353629519,0.12066993358012862,0.15967331095083678,0.18676366566658428,0.20286531626328647,0.20641020558323772,0.19838154209522707,0.1852669029056876,0.17480266081157794,0.16958508469578368,0.16672125871175886,0.16375014659482653,0.16153174223374045,0.15991839215104597,0.15487721138460253,0.14176593758903103,0.12013477644501933,0.09555577943299993,0.07624578478062449,0.06770369873606412,0.0704983840619798,0.08024920457676817,0.08872667815719265
0.29305617493582375,0.2952789110482343,0.28824033861905246,0.2629322165455897,0.22498849433026002,0.19218297218569935,0.17745266409999633,0.17571157570291168,0.17231825080241345,0.16162326716173003,0.14915583173634794,0.13877498952349812,0.12578992238557765,0.10014778155465763,0.051656183429916375,-0.030842859328507083,-0.16622849186549854,-0.37279479431799806,-0.634204941106095,-0.8760450095231204,-1.0,-0.958233175409474,-0.7881900474351837,-0.572286122881767,-0.37811518940785555,-0.23345411745818564,-0.13306464755690744,-0.058180611319279624,0.005366048878278282,0.06325510288080853,0.11722355932860788,0.16463952055617415,0.19857668432730974,0.21520276434755128,0.21888903185987457,0.2166660558978337,0.21178757064293968,0.2052773514003102,0.19647655088012578,0.18043017534160602,0.15343707196548895,0.12389659445891694,0.11082448607954895,0.12570866455661664,0.15817438141178597,0.18355361311514684,0.18284402506846525,0.15507096810354162,0.11619403280041449,0.08883617964681778
0.17949539833510886,0.17811710321148994,0.17638778073772893,0.17420009933214664,0.17144239936085268,0.17036434164217132,0.17376540250829564,0.18215775279519267,0.19443937543057926,0.20879485552956367,0.22176055815138737,0.22807731925714594,0.22150122981798476,0.1950594404118066,0.13948199441705167,0.03990571411028725,-0.12300339054223476,-0.3583197725628776,-0.6382453056014493,-0.8843608218942288,-1.0,-0.9390553537995302,-0.7426253969893999,-0.5010987435969795,-0.28912895909345104,-0.1373929094272119,-0.043106598976605924,0.011259064813314993,0.04470292168968432,0.06972407367759657,0.09127984447942368,0.11105715264106235,0.12981799793563745,0.14586272298308267,0.15494642948269483,0.15387086644701392,0.1444266055098688,0.1333375406149575,0.12675412350821558,0.12552718443433414,0.127576490886482,0.13201526428344376,0.13778215578780448,0.1412993947406841,0.1398470652858009,0.1356298410372624,0.13321411088244509,0.13438879789751468,0.13740927572032896,0.1396575626965229
0.14032098275894267,0.14614987062699622,0.15831796799332135,0.1729973796365664,0.1834206356120992,0.18644481582758063,0.18499499891710788,0.18531507906654243,0.19265412779656965,0.20692413640971002,0.22122700805129938,0.22567530773244876,0.2126916068821224,0.17847823566061533,0.11887429696138116,0.021778018042737737,-0.13385108816241142,-0.36110307258443014,-0.6353417261343369,-0.8800591997730951,-1.0,-0.9485563229583454,-0.7623720519976496,-0.5245510459553311,-0.30304354697835195,-0.12606643319751745,0.0029807888781943517,0.08683225006223462,0.13060735631366274,0.14457539110784776,0.14297979110330403,0.13780064290899996,0.13273481328726416,0.12507152961870205,0.11400594722299773,0.1043606619489976,0.10265950795634912,0.11199094639367656,0.12989231630623566,0.14992731864589964,0.16519358300539264,0.1702430433910481,0.1619464587698965,0.14226978154334952,0.11988256428707919,0.10520914056523331,0.1028245307540379,0.10970521844923704,0.11928883455244357,0.12569760269334404
0.12433531412722114,0.13346878073735444,0.14587650241945277,0.15650137195348615,0.165089991106694,0.1735733340796159,0.1830107463890923,0.19417579245657457,0.20689349375296728,0.21648032630959435,0.2148482290888159,0.19744767681993874,0.1653343432379739,0.1186493493253848,0.050555071150913455,-0.053219869562384337,-0.210502980552512,-0.4296190582094396,-0.6852256991836503,-0.9051301323698788,-1.0,-0.9280425767822706,-0.7299779739887736,-0.49143002418420034,-0.27950730673191093,-0.11888970897276245,-0.006909421179872022,0.06832907730328093,0.11949217569490568,0.15556982295043478,0.18120397403654487,0.19913864059301456,0.21144054209562377,0.2191573606768281,0.2221984673197397,0.22007534486009162,0.21291981201136925,0.2017771896207442,0.18802720272569698,0.17192378312437137,0.1522796632433713,0.1291528407646873,0.1063121182279375,0.08953081133726261,0.0824587907103323,0.08465076842602956,0.09185865223868789,0.09716809919912162,0.09592279613282845,0.09162649546967075
0.10642057778034629,0.11293321362267493,0.11950106595009118,0.12351322101860969,0.13118438269674026,0.1476959745682614,0.1676233734226553,0.17987602034020803,0.1784043620504331,0.1654837942317449,0.14748342884583776,0.1295079707663,0.11195758671611185,0.08830154740225479,0.04397539275975008,-0.041971387968984926,-0.19049357428484265,-0.4084012385685099,-0.6675156016062277,-0.8944414024639932,-1.0,-0.9412648760360454,-0.7535872405555758,-0.5169816619987508,-0.30076986174138637,-0.13749611539562098,-0.026414656419566324,0.05154978164618252,0.11414881785419352,0.163724732279527,0.1925266850103631,0.19903978758995522,0.19338983445767616,0.18834732460610829,0.1904601108713915,0.19934776837270585,0.21004683223795087,0.21560455588906854,0.21258333493113601,0.20449449226763017,0.19736508318221446,0.19386492983499845,0.19187153837912913,0.1865836096893169,0.17525880362187052,0.15962337169388213,0.14253920679992363,0.12587082706991068,0.11232222858832024,0.10491204799402959
0.1844918084341309,0.18073127569382214,0.18167323688472845,0.19293947146567889,0.2085697519049,0.21713877861168715,0.21533747498052142,0.2099783209420867,0.20734360979246025,0.2060610902780017,0.2004663050586292,0.18678427924356725,0.16415090241924024,0.13010643897729163,0.07393674941210092,-0.025798952015438473,-0.19127314131289627,-0.4241738957879339,-0.6875674816935893,-0.9066188102511826,-1.0,-0.9328089121107854,-0.7419359748021308,-0.5036628360336772,-0.28402967414966224,-0.11655265447860093,-0.005041994613581154,0.0635868503048618,0.10521421609367823,0.13039477099334376,0.14432455718777368,0.15008841568801626,0.15010274688571776,0.1466428898303056,0.14319772129147032,0.14371207315715998,0.14883731221414018,0.15506927462291253,0.1590371412147639,0.16057061499795375,0.16102350851105443,0.16083578994039135,0.1590256916189977,0.1533815678472068,0.14168160024424473,0.12437644742353514,0.10571877756713906,0.09099149547538408,0.08258898332109173,0.07935238671948848
0.12367203273080024,0.11935720789692822,0.1153087628423185,0.11639399707136319,0.12345066878565795,0.13279400772232197,0.13902869903425122,0.1375906957699724,0.12659009207714067,0.1078700665980189,0.08648642691653938,0.0696572117668704,0.06272056117732688,0.06037626486898138,0.041808528620922054,-0.022959182021568825,-0.1602268058318614,-0.37738976287924636,-0.6438009289844745,-0.8821821094816358,-1.0,-0.9526203668461273,-0.7748865218591856,-0.5453455742900745,-0.32922435356826973,-0.15605623603134783,-0.030282566065504512,0.054528511977720386,0.10866888380007135,0.14267991156186063,0.1657432867149743,0.18448197011991832,0.20133956715868068,0.2154820953331951,0.2246979710564567,0.22584754599728546,0.21794606877726447,0.2068024268900144,0.20262439734463017,0.21096466881768047,0.2269664871345457,0.2388874616132297,0.23758085580246588,0.22256670587433497,0.2002156507231819,0.17891102343205242,0.16510015990996765,0.15997611433264122,0.15968042324754775,0.1601769963601631
0.17036639571469991,0.17538525216851591,0.18699943406022207,0.20275257643255717,0.21719175858050074,0.22672223090861326,0.22989427010925612,0.22540918690749226,0.21307991613277003,0.1958549045092337,0.17772709310769746,0.15959211665669198,0.1378144267152471,0.10452104138874087,0.04779199236311593,-0.04830155036737862,-0.20140944005029016,-0.41869402409905654,-0.6737488326563311,-0.8957050761440267,-1.0,-0.9476943909821974,-0.7740185559762127,-0.5551147119138551,-0.3535490176704487,-0.19445654013041286,-0.07558363766539639,0.014534086143707001,0.08543754374510933,0.1413688608115908,0.18328655839590735,0.21243147556572828,0.23117272400960615,0.2414103865689943,0.24408507341464517,0.23995172025558706,0.22935072973465098,0.2119577748408571,0.18856802232289022,0.16277854425292446,0.1394657774115825,0.12166784329030685,0.10957048098440107,0.10170219775247713,0.0965358400248358,0.09420831160346971,0.09622032707926675,0.10202978325556711,0.10806688259776955,0.11137223783837759
0.24363410519080683,0.23377857494017804,0.2181727767823598,0.2040740020060366,0.19812471388424785,0.2018228192186703,0.21079524299284638,0.21793191881983215,0.2175808997462869,0.2083416240888076,0.19102811253503812,0.16410073717553558,0.12322512117940118,0.06307987144658833,-0.023081242846629452,-0.1435723163246246,-0.30559535623381684,-0.50942589868424,-0.7348336870873953,-0.9249418335505376,-1.0,-0.9143796586142843,-0.700114594026507,-0.441598966412564,-0.21467411971262576,-0.054397781330231744,0.039840703289548474,0.08768872656360459,0.11245369335154723,0.13025442695023565,0.14719093660832108,0.1626925649922282,0.17362101354548504,0.17700357861629262,0.1721185047281714,0.16168495774450448,0.15155494331666788,0.1477132563776399,0.15084763520658762,0.1546085602574189,0.1514428324252736,0.13996607203474817,0.12550288387443187,0.11419450379517947,0.10959008081716237,0.11347748249977713,0.12429508702037825,0.13587209205158637,0.1426494687232749,0.1446609300267554
0.05357783949931273,0.051369525631871006,0.051831873643399036,0.060375503602733124,0.0792462696469625,0.1062353120859847,0.13509031046063918,0.1586388229348034,0.1738166383731958,0.1830910026262557,0.18981340227344645,0.19340974814011272,0.19082922159785265,0.17931463252310406,0.1499360519185803,0.07766926430725263,-0.07202386468323622,-0.31444671810214025,-0.6134315160434719,-0.8766316267204718,-1.0,-0.938390146034552,-0.7359126142452113,-0.484338192830289,-0.2583636166084174,-0.08745338773647761,0.03168966305052414,0.11184490631870325,0.1623041939677229,0.18842025480855762,0.19647778218392611,0.19619159727230703,0.19634305954970988,0.19798917483809028,0.19577976300038563,0.18668975873022037,0.17372824521343735,0.160936832999351,0.14921181632854735,0.1380351229183878,0.12858581489498844,0.12343888227762043,0.12251340894868618,0.12043560173417361,0.11116657827831879,0.09618332563252807,0.08465552018471588,0.08378302624537144,0.0914345165278506,0.09890741783463768
0.0836533664078906,0.0863867274998724,0.09431198819859278,0.10803760076231723,0.12605668990365498,0.14814986829903107,0.17352491448835974,0.19534812961632275,0.20297532453404538,0.19197290305699088,0.169285931902053,0.14828574839723266,0.13811732357992076,0.13245861979034665,0.10637522847247159,0.02673217801192117,-0.13079208714786147,-0.36633357390907934,-0.6427817781896674,-0.8832007435060638,-1.0,-0.9513743466535308,-0.7722577987389285,-0.5417396832358469,-0.32408637060393847,-0.14421695658467165,-0.003329574149074193,0.10191228149023455,0.17584309631297487,0.2251467413214841,0.2545002766400152,0.2638036636980525,0.25337201240080715,0.22856596514469585,0.19799041153103972,0.16907393877844584,0.14551971124755933,0.12812087787478124,0.11647834938896247,0.10952262369238391,0.1059971986071435,0.10571826356824868,0.11004637647377456,0.11952050880744114,0.131053424956465,0.1396203295718172,0.14246885505331072,0.13999048348052073,0.13443032943316424,0.12974465032431623
0.06962214657832017,0.06522005727546706,0.06438161128065276,0.07037096983079097,0.07770252670220369,0.0786318653896033,0.06905669239512754,0.051212611502086884,0.03279094587456165,0.021354023574622447,0.018908286949579692,0.022316572342562107,0.02697784997221118,0.026670444928993776,0.008112856976188,-0.05259525459112664,-0.18340277065629645,-0.3965533791585728,-0.6617356748913044,-0.8961181279397438,-1.0,-0.9237899416162129,-0.7032562744015318,-0.4276394954749927,-0.1786255092335335,0.005327087707852957,0.12569070610783406,0.20101008870202094,0.24758490174001574,0.2740591974428903,0.28529724337430806,0.2851357566023816,0.276530796980483,0.26343467503530005,0.2512587966092237,0.24311202490799963,0.2366886704459774,0.22613453759397792,0.2085248285529324,0.18772800091495348,0.16914332700406884,0.1534924467238574,0.13938731823306802,0.12799297647673322,0.12197231727489313,0.12265462522504471,0.12923141293793936,0.1388313392802618,0.14758248920466915,0.1525814013116568
0.13719409422443476,0.14273230056828726,0.15920466228075192,0.19057724644734447,0.22920554054630968,0.2588205132870488,0.2711975223432205,0.27273115945594884,0.27093979535142537,0.2586796074544048,0.21954167951798395,0.150121480543025,0.06941662839890896,0.0008648938079876629,-0.053970195524188025,-0.12213869111055728,-0.24167074346635442,-0.43388354605166574,-0.6775604062685968,-0.898573986650916,-1.0,-0.9322425176442892,-0.7364295867051031,-0.5049746169855245,-0.3104335824015961,-0.17730050633458103,-0.09384139229440279,-0.033497334065346905,0.024763839225814748,0.08627412861794433,0.1449614093878544,0.19260087895766037,0.22597551084068623,0.2480914120449235,0.2602539537359823,0.25605205643619233,0.23049420898248799,0.19344627179923868,0.16477676815444764,0.15427766706904852,0.15474690142491698,0.15552671601035042,0.15252235190729516,0.14428366426683215,0.1300550667302091,0.11516528119502904,0.11054372353280803,0.12332677592595097,0.1483483883217307,0.16880300670863696
-0.020670453631220078,-0.018348738608683437,-0.019094387180091637,-0.024649869361229718,-0.02751369369623914,-0.01817030421034405,0.003575977771671944,0.03071934558418763,0.05881770909351716,0.08634498825196732,0.1136895883073098,0.14639331654660798,0.18762122007326093,0.2245828961475866,0.22888790933731964,0.1674892693118225,0.011264781132737732,-0.2501695409976539,-0.5777458937274571,-0.8679817298991541,-1.0,-0.9215674724825782,-0.6840345896036124,-0.39070182024808986,-0.12567467595352924,0.07246304386709689,0.19889437043621958,0.2630302388407394,0.27478959913366663,0.24312019409421498,0.18568252243384023,0.13090958902626174,0.10061785439771578,0.09428985482510098,0.09833805487144073,0.10534167095858821,0.11380989807325592,0.11813677378483425,0.11412927688308887,0.10747051874193793,0.10726087855592635,0.11798065123899691,0.13801943582641388,0.15846017144053784,0.16855519142775144,0.1663450520627459,0.1584101184426999,0.15172428472257887,0.14935160074597886,0.14980532321026185
0.01605238117990128,0.01332204390658408,0.00783211890451404,-0.0013062150220730787,-0.011687947386716843,-0.016845866794983594,-0.012580175256747279,-0.0023134790223100195,0.0036484005568745434,-0.004400819104454028,-0.027623616126692774,-0.05933948717872697,-0.09253818200982725,-0.12583405259318797,-0.16442784968000682,-0.21995012967530608,-0.31401571388400223,-0.47202500796887814,-0.6896641431789615,-0.9004178521188295,-1.0,-0.9228155209370993,-0.6922839698583947,-0.3944986170483015,-0.11269880999946329,0.11202195786964479,0.2751968539129787,0.3859105305107178,0.4535218346870518,0.48739370954294137,0.4978931979438942,0.4921669949185295,0.4711415336613911,0.4335297077517671,0.38146825807958945,0.3211302861642918,0.2602962081165586,0.20651367808670523,0.16536486142060985,0.13926763577217574,0.1268414238001995,0.12225029764065218,0.11831710559918283,0.11272301999370622,0.1084734668279453,0.1081202164696702,0.10991979008757889,0.10894416523011453,0.10253043985594651,0.09547533635324525
0.1997143335037077,0.18826329071273845,0.17439694771658276,0.177249929313674,0.20545062950095946,0.2431068446606325,0.26925095646993863,0.2762135172862058,0.26288566984557943,0.22601970901329516,0.1656917618235471,0.09079550066183016,0.014647335433954318,-0.053384045348698735,-0.1171322044766836,-0.19684359505201984,-0.3187366891499116,-0.4983772083258234,-0.7204897805070136,-0.9195744644364834,-1.0,-0.91190169838265,-0.7024614348819488,-0.4702782158375351,-0.28403462615189584,-0.15603192948731145,-0.06629986156856427,0.009007270173022107,0.0813198580671743,0.14364466345164606,0.1782002517309462,0.17646084272153323,0.1523676004646432,0.1322056333685085,0.13221111115464595,0.1472256301489413,0.159948799179076,0.1615870801915311,0.16131428171612755,0.17235151393013462,0.19412818793658462,0.21397888024009612,0.22200041981217714,0.2200940879343197,0.21775158685716609,0.21995694112756334,0.22130310452916116,0.2141785190866544,0.20050653299624296,0.19011653084599803
0.19108125027985512,0.18573010833459866,0.1813450611675107,0.1860848113148734,0.2018065665584979,0.22048018538619807,0.2299558278882005,0.2215669738336226,0.1944148373533722,0.1548083646539003,0.11078900249339922,0.06725365233193449,0.024432912785011533,-0.022247404583023073,-0.08226840326292406,-0.17048095873315378,-0.3044243331640451,-0.49307512768955697,-0.7174417271612208,-0.915375053393857,-1.0,-0.9224285259685311,-0.7188789058445029,-0.47911333968844155,-0.27505878390374905,-0.1281679610264121,-0.02658914849035916,0.04596866544454556,0.09690020322486162,0.12776716779048516,0.14197754360998152,0.14681865526848561,0.14885432836145288,0.1516119463879565,0.1586165213968815,0.1728272348622411,0.19235628654809026,0.21132371430461336,0.22474486854687636,0.23079762094409945,0.2302948950210989,0.22630592732532723,0.22277145344003133,0.2209012911906063,0.2173190355831604,0.20804003433329868,0.19391732047344784,0.1798715263340411,0.1701226715239801,0.16569120661323966
0.17002120311453578,0.16639175514613988,0.1617641357993657,0.16102396051181317,0.16513566344481675,0.16879463879614934,0.16724536566116746,0.16270404373159172,0.162923926187425,0.17160342927641853,0.1805251650629279,0.1729438844036831,0.13456833704688725,0.06423631891817291,-0.02756213733575942,-0.1361453425006576,-0.27473334618706335,-0.4614042140298386,-0.6882318196926591,-0.8978183417897929,-1.0,-0.9373310910037315,-0.7392389909499297,-0.4972994750071675,-0.2916350672035111,-0.15010086622861898,-0.060937323318707666,-0.0003151354529152169,0.05070648057938892,0.096806506246659,0.12928600517712993,0.14124721945831076,0.13928552755591145,0.13700531114888762,0.1427540900783887,0.1570413698750881,0.17732383834838597,0.20003118183004615,0.2192268979388091,0.22955156577169444,0.23207496095146707,0.2336305251859462,0.2377671404534806,0.23835121526250752,0.22784400356035645,0.20990343233174377,0.1953059748402915,0.1883231820018548,0.1854742774294981,0.18393061757341153
0.16299416284928797,0.17043578172009496,0.18679706693152842,0.20052259054365282,0.1958159549128433,0.17435287984808168,0.14988089156973997,0.12795790475860064,0.10473084797340479,0.07971608648646862,0.059071479777205935,0.046644940951883776,0.03658289091584492,0.014081329725758712,-0.03955130073611844,-0.1400637739074011,-0.29379970349006745,-0.4954943998549992,-0.7215872044116404,-0.915617355712053,-1.0,-0.9321698910452875,-0.7444858575106014,-0.5137106998668491,-0.3036615741794775,-0.1431946881641446,-0.03446047831573374,0.03685274893011941,0.09141410942956175,0.1428062295367764,0.18974078159990757,0.221301193490941,0.22958828401524436,0.21697318434965815,0.1944689462412564,0.1770586084647311,0.1754856946144315,0.18808511339791795,0.20470814942582205,0.21798605465107354,0.2271547253575429,0.2345143971115502,0.24069122421310757,0.24186440956308142,0.23441978948715983,0.22268245035077067,0.21572019005954185,0.21687469783627822,0.22199529221459313,0.22582584388890964
0.1520381374596426,0.14678942733146572,0.134853575429789,0.1204217149301123,0.1124303376484341,0.11682988357116586,0.13072330008735839,0.14486424471163434,0.15432700610085887,0.16427554212290885,0.1823815765617414,0.20715756976150956,0.2257448937213813,0.2222668932267222,0.18440233692183752,0.09842653999728848,-0.056539770176740785,-0.29402119130943194,-0.5877604742360624,-0.8565704780863713,-1.0,-0.9699158065055905,-0.8083472884709719,-0.6051153589723446,-0.4247462065336657,-0.280664869034469,-0.16216307170623126,-0.06272101238342802,0.01981247037085208,0.0905573552747167,0.1530609793109688,0.20577313865350427,0.24505993618443173,0.2677752673067073,0.275997255220053,0.2764194997306396,0.27013938577017255,0.2511203678775042,0.21793362578960057,0.18056921624835445,0.15356470147909485,0.14420935046521946,0.14686209610399314,0.148409889431472,0.1399360641298838,0.12124201959696476,0.0971210941859191,0.07581309381836433,0.06525215368760544,0.06400358719543495
0.12354673860714468,0.12074396889965132,0.12388600930414205,0.1376183168070032,0.1556295274876409,0.16975718980610913,0.1777710449187022,0.17882958072295058,0.17059508461965178,0.15391288531158348,0.13419330831600731,0.1165859278113769,0.10078544873112276,0.07742017544572695,0.028811476988442643,-0.06426876981076216,-0.21593832396460386,-0.42904877144615305,-0.6795010951902618,-0.8999474963419377,-1.0,-0.9312750891086351,-0.7321898702506602,-0.4943199720238936,-0.2923579418729723,-0.15131257216056218,-0.06032611726410146,0.0014423111248816468,0.04972914536060236,0.0907516636782157,0.12397422541803844,0.14972903225490752,0.17346362468981244,0.20138175071127876,0.233660225346268,0.26357879494312064,0.2819654745017001,0.2827443690772747,0.2660344087812938,0.23605925852851922,0.1995811599101617,0.1670807602146793,0.14855244231835643,0.14519181711360207,0.14941912508462707,0.15409767891915818,0.15803562010797473,0.1628761198766354,0.16851706422633297,0.1725332634698461
0.11307221563532086,0.11936281339267048,0.13827987131640457,0.1708988250135771,0.20808059090762018,0.24140293739485627,0.2681449034386556,0.28361776528756527,0.2794554482956326,0.24942040616871453,0.194796601516661,0.1285709133923686,0.07110614486538804,0.032771935971425,0.00023532879762435264,-0.05832152112268674,-0.17712336731040526,-0.3747876774988272,-0.6313353456192372,-0.8731007866405982,-1.0,-0.9563423977687406,-0.7754866003646093,-0.5434619381083539,-0.33108451189290783,-0.16738466086871828,-0.05149529343142955,0.02963253574273024,0.08727525313980165,0.12745303734861893,0.15789276798410834,0.18922305094259195,0.2240502580399854,0.24875907025461563,0.2445977334121851,0.2095420239910956,0.16355461670307717,0.13030638493510424,0.11754286375411777,0.11602206281528746,0.11429180843302651,0.11122424118760742,0.11306005666521966,0.12114046470469272,0.12918245419066193,0.13299248694013516,0.1378944566748519,0.1535612513676173,0.17992623628112542,0.20158228372377188
0.14503456424376593,0.13990070967447993,0.13376363138167077,0.12840348346977504,0.12224010559280206,0.11683067699639198,0.1179689944246978,0.1280989560471334,0.14209863380921176,0.1519952205279883,0.15382204528723992,0.14892549701444174,0.13950973612529793,0.12327103764010809,0.08963064680083217,0.01740267866238757,-0.12174109005301752,-0.34491278705458706,-0.6265000540076913,-0.8811586905494933,-1.0,-0.9304108762354754,-0.7182998194599794,-0.46263186203706275,-0.2415709428756553,-0.08418045349531056,0.014509953542022225,0.07163636340048472,0.10351562888643163,0.11968091497926123,0.12296619153012182,0.11533996100625334,0.10376675966735409,0.09977441777893842,0.11201120386609258,0.13884753058506769,0.170092460897539,0.19525340967522198,0.20903483347248464,0.21184478863134928,0.20690850982135123,0.19656194937583302,0.18230628790316375,0.16792105998920928,0.15915323517355784,0.15746045039741868,0.15605374967747798,0.14700557781859047,0.13150637385156164,0.1193583461432611
0.07508521845474658,0.09045676700281857,0.11478257587802577,0.14262828372050224,0.17058028246464302,0.19259011880931623,0.20284993190931647,0.20542925636786802,0.21459611164598244,0.2427182895836398,0.29086801110982624,0.35054245461080025,0.4089370273839429,0.45133427420597444,0.45981535215901187,0.4060748410666592,0.2485306972259515,-0.04142891238579123,-0.42835641053187695,-0.7941961557786883,-1.0,-0.9864749510588279,-0.8108096514343555,-0.5852559615382268,-0.39441461665118444,-0.265279415988236,-0.1845553150182562,-0.12803062659752043,-0.081829127019168,-0.04654325527291254,-0.026115094682406814,-0.01718416898694662,-0.011011021003555534,-0.0012567860072515318,0.013718827510485667,0.0338665053647734,0.05788186813647981,0.07941653665370221,0.0898361264796112,0.08949797420794543,0.0886281705574753,0.09393009431032937,0.10216209924765231,0.10745594627265417,0.10950061273946958,0.1132895490503639,0.12233190787844549,0.1347722939936267,0.14606600332155503,0.15256746063160934
0.13188365473260258,0.1384199807091971,0.1502189736967795,0.1644788029951038,0.17512342362460348,0.17563315037708108,0.16575298471572616,0.14995246103013118,0.13115240125570254,0.1106442606607142,0.08933258371807778,0.0649863585350562,0.0319484545957327,-0.013388885819570413,-0.07042286298799956,-0.14398351875611692,-0.25566677311013863,-0.4325591935252533,-0.6681358440083129,-0.8922692022233123,-1.0,-0.9323020393008148,-0.725668843810745,-0.4731697404847532,-0.24948829357913907,-0.07947980636661481,0.04377214910721309,0.13251975972861166,0.19305452043054094,0.22719851188025852,0.2376148021879149,0.22999590299060496,0.21120228401057708,0.18768927536586158,0.16631614229358566,0.15337070396702562,0.15025690919679868,0.15293054861981278,0.15675701396775377,0.15983091916728198,0.16305258405296597,0.1689086708028759,0.17832682512731945,0.18804477208710643,0.19312052151466844,0.19233370839636774,0.1894504433195609,0.18938768963698538,0.19359841196186928,0.19827444351270176
0.235929506183441,0.24667635297480764,0.2558764131484016,0.2586233491804775,0.2586668271228813,0.25335322131330157,0.23575199003427952,0.20597907714143282,0.16966939965588426,0.13295583020499852,0.10198746832353828,0.08030994113952032,0.06589755961676219,0.05133727385823569,0.023706967805760967,-0.03748186692054482,-0.16026126490182316,-0.3663090157645839,-0.6372884479091321,-0.888406774542848,-1.0,-0.9066385061646524,-0.6541754085945574,-0.3576055710348473,-0.11486814626668315,0.03606157035213504,0.10557235570069609,0.12265964620102851,0.11367818600332287,0.09535037477051608,0.07623469985386307,0.060430038191446565,0.05137260390086809,0.05284318842303604,0.06417216185010152,0.07738038864218424,0.08393132305971172,0.08351498707899244,0.08518640783624287,0.09860010703846205,0.1229560625872878,0.1481834987603164,0.1657215284686064,0.17148781960386678,0.16276363310595096,0.14156690400897748,0.11809672182516884,0.10384593132368011,0.10126109761700974,0.10344258819247776
0.038904078097219096,0.04947465764147242,0.0698180033606411,0.09891849081867969,0.13497153728803488,0.17386374754473444,0.20951144406546726,0.23515247981896803,0.24442832989468508,0.2356385466679092,0.21525879268458709,0.19306757903235947,0.17476005916923354,0.1597027634983706,0.14003632369998573,0.09547474779320715,-0.011154247248765911,-0.21837806008476984,-0.5193885258384122,-0.8241872798357912,-1.0,-0.9743503639563987,-0.7873440594941158,-0.5403471244398749,-0.31606518244722226,-0.14701042177785853,-0.02828654922184178,0.05759321564444386,0.12081395521059075,0.1599765300066765,0.17216495424268605,0.1608624973668882,0.13493027765418714,0.10700413230879766,0.09249211306334758,0.10213449183745549,0.13343426695897836,0.17108201816572827,0.19568422021677226,0.19587628123755413,0.17698182500913656,0.15567020628862113,0.14201408809099528,0.13008877559945078,0.11014157217315301,0.08474845695050667,0.06687354445718562,0.06518587433458778,0.07569875748141003,0.08607817897034345
0.1701586452550697,0.15915813445839808,0.13756197279102905,0.11421555172121466,0.10583253663892261,0.11996833304950576,0.14773393026678797,0.17679595171300158,0.20202857532359123,0.22479846411605534,0.2493027027436494,0.2788750910039857,0.31160938912836117,0.3373317754319632,0.3356067441335032,0.27334987753130024,0.11116437728810985,-0.16726667740579015,-0.5169585315554015,-0.8313463278853381,-1.0,-0.978922127368285,-0.8072588851680547,-0.5630910036700673,-0.3169544970180843,-0.11749661442270944,0.011221884458982423,0.07260753058101684,0.08951337298127282,0.08726409652704845,0.08176104958816921,0.07793095031003941,0.07637854384224477,0.07988923112234499,0.08947150021771534,0.09720886247382454,0.09285431532186696,0.0775552246888787,0.06275388737360878,0.056371607372929206,0.056070793310733086,0.053634788646179196,0.04369638134361378,0.030469630779660407,0.02549947922585979,0.03905531911210828,0.07328182238302994,0.11962568380366517,0.16238275672805247,0.18730389970643657
0.15300347656146676,0.152769883485035,0.1584474999598852,0.17244745370720627,0.18302071672389628,0.17550099455769463,0.15034020931922923,0.1203758246637179,0.09507561160209152,0.07376690538958386,0.053073457034258184,0.034583116162801075,0.020067578164346622,0.0004604688673168327,-0.04585685789878926,-0.14245023526681663,-0.30302377127371993,-0.523724461684512,-0.7707168859608291,-0.9649867076697914,-1.0,-0.8165297589714371,-0.4714186905470091,-0.10670857255569008,0.15602472125744468,0.28142462614993446,0.30184147554488433,0.26604288691624856,0.2094198268433028,0.15201263975471155,0.10503859241748048,0.07354061911994059,0.05630897828292979,0.0485859322994014,0.046900655058661665,0.0508062707794556,0.060238354548005586,0.07315859926919273,0.0870212862515127,0.09996927804232784,0.10838832819759257,0.1079803670231353,0.10258697257543384,0.10635111345470877,0.1294923963236568,0.1650544318912542,0.19497620594569548,0.20792678613233015,0.20747007028835113,0.2039213312624718
0.15856357337240043,0.15189002067377602,0.14193058794765678,0.13183128613312162,0.12366529885722687,0.12126568087499681,0.12885866700707463,0.14606272997274083,0.1674522916470325,0.18602468746287198,0.19616934093011573,0.1948114178148992,0.1802378076404217,0.14877450386899033,0.09044831775532428,-0.011733075354224227,-0.1751627964736386,-0.4038363594578734,-0.6686789899387001,-0.8969855265886536,-1.0,-0.9350243675712288,-0.7400724207555179,-0.4984562395950258,-0.27833450305734625,-0.10881141409911398,0.007808100128855281,0.0799390150836989,0.1194987924219383,0.13745998992893788,0.14095160243402202,0.13531112082790173,0.12671891479872627,0.12046927619610982,0.11815624212035226,0.11793696243311555,0.11754139013548547,0.11746578174354763,0.1205174714620784,0.12797539076027176,0.1377460511766534,0.14635495621989122,0.15227607644815835,0.15762221607288654,0.16636638722022787,0.18126200033252407,0.20219016091565925,0.22484226812178534,0.24220031483080876,0.25049899911903717
0.11917481566303866,0.12536513761624085,0.13710124092275702,0.15270743849525828,0.16990577219264924,0.18634211543844073,0.19935641644516958,0.20607202549188489,0.2044578672656292,0.1951261004629071,0.18266703484185903,0.17330689473943817,0.16792067921175738,0.15556598853541734,0.11404284244007937,0.018036636319543792,-0.15006270080943637,-0.388368969269072,-0.6609132874094455,-0.8927816525557573,-1.0,-0.9457350015108485,-0.7670395235401518,-0.5409593148569178,-0.3305147919391576,-0.16218968487499485,-0.03698500449451646,0.05197626877125312,0.11070595545283161,0.14317145804551576,0.1535924164795325,0.14924519852014195,0.13955242484714292,0.13147750296104532,0.12700787866272542,0.12538446753006982,0.12641324516631203,0.13127010606801,0.14135693727049442,0.15631238987461255,0.17214693374030016,0.18237779267405413,0.18287826033657545,0.1753656406997109,0.1654726307105548,0.15836751509530947,0.1562511826366963,0.15851931366225527,0.16298528014556454,0.1665701258275189
0.20066223369320205,0.19107623531677917,0.18009908033197708,0.17244055449629614,0.16304076740444612,0.14633772171799103,0.12665594538041536,0.11397380657230519,0.11168881978334574,0.11168651502250786,0.10232903838069034,0.08013514612821315,0.05054743007867866,0.016974122626830446,-0.029295578318811008,-0.10905526458000256,-0.24620045623541803,-0.45128098627043906,-0.6977601202263313,-0.9109270729372837,-1.0,-0.9216063681120212,-0.7124281200902607,-0.45607012059327373,-0.22374623148990655,-0.04549255139722196,0.07871630078926933,0.15772471510504768,0.20110290031805367,0.22119244409199576,0.23209556119816943,0.2429886938312668,0.2540780050381958,0.2603101653851901,0.25809273387285797,0.2470133298875158,0.22707060273065618,0.19892587118853627,0.16675072983298544,0.13763293170312446,0.11863531425384814,0.11456053885900673,0.12561777123729562,0.14484319309841032,0.1588197604576452,0.15517646376594754,0.13155873164070375,0.09653593607153617,0.06330852241692969,0.04346423654310377
0.08516937278073267,0.0882700066890491,0.0954037391583449,0.10767565077455425,0.12490018762560175,0.14443209122620004,0.16187667581070792,0.1737360352618585,0.17884541626561612,0.17711897226308237,0.16829320311694784,0.15218424293522909,0.12921026596515847,0.09843194334330671,0.051079864334695635,-0.03475486597949348,-0.18592992483071344,-0.41019653767922637,-0.6728351398566559,-0.8970813276131172,-1.0,-0.9455550009926286,-0.7673631358023956,-0.5379193978391302,-0.32107521246960885,-0.1491049080643367,-0.024875832495923865,0.06519658459208688,0.1357447728466147,0.19250687777742992,0.23338444457982024,0.2560290241225149,0.2619630459065914,0.25474652997425645,0.2387719253196886,0.220874480791584,0.20883748402642122,0.20558521812681063,0.20626570760282265,0.202615539641469,0.19024677424054737,0.1713854368021384,0.15131923037607167,0.13415615490147492,0.12191163224369099,0.11485721163904669,0.11169882766597815,0.1106521030317641,0.11055706227934911,0.11075754758397252
0.12241424126631106,0.12141674984655539,0.12176483429553374,0.12693633755362424,0.1378951391111186,0.15144260392630232,0.16284519469995243,0.16953973418228582,0.17209749617585912,0.1717057903741559,0.16878409830049027,0.1646840685893376,0.16052653912347814,0.15103993261019868,0.11988173870722484,0.04110986574936126,-0.11182910162802265,-0.34718482046881594,-0.6308666910595756,-0.8801059543858688,-1.0,-0.9467414258987842,-0.7566692841946696,-0.511369906482449,-0.28168459506297416,-0.10120512300537915,0.027301012882686933,0.11446113322823273,0.17157453395013963,0.20675680770786176,0.22571621909481848,0.23198628001093052,0.22713368416966143,0.21328765326707025,0.19582521766082214,0.18113279055260056,0.17139112153784478,0.1644771099805347,0.1586699511590636,0.15382198287214766,0.14791989476233677,0.13656827614680692,0.11810203536403277,0.09663734481483464,0.07788551475134847,0.06435068957234617,0.056085439844897535,0.05294640021640743,0.0538250431187202,0.0557164010086036
0.10363612887907167,0.1052988957588534,0.10934253900418915,0.11421002314476458,0.11710537066650557,0.11806429032419659,0.11962912694305669,0.12329018320033014,0.1289999570972775,0.13689964532935672,0.1475818038844042,0.1609557312397476,0.17482840427467294,0.18280735853668248,0.17086954314990171,0.11394486006444,-0.02126914583433105,-0.25620216284895014,-0.563541045302646,-0.8498164525419062,-1.0,-0.9590734490848345,-0.7675434110169624,-0.5182085027569132,-0.28973650157389225,-0.11603861536782221,0.004466620034188458,0.08610978830048405,0.14133393162019964,0.17814840783312583,0.20194265749117996,0.2162049734004544,0.22256495604350007,0.2213278407043208,0.2124323569138341,0.19685093979745236,0.17779708491339383,0.15976308108138781,0.14563015800215695,0.13488986995144636,0.12473238942757742,0.11275514587457976,0.09882779737092429,0.08503044210229145,0.07477408954195358,0.07111458132747954,0.07450587891477516,0.08262162920483165,0.09190087002421363,0.09823993495505588
0.3218442935015916,0.3226656810324058,0.3179091191283659,0.29938298759299686,0.263421380791302,0.21511686364181462,0.16620229259077346,0.1271243308386699,0.100284798565459,0.08023515688487916,0.059179664212889595,0.03217258662591331,-0.0015862495218824401,-0.043242639012164144,-0.10151514254473577,-0.19318728603620336,-0.33340720858979567,-0.5232292776342645,-0.7382087446463614,-0.9214783486247055,-1.0,-0.9308323829254008,-0.7371402061238137,-0.49014747257754276,-0.2579639041531266,-0.07504676116693255,0.05529140931288466,0.14644064801783782,0.21241173196336374,0.25676768280552337,0.2757039541283443,0.2674603291072302,0.2366443776685955,0.1932851020705033,0.14931104737783618,0.11451731241873564,0.09354084287588851,0.08701989519694932,0.09389383044185082,0.10769579557732692,0.11689881833164106,0.11700264616606758,0.11676155027647003,0.12892661613900935,0.15900069687073176,0.20003207569886816,0.23359809894324002,0.24229897752489382,0.2273367634961646,0.2096062657399115
0.21879200847506225,0.201738444879645,0.17438579983587998,0.14890042460291145,0.14115049853698156,0.15879473811760006,0.19105740132794694,0.21698793376034547,0.22388061084153676,0.2144789605296489,0.19392782789193316,0.15654695805247465,0.09386447480355121,0.010188777975681736,-0.08024447180771749,-0.17339791028597515,-0.2891025954136846,-0.4577375752249896,-0.6803125654144743,-0.8949495306560864,-1.0,-0.9349115915791372,-0.734504094960075,-0.4909504466359217,-0.2791727213904747,-0.12794057645083942,-0.033391488677675794,0.023933346614798914,0.0670245212983266,0.10957770848325168,0.1486957269649036,0.17227480642462728,0.17305870370849633,0.15581134314948508,0.13517948068493185,0.12623308353087662,0.1342322198418074,0.15225681550464087,0.16742696340400254,0.17082115405593043,0.1652324827567796,0.1637961778628815,0.1773354473941403,0.20247482059645067,0.2259902445058234,0.23887545982858166,0.24088971864002962,0.23546486039592962,0.22636829824809984,0.21896732497105614
0.09321309424564947,0.10260961048367057,0.1315889984249792,0.178899491769619,0.22701131687668658,0.25906727327430734,0.27169099690422255,0.27092761974554486,0.2614901542171427,0.24292823381190823,0.21284954970542466,0.17136795478026354,0.12316457193046872,0.07341551820448079,0.01897822646954533,-0.057651408733558646,-0.1848784084623785,-0.3838866756989058,-0.6383046530579735,-0.8760741807608506,-1.0,-0.9595209517986084,-0.7890844833038181,-0.5681599306965294,-0.35964373072304323,-0.19129416644985792,-0.07004881054410565,0.007160364097870242,0.05181311701792959,0.07858024952606929,0.09791442630816907,0.1159596951922862,0.138071679206422,0.16735011768498745,0.19982294827989508,0.22461583151331233,0.23256309245285176,0.22418827330333502,0.2064901335500487,0.184717273185169,0.16129784740903047,0.13899920459810666,0.12134015975902572,0.11195083055304357,0.11440450297517399,0.13031782364210895,0.15556469512193694,0.18014063625822674,0.19533855905061465,0.20074332870010314
0.0953799301877236,0.08967625704176971,0.08752058086856603,0.09428536604285942,0.10966625283763805,0.133350861894731,0.16165705609467357,0.18580376711896876,0.19798358973930655,0.1923262244141398,0.16420079475389032,0.1169799903185921,0.06311250088819949,0.011221304882682921,-0.04441548264866511,-0.12229324092660941,-0.24756065065654206,-0.4400414156504371,-0.684555116967521,-0.9056660056807966,-1.0,-0.9172980818881588,-0.7024161256461102,-0.4531228201330255,-0.24849122786160105,-0.11508995877449829,-0.03918196995391265,0.006805577794910669,0.047014498697810055,0.09436950225451088,0.1500047344932436,0.20872989053847246,0.2642996304501555,0.3104141185355779,0.33902033087435646,0.3436058071061638,0.3271032475658852,0.3013017403407342,0.27759145132001095,0.26069363456744,0.2476753722260938,0.23090476570362367,0.20515621001314818,0.1719743016322678,0.1368205214290828,0.10447837641388372,0.07695460235618216,0.05370173695650099,0.03480721219916215,0.023540356234919426
0.0996348945772245,0.10246936220928768,0.11880895587686399,0.15297400290454333,0.19516618546499587,0.22752332995772206,0.23936852913059362,0.23412530117400865,0.21820946682478187,0.19137130705701527,0.15230853563134406,0.10696225623670444,0.06324365330581612,0.018140936467944936,-0.04435656746818849,-0.1430533493268998,-0.2919023637386041,-0.4949006192486996,-0.7288714193544118,-0.9263629345787953,-1.0,-0.9105428255258226,-0.7050368259862528,-0.47300238327753363,-0.27804290838359874,-0.13732516626355426,-0.0416003021151536,0.023301292392168688,0.06813237742057356,0.10125463203091943,0.1291495024189166,0.15302523882943248,0.17029471627104203,0.18077826121197943,0.18874817007588962,0.2011061956696385,0.22346656098453888,0.25352332844790654,0.27864591327744087,0.28468497784604097,0.26794233079071617,0.2365735583152712,0.20247736995908164,0.17476130595546555,0.15800602279459075,0.15086175084428666,0.14817025344146473,0.14836611980189088,0.15294487167668083,0.15847619799273224
0.08894136540090408,0.0948881949230443,0.1081220870185547,0.12828961880374481,0.14897297170582133,0.1631634755716451,0.17369158897057807,0.188868506953779,0.20861512421617973,0.22125061296499893,0.2139212150697054,0.18232483744347935,0.1280405309423588,0.051213754289701374,-0.0478823316209324,-0.16668666760923975,-0.30965514842800135,-0.49097231966013616,-0.7078846671114437,-0.9071141073558993,-1.0,-0.9336855695875383,-0.7407000660289437,-0.5062699089212359,-0.2988700261900336,-0.13856187348890062,-0.014751006410571789,0.0834443205800553,0.15566706127719446,0.19805780864735892,0.21431784628046707,0.2166755451404086,0.21576331636492097,0.21356303945794733,0.20740442882838453,0.19648894564825156,0.183551887492343,0.1734520479486925,0.17068619208263422,0.17623360449088357,0.18677569110058168,0.1954731600790055,0.19503228666886563,0.1850802552149027,0.17344769791299416,0.16668895415987295,0.1645794083235179,0.16419324743374994,0.16355988162509846,0.16259318138025078
0.11533185277263645,0.11716103130359345,0.13257338377651742,0.16783007860225552,0.21448236898289644,0.2565199380419599,0.2812659875706365,0.2864699500486758,0.27973465354382904,0.2682358976257611,0.24964744106006462,0.21472493426628908,0.15634834607099846,0.0742347558948693,-0.02785917637023934,-0.14885720279451628,-0.29659737576591655,-0.48458688354808627,-0.7069533007781448,-0.9082415105514278,-1.0,-0.9331689482932916,-0.7477314492531854,-0.5370828697532966,-0.3734756732385966,-0.2745016555598886,-0.2202828578372758,-0.18196263166513738,-0.1397860812886999,-0.08931761750337384,-0.034156829583112495,0.026756877868795315,0.09739515031615532,0.17022760432318548,0.22493991352026232,0.2472541658191519,0.2455541807961675,0.24329673456843975,0.2533013481159688,0.2663611360439157,0.26879986413521906,0.26217391670508805,0.258292417196317,0.26159244005449656,0.2661843503468012,0.26633888927442273,0.2600210724704004,0.2449957784049182,0.22245418354428453,0.20406142071921685
0.15919105826418378,0.1488138330101812,0.14388589375055286,0.15774910460712485,0.18226431281807248,0.19581838624594286,0.18965023606224904,0.1733456690992371,0.15609758822006684,0.13517919977540807,0.10331400631474028,0.05843905152461699,0.00486492449463172,-0.050979806253340185,-0.10925530312889532,-0.18560451354767632,-0.3069799155840775,-0.4906737303957591,-0.717923500444339,-0.9191755717090047,-1.0,-0.9127777738184571,-0.7015340485192567,-0.4595677180644688,-0.2548446850939115,-0.10308188549937898,0.01016581724596873,0.10004856299287104,0.1705815590825273,0.22012171610585768,0.24956177795445617,0.26208816396666423,0.2594666385311346,0.24440733517798358,0.22586344572039185,0.2149441367687469,0.21517565519561235,0.22250687007173336,0.23193482595404083,0.24018737826971803,0.2440237828332906,0.23757837134289675,0.21506851446368574,0.17882243435338033,0.14081985485041315,0.11390092021089908,0.10248285641036997,0.10114592223954234,0.10170704185495605,0.10118160627441622
0.0006301454438054775,0.0049620110083871205,0.03694991895159518,0.09828980274240792,0.15398089546810817,0.17180862694503163,0.15706346806175298,0.14066702703628015,0.14613493415741885,0.17244189319721803,0.19887058802458565,0.20023502790031775,0.16198150682378085,0.08580801473326868,-0.016716635761980708,-0.1386260964302537,-0.2884845394853103,-0.481289157204738,-0.7087584491224619,-0.9123004469303895,-1.0,-0.9170701533307156,-0.6976837607562321,-0.43442679701894016,-0.20932484913321123,-0.05662555932712847,0.03467155225903492,0.09713695146414153,0.15283617532820423,0.1968555034319693,0.21393309414017095,0.20595855171494035,0.19585863882667276,0.2064514090302441,0.2400832425074121,0.2783025986560375,0.2996149118699934,0.2957636328282016,0.2704778366017692,0.22920763617847398,0.17831999055677777,0.13083448696488195,0.10206416012900235,0.09567293394831518,0.09977726845948649,0.10161730341517809,0.10212996747752509,0.11223488669465936,0.13526937861019195,0.15641047291411847
0.1889803829617871,0.19063106865820476,0.19841744291709895,0.21698705437347032,0.2441725759865663,0.2712507324001936,0.28914601714887306,0.2928383514467261,0.28275871271949016,0.2615599323457308,0.22966724715692186,0.18541895857869073,0.1272522574902131,0.054003700351258205,-0.0362384354086902,-0.1474870866518003,-0.28848356621448623,-0.4717562379997428,-0.6930528707422916,-0.8993836304059784,-1.0,-0.9414149369779813,-0.7636772640899795,-0.5593519359204149,-0.39077612446490795,-0.2645805417858146,-0.16383129079563388,-0.07726385516791594,-0.0023576161679181524,0.06181168043115619,0.11757156889863629,0.16505528007668557,0.19930188718864653,0.21640501655927485,0.22092253784784505,0.22250642501742235,0.22652370819530826,0.2294328068358451,0.22360188117526,0.2073307394616893,0.18728783118915915,0.17028425226065558,0.1567977480907948,0.1439319816467282,0.13226974865840094,0.1275418627311596,0.13520247262604673,0.15429939919001692,0.1767456085819796,0.1917465215956193
0.12968240146908622,0.12569018342661895,0.11820481375346932,0.11367000481287931,0.12283192064050359,0.14996039899020575,0.18542785394412525,0.2071927613386315,0.19381093867010984,0.1432904045222967,0.07432278460460244,0.005399310719588147,-0.0595931246608516,-0.12441380557730376,-0.1904566408194084,-0.26111912841583557,-0.3537755447982086,-0.4965743978880061,-0.6954238017268864,-0.8960433995840378,-1.0,-0.9429083214908534,-0.7504508996411899,-0.5076662538669716,-0.28846001596976756,-0.12312315893104209,-0.01146566652646693,0.05882738265172269,0.10501548982515252,0.14203618726073847,0.17588470244207638,0.2053130540287251,0.2272167631542156,0.24052933093635154,0.24800600539541529,0.2533338521792996,0.2566456618072943,0.25541391806912167,0.2498408160440218,0.24568836809696834,0.24924512818149772,0.25912337019676657,0.2667784502636757,0.2658195147885406,0.25722811758073716,0.2460662278317221,0.2367902952971718,0.23125350748842927,0.22858575944796153,0.22734848003710617
0.10109153220709317,0.1085251672985784,0.12234374545906498,0.14854643100087703,0.18785692237694915,0.22417105805896234,0.24277610931177954,0.24577713371242174,0.24169712676686508,0.23419589878237662,0.222233164820032,0.20036953619591227,0.16093989460234562,0.1036428543758412,0.03574076431600713,-0.04718337479759448,-0.17370870719400622,-0.37361549986569814,-0.6332125124659193,-0.875698843167703,-1.0,-0.9558951873256218,-0.780913746986645,-0.558109015407031,-0.3514231962269987,-0.18545223123574225,-0.0602274154145594,0.0341352862697679,0.1089707126611774,0.168899707416598,0.21090656477255418,0.23474585995446381,0.2488398254559689,0.2619758857445992,0.2726212072843463,0.2690058005262624,0.24155872795373803,0.19305810071032428,0.13491946656373474,0.08015829208830089,0.04294985536235388,0.03572289575287431,0.05731147505768747,0.08886198756863443,0.11005502579423235,0.11697572923749637,0.11906778955581113,0.12346112628361744,0.12899660550606282,0.1323344632818065
0.2263885863102335,0.21774830990172772,0.20630647401344393,0.19862482024461506,0.19576970355810722,0.19196489739840508,0.1806164283436793,0.15995796394651093,0.1326105757100029,0.1015629539853798,0.0675559313771746,0.031683027950468685,-0.001304812291822607,-0.026699074960389865,-0.04983999782704744,-0.09455472447730169,-0.19828129343157427,-0.38689350316936355,-0.6404221645910527,-0.8791538196403418,-1.0,-0.949177232595349,-0.7598812274751464,-0.5148985266550703,-0.2866286232282414,-0.11219794516526849,0.002851041859303018,0.07307885124268916,0.11740932200269359,0.14760660918506913,0.1690539256871288,0.18585474855599435,0.20032736163432868,0.20995902569455632,0.20934873093435577,0.1970087797713728,0.1795749287014961,0.16699132780704634,0.16316221721349086,0.16361828452708255,0.16357265380577724,0.16575893182682608,0.17637281861835896,0.1947786183070756,0.21132136340689983,0.21503044942691257,0.20223157168939135,0.17873223423103202,0.15502469324464566,0.14047478339469432
0.14736025947456433,0.1531314235589492,0.16721156477901558,0.1899757218010409,0.21452246205196834,0.23145817457358486,0.2392074418453279,0.2437200360045776,0.24836374412670573,0.2489188607063909,0.23929465725524607,0.21948702732802644,0.19480760844075692,0.16596530749224428,0.11980151573516282,0.030067496374680203,-0.1294921929376539,-0.36492601775207406,-0.6424374513873863,-0.8840099852408368,-1.0,-0.9489063674799383,-0.7670972495439742,-0.5356656809379309,-0.32453303986542376,-0.16518744694374932,-0.05689333260539519,0.015212805400939826,0.06531465384516802,0.10077138698335447,0.12446317703497589,0.13915401738505664,0.14688670977006765,0.1464466245073108,0.13661241034241275,0.12200922915461972,0.11175337899784159,0.11120819421604526,0.11755871874574507,0.12436161222101436,0.1284342143041027,0.13139907944213453,0.13573192633553646,0.14066764746652172,0.142564923751872,0.13908720760935725,0.13174034910502894,0.1237418637188943,0.11724232786624329,0.11349300494187732
0.16295235380236422,0.15903816106980548,0.15272961706509802,0.143782511321751,0.13035695387191953,0.11270033332864558,0.09445955324275845,0.08116659548321235,0.07771987207562535,0.08435019414802127,0.09434662346594307,0.09758494375524213,0.08557309755235773,0.05226760774462214,-0.008372288169814042,-0.10617609915951991,-0.2553609913900752,-0.462573217615329,-0.7037007147495029,-0.9114193041130948,-1.0,-0.9218763901475127,-0.7042551090787594,-0.4269582806229038,-0.16896934832198093,0.02660725366969664,0.15334642206754273,0.22397247240370127,0.25552402208077873,0.26375578304319686,0.2620226089301847,0.26005802645395865,0.26109812576425695,0.2606632339329561,0.25160504114580845,0.23199999863763146,0.20669187925078697,0.18117719125201176,0.1572541142603428,0.1347739463535383,0.11482696858940132,0.1010130964325895,0.09697115833185775,0.10171168553177197,0.10918057207546286,0.1126443678723542,0.10862797565905229,0.09843895140780906,0.0870011403496098,0.07966728994482507
0.13499797245861142,0.1378249528284444,0.14373759472512032,0.1508690521214339,0.15472090047727524,0.15046652051419138,0.13537192383825594,0.10909330443746591,0.07347463801396119,0.032889121925699004,-0.00753646131173756,-0.044812627334917525,-0.07877450339935038,-0.11232834134747195,-0.1540472376282416,-0.2211459682231093,-0.336087023323837,-0.5111748611844598,-0.72571840508887,-0.9155400369249677,-1.0,-0.9386486361728045,-0.7616561836174288,-0.5401824809020935,-0.33441270852259086,-0.16965058677000072,-0.045679243897485206,0.04654379755615829,0.11805167298037442,0.18004390576902263,0.24002583737059024,0.29876735922934633,0.3515171098869143,0.39311347181312245,0.42164852748987164,0.43565750157905736,0.43172601157415313,0.4086791463944299,0.3712408643615429,0.3275127805036316,0.2844379514321362,0.24586018369014745,0.21282353594990103,0.1851039776354036,0.16279287191154332,0.1453159177601217,0.1295852954558956,0.11178185712906281,0.0925693802845631,0.07915036655191725
0.13647122191088212,0.1370133111561747,0.13486343099003523,0.13080587114303596,0.13258306880865223,0.14960616722103845,0.18514214630991138,0.2333430609983351,0.28335864325257215,0.32469967030294217,0.3494671233529741,0.35419477741036187,0.34132400339973573,0.3141979676770512,0.26636755183424093,0.1754493807810466,0.010126395149093038,-0.2463553470163655,-0.5630136095664648,-0.8495790023965297,-1.0,-0.9661583497135439,-0.7880191923739157,-0.552841361325496,-0.33535686884445504,-0.17083605808785793,-0.06027601788251565,0.012974814530226721,0.06560261364343543,0.1035865991474511,0.12377988826108527,0.12259892953449697,0.10330219971361615,0.07643625079971218,0.05270520835386208,0.03616083947881621,0.025505877230282636,0.019926285710030783,0.021759890151349576,0.03459720531957605,0.06022105748874983,0.09552892495782135,0.13050761116778953,0.15198353067731524,0.1524358742402697,0.1351820010582722,0.11095382257789828,0.08996400434979883,0.07675890939848427,0.07094967771872103
0.0575891902264717,0.06647694210942752,0.08239642930204716,0.10143362746919317,0.11997153667416319,0.136810310149924,0.15221213099444045,0.16588991799047556,0.17721541399978227,0.1873682813383265,0.19925254055342695,0.2127672551639626,0.2200800659115907,0.2067106787110594,0.15591687092205336,0.0508126500261525,-0.12310910079329992,-0.36622145661196037,-0.6450544514617415,-0.8851639390341133,-1.0,-0.9469172872488726,-0.7588700030015213,-0.5166344822663149,-0.2936175910124018,-0.12524798495796016,-0.012900899618453934,0.0594012365262113,0.11034740776506445,0.15052200400900867,0.17983284812144038,0.19548262910029326,0.20008548747678004,0.20026445402675083,0.20002768710722413,0.19825106697644262,0.19138997757148973,0.17719025751951425,0.15762928711788007,0.13911524255709504,0.1274440661585272,0.12211864174085224,0.11805842225321421,0.1126841312565384,0.10854747601742745,0.1092614600823077,0.11568963058530726,0.12603119444451324,0.1370425680141326,0.14441617803612772
0.11060194427784616,0.11209052190285769,0.11492172652248155,0.119486749440593,0.1253708044689683,0.13136699221813225,0.13811738385233163,0.14754872355189957,0.159078111603192,0.16894171128806793,0.17374084686636854,0.1734086193516371,0.16975638120180386,0.1609086698273305,0.13446042093315372,0.06438640641905204,-0.08072524147608695,-0.31493181461133607,-0.606491133775221,-0.8690465645780925,-1.0,-0.9506654740038378,-0.7608332606463815,-0.5197080863115593,-0.3009394371705935,-0.1339534944500874,-0.015123414228143974,0.07049280422608678,0.13468285018684958,0.1821851829263892,0.21401480745042087,0.23088696446823254,0.2339077053886726,0.22550278315952865,0.21020207638848734,0.1927380532447194,0.1758944618051255,0.1608271021155681,0.14886126421995635,0.14245000589075635,0.14303274193166543,0.14696790147877728,0.1462078410775372,0.13538148391812868,0.11636428710619193,0.09509572636978406,0.07642181505814301,0.06250697875969452,0.053791570718269906,0.04981549963663946
0.11134022586397474,0.09938368592306208,0.08330314538319099,0.07482077505663272,0.0818470529080973,0.10393955086122061,0.13402760297790361,0.16195667359972687,0.1769656574398365,0.17140662144816568,0.14703189337239397,0.1156121518353155,0.08804337111933265,0.06330277159208743,0.027761676735990577,-0.04114669107836092,-0.17080299052583212,-0.3783238376063877,-0.6412563845619631,-0.8817617504408616,-1.0,-0.9443892389103181,-0.7517320830611334,-0.5132615601590564,-0.30489169556904355,-0.15020125372827556,-0.034776404897581395,0.061316122874704705,0.1462631095203601,0.21732546848659215,0.2664738137397285,0.2866252223090237,0.27857475092887907,0.2521626483261657,0.21948130124290513,0.18879009185297804,0.16551974681492793,0.1548094834927263,0.15903014396632076,0.17360261089058227,0.18795449406889014,0.19225471104948816,0.18416281191686135,0.1696056213889856,0.15699839993102965,0.14980945276432542,0.14540155763805276,0.1411433722406595,0.13787538569122948,0.13662071328646577
0.17625890967634014,0.17825968485197302,0.18078100939163724,0.18519616522576546,0.1969982883439291,0.21846668048622894,0.24441082713016524,0.2649637658386712,0.26882106236366793,0.24809085767601732,0.20527518737722586,0.15433008160136558,0.10931854598900481,0.07037743543520607,0.023490401783316118,-0.05193267452000261,-0.18114444647976774,-0.3835377664493776,-0.6412628990985437,-0.8797297376115758,-1.0,-0.947780209410171,-0.7525466194809857,-0.4975212892519998,-0.2610889923410766,-0.08471190941718544,0.026975458054346806,0.09143135954563902,0.12952188460496614,0.15251157964102885,0.16344842275579502,0.16621982048561745,0.16640777077066884,0.1650266853468835,0.15892312263399377,0.14695294025789338,0.13181971928621178,0.11729223552287432,0.10594229000685032,0.09781738632202953,0.09008194472590386,0.08020904707505533,0.07125939110719413,0.07165897055369205,0.08637930977300756,0.11060643420557274,0.1351104472446269,0.15411294586003385,0.16579615784759996,0.17071231726268724
0.1357858934125157,0.15203929015218715,0.17981967176238378,0.21087085647597567,0.2353624625779694,0.24471484826269113,0.23430527993098826,0.20408693703669334,0.1607169509720315,0.1162872984598091,0.07767905189549386,0.04137261900318276,0.001534269901579538,-0.04434232444898726,-0.10153533132936493,-0.1856645811458373,-0.3184651854101357,-0.5104027602589138,-0.7382769695226649,-0.9321632000325907,-1.0,-0.8950430026817623,-0.6614242635217373,-0.4000159083529862,-0.1947603899487942,-0.07345225925659599,-0.018355809832919227,0.004380633226544356,0.02180612058433247,0.045126665976607874,0.07388586004120878,0.10380550730950025,0.13020322619142255,0.15131258684243268,0.171975389929656,0.19898325080095713,0.23108904759459764,0.25871670302859695,0.27496674522884723,0.2815864917289596,0.28259999904867006,0.27774734402105294,0.26465460140441527,0.2444370215071862,0.22137401336510654,0.1981356028743117,0.17682333492133423,0.16144532430953293,0.15357199577321357,0.15069909019130198
0.10744298252435569,0.12605280948807931,0.15547075030589066,0.18963730142037827,0.22484376729069266,0.25179956759383154,0.2555245617746871,0.2277666306667669,0.17747910401990946,0.1248185719709238,0.0862253752936681,0.06663817791203086,0.05823309082362005,0.04178187363735936,-0.0038986126835892647,-0.09298518463721582,-0.23623877938773902,-0.44047595193471073,-0.6859698680241327,-0.9039154895606287,-1.0,-0.9268797626242307,-0.7287143089063643,-0.49889339471356975,-0.3067448997533354,-0.17110333184321508,-0.07783846404813093,-0.0045343347978798534,0.06312457839028227,0.12606818435408418,0.1769244401783963,0.20920572798566453,0.22249437731530444,0.21986792550626075,0.20302711632075957,0.17425259789066314,0.14267602076888955,0.12274858118450185,0.12305058435684794,0.13857173629925498,0.1564923670147706,0.16783892263101854,0.17165588850562105,0.1725495821235738,0.1786384111867249,0.1965960361798383,0.2240566255846555,0.25069580330271407,0.2682109633197916,0.27573134779293035
0.06378480555576113,0.07963379987143565,0.10875950352272404,0.14074682958776866,0.16355599363688475,0.17493502654354237,0.18136562789871558,0.1910417193659667,0.20699396018391522,0.22090574989135195,0.21896471700431686,0.1947746972360686,0.15036894674300025,0.08865496056251963,0.01042953868780794,-0.08897495817537462,-0.22635466654150568,-0.4225176249268146,-0.6678940204319992,-0.8934979393340349,-1.0,-0.9376239497427984,-0.7494326795580583,-0.5254846384805404,-0.330087434207173,-0.18123943909737547,-0.07291384454370928,0.0077170848632719235,0.07477720026794887,0.13696776756814538,0.19246532202108418,0.2319998743373394,0.2505320168055718,0.25467801207328084,0.25272506270119854,0.24436212524160766,0.2288362991524561,0.21282524651744714,0.20194265657519736,0.1941725091618694,0.1848071725256331,0.16966596815246746,0.14705956653039143,0.12343302370487326,0.11085088326756626,0.11461994313025652,0.12867116998373085,0.14220054011099723,0.14800278579618106,0.14779308825908838
0.08541766472904937,0.08287967950719176,0.07760393892503335,0.07440357244848508,0.07706268080304503,0.08154324951924692,0.08140497301596392,0.07603042423511502,0.0684515259352976,0.05714794638214813,0.03737372856888627,0.010021688312813679,-0.01812054389193016,-0.0440042640814554,-0.07651847273002113,-0.13737818789788442,-0.25322717933201644,-0.4391989179059255,-0.6763184727620243,-0.8953997857794462,-1.0,-0.934531251000173,-0.7317672842896297,-0.48082108420407615,-0.2565273701254256,-0.08676109947162744,0.03295642874028381,0.11683260366345226,0.17870738083658405,0.22813825014886907,0.2667733820579206,0.28899088512719273,0.29060008812245364,0.27878168270316833,0.2700465418092096,0.2766326174565525,0.29678212413740634,0.31815767044394844,0.32812896673714365,0.3196078817346652,0.29297455109307746,0.25760996516928275,0.22580679164206288,0.20174852738871296,0.18063736715576276,0.15727564979815098,0.13128610974997446,0.1071396966523233,0.0910440509675279,0.08457362775363376
0.21055066414369178,0.22121987351876796,0.23407990632283776,0.243508202001375,0.24869327759459356,0.2519360521908209,0.257520619103037,0.26392530604507475,0.2604123964178122,0.2360606712428209,0.1894811628416002,0.1287296318525282,0.06279659937672782,-0.005942332379931809,-0.08280769483358773,-0.1797719844421329,-0.3137568747949119,-0.4968774639893842,-0.7149823329555627,-0.9101410190999157,-1.0,-0.9383218867744969,-0.755207167038198,-0.5274627508674133,-0.32163532617451557,-0.16824618182640166,-0.06757657734382638,-0.0046990387912642035,0.03822902816050169,0.07537727730413261,0.1134749855687318,0.14989769687724144,0.17640008688869788,0.18730833748525924,0.18349125283289083,0.16966059346141765,0.15251695788981123,0.1413270018143616,0.14470794428411607,0.16467684664820711,0.19414003289570456,0.22043740285097962,0.23356516335128089,0.23164100293244355,0.21811525322078754,0.1979472098862945,0.1786235513761226,0.16810134631793203,0.1677693522470296,0.17110594436591095
0.12473184167407882,0.13640719458098943,0.15892709969575428,0.18740348257374007,0.20994622151867598,0.21405290171434388,0.1967063232839951,0.16403831783560724,0.12317425281763722,0.07759954134087903,0.028949282927828418,-0.019567016208203343,-0.06333996200066383,-0.10193607484143391,-0.14611743980643654,-0.2175546979848886,-0.3377487253368776,-0.5145286248915467,-0.7287838017209732,-0.919827834104271,-1.0,-0.9194107784761164,-0.7160946073756698,-0.4830463971721727,-0.2932680889584692,-0.16285056708468398,-0.06926506915676418,0.009905456864199469,0.07805599382460099,0.13250630409317155,0.1807136123890152,0.2328134794000864,0.28639610345058975,0.3284452209807769,0.3464449908318673,0.3329831339553411,0.2903697613690672,0.23758940077581442,0.20377344598016955,0.2066960948066074,0.23883704085421129,0.27612799180449926,0.2979910800578759,0.29732093916526064,0.27615034204343797,0.23945320849069612,0.19466920758787293,0.15249773970765612,0.12280136810778879,0.10886130861503543
0.12830619121662906,0.12380024431348913,0.12065810354829752,0.12524351359850722,0.13679538261376956,0.14637113060059864,0.14582314939086075,0.13254402005326307,0.10533153817104485,0.06508323548322976,0.01959663623253497,-0.02044678913441213,-0.05033577081508459,-0.07624461425866905,-0.11587816912603063,-0.192218676037235,-0.32181991580214886,-0.5058550588857402,-0.721954559690323,-0.9132057949483635,-1.0,-0.9348942803106125,-0.7460888286777456,-0.5088196782203624,-0.2857021588339021,-0.10318522980904261,0.03641733713663065,0.1366523153107695,0.20020079862601473,0.23279959079329002,0.24542399752425753,0.25105486916549996,0.25885184496692276,0.2694721810359773,0.27801999857626064,0.2824157709512546,0.2862521451691386,0.29175690646326824,0.29270425346812445,0.28037338385424915,0.2552783152247842,0.2277389664928455,0.20940162621880568,0.20430203043017384,0.2057146478825298,0.20319647678626168,0.18962645223816488,0.16362138581138402,0.13313726543577095,0.11268381976506897
0.23799050101370128,0.23498883578756896,0.2378001055267072,0.24553714715372138,0.24356080936853558,0.21874241745751283,0.16967887511723295,0.10662506225718925,0.04711235807701036,0.006669673069702667,-0.010220990552249171,-0.012539309468193444,-0.017180302992504934,-0.03804554875178552,-0.08107268077547788,-0.15239588467226092,-0.2676566593583798,-0.44516329860674203,-0.6761114992432794,-0.8944881588210138,-1.0,-0.9376029034085941,-0.7453031887189139,-0.5127404671092533,-0.3099846558999418,-0.1601464447487669,-0.055979915552424216,0.015218962807981375,0.06197902960641938,0.09288469394755193,0.11983489199111964,0.15374706513008216,0.19693107145237268,0.24050838301368785,0.2725415510561019,0.28947732732155024,0.2977787390151248,0.3054698074806755,0.313801696556812,0.31542696685592453,0.2996234171137626,0.2623790769526601,0.2129862690745655,0.16933301843417423,0.14636314091804653,0.1465721895879209,0.15849349097432902,0.16706404185159635,0.16669010296165043,0.16282118974678914
0.23252905874564006,0.22483855378659756,0.21522665136436425,0.20670159479436975,0.20008374104583615,0.2015279216668322,0.2201873324006302,0.2530408784743439,0.27727436792501153,0.2672477101817963,0.21939771438617062,0.15501828595745826,0.09754801320504655,0.04881041795936548,-0.012358278698030533,-0.11170214318263057,-0.2649042672739943,-0.4736122852357904,-0.7134263194571847,-0.9178675540489278,-1.0,-0.9184459587961515,-0.7162965953478155,-0.4813837677508541,-0.2801698207094794,-0.13430439864503096,-0.038434896030270005,0.01893440174890466,0.04983444664850436,0.0682715774907734,0.08660135181948843,0.10716527315162488,0.1214152488137842,0.11967069744307465,0.09923788748159461,0.06606985947805961,0.03514681567302546,0.02499117059783551,0.045234949324960604,0.0911922614840428,0.14964390311117512,0.20576314569978407,0.246921515199979,0.26709228371948407,0.26954868847167845,0.26205844725218114,0.24937711551163083,0.23332753835651035,0.2177466247537654,0.2082288400508369
0.11904476524572963,0.1281559944715454,0.14762398279460376,0.1780997732749896,0.21243680772240356,0.2316066776994022,0.21899670173076582,0.1799476443162199,0.13812453553349346,0.1101847262828947,0.08938721734901123,0.05692678681609913,0.003995450963477542,-0.06321785831734661,-0.1369940002027861,-0.22138257741333717,-0.3349635240582534,-0.49975994407273167,-0.7116292817314724,-0.9105423921045319,-1.0,-0.9235509125543779,-0.7163520358629064,-0.46781470207008885,-0.2496959732917737,-0.08763138760385235,0.023356461575613784,0.09671425713299432,0.14473295638239067,0.17882296462062952,0.20947115417013104,0.2423029862011502,0.2744610305148295,0.2963627254802978,0.2993939648066227,0.2830288249009908,0.255565822729166,0.2296670855316895,0.21462242191020214,0.20856315778219472,0.20017844097253537,0.18133927656819412,0.15692366408969913,0.14033230224153798,0.13886073285044165,0.14589516747259748,0.15001573043398267,0.14819291937116383,0.1454280981670378,0.14477137917672983
0.1629351555030948,0.15265934646202461,0.1399133500801686,0.1315782661700398,0.13169618223075935,0.14197128692905062,0.1580625806834506,0.17018949976162887,0.16745182342383313,0.1420866771785637,0.09681346766059269,0.046864049965167236,0.007875833359062136,-0.01825101246996486,-0.046468727511899094,-0.10455563036467935,-0.22547042887266458,-0.4272358828439971,-0.6821605949306262,-0.9062643251357422,-1.0,-0.920300030604697,-0.7114504639843147,-0.461486493503953,-0.24204248561989875,-0.08563272642026305,0.007510506997701115,0.05451365959879205,0.07891021460029081,0.10366605209324918,0.14118168283908086,0.18765327372254356,0.22909343893384945,0.25098658201746454,0.247128493588798,0.22497793715073736,0.19888520135743637,0.17699095363121936,0.15971612858982082,0.14884851460889853,0.14991888860756314,0.16586832524657327,0.19321935090088815,0.22257421431454594,0.24150644895132076,0.2407971958507889,0.22140832494029083,0.19514082004163488,0.17501931729209375,0.1657057569796821
0.13039068296945414,0.14034164082632558,0.15686577906753013,0.1756976629419274,0.1946407660537707,0.21290711398029374,0.22528702818567117,0.22163814250804517,0.1981450134030154,0.16603777877578274,0.14286081089292132,0.1339615008101981,0.1258365221846365,0.09888485521060597,0.04118930033252569,-0.055222636230765544,-0.20422478487396184,-0.4165186276373888,-0.6706375869855808,-0.8954176132848528,-1.0,-0.9397918650935779,-0.7510257691782685,-0.5162477272593057,-0.30535860469687187,-0.14767806357446586,-0.03887211193083486,0.0390537798315161,0.10031855811854268,0.1487025549230533,0.1824253062981568,0.202237710858925,0.21271738632044748,0.21702853933696517,0.2149271211467801,0.2069727328049108,0.19646307440930333,0.18640989209572822,0.17800592151620476,0.17120672032053533,0.16492027816035965,0.1578634385870888,0.14958918494790682,0.14039483241681788,0.1307967750210613,0.1214549183333655,0.1140572932162981,0.11123563429432841,0.11324309736414093,0.11628604228073405
0.22260841192195666,0.20897275938639218,0.18946390638454783,0.17465563986847693,0.17103298214363194,0.17700742196056773,0.18482993856789656,0.18789404035285318,0.1862046113213886,0.18427505734921384,0.185418363770172,0.18625398263007262,0.1747488737214563,0.13776235234439485,0.0696871622602381,-0.03372497392032856,-0.18606620258645737,-0.40012463174918494,-0.6570187959563412,-0.8874696585850359,-1.0,-0.945919785953707,-0.7585468272755505,-0.5235893589167673,-0.3164301290777829,-0.16793234218569,-0.07238422834695166,-0.010765902145764747,0.034773211118314606,0.07641372773397172,0.11758367153232965,0.15415707487964578,0.18254883363292532,0.20337014666703362,0.2167920154050053,0.22074479818761886,0.21395555585171036,0.1969369460958769,0.17174311195794154,0.14233465607597132,0.11415811771236546,0.09342072604223961,0.08598873260473887,0.09501401903359864,0.11799936655671046,0.14619687254912214,0.1694932396229959,0.18334564982090742,0.1898149413642199,0.1923719182710588
0.13288564186340063,0.14454857425495504,0.1624536358290492,0.17713111515556385,0.1826156140650118,0.18175725852813698,0.18140558315645303,0.18522322771742236,0.19320224355923155,0.2036566108525818,0.2116780567666716,0.20916555559250355,0.18982041464363295,0.15113394459938576,0.08854186845666445,-0.010489792010629074,-0.16402384316629112,-0.382589013009703,-0.6452330367781092,-0.8819534396647928,-1.0,-0.9509938245729457,-0.7686056148932504,-0.5334875205613788,-0.3133651986440196,-0.13838282022683335,-0.011247092056324199,0.07632089995672393,0.1333729306647276,0.16596355301346216,0.17846070230842725,0.17615612846331255,0.16671525041788116,0.15896612918304134,0.1585319303543304,0.1652754802680765,0.1754379793588142,0.1843320178678657,0.1869542758439681,0.1788889957028255,0.15836553938860054,0.12739092070037428,0.09229577986625193,0.0637417873904184,0.05253742510002231,0.06270893133187132,0.08953529418736374,0.12374820397203079,0.1552189361125805,0.17423275909064276
0.14166698293340188,0.14694731243985706,0.16209369162090342,0.19204107965028075,0.23514026983161695,0.28043647811756456,0.31258389626963456,0.3202749984723162,0.30186617957047884,0.2657655517731319,0.2255989885968188,0.19103339633262403,0.16103192183777632,0.1253373815818474,0.06827388156214341,-0.03071474694888567,-0.19194855001143718,-0.4195507047974461,-0.682313380361353,-0.9062515489822341,-1.0,-0.9146872076347431,-0.6854497119744879,-0.4052042604338725,-0.15833867372254168,0.020356109839585496,0.1355193285938782,0.20015581090175136,0.22213941106269489,0.2103348117840009,0.18091230170825556,0.15133877351084626,0.12820380885420593,0.10838212862000444,0.0932995227819732,0.09174772428759097,0.10632120193271241,0.12592522431486664,0.13312600248692072,0.11793418252440326,0.08798079019572039,0.06153868993066707,0.04860223154953363,0.04416356005906716,0.037499518300923886,0.021865141914020735,-0.0005687987867140458,-0.018726218010786593,-0.02356236694555405,-0.02012211713396341
0.03906983233663447,0.05232796997531833,0.07853512868167269,0.11272364469062147,0.14563298948365355,0.17087068095744215,0.18911569618873772,0.20358246235382438,0.21430931523270683,0.21940100880206145,0.2188145209151945,0.21275172215044788,0.19742289926993,0.16390254935194973,0.09904982585427126,-0.012749978923683753,-0.18490025876755478,-0.4174618718561205,-0.67948663495493,-0.9009747125624299,-1.0,-0.938278122226223,-0.7510968376469527,-0.5166454355777513,-0.3024743907487644,-0.1398748776410776,-0.02873227226041198,0.04664201860053768,0.10249667534603094,0.14789470708446723,0.1852928778894041,0.21478331617733595,0.23580936165947863,0.24554658888790754,0.24017718374951882,0.2195543307934603,0.1885058777855731,0.15444284663046576,0.12543956886680319,0.10839817919028864,0.10633251645620824,0.1172233955186009,0.13560681752151751,0.1545086770462293,0.16677394174563068,0.16681666984677057,0.15342322908840714,0.1316286473909084,0.11033238964291064,0.09753533000297769
0.05209155651377956,0.0754950840882733,0.11328456746885385,0.15361236705750256,0.18725902142170206,0.20993148409536108,0.22270481909788364,0.2271645713751901,0.2197482761905753,0.19533681891096089,0.1547062331722342,0.10476121211296223,0.052787559189486584,0.0009181899013100188,-0.057558350882024406,-0.13913271914606626,-0.26610913453320895,-0.4542046546556017,-0.6877881072946681,-0.9003513477037206,-1.0,-0.9385569349685524,-0.7516133901708097,-0.521260197449805,-0.313075147125712,-0.15301004443568658,-0.04001720534481047,0.03772318246823256,0.09365072825279008,0.13768895090508912,0.17284029740199672,0.19615198252762117,0.20593683280023076,0.20696534242972875,0.20683416563126855,0.2094406623549919,0.21328597422763337,0.21472611739640557,0.21209991312576287,0.20713354275181234,0.20241769741136947,0.198379675090629,0.19476393357743485,0.1939640281165501,0.198597707066481,0.20532547079206412,0.20550174010417582,0.19459889279490056,0.17820344838507834,0.1666451875023441
0.24472496509340427,0.25129380404558316,0.2547469105508919,0.24125579777721204,0.2059672922620284,0.15993362300242345,0.11775720663252912,0.08177394092255398,0.04519878743650638,0.004853017578408795,-0.03517057197180272,-0.0665218955330593,-0.08202520112768555,-0.08503643992077604,-0.0955851405425307,-0.14553608387630018,-0.2642804728328259,-0.4600205942752528,-0.7020905199705121,-0.9138555222128214,-1.0,-0.9132329882520761,-0.6969498748567436,-0.4472472432019353,-0.24146922660723025,-0.10724700712200726,-0.03285343043609354,0.010827245226948673,0.04718419788424446,0.08164707428964066,0.11012887600455015,0.134047933790137,0.16192228156677757,0.20003340740867484,0.24719855512288283,0.29532365754509965,0.3314515015716835,0.34483061599175374,0.3365633006210585,0.31795875523768524,0.2971095311585165,0.2734286692379889,0.24513271465947178,0.21366431906122205,0.18312790273992885,0.16118609924726135,0.15520444462606733,0.1644211213685769,0.1794619813561593,0.18976268172178162
0.1848568335041949,0.16333537998271516,0.14248110019231428,0.14326231018959765,0.16590208523258254,0.19212900873017505,0.20200349850755656,0.18882535969590628,0.16259162755552506,0.1405060652024518,0.131793872924265,0.12925316334434575,0.11648042706679386,0.08152097983911293,0.01937445163398519,-0.07516191468761346,-0.21412465253533927,-0.4117080362078071,-0.6569282403918396,-0.8853572439994858,-1.0,-0.9442896777546804,-0.7510824186119442,-0.5092617251952409,-0.2938391554263527,-0.13364710552924186,-0.023249523319145458,0.05553734011638939,0.11874306567741,0.17188316799892167,0.20955767559892713,0.2233045163880295,0.2134644965217676,0.19263413823508127,0.17431957313369834,0.16231329590932578,0.15379958467292473,0.14715261379530092,0.1448443314361617,0.14997696310002734,0.1586392630127142,0.16063303225083722,0.15278887460790588,0.14620957234517862,0.1541330698097501,0.17373828152993348,0.18644077233368025,0.17936919260844666,0.1598935594516199,0.14495714952313735
0.3734955791823519,0.3546414705232818,0.3269299803629545,0.29835138800369204,0.27434653111837,0.2623678321337542,0.26579468465455613,0.27718472626392254,0.2836984435708664,0.2778316673154375,0.2602690153289234,0.23447440897898797,0.20089757991018453,0.15579410452911446,0.09332013626246738,0.0032884284888777533,-0.13556833757834177,-0.3462143883656437,-0.6156223312616305,-0.8675844520795625,-1.0,-0.9662091561416838,-0.8106207366839134,-0.6201623192069393,-0.4567219665725663,-0.33943003204070693,-0.26591582336092534,-0.2284959620471914,-0.21450590288447927,-0.20534596233524527,-0.1816205991001516,-0.13253303878363656,-0.06494351940158194,-0.00037678766796197925,0.042628741738947075,0.06114866979455512,0.06434443595027224,0.06672107740073299,0.08546302738146971,0.13198101548820212,0.1999210660202833,0.26735960923829605,0.3137636090070791,0.33375496800524335,0.33684169397110225,0.3350027555259702,0.33113868736236995,0.3226176136595151,0.31176029234211494,0.3047380759982658
0.13128935041101125,0.1327809637400266,0.13993121459395147,0.1549361372031444,0.17105628580216703,0.18012761531630328,0.18568338993686528,0.1962470537571357,0.20911751882654064,0.21251910399998675,0.20008226022125408,0.1739033358298261,0.13670788114845922,0.08711642971402066,0.019622817513839718,-0.07609935529713668,-0.21666655773100893,-0.41745127462644416,-0.665766719424296,-0.8939348005111752,-1.0,-0.9241304276859478,-0.7052561412581969,-0.4492156490820096,-0.24730673357421692,-0.1297399547778972,-0.07623649281593892,-0.050153980617886854,-0.025455972252864785,0.0054372812594401165,0.03931650917943956,0.07112282789226664,0.09658832548452093,0.11259492359352201,0.11980080069767621,0.1249377421460536,0.1363753417396136,0.15530433312375166,0.17538041286824463,0.19091322274566647,0.20032555558831092,0.20375904094131306,0.20309923432020852,0.20368923321139915,0.21209724392600646,0.23046368721889898,0.25311690313405977,0.2693882243566088,0.27297718653822484,0.2696046716752622
0.13362799212328588,0.13328683864466775,0.13041702406436903,0.1286590135004227,0.1334048369184697,0.14426845312416736,0.15842469854386645,0.17548616901610867,0.19660001990891868,0.2211919756471551,0.24511489668076067,0.2602174786069662,0.25418115432885596,0.2142490077523778,0.13401653160640398,0.011002271382733214,-0.16288010454154428,-0.39526344208046776,-0.6645637147630322,-0.8981020470658084,-1.0,-0.9235261052433222,-0.7137173862667554,-0.4671892764383322,-0.2576364649261929,-0.10670802867629234,-0.006573401193238029,0.052536551613879316,0.07585157503632728,0.07128709572215058,0.052609146135060646,0.03359775317768666,0.023296205102998152,0.025071174829685607,0.03523782149753022,0.04542693949511742,0.05234576518640637,0.06418163228297732,0.09090902398140416,0.12921943987166815,0.16740504647206297,0.2016008643235954,0.2333386737963216,0.2566547085247452,0.26078284317803335,0.243395389608103,0.21580463352319385,0.19615237017229972,0.19422206144484366,0.20108489436936494
0.06092530070260546,0.06874260224238433,0.08642690354356145,0.11168300989216787,0.13568401127405016,0.15003526477045764,0.15365191187311542,0.15029474229846512,0.14216547872566165,0.12735863280472318,0.10116181388284372,0.059413217907346015,0.0017588301816923745,-0.06872294664242345,-0.15021288146481915,-0.24778355104777525,-0.37492201315569407,-0.5447745682201688,-0.7472763154554991,-0.9270252808722402,-1.0,-0.9175338146964561,-0.7118393645815192,-0.4649526529765903,-0.24376530875287242,-0.07357705154791529,0.046901716312137756,0.1267830238150879,0.17655683300666417,0.20819602848655328,0.23338774169972384,0.25780368783167945,0.279107594830882,0.292409175202011,0.29522223491154764,0.28824520386022856,0.2759481415334081,0.26483881527608266,0.2574505316406393,0.2506378936183229,0.2419558335534258,0.23324352254773284,0.2260282431804492,0.2182875629214389,0.20760957709448777,0.19328003973173927,0.17407517715013968,0.14894585693406961,0.12211810795945938,0.10405148621698825
0.15250304739147677,0.17399538759818717,0.2065568903750962,0.2377249993939205,0.2593873218388075,0.2684731349814393,0.26556234846794724,0.2505216574379138,0.21892637237586093,0.16913610277140032,0.10986681308533168,0.050221505514730584,-0.013191949603974329,-0.08993121871097651,-0.183731100705772,-0.2943379109308462,-0.4251437040986107,-0.5827156050468361,-0.7626473464637961,-0.9261769548989889,-1.0,-0.928205536187527,-0.730106042781742,-0.487347003006104,-0.2738352538245566,-0.11452593235188611,-0.002806798420342121,0.07271270187947391,0.1237090471648252,0.1641986501328564,0.20246298172365804,0.23303108119588914,0.2459772547834704,0.24157530116590506,0.22961160133101585,0.22114187477411748,0.22548629510794493,0.24534872700292118,0.27013203684624343,0.2820183250032086,0.2720785667305993,0.24630308301948053,0.2154072218748724,0.18509965353370703,0.15762630846690998,0.13496661708111066,0.11935837143336954,0.11425620239109532,0.12030369018241499,0.12902118297475676
0.12171620932171992,0.1416066398438944,0.17562084242551002,0.20724022945164894,0.2173505548258415,0.20540266008908914,0.18473497854128795,0.1577393615154517,0.1164766412276214,0.0630232943429416,0.013441917722594846,-0.021780448695961817,-0.0536034538281288,-0.10273246159147517,-0.17686562660375393,-0.26969945668505324,-0.3834915575297678,-0.5374568196413698,-0.7343057470226843,-0.9198023978195199,-1.0,-0.9198746802248866,-0.7170255527163265,-0.4826184268331121,-0.2831902039282527,-0.1334299220524501,-0.023787632245093598,0.053895681511871046,0.10851594363731118,0.15549293053891622,0.20669332467619933,0.25803115882860156,0.2938734032547236,0.3047287021803196,0.29721468425827424,0.28544871808763267,0.2762493442517481,0.26587186378266386,0.25075088223099695,0.23634993839107973,0.23004558209843565,0.22782028156915338,0.21755805912575274,0.1964463342331588,0.1761424271139373,0.17114576313320107,0.18742535189593917,0.2199963194277392,0.2559925896477534,0.2796217742348258
0.10296057340308155,0.0911942848206673,0.07390213720443198,0.06715016367634949,0.0847772881912874,0.12455821708092217,0.1716317864981327,0.20932265620717716,0.22456908353369615,0.20975548531899812,0.16615801655847806,0.10659800962456623,0.048711412730116845,-0.001193676252099805,-0.057452237777908116,-0.14576882619864281,-0.28612281250469257,-0.48136799160727384,-0.7078093935075263,-0.9065161173187635,-1.0,-0.9462750620456903,-0.778628817856333,-0.5773739187406978,-0.40661036909009357,-0.2843036888585405,-0.19703995898552046,-0.12498591896850121,-0.05401222597365437,0.022186538149303194,0.10267705846463095,0.18303032790841087,0.2600097889321982,0.33081737022244706,0.3900660377756094,0.4311171117913865,0.4489390872982321,0.4407472063767341,0.4079750908566401,0.360074864801016,0.31170330667764345,0.27353981831887847,0.24753736419221695,0.22894639533657424,0.20988452128527574,0.18327722058934207,0.14868830311182807,0.11512565092463474,0.09321919918432019,0.0846096386407098
0.2508632413608209,0.24589361322985956,0.23987844263025823,0.23669368859033377,0.23465014076614701,0.22824945561202742,0.2165082496329087,0.2045693366280271,0.19706899846548318,0.19392780834879242,0.19246987238688873,0.19024380312445394,0.1838447687677038,0.16652398394548734,0.1272870158412152,0.0482469303951025,-0.09610466721737072,-0.32343706010602175,-0.610231066582892,-0.8719415691233743,-1.0,-0.9431534290086375,-0.7476214976008372,-0.5084148924127129,-0.29698731740801376,-0.13955791413718763,-0.03496343633843463,0.029171055626549456,0.06823422485271205,0.09310135155935355,0.10679562804934287,0.10503286535107287,0.08054553942042773,0.03553950708986849,-0.012112949355149975,-0.04177086036182155,-0.0440984355218233,-0.02174871867538799,0.016695916829635168,0.06189920196424083,0.10538672145306983,0.13910134591723947,0.1582316578412392,0.16583509306270813,0.17113338162734013,0.18328184070861542,0.20716943216563585,0.24057812896428435,0.2735885435701884,0.2939030280706314
0.2570427587465021,0.23381333094882698,0.21487256275009592,0.2193971112743955,0.23906739663924903,0.25200195563876265,0.24337874630224188,0.21331657502768417,0.17264938397469534,0.13405778658640036,0.10465197338912413,0.08196121039132452,0.05497832703667726,0.012454874657281331,-0.05214039377009054,-0.14708735021790031,-0.286674317915439,-0.48156501317280104,-0.7149777142653199,-0.9198622414705612,-1.0,-0.9030892088844442,-0.6704585900233591,-0.4045368285373304,-0.19203917296692438,-0.05567776096472661,0.03233607462549849,0.10207366243285965,0.1573088090004239,0.18457131310364988,0.1737055637732388,0.12835040591455285,0.06728235825949719,0.016658127318504235,-0.004559193908240697,0.008065205927698514,0.047857253376065556,0.10228306740018418,0.15843659961917173,0.20909316472403983,0.2502476428854177,0.27232407052145224,0.2651540242950708,0.23466016992912037,0.20250146050757756,0.1841610713596894,0.17468807801047653,0.16081290456666292,0.14080642061599258,0.12564634456703003
0.13939376326621572,0.14670672844376198,0.1665818168996827,0.19779059517011055,0.23099107119776288,0.256957549349698,0.2710081317879536,0.2734850618354059,0.2677481666621956,0.2543821767168126,0.22863044910027988,0.1853171792244702,0.12428701353657712,0.04907291379671816,-0.03923680322749833,-0.14714837444482426,-0.28959590682856184,-0.4801378164728545,-0.7062136916005821,-0.9082916015233613,-1.0,-0.9333960925636443,-0.7438474026038715,-0.5164312628112363,-0.317978344374445,-0.1700979795512012,-0.06760718071341189,-0.0006552919648992905,0.04200140041943447,0.0748444301982576,0.10739727218517524,0.13723596443349992,0.15743817849566857,0.16820396120893544,0.17672710755587245,0.18809147818363806,0.20030032234710815,0.20690355362677887,0.2027474173555859,0.18864438032192207,0.17099556963315782,0.15608754445309267,0.1463854685965626,0.14411125605831304,0.15325393131656848,0.17247761561931807,0.19028115175940644,0.19364404124107032,0.18184215103275514,0.16867093565062527
0.12005018314325003,0.11898449732672794,0.12101022309757249,0.12935432520276247,0.14388614855548823,0.1609869193186195,0.17249645910150554,0.16783628204152487,0.1433150295639127,0.10854903092179906,0.07879448505950663,0.05962503746440226,0.04172064836266338,0.011406632288059736,-0.03957500060887207,-0.12124407417356813,-0.2546930609187125,-0.454568223829407,-0.6955859377282703,-0.9051829016883551,-1.0,-0.9424941090181174,-0.7686103673076592,-0.5561627375360936,-0.36594787435771836,-0.21441286617661323,-0.09280088224500409,0.004412847871467429,0.07528977802536956,0.12273179799221393,0.1591486418939925,0.19728199375483596,0.23953007495751358,0.27726966327535985,0.3016982082931314,0.3134213761836549,0.31632515622127594,0.3065251405583606,0.27775167332466427,0.2346049516505843,0.19024582927568875,0.15402161172618786,0.1306768501961848,0.12683873179938118,0.14761249764602957,0.18906036779619198,0.23724175876583103,0.2723741101886504,0.2822126484195177,0.27698642432450876
0.11868951745334239,0.12327838708856875,0.136437741044661,0.1602935068185946,0.18564183599030493,0.19671357361551872,0.18796538907744695,0.16705098538880572,0.14340006815867068,0.11973919791471654,0.09135313466351022,0.05356810715273666,0.010744044925152492,-0.02878696128066611,-0.06915275922608634,-0.13285643503906938,-0.24846208149880725,-0.4322671787358902,-0.6684077866798083,-0.8908756879558934,-1.0,-0.9326653377832019,-0.7221400347190798,-0.47115543382779446,-0.26865682003491403,-0.13902094768168285,-0.05641695857809725,0.013153439510202841,0.08803642944207607,0.16960187781439962,0.24458303694599917,0.29052613675856426,0.2943646092328753,0.26985807323598315,0.24595764950191862,0.2366111594105399,0.23338198581520458,0.22628673511191938,0.2184480304083736,0.21690156222991375,0.21756410878030036,0.20888458224904932,0.18898504891949125,0.1667116547048821,0.1471009646172009,0.1309853609576721,0.12433051661792612,0.13175382702022848,0.14608737100370783,0.15587477346053305
0.12526985273322624,0.13697852845670105,0.15494131193253483,0.17119379709922683,0.17580169166694554,0.16567866894126618,0.1516005572053614,0.14475029197342365,0.14316275029801048,0.13808631638018046,0.12448448286349545,0.1013619540449256,0.07032463235343396,0.03710632601502731,0.00405060524712573,-0.04724124846266498,-0.15777487720344968,-0.359392582888289,-0.6304570868730447,-0.8818213881240183,-1.0,-0.9293552860584938,-0.7179648753538969,-0.47240120278521974,-0.2743473837252753,-0.14367949257350118,-0.05922858327704881,0.005216837240863318,0.062243044406069356,0.11029480938560678,0.14119970900485848,0.15115962865822977,0.146973367940277,0.14013325065003682,0.1383362895012174,0.1444775079637057,0.1585706695064339,0.17828039282054492,0.19873506676586142,0.21250440199308113,0.21411196077451847,0.2063883737835772,0.1978419098827989,0.19359108623330923,0.19248231189026108,0.1926457871182922,0.1958219991679066,0.20449974037264707,0.2169325716210244,0.22643152343289688
0.08949964969326321,0.09731026036962191,0.11436217905507826,0.1388491236679626,0.1594994734700293,0.16096725860501981,0.14170388334163653,0.12173602236406603,0.12529751178762202,0.15539389701444142,0.18938698455990324,0.2003116303304667,0.17896141205588734,0.13396440490497868,0.0744558924210071,-0.007143354461906812,-0.139495534324801,-0.35193604494567654,-0.629766529616952,-0.8853302006464027,-1.0,-0.9194113397320027,-0.7003310374089906,-0.45510022883705503,-0.26372601315710814,-0.14252618766430503,-0.06962100749805354,-0.016501616434444453,0.03478045643781029,0.08313083387059853,0.11420068293871607,0.11978109712060804,0.10998722007463144,0.10583046170579541,0.12223571781045779,0.15855841191183595,0.2024708393096217,0.23839763362832084,0.2539273163310862,0.2463514624292344,0.22595502863379127,0.20809314486881345,0.19874766841316543,0.19151572235939546,0.18026949256589134,0.16757133732085172,0.15665160590806496,0.14370343351133053,0.12587171300671288,0.11115823092998108
0.15775428985561846,0.15707000126674048,0.16220391311196425,0.1749779882103453,0.18751879579917066,0.19482837692199728,0.19893535809963608,0.19807353384912998,0.18785150697248823,0.1693332213417785,0.1442549666306627,0.11171005263848478,0.07580148365334188,0.041600866189449665,-0.0014936930101212076,-0.08101803255004203,-0.2232835745737883,-0.43552830042934026,-0.690851715294841,-0.9133152681467659,-1.0,-0.9009830227054787,-0.6735317245553115,-0.4270869914914173,-0.2275015002418403,-0.07534379842197417,0.0470324691236836,0.1396372589314306,0.19251850924622016,0.20710798814531103,0.19797453568624304,0.1791248158030854,0.15911873164757756,0.14657465693009664,0.15032604337593056,0.17268776575350775,0.2043408331963773,0.2262411407701768,0.22085824160327394,0.18693460898851375,0.143706114605105,0.1146006496647767,0.10230931815074107,0.08843704444340185,0.06470460485194338,0.05098396901388132,0.06927050825013112,0.11111148680878473,0.14783722005586233,0.16458475183405658
0.30234224732977966,0.27598827009980936,0.23531203206380763,0.1968812732899885,0.17230099808349197,0.16425927639328203,0.16621863298754663,0.16515518525055783,0.1517173485227642,0.12949803900262094,0.10903948812526429,0.09244545690422187,0.0698811287490771,0.02995110149890246,-0.034525102386378945,-0.13060033836820237,-0.26967153874574906,-0.46253615555994226,-0.6959156176923246,-0.9064467342145525,-1.0,-0.9247163400092773,-0.720648540105257,-0.48224274419091234,-0.28068375240023646,-0.1304309544391764,-0.01422002524078724,0.08058261607691854,0.1508806967534085,0.18940646351048673,0.2004318648115185,0.20140599828229538,0.20727289282686054,0.21826249978557558,0.22557690948016432,0.22381212269073125,0.21655102275382124,0.21254358397371056,0.21687665882697896,0.22493754896571597,0.2235711141058776,0.20041032609016624,0.1562870565420372,0.10768073160159951,0.07399562652327281,0.06271369824152585,0.06948003688994357,0.0881262321209394,0.11182404110123732,0.12901762309689668
0.2183271900235078,0.24230206277673658,0.26038732455158564,0.24963738540672437,0.2222592444340168,0.21138552867221333,0.23773199274293805,0.29354969576610385,0.34655829312649183,0.3574290035645691,0.3077799272555428,0.21464801097357036,0.10869025231059655,0.0035887255653053057,-0.10251398359180677,-0.21175806835088806,-0.3342945076183721,-0.4962789208142956,-0.7060857626322808,-0.9075479816329799,-1.0,-0.9280135230433932,-0.7328126144680436,-0.5039437516583767,-0.30706935658621953,-0.16388129851959232,-0.06941628121141301,-0.0111621662724716,0.02435294601967408,0.05310855228241227,0.08926908675534834,0.13504632561845328,0.1755578326371777,0.19047969935533404,0.1773315892564089,0.15613041532003635,0.14721720257851725,0.1502037524998095,0.1471041323998605,0.12475872696167206,0.09189459784863085,0.07339051595562077,0.08903633181609961,0.13547628017903446,0.18656250353259793,0.2153289798170869,0.21734521277611163,0.20893470712584036,0.20522852583453127,0.2067456626599733
0.09913129071155423,0.11044389403753946,0.1309808575174633,0.1528391159867811,0.16500824185675075,0.1638272859213212,0.15661771445167103,0.15144335349825577,0.14737503631095022,0.1372932460552474,0.11625772703065247,0.08512550248669537,0.04829328567453462,0.007639899875524669,-0.04371505900376425,-0.12295617133600442,-0.25264036297607323,-0.4469758316060118,-0.6872177063323909,-0.9035092519160272,-1.0,-0.9256860801771233,-0.7211427219621215,-0.4822712184647864,-0.28490307250515856,-0.14912319458858808,-0.05709566966526453,0.014520512002607596,0.07857153322465457,0.13869338005368761,0.19412904915327406,0.2404565433425663,0.27006633961752907,0.2779363246376971,0.2689138972208973,0.2560638695902504,0.24974393539224882,0.25071397634304715,0.25367956628859334,0.2526195357461665,0.24369693111466997,0.2272899956130309,0.20595726447305582,0.18072100622679682,0.15310530685923282,0.12932715179503862,0.11785777007714159,0.12165926299989306,0.1343756217177761,0.1448611156285173
0.16690935803838977,0.16591254863157118,0.17274799228215065,0.19652870976841413,0.23148011061530954,0.2582355531651334,0.26472024481880024,0.25548074923987696,0.23821759434264428,0.21325879048951193,0.17883724137904405,0.1360022583660624,0.08521828092805084,0.022753194862733778,-0.058793835450031084,-0.16911717127765513,-0.3190436827823864,-0.5144869888475295,-0.738595682963796,-0.9304293629553815,-1.0,-0.8993185108291102,-0.6773402789374597,-0.43809865731160275,-0.253098946006333,-0.13225969981075192,-0.05558436248041513,-0.002156619602080165,0.04440021269994147,0.09362917215222065,0.1412027624474591,0.17293233103690844,0.1815652050911361,0.17332235646889843,0.15961666603379773,0.15103697166321745,0.15529164388422237,0.17293104008980073,0.19605838228887326,0.21283610141097345,0.21501900103583987,0.20535872600029906,0.19636761519544751,0.19586865178700796,0.1955491206107841,0.18175149979741093,0.15558990266727848,0.13413801053261176,0.13045962337945705,0.13709617605325292
0.12002112669461336,0.12759364890176236,0.13765285251169765,0.14813418441425036,0.1636748671835375,0.18340700595542325,0.19488404605304674,0.188101028860079,0.16552511576069645,0.13528956833338093,0.10223886438527072,0.06800441190934638,0.035809567163609425,0.008315280642581406,-0.023373649360333974,-0.08495912769934762,-0.20854357197838014,-0.4105689999944774,-0.6660831171492236,-0.8966637838465743,-1.0,-0.9208449370052987,-0.6993903659083713,-0.4382069930809183,-0.2260176210988674,-0.09581053852274501,-0.03193940471142434,0.0024401886484094345,0.036698789022719704,0.07823073390083278,0.12039098180157766,0.1557055592870268,0.18037119858118147,0.19583223462124566,0.20594213605131914,0.20926737280121863,0.20141172421465128,0.18465685824719688,0.1667424256276828,0.15300255634967905,0.1465042232795106,0.15186659293136628,0.1726226040529991,0.20479238931418167,0.23591699462839075,0.25291107868315477,0.2500265774599196,0.23010894630235543,0.20350797715610178,0.18480039862394504
-0.029249748567557396,-0.005231148811711283,0.044444029525438224,0.11420591468080993,0.18904551238493372,0.25507465978100907,0.3029482507916423,0.3230432683766359,0.3100982972344493,0.2687771883427326,0.2069908026657764,0.1319033071726465,0.05656548340025094,-0.0038075160018604896,-0.04949264486481461,-0.10600669036484857,-0.2157619650756956,-0.41050022583378315,-0.6705571501253164,-0.9058259087186237,-1.0,-0.9005083589526249,-0.6661369241214656,-0.4175080819597485,-0.246020550492695,-0.16824988703978172,-0.14535142284120478,-0.12862185490273925,-0.09287990143879568,-0.04270801142541064,0.004670832775706027,0.039428858635742546,0.06531445521836984,0.09508657153937758,0.14119114010592668,0.20262367990634852,0.2588514982772923,0.28470483985202627,0.2757967815010671,0.25298915476924216,0.2390012178994713,0.23902953436941438,0.24434281858639764,0.24484792999854424,0.23880237434559998,0.23381766578430524,0.2351528647125102,0.23777063735330584,0.23584636857775393,0.23205205297395068
-0.023871714946439644,-0.02551427709551212,-0.0276947469272575,-0.028972896752824568,-0.029669019288667473,-0.03270161334843251,-0.040733265868535276,-0.05268130675664316,-0.06352997566028927,-0.06787878833481666,-0.06489592201319225,-0.060543600191283325,-0.06473662240458548,-0.08671990962485764,-0.13448590303481556,-0.21823084914086224,-0.3505866213795695,-0.5360933149870885,-0.7510544599187009,-0.932276141255992,-1.0,-0.9092998638575813,-0.6833280438845589,-0.39548253789875526,-0.1226722840327677,0.08810062634856741,0.22508354542449802,0.3002830163255587,0.33480315632665997,0.3476277135412365,0.3501830878287302,0.3470139322365007,0.34001138650012364,0.331307691959921,0.3227509642840669,0.3143895766800559,0.30467155479596886,0.29282216022490615,0.2811584509585929,0.27359835711713326,0.2707574118667497,0.26827180889345953,0.2615366423040407,0.2501175711930954,0.23615742224951755,0.2210313180565037,0.20526421248936608,0.18992801516647048,0.1771286184057162,0.1696554374265899
1.2358324611665496e-05,-0.013729783861983324,-0.0322761321283598,-0.04641155123221806,-0.05090666004469422,-0.045051068894978945,-0.03224883088129724,-0.01678605638768369,-0.0013147207299713786,0.011927911112327355,0.019260901314398886,0.01664561077485188,0.0016788593087873704,-0.028080906106710095,-0.07908568386413277,-0.16344293808338092,-0.2970082420709909,-0.48970958070206194,-0.7219546250992587,-0.9243675147703767,-1.0,-0.8917061454194525,-0.6302870554707823,-0.3089852839397343,-0.018528781360021583,0.19223847807792158,0.31751688118405447,0.3780586639612085,0.4008049271391897,0.4043959996425113,0.3972083702528761,0.3815131430984383,0.3553723113306626,0.3169223332089228,0.27249747354671394,0.23603900034226372,0.21678661721348302,0.21172839198459012,0.21236120503548098,0.2133452736199918,0.21268572965139856,0.20857600511103008,0.19827591534089525,0.17960879701556592,0.1527933777880716,0.11987662946716036,0.08407170044221916,0.04991684819643515,0.02259897843205493,0.007162869129971717
0.10806371877241923,0.10435027665110347,0.1099760263195547,0.13478075599023034,0.1713243969364303,0.19924906007704385,0.20375149244909485,0.18657462422817458,0.16234731372858624,0.14593783029423693,0.13895380010739555,0.12969718217028844,0.10646667170434689,0.06724522998774525,0.014351427693984517,-0.06104138161753267,-0.1843972336152932,-0.38054376858955924,-0.639223671630517,-0.8849524069766862,-1.0,-0.9170833650562643,-0.6854255034405781,-0.4191637281521665,-0.19888860220728682,-0.04155394640759595,0.06666298912873017,0.13979374512992473,0.18332664055907866,0.197425799330239,0.18618949663543594,0.16231615739632962,0.14068971109310674,0.1304426020840726,0.13270605181338088,0.14186576755334693,0.15185048056393993,0.16351896616083017,0.18167784139865856,0.20515086883850742,0.22417924910804338,0.22740105530921295,0.20855722984889866,0.16909086202588114,0.1197616501410581,0.07695690122736139,0.05241444086739171,0.047501512900990944,0.05534824320355855,0.0643755382648663
-0.04251857126061441,-0.040962003576049164,-0.03616828355247037,-0.026520623822976347,-0.013497772558341826,-0.0029339147791713335,-0.003169344157425332,-0.021304957073386855,-0.05804790466750062,-0.10536324633934888,-0.15346607056670297,-0.20054807842936584,-0.2506077760437577,-0.30322926000270295,-0.3532116711177236,-0.40413760327698894,-0.4791941449062396,-0.6067231682970192,-0.7812720801481529,-0.9407914152473116,-1.0,-0.9192153510787341,-0.7377744514291911,-0.5378453661058169,-0.3850919387024485,-0.3031007698191557,-0.28209095463794004,-0.2946997904539452,-0.3042149855948772,-0.2679946669553342,-0.15194359392666992,0.04317093426808902,0.2735458859828962,0.47981106283032315,0.6239203260235217,0.7021638430948798,0.7325752742342861,0.7351051524007046,0.7195997875060305,0.6878914762845666,0.6443983201204497,0.6003517437531405,0.5656271525727304,0.5397923312664831,0.5152423995573302,0.4870671521113313,0.4561363772915221,0.425040629289622,0.39703884183477833,0.37916106810467776
-0.10220208619619943,-0.10751650987169566,-0.11472479526741401,-0.12447360670699903,-0.14087389952664575,-0.16835736169942392,-0.21612835638406033,-0.30066645175416484,-0.43244128041459795,-0.594742616079389,-0.7425289150315331,-0.8300211577999205,-0.8401927488129808,-0.7900622765930149,-0.7157679467153041,-0.657698173420714,-0.653491735389572,-0.727617197767697,-0.8665047719807977,-0.9952046864100155,-1.0,-0.8079946176305378,-0.4507306812517385,-0.039047554329622605,0.3177997237902459,0.5655322804755343,0.7039155076250222,0.7605789457755063,0.7678206672343665,0.7501191721655903,0.7216029611543873,0.6888647280730423,0.6530025447334652,0.6120479730050944,0.5666277825443733,0.5223101853627379,0.48433276737763803,0.4525546999891463,0.42315536104967716,0.39392149130434834,0.3673693225140854,0.3485452188434585,0.33893544996243624,0.33322293467324976,0.3237211413566777,0.3066269100692771,0.2834316554604835,0.25951437694581214,0.24127861159419342,0.23215701395418764
-0.0018301123421683718,-0.0007520384184769107,-0.00423964883165357,-0.013597187417857684,-0.02157550138734667,-0.01987984740311924,-0.0066363961982679335,0.013816253879419918,0.036756620319287434,0.0622610765460555,0.0948930550404672,0.14050823691232453,0.19989096130858475,0.2570707785986657,0.27477446251662296,0.20987916768430975,0.03718009881305149,-0.2360877117371812,-0.5620236304917344,-0.8506924088481941,-1.0,-0.9568286370705762,-0.7540064613671708,-0.48167126490036277,-0.22615883763517736,-0.03303665270001618,0.09234980626136678,0.16606542510581432,0.20677827853317635,0.22683028294549973,0.23308121319661468,0.22964824816976087,0.2187364671755877,0.20222760755243976,0.1842517385288701,0.17085848902112868,0.1660383173756686,0.16841765923627805,0.17136501186607644,0.16751871604563073,0.15649187464487083,0.1455533421285575,0.1396793994797135,0.13599179395509894,0.12976355784844323,0.12027792908425736,0.11008553549092635,0.10241733570084204,0.09900109752601989,0.0985564982578718
-0.03339375807892824,-0.0280246971080821,-0.01662613248195327,-0.0016595590201634069,0.010385071310160974,0.01671932831672108,0.022900756804790128,0.03579399434883634,0.05689222610682539,0.0834890093573971,0.11160890533383067,0.13690244707368499,0.1530823686597617,0.1502901993823846,0.11703071932726895,0.040595979754956574,-0.097948540939002,-0.31756134125522234,-0.6027963534945188,-0.8705976886744287,-1.0,-0.9234354192368248,-0.6843520971053028,-0.39461697331804035,-0.1480304303454813,0.02105619169184824,0.12331667237465331,0.1852455641812537,0.22852118096622207,0.26057504213691285,0.2780197203969498,0.277713252666605,0.2637835063743975,0.24596038973094428,0.23237747807666273,0.2231837731644754,0.21266816589473356,0.19811506451762503,0.1827285846822013,0.16941050868500473,0.15612682868110145,0.13915369745327333,0.11867848139595157,0.09914639501736,0.08517138703223143,0.07937112533156737,0.0828128131598014,0.09413221027433746,0.10821602752743488,0.1178679238677812
0.051961026157064515,0.04015041960807383,0.020617910582871296,-0.004518315738540587,-0.03268396680011397,-0.057018471442744835,-0.07073242761932273,-0.07154969129813514,-0.057480945768773,-0.020443007183048596,0.049479545001923274,0.15067689301760723,0.26044029138279445,0.33823822281436383,0.34271433017859954,0.24947992873895083,0.05407051863988913,-0.2307748880621239,-0.5625919974021729,-0.8542182114440682,-1.0,-0.9446783954048644,-0.7250675201609443,-0.4385440010305536,-0.18011556573606216,-0.0019250190592898823,0.09327124966476642,0.13130440365850185,0.14027844742865506,0.14120417483390652,0.1472552023759153,0.1595334980494648,0.16918159792609389,0.16863638778635726,0.15853304851063296,0.1460655672819354,0.13921168419951502,0.14137711895414987,0.15189917958052004,0.1683984788720971,0.1858687406421666,0.19865944423862583,0.20502860203199955,0.20605093153654977,0.20103984458436047,0.18677608391155806,0.16099600884140178,0.12675752801138376,0.09369927766609448,0.07348683744196859
0.20969057456322163,0.22175996374633752,0.24794518309161925,0.2789699084067696,0.2938748009434549,0.2807630810362097,0.25056023097921265,0.22467702670180884,0.21387746708409475,0.21205092911155315,0.20542241807914224,0.18490909104953412,0.15282960668002826,0.11912366472477623,0.08612457514833566,0.03108166148218926,-0.09175112453042328,-0.31590846640480946,-0.6139575741054165,-0.8825236043889976,-1.0,-0.9253921941955947,-0.7310415951942711,-0.5260811352619056,-0.37002838411021005,-0.2663315021644576,-0.2009134549966442,-0.16222695462104017,-0.1403019943533139,-0.12542675494613534,-0.11037056134197804,-0.09035376491332656,-0.06068142618488572,-0.01933161182878554,0.025936094724160214,0.059087386913182854,0.0721817152985056,0.07865370171703359,0.10122885803000481,0.14585741707581631,0.19625835151146442,0.2346575449349345,0.25882793407462146,0.27749954393215776,0.29596419060290274,0.3110987399497739,0.3213772410695478,0.3327487544498672,0.347924899616655,0.35965954681327894
-0.04475484339804543,-0.04403834301945457,-0.04476657546176936,-0.04690181666997167,-0.04764826737168972,-0.04475094592863051,-0.039356166071821914,-0.03510744544717376,-0.03399408605354464,-0.03497719090094156,-0.036684773543740556,-0.03834616798412735,-0.03858607983862244,-0.038048741806728265,-0.046637169957499315,-0.08914109595342871,-0.1998290508858771,-0.39750747492073957,-0.6520714260203417,-0.8815717019337672,-1.0,-0.9742525926369583,-0.8352128286617778,-0.6433173072935335,-0.45045036805641464,-0.28493455444053284,-0.15533529367232454,-0.06025190553404219,0.0031156447170244458,0.035631657008304465,0.03908536664380272,0.020580984394346555,-0.006351594491822377,-0.023359780198811523,-0.010668278023357444,0.046674417176670875,0.15144229364263037,0.29011188047297887,0.4354537208635116,0.5569221018906247,0.6345004367259556,0.6659968808108102,0.6626080167664244,0.6390018500139637,0.6061539414221814,0.5696611307302395,0.5316972847748354,0.49359278611880714,0.4591933327675301,0.43743013923684865
0.31747824012387454,0.30936074287287535,0.2992295705905112,0.29089430830153695,0.2837159407080695,0.277086922281098,0.2712084336073386,0.26082916204279205,0.2345252738784157,0.1878817690138934,0.13352480602099348,0.09260685776140667,0.0768500196508641,0.07818436180374345,0.07286073350310156,0.02993637412224298,-0.08599170816312993,-0.30143709570233734,-0.5956032599415622,-0.872500778849377,-1.0,-0.906971123165135,-0.6432411416663701,-0.3337173981209041,-0.08335071542810053,0.07133670741039956,0.14559380619767537,0.16609624477723658,0.14930588801089406,0.1077494424674647,0.05911081994175121,0.019801961306734332,-0.005761046707780607,-0.02379332134810875,-0.039168886196792305,-0.04879103203365335,-0.04871296461823135,-0.04148638060986537,-0.02982837716276837,-0.009713461308416979,0.02285975903887121,0.06352382932095568,0.10180241184472365,0.12856225890371262,0.14130973321598164,0.14417159545372074,0.14229266191001436,0.13728875475572247,0.12969833416337648,0.1233909660205431
-0.008592399316823462,-0.008222611653576054,-0.007461502326776298,-0.007465207402322051,-0.00993617121033809,-0.014899871083567016,-0.020237665468463555,-0.023277883998671794,-0.02308910557980472,-0.021822722828228242,-0.0225137251719749,-0.025524017482689232,-0.02928928727678762,-0.034761115186568,-0.049726894860075976,-0.09334339104355122,-0.19615766430006337,-0.38138402822307504,-0.6296126867576683,-0.8657699429856133,-1.0,-0.989394108673808,-0.8584896944976321,-0.6678393818133774,-0.4721575195739023,-0.3016038993594945,-0.16518027139606073,-0.060637914015193806,0.01833326472844473,0.07830167101944688,0.12336108169043555,0.15281731602169177,0.16198323400784487,0.14765250771105315,0.11398950426293424,0.07376037508193127,0.045790892291574646,0.05102183262723582,0.10509446450062582,0.20815220595981132,0.34091945667608725,0.4730845796107454,0.5776218342351115,0.6407326819016176,0.6634333856871587,0.6564638983198706,0.6324242504422101,0.6010330806504076,0.5707866085803761,0.5516325574794927
0.3754721138974715,0.3648089216045998,0.35117035259599416,0.33837176268210756,0.32426169497911295,0.308326761101561,0.29675760471778584,0.29619798688725335,0.30316306105045465,0.30778969862707767,0.3055190937718157,0.29548515772669554,0.26835015841467147,0.20344785529526677,0.08378342721365584,-0.08721874889431588,-0.29032150620281366,-0.5087593636394482,-0.7266896976489302,-0.9079556824772276,-1.0,-0.9770258157376426,-0.8690559275208475,-0.7363691924371664,-0.6225684964322172,-0.535271862649172,-0.46222795503018466,-0.39458697124661174,-0.3317305755612875,-0.27410471460608943,-0.21759799525401613,-0.1552862073677137,-0.0887963591156124,-0.031554728651475995,0.008091914663999833,0.03950082658571861,0.07931119237728519,0.13436666329353503,0.196613999235472,0.25006901287272015,0.2839289261362988,0.3023513747720502,0.3202733246400843,0.3490102780496548,0.38766148551251983,0.42856296120287596,0.4665097597351137,0.4984570341918609,0.5200155483282286,0.5294918483098286
-0.06608614776118776,-0.0667812368779627,-0.06736319177305189,-0.06686636438563047,-0.06527878121797506,-0.06383505786506778,-0.06374660374728329,-0.0649718407613552,-0.06664410844350308,-0.06828163962390063,-0.07009718500526645,-0.07278002727975821,-0.07810643211763073,-0.08992435604223593,-0.11575104043708209,-0.17073651022720265,-0.27851608032296915,-0.45526331951735205,-0.6798427381950815,-0.8858723219351713,-1.0,-0.9906150479183284,-0.8746438800689516,-0.6863574731385378,-0.4540694484645788,-0.20402568308631241,0.031475891750298336,0.22155390744165546,0.35052580568838926,0.42170630183509655,0.45001653461545194,0.45252212068515413,0.4428117144531845,0.4289140645907286,0.41391933465865366,0.398733866419857,0.38421447893705335,0.37099568784520476,0.35869242736711304,0.34641754925320384,0.3340818929697903,0.3222888095363184,0.31069079408560596,0.29759633218793546,0.28175103712321536,0.26361746302355066,0.24460602919665086,0.22627973138788646,0.21099210447019237,0.20205263669118642
0.5839266893450168,0.5511611586862072,0.4927052142428371,0.4209896855442808,0.34877158567681493,0.2877952851901424,0.24880859695555232,0.2330081833410065,0.22539138906109482,0.2062369257004165,0.16999071975780045,0.1273549789642837,0.0904329649011406,0.06349157254447269,0.04239711043997731,0.0074859494616793315,-0.08282731325981536,-0.27371238360652195,-0.5633381821203064,-0.8566999999459768,-1.0,-0.9058126203431717,-0.6371596157569442,-0.34549133918126185,-0.14711271466360873,-0.06589066629875154,-0.057434835833643866,-0.06563009912152869,-0.06343605839578538,-0.05386193426998397,-0.046383303354945705,-0.04005018754109567,-0.0257687117781968,0.0004005913553190246,0.02974526309995704,0.04949390740631796,0.056110077221304566,0.05551019489370676,0.05236531844335118,0.04513502632645108,0.034223985641806697,0.028774026171916867,0.038247785057397364,0.06161162397351934,0.089254771165813,0.11087647420477954,0.12122676421514329,0.12207703332879455,0.11901216199159428,0.11659695116164244
-0.04822121249030399,-0.04789657166759169,-0.04478008328021762,-0.03931989152875093,-0.03575467942963411,-0.03701292582945231,-0.04119772580200818,-0.04374330301474235,-0.042220913688640505,-0.038615676094585404,-0.037043053280595505,-0.03985168742466322,-0.04678396846828765,-0.05910855133509457,-0.08718346797068263,-0.15490170255096866,-0.2891612312657561,-0.4923772557304491,-0.7228585081862577,-0.9113179259058151,-1.0,-0.9637942883625016,-0.8063760476441973,-0.5565532732805764,-0.2677343907338395,-0.002083086668760884,0.19701890921901155,0.31979838306849834,0.3817322915833966,0.40497294656583294,0.40639333743675143,0.3959944297512713,0.37959371200043307,0.36107849063110675,0.3433613479430438,0.32820334248811817,0.31563217648608616,0.30435479069336063,0.293460184013146,0.28335624393994807,0.2745473285087395,0.26615612272649586,0.2563740600553506,0.24402426286265594,0.22890899450378457,0.21105865514130753,0.1910180788965292,0.17082328152758117,0.15391367354329938,0.14411637804862423
0.02192774937722742,0.02160618743660983,0.022464702754269473,0.024787487395362143,0.026867354526816777,0.026684260244959287,0.023291540607614195,0.01822973954237959,0.01721884726954502,0.029926403133803434,0.06920874830397453,0.15007216233552947,0.277825887644562,0.4234405605112936,0.5149381137218798,0.47103534873784925,0.25382664992213405,-0.10424320453761984,-0.5099829238142768,-0.8421036114495677,-1.0,-0.9527089071634067,-0.7515266494376931,-0.4913215055883998,-0.2546912927086969,-0.08217354733771219,0.023516483951589173,0.07887866720277913,0.10359365653711057,0.11195830744906829,0.11204963875462694,0.1096602421785566,0.11016040606784137,0.11575031395729668,0.12372348554650557,0.12964128789872356,0.13156891636032708,0.13080698017375827,0.12972874068370346,0.12956280774496495,0.1293595368562199,0.1265495470794008,0.11934653593944058,0.10890150807881326,0.09882257923155562,0.09265677889032227,0.09148959966525794,0.09359122545812054,0.09626508002838718,0.09781757283719336
-0.09986816123794783,-0.10415407528501,-0.11830803330629662,-0.14826421176383162,-0.1957975139719936,-0.2620298057322068,-0.3505478017830605,-0.4591704438556826,-0.5685772506190947,-0.6462893506357994,-0.6678302948881305,-0.633257422958772,-0.5631708743007526,-0.4839083221104858,-0.4203748883649155,-0.399553917634071,-0.45073210304376965,-0.5899006882069694,-0.7909596003792383,-0.967176726201295,-1.0,-0.8179038877104059,-0.4570679715845253,-0.035818443401744046,0.32965105443637516,0.5831397939616394,0.7261944488730805,0.7877104031729801,0.798860154404339,0.7817507499736305,0.7490580338253999,0.7079667623513848,0.6624711298899151,0.6146686974190799,0.566833309637302,0.5225792846614992,0.48562177706273946,0.4564861857458952,0.4296854213279622,0.39610537742063134,0.3514149814675755,0.30087922052620203,0.2530840265995255,0.2109568424792574,0.17149839278772674,0.13246220638999065,0.0954700845714776,0.06256124651655315,0.03521684955836998,0.018335353915466507
0.025499582228663612,0.03564288950464512,0.05428468418482688,0.07229329926955572,0.0835227188239437,0.09179277638284046,0.09585014555684765,0.08711934780444229,0.06725915525646177,0.050428876681544166,0.0467205375357618,0.052956144034512,0.0607927734429479,0.06381299867295989,0.049771237014607554,-0.006142132540736002,-0.13185936661340475,-0.3405972454224638,-0.6097926092194281,-0.8641218137413987,-1.0,-0.9599339289266499,-0.7807124269582741,-0.5572482979921639,-0.3704965926758976,-0.2518899757410268,-0.19203292295056207,-0.16145029086562857,-0.12874418498518111,-0.07762584938603918,-0.012484169263163696,0.05212860547487364,0.1050725689667868,0.14526377615040917,0.17946067898557333,0.2160966672034449,0.26088676525318855,0.31026949101750045,0.3476325134735997,0.3552366711129991,0.3296046518906839,0.2845492485474893,0.24695444182308643,0.24241973025796043,0.27537703674518715,0.32906811412815995,0.38555917939696044,0.43878226674691423,0.48625733557323986,0.5167648981394009
0.13661259301395723,0.1303482457012726,0.12508554625759663,0.12797152481259003,0.1384895243551176,0.15021714720264687,0.15741282987501304,0.1588454748722203,0.157891330796953,0.1575226096587787,0.15595920800456886,0.1513071039660444,0.14774405964777676,0.1475856818538527,0.134250342440714,0.07107886065004515,-0.07742319325286004,-0.32192546906426545,-0.627183630556428,-0.8954044001271213,-1.0,-0.8807376836534256,-0.5997147503779893,-0.2866301023218814,-0.042878837659982974,0.1017778189136101,0.1700772392927462,0.19938936443836083,0.21718792043100324,0.2323045656695088,0.23635000895433664,0.21647338026573015,0.17335006498528244,0.12366567322058426,0.08556656473452388,0.06976187802396497,0.08050530275496535,0.11311029864455738,0.15037186789328788,0.1717619085544784,0.16910768907746124,0.14762911052702693,0.11299289753613084,0.06514155467873055,0.006905865016958468,-0.04797166376284868,-0.08218818021784179,-0.08909687003245538,-0.07706056077772265,-0.06353771491757344
-0.06427850713430605,-0.06531989204530146,-0.0650266044557234,-0.06389525313988728,-0.0661142400305632,-0.07580510965301289,-0.09290836943431453,-0.1120814650327571,-0.12664960536669476,-0.13317601518335076,-0.1312253702252453,-0.12092285016156373,-0.10301770409247828,-0.08119759280044604,-0.06592463751805765,-0.07907595973932559,-0.1540799477111174,-0.32160307572046876,-0.575177040344201,-0.8406450255682175,-1.0,-0.9712182527625992,-0.7656536935938083,-0.46714685600162886,-0.16852753148440522,0.07350954485737987,0.2445215142955829,0.35334006443134247,0.41286519966730373,0.4353500256203359,0.43461814985464736,0.42339217253032113,0.40936401102122943,0.3959215959274757,0.3840479327621214,0.373396666678566,0.3639865388932955,0.3561015531123199,0.34718304439549236,0.33159374826697435,0.30561203815458277,0.2707967137264036,0.23167287564007724,0.19155800059502293,0.15124654169344728,0.1110967183366621,0.07261167120708958,0.03749714405084875,0.008396774366441977,-0.009009640885489889
-0.07488379508929642,-0.07701717586644113,-0.08182709710166944,-0.08750894448827523,-0.0910955028842141,-0.09162861627316145,-0.09054780606718082,-0.0907128012657938,-0.09468348619869948,-0.10215246869369013,-0.11026780446445866,-0.11778229780576732,-0.12719479819823618,-0.14227178601836105,-0.16764378586963716,-0.21562190835991743,-0.31125359582865814,-0.47801500179159956,-0.7023998979354547,-0.9107399464319778,-1.0,-0.9097911949483898,-0.6651230439657978,-0.34925226448217844,-0.044831848797463165,0.2009209589957121,0.37606645829774654,0.48880948465443175,0.5532966715044632,0.581847079044032,0.5838990655210996,0.5675501316208089,0.5398279402010173,0.5053448791230996,0.465336571451172,0.4197123541997319,0.37063708540090595,0.32249133512283373,0.27824040996417587,0.2380321570596802,0.201419775226244,0.1686227630811211,0.139132777006219,0.11054519000975623,0.0798779450929504,0.046353171080738026,0.012354642795044984,-0.018350440447821897,-0.04217876883376642,-0.05554276834507694
-0.05718165798175414,-0.06708605299088256,-0.0821854599710937,-0.09397187021590635,-0.09607667809224794,-0.08989137461417591,-0.08148128004172432,-0.07501921954127531,-0.07178365029776236,-0.07244356909009074,-0.07731583789096494,-0.08626087829306066,-0.09943870511904776,-0.11713587034411897,-0.14285958642772462,-0.19213875889430476,-0.29561249120903993,-0.47955467484979064,-0.7233368081705909,-0.9355915281664483,-1.0,-0.8621632675756102,-0.567676435435789,-0.22039630638059424,0.08456395014306328,0.2978575980455911,0.4158310933518807,0.46111310503885217,0.46127866090165853,0.43767993239835173,0.40605879855900373,0.3797022732434042,0.3677654781327665,0.371177726210155,0.38261530276183225,0.3915761476789058,0.3889955425804673,0.3692675971324124,0.33222409381567874,0.2836238206272859,0.2324470209520532,0.18653434704150884,0.14810592750920779,0.11363933860550149,0.07936768104704035,0.04545419059874232,0.01505473718750697,-0.008691341807519418,-0.024439187762980485,-0.03220187239837201
0.1566704522649429,0.1410544439747061,0.1207258640243408,0.1067550859618359,0.10062181517660904,0.09719583675302018,0.09441957456110107,0.09687854182055156,0.11004395459195124,0.1335384335911391,0.16124969983411228,0.18413697640518942,0.19218868095880284,0.17702007792894467,0.1314412220545515,0.04292307002041254,-0.10915289911837114,-0.33917120839870646,-0.6245559895239725,-0.8829534308981508,-1.0,-0.9117739519176867,-0.6615438096143813,-0.3621948995173875,-0.11183991279003766,0.051906631568667434,0.14047861352866597,0.18081827394936167,0.1922576191987977,0.18171191380853546,0.15176886817797197,0.11108378789160009,0.07600037814141905,0.06110460877551881,0.06702926492515157,0.08090530263316068,0.09182241058911765,0.10039500671041078,0.1115150770447779,0.12480644606088241,0.1340553556219832,0.13270853652572695,0.12106350723661996,0.10906527328233571,0.10864129146229305,0.1207951727775118,0.13306164705192675,0.13357379342152376,0.12415460075409578,0.11559899071842687
-0.030038831217015984,-0.02872621898680991,-0.029979793895120795,-0.03641746432428407,-0.04342010323343246,-0.04628333447848142,-0.04852779081393705,-0.055354173514601215,-0.06496158323371952,-0.07170126654448669,-0.07365620268695433,-0.0724712912030015,-0.06988372082628871,-0.07165043212577615,-0.09440913601423252,-0.1647466156656445,-0.30725406176172687,-0.5227751723677031,-0.7677864000601236,-0.9568366067379869,-1.0,-0.8579495769666414,-0.5721157378192658,-0.23971542688868364,0.045839629406561194,0.23884867339851915,0.34374448663424634,0.39010165930657514,0.4066847198963371,0.40890747416709256,0.4010274766511576,0.3847686204407671,0.3624729056928111,0.3351322704528109,0.303542812462157,0.27069210351752965,0.24074325271675734,0.21724225197600744,0.2023796767538322,0.19669363512766183,0.19874500160670072,0.204088038857079,0.2051246188114683,0.19488407010530398,0.1726997570608595,0.14451447644252002,0.11712165996075728,0.09420630311594488,0.07759566691978081,0.06885969988468002
-0.042653698859607375,-0.04577573496582994,-0.049129788977300054,-0.047574149088681704,-0.03850832410984452,-0.025759317527380213,-0.01650695705719784,-0.013564267349572874,-0.013667144734318582,-0.014493329991623038,-0.017313806094625562,-0.021242197138775724,-0.021071029301065542,-0.015106007849457547,-0.015691289529315967,-0.05133546869767526,-0.15707946580124532,-0.35336527894113956,-0.6161659912941759,-0.8648860248154732,-1.0,-0.9679703058792005,-0.7897522589298153,-0.5320029845466057,-0.2618668998215976,-0.02388315974089943,0.15989318879018338,0.2829191155779653,0.35042117618282564,0.37704994988813445,0.3815668386738278,0.37904263082508016,0.37545783141288436,0.3694586190734616,0.3593249054583643,0.3471986874474057,0.336118455137488,0.3249046888286978,0.30826654645059487,0.2829123465835901,0.2521705482600881,0.22158752392587228,0.19215066690479848,0.162450913718104,0.13426761990283395,0.110798215723933,0.09272429254887594,0.07935587619169139,0.07042145812610055,0.06590278540962342
0.4998039144035281,0.4646008548289494,0.4038840503551859,0.3327106470330838,0.26509677622825706,0.20747564068649357,0.15832745382442057,0.11565719662075503,0.08209666952922216,0.061350579844259574,0.05206058646617924,0.04674088434156707,0.03782188877437253,0.023084392215954704,-0.0006088945044393521,-0.04967362465906475,-0.15579736652705423,-0.348941249081048,-0.6192757470834925,-0.8809342928243781,-1.0,-0.9014532872124265,-0.6423033153288744,-0.3551896557556691,-0.14051403803075294,-0.02440585491464508,0.016300695974978144,0.017516646856634423,0.007665442898756465,0.0020102206584130516,0.0035973457125386236,0.007455357942947641,0.0073493190769588585,0.0039189037112421716,0.006619799153266617,0.022795135961944032,0.0470574506755713,0.06848004928202067,0.08547025197789046,0.10500868379933183,0.12870367100501223,0.1499119836558902,0.16577170565428495,0.18157369134112505,0.20046299226314512,0.2174868433797831,0.22713201477288347,0.23056018171724935,0.2321394656559563,0.23339793764179015
-0.08892247174039535,-0.0900477544869994,-0.0914493020900369,-0.09210326184666093,-0.0918876836404345,-0.09173061164791808,-0.09259953268716958,-0.09443069220923954,-0.09608250897045942,-0.09678034097980985,-0.09756042279762533,-0.10086701344390436,-0.1094239785370533,-0.12738469016937046,-0.16424189459561833,-0.2368007174637794,-0.36212013048191694,-0.5407569341666073,-0.7427288147632707,-0.9132892377921448,-1.0,-0.979142254366172,-0.8589426331176073,-0.6648226084379347,-0.4283240951482923,-0.18407746552169849,0.03573432846354904,0.2104283682414044,0.33526049107135836,0.4176153095705995,0.4690410472624558,0.49950607560337845,0.5159717365549911,0.5229363966429019,0.5231166903036534,0.5179023085611761,0.5073802078405502,0.4907664938357344,0.46776113916873757,0.4393399480525424,0.40705288645205717,0.3719689610016843,0.3347023853517124,0.2963014488263816,0.25856257056177695,0.22302185136714897,0.18972385683288764,0.15817639159526284,0.13063272185001806,0.11361343609015699
-0.0753442903295516,-0.08045071205317073,-0.08923758095825007,-0.0992706698267849,-0.10768273538441168,-0.11182521382178784,-0.1096925077243868,-0.10059013189480448,-0.08637173158038754,-0.07145397714070481,-0.06123469790917522,-0.06160656441037653,-0.08073016417226832,-0.13015336266492633,-0.22214113887840223,-0.3627120460598733,-0.5426709656016551,-0.7343006411099903,-0.8993421700075785,-0.9993875127051677,-1.0,-0.8792422436413114,-0.6467053026295444,-0.35191472469066476,-0.06359478181313129,0.16502655544879746,0.3155313599785019,0.39904596105455353,0.43933628573342964,0.4586633397164009,0.47043298335959355,0.4783807125989153,0.4813164522757881,0.478061298743248,0.46848764244290725,0.45289608231501705,0.4324080990647361,0.4094054157890586,0.3858993948919886,0.36101813969864766,0.331589359280632,0.29622974484219167,0.2576143824131514,0.2200340246437734,0.1859700734172411,0.15487362370363777,0.12419577966181827,0.09254616263486234,0.06344958002329354,0.04524341327612021
-0.04628337855636126,-0.0465083614426169,-0.04863961648076385,-0.05219591698627724,-0.05390544606840453,-0.05156441812435826,-0.047293265597454996,-0.04534391349192599,-0.04746002676986653,-0.05285907502630159,-0.0611809129535973,-0.07303267721866584,-0.0895945014334174,-0.11496619475185885,-0.16043333490460668,-0.24504181525678623,-0.38610531911985574,-0.5798800862908249,-0.7872827721811982,-0.9449141751545789,-1.0,-0.9423398917854461,-0.8068870782707676,-0.6462203724337287,-0.4983110859306223,-0.3719385744968069,-0.25173653825107306,-0.11642162952717833,0.04082020998305135,0.20533478062459948,0.351532480652076,0.45910266875562833,0.5220950563073241,0.547113036114419,0.5460576743255127,0.5307594492431021,0.5101001462345567,0.48786565175866625,0.463868806013674,0.43823819281071985,0.4137613435210466,0.3940897265872708,0.3800234803039148,0.3682401543715438,0.3549540698781121,0.33974510073905756,0.3242206755771802,0.3090614621516279,0.29517837756418475,0.28617783498807614
-0.049429955391896235,-0.04907422202741437,-0.04856585227656995,-0.04716872138624775,-0.044414073082207135,-0.042904351993107825,-0.046668151258965555,-0.05622588848517104,-0.06765284137706246,-0.07608389165941762,-0.07922787684360648,-0.07863028688005225,-0.07785630397213054,-0.08028987984550245,-0.09253038100080521,-0.13239866168166345,-0.22948693110823185,-0.40535329832148076,-0.6405669247547066,-0.865001646938566,-0.9970125618262764,-1.0,-0.8999074340692627,-0.7540695038886877,-0.6116395529698717,-0.4958148184464444,-0.40343483578122274,-0.31148241649734326,-0.19150521697065734,-0.030371310075960316,0.15708971543929187,0.3360318749639454,0.47373489583313055,0.5567617963076262,0.5915401031350935,0.5936328483471782,0.5776561468235235,0.5536687068854056,0.527710310896875,0.5022852979215718,0.4771042805433639,0.45186276241337026,0.4284553532727213,0.4096978044215443,0.396606874512444,0.38762398154144956,0.38011930437812863,0.3728195396678404,0.3667938742397646,0.3635723192662626
0.595782398967055,0.5373640776202907,0.4545785650842734,0.3945562615325182,0.37781084834677026,0.38072387821366505,0.36633381169666945,0.3221864994027685,0.26417187609413395,0.2151787484122269,0.18590793619460053,0.17272782335869805,0.16563646678997707,0.15324469732632764,0.12377805615205428,0.06380012596499103,-0.049462862467528235,-0.24976720385607223,-0.5427997403394561,-0.8440026053151093,-1.0,-0.9245360269249436,-0.6870999555525547,-0.43142712837427033,-0.2435241751567738,-0.12694789030872,-0.05910562827894539,-0.025430600781952677,-0.014581739980734663,-0.013378958714245937,-0.012734146037873997,-0.010020103350371063,-0.0039056055171003703,0.00688577110543867,0.018152623470870252,0.020955402367119316,0.013131069678392131,0.005586147735985431,0.011202480785223679,0.029473183971324562,0.04763651679014337,0.05447187325353214,0.04677442201662624,0.02750466899141735,0.005224022035138255,-0.006739539777979629,0.002676832815793669,0.0316156041474241,0.06477367362338561,0.08561754678979548
