0.22219400281975651,0.15026729689508583,0.11793385169270622,0.07179760389845999,0.14093936728475934,0.1850005138408905,0.14464654800375937,0.039748583613072964,0.06061868519021691,0.12065893398199924,0.11282639586720501,0.0499218684826264,-0.0038552203585517815,-0.016603009571725343,-0.0405604200034097,0.013164938935300042,0.007338326310270494,-0.10201535763006139,-0.3696446207262394,-0.733663454709484,-0.9711528886163552,-0.7510375033422135,-0.42732250287111606,-0.11477351913189725,0.040703001614955825,0.1592105815326831,0.19288347724340416,0.17001152935608035,0.10591712344749554,0.09483067756565605,0.07169289800064053,0.026784322966704667,0.06540306212025047,0.11849095768601822,0.15621702680080835,0.10950342033727962,0.06222864911712168,0.03598916469685979,0.03249754058179545,0.04256410511828706,0.0488134682712754,0.0918453300627162,0.12134416785922857,0.11209986938494299,0.0876330528794239,0.06974273219086954,0.06457963047610386,0.003941067841253093,0.006790605020107365,0.001854117972982785
-0.03426376391745405,-0.024339887960846483,-0.004362258078526888,-0.01574161088562655,-0.014257239851763203,-0.02421343181962892,-0.04818019515720635,-0.07337048964358488,-0.05002194037952144,-0.04287716578618024,-0.0508029176077649,-0.05278276294890453,-0.01900754089526009,0.05600288138630216,0.12965556895756955,0.13498478228947003,0.029868809619192298,-0.18302013671514508,-0.4883490638563046,-0.825523361038574,-1.0,-0.8750966698519151,-0.6086848011245314,-0.3630608825811066,-0.1904486332044626,-0.0618989435356505,0.03606884938373146,0.09942784672537731,0.14995413498929958,0.19947210561220513,0.23462461694614742,0.24759329872363187,0.2637528614328355,0.269201324236973,0.2567333227082738,0.24461640172978888,0.23740434908679248,0.2179629801283944,0.22666929152603857,0.236979073982475,0.24937663401678736,0.24348497269649275,0.22465202601137627,0.21120063331096503,0.18652704938813025,0.16368147010550235,0.1473200726477741,0.1313899383438204,0.11292509349008413,0.10877330736452732
0.08662707463006981,0.006855429261984724,0.03481257619687359,0.043218677946114926,0.032801242064091664,0.004125557304864366,-0.0002316552136883837,-0.02205747560155727,0.0048722541304544046,0.029975259294221082,0.05540225426816248,0.08893289527622988,0.13451606287558546,0.19485542027147704,0.2987487261916853,0.3743812745442323,0.26428541618986817,0.04029154900864516,-0.2910081051686131,-0.7462885231960256,-0.9997341839447098,-0.8095538331959989,-0.3861894452045073,-0.08685092547845785,0.04075583802021229,0.10085837874840657,0.1130101693430795,0.1065477614752496,0.0789507553041152,0.03907827891339479,-0.025312442821754922,-0.06152496748310692,-0.03903207298566171,0.019239073585276382,0.06776215788762438,0.07628018851193609,0.13485172822370442,0.17490179982726486,0.1617040063792916,0.1394234199434045,0.1486086693341242,0.11984047026451215,0.04046850173696536,0.006806424660382578,-0.012010756900203456,0.007815378096197359,0.032615564613693186,0.0612108951349154,0.08545717066201018,0.028906087073964377
-0.032557084481260046,0.013413833234597938,-0.02573859836174788,-0.006754153706707277,0.023010964211671245,0.0397733096058398,0.05253175924860734,0.0460015919641404,-0.007724392295570511,-0.032846937244885265,-0.009223292227554032,0.006324152141338667,-0.016391606642839764,-0.04049872693246606,-0.06941431550865859,-0.05642141128581162,-0.09782132932822461,-0.24814464367226238,-0.5295906437385374,-0.8289577463848621,-0.9997380598969701,-0.8537749103023745,-0.5582966138928267,-0.26168701178579007,-0.039782853118535494,0.11641806046271644,0.20575940762066522,0.21904211299367382,0.216288781014575,0.21746932205315203,0.2685995312761127,0.2542054104745302,0.26461381196039757,0.25235594004074147,0.23483555795062816,0.20955133843539997,0.2216832046937231,0.25779595918019915,0.2162389258946082,0.15605251311449742,0.12553338859516394,0.11579807054642817,0.10890294680193278,0.12808131599518646,0.14289192770429315,0.145464910493829,0.12237315945374828,0.1271396724365385,0.1189915471787438,0.0882219040302042
-0.04059538299528809,-0.04522242519896904,-0.04413178912425563,-0.058461773511181626,-0.04986450253490972,-0.04595613605196803,-0.05242910213801176,-0.055341140109729216,-0.05033524290813064,-0.0446030429049666,-0.03411551449036695,-0.02338152235069772,-0.020900655093940707,-0.016882310903337028,0.0012585801866299325,0.01372305023334394,-0.04299691320339405,-0.215776096073632,-0.5061515710308873,-0.8356057333541439,-0.9995676236596334,-0.8600019744785934,-0.5496586219720861,-0.2336927293670252,-0.008867509279543152,0.10294549744802214,0.14337206732034521,0.17158193799601298,0.2062990386586252,0.22487551972456946,0.23108135491719947,0.2277672834691775,0.23754460265755858,0.23718846030269805,0.23374959573647966,0.23793998547395184,0.2528012547083965,0.2530235181525694,0.23741504552418952,0.21337587584061762,0.20263540624522167,0.19184438575907706,0.17895722275169076,0.17498344062943047,0.17134439137167612,0.16306150386385196,0.15160203480644938,0.1404994204610122,0.12569461904779142,0.10797421944810263
-0.0027218952855460644,-0.005224498801410343,-0.017507648597971017,-0.02039075467451047,-0.018966022134681796,-0.019335639386903254,-0.021718101381056204,-0.02516318419369169,-0.02215339460292638,-0.00552781752632289,0.015451126593625903,0.026317607261731636,0.038388037073547286,0.0568168229900107,0.08541728819806094,0.09094883190313,0.007993446522692899,-0.18897375992598164,-0.5004517547432004,-0.8386841888292,-1.0,-0.9045373099484486,-0.6594727603333163,-0.38231656038364953,-0.16065660735864337,-0.0008374678748313139,0.10326756085687054,0.17667476740633553,0.2307602679373523,0.268903239003034,0.290740448439178,0.3088249450849753,0.3080356896174979,0.2839607985940723,0.2519212598963166,0.22475714316343395,0.19938634106036318,0.17917992375630545,0.16960836012130073,0.16709900977260234,0.15646656391645108,0.14663691352404698,0.14875850606637522,0.14789145756478542,0.14495058623319226,0.13256948802454516,0.12841122465811533,0.1235384447665141,0.1048513252837847,0.07611194069204379
-0.025018960100337446,-0.006056622106936759,-0.02776755828544293,-0.005615205604616687,-0.034752306074980664,-0.021847873388039375,0.039439746055973196,0.051611005107540193,0.046863185291814984,0.04079263199642843,0.04150856168899918,0.02279215183056459,0.002582748048248196,-0.04315584318336815,-0.038055075971468316,0.0009672767449452903,-0.0071498759592929576,-0.10521897095858751,-0.3960357043053663,-0.7820846533486184,-0.9979027264556078,-0.7847910710576936,-0.44128435207107014,-0.1810299097646468,0.00031694249372954934,0.1277174806843589,0.1492028515617766,0.144750647305962,0.1806941555265249,0.17632539831374058,0.18570399480579963,0.13953035681777945,0.10883909271986672,0.1008172876985028,0.09616507522942429,0.14104084459421112,0.16065375267481125,0.10211951260712529,0.10538932344185525,0.1472701637867803,0.1780367471321292,0.22865479962447313,0.27074582404926983,0.25771598394859485,0.23195197504587156,0.1526928420185158,0.11554326580181179,0.10145522883715315,0.03895863999540213,0.00891721515608952
-0.051874308301374725,-0.03959561051788831,-0.059663403121827316,-0.04876284888577143,-0.06091822585916609,-0.071781099812587,-0.03771263192974265,0.02220648044925105,0.04467764725453592,0.05498339795781378,0.10181455851510042,0.10333640577837996,0.039303848530197014,-0.05487595297425586,-0.16400132493260788,-0.24746508933478836,-0.2760012836850229,-0.3257318664577224,-0.5242487348204867,-0.8519705044342927,-1.0,-0.7925438957698211,-0.41526052889953013,-0.05191388246732161,0.18446077707144454,0.25684613568653764,0.2685746707076232,0.26189223917358984,0.25797979443181634,0.24801070896206154,0.22547680021687053,0.1878383091660095,0.1529522106710991,0.14043285067506225,0.15286779378778492,0.2016998022971959,0.2295501404644304,0.2208024690835165,0.22761190777452409,0.2581264014172279,0.2680545343513313,0.25637528476339966,0.19034477568769612,0.11138784681848331,0.07661635569241979,0.06048253153890789,0.05977280833873722,0.059772616740613724,0.07830012217370963,0.07176896602683543
0.009633685488479066,0.013758697688213061,0.059477912712166306,-0.022777085291093364,-0.04768991766363212,-0.0915137700143357,-0.08458607930106525,-0.046530158404004617,0.008053687017120654,0.0318953192596466,0.05032758952835339,0.06665743226762202,0.11825359985283256,0.15193450600130107,0.19189555335844255,0.22845321503387123,0.19777269871667166,0.012645278376514215,-0.3417532154422256,-0.7715187836583304,-0.9987523393636926,-0.8180927599195457,-0.4818724765604982,-0.18223004678245158,-0.00039797535044509835,0.042819281295382296,0.008764200974114738,-0.009578301634922343,0.03909221999607789,0.07625834039872885,0.10607290563922275,0.11135645099492757,0.1258542734346416,0.15197192095705034,0.15202820936986966,0.15970566943029338,0.18523938344932742,0.21601307866476463,0.21674953887642984,0.17793610471237384,0.11913655825714484,0.09164194369670728,0.07902702144513044,0.09517151548576042,0.09533683589495436,0.11097392940426151,0.10903741953084575,0.11517917688970067,0.09592690286287107,0.07524085242442681
-0.08512971773794303,-0.06966556109518977,-0.038566994973915456,-0.07646204788081462,-0.049098503232270996,-0.04666487557714253,-0.035840879030035994,-0.03351350672921592,-0.03601094833403394,-0.04540601660837863,-0.04091199098760295,-0.037334516411645036,-0.03822614000283483,-0.059839828405436724,-0.09174618222553234,-0.1429102487776627,-0.19780702395862082,-0.27456891764240215,-0.47995098684322546,-0.8072876016160734,-1.0,-0.8611669786794139,-0.5277185328737868,-0.21872994877779428,0.009464087442786541,0.1601943321627569,0.2310406422806536,0.2503070962989228,0.287249151303946,0.3263184169123047,0.3466763657540711,0.343021725558633,0.3403409549395463,0.34563846817927985,0.3208893432288584,0.2997085215406854,0.27265388197184875,0.25247910422810416,0.23300283396415963,0.19299320217897362,0.16741344386063284,0.1451767647930794,0.1368986348483142,0.125056770091116,0.12843413247021143,0.107565507211853,0.08760928423053292,0.07726554695541621,0.06721598968397295,0.0399437463103141
0.027744686248426922,-0.010155710033369056,-0.03757028404046613,0.08633799842780814,0.06483917835291236,0.0009614650331388476,-0.009712953037598315,-0.016184555150217918,0.027229684857896185,0.07301321834044966,0.057700393087895575,0.024113761546144356,0.007487614041861487,0.058606319193868356,0.05681432644800005,0.046340876838145986,0.040505859771826164,-0.05387000579996031,-0.3600623135426804,-0.7520459841749982,-1.0,-0.8089831115457422,-0.485478195936129,-0.20331218925867436,-0.05160925177354759,0.11164743115843152,0.202073514344134,0.2437671187600019,0.2164012605559348,0.15944518669007243,0.14310336129170426,0.13751663841743392,0.1372569042446395,0.16895820225019273,0.20179015007510756,0.2106783755129437,0.13044397820544817,0.08778290241663506,0.07227328682934894,0.12005955843982805,0.1568271068225499,0.15826748553984607,0.1565487654190133,0.15446496448898603,0.1505411185788306,0.10608679235780333,0.031073728258693062,-0.028880229860261522,-0.025999043099715388,0.015160614407407484
0.062388584019217354,-0.01083545444601614,0.027584542319599493,0.03922685592257993,0.050380708417969544,0.030890984092437367,0.04282085894474126,0.01926490378538249,0.04170208287999521,0.05538230237364541,0.04915016451054492,0.05981449554021069,0.09876494604004152,0.14868987235805,0.1864432191980645,0.19150790390012767,0.18142224966574708,0.044702462745210954,-0.23167841953422857,-0.7146957181514735,-1.0,-0.7614191448806867,-0.4196696261842391,-0.17014162021035578,-0.011488855760245146,0.11860460441935518,0.14151135534562365,0.13294558698226702,0.12121576685566167,0.16615707805091917,0.1996855597251641,0.22619386717326137,0.21414119144417096,0.17057072807922202,0.14794216645223265,0.08539296636741113,0.06568703887579037,-0.0019827969682107587,-0.007763205946920695,-0.008743605994816463,0.0009765582769728009,0.005411852431006409,-0.01690033122442224,-0.025829460120123476,0.054889916290768795,0.08229709159619554,0.07300236914264867,0.04129591631931068,-0.003903621045665175,0.006993109925856637
0.02314984968644198,0.0529872920617956,0.09087252350222724,0.06889378215440203,0.12011066370440868,0.08838388318939455,0.058050157136706346,0.05977517581022536,0.07846262057317349,0.10006710968794344,0.06931562956527923,0.034453448032369015,0.035054053697317955,0.05694351519548628,0.045762146487303965,0.05003283311777975,0.06388598960976574,-0.03649951378494524,-0.33398372335085547,-0.7784360237547864,-0.996851846296907,-0.8124655554562683,-0.43153673484076666,-0.14653147404442807,0.01647438215331557,0.06214545200506798,0.05218864650965884,0.07505130959133746,0.13112314264293434,0.11814580093472318,0.12371859895151889,0.14954839206838488,0.1927796978698245,0.21472793922267153,0.15635860001279078,0.11049258615936049,0.09012478832877134,0.09492494696223494,0.12066247264738708,0.06957008306419081,0.05043011278829581,0.0386402485967289,0.0793771013479612,0.0969561560053048,0.10226257007812412,0.07699509807821918,0.05725316317634903,0.026851136490682288,0.06232569565831804,0.07097607697278067
0.0048545958175767265,0.018544975122674303,0.01806939103518231,0.01113547346181684,0.015329947792562077,0.010060963951737147,0.007138868317351019,0.0036497106240512478,-0.0005574980039569759,-0.013144919967478443,-0.01390889376895136,-0.010933074663105198,-0.007209939136337365,-0.010939932205381213,-0.020738557704259867,-0.03346732781645827,-0.05938637989473224,-0.17234743021604798,-0.44221631240484505,-0.8018624468293362,-0.9963136646134351,-0.8472005937599505,-0.5533808781232371,-0.27323118768671334,-0.06544148240096151,0.07162811608405661,0.14465548088342414,0.18038616105720381,0.20787661294023502,0.22922500735966486,0.24492122220230345,0.24165970245619914,0.24056411884916779,0.22347561486908282,0.20619686912580565,0.19493699152902047,0.20007458434505815,0.19229150263203246,0.18788109630252087,0.17745342378252646,0.17437182646715874,0.16617524437601608,0.1574372031382634,0.15471522215699107,0.13781901405855435,0.1211677946558402,0.10738170891431698,0.10154830884568929,0.08538263079146481,0.08427113524964011
0.05788743485755411,0.05423793171989414,0.0010929124465799938,0.013220247976720088,0.002995638678514967,-0.04067867002207389,-0.03494976406730607,-0.010402560296399539,-0.018826651506609525,-0.025960442565064645,-0.017163961670018636,-0.009112900753133535,0.006815144772810583,0.00992078811163217,0.03202474114384486,0.050494120049529134,0.05308466280552184,-0.007883904676611356,-0.30164317411506847,-0.7646943505482375,-0.9952290076335878,-0.8236984874833567,-0.4870984779940633,-0.21644735631481898,-0.03135153251517685,0.05832650961694143,0.10411476547170226,0.12914566276479578,0.1431018302050392,0.17125880321922998,0.19922013947154452,0.21517451393582707,0.2048174089405997,0.2358198567611824,0.23369303806387398,0.18066494114830967,0.15303349802795127,0.13843556361141887,0.17173280539139552,0.18641321843848888,0.18633347926344865,0.11010771264759227,0.08538815457961749,0.11567218906841717,0.07886048923676377,0.06558894794401068,0.07565164509320728,0.08496868746073419,0.09020605257533792,0.08563770666149507
-0.011789625808312932,0.0558590083228165,0.07190542973814357,0.02308413273324913,0.003412702971923995,0.0025283972800854483,0.0367932806404824,0.03131742928632484,-0.01089037131710785,-0.052455234189416465,-0.0425533562765411,-0.0011489473239131237,0.05155346662709323,0.06938461027046668,0.10806449400241608,0.20506807915600583,0.3184073668088006,0.45015318141615707,0.15546743441335392,-0.5866728332249735,-1.0,-0.8171215173067884,-0.4184227716977811,-0.11077403561263496,0.07751447723181572,0.1694064105259855,0.1738626686864214,0.18136579866642533,0.1728054519169712,0.15410147486682585,0.06517050532952853,0.00672524966247627,0.0340490251736341,0.027901145725411993,0.008784314420697754,0.02802667788993276,0.020851598688779036,0.01796986035282061,0.03347259091940773,0.007608510546431637,-0.01919210794626603,-0.03704136490533431,-0.029043334027546795,-0.007269069672704525,-0.011970606337390754,0.06060156946247238,0.09805962170459809,0.10282143199978414,0.08500507366496028,0.047242704544012096
-0.00656781861024086,-0.0176601372877403,0.013529485482873574,-0.005332027181982531,0.01312014717417043,0.03021159579226364,0.035168909261952035,0.023268848145690257,0.010967147286358574,-0.0010872890730419258,0.0021432265454438587,0.015383805960452754,0.027816487211972024,0.02959741539023558,0.033236503225514115,0.0573336392190653,0.10428533521246613,0.11578446207577354,-0.15769197702040394,-0.6951450427148126,-0.9995236915807723,-0.8405667585811146,-0.49466982983097424,-0.1508920421930177,0.06536309402781833,0.179958448249025,0.23359130180590287,0.2535321731670472,0.24424428044555396,0.23280840239282036,0.20370008712542453,0.16847864150608963,0.15262222492408942,0.1297789945842975,0.11738596716507356,0.09277114073330697,0.09354759136119714,0.08869998353337749,0.07933208836906012,0.06541043400117111,0.059627421111743246,0.05966736301113048,0.06095478177134247,0.04320000367248275,0.04366220282431697,0.03640854636433817,0.026023867425948772,0.0357686029386488,0.04160828241172375,0.049143681166938576
-0.03459320331585324,-0.0469493015093688,-0.026668520204107666,-0.044257041630882156,-0.047075055988654926,-0.039806761123312974,-0.02266308203527104,-0.005790815400840112,-0.019225200000660345,-0.03460850341066101,-0.03180046141188182,-0.0364871239249416,-0.04474898365975254,-0.054623658261436406,-0.05921074649504044,-0.07519795295246344,-0.14783558973876126,-0.31770389330540866,-0.5799577399184145,-0.8506987461604874,-0.9991860324015903,-0.9082253244427954,-0.7480393339063147,-0.6271271046494151,-0.5319361303791694,-0.39065757804697454,-0.15906618770775396,0.1055268967450064,0.328461049637473,0.4715439118426397,0.5242781441729846,0.5097383396644143,0.48016621814321353,0.43496350393781685,0.39773921945360696,0.37487819965717467,0.3429870544390557,0.3199204090178623,0.2948498215128039,0.27275658205495595,0.2541790100855355,0.24274514664408844,0.22203021168318382,0.2104343942660159,0.20542018625567704,0.21086273845342884,0.1993665760612486,0.17939647547204426,0.15666702958412043,0.14522895319786217
-0.05219538135305569,-0.030331411393764864,-0.013983608268771321,-0.044508384890362025,-0.0456951427277233,-0.0646118324243958,-0.0724108586949618,-0.08043204718744425,-0.07975676836393984,-0.06266443860271571,-0.03414640856567742,-0.044092087833900076,-0.0851882805167911,-0.161607746569125,-0.2878650123535387,-0.4693768641780545,-0.6427155623710414,-0.769124792877436,-0.8349640866439598,-0.9143857997048945,-1.0,-0.8576344653004131,-0.4830869816767193,-0.04823731827259296,0.2872668454252595,0.5162209127005186,0.5695036603434748,0.5186096526418257,0.46650930899131726,0.4192432817254747,0.3713725546207357,0.3275231930041067,0.3056644607170604,0.2882307485698718,0.264614750114405,0.25659312433497866,0.2532660025127847,0.21840936928880192,0.20258742678471714,0.20452309705841118,0.20373622321151524,0.1749582485680609,0.15795924117289964,0.16719321996265787,0.16535344381334238,0.18458923751090145,0.16991687232699876,0.17202243786125807,0.169194131201474,0.14395383630842637
0.034411108462796644,-0.004783576019731585,0.017660307881869713,-0.004148953888878094,0.016340700038758652,0.01201066988985762,-0.00021480919369840378,-0.00698731677045852,0.0029752913656162696,-0.006296432612493239,-0.010226244283522097,-0.011839543926569544,0.011147163230669013,0.03524629334797165,0.0981030816996732,0.21810607855851824,0.39307974418615554,0.46834580728486075,0.11195862784160573,-0.6173747484535039,-0.9959984866159074,-0.7785747442601729,-0.39476811782108323,-0.07123112863417186,0.09741552805719576,0.15386448138876474,0.14632406530028463,0.12704273878650985,0.11216321952889996,0.1021374665002856,0.09684974401370149,0.07531506564427666,0.04870508184702297,0.03631096202707954,0.036372291974550046,0.0544992681604841,0.05566913949596442,0.03692266563759995,0.033594497252633124,0.02525745043411014,0.03019402860741782,0.031588720670296756,0.03481350358605758,0.05287972760298721,0.059742238811649584,0.032661752275910484,0.0031300102622696846,-0.010985234553399538,-0.008011973773902914,0.01860278915318768
0.0013431287953059787,-0.00950527729304643,0.009932990972826074,0.0022913300339061074,0.03350822988096949,0.03643589599100318,0.04285141562342317,0.03350985129873587,0.03204621109619511,0.021299956139400167,0.00596576602329533,0.004109874418399617,0.007339120949951987,0.0276943097253363,0.08214874490285093,0.20048804991862415,0.3701836757012268,0.38922937617459064,-0.05553629821070523,-0.7000993142266981,-1.0,-0.7852632158154214,-0.39024670310664245,-0.08232920773907432,0.09175115829317158,0.1543957578812946,0.14457801354177346,0.13010644375481462,0.11612064106844683,0.11100519373031774,0.09174931690577777,0.08840322559792374,0.09372109406390756,0.07424529327372965,0.0565113335858052,0.05208971893934362,0.053383055773961206,0.060457808985373354,0.05509333361769917,0.06476138235640663,0.060259535542184155,0.04988473914145232,0.0276005874948681,0.01770102114991969,0.0317646408289162,0.03207451309162513,0.02698181156881143,0.022147162273014703,0.008184880489136655,0.007630425795872195
-0.009625752457919409,-0.005530367675859145,0.008583623851847008,0.028045256812737115,0.014958837548815326,0.03200606087151858,0.03352710517959359,0.05215176968247078,0.019075059573163362,0.002601427970959285,0.015033555051822179,0.04053959392849479,0.0625227142711357,0.10917584613873196,0.162234595603586,0.20144252657654219,0.17961765588326198,0.04109195649322106,-0.3005846988701362,-0.7632625330017918,-1.0,-0.8047142703827856,-0.44756256153279367,-0.13557479654876736,0.046244059830112996,0.1269027716456228,0.17862148153316398,0.21336790361660832,0.19555481639971664,0.1484118710820003,0.1102057627779136,0.1283189977775972,0.1108972520193246,0.08357038356691221,0.05474614195965158,0.04484845525995161,0.06122519274543056,0.071688080123162,0.08197255388778622,0.09098011762164215,0.09555154276032633,0.10675575845791518,0.10844912820524745,0.09883122339356408,0.08778636452340825,0.09138159236285284,0.07053018450972916,0.03833483634794436,0.002932645108152612,0.016138277516415268
-0.007711571032017984,-0.02253372859500548,-0.008017646787540661,-0.03885256254847928,-0.0344570142132792,-0.03832100188577937,-0.01624158592755388,-0.0088759861199946,-0.033440771713245686,-0.06293960847437184,-0.09468109250980115,-0.09076282617980645,-0.06896565514427103,-0.06933680629254453,-0.06791830464439255,-0.08377621374195517,-0.12389638011620102,-0.2867389238438726,-0.5467117820452518,-0.8454961431298872,-0.9952833367023787,-0.9149195966382703,-0.6421622170075693,-0.29600647376960315,0.00451412071063031,0.19645343511355867,0.28692614605577277,0.3046573226766586,0.30456326058077393,0.29784727062332744,0.30249492915535575,0.305482513210281,0.3231411608601116,0.32376846475826165,0.27209228190056267,0.20305801818069924,0.17520851620626596,0.16820249494004616,0.18208392024184,0.2035602090276135,0.20832719687651105,0.2045827717702963,0.19970244626133732,0.190076745337262,0.17669881447776487,0.1518818190125159,0.10827009115517282,0.08973918362869596,0.10164959797188068,0.11306449832987624
-0.021021043615724138,-0.04590906937731205,-0.001844254119582633,-0.06869268001137706,-0.030491031580794154,-0.019053559609130438,-0.020270019808967525,-0.03300550590385832,-0.028822527505144527,-0.03181951360293981,-0.05159830015279651,-0.03959024002152199,-0.037567158167977566,-0.04374516118814249,-0.10982099003125358,-0.21341421717371928,-0.31385262645564077,-0.4596948454848799,-0.6549655205252536,-0.8805282847787593,-1.0,-0.8814415116171923,-0.7019765731831018,-0.5771827570058354,-0.4871446800170154,-0.4024808292926447,-0.2817958488844933,-0.1594376650019823,0.035828142370952915,0.28129743498363247,0.43035150526053156,0.5047689751694856,0.5397382403252187,0.5229008137779299,0.5005170541128274,0.5062279455618606,0.5152378314779968,0.5104159727010975,0.47532056780679244,0.4161196425473196,0.3755415281398791,0.30638943712718725,0.27597964009993997,0.24051001333966604,0.24008032088684245,0.21479763561219936,0.20253829448774366,0.1909569402458389,0.17061931355151932,0.14102916453057918
-0.002662544995145363,-0.05654991659463749,-0.057677055641395934,0.0772949703117039,0.07422619819922344,0.03202100715352705,-0.0016392016617342096,0.017877343423573774,0.017951923478175157,-0.008851981450484457,-0.0019179051332336237,0.008428201966796051,0.030370909320560715,0.018994474625138973,0.02019103389990058,-0.0431761468503453,-0.07095454252776588,-0.1458141359356111,-0.38099244450295694,-0.7711544523962541,-1.0,-0.7912615421016885,-0.31690715000878744,0.11573921879038465,0.329586967246624,0.44400213305505337,0.39900900135341355,0.28991400234347425,0.24359123452906714,0.21413084519713807,0.13829414553276392,0.09367583575459433,0.1115407781899647,0.10288928480234481,0.04977238980256244,0.07355236119879346,0.10589912562991578,0.1169596291923335,0.10554677384218682,0.05658916355142763,0.046892924996878055,0.015107765038383158,0.06767938684222159,0.0694002349359024,0.06905366783240077,0.058972166864975056,0.03694963012013665,0.0010543982393917987,-0.016325644901593432,0.012725537440702282
-0.03668183480384429,-0.021443689244390874,-0.0019119931032219339,0.006024824483981179,0.03463593351752737,0.027893090132375863,0.03153467982471969,0.023908850742309418,0.011621512960891351,-0.020099140907657704,-0.028593318433899978,-0.03197542518995409,-0.05193891699485582,-0.08239478919713357,-0.06887214516476343,-0.060850658346778774,-0.10781638509297951,-0.23855741365648578,-0.49348333707685565,-0.8030052435757637,-1.0,-0.8511812018335396,-0.5587288785577322,-0.31461113829703424,-0.10921947283457104,0.04011825554287596,0.1462672190372161,0.19717489024006524,0.23101839694561838,0.2412417304796802,0.2555601760461924,0.30889306485839835,0.3120552811444771,0.30946186183700863,0.2902216155171418,0.25580395990792715,0.22200800634175685,0.2068197768455166,0.19008986980789983,0.18473247174275625,0.1965664115645955,0.19126488307951559,0.1928330447277103,0.16326896465432095,0.1308748562997998,0.12470386131808325,0.12803385610888404,0.11191725603475401,0.0719031172267919,0.04291326334067157
0.013634619127420918,0.018156437451061276,0.0010385586086150683,0.023496343115372947,0.054657473407660064,0.044071609330317264,0.0728840039189374,0.08167323573418918,0.13741622269623432,0.1136276438602131,0.08129866049639793,0.0677533465676767,0.06455189733230893,0.07202593667610489,0.08954869830136435,0.02335907135780613,-0.06625660584289875,-0.19910717784799872,-0.47838089547554286,-0.7907192829916521,-0.9965694682675814,-0.8317514356808345,-0.5417475135162614,-0.30108698078110707,-0.16244056589699957,-0.1075838005821532,-0.03735372006343425,0.026434962834350068,0.09440424770776763,0.16397921496754284,0.2070648736161704,0.1961989171830105,0.17554649868963798,0.15099487196837638,0.185972934494106,0.13721857901359027,0.120988906068544,0.13680419723724857,0.16247326891610428,0.1364074487660881,0.11309200706259652,0.14024936286670917,0.20205406302665288,0.24221694749953632,0.22685753836961708,0.17990473972405557,0.14094245336418812,0.15778109708814414,0.13514079306238627,0.1210757654383601
0.10163894509255997,0.017806811280226292,0.10236317697014376,0.05431844025238856,0.17557134584771708,0.15216831850638007,0.13359304890217924,0.14159577638796111,0.1374811140579659,0.12536278284984295,0.13546597964360801,0.12223078472511813,0.04680139486946826,0.014201400292309456,-0.029079795421047064,-0.08900532419448114,-0.186732684863728,-0.31346412550430847,-0.508869680352725,-0.7905068379637906,-0.9935630241877095,-0.8519847968224155,-0.542772157569696,-0.2903291669903989,-0.16617000123837025,-0.06875438256467553,-0.020991652219791726,0.03248206860779687,0.0833576568027743,0.06441418514797873,0.05777035066797325,0.09025158932771302,0.16300260361254632,0.1849564947312919,0.19811130417840175,0.24364548507177727,0.2710589541518643,0.2284693209844122,0.19179708360044137,0.14547858284175377,0.18958655199652658,0.1863543759793513,0.11866179380233463,0.1102681304354477,0.12580093061714945,0.1823917449764279,0.16777569855431446,0.1312541279394013,0.11999696283980554,0.10473831334778472
0.020864767648261354,0.021577214178994095,-0.023787185459489376,0.009836787025433618,0.11750131456392948,0.13117485861389144,0.16769501371516835,0.15121468279398007,0.12860427223152832,0.1189025954098953,0.12129557944703348,0.07357309044324424,0.02635875316376721,0.038292078485091655,0.06168068873532693,0.0226500210136975,-0.04637233639689829,-0.17549961360373403,-0.4151490712612991,-0.7578348564270313,-1.0,-0.8264978804154216,-0.5098991518731574,-0.2191238861134788,-0.05716883418096886,0.0008822264061845312,0.028918641961510165,0.08591944115719014,0.11049614484601748,0.10477871835470692,0.12046305467079463,0.13996573251893302,0.16623792072855254,0.13165273138801273,0.14016459166547351,0.1414073516615263,0.18292954849794835,0.23458651605531033,0.24343060586775983,0.1831593148931935,0.11925513856518503,0.110547024782633,0.06462167276018041,0.06965654832053561,0.059766885319783386,0.04425242761417182,0.03941609517572018,0.07149945974229296,0.11531521264543518,0.11078809266318441
0.17216245304970906,0.16116547067812498,0.08912709974211502,0.12199165894648369,0.222893492589248,0.19555677720988388,0.15911100517001908,0.1538825798302048,0.12322630684719604,0.11891707455107209,0.10009629594967485,0.08835132938558418,0.055944213235142905,0.005270393567309094,-0.019969447643101247,-0.025835270896387073,-0.06381207343514184,-0.16494733472555165,-0.4124398418921166,-0.7701612540658811,-0.9955693300317746,-0.7966616914376197,-0.47916466071990516,-0.2652863740617401,-0.1545359271308281,-0.06795411238628335,-0.037215567253922305,0.01229392072801987,0.06579814149834046,0.10442510690425053,0.12924858594518046,0.17086880215515035,0.1942571076750044,0.20853082182031557,0.2142711147576365,0.21613750383917218,0.17527583350758996,0.12517035777904884,0.08458411675861108,0.11313437842288498,0.0789182053813699,0.01798474315362794,-0.005564883772319214,-0.027463194604313554,0.01290445135091835,0.04217874274061256,0.09213199354172243,0.1445030470261416,0.14819741639015627,0.16807042192936364
0.05969478266692977,0.026846860746934653,0.03425875793362746,0.037969165604928884,0.0779768715035025,0.08937793953652794,0.10446597866009959,0.11347588502690331,0.13844998132080036,0.1815054250795983,0.20500198564104044,0.20455715881378167,0.2202767683987461,0.1135445547681211,0.05331798494167845,-0.04355336346181998,-0.07957875471923782,-0.12233052142848522,-0.3949561354221407,-0.7518786388688704,-1.0,-0.824203139013285,-0.4869642380591457,-0.18536743231327032,-0.05668453005694157,0.00919195181665784,0.05558746573686918,0.12458240707591445,0.10653326125330564,0.061113421313111205,0.054076610386796266,0.06352292358306444,0.08645403582936666,0.12125422172597738,0.17669110501084898,0.21440244730083827,0.20825560668689638,0.15509294995988185,0.11605248744084963,0.09315425926074271,0.03688312339159625,0.022878163274020924,0.06187747833634272,0.13294079600237377,0.13419434470478034,0.12295166170025555,0.07285494508760439,0.032380920337956566,0.013517310610238385,0.008352754873686792
0.10080127367112196,0.08672168242010911,0.06438257534316252,0.06984553600266669,0.08585723329580831,0.12153472175415553,0.13864262355748147,0.14062618772336355,0.1368188703521659,0.10917611019795269,0.07399602701716573,0.0702802677392736,0.06198508070370831,0.03061856104472062,-0.02904743142210993,-0.051172381903695816,-0.1413874663554343,-0.28474205673707487,-0.5047215616033112,-0.7837493665778038,-0.9971566248654118,-0.8558142537125837,-0.5351139497698447,-0.28498660481618093,-0.1262969368386804,-0.04333306668393505,0.02982913948489432,0.07460323980895867,0.10109849306973272,0.1282896344089418,0.13744864544949636,0.13941295222413375,0.15332496494322007,0.18121130998157342,0.1915242404994518,0.17419276937498307,0.15238538683997802,0.1346625341762112,0.1387412140046929,0.09031864839608562,0.07986654209769081,0.08376910198037307,0.12131778695694494,0.1632407349145718,0.17541635573707762,0.18301899788275652,0.18998972736148706,0.20456186803034992,0.1724213922862436,0.14558927055336138
0.03147008176386851,0.0134953732144448,0.019349610159649068,0.036139022417285234,0.12401466158662569,0.09704627702402153,0.13329014533899497,0.16526710163036404,0.13707795977461756,0.10789474090970368,0.09667977244624887,0.11164124337250013,0.08279407957227253,0.07051215837085313,0.05333495872928664,-0.042730171046924406,-0.12938348297526003,-0.24878876160662178,-0.4898990272619952,-0.7822940886803025,-0.9915734759909055,-0.8239369639245581,-0.519050336504038,-0.309547284930348,-0.14867227046792356,-0.06949604800499151,-0.06130364670570819,-0.017380262009574033,0.03521630991373867,0.16239437208846527,0.27729153560789116,0.297056681601207,0.30124256845221126,0.25289764879729115,0.2120036696718891,0.15779585689930897,0.09688857176196296,0.09286736291854805,0.05001610619038111,0.05503456812250195,0.07222229713076296,0.12037997458697663,0.1409654627509936,0.1688776901973611,0.15687868814822814,0.10864011766345597,0.10342918498102714,0.11004194139111687,0.16701396786619724,0.21489405705689812
0.09816652450931752,0.08810353077095666,0.0552855197251429,0.1317159984757301,0.11151226104902971,0.11217499293625015,0.12940797128343787,0.15172850834747945,0.17079215865462394,0.12371668443689034,0.12913835133923673,0.14284454584104608,0.10316142675263902,0.029263733764419066,-0.022145555947260937,-0.06421486073902445,-0.12502813040585423,-0.2365028256119087,-0.4134129277232442,-0.7460698693529955,-0.9776089112864231,-0.8385553845786843,-0.5149655501344597,-0.26359581659747483,-0.12770695443777907,-0.1126648667065818,-0.10302566493645537,-0.078802128670588,-0.045778319479081,0.05873195263374631,0.1342105213527036,0.09406234492307144,0.07512226688557709,0.11336410959393665,0.08978564218541665,0.07277622393124215,0.08980726596105605,0.16607258072260572,0.257412864669811,0.2525130416269738,0.20784650660148601,0.17356410127544947,0.18840645274506454,0.1636701668171068,0.1601043029329337,0.17624642559867693,0.1537613561348519,0.15967307457346855,0.1657915108855655,0.14014284667087176
0.11025452111693439,0.11751915510153843,0.10606352428390298,0.14362922608403142,0.14229512732009447,0.1220110002425117,0.11363504457365334,0.120220895697129,0.15703634203655742,0.13081943178521768,0.12501678917614611,0.09814196467429687,0.0697318626034125,0.03698237179664908,-0.014644922806968807,-0.06702093565365895,-0.13078333335191636,-0.2366633437208001,-0.4925171741051151,-0.7891981626140453,-0.9944598939522753,-0.8489873513267903,-0.5421129827451983,-0.2961050139780019,-0.11748267054654205,-0.014627949659363848,0.043568258347225976,0.06935379680262688,0.09090076786203574,0.10788476764504107,0.1487335835881526,0.1626450498406253,0.14159870994458224,0.09704858020784476,0.08714356075978397,0.12161285107008911,0.16115235758267862,0.16936991758132117,0.16460847510159132,0.15183874831587152,0.14412343532364846,0.12326783831312191,0.09219304831417274,0.10231423475728019,0.1175461221700824,0.1400360166799227,0.14449843062264056,0.1483657150214519,0.11695211363617165,0.10449009848063831
0.07816944375991752,0.05475224001935333,0.06576449597022405,0.1039015805151996,0.0920397386975916,0.11308552146311088,0.09395188935998632,0.08879469125404464,0.09400809920539205,0.0935830501853579,0.09249316679568216,0.06618129540388507,0.043274889574741335,0.021188677220877847,0.0017886245847771219,-0.03350008802174663,-0.1264103832245031,-0.3030026643109836,-0.5587937991231988,-0.823470778031765,-0.9874618075702674,-0.8342147297792479,-0.5861173973118363,-0.35899210095638556,-0.1965324303546578,-0.07603042507014068,0.013258032388860015,0.08028513570018873,0.15467818083438145,0.2175876593541892,0.24795240695949042,0.2112281874720916,0.19368901318587936,0.20196324899774767,0.22228935713834222,0.22338441096726167,0.21160741201429975,0.19487485139364902,0.18387353771011822,0.17798131052399271,0.15623252083948594,0.15448936564953641,0.15098067214076136,0.11335992479294642,0.09162446907130034,0.09279152694541543,0.10377667205310499,0.13515524930136588,0.13336760110676094,0.1151184532034217
0.0351603003314828,0.0450989106291793,0.054353871498287354,0.016122568511883373,-0.0024388820545064704,0.03168145682155532,0.10720611324472464,0.09246516053102545,0.053975815895471034,0.08803665064348629,0.1222533472081095,0.08819332793462235,0.05795575909013015,0.02026354367678058,-0.010075426099925414,-0.017528123604463566,-0.09034121625409969,-0.22002445822679995,-0.4523322619659623,-0.7559494516909226,-0.9920786919969029,-0.8036388023483755,-0.5042690494634946,-0.2877470029731459,-0.15873169015093166,-0.09169812610027664,-0.05887430161390446,-0.056868647046723175,-0.004274772545863172,0.07462947290244011,0.14406200778958383,0.14180519312218579,0.12181778355877845,0.09941056588148085,0.08683905727274752,0.10335144820975146,0.16211615309412275,0.15473730639901495,0.18245865135313882,0.20158736973482488,0.23211699437306008,0.2304536109965821,0.21766875475607592,0.22628406978125196,0.2490877590539808,0.2665781071818265,0.25240023646078613,0.22466240492992284,0.18019069113131275,0.14184644013669118
0.0744688418568624,0.07546385919467243,0.11005700877120093,0.09751429516071644,0.0625841023511869,0.1022656413051097,0.11300329080823117,0.09209883441745767,0.05479052503225304,0.030112257082773663,0.07226830324491106,0.07825521385549167,0.05150465591125551,0.027397599318405828,-0.038048284949058694,-0.06843903330018922,-0.13439431025116794,-0.2400098052261489,-0.4794225794643386,-0.7876929653221796,-0.9915778509131818,-0.8319119965267948,-0.5200552293526903,-0.24632238344505178,-0.07415743215380942,0.013288436853575506,0.06547660429078399,0.12190534774422936,0.1300926108242394,0.19837537980389697,0.22199653711077483,0.20771877406352288,0.24053723865441018,0.24434780588405988,0.23498466648910082,0.15884937872909835,0.12428585957435534,0.13218236201274441,0.1699599507418082,0.14715725777976413,0.13325701824145378,0.15589801333435552,0.16547373663217002,0.14342881545112698,0.1307642195913154,0.09886097104577551,0.016572516804027996,-0.01254952154809277,0.03655669223410988,0.09082677025147555
0.0885900867849074,0.09406686226609298,0.11227571472853067,0.08619198202189998,0.07060814382448044,0.07518247664253176,0.103550532402464,0.14200860696480377,0.1614904604224784,0.14994949903411475,0.13505692847439793,0.08807516351832315,0.07011265490800081,0.08361960194891668,0.08427931041800349,0.03540370226241494,-0.03580809920808397,-0.17039991555386527,-0.45512701185693805,-0.7808931228165278,-0.992194053787318,-0.8541399301922239,-0.5683264412206316,-0.2730193171178405,-0.08238367150249915,0.02190353135474091,0.05678130853245657,0.07355980245354009,0.10656804983678929,0.1563986035837977,0.17157458017519675,0.17906049191376433,0.18736889535999957,0.15874828137531322,0.14046658379363955,0.14039278235968627,0.15081720110929359,0.1455136634625661,0.13602446583762567,0.11208095141017113,0.07941054940025366,0.08334148786876368,0.10629344711974427,0.11514332533393916,0.05765232933974551,0.004997404660737265,0.018797052017536293,0.07333203648507941,0.09502660674214794,0.06057640510703912
0.03136525600777401,0.057357375945852086,0.12681396662393785,0.06770841364915921,0.12965792190721107,0.10019768623189171,0.08888836251011543,0.1369514990161259,0.1643346833996581,0.16927299792738357,0.1545790495499395,0.10840616701497809,0.02198418398356499,-0.05412287286197582,-0.07089909761447953,-0.1543735709515901,-0.23124361043185157,-0.3170265782535348,-0.5017185657994272,-0.7929581586649108,-0.9861281422181468,-0.7855237376268029,-0.4996226154060457,-0.25428734196247577,-0.10486039749491446,0.006885431000657337,0.05828697952969659,0.09774404696981077,0.17666908812319435,0.19390500799055782,0.2138019370164134,0.2325726214667707,0.23809849027309155,0.18878448923543162,0.16420143874417947,0.19752982362408678,0.21903748219845623,0.22058591240074207,0.17707162008447566,0.12050356276456063,0.09407635401014101,0.11640050668793935,0.11804294520136968,0.1371097180657516,0.12429884801483516,0.08661613323495433,0.03227951738128793,0.01101824743016686,0.05718869563155043,0.11253822843844215
0.13494579700023684,0.1194642956342123,0.13715234234004714,0.13709011714848415,0.12871804543649418,0.11536325620234826,0.13239770053200028,0.1278482908717876,0.1047663338812807,0.09774194665454475,0.10979655269409148,0.1377474278472278,0.1325458971190426,0.0715177245116227,0.03623299207013983,0.033712922536015745,-0.050186896599781594,-0.16516969863043113,-0.41155196011345135,-0.7697186308818229,-0.9882733698902666,-0.826982021079137,-0.5139893402876139,-0.30184988179849703,-0.14287516425375132,-0.04146754632608209,-0.002082686310178123,-0.0014168283157486399,0.042774053745967676,0.09688126034683704,0.11741364719435568,0.09963234295347392,0.09893057534399026,0.07581862841453917,0.03808497794359381,0.045288233160377965,0.06564268601506507,0.1038081645574136,0.102500722187051,0.12659601749620158,0.1514349860353074,0.13860311283708834,0.12941562453058883,0.13620186848477286,0.12898701925727749,0.154487967601401,0.15342103596788742,0.16356195404695814,0.159625185056205,0.12941231883083207
-0.05392157367329346,-0.060912185122582986,0.03634105776796833,0.088548531425759,0.09373837405505905,0.1387253827488851,0.1640614648098083,0.13811506000721044,0.09616802476689214,0.13261690043155364,0.16316893824744533,0.1842067270060255,0.12594085464718258,0.060934118594833456,0.014735956487605246,-0.02338249493060502,-0.0768234450473889,-0.2141577014007101,-0.4705588344922136,-0.7897939110818493,-0.9920369224451286,-0.8205025093783734,-0.5570456764750882,-0.2791920225845565,-0.08478233615854085,0.06558343210101178,0.11522613091941011,0.1272036421138629,0.1315435299071684,0.16872913507914541,0.16010301946320876,0.15727194075309156,0.16052681467108246,0.17363520477618297,0.1387489327509135,0.13165360194642634,0.15461681652053402,0.1362853485725794,0.15686476463683854,0.1847614425658721,0.17064000484556913,0.11028991356981367,0.08181051530047452,0.08070602635942493,0.07422516015153365,0.059178280315391484,0.041123942745805435,0.038915670164632495,0.06463094757802718,0.10153400398610143
0.16505796655890995,0.10966742668352437,0.11524969854136642,0.13257043864658266,0.13719175428215735,0.11289549250617725,0.10671458947436084,0.07989941612988555,0.12432314975582502,0.13449123482587036,0.13725746169467484,0.12549471481760438,0.09979916847392892,0.08609898453113624,0.045961202938933576,0.007466853489852345,-0.10551377917008649,-0.2706247316213177,-0.49311593210263505,-0.7770027082057005,-0.9886484819995275,-0.8288882057515246,-0.537461766629759,-0.2955100322665904,-0.14842721659119504,-0.05964830216287198,0.004087019545939373,0.05806815730489709,0.07133485212838739,0.10456673677536162,0.114418804591308,0.10144427039444986,0.10909486450037323,0.11062389870197022,0.1092976997269,0.12547420515904445,0.15358174540716524,0.1879390697279353,0.1720447013142444,0.15144628937431104,0.13785125881020466,0.12899735628197498,0.08913525105131749,0.0949547213650541,0.08515075063068653,0.10587919949135667,0.13323525299536934,0.1665424495668459,0.13663082432841236,0.13290222397690843
0.09561875461182905,0.1060958086274212,0.11203744183088292,0.14003632863987717,0.09952785875084805,0.08977180186982746,0.09617415111260968,0.1009050039640862,0.12006244934371048,0.128427604939058,0.07588611923990966,0.05673448021128294,0.04423739896804579,0.043844090802169215,0.009943082940063137,-0.008725195750817347,-0.09825280468510651,-0.23367937537917588,-0.46557013739337116,-0.7670639762877152,-0.9830059748571546,-0.8098275436647299,-0.5139268789797697,-0.29141110175341284,-0.15349278275158318,-0.12065388381805359,-0.06655572142021857,-0.019597908456340157,0.06599553281348876,0.09888175568076014,0.12457294513381897,0.15729958361240623,0.1718732312597626,0.15650775356195065,0.16073918338027424,0.1597991948476786,0.13945322926237094,0.13537468384580678,0.0984382470268574,0.10594803848333306,0.119263165803051,0.1545416245750773,0.1884348950629498,0.2244792092963201,0.21327632684370068,0.17766379661446305,0.1608244470205939,0.14270345645923668,0.12888062647736984,0.12750998228455715
0.16353797384416408,0.14907718251931434,0.12455494188796527,0.1550211315340143,0.18158560336747556,0.15354782452198004,0.13837364019831566,0.15289521978170098,0.15883806576766757,0.1452702861596631,0.09248226349465306,0.034143653828091695,-0.0015538439575617426,-0.006191969666722219,0.003956117672289825,-0.03253856011836375,-0.09506003294582407,-0.21713897796614823,-0.43347648863525134,-0.7331974689908425,-0.9688216353193001,-0.778831240396337,-0.5724741555157934,-0.3715094210118377,-0.22342344883609347,-0.09484291868689679,-0.013176853764241417,0.06665674711256472,0.05457632049391106,0.08400890826664971,0.13879620103036572,0.14019151649937922,0.13473155503135698,0.13066945993491483,0.15226840564878144,0.13139760279222115,0.15337725654128845,0.1632113477345248,0.17288016326967767,0.14729222730515412,0.13351943771410657,0.14117209118547164,0.11029038293809863,0.08894337681296421,0.06685426221612081,0.09629125306567327,0.10418653357593369,0.11931332834622216,0.1571461413786204,0.20117859233991633
0.04574691315907178,0.11154233226885796,0.1526689272114281,0.14909593826918316,0.06984792759390326,0.03336181726989781,0.03181739452780267,0.04955061748801412,0.08785989742473865,0.07451954994729115,0.09714024309898917,0.1313462131677319,0.06445826830778532,0.002507383587374253,-0.036528525556881075,-0.07785959682241382,-0.1336899669503574,-0.25045618787969304,-0.4577848946883273,-0.769160565100292,-0.9957456626061278,-0.7884263944336103,-0.4901842037054989,-0.2456813194068276,-0.10221964064384548,-0.05611956376810775,-0.014992239103150383,0.057017003443659335,0.11276819885207527,0.1182828035823466,0.12202898266142966,0.1534411945085252,0.16938571422472803,0.18594002968884712,0.21451175347913584,0.23776973030246476,0.22798771276807114,0.24123172896528464,0.2293671914716666,0.2113138684618398,0.18561696563442473,0.17075174329443743,0.1426652161779817,0.13172668414531544,0.09413715608327157,0.07850905761030483,0.05671931639532055,0.07179537053299642,0.03483805988963523,0.06957985516930158
0.054755119174151705,0.03779046520743202,0.07625364917429993,0.1100638667165469,0.16703732891564133,0.1358965591910286,0.10097864495713466,0.05026059519441321,-0.008609064963074311,-0.02485201641858995,-0.02082351030909085,-0.03514713565509519,-0.017749042831147463,-0.05287627053039443,-0.10871630442371054,-0.17842476353869008,-0.29179571570264345,-0.3848292628747547,-0.4962579482893428,-0.7311855856614972,-0.9802077507132444,-0.8186074655608931,-0.47188483559459365,-0.18805510793836674,0.04948465663884217,0.19393376749917907,0.2969983063133632,0.3925390498649979,0.42210098894416764,0.39591310996892143,0.4088589309358607,0.3895372822619089,0.36118403115759506,0.3385209166388461,0.30880327878779645,0.2219051165431192,0.08537597751608732,0.03810036649726352,0.05047775159048964,0.052665963980547285,0.023982484671428394,-0.02807846231180996,-0.010948144791930757,0.016690830219129846,0.011883090334625507,0.0001126047031812617,0.0040185276248834115,0.045958213485669856,0.006582700270086861,0.00038421313023057134
0.1586101850171025,0.14656749718898618,0.20430404161212568,0.1828489876355101,0.20244444145728263,0.1774895476299279,0.146630504036734,0.12777690253102147,0.13029629434210066,0.16275144794182475,0.15987215787224388,0.11070345405145036,0.06225606546763048,0.04696597786947675,-0.02663551756391899,-0.06404456220783596,-0.11172486022297362,-0.20038183933649456,-0.4575777112349575,-0.7992324395993707,-0.9845564865360931,-0.8291407289601564,-0.5529785125540766,-0.3669000971756408,-0.24563977651575958,-0.21011653152577212,-0.22207522384688344,-0.1628901089399578,-0.08332917815228788,-0.03499287749212399,0.024704041961961194,0.031254164780663334,0.05237557074061784,0.08915737363417485,0.1657198271419339,0.16199330829603578,0.2151657860661016,0.25450344662985797,0.2708872500452992,0.21828867032657878,0.19828388351470091,0.16654247892820065,0.20372457935619726,0.1959548746064383,0.14855247850662512,0.15866287134193227,0.1560814030553782,0.18191299876056743,0.20978922906464528,0.22914471045297544
0.08455940582502088,0.07112914367014447,0.06835330647550279,0.13717280878409369,0.13052128360476586,0.0992271652639681,0.09725297501246391,0.0951467901693678,0.08459618280193362,0.08953874967476716,0.10761241713599536,0.11630336633206785,0.03874535867591308,-0.03415213869999673,-0.06640656474413421,-0.06909072072358279,-0.11442376771866533,-0.24302004695438673,-0.5219856724204582,-0.8117713350881719,-0.9940884393955076,-0.8923503436292394,-0.6568052836113834,-0.4270727249305215,-0.2191277783099892,-0.08321036132388009,0.005174608809970471,0.046597430442383334,0.09435595472193314,0.1583685970420634,0.2142601503679078,0.2500233276093741,0.27218241719144703,0.26622797052022423,0.2667676372715552,0.25148672641181363,0.2676001023038447,0.2525058463291634,0.2017113228018887,0.18679031155739192,0.174292278126019,0.15045406340543346,0.1388868225151407,0.12693947595074145,0.13892843654991233,0.11679418829898483,0.09396320480563718,0.09036011751016369,0.07889166380632559,0.06978356977459357
0.1984066599122722,0.13497848428088188,0.11239574017230464,0.10755797933819067,0.18379852906812855,0.15998102809876125,0.15069884400900097,0.15744457112830162,0.15773459822939437,0.13088636054276492,0.06577678058909518,0.037861628566334946,0.023225913232860496,-0.03225913639217056,-0.07497742070088373,-0.10046459124420677,-0.14448656768351228,-0.26685363957772545,-0.5101593935364356,-0.7892193762440722,-0.9815211186245894,-0.8425745556523141,-0.5769118307259887,-0.36526744894307767,-0.23531500791142707,-0.13679164989476722,-0.07201998786871233,-0.010725868362375832,0.04025900090339751,0.07435423639131425,0.16001111106462637,0.1823100638393941,0.20278582389757835,0.19529028697404932,0.19031633510890844,0.15638005301190994,0.16783496122657807,0.1686230586641139,0.20593626775645665,0.22860855210085185,0.21287378985296465,0.1983001986370414,0.1827873776669805,0.18855058154723775,0.15165203876083333,0.11392892874723867,0.09982454155103061,0.1290015279167293,0.1308689780730156,0.1383027625017171
0.14870272397450138,0.17245057084663695,0.16935653094255343,0.14267955063896667,0.09059398101514686,0.07485190433163863,0.0607880920418596,0.046023706360522935,0.040961790622494235,0.04262748256726822,0.0707014926802959,0.08571909756395309,0.06880656919549699,0.01879501749190645,-0.04221414203503108,-0.0948405071762582,-0.17514848225519292,-0.30058725944570447,-0.5118595743315535,-0.7846905338390787,-0.9833765324511554,-0.8253037531471008,-0.5470459453946163,-0.3011418080643032,-0.1540008869559135,-0.08192285975764299,0.01820917900532388,0.075872046760363,0.11591320616176021,0.13593504435141068,0.15501582010204104,0.17800446947941143,0.19535933872885414,0.165579068857122,0.15756964125599762,0.143009053143856,0.11746991198897246,0.1260384929300113,0.14341804267342737,0.18486616143463966,0.2336915466212461,0.268598489243792,0.22836325227639648,0.1751611490614751,0.1596223392248954,0.17073952329479622,0.15379137677910157,0.10376738576578219,0.07468216549258795,0.08839706994704633
0.1339893424951347,0.08298092612742233,0.06815404802644999,0.09825702823676712,0.10151165832158901,0.10083832982922906,0.08650198185352292,0.08464651210754173,0.0967349477447651,0.09726604012212207,0.0696066617826094,0.05682913483093304,0.03527977739700112,0.018709435543594936,0.008799692098285074,0.002858787008151141,-0.06724886810081096,-0.23097624273627382,-0.4707822836094821,-0.7773660019025082,-0.9882684938688063,-0.8142743708361225,-0.531444800862865,-0.3011249131728467,-0.15748494104384184,-0.04823795866798692,0.027981857352948173,0.04639021801626368,0.055571037677794505,0.08893116499996882,0.11807398551926956,0.14630890233883923,0.1364385341640517,0.15540105162656423,0.16509712658149703,0.170851140661481,0.18428016175273795,0.20347021001465712,0.22898452311969025,0.22175062809972063,0.1845947608408825,0.14147698304643977,0.10415264696518724,0.10754285286579932,0.11662069686948738,0.13943615735717926,0.14393391060505134,0.15292959717227209,0.11125264619532921,0.09277377743331472
0.12628103243852967,0.18248384698734194,0.08580409986399798,0.1646681420114298,0.11901151232503507,0.06511078234057355,0.03169528287071457,0.04301304852063957,0.03292972053825761,0.04127493537066448,0.08216749485021752,0.09633152515881711,0.09171348953531494,0.0643697249820867,-0.009422408386666874,-0.07719771053325242,-0.13254231845589415,-0.2556501518975782,-0.5291838724300943,-0.7940940339990702,-0.9822878206602916,-0.8260921273024255,-0.511434507526583,-0.27435869334446766,-0.13554097913363275,-0.05156230093990544,0.03822116859666279,0.11305176276477977,0.11036227898169905,0.0700659325312574,0.05881173725054857,0.09156462212399231,0.17629308101077265,0.24001769183227725,0.24891276286060213,0.23419268117943418,0.23071488765009163,0.2536356528466455,0.24102170696940925,0.20321224602934204,0.1745226743031014,0.12782840104119236,0.14268550701142463,0.1774467693605183,0.14083951440012568,0.10922069819014782,0.046073321779398914,0.05834242254225535,0.028975585399646925,0.03649918016091626
0.05341296156445366,0.044683336781340746,0.0800981722806362,0.09830951093756955,0.1385654260501003,0.157728049784297,0.15429402279819118,0.13436892420101726,0.14683219027040284,0.13687996627352464,0.12191943725790544,0.09574825484253156,0.0823186273164841,0.06608784642108234,0.048539794321980474,0.008167068048761463,-0.08818109218073182,-0.26504756381839156,-0.5339856593404746,-0.8137610061212683,-0.9957728754459695,-0.8232349359594853,-0.528494144181092,-0.29049031896767674,-0.12996675507342081,-0.034436361409752855,0.03485319811471122,0.09139691443357925,0.124686096205047,0.12225280955648091,0.14029297369019036,0.15043846775585756,0.14832193990163542,0.15370114233220497,0.14817839242867428,0.1526890059677227,0.13237570825701692,0.14912396394511396,0.1646477928544981,0.1893386013248843,0.16891602707432193,0.13429466313767657,0.09873805209862113,0.08853148030463522,0.09916619924060724,0.1038898349748917,0.08320666097592944,0.08044444737715163,0.0854958231784304,0.09043692821810298
0.08474291057551572,0.07240735994925192,0.042281753611751474,0.07359322742717517,0.10151413361216244,0.1450119340763035,0.19428586505545428,0.22463244708349372,0.24577414683288273,0.23476878906972998,0.1820311352337121,0.13350994931700058,0.11239180503441919,0.10067159431957004,0.11090612288267335,0.029152170269088392,-0.05370722102728919,-0.2216642862091227,-0.47381237291129463,-0.7712286476750145,-0.9961732381820487,-0.8499468967362924,-0.5549877652229988,-0.2704649439201992,-0.060384177035783006,0.05821445507133747,0.06862495021382746,0.05084099453831124,0.05524860773823666,0.09190978807670512,0.08487750691560066,0.06629838230408219,0.023687021814674036,0.0035259328453772177,0.005986251313398336,0.045700613407018864,0.10094167018477943,0.0946481774792583,0.12691647689913685,0.12222678201552299,0.10075753249192236,0.10044797843269056,0.09469636117276412,0.10752389558325795,0.14252423942241266,0.14990849731490372,0.1244298715741773,0.11024663775410272,0.10655085833689748,0.12796072166946315
0.17286079846103175,0.17683822154797654,0.143433545629271,0.10511505047288072,0.14323683665794096,0.1710893714675624,0.16056982713870943,0.12843646059802363,0.08154485927915332,0.07655908574841586,0.08286543144449976,0.08601279930093882,0.057034194399667136,0.0065557256405402945,-0.07541223964891526,-0.09643568023190778,-0.1415918886534248,-0.2117955505414772,-0.4309067783208848,-0.7531384925241843,-0.9847525761745795,-0.8243157042239532,-0.5142227224541888,-0.245189702750349,-0.09107058942062621,-0.03384967489542388,0.02176261581126714,0.07670974604482597,0.12146305456127132,0.13999271824749968,0.12813882227617673,0.08664836643834384,0.09187625122312702,0.12419807421996303,0.12941372542703133,0.11207649583863265,0.12315360942234543,0.15675809327194515,0.21925589557264702,0.24027217426549025,0.20898258140539624,0.14659791851593182,0.09663821692590278,0.05994267322067747,0.07302358967906818,0.08859063295300272,0.07204230104782322,0.08851265213287944,0.11257159350621282,0.09190759004584176
0.004337586092596288,0.03483336915745276,0.05703689826071985,0.09160835050205929,0.08794672089804763,0.0876543849881066,0.09894355112931595,0.11865871077214184,0.11865058781903579,0.11439680014485228,0.08890316671371809,0.07083195162423846,0.056278217543123385,0.043077781094691674,0.03475638111344506,-0.012277145477669704,-0.091589082622198,-0.23392761121410874,-0.48816752116376455,-0.7927396095309319,-0.9921688411499742,-0.8458814061901957,-0.5429213686667983,-0.30433687435863005,-0.13415432920028428,-0.05223752542642349,0.004328478410862703,0.07211414437149292,0.10524860861937774,0.11152210208905687,0.12563957371544734,0.13717667551358934,0.1496193776931726,0.169506317489023,0.176751968044734,0.20268737722053518,0.1866634388074827,0.13343825166375933,0.13088470304407035,0.16849336845736276,0.1521367460954805,0.14051619960299977,0.15062526497873774,0.14935318569804254,0.12763842780535706,0.12416781980218475,0.1361582850126565,0.15183936756352884,0.1797897353310658,0.19618744011741326
0.11512048733396732,0.11649541000641399,0.1434866031004222,0.11621582869441073,0.0843902726296447,0.05783991862546215,0.03123034130751948,0.01821134955254907,-0.004571159657966207,0.023209292029126576,0.052370931913126646,0.06054342554265911,0.04889738732858119,0.03400823553168071,0.002267737228443866,-0.043482862198272285,-0.13414032450122512,-0.28307109530159213,-0.5303683158398517,-0.7834727818499837,-0.9745516849282282,-0.8398839250351301,-0.49148393929495177,-0.25905861430287924,-0.08203728957700067,0.0323266820009724,0.09427000216918446,0.15801896331827783,0.19613280315228185,0.1735023386888769,0.2114897288209094,0.21318784732133375,0.1617131771187944,0.11996687106320655,0.13061925557322754,0.1603273060755116,0.20187937292955332,0.2196707595658153,0.2323557718201324,0.1978349272900663,0.2085503487274,0.16947315028393997,0.08667021622971925,0.05547397060405062,0.04434600290628157,0.02362488140603646,0.03927184159030367,0.10507385025746534,0.1409123216025537,0.14514238114717895
0.14957149687472135,0.18880437970121,0.12751553265529328,0.10082616811929315,0.06613540436790856,0.05590268753812089,0.06794996257813359,0.0500483924389493,0.023291974481667903,-0.0169918406346635,0.031068010064012327,-0.011480424399150809,-0.03018837897250159,-0.03548923420800876,-0.02764261455411125,-0.04799422264424391,-0.13596152832287883,-0.25948253114231523,-0.4596400197994149,-0.7844336958852665,-0.9872620480398119,-0.8292499771882206,-0.5335093655067005,-0.2769253048818387,-0.14110547677594354,-0.04742996822509269,-0.027734710455385465,0.025841090552225342,0.08300758614020183,0.11064453337261401,0.16102900108357818,0.22789886682713312,0.2726086727965642,0.30182965110092463,0.2783764283769862,0.25478150207184297,0.24817445344466194,0.1811254037188736,0.18422066688651428,0.21708383593226113,0.21023685162217487,0.15073352418635916,0.12308824666520107,0.1734400966519991,0.15660474082026488,0.14360720553370407,0.09681829816174942,0.08495583362765606,0.04652806010974867,0.058772783132999155
0.10247612252862719,0.06298493743914477,0.14187821261866823,0.16958043482838606,0.15983074718543488,0.1084608761758942,0.11133695073237983,0.17340241711089135,0.1758556333163711,0.12713203635496936,0.1257190051894597,0.11514342516556406,0.10855512023635012,0.09736021458522241,0.013599160564802044,-0.05665045808010463,-0.13713264497642988,-0.253396080065874,-0.44328982042840825,-0.7306040551233357,-0.9799578602100005,-0.8476388797357951,-0.5992013037754799,-0.44488594962441874,-0.3577484687129249,-0.20222250017057894,-0.07864898373020901,-0.028827873224074096,0.02682801341069679,0.02646197375390247,0.029812892040835922,0.02517489081060541,0.02856377529251916,0.02683692185804736,0.003403965771349959,0.04858102230014277,0.113947790272624,0.12556969369306145,0.19053945023797958,0.2467650469842455,0.23114257171075622,0.26041646323613954,0.29496734848507467,0.30797361071001744,0.27338752315909687,0.22263960722489767,0.21834284333951764,0.19134111516420357,0.23238076708258557,0.24181229728716847
0.05872298643351241,0.09573926707264876,0.09597241038987256,0.10542051584857759,0.10610645456251493,0.11600124627042753,0.13420547035421687,0.10106913586275552,0.07886222492196152,0.08679382593602875,0.1119416552410639,0.10337957842689927,0.06532015037971745,0.0454019878430337,0.012819468279080835,-0.030829244167475428,-0.0953209776740458,-0.22577633530951396,-0.4671179379464059,-0.7917586062517072,-0.9986095992724323,-0.8536342648120256,-0.5209786880901286,-0.2466710868170243,-0.08590042682913944,-0.009903563547832858,0.04250594778454398,0.09051738059179415,0.12355248449178742,0.13662909766728326,0.14362668211320723,0.13163108603819834,0.1210226164968218,0.09785357246514917,0.11985670700526037,0.1540286951226303,0.15397920628132092,0.14151507090364085,0.1424359650404762,0.13635225681560595,0.1298388576808923,0.14459486991178272,0.11132854409991362,0.10991343132931844,0.14429577450530173,0.1608055712712018,0.15607878601622124,0.13497557126646156,0.10720034784141065,0.07420583015519584
0.08110958314735604,0.07905813808339009,0.07315918486213129,0.0799255404676699,0.07895535841183167,0.08995212463658465,0.10988351142320579,0.12225695961949744,0.12028065020220129,0.11771835404857502,0.1275625954813963,0.101655075718088,0.07637328907361199,0.049825748560815744,0.04022668751705027,0.021014740298615713,-0.04224407451026422,-0.17105124743080544,-0.4226855229821772,-0.7784438695244758,-0.993157043051523,-0.8378911838316605,-0.5367073624933631,-0.2910637356288384,-0.12156480247309107,-0.010122535308117284,0.058657432812883,0.07973587163051744,0.1063812021637898,0.11648620494528605,0.10754270397150069,0.10704783386368372,0.11511449755062031,0.10788048374847092,0.11405737136456777,0.1314257627722558,0.134836594101477,0.13836292093946703,0.1723868569380348,0.17906271093751358,0.16816898663520174,0.1619541315504975,0.12415179522096562,0.1196730700957664,0.10914333709641606,0.09922149777528877,0.10079474487964378,0.09005652502927926,0.08655408544518688,0.10727721421398113
0.11361737575540601,0.08816052243940023,0.06932914906238011,0.09168063776283399,0.07550020404528299,0.042793472368560036,0.03987148080227391,0.08990189179474452,0.1659389486392167,0.17306674863944307,0.16068219078062873,0.11513589961488659,0.10273278783791209,0.09818991909387871,0.0686945998970572,0.007802111399953416,-0.11356651141457741,-0.2854914367790065,-0.5323269098510075,-0.833068534163685,-1.0,-0.8498886849938836,-0.5196284599307616,-0.22491592028802596,-0.02319735490079298,0.10063036544935788,0.22279334871427675,0.29560030403612014,0.33008806902689986,0.32372232488303654,0.2872429995233573,0.232445060747734,0.1676494234036359,0.07847083969442963,0.007118298354481332,-0.030326078550320736,-0.041235791645413244,-0.030959636094624064,-0.006831633375913601,0.023764387805016943,0.02959885217897198,0.03904919763934652,0.07878385805393742,0.11587157804529082,0.12542614470720354,0.11740375366145753,0.11532795164649592,0.10150141475984417,0.09948019076348805,0.09637064895977168
0.017392417849280938,0.001551996126322645,0.02021240032988625,0.07142314987901158,0.05444800348068288,0.022410171105110527,0.008327392129165404,0.023763002887800103,0.0636426551347884,0.054831690068673736,0.013059413792388168,-0.01284608978999749,-0.033889682564120706,-0.01842038564845116,0.03267108666283054,0.017191957748442892,-0.08308070473460151,-0.2442438611667159,-0.5045367138357043,-0.8296418556358693,-0.993843133023046,-0.8472432249146721,-0.5258994519041104,-0.2693495062025212,-0.17873013781740366,-0.100383084512887,-0.06701140895892856,-0.08300186763077895,-0.10036694087145343,-0.0694799085370233,0.053138261141984736,0.1749353553516951,0.23252990229190992,0.2698365571737056,0.2935648641567335,0.30372845847005103,0.32094873250936723,0.3332035971376216,0.31189358942220174,0.26730456913073936,0.22914219083697954,0.24390263130922038,0.2700474096921263,0.2748998696768218,0.26329080621087675,0.23945514786792035,0.20454722272814285,0.14061734249690439,0.09159930285918194,0.04245681008971692
0.11819228112387616,0.14436623432693202,0.14876671779941533,0.11062355745331903,0.11061988633762933,0.09049097358875087,0.07166241783615761,0.09062909319655076,0.12527834190582068,0.1579218963627267,0.20003431537865646,0.19260661018714897,0.14931757271336193,0.083511726513023,0.0184524370199353,-0.03987961675839755,-0.10688532588100685,-0.2773341516146911,-0.5304608454908927,-0.836297225960203,-0.996191299660346,-0.8588932589044296,-0.6088045293285924,-0.34172554957712203,-0.1587136390714937,-0.03615280182451356,0.053997947738250646,0.09266884840569806,0.11679692466475786,0.14249105844842627,0.14783491255739187,0.13503635051043353,0.12439542891127046,0.13574956440537977,0.12886228349203777,0.116711602903625,0.13798234808569929,0.16134405444548322,0.17755897704534454,0.15864270860254542,0.13676733403630867,0.11325805303273274,0.10318831991189255,0.12610181154114064,0.11023852834374129,0.09340581485126437,0.10183319524739379,0.11115903664031414,0.11989816359285509,0.13294091491439783
0.1814734101346218,0.18722451620569494,0.19517380174572704,0.17035249877994535,0.2263492665684683,0.19606960702510523,0.17051428838640914,0.1629997723336258,0.1841005523699333,0.1684116697487986,0.14970359018555252,0.09793117236320946,0.06396094608179795,0.014937406938590017,-0.0019187899784729957,-0.03632021406480251,-0.10369476846614849,-0.22726964265835697,-0.4800829336509421,-0.7801819862150505,-0.9896211267934626,-0.8365359974930362,-0.54349456636057,-0.28241462536389483,-0.10957360411589105,-0.011071036530124995,0.05762487246431485,0.10686312951013975,0.11044243243266878,0.09776738454244327,0.07610606719884046,0.062407180198284354,0.08425632886541538,0.08472089502085331,0.09637297858629758,0.10407884164685434,0.09985138523914264,0.08053204694399789,0.07514079281035758,0.05894834528529612,0.07335716849384638,0.11554575202202343,0.1423483148156416,0.1337606221070581,0.11877461365003159,0.09297950611482143,0.08429374088390097,0.0841278195132816,0.09403001379469252,0.09864656068306964
0.1384608657291856,0.1639527905837123,0.18303308738350113,0.19649628071173475,0.17561743695942306,0.16265906467240596,0.1501673460899056,0.12295823878056485,0.10469992362651367,0.09187032632783634,0.09082893259839951,0.06756591212961308,0.039683408093609755,0.013680991647359248,-0.006565451594207141,-0.03729309791035592,-0.10057543098011927,-0.22232907257557177,-0.4744265776833122,-0.7785860620157298,-0.9921463615191168,-0.8403016475890154,-0.5403180491575911,-0.2721581171552837,-0.08528607315736901,0.006778864246378606,0.05075082080054133,0.07210555945237695,0.09163462461179817,0.12360775174806682,0.16372191852808107,0.17622437741963193,0.19057391954995692,0.18126492611448292,0.1728451175384541,0.15165505045198888,0.11894187139393957,0.10286227035792934,0.09099214293816144,0.08508258746511262,0.08945906367502,0.10008195921988802,0.10611567545971237,0.09753454560249,0.09799552041890852,0.09386461357896766,0.07850662219672104,0.07269203639328467,0.05221466602900024,0.0808048308130138
0.12839171920174938,0.11189746211644674,0.14204809081784098,0.1435553135549755,0.12391134655902436,0.10903615687355335,0.10724659446176915,0.10636814181425203,0.07735691005273555,0.0585292307341696,0.05573602781036309,0.01758632818455018,0.03312397548634336,0.028151982836215225,0.009021657591346922,-0.01636684028212264,-0.09193854361153787,-0.25219872823507195,-0.4984806777337119,-0.7811882318538322,-0.9918429853168541,-0.8679494774248738,-0.6071895439798193,-0.372509238761431,-0.20259684982897838,-0.0744935664525916,-0.01399489961719851,0.04113146125613189,0.10894683778361758,0.17789211781245104,0.20834906965421487,0.18651385725349065,0.2094999825277767,0.18869080624915585,0.17745555783589673,0.20011568369843766,0.21992576379392711,0.19239031661299438,0.1201290237901435,0.1175389011037141,0.13808351612128736,0.12457855129486427,0.11840812140672426,0.15610552762996838,0.14979638023722422,0.13626828766821256,0.13079268915460698,0.14306947830430983,0.13140663037785466,0.1417000834356828
0.19139396083800705,0.15612242779152333,0.10556287560740443,0.12219392304793589,0.17950695154111082,0.17396379707410806,0.13483105578363902,0.10860394966380901,0.0962572659758796,0.07940096396630747,0.10408754460990284,0.09566490004790495,0.0765232786693149,0.05221585981734571,0.020277185367296755,-0.014198029775741486,-0.04604581131687194,-0.18791603634406395,-0.42896688332933963,-0.7651700710541689,-0.9964555812329836,-0.8298556577624728,-0.5351179608040461,-0.26612140438708537,-0.1060135492546317,-0.024440361969492442,0.009305573912907119,0.06108955487367756,0.06262353491051498,0.0675650843808413,0.06641017310103367,0.054437434163432705,0.05074409226141013,0.06679149369759445,0.09498455614410015,0.13285695938493253,0.13799818640804187,0.12411868786563486,0.16712249914897853,0.17138152880837662,0.15664228047896855,0.12295256615245621,0.12664028385729323,0.16268796392109905,0.12555548163919994,0.08500138667525692,0.08866212427519357,0.1302251225256282,0.11196220339649315,0.12593663544634298
0.08040315548048851,0.0954974311100861,0.08113771426556414,0.12782250407217435,0.14856805214204052,0.15876922787947514,0.15541206496714807,0.12948742215891956,0.11274806469045051,0.09859021586407991,0.09927888434480067,0.11001062045645746,0.11096203052408858,0.07160558666707366,0.01678302233132857,-0.037611991043062745,-0.12581756151895196,-0.2739724852425983,-0.5150997096499513,-0.7964021720130395,-0.9935769921339118,-0.8251540031337797,-0.5442624154873932,-0.3422245242332843,-0.21073486466708286,-0.10396835374534022,-0.012964657529216637,0.0698882018267702,0.12551356544697678,0.11706159989005922,0.1314521554605579,0.13681026984025915,0.16008187652775324,0.17543942170173657,0.21240544544115636,0.2116559964140573,0.2208054285888039,0.20574212323062321,0.18628118117301853,0.16548490626244203,0.13308836142559777,0.10936982424814755,0.09816443998806104,0.08085375702082885,0.09626594654815974,0.10265209059977624,0.09486139421697305,0.0818789201379868,0.11904610752408001,0.1499107199296113
0.13604860302041555,0.133046724298288,0.13459366092761402,0.14517757399873704,0.19237923355580466,0.1923490781805329,0.19759518289872058,0.15703839970152317,0.14593876079967763,0.1399497160442528,0.13809096826681938,0.13976275080865752,0.1267477136609118,0.0953823641919518,0.0313802725588234,-0.05995270311248866,-0.1479022998516936,-0.2938129283056442,-0.535296280147829,-0.8223922094437472,-0.9984939320296312,-0.838396709888479,-0.5557344559993087,-0.3301524369874588,-0.22080375148563902,-0.13683431944726676,-0.0445366749141744,0.043107791060902366,0.12680784585513907,0.15837435391817314,0.17649658998179765,0.1671153691908575,0.1878119428905353,0.16259990951601255,0.17095729408127078,0.1408328540104542,0.15085676337652654,0.15146339864500777,0.12688939220504922,0.09713194796966639,0.058531146886080986,0.0689293806082996,0.07607452293642365,0.06643681048775203,0.0885554299805759,0.09895802923692824,0.10434265479659312,0.13074574171908757,0.15928051900812018,0.16652801033937695
0.13795680613903996,0.07031593855689805,0.053219072312665296,0.10258735196527655,0.17437517108806508,0.21301851691838608,0.2563827539587918,0.21427988353571767,0.21172221658831086,0.25816009392017164,0.3077147193390048,0.2915428171069646,0.27648025198057635,0.2756441359044851,0.25758637400059686,0.2152135802636818,0.038131003312584774,-0.1838667527344067,-0.51687010548687,-0.7841893123512851,-0.9876702021112738,-0.8140626550190584,-0.5198151758276638,-0.2775146384926675,-0.13758262487875017,-0.061352999497361595,-0.009251126139237224,0.0058867346967562545,-0.019888845175723417,-0.04259743001634146,-0.006857181064428675,-0.03598868019759962,-0.01057287252667329,-0.06094968862611516,-0.11126354859750028,-0.11580716993294785,-0.09834584396462008,-0.09902478340302596,-0.020437212145357906,0.04803893592196091,0.08425242208637612,0.07183463199073545,0.08929366501808884,0.13432453250181464,0.16755216526793573,0.17340790622476498,0.17207448708780465,0.21334637507616208,0.2013816667490651,0.19818463867622538
0.08412653926631677,0.11048715584899234,0.1130967417790247,0.1051603015130119,0.12018952539140809,0.12444769305351149,0.14961225656147342,0.1073732552503515,0.10542719101641813,0.05818107007809192,0.024249141734735233,-0.018150624698658687,-0.061120052163945844,-0.07588772065069808,-0.08969121675735577,-0.12252052276193867,-0.23914888361531986,-0.33930488744039905,-0.5467503217893408,-0.7951425636370477,-0.9904804824249543,-0.8367710522469406,-0.6071228359906139,-0.3888747128976706,-0.2530587369009964,-0.15956864926324513,-0.12115672434335197,-0.058539332483917454,0.01569165896495658,0.060033162217438964,0.1250511204374825,0.18299080114735128,0.2612655461197517,0.3016291660348933,0.32409061650484233,0.3155911091968043,0.33466767679352766,0.3382611332120792,0.3177865264477603,0.28710481866824483,0.2941026084192146,0.27519521188829915,0.22548242351270095,0.1880259986238579,0.14256158270345026,0.13617043018570874,0.09553633745924513,0.11959963276157688,0.13188397149601416,0.12821691577785818
0.11705925441631067,0.09149179555235992,0.08179522448854552,0.09076070023117153,0.1573836086302684,0.17180104078563804,0.19459273388572917,0.17958509885272264,0.16624415242423307,0.17531043466970395,0.14416935231805944,0.14701922328523664,0.08627690484151145,-6.980579219681195e-05,-0.038486226463665014,-0.08815700562387613,-0.1406338418974506,-0.23906816883399493,-0.4664418535948125,-0.7627953401657642,-0.9930969577011683,-0.7977349528230483,-0.5336874400227986,-0.25892152859332884,-0.08922891859420161,-0.008195884588209686,0.04311999605502084,0.06626979449397147,0.0852849636944786,0.09654151346795889,0.14164545845363113,0.15384795922669697,0.17280151774132382,0.19169869826612998,0.21577109687774007,0.21340103428988738,0.15964903257928695,0.10915199762029032,0.07782970135416074,0.06257574817242724,0.03879038909605296,0.04140903774400675,0.06606319445750734,0.09732037373648124,0.08491168798159675,0.09461598343264681,0.10345530626145398,0.10988006468015075,0.10033946700684719,0.08665438362327617
0.11298931101729705,0.06726675556834831,0.12050067839531416,0.08206048032912822,0.0943932305547295,0.09950301775675627,0.11484370786413824,0.11660955916189626,0.13749321923189672,0.15700675689195467,0.17837126015460916,0.18899088966788466,0.1508327566511658,0.1142929409156087,0.07909417441359264,0.005681982430829518,-0.09167915595933407,-0.24796181028042866,-0.498230144721752,-0.8064719824742053,-0.9962379307961986,-0.8439970905211475,-0.5638676385749757,-0.34113866387682,-0.1757678741643246,-0.070627690414043,-0.000617337908575638,0.04646814489250637,0.08681805890568556,0.11280376933955294,0.10751720367380256,0.1201662512602526,0.1479147982034677,0.15767491558869595,0.15711604100632007,0.1546469198945355,0.12002388881830224,0.08806978427762013,0.08906379785367177,0.07808921274374911,0.07212827520318076,0.08438296524350622,0.11561998424670114,0.13422130532681414,0.14102932596924278,0.13092597361180522,0.1443398092415358,0.1652020027383671,0.17751468776643725,0.18492948288090366
0.16149104878958892,0.14062491436981275,0.18022978563825498,0.18783863170835002,0.24037093609471116,0.20517166068592743,0.17493305089859032,0.1569836057589145,0.14732813207564785,0.1254154441371535,0.1603813843916682,0.14744246799203736,0.12050398956829846,0.028839812728985514,-0.012052717036495318,-0.0457597754568363,-0.12395160629948679,-0.27375256643194285,-0.5160618558580647,-0.776210961620807,-0.9891294352982336,-0.8206384112078527,-0.4916605570901959,-0.2692981777514006,-0.15224842884193315,-0.0932151612714461,-0.04400984064653329,-0.017045415388560286,0.023125954382080698,0.06686255492869714,0.0908846518646459,0.12170770258627368,0.17764161536488365,0.1899171886011823,0.21835156255748536,0.20413781331858816,0.1772808435208941,0.1311764330244518,0.12729137374668978,0.09885984500804354,0.1022464436624418,0.09810675957074141,0.0616659682099243,0.057366920783313846,0.05441005689340713,0.0930907961467329,0.05023097847786765,0.06913835460766389,0.0898673655684129,0.1441188625374256
0.11718853104259665,0.09736688995387069,0.08527332477700848,0.09802202300259281,0.14296016576235956,0.14654186381245562,0.1558827529793688,0.16313571131363025,0.18815071982446424,0.18779006378069704,0.1619301420809443,0.14336121562464949,0.13628407604766365,0.0830107734767724,0.016751743877450632,-0.05091231878149478,-0.1356288103985499,-0.25144040540033225,-0.485058738898669,-0.778825845365243,-0.987510480839535,-0.8294000622430375,-0.5482471739591153,-0.3333229372912306,-0.18592716300234277,-0.08378079983245715,0.0012757600961866829,0.06537416226602635,0.10354952837847396,0.11718382381626574,0.12412842709469991,0.12168668097176659,0.12619507965791288,0.1297135649621578,0.13658935784978488,0.12744007291729165,0.1336224396200891,0.13137628917781038,0.14582858621931197,0.14650228998140785,0.1374293716442213,0.12064123400306064,0.12866074936731997,0.12809907261095146,0.10522182630759391,0.08486135555348809,0.08433947059994307,0.10773199285908865,0.11949165513308668,0.11946194756754358
0.10834909090576457,0.08282946083513529,0.14170000764442336,0.12818092974154605,0.01817162082855345,0.06382453364717411,0.1025326276178491,0.13746827660671276,0.1556699627693561,0.1372054880368734,0.09882506683183384,0.06880713197011078,0.057690253180315176,0.01722615029433934,-0.018719095635858038,-0.032308124014841885,-0.12503821552580935,-0.24144543602826826,-0.5105511017000948,-0.8176032203573042,-0.990507807503106,-0.855294435812863,-0.5928375998730957,-0.38086416455432137,-0.24132881377511534,-0.1483878550325924,-0.0773805277347058,-0.02602352096373226,0.04852337370764832,0.11545985700988172,0.17678197128478018,0.21513527113536077,0.21862121973889942,0.1534534060302878,0.18981454710797274,0.21596572613173112,0.26802907503032125,0.27958417003275937,0.24043361564012708,0.19279912857975462,0.17275552295119218,0.1446892702124016,0.1077948075609261,0.12219590584190493,0.1481465941497326,0.13271973110786014,0.1376592436343445,0.17873832545698604,0.15610779602230343,0.12440075923454505
0.16394373167030188,0.12384909205380183,0.06385797170425127,0.03384721198983607,0.014787736762755663,0.024827233627139483,0.06932305723758113,0.11538634577507687,0.13548191922962405,0.11473384342787205,0.10937662874282564,0.07210502766288698,0.07221174061092414,0.056607546501133005,0.020793988329261087,-0.06842194318823773,-0.16561031207070132,-0.2851956109658743,-0.5025630561171643,-0.7869123982174107,-0.9823730825865489,-0.8021367830916644,-0.5201428919403885,-0.2821705835356584,-0.08480205764417868,0.031634750531169244,0.058305769737684546,0.08630790889590642,0.11609101890283131,0.1543252455942779,0.18133648731235139,0.19889144095670197,0.1807850342134844,0.17388250730109145,0.13195910141382314,0.12475111951486302,0.12207154403187195,0.13045653186603304,0.1214721620990539,0.13356683622790338,0.16780145712800684,0.1655648974220245,0.13723003512097,0.11092772579460602,0.09492173666374853,0.10250660639295418,0.1439637663429454,0.15654035059198135,0.1262614272993426,0.1376401826769308
0.03583461595108435,0.05825582725202994,0.08152405905615313,0.17512202022032922,0.14909464150520677,0.10357686010616104,0.11710872786327828,0.1655184285127426,0.1528932252242685,0.04980892054962655,-0.03496517028304794,-0.04640848043605502,0.00598306146687807,-0.02259372794561884,-0.049142635274723984,-0.09548845100055069,-0.17742705707968734,-0.27482406600431214,-0.4698055862102978,-0.7798324449331634,-0.9856810597711131,-0.8138390982502574,-0.469160347776891,-0.2142456199845387,-0.07289019475220501,-0.00336713878008882,0.006689784068462447,0.028805815147230854,0.09766042102452858,0.14368466241707897,0.1342927796561452,0.11363713151806121,0.11141679025687753,0.13270989514778608,0.15188788774989895,0.16719873019187112,0.20173246983864973,0.21419994121817854,0.1771074302390795,0.13613350690403667,0.08628034723671331,0.04009371466843875,0.0743312110184998,0.15874348192217305,0.20260890932884024,0.20081441040669487,0.20456066345672663,0.20568707171254275,0.21821297004765441,0.20646066559862367
0.09277593649369557,0.10011722249430037,0.11185913263888163,0.12464288556924635,0.1350615653620976,0.1566063426332022,0.15891776738543065,0.16305493687711572,0.1698519894098016,0.16120466689231247,0.13567300316102004,0.09157283877138665,0.04833798363969777,0.014561408020985435,-0.008352349942441278,-0.058369190164739355,-0.14452658575420613,-0.3035003041269548,-0.5318679412369699,-0.8196944447658483,-0.9954079136112228,-0.8307298800670002,-0.5777598737090187,-0.38113620957487854,-0.2502830987655307,-0.1356134319888556,-0.0495745249602449,-0.038499866072503074,-0.024702348285366327,0.02075453158170919,0.09701360837421974,0.1465116535390295,0.1947752704754317,0.19219491638271577,0.19569702187075244,0.228285322609415,0.24943651204687411,0.2238279204515055,0.21256324133655236,0.18312931375060065,0.18712545207333106,0.156152238444212,0.141770112823836,0.1810892229132125,0.1813022260224212,0.17672198105778222,0.17532415398210252,0.14585154183507193,0.11200019717991314,0.0842538449259186
0.1897803229792636,0.11396727995698497,0.059609040732992835,0.11551288505625648,0.16259010762555354,0.15830429538545537,0.1800456997784361,0.18225874523249205,0.18673217423619567,0.15086455813850402,0.15259362778696733,0.08644068135005763,0.0015585772706194743,0.012816999215765618,-0.002037642933292046,-0.06705381047478513,-0.17071522028531516,-0.3103820747923804,-0.5167183536254089,-0.8052877857034827,-0.9797410290198604,-0.8469874259978167,-0.6143568737873034,-0.38501923805572086,-0.23926803161714327,-0.08369860980627451,0.0009511390361333664,-0.007388616094873614,-0.03033534398267083,-0.0029857503491380216,0.08117337212490351,0.0952888274150929,0.08051046748045831,0.06600906959601141,0.06287422549914723,0.05402336727166626,0.09692624633006068,0.12737442514007416,0.1352601649893101,0.1693183470698006,0.1667327820237268,0.18860327200381125,0.20200105429108706,0.14959286822845896,0.1994423738127282,0.24745074604811532,0.2554501071768539,0.24885561692434643,0.3188237077654315,0.36223863155270297
0.09502449910260082,0.04248192497138388,0.12120246960742187,0.1184083243498699,0.1546333243200741,0.12580323980004166,0.13064526758672107,0.1516283511490462,0.13830799268806307,0.10541800208266906,0.08931859549994672,0.041904071099965065,-0.0028206343537455023,-0.0395889686191206,-0.054155703875700366,-0.08011488164509278,-0.10031747948316881,-0.25079244194470934,-0.5094329092157773,-0.8107109559749499,-0.997364953886693,-0.8104092954689619,-0.5190093739674547,-0.28522718162769056,-0.10111440315381043,0.02290356678824066,0.06339129166128854,0.08792585943133907,0.08700294984149227,0.08171765046739302,0.11461576753016334,0.13155217734516578,0.11752964258368012,0.11224131073790354,0.10906085283920598,0.1512966601849231,0.18603659215093452,0.18904105112498704,0.18265751384406156,0.15351061179412603,0.13267802149592584,0.13191398882935867,0.11925945179907002,0.146447940084368,0.15267344019640863,0.1437487973955678,0.14758844502308935,0.15366528242472485,0.17227909454152418,0.1555451608441298
0.0027802154802354243,-0.02846479534474216,0.03782999440590008,0.0538157355338157,0.12200261917297987,0.1356161649851369,0.12030829609754605,0.11551384126699189,0.16753346649665557,0.15054084894486103,0.16400277136713373,0.10995718805831409,0.07163285063601206,0.02082240300122561,-0.022864942266892,-0.0618827521884065,-0.12059312047968819,-0.29123484511152736,-0.5172384257560539,-0.7880020548075322,-0.9962880659780877,-0.8018950648929811,-0.5248161642226419,-0.29442113983252366,-0.1221691988473218,-0.030148152697277997,0.04220040363497788,0.08392629906823827,0.1310950359891917,0.17436317340950738,0.18747280131872404,0.174611461996002,0.1588270860159888,0.13956233536559612,0.1515742363957063,0.10262150031592043,0.12789621815453406,0.12511155848627814,0.13740514690695682,0.10849420509880295,0.11008557222587825,0.13808486751518323,0.14452635030156935,0.19235412670543073,0.19140556911085882,0.1693418008023725,0.13701452167392036,0.12179226946279559,0.11984232700942402,0.15805346001501047
0.09859501234151681,0.07814773257752529,0.11730296106142803,0.14578016685203285,0.11156417523450575,0.089859708645914,0.12281993896882747,0.11498545652737047,0.12616496260368093,0.16112766131889833,0.18367752170541649,0.12313776197446066,0.061389519841546926,0.03747922923901478,0.00133343201036121,-0.05013915981219956,-0.12399022631190204,-0.24290570577702203,-0.5106911171589593,-0.8102058669146969,-0.9935007007906886,-0.8516073747659764,-0.5665674768650053,-0.36717752349968474,-0.23498748497691116,-0.19882911656817007,-0.15102086218029198,-0.04379587882546296,0.08118720156137797,0.11142519681799982,0.11883019175208008,0.12616617942834313,0.16119133691490972,0.18202177716698034,0.19648777333736603,0.1758675563476685,0.20145116018019418,0.2052770017286756,0.19011901635801468,0.16977590351335745,0.12258018470686644,0.1276620760985392,0.13183071845740152,0.17417322435971103,0.19450949095095835,0.24293537732286194,0.21460487144225296,0.1699042864891032,0.13709901321175152,0.13695371539805706
0.20869486387832709,0.1524847791285817,0.12215453544964319,0.12876924979671173,0.18716765040914543,0.16935570813324316,0.17131765295213086,0.1354506966189431,0.10060138738846937,0.03764024891775003,0.07783010837195856,0.11286039333082769,0.15122335368506606,0.1505066211313714,0.09254572718389863,-0.027604160807716868,-0.13163015404576942,-0.17828457390078817,-0.4216914995418558,-0.7457620295147968,-0.981123468036215,-0.7883593442420503,-0.5116909790733045,-0.289064892452262,-0.1753921668099653,-0.08381792625908496,-0.05867816340129293,-0.01442592423312305,0.014010100844401761,0.03390880941532209,0.07722518446946304,0.07623311608316045,0.15386770986605877,0.11995617314841261,0.13811571345515916,0.14236306212585684,0.1915677403852075,0.20210521963961398,0.16295448211672361,0.16404362906757605,0.14657828884368965,0.12380723037437337,0.0609045101435813,0.06452399947852522,0.0926137742221458,0.128766893790439,0.08506191413268525,0.08956192599600252,0.0901063168633044,0.05064651148045451
0.11835585159434707,0.11355405395632454,0.11013190330805843,0.0946874893889276,0.21761440447406527,0.19926790878565287,0.1649768252622513,0.14433930421765157,0.15595771479409795,0.15201552946973568,0.1574356131701282,0.1502487879399687,0.14710266545018993,0.1459986077822351,0.1061681977299781,0.015539470780728122,-0.10996552604799581,-0.25355677766664925,-0.4975590674028089,-0.7721092851718372,-0.9803596387060466,-0.8321974886376161,-0.4715632199557308,-0.2170735133722704,-0.06547331422014778,-0.0211217346233511,-0.0030415186826628976,-0.019292928979198272,-0.04997304723675799,-0.018257506516921335,0.024794229780585736,0.03903932194953242,0.06240455294655466,0.13685172872919527,0.22132638774148694,0.21516374374808928,0.16573048694931855,0.0966031396253545,0.0757181590149756,0.06903097053542483,0.10768688775708483,0.1114081847848733,0.1029506760793817,0.12751205551182454,0.1095819457208533,0.09560072158620932,0.07895575230132067,0.05419362433734102,0.09593028386177149,0.12766738615447612
0.11890019205271726,0.09454608200120915,0.12714364339578385,0.16522693266953437,0.13475311662797304,0.11817168710519158,0.15449133376024968,0.16646007865130116,0.1587308596605622,0.13762165193016704,0.11820379148861399,0.10120940310830498,0.12664860293596114,0.1254779182423345,0.1321275196721218,0.08601667709079054,-0.006144565005268004,-0.18288438340601437,-0.43821372792928104,-0.787846237880755,-0.9883668488113386,-0.8033608331167196,-0.48751205705012746,-0.23753526647641224,-0.1313227755723055,-0.04926217708324564,-0.009264372615282832,0.05569450058358907,0.05401750092970328,0.03544328147841127,0.04548049173743284,0.04129482227079192,0.05379091187511745,0.0524639830338812,0.11431045517180938,0.14881968853899763,0.13117345063221922,0.0813562720504114,0.03923308463329781,0.053346196399011454,0.06528115877415855,0.05866744943414139,0.11626359349544267,0.1659305816451767,0.1771291743690032,0.18083064990480735,0.15982613262217732,0.09465327305802063,0.06796530171912868,0.06301180019720322
0.056134171646375644,0.04857842664242896,0.05938328147944345,0.06513382012111593,0.10468951315409161,0.11824371261882796,0.13258056017281972,0.14610659191970476,0.1649595478531563,0.15407094048671888,0.1304217047855107,0.11460234279158774,0.12002930804706603,0.11698950295442871,0.09650749300387966,0.09357908442990179,-0.0018374713611835998,-0.1967561805874154,-0.46474376318491273,-0.7815489018604438,-0.9955512541725714,-0.8419592501973887,-0.5334107258823877,-0.26692234452375296,-0.1177045474074784,-0.04049533563144499,0.017660258067364158,0.039482318278957346,0.060943770235481524,0.08715354300106298,0.10707061524295156,0.1288259327731177,0.14246055473449074,0.16483676298907943,0.16257923357540668,0.1303867650928002,0.14883864572949868,0.13627878500501348,0.12584619214681544,0.11645569423503223,0.11760504092661936,0.13697503898550814,0.14064713416181385,0.11966638633767857,0.08440619531203643,0.08053971584559809,0.07630476342999436,0.05468940785915918,0.05697358522242763,0.0822934335140141
0.11430360482217462,0.1384640470157928,0.1359038405236262,0.12971928118732745,0.17075130085704704,0.17251376593791523,0.16627613929237645,0.14246695286039487,0.12244845089378073,0.14215858608396129,0.11532084599680814,0.11735356729657795,0.1341690020312882,0.12306268318472781,0.10811816258935315,0.04275675867636956,-0.06767725529614897,-0.26554292223389087,-0.501861809922781,-0.8015313793657164,-0.9888697339490005,-0.8018758763775929,-0.47415381130711387,-0.1909152283210907,0.014656199391114845,0.09963068819507168,0.11752297495504958,0.12331985498369281,0.12392366349447259,0.12141713161740403,0.10158330808497641,0.10331749897820663,0.10883840307488148,0.07349542624316216,0.08981780533350406,0.14367073854420725,0.16443324114105917,0.15483889996081981,0.14826357111186428,0.1396428848471757,0.06433381332655463,0.03602169782194572,0.005632784628585237,-0.007935814256231149,-0.008665553798579445,0.012496074657032974,0.03579290532956508,0.045511312307125545,0.012809641293707276,-0.007728123742554179
0.1263414224795125,0.09746805191087515,0.10742585453964275,0.12065639432212302,0.14984007304482488,0.14945760635610564,0.1575127376141701,0.1494784642275812,0.13643916441021206,0.12218792201305533,0.12366106957089933,0.13502625191921458,0.13790834457358275,0.12387004210074921,0.08067469312669842,0.027105287232815085,-0.08025214221529213,-0.23548225440594936,-0.4836468169248629,-0.7970595093214438,-0.9888391256778702,-0.8353153970101153,-0.5484547066572837,-0.3063036745845666,-0.15856047581066163,-0.07274652660384258,-0.002935201379453778,0.0560448062893628,0.09034578873669598,0.1224082952633638,0.15222054617645628,0.1625707816585406,0.17390156179242416,0.1747483798182301,0.17822636962048902,0.15148746584546394,0.13184224393888047,0.10965489916004877,0.08444218899383134,0.0702047743016583,0.0853001255983067,0.08553717273220074,0.08645094657636881,0.08194684357473038,0.0704815331849964,0.08268671925089385,0.09982849495666973,0.11619162903280435,0.11377320181387532,0.08424768283298875
0.11034522623282103,0.10699631312991202,0.09664420225520763,0.08235309181089807,0.0824037420915708,0.08315365857626059,0.10087112160036664,0.10719489805539083,0.13297158662175732,0.13419704276575306,0.14763012440427964,0.15066149889807787,0.14497778398290928,0.14315246914314836,0.1434140377958905,0.11268370940410226,0.013917602478186552,-0.16833156927736256,-0.4583510187639557,-0.7878267923232272,-0.9895594760503609,-0.8462143805758823,-0.5727208429327643,-0.3175517624106274,-0.1461265992470433,-0.037731941952223125,0.03514222414070442,0.0753017227582911,0.09491064714150406,0.10885447945346528,0.13440038210361177,0.1540490629866802,0.15098629421461976,0.13324918591169355,0.13402011235695302,0.13207928636897334,0.13160636557655317,0.12623914406429176,0.1224544483764275,0.12078284785242767,0.11333904619357396,0.0986202586269751,0.08498077329028232,0.07321731726197156,0.062155230008392584,0.054272459567905926,0.05884109496260742,0.07379939130895874,0.07817941239645566,0.07936508736359302
0.0669743026624869,0.05013866123360259,0.042465125907839074,0.04533720293025411,0.061229511724174845,0.08823344749522821,0.11163176222683337,0.12604003342416667,0.14587930886929523,0.15104085390421396,0.16234761462530886,0.16740766673584948,0.16631287495433764,0.14539891915870304,0.1203390091414309,0.0626694470480868,-0.038500811094252206,-0.21642615641883645,-0.4916715972105105,-0.8045292013094334,-0.9956687070307926,-0.871340149219082,-0.5952745165855836,-0.3442652378335624,-0.16727856845992675,-0.04435696090130743,0.029364439069469152,0.08090497189669715,0.13077022077570763,0.17316937183555198,0.2014437480765174,0.21204267104818864,0.20069627826596473,0.18644531207088327,0.16372670996905953,0.146548189177449,0.15042316204214803,0.14458851851169055,0.12433645662844568,0.10994406112015281,0.1075971507372684,0.10186071088120009,0.09589766724355465,0.08478093594009774,0.06983612770668493,0.05794191132039473,0.07007795676932595,0.07181365251880183,0.0689467189728019,0.07270922144342004
0.06684094323708416,0.08231239440526959,0.08842635048803796,0.11144365253166982,0.13549895078466162,0.14743258910919832,0.1512705393815202,0.1412253712777122,0.13020672831123273,0.11970160424946305,0.11450927235151796,0.10664206954326202,0.10617422564799633,0.11931553981924815,0.11904571395776886,0.0911358875243479,0.01581096140999256,-0.15370218691287615,-0.448173513369466,-0.7951242368222686,-0.9937898048034545,-0.8558041657480324,-0.5916587935984241,-0.35412240445346965,-0.16815712080239653,-0.03469799962213131,0.03398761835299256,0.06733413787327114,0.09353706987259178,0.1173612071605204,0.1257234022236486,0.14076033887567807,0.1625148161675809,0.15421584896806803,0.13481723280721605,0.13851926066804768,0.12407624813900503,0.11263327852824971,0.09708705600983497,0.09493628122290187,0.10949699272360483,0.11145319076689135,0.09224602557806917,0.08106456688920721,0.0799709210425946,0.08463449391734199,0.09703411047599395,0.10032094319789009,0.09765457519446676,0.09685781544686943
0.13630107945942715,0.13012487504673925,0.12298883925323338,0.11561026329548978,0.13669433092446445,0.13636181797477187,0.15372409214671673,0.16756374927505147,0.14431350756711114,0.12473424392058571,0.12168742317732076,0.12175200532445697,0.08049439482952848,0.06695524378365045,0.04819455731105531,0.018371709931710868,-0.061890106564091954,-0.23250847394004984,-0.48028300852157024,-0.805818538474093,-0.9924688138469924,-0.8283643403468353,-0.5457922826448843,-0.2772187537574113,-0.06673440820493706,0.05302308386950506,0.07983418166309701,0.08199721153155695,0.11372147193881359,0.13782613133006025,0.1385624779783857,0.119624607929767,0.10514738038456474,0.10172668333852923,0.09244557211924305,0.10436693486387755,0.06730232577397481,0.03349610472252202,0.02956939969583486,0.04050190425307081,0.07083837631529968,0.09425595683963361,0.08118365108213618,0.10325486137985328,0.13795664264576077,0.148667854437088,0.14174658221133205,0.13736502397313555,0.11910376055708666,0.13168841224542333
0.12071774961672578,0.1311297092049311,0.10974680079441687,0.11531881429795401,0.11959961211334881,0.12651279663035392,0.14193548968054434,0.14417691618462478,0.1351404752973496,0.1282261278005973,0.13556956916969884,0.14237275828687598,0.14095685905331048,0.12264972858994043,0.10709033694675733,0.06741424043993229,-0.007594064622647739,-0.17849188674337887,-0.45909336579421034,-0.791779893248404,-0.9947133055573126,-0.8391556068920183,-0.555028431010233,-0.3107895476768628,-0.14322443198182744,-0.04289374867858767,0.021933264946604126,0.06439145525020389,0.08459853822832428,0.10321539789267047,0.10802715521788414,0.12788169816200254,0.13295607579636656,0.12223351033855115,0.11242638440324995,0.11774281837859828,0.12244537808752012,0.12033889310444283,0.10447786841224492,0.07567099037119476,0.050421669335096696,0.04299093845028702,0.05668483476018556,0.08534540533229913,0.08889689371337856,0.09888468748032835,0.11094055316076398,0.13067375989490557,0.13281247021325743,0.11821565716776052
0.06569570259123943,0.0691069491725321,0.03862279179771488,0.03939707912067151,0.08103497428699569,0.10662554959886794,0.14936723654470366,0.1420763299727391,0.12207649722460825,0.12594759932930916,0.16905146733223192,0.18692456159926388,0.1878637203569698,0.1606134740378526,0.0838434365185356,0.010916274967497827,-0.10311993363512897,-0.29020391806427726,-0.5544480584424375,-0.8326031344084164,-0.9914946395398623,-0.8652780347834728,-0.5861690198558187,-0.3352081488842639,-0.20734992900008367,-0.1040523439213102,-0.04177716859653874,0.0012367677485181539,0.07550505367745464,0.12573660815699755,0.16286148269073214,0.17922478547737047,0.20804382000515398,0.24932385785800296,0.2680432322890038,0.2159607486238805,0.16705801870379278,0.15723095742794774,0.1817654967546912,0.17354348417189008,0.15660031115044945,0.14577604520776616,0.09764041460436397,0.05771925938671404,0.08361429023914528,0.11369186456769223,0.10487449589077813,0.0835156965593398,0.06590422204166492,0.09766977144652698
0.0794955109778809,0.09209077994426985,0.08687843064478327,0.0864034819630752,0.09530552212020116,0.09072601597684718,0.09556418593679297,0.10584679388197525,0.11523198503607117,0.12195298251491626,0.11131223988836052,0.10852113430146103,0.1031088280004794,0.07843049229040708,0.04331079382356828,-0.007335047796272151,-0.09343323688372404,-0.24241212496225198,-0.49078930662946085,-0.7972395450278559,-0.9876455690836066,-0.8457563294699315,-0.5654764727507318,-0.3364733073006432,-0.17325221529726778,-0.07731758027979505,-0.017453861843573754,0.04490859545829726,0.09428423650504315,0.11990959529363504,0.13624794406110236,0.15413028041154675,0.169114300381862,0.1714390086435074,0.17297843988041087,0.17303487992404476,0.16951023660762135,0.16077034948091593,0.15121054526885858,0.15505309736594636,0.1564544908202444,0.16260091430699525,0.15486673513687008,0.13630886194646355,0.12477462318649563,0.12016734749469705,0.11690337889064609,0.12187831099003535,0.12339238387558954,0.1304668640931952
0.1350758688215241,0.14906059451135828,0.1500298723149984,0.14146008553689862,0.14911397332526316,0.14184590031714633,0.12727883943864193,0.10655407473579477,0.10226507832644004,0.09434511764116588,0.10495951968601208,0.09542008972893795,0.08680746447420953,0.08538816465424334,0.03562089777572812,-0.030563828707399064,-0.11263794303644586,-0.26570264273147615,-0.5152556177596889,-0.8133021133229128,-0.9931508509931467,-0.8308097396199925,-0.5781890548061136,-0.36611870477376335,-0.20817398084154723,-0.08492483152681571,0.002347819476960042,0.05847598645002028,0.11562051674767403,0.1407517966309114,0.12871018435675202,0.11727372218740198,0.13461381791080618,0.1445672828267395,0.17053725507024206,0.1709732467015554,0.15956189328535125,0.1303323862564883,0.12500971829587346,0.13884932893430052,0.14106795945158118,0.13626038183316022,0.12141214359544641,0.14080482260244323,0.1330803882600188,0.1399035145728288,0.12632087550102739,0.134010579402365,0.13598932880259704,0.14712881767839525
0.13927102150252155,0.12480870863890667,0.1381463817050183,0.1318008169478414,0.13065700597970537,0.11130553525368345,0.12200609768761651,0.11677412859176636,0.11271189419214463,0.08622845319363923,0.0865187151585507,0.08584673121039244,0.08223257859838498,0.06192478027052883,0.04911878235670464,0.0046975297882423245,-0.10200557358103057,-0.256947855443834,-0.5033465979664247,-0.7994839797359096,-0.9922268677183481,-0.8336039733124974,-0.5769651948598293,-0.355899205796848,-0.18651541773317826,-0.0810430329598902,-0.022628191933991074,0.046194757654950916,0.09432389501558323,0.13802462837586915,0.15898759960344333,0.17782533356973979,0.1832317082693924,0.14592601705425642,0.14321008781291314,0.13894260417732537,0.16837180638905774,0.1824379555970556,0.17982941984065431,0.17301846106123422,0.15161350366838694,0.15612720834908578,0.1461494108800374,0.14195617691300644,0.11089683179713244,0.09768326528690144,0.0825718931250878,0.10176616387109813,0.10245138845257573,0.10507661320134568
0.1204759050968551,0.12688599862793515,0.1428833140543913,0.16442981704685758,0.24230612976815508,0.25742237961931236,0.23749696390912095,0.16935156617394853,0.11829328276880494,0.12158508004233855,0.11815777188326217,0.11680964025991517,0.10243965573147157,0.08110430103195644,0.045519647513516635,0.01587606944612701,-0.05972571150477961,-0.22570691171757765,-0.5566851121335059,-0.8378990671669271,-0.9993115318416526,-0.8265484261432076,-0.5802820489566012,-0.3622804081236932,-0.23861374315127792,-0.15530281585666267,-0.08928119851237755,-0.01893270364470735,0.05528979159780559,0.15337510587930503,0.22030039534391352,0.21438376765293585,0.22244766041210257,0.22329340876211726,0.20018422211188844,0.15362807127960867,0.16385864650368906,0.13684060021602595,0.09751170477615444,0.08675779043832241,0.09554267766851995,0.07044189666249366,0.06257075070658973,0.060868777516729304,0.0603730993304518,0.10516264788200491,0.11875477697908504,0.1284940156173525,0.07404466899703825,0.0654076794448681
0.1390551777225016,0.14531586674959868,0.11746615275929227,0.10752589477088845,0.11335764282973294,0.12737221656229009,0.15787811363355891,0.17273765708107763,0.17148645624618708,0.17141015827484213,0.17887684200883627,0.1336869109748267,0.09295917918536425,0.042765697852831394,0.027429583978064553,-0.019545193081778434,-0.12689433557350938,-0.27754100740889953,-0.49925456826918546,-0.7920041168678661,-0.9881383692821326,-0.862450176848185,-0.6211401383630524,-0.3948264092924137,-0.25514609131306376,-0.15929744571907958,-0.07884213911276525,0.00219922235908132,0.050883116793060575,0.0723868713109548,0.11561972196931289,0.1356257791756696,0.14993004301093055,0.17285241199332882,0.19372549589149107,0.19748120990531992,0.19025808440219608,0.17603398312040217,0.1693275711446829,0.15280908745928792,0.12640452552717116,0.11281777243280625,0.12764785555118552,0.1450968058431314,0.14335312310057108,0.14011277335125927,0.13982203173609123,0.13491735233981178,0.1606575056767445,0.16579409640754728
0.06893606339916265,0.042007338545388184,0.0805301966235295,0.09586992080465731,0.12382862782188789,0.11748567187102453,0.12221692010497211,0.14084270935803925,0.18750461840780425,0.19781926154107024,0.16555342208319548,0.15547829156892307,0.1576230911827201,0.16784022808003177,0.13220665121721828,0.13442407919460564,0.03659886919942821,-0.21581398982497588,-0.5383223560972575,-0.8673381415795258,-0.9976929855178229,-0.8305432130448224,-0.5769419914538025,-0.3514423977655353,-0.1858576379634918,-0.11226428669330253,-0.0454669700664773,0.03133975708996096,0.1247641537373845,0.1874577598259478,0.18850097579227862,0.19257797267994817,0.21680492206217108,0.1949937735102017,0.1533262558062662,0.13473039862223155,0.12810816935171182,0.12872232990879887,0.10425752121814838,0.09607622029352621,0.07892834554856816,0.06773476811040864,0.05261567771509496,0.0025771118133719757,0.0012843758434917696,0.06019975213923253,0.09624099121209134,0.09715022389472365,0.1041084377675813,0.15241811506021527
0.07617414489457375,0.038550988706536345,0.06467529864671959,0.06791745431332831,0.10937528031449889,0.0731966930930081,0.0423374569640321,0.059283572431835276,0.08401875480466948,0.10840235634319734,0.11022151455426092,0.10784744639140921,0.11359849636177698,0.09010041741956083,0.056943607808201395,-0.02536337904740187,-0.12350853799496987,-0.30788091437220155,-0.5563332320712437,-0.8288141040414168,-1.0,-0.8527773114082722,-0.5708271828963664,-0.29464043419870767,-0.0856531269081941,0.02213149346705062,0.09062268301069278,0.15558593960324754,0.16131260681186166,0.1819078292909066,0.18285772203511738,0.22005042506070108,0.206823442098991,0.2026772345351797,0.20847350192584405,0.17692361176121246,0.14943401216673685,0.12567306722360588,0.09685091639009752,0.08608379320622606,0.07861266150373346,0.10490076133364519,0.09519170007842521,0.09169629024182191,0.1251464920673324,0.13680948774599513,0.14070220876452108,0.1311619144049081,0.14273646323789888,0.12878848192541248
0.03050729786946671,0.10605273200823255,0.06723296763675046,0.07510412155433269,0.08557842191957853,0.08130194415863425,0.1377662844983626,0.14921728984504515,0.1420144648900665,0.10580642408787032,0.05069053875629463,-0.002101737194628891,-0.0317633588123015,-0.04045609337725549,-0.05370277461199098,-0.07033966777599948,-0.13846666818053552,-0.29759554689864864,-0.5670669660636197,-0.8174813937277402,-0.9842070203273303,-0.8315922754277133,-0.5056932783536036,-0.1717656841553091,0.038267315562577515,0.14093748787989277,0.17482319393981366,0.15698515676847669,0.16134008779883008,0.14647966348414557,0.18007656634461064,0.21959113497626262,0.20334295138291636,0.1381455267817679,0.11881999861499366,0.1054733649064627,0.07273234421658092,0.01918567967982548,0.035375586776509156,0.06754575993047938,0.07683421758108736,0.04821091129050948,0.027038299477951156,0.05908918052165136,0.13103318399794425,0.16843943856361107,0.17374839214677495,0.23289112792418634,0.29604966798604393,0.28850373914813743
0.16596504581825341,0.16012972495594607,0.14183821593156146,0.1270424254778744,0.13057646148155078,0.12483115503612764,0.12058921881704564,0.10022910885621415,0.11476128081529928,0.12075809271637526,0.07377951566969022,0.02626446938100746,-0.0001179599980748188,0.0036197040672190303,0.006342048547565829,-0.0008462892469009419,-0.08312127668709672,-0.22484268611823166,-0.4484194496847335,-0.7842814073734111,-0.9848541508827603,-0.83112409082429,-0.5210105315395226,-0.22819907311714985,-0.009533383502708206,0.08142006654743748,0.09378752907575529,0.06611199005228965,0.09543918303570824,0.12322695880082912,0.1283497307698727,0.11097270675603359,0.13106164266226053,0.11085378419420522,0.1259662845856377,0.1127515405717979,0.10158293454539773,0.09482049263760503,0.10572797404044287,0.11633473844384175,0.14497932024780832,0.14346552191546785,0.12788535412161073,0.1206402506549636,0.10922907439832732,0.09161834173862875,0.06959924360903279,0.08504857869350804,0.10397172916332603,0.10477886014136083
0.12061104077635121,0.08962093345781402,0.08183555561430332,0.09868025086358902,0.09540378556012502,0.09360867450238804,0.09787520459230496,0.10622954732795593,0.09952117191761385,0.09753682734834863,0.10022054077858014,0.09503613283766564,0.08502364236324142,0.06759230133321552,0.05927068981901018,0.03872388876763303,-0.0312837156161608,-0.18902771025997334,-0.45316849515502095,-0.7856925917111903,-0.9940952443909247,-0.8472916992279507,-0.593923138417625,-0.3509408306067131,-0.18061611099861202,-0.07405707085408388,-0.004522384886344878,0.029258325402059096,0.07655939404354499,0.12086582188879631,0.1618478053505785,0.18046854382152946,0.16856466324231775,0.1508934488642241,0.17604084469043305,0.19615820442998455,0.20195107467274784,0.1885917150137927,0.18234432046922497,0.16634001622740602,0.1687290355735205,0.14830342462948934,0.12784201788145852,0.11507053556530708,0.10603032501348722,0.12223820436309953,0.11204660536832824,0.08308202017251895,0.056061360380900184,0.03854109719971063
0.0615689024074317,0.05357593069427268,0.08796576727528374,0.11358261291665457,0.12133443805812613,0.11946391736652785,0.13142613560646643,0.1333121977490573,0.12273357486422311,0.12737462589031545,0.1321898849263256,0.1094047158821934,0.10300596890633158,0.0691840437115895,0.030283305991397582,-0.02822351540747801,-0.09348571542307069,-0.23024218673490893,-0.47128452060361514,-0.7845579145529202,-0.9900791911232545,-0.8368623139337202,-0.5867317468262143,-0.3608176415397077,-0.20321762627759626,-0.10716676238413937,-0.050484027232681486,0.0018699604146220317,0.06864440092631016,0.1667783278732586,0.22303718621913662,0.23364283268424896,0.21870037762735864,0.1725421031939334,0.15214689342479987,0.14215727025876268,0.11657452800238541,0.12586241934774095,0.13966441722217515,0.13307812965531438,0.13177958977429374,0.1257942039606337,0.13801160489501715,0.14532095964983735,0.12798608663753624,0.13058439875234457,0.127684145833211,0.12443633007672554,0.13902037523340546,0.14143059813005865
0.08207916010661148,0.06243603508481929,0.1076474925174758,0.12683123797085427,0.13479892229263557,0.12621883961470934,0.1212564796383448,0.1309908714981991,0.15269598692330377,0.15007848808071483,0.14403378720274826,0.13073069988488728,0.10937328452496073,0.08263484029623057,0.03497103541635893,-0.036168008021518455,-0.1277962608066367,-0.24824228135141624,-0.47702256053911063,-0.7885879795873507,-0.9907448557571675,-0.8195208607132887,-0.5332896258214425,-0.3007709611886779,-0.17722294356097643,-0.07635090434445485,-0.014082159884318572,0.030114865227454934,0.06143684836993232,0.089835520175354,0.12100129829638293,0.1280821978782912,0.1530517620647187,0.18025793270131707,0.19051115178429115,0.19782979977443152,0.1920124186289853,0.18523746351775666,0.17509240306726662,0.17464838020531898,0.17311519715557855,0.14864954072142134,0.11253324219735754,0.08501788533001507,0.08801887911975709,0.0823677312755428,0.08206386753543206,0.08641867917081453,0.07876348435678181,0.07696169196930257
0.03554682591939319,0.06336184887530691,0.05106217758714947,0.07144897532443545,0.09075569038331918,0.09905807868064734,0.1110331562948752,0.10796892629742877,0.10912367171492734,0.11148346652248875,0.1333305108748526,0.12087344885588702,0.10595869536691489,0.08845486211101385,0.07034467723698629,0.047423650506019675,-0.025864288957542936,-0.18326424161744345,-0.45703517481272293,-0.7914042572020383,-0.9877678436395124,-0.8317360672707598,-0.5559734353738885,-0.3236061175484051,-0.15398987018087795,-0.047694561507927453,0.03046812694279317,0.08078788730774972,0.11016594342396806,0.1394998974071419,0.1675190391606873,0.17772243467697205,0.17824668503393262,0.17784132849844778,0.18035491165642156,0.18329179658424807,0.1705701491733027,0.15196144996546904,0.13596795905219838,0.1318872528550549,0.13874259756907575,0.13608225592766182,0.10063050907135283,0.07188281108774432,0.06278593638273985,0.06671079375851252,0.08474869144718918,0.09640540433000021,0.08105944999858157,0.08577388424822731
0.04492227257697629,0.028048000711920068,0.09256140536728072,0.12047888492693508,0.15658389323034022,0.14310083810047458,0.12997205178496177,0.11324650377981776,0.10076311530736527,0.11493549450535163,0.09226211569765225,0.09581013998462697,0.09239793161187868,0.089366475440613,0.07148575191720637,0.05491157710574254,-0.04196086844562176,-0.23824968560291346,-0.5385226595106412,-0.8485246434874989,-0.9994861253854059,-0.8470536266612905,-0.5765276683409329,-0.34020558087010777,-0.15314650126741844,-0.042505061347624225,0.02999919964203016,0.07118158381639753,0.11085421666332966,0.12165452166037818,0.14165146998476996,0.14275846559951333,0.16048121287890066,0.1830804605429342,0.18209124354860934,0.1906926776664611,0.1804623617041783,0.16917902041865784,0.1527359149941389,0.12878268031103024,0.12252514962725905,0.13275590099901816,0.1403606891545055,0.14278723991520903,0.13805032522876365,0.10434612568799889,0.08529939096359367,0.07999122007824247,0.08064348164470736,0.09297141613968461
0.17880411794329484,0.14517547775709833,0.1054318858133985,0.137780339736486,0.16970782214614977,0.15737368142277616,0.11520373983465082,0.05912673640803526,0.05406941221202699,0.06612771200513802,0.049609028084594865,-0.014467326132256554,-0.03340625980282869,-0.0423324972147058,-0.10370482053796252,-0.16293078805257882,-0.2483323016778718,-0.3892401917440397,-0.5873548302481062,-0.8281598376768903,-0.9886649102245746,-0.8345643820567082,-0.5370855919444895,-0.28125670102344796,-0.062222800249705924,0.056500522095910444,0.11393619207245054,0.14013198555231324,0.15820597099944705,0.19379589700503952,0.22724484862122143,0.2544909137458793,0.23289453516617234,0.20113275099647357,0.17986538123931395,0.169311466455494,0.18299071767174718,0.14388554441518608,0.07492180602909444,0.05628480951191774,0.09897182832336775,0.1514068998115561,0.20989949694342366,0.2001907461434414,0.20788703541009718,0.19225153222819422,0.16793453886933823,0.13540094070531483,0.08517574541458424,0.04060117979553881
0.054459530434997516,0.0052662012459839735,0.039526294429289156,0.08701396856665598,0.10112477227683936,0.09023968177287975,0.06242073946315189,0.04219535185966293,0.03832163467085511,0.03987649754488966,0.02850082371718296,0.037801780078295474,0.07965900739730572,0.10035257871386698,0.05507832370019522,-0.008380119687899154,-0.12310125053631935,-0.2974354151152993,-0.5320799597692238,-0.788723285304268,-0.9950636434345083,-0.8424433450077461,-0.5952948528204043,-0.4095487940914654,-0.2750931127072542,-0.17484329311670163,-0.10037713160761921,-0.04206549356332983,0.027720928520346157,0.10558017744537614,0.17676262883449415,0.2333507269073817,0.2667582666130579,0.30605951766644546,0.34358694814371255,0.380126199482745,0.4159062437979232,0.42472177921382376,0.36381261374659074,0.277349027939367,0.22951847916311854,0.16974185117728394,0.1009204286798232,0.06949899774775138,0.08185584557843996,0.10060462714138411,0.10360096626662463,0.0620010106376749,0.04833363620906022,0.03480160997756173
0.1465016690764931,0.12289543035920965,0.11039125376246288,0.08914160064728124,0.16617097548183454,0.18185083762479956,0.1918790741437547,0.19004610193278468,0.2126211299064149,0.22321233517703312,0.21798857191248938,0.15503129423507125,0.11878715530825497,0.08242304464144425,0.07073952356006499,0.03003419199349078,-0.07506831337380261,-0.2194184738038453,-0.4781823183097531,-0.7828363084616227,-0.9905273955408918,-0.8141775007984714,-0.5030092550558951,-0.22468734417038216,-0.10199467758052662,0.007272696621337827,0.09363451710331656,0.15120891918376436,0.1687595422143286,0.16471229582362062,0.10946916521467015,0.05299745275211557,0.017218049125637118,0.006566173477518751,0.0047383702427744,-0.009700570465115094,-0.021497262895641373,-0.0028352133404904328,-0.012385334096351461,0.0002614510146975905,0.008423383915658257,0.04157096053642707,0.06158665155523627,0.07822377621536995,0.11878296879403813,0.16299452651725602,0.17056266724472416,0.17884867752878159,0.1653140981834936,0.16345943486513845
0.12093270006034329,0.11121598184270344,0.12696704837866118,0.14175467057867439,0.1549935434940087,0.12376087966341158,0.0997666149611284,0.09153759038242505,0.08739515552075931,0.10375189206172211,0.10314068260785082,0.07518402567938931,0.06041412032166549,0.026609993614902884,-0.0017262559616870198,-0.05019110875301241,-0.10164200713686417,-0.21693727840951935,-0.4574176456128783,-0.7790900492127959,-0.9874092768028093,-0.8254168647646684,-0.5524392768774224,-0.3189016909272463,-0.17991566241111565,-0.08451573020534253,-0.015961846773738273,0.0403311549071314,0.08569560456102493,0.10534412759314683,0.14532441807298138,0.1754664351120904,0.17991966972578022,0.16623273196354912,0.1711912942442099,0.18041130677034173,0.1777782869558366,0.16675988466787195,0.1608735746689369,0.14583897094862291,0.13673619191228706,0.1444822426848358,0.12975137917533777,0.11423051964285193,0.10253202157284143,0.09471069362451198,0.10350740662331748,0.13164090816048818,0.13896030822489663,0.14642066286856184
-0.005944143852752696,-0.003093861859735691,-0.031502174915042626,-0.000619160850443062,-0.0011987906431656836,0.0038078185474281104,0.00706008943816575,-0.010240153988047358,-0.01974974670226945,-0.05200680920111391,-0.0705288703284971,-0.0550795195143004,-0.027396337713414293,-0.010793328499660566,-0.040254384842801055,-0.09186640211330147,-0.15169784230732408,-0.26924874950731936,-0.4800460692960935,-0.7887911310425805,-0.9939301819610276,-0.8306997753993183,-0.43515842394022336,-0.05464256043571323,0.21890085761717878,0.3797675382674081,0.4327707118943488,0.42717271380488675,0.4128391384851121,0.3968674675983846,0.3639451903833239,0.3086121189233547,0.27107417994630306,0.21096913261163242,0.16161601649201765,0.11395567847960296,0.09920412599579506,0.08521328906155205,0.06613565553779868,0.05214566028058662,0.0527375967766738,0.05351421166251132,0.05700748387342079,0.06077027179068821,0.05170525542927607,0.0492566415524397,0.033319490665905865,0.027120062222187713,0.007682834492941175,0.01931718708322028
0.15438076187851346,0.16422871125522692,0.1580557170771225,0.14524886748932733,0.1331222464775671,0.14277960770654632,0.14225147794354662,0.12729315542605094,0.14396965757705707,0.16315358020608023,0.14535293386253503,0.13030349598092056,0.09984067682652836,0.07812614410850992,0.04833631525390294,-0.015912901467275944,-0.11525589417410505,-0.24955644046215003,-0.45912178772352574,-0.7689422318226675,-0.9790216306991273,-0.818753830571892,-0.5293789520528068,-0.30826740154325627,-0.15953716195901604,-0.07550930702213222,-0.048902042830418,-0.04790510044624936,-0.030760556445054467,0.008565095581344322,0.04348227356947879,0.08756353444592256,0.10608137269654198,0.11305487206588867,0.11067569219911351,0.10641763035840957,0.11683248646355074,0.13280925027491045,0.16774336813565366,0.19082346390579974,0.18114680790490764,0.16972065670268116,0.17022521267796417,0.15140664742745547,0.14646154096347058,0.1325731957545969,0.1071319161770545,0.11583587197388474,0.13572751650110076,0.13610348437051137
0.18029501858185,0.14907421481313995,0.11854771489416017,0.12636624553163983,0.14329708223057117,0.13067190730871167,0.11004808149414391,0.12229859050537453,0.15119421798088983,0.15716054391472695,0.1508060225750857,0.12943289627404958,0.10004996153855235,0.06705743962620654,0.033924241493242496,-0.03499992909226018,-0.13698609003219261,-0.2728641654443678,-0.49753886247077406,-0.788627691507166,-0.9885674735558979,-0.8488715156668951,-0.6252401864591103,-0.4124924908585051,-0.244437124145174,-0.13616920148497458,-0.04708931678533618,0.02215157165182747,0.07456666740630151,0.10271262077409252,0.13685394478307875,0.15120815735316662,0.15184453180129487,0.14265003669979548,0.16980254271623565,0.18576541189272727,0.17952006350736419,0.156945436880875,0.1374636980567362,0.14385654912543455,0.13541690491197736,0.15700456243382957,0.15768227324335102,0.13643533998518312,0.12966356323762376,0.13322183339029714,0.12196690214355665,0.12708033328190096,0.14840317802270062,0.16144374544095919
0.09092814389356306,0.0864647539818868,0.0671374386354693,0.05661446250518231,0.13724689247217656,0.1952121210734827,0.19398991208659844,0.19567496181818447,0.18229452904958246,0.13613973754694444,0.17187538441224962,0.1830311528954218,0.11932171755652227,0.020590350357161,-0.052278454568506445,-0.10276447689467649,-0.17022745366819514,-0.2690256172200384,-0.4851153913006971,-0.8039277782357015,-0.9928607372707886,-0.854537606309507,-0.6024501697637176,-0.3918149129478643,-0.2443956182157322,-0.09740252924331001,0.0019714155557299605,0.0722240775183826,0.12495549739070029,0.1468830122279496,0.14376059746117165,0.13002551509999674,0.11253860861121545,0.07534124600746368,0.10155131781198058,0.088382129959557,0.10573334578997633,0.10252609495139718,0.13764540722935592,0.18090586019305066,0.2288663773978011,0.24427076829853603,0.21100341929530267,0.2136136636320144,0.1771350850850496,0.17098667940543796,0.12905715384321348,0.08012377485635919,0.10953518400288016,0.14124295572978743
0.013643627136152555,0.013037830053202637,0.01864333743314728,0.05310211237211677,0.04487562005904266,0.042127313611799666,0.04568367321327344,0.007616923650031368,-0.06087038711329545,-0.0860131516876801,-0.09221586519156207,-0.10663970909504653,-0.13747055551784523,-0.16478327628472977,-0.15999381182079705,-0.11037606349733588,-0.15270317828334112,-0.28660248025240936,-0.49750778838896187,-0.8169870044421252,-1.0,-0.7488821090392552,-0.24645894343998956,0.15663820132626907,0.3231760775412504,0.3159446039125397,0.2421519526537253,0.18579028831419864,0.13642101150123792,0.08630631827713982,0.05528538527754533,0.04190673971091921,0.06478831194063027,0.12256297254387158,0.19878563744870828,0.24369522904734273,0.2835029828936226,0.2884092097312504,0.3174632293916011,0.2905312290579695,0.2132012502977859,0.16573093528617033,0.15279994032838579,0.1283546313514464,0.1171948769760739,0.08613195888037603,0.0509782617986644,0.04574113471559718,0.05629164705683571,0.05898986926445096
-0.023603644082964607,-0.010011442663167735,-0.004312223198563176,-0.014354677679961354,0.012694320651473717,0.0028896617547198846,-0.013765227456355904,-0.02751933233492323,-0.03814387089830441,-0.04294554375308589,-0.04859529755086286,-0.048902603869830454,-0.05542094242765521,-0.07825321404675427,-0.10135542408673665,-0.12879758252511095,-0.1859595456926269,-0.28976930584949695,-0.4842063070430864,-0.7856582815584303,-0.9987111717130208,-0.7769177032201081,-0.31765656671981396,0.07115269241504585,0.3057421263601897,0.4186696535455872,0.43408356590797975,0.41503115326580375,0.384788568131627,0.34027877824104796,0.32171859104242817,0.30421264191854575,0.282610391024883,0.2540494499987829,0.20249977726591162,0.15312892422943813,0.11622313428257104,0.0918057024698818,0.06411566511801585,0.0471224461029358,0.05577918590439409,0.04739315858904622,0.036587605541269407,0.031774602097157226,0.030766058683245417,0.015068494244567134,0.012898347515880818,0.008822984563088153,0.005484318521254761,0.00746790898408873
0.04913584958565694,0.038290495638960045,0.060613442486178316,0.061653603933747074,0.07722565200033352,0.08003141756256373,0.09192122532054231,0.11639535594302701,0.11659134079232916,0.13825341342100123,0.16027700616435173,0.1556801185971273,0.18716169977300126,0.1360179562256683,0.07639038648488458,0.017312015985796198,-0.0618488633395718,-0.20207277382252709,-0.4306677090652278,-0.7595679204837256,-0.9986701888691214,-0.8566006089419699,-0.5122441675372644,-0.20873575017340304,0.00036025295645957585,0.1144810742269976,0.13832786399116254,0.12165679029342182,0.10658186241988424,0.05905819500707392,0.03126171907614259,0.023651962489921234,0.05572127600378699,0.060662875815794104,0.05659959850323572,0.052236907187946185,0.08991046450539172,0.1374459961259898,0.16930933749875668,0.1623342073496182,0.13437845830367376,0.10243032222354694,0.07446226064758207,0.07950320080947702,0.09446632336179707,0.11637390963518542,0.11860596386620663,0.1295113770119869,0.11438974799513844,0.12373505501146514
0.057555731724423194,0.06364058247507129,0.0427069183926565,0.04525443186410331,0.0666200779455002,0.06892336160830742,0.09473300275135292,0.09958223509285755,0.10579368482110973,0.10377388662637553,0.12021935251201125,0.13584987459979375,0.1537476458477207,0.1699638286778425,0.18252153387331374,0.16681343238748633,0.07876231509291359,-0.10193147387576187,-0.414750181868038,-0.789786536069987,-0.9979356405464831,-0.8265093572789606,-0.49977341837672734,-0.2195391776065925,-0.04554953662217503,0.03506305170808828,0.08155864587720528,0.10992048056589271,0.12739881464049685,0.1212267399058857,0.13000880695618997,0.1256040238274326,0.12122460260951716,0.12145431540080573,0.11919750140532666,0.11805478908092483,0.10715193979533415,0.08808542424436173,0.081050058500392,0.07633538836459787,0.06464621270320511,0.05960865113084299,0.05662999221998221,0.055592394707408496,0.04439210851753853,0.04864625429055856,0.05460806370492361,0.06167699812788552,0.06670712199960702,0.06347104566748317
0.07620560033302262,0.07433519381524609,0.09368128712181097,0.09084606578435939,0.09497238087361387,0.08631245058775566,0.093777629859935,0.10238043907985338,0.10536612696185671,0.13008482489806464,0.1304317542207006,0.10754692399283204,0.07743044896003523,0.07530863778759314,0.07369360786787232,0.04104474657308015,-0.01653347423908365,-0.18139691471566083,-0.4432148976040489,-0.7860408150678792,-0.9928428729546789,-0.8113319622743573,-0.4478091029336816,-0.13073090416118446,0.060768525852778095,0.12364221957415107,0.1176299126318304,0.10038054210714985,0.09181468183252448,0.08374620286844156,0.08618018929545737,0.09904020119464846,0.10671355332898509,0.11460206013887925,0.105040075806856,0.08823188386881402,0.07281592851600618,0.06528806680825347,0.0863496466990036,0.10372256489744011,0.10950104701215671,0.098721108885216,0.07090281624682963,0.07644034702509758,0.09315695490501572,0.1122663148845778,0.10432768378583318,0.075955382743529,0.05919914246356161,0.05004577185990637
0.08460852625896641,0.08148317878262946,0.07781031932013506,0.07732462003088304,0.07870986175459245,0.08615497157994625,0.10406022796049912,0.12041220459324709,0.12996336774841044,0.14178305850655878,0.1485757368083612,0.14763551743970366,0.15099857841265424,0.14278024016203023,0.12740267507398773,0.08097056738408978,-0.022006376086181605,-0.20825067698977587,-0.4752724522685092,-0.7931380515636423,-0.9865946086316276,-0.8417581544190547,-0.5562864660612511,-0.30543497171915224,-0.1413444381873795,-0.030595405491400454,0.04398272218113837,0.09842267192906715,0.12848549866332218,0.14995024365057288,0.1525395434302608,0.14302372815590297,0.14377271560280488,0.14213235352118206,0.14146931441874427,0.13114293362681012,0.11944109939087691,0.11096567543182523,0.11635659568111502,0.12369462607866188,0.11872632098147823,0.10835145287582788,0.09487718300851472,0.08495463357161427,0.07660792366969306,0.0805514794740057,0.07361865984324303,0.06423290761383287,0.060388890311104365,0.07231877648967794
0.1686100189426756,0.1425220841124952,0.1316106542014283,0.14152719363518843,0.0776625558796659,0.05012321948653942,0.10870126666260907,0.185179448757137,0.18493017771524173,0.12970238841250806,0.10134486678588785,0.10915933583841946,0.09128136606239534,0.11661922969992061,0.08751532815888065,0.015939568096333248,-0.11074037217586782,-0.25052434995250233,-0.5067561190998601,-0.8100226149873704,-0.9950110405905143,-0.88240731877271,-0.6601713736708336,-0.38719516517356223,-0.12394964553198669,0.07948681179862313,0.17093273070636159,0.20519574407528202,0.23469190548128635,0.23143577302380489,0.23248936106451235,0.20843432531623268,0.15685202523443506,0.14122392158514752,0.1352547339775929,0.15539311280850243,0.13327308407001598,0.07808483382871943,0.01563013918273523,-0.007025406700702806,-0.0004142622346754834,0.03316089831063836,0.0872723061460979,0.12263438004166707,0.11999307619482569,0.10075910627086568,0.04748830168317154,0.04110422207759842,0.052217918574127026,0.10878025499101701
0.11886523700128614,0.07538448896448761,0.10974695277882283,0.07800476814537564,0.08553820858057161,0.06489901499699591,0.032274402209871315,0.04745586515612656,0.03286941303915856,0.02247853217823692,-0.0065003447284006175,-0.018833301878125236,0.002285478534481295,0.016702355156862733,0.04309245523253002,0.00768849911126504,-0.046229971975289386,-0.229240865530319,-0.48199104560368283,-0.8101554361486331,-0.9966991963260621,-0.8764939657056614,-0.6050765100777675,-0.3525770487803274,-0.19187785569376709,-0.08137741966143196,0.023438559211137803,0.11994053108424413,0.15284048992392718,0.16038812593137583,0.16277989356103484,0.20513463694949682,0.2525059024903635,0.24818659847204763,0.2392223343757278,0.19792467436949668,0.16681922690100007,0.15655388586019106,0.1726725174874789,0.1643492796263776,0.1629368045675273,0.17867221006439366,0.18156033023306364,0.14613515453970588,0.10621149179783251,0.09215371806098621,0.13509743215896766,0.18625135568066992,0.19959716346453532,0.14839497421181327
0.11956346354271377,0.11074266577823079,0.09907645209175876,0.10508766117826135,0.11402456420034753,0.1304119878640369,0.1420955718941368,0.13746459881846831,0.13271030566912026,0.12224829353401075,0.12916766006029345,0.12834770522934877,0.13277975944588621,0.12714976556497962,0.11794505488248784,0.09109948805184614,0.010253018246397985,-0.15493382190550592,-0.46403924008325986,-0.8053741157211711,-0.9886913901662204,-0.8478198479014497,-0.5929084960929261,-0.3656507735178915,-0.20529283278502053,-0.0769862934437708,0.016240150818029615,0.08308025558920676,0.10658000221824886,0.11647811294303671,0.13165074800420373,0.15313602790312397,0.16112352703194097,0.1599030870714541,0.17436067466466196,0.17378227767853197,0.16368239011721666,0.15400684459471747,0.13173952789475715,0.10468831680360623,0.08526176325636296,0.0820998898325829,0.0845833065454635,0.08650343707412432,0.08466946526644684,0.07943576054456118,0.06460287067579697,0.05263802903712283,0.041648380381980724,0.0596339496177114
0.17016839964142955,0.17226055216402347,0.19279047140056732,0.1635379868861774,0.16911872493892824,0.17464267798835786,0.16878323915082286,0.14827369489699596,0.12192763689723549,0.0811699717295357,0.06550087328784829,0.06024540659522138,0.05476055030405351,0.07978947869018714,0.029382997023905368,-0.04437053882859245,-0.12229593382953016,-0.2828688203954373,-0.5347628423167393,-0.8338323191657443,-1.0,-0.8738374409063885,-0.6277163264420691,-0.42018775299670746,-0.2448090802084713,-0.14016523680608536,-0.03011255229338375,0.047159430122656096,0.06911232986014268,0.09712393410213234,0.08378561261525004,0.08028102243428852,0.07808697842316005,0.11319399696277872,0.1751867838504569,0.19560317109230296,0.15235219339883788,0.14799380931723144,0.15446137060679055,0.15216026303002955,0.18119826510372875,0.22033495935886238,0.2031036693472684,0.17135055656680015,0.15645503972475647,0.1472997680428402,0.14775235507034265,0.1633918623147759,0.17419464896501108,0.19102416228341523
0.07147674372010569,0.07662293186236814,0.07778615908661418,0.08693406313191171,0.10550780556605156,0.13274131860367147,0.150910194828899,0.13958829336746603,0.13539657394823493,0.11728306370681808,0.11972337986944459,0.10459918418508633,0.08529870876365593,0.06316923720285876,0.03143516560300962,0.011774998673351947,-0.046823719553537556,-0.21382758833102553,-0.5000821882258142,-0.8133905458382833,-0.9954155470216688,-0.8615106544072074,-0.6151809967255412,-0.3800011470301285,-0.21395350688638964,-0.10293146720726865,-0.012971814226371772,0.045455935969204005,0.10176521629408737,0.14629466368652244,0.17138240599065116,0.17020946099842954,0.1744506296844378,0.1780057740268844,0.17689301754273526,0.17269119697964572,0.1905159801355429,0.19909970488792436,0.2053916519827047,0.18310094838432875,0.16624212152260695,0.15991603570429908,0.1432535020228576,0.12139415304664658,0.10450566515278217,0.09824388287259743,0.08941159156830655,0.08404310401451537,0.08228678985099623,0.08128792101498222
0.11246047576118007,0.13180520362455972,0.12189775174211934,0.1426609066233891,0.13079017941784854,0.13053186615697088,0.13288211267065794,0.10917468028249536,0.10900876017773148,0.10627990016833266,0.11905955850841236,0.10436345438439099,0.1008549307369743,0.1006853034872491,0.10336993297200733,0.07323349931390641,-0.0196199800706421,-0.19104694482896958,-0.45062445268367,-0.7776183893676781,-0.9857802633150486,-0.8457628577837253,-0.5806087384870344,-0.34804579935936275,-0.16830933992687458,-0.05958035772173468,-0.006961096161290183,0.024262018094945628,0.05646098610035208,0.0833801533742106,0.10344569265523344,0.13566510172681612,0.15629406477449875,0.1523166915434717,0.14457477273493413,0.15254284933152346,0.16101584165736835,0.17443592258250049,0.16857196323828397,0.13999456623104503,0.11632488925046006,0.09280426148944602,0.08832515062325648,0.114462813223914,0.10248290157644367,0.08903071046237604,0.0799168166031747,0.0869793502604326,0.08736843301016682,0.09424375313294978
0.1709228115582522,0.17546511483617125,0.21563896144797412,0.20222311347525607,0.18616551113519927,0.11018701805369155,0.017979486576761548,-0.006320840536727386,-0.021742376676934214,-0.022078895049231478,-0.0475102326148374,-0.07859330918717215,-0.08517809963448393,-0.09332647473948663,-0.07860477668829216,-0.10079008682063086,-0.1954116857279465,-0.33447488135971,-0.5415411331643608,-0.8337824119535572,-0.9939357831565018,-0.8854712985900707,-0.6594359328104004,-0.4647008691619945,-0.25778807517652835,-0.08070477355855582,0.015110539717995806,0.06360898269112723,0.11770376387472027,0.1120792174309135,0.11542666648768977,0.12014279013496446,0.13304775507603037,0.1847232260747029,0.256149434250355,0.34803141426806095,0.3707106850973304,0.4107811610304885,0.4335690735542658,0.4286580249347525,0.3171806051274057,0.24487073117242653,0.17052799947501587,0.1470622438154218,0.17602161989959322,0.13254660995927975,0.09752650056113953,0.09685574547326312,0.12396525124721798,0.08650987816995472
0.15064182851930663,0.13887667016663013,0.10330258557271961,0.15621970296381205,0.19901952531598818,0.22328989461427268,0.2278597451501226,0.25780983796371604,0.24384616356435215,0.18626920199926061,0.1698532616188187,0.16470006404003007,0.17726673511114863,0.13068775544935793,0.06430658426218053,-0.035252425936246085,-0.1338380203114396,-0.31070416426989655,-0.554094647606661,-0.8349355594626695,-0.9945303275762651,-0.8616677921947822,-0.6157591588685652,-0.4111908888971567,-0.22913150855465453,-0.06488479026467216,0.036770436106881466,0.13293875965893648,0.1609976346611643,0.1487254929584463,0.13361615566029075,0.10396616153312584,0.07766234419960882,0.04949850114590479,0.01755686088705875,0.007812530652738311,0.030302255894231866,0.025537065342812693,0.030654239952047767,0.0344283685671262,0.05714954477363967,0.07670790584536132,0.10410374170961034,0.13635247896522112,0.15979119592297097,0.21417535942939803,0.22449631162470363,0.1854834047303098,0.13853749780352198,0.16477547960618127
0.12975259349945903,0.10981588244078652,0.12998659464871656,0.14361312748400176,0.14712883508507857,0.13309380536382792,0.13637086466661377,0.12310419830714707,0.11590058422439446,0.11491217805937333,0.11439134395290237,0.153158277427217,0.1679696009466177,0.13792884560233204,0.0849805363798996,0.021811198969519198,-0.08283634689574412,-0.2656361955928375,-0.5487073116265426,-0.8377287751951666,-0.9902701045799583,-0.8392621326153609,-0.5570782579064625,-0.3375673212683007,-0.2052786761418172,-0.11732921937303478,-0.05402502979894493,0.0006951316823854961,0.0547214561060045,0.09879173913279628,0.13712862372045936,0.14634798241379104,0.14708181100594167,0.15452386961739878,0.16076724495813885,0.16479836796390124,0.15087814743469147,0.11727514306413175,0.10055106420737422,0.114973351636989,0.11372129164733788,0.12319745628756551,0.10394526454769319,0.10028232905667964,0.11250388621838717,0.15035055581843698,0.15492955247604823,0.16989029135895575,0.1587059633338655,0.1357403802473091
0.17321099637132015,0.17416610064022142,0.14132786668787742,0.12565825711913017,0.13291049932273757,0.13277575733623762,0.1323749000398312,0.13105043656311943,0.14549729731670605,0.14095763503751066,0.16191867121806108,0.16186089646190663,0.12359501143013693,0.047223148463257654,0.0013467814746550353,-0.04484645024511788,-0.1383433486584681,-0.3228642252857863,-0.5628217730926539,-0.8321912346460333,-0.9901701706584132,-0.8498295613975267,-0.594986980393903,-0.37833432303746783,-0.20892734421468814,-0.08527073729446058,0.02631603902688324,0.09331647880553076,0.13918884458494277,0.15118954117008385,0.15349425131459113,0.15736825193999385,0.16076277644301312,0.1358938496890182,0.1295002618402151,0.1333365916725852,0.13103314548488557,0.12858031860203617,0.12240104887956209,0.10583725329131595,0.08590245462837921,0.07169220285931653,0.07355731295048484,0.09029120724378438,0.12315175418644111,0.16032199865344812,0.1825169061920704,0.18552069448927283,0.1779453677726165,0.16359334172133902
0.2268225187234311,0.23115952967888487,0.2343180181493278,0.2593183831576211,0.2646973710602679,0.22624921200194267,0.16804324133716914,0.14500983259845437,0.10560276511674563,0.09089840551974877,0.06863583197747304,0.06255894610254402,0.09570614844062734,0.1000516394544955,0.07531364936947933,-0.019530872493857012,-0.21120633831000532,-0.33330041684276807,-0.5503190938183062,-0.7896050150890203,-0.9896723646723649,-0.8278199542477093,-0.5274237099911946,-0.33905908783018895,-0.2162585727668483,-0.14057755739142067,-0.09370085468225371,-0.07193266351189033,-0.1456707848171182,-0.14302602685270502,-0.03892337941383157,0.055498049201657115,0.04424638831980306,0.09929354959810983,0.17680827440672645,0.1781152120451101,0.2297907246007484,0.20926573661110354,0.18670779156577808,0.1708192061194984,0.12712015241743407,0.1558480164979535,0.18821164749585564,0.18288478307765713,0.1745571856704109,0.16330509605315416,0.19144329806420332,0.2081047203310505,0.1941059074886882,0.14751546047832712
0.09942242179909683,0.17424752437233174,0.1796699679917121,0.1573783350390865,0.14404986242538317,0.14218567432973495,0.1092374625489695,0.12065326438266141,0.15625393394250206,0.16894113817757775,0.15085051737852437,0.10060813619836412,0.034752455544433875,-0.009772697666528213,-0.010500379789359738,-0.04901376439694304,-0.17183025532647836,-0.3498385334787956,-0.5850460742981702,-0.8589838345593449,-0.9812047777257926,-0.8266388172370099,-0.5434344315873184,-0.200029699849048,0.033463456357369664,0.15486958396026526,0.1851604338126691,0.1553466542954138,0.13246991738802802,0.1383953477695526,0.17546840809641198,0.19508687992029838,0.20853430341265256,0.15912002566457795,0.10121310506172393,0.06411108719957909,0.06968176935471308,0.11912036715510618,0.13278013720957996,0.13167805531910237,0.13392764071578864,0.16298405162240956,0.14127338035675588,0.1202960173760918,0.07068674600049439,0.030422644835783885,0.0014074915532863615,0.0008963219586712711,0.0064052890616337725,0.023243456326450904
0.09404690138104034,0.12102301785993387,0.11763746285820986,0.18004514681770312,0.1623929457083265,0.17477440877422246,0.14748787846716005,0.14922316128909444,0.2139947120488057,0.23344676999193462,0.2073112148572984,0.16385828634825436,0.11835600373217993,0.08084114320424747,0.05267397672284227,0.004457239754210498,-0.07384192866243797,-0.24830220932220487,-0.5194497616625479,-0.8111047655949218,-0.9965641287687883,-0.8748236377400542,-0.6018061371531478,-0.3230831188753997,-0.14544889062159097,-0.03826680265476857,0.04070744190018444,0.0674986045290972,0.08751219590862638,0.11114291122984221,0.11218193114951498,0.10408194379556242,0.09113028807468525,0.10987343161532097,0.1156214687580745,0.10036024264300789,0.11641491612154706,0.12783462024025694,0.13314024185007758,0.1290399271285761,0.12265061202499598,0.1276273672722858,0.1277075817686732,0.12061539043454234,0.10532021812894707,0.10798128989389999,0.06860815744946051,0.03734639920175917,0.058566960306405784,0.08815696981505432
0.11383841718850159,0.11358082216209875,0.11238827571034447,0.13871983723911976,0.15558395173152806,0.1558562756018687,0.1461847510394823,0.15851253376217767,0.16038715089068845,0.13423330114121979,0.13919262624033946,0.1307462573620605,0.13288711362741362,0.10977677047680759,0.05819563141453276,0.005327336139366555,-0.09001019218252561,-0.26669092779335746,-0.5114421669671521,-0.804479113180589,-0.9858292946070989,-0.8432036275065325,-0.5836777218264334,-0.36581761345301994,-0.24010327838845633,-0.1548046987976368,-0.10142913362414985,-0.036436544435850864,0.026317125255367325,0.07591671902206801,0.10710707220797794,0.15866721545955526,0.1855498759811713,0.1911046184586082,0.19188654935914518,0.18794709430265052,0.21192550100243054,0.1989558422971819,0.15199453842845437,0.09875632591009813,0.09309082864221815,0.09341806430916805,0.0998896851592345,0.10870166462909588,0.11983645593791828,0.1408968385220472,0.15044804869109127,0.15148437310516483,0.13484221204261881,0.13977661231198646
0.08383820032738515,0.0893676323976765,0.06024433953805675,0.063568929071211,0.061237827258246176,0.06601848209795819,0.0823768683856882,0.08720630320064601,0.09508229545687152,0.09204251361048833,0.09087117009431206,0.08437648126330463,0.07134764042677091,0.047564924229390466,0.0584303994747745,0.0632148591489069,0.019245303089090126,-0.1391269962943388,-0.4394534519213912,-0.807927524958243,-0.9935492402330495,-0.8674294081557197,-0.5930944712104355,-0.3387738105646322,-0.16404264415928482,-0.07037038866454057,0.0016605205857787508,0.0531718077909123,0.07576166454759234,0.1036896643965526,0.12435377953300444,0.11420301911710555,0.11460148934450416,0.12887496055990855,0.11437970900699541,0.11429537751958527,0.11201809696811281,0.13915428673980215,0.17851628879592882,0.19039912951077945,0.16993267806337034,0.14102875519192012,0.1379795212885628,0.14018170771278005,0.14949166376988665,0.14795551988324315,0.15057599280828532,0.184327896368632,0.21400618467528731,0.19717405291232806
0.12705719863265608,0.11470580477234688,0.15821159585733366,0.17136550434689304,0.181598881739098,0.15444574186712345,0.14034874643137793,0.136439426480323,0.15578656807226454,0.2124085990832096,0.2296785047010425,0.18743159343308805,0.12442360132241118,0.056131437651027065,-0.011450970176707482,-0.09617006723746518,-0.17974363433943372,-0.34123844426152977,-0.5800188811834316,-0.8258545758765052,-0.9759310728403199,-0.8539428824834255,-0.6090432712060289,-0.3722918266404855,-0.20286633097276854,-0.1034995953097326,-0.053607244929000285,-0.03149372703350522,0.030240895438865552,0.07832215830170416,0.11279701106234023,0.08504801923030093,0.09659114742106684,0.12654840013302623,0.15110505573063526,0.14367550393488596,0.15331837109889573,0.16385719001950608,0.1741846996736955,0.16875097108700174,0.15703535965650045,0.15636928600201927,0.1534431999245617,0.1559022799476529,0.17670153037852204,0.1886663491851067,0.19053622578628526,0.19075032073963294,0.1398576695980132,0.09341767574992568
0.026862002515763126,-0.01965377742966415,0.005300148697706643,0.04312637257828383,0.11115225762817992,0.1923987378673369,0.2100744864035817,0.18063709223998778,0.15777956895061945,0.17040016650068127,0.1906868758058227,0.22862751002695697,0.2388478610522416,0.18037314030862175,0.12356858437106334,0.04446845135250491,-0.04813605023049366,-0.23527534638241904,-0.5243143461675216,-0.8356188296145238,-0.9915191674328601,-0.8869029648436892,-0.6300961046124273,-0.40944612100316446,-0.20481963810680112,-0.044968138010200075,0.08024233687818827,0.1670314825382236,0.25884613001649814,0.30619426957040063,0.32805843397467227,0.3158585059717719,0.225775468769894,0.17860931152722395,0.1293868332349915,0.0907069496861043,0.05389695187158194,0.04160924966190501,0.021856775827328638,0.018414965350354286,0.037576918533441465,0.07184254554983278,0.06779970422467826,0.07553739541149045,0.05583857940499152,0.04193092218442328,0.009997274322435062,0.01852404011897839,0.0495520134494395,0.0813601694555638
0.11947601258484027,0.11629647187311203,0.13984434827041126,0.17268733041436052,0.1464307440198347,0.14259896090369806,0.12095627578577553,0.09934925965273252,0.08327994069003389,0.11461869099793719,0.11266095148507783,0.10711719511572249,0.1443658106203739,0.15145263385771915,0.14910683865755467,0.12152974409226212,0.044197113412692925,-0.16174917243297143,-0.4745309792596529,-0.8082850120193853,-0.9937268496681838,-0.8924381418480211,-0.6483402128927613,-0.42223230305713766,-0.2866822495281872,-0.20209140439651344,-0.1424085496240853,-0.13225159788906451,-0.12560112952602331,-0.13130015211741397,-0.09311985102179259,-0.04958626463039108,0.03462490842260741,0.11350869145026242,0.19210087691507666,0.2442714615712506,0.267273729879656,0.2883798053639729,0.284219366271234,0.25829797262438103,0.19644814194633747,0.19103948082638042,0.21568529940418382,0.23039403516952642,0.2332882382462022,0.22129292121279495,0.18109576139319572,0.15021236106750238,0.09860635424859034,0.07763614146429049
0.07359229928309294,0.07960057632075695,0.07301458405034757,0.09224638639701732,0.11385583202743497,0.11861310108548258,0.13267992676380025,0.13410699877526053,0.11993425283791613,0.1297911863059961,0.14256795264820446,0.14997456320428662,0.1436413517215964,0.13504873994821867,0.10246028570848001,0.04866668927477877,-0.06401182901799185,-0.22290307481106833,-0.48769537171271005,-0.800937422944067,-0.9959690465014245,-0.8574210388972551,-0.5994089564571299,-0.3616413718600845,-0.21141092145297136,-0.08263074273995495,0.018769014788575494,0.07718776747576929,0.12516290283592996,0.1487849458842855,0.16241956763650975,0.17110858304614593,0.19514528299891898,0.1833799443977545,0.16731009896867455,0.16753761147773702,0.16334747279779477,0.14036905386681675,0.13544614631012802,0.1256283291620899,0.11113424594587742,0.10290789708002526,0.10022584805471618,0.09099963698586916,0.07898707187796525,0.08006828960605902,0.07387429030818256,0.08452344218415433,0.0902377518528967,0.09967985449911168
0.06187207199104955,0.0713079905863236,0.050859615325479196,0.06818603498453445,0.08049071460536644,0.07019543239297474,0.08045213527188329,0.09318437642695293,0.13194420352747752,0.14112286780148875,0.12490655452549781,0.1123931401258009,0.12309726955211196,0.11672371311329714,0.0898449982759683,0.04004725843380386,-0.07674434409466648,-0.25809024823631915,-0.5188366017740283,-0.8088486107727387,-0.9941825957721687,-0.8803239957866638,-0.6263613253661982,-0.37202644922244504,-0.1677851773681079,-0.020388697976482788,0.06414195772408934,0.09196581299899413,0.13470596829499634,0.18502905233801833,0.16543598522634265,0.1387962620024289,0.14788972893671545,0.1525657009456402,0.13456334912560844,0.12441923901926931,0.14793612379226445,0.14388046588810174,0.15260056737740627,0.14259074861838322,0.13101237658074602,0.134383265629786,0.1594143500450943,0.1711281552884684,0.15750468848234517,0.1426702800873533,0.11694920787928247,0.12126415030164936,0.10447799440189756,0.10163423844492765
0.09167219070063423,0.08679545238356938,0.10029820783368468,0.08523946332519079,0.09873557178669838,0.08234272283836594,0.0967638103158186,0.12068253203062011,0.1427855129832827,0.13677409549364702,0.13541573246531535,0.12317628242297658,0.11789620377625551,0.0990905653447962,0.0636817606349562,0.03183590075358767,-0.04028200450532641,-0.19865774888970195,-0.46250670686632894,-0.7914548066588895,-0.9973567434236383,-0.8223125611859958,-0.5117172129108549,-0.2534849852360125,-0.10135583975855884,-0.013591682346499536,0.030809863472259644,0.06287048766054668,0.10367021536698949,0.1193073293398875,0.12445762970649957,0.12142036611064076,0.12220468122962604,0.11644850787078415,0.12228693075319641,0.12563121437567729,0.1238143584657767,0.12539067369458706,0.12150276488645825,0.10832924016534903,0.09602945610614995,0.0861579295144103,0.07470107690159072,0.0758037696975301,0.0881119797429418,0.104508872009886,0.11497784470402515,0.11898988948191293,0.1317057515687556,0.1604034538669264
0.14472597218001412,0.10733080273276065,0.09561257822417464,0.09071034406849865,0.08133869764704726,0.05699769329020947,0.06179314749208594,0.07267164677331775,0.09039929001476134,0.11822756846882138,0.12664795186096545,0.12013782303173594,0.10262219344470254,0.114582852178209,0.11825336563959282,0.07557615024057852,-0.019842890077146427,-0.19788269969605687,-0.473689283573068,-0.8012436829770727,-0.9905890758527213,-0.8246864479540797,-0.520395760452566,-0.231879533926733,-0.051359478417927255,0.014964768858761983,0.028680329620444187,0.03918415923747442,0.07013000056455196,0.0944131293513134,0.10834014210248814,0.1265015791511525,0.12689422577514065,0.09746029906322279,0.10111003588765685,0.13126972745327284,0.17312323841711444,0.18884067534660412,0.18305711117956336,0.16218161634931386,0.12887876114730962,0.11010541212774529,0.0843585710954328,0.07074607380044934,0.06978877077835358,0.09738432428391235,0.09265753419332244,0.09461801355170182,0.07837222482179365,0.06088005148180016
0.07075308681304818,0.07137138175024535,0.1321590495838685,0.10489715010011173,0.0954595014987994,0.10732524754849805,0.14685552538369231,0.17191617823649297,0.18440327296642897,0.13654482681706223,0.1393262954161546,0.1341281005252831,0.14468781073553433,0.14221803646615083,0.1306798049362225,0.0457422113689997,-0.07751713182928162,-0.23940698842297534,-0.48528157276900336,-0.7993622546950288,-0.9971098265895951,-0.8586935869571121,-0.5583781683758855,-0.2937320204945076,-0.12653053412789106,-0.026371777910934667,0.01582173227133079,0.06320087729118241,0.10851253480350949,0.15688387525930017,0.20379969642411022,0.20153761796161718,0.1976648656411822,0.155822287644373,0.14711920356420585,0.11810635903197102,0.10747551107845811,0.08258979720288707,0.07690881469117714,0.06271854996763887,0.050450937848479246,0.054665224098599204,0.10385036813342428,0.13095665870317189,0.09051375380587495,0.06272465526205584,0.04830438893877708,0.06816968942435596,0.09380112561201555,0.10231785736592468
0.08336780104015448,0.05583896047580688,0.016357444275663078,0.009972599170952437,0.007329896581626774,0.04654968067331876,0.014079194340585492,0.01896749411947874,0.048413018950293596,0.020945215998120915,-0.015591321768799852,0.0010779988848255964,0.0349473124738905,0.0695960300096504,0.06495907931530766,-0.0031276001116489587,-0.07769116095096947,-0.21843625366345978,-0.5064608288609123,-0.813104985897425,-0.9919730550120229,-0.8582954677432485,-0.5889769013270557,-0.31632877396120274,-0.05702901463427663,0.10461274487922466,0.17880005003466232,0.22169606594357516,0.22492752991156387,0.2196673957004859,0.21318796101843432,0.21308160677929114,0.21208742446239257,0.21696467193478938,0.2427145201788877,0.2828357439221193,0.2854979935950428,0.2276115918270192,0.16396926869414893,0.11268465714403741,0.11047543465119385,0.13341889122730152,0.0975794639171916,0.0391524615585878,0.00287432816380584,-0.003210117638449944,0.055278675590035145,0.09587351387755885,0.13911607016453628,0.16371569008391054
0.09728053740979216,0.10409936525530585,0.06561748314447946,0.08530291409964827,0.07532200316395551,0.08428538000409277,0.10018938034920655,0.12617097408624772,0.14397297035342535,0.13522133219147062,0.12030411881670594,0.1088050493874998,0.08502901337220273,0.05688323840429669,0.022089379548342124,-0.020523661703253707,-0.1015833249002816,-0.2561795726439118,-0.4876880843685237,-0.7887048922750212,-0.9924331140961308,-0.8363896404849135,-0.5466210828123859,-0.3094186933325202,-0.17467312463574605,-0.05490268170275354,0.04874407746572795,0.09987010729733727,0.1328948881804134,0.14792230303633577,0.1686839623524677,0.16471726722490215,0.15403305384182958,0.12601940691491043,0.13408882966524985,0.17182661774364405,0.2063254518439814,0.22633697133947572,0.19327752210925633,0.18046328535844558,0.1731696199506315,0.1548275378029275,0.11194620630028852,0.08942335977142356,0.08937134613650062,0.07699822720322652,0.0789380683300085,0.07430766592038802,0.07835694081988143,0.07600201675951701
0.07668000437108348,0.07168969222225903,0.07960918050421346,0.05069982981418739,0.10464858353432491,0.0863472663037589,0.10824037686386684,0.13646110877504772,0.14470525594442504,0.10914041398103969,0.11345574575551595,0.12477067419417986,0.1458220507147921,0.14291910199221938,0.08580610180024834,0.028646987874969478,-0.04489577072675275,-0.21442236431738795,-0.4959962079020953,-0.796697465823343,-0.9889492257868876,-0.8292007183392515,-0.5898136337821486,-0.3705822614232868,-0.20961988627270262,-0.10761277776280498,-0.032291217607371844,0.013325857045760522,0.0438048701087619,0.07458995073963194,0.15583888417883515,0.17205629307000744,0.17156233213714667,0.1499945553523072,0.1458817338105952,0.14506602729612206,0.1801784752027036,0.21417095258891056,0.2078261570083486,0.1667562693289905,0.13291173288006847,0.12430002397070095,0.09368742974603492,0.11872865452867548,0.14833518964923217,0.1685965776489589,0.14446226881937566,0.10091459074771997,0.07254324749798745,0.12490708174102669
0.08057888289500578,0.0934716528580285,0.06144002492236321,0.07525806087039043,0.11141040854395019,0.1120330510872099,0.11062872951188617,0.13025097169596117,0.14547941563733435,0.12223599992349897,0.09572971600696499,0.06958399219711298,0.07100895862270669,0.07589215069659917,0.07899273258437653,0.045956400018130165,-0.04441678176774498,-0.17692726587650237,-0.42947740127455664,-0.7666290579213382,-0.9920689269738773,-0.796075085726818,-0.48764907991670237,-0.24061912386939519,-0.10068272588285156,-0.03327089718136933,0.002138846204650618,0.02249488806579408,0.04498253513081718,0.06156962653937874,0.08997732045068337,0.09448753948117254,0.12109344756486748,0.14558998779424986,0.13705889553202671,0.1496769242667699,0.1647046840299219,0.16353197249490956,0.16369514833755225,0.13611804705515537,0.12330075495883439,0.10286922064309699,0.09516319467295613,0.12449374169224509,0.10985391798086697,0.09595767482180903,0.10692944080176219,0.11239087949032356,0.10867620655873896,0.11111030375105398
0.13924101345507203,0.11892425956233554,0.14273838226688482,0.15849830070194806,0.16665668856775107,0.1878353369916275,0.23535529107507963,0.22509967275547138,0.18268411453389344,0.16914575097620901,0.13995913935320353,0.12470432514047218,0.12563428349506825,0.08238350183639745,0.041941359074010545,-0.005292479799969736,-0.10888317553197294,-0.2775393860688556,-0.4714397212450378,-0.7731612696292695,-0.990423383106031,-0.8185047261723498,-0.5070472907373149,-0.2690850983800533,-0.11344612106204553,-0.03394399877423003,0.0015634291712009053,0.011726129685148478,0.04210984789930668,0.07773644001011093,0.10750295795442037,0.13780995606434132,0.14755259463289855,0.1421446944882942,0.11314169363595433,0.07984190956770269,0.08441052313702882,0.10804033679914975,0.13215955277712144,0.11012939702747353,0.11449028682481328,0.10721064504332742,0.09722131118599416,0.07376691601600702,0.04571047064871416,0.04624224731004416,0.05710193059749885,0.07772015030057673,0.0840171315324263,0.1286146784121515
0.11342740610004612,0.04303485099656133,0.0789545493291212,0.06132426795557039,0.1305371560888634,0.14517058180262427,0.17573683083500982,0.2041677279256358,0.20726546874324128,0.20345053391738868,0.16737959924477178,0.1255653066044034,0.05976691884251349,-0.008189982115493499,-0.08087114702431243,-0.13094311415970794,-0.1804885864962303,-0.31318814828927843,-0.5329378048396914,-0.793610394000244,-0.9778945663386662,-0.8123669158441492,-0.4935830238301233,-0.27630306022865453,-0.13951319777990087,-0.062194186321556405,0.03220190052960454,0.08928437862292493,0.13346864904327954,0.18893149995556038,0.20415702981229342,0.16550063286810923,0.14185031798818146,0.14283683768345587,0.12444644674787347,0.1179941952868607,0.10740538367413911,0.08227690511232422,0.09233390378123359,0.116840116471832,0.1202536387068923,0.16377574284897184,0.16725206947419588,0.1528225025398214,0.14075950838253445,0.13246697124575282,0.15966249101826108,0.1437043980740507,0.10649298313183972,0.0595844258822652
0.12699460348547847,0.15069549002598398,0.12420460869717469,0.11787904616659492,0.11022807332999847,0.09943093375612885,0.09023565006714385,0.05160213537013233,0.036738367174681194,0.038080735016275194,0.06832953299618172,0.09205847716719757,0.08706347968837495,0.08844984464546299,0.0954371580847899,0.0469754310966572,-0.05691049013619215,-0.23457290936793568,-0.5097799667956657,-0.8077378619938236,-0.9968081925654333,-0.8473607556833418,-0.5405951968964868,-0.2672928981965721,-0.11066364489383336,-0.015328938616404417,0.06874615228852053,0.11032005514608897,0.13679051280710136,0.14298972728369558,0.16913227659346655,0.17170654300160687,0.1495154004709937,0.1228500708082529,0.13390962581935814,0.13134182738387795,0.1468244417226329,0.13850818758681072,0.10788690387889081,0.07930040646485723,0.0516103722259529,0.05331445309121652,0.05483125480223801,0.07973443870172953,0.09197087151959123,0.13245959610014826,0.1562106872444859,0.17970863002864107,0.1795234166043677,0.17346143680290718
0.22214740424044302,0.24821987946957477,0.2922563092122564,0.2904425008905374,0.2643208869518394,0.19690218321484595,0.1480978130314448,0.1363048376278252,0.12450545001862925,0.12407041044054792,0.1404048668508825,0.15414401880762382,0.17491563591352838,0.15529074044028848,0.10010737387203757,-0.009732666881773195,-0.1316750321964663,-0.2604410632889017,-0.5010146916548475,-0.81266591123199,-0.9959795977853765,-0.8406715410921632,-0.540721735714361,-0.24302124080762963,-0.022124182432710335,0.047440507667283596,0.05103044217019839,0.034024127955006256,0.01982604142280897,0.008793153419320356,0.01972603497495103,0.06178307530812276,0.06516050646478574,0.04486736547467411,0.06933767200336816,0.08947240842764147,0.06299402653711278,0.033971832453990686,0.011183492044046915,0.030925631139488916,0.06209663307967108,0.1268543044262561,0.1364869356196929,0.10201890745353069,0.10312634982051892,0.08513149106393261,0.07852335843471944,0.06594941180676579,0.0636204910624951,0.11157315187353163
0.09173042956493561,0.047835179881899,0.042879793598546365,0.07820527374711465,0.1341533638882501,0.12772799438015087,0.11225707966739344,0.06564366736928869,0.056781257079803436,0.07512526422354528,0.09383764738832616,0.08828363698052343,0.085661612863575,0.0797155742230767,0.05417987984388824,0.005660466709802625,-0.06465239881073234,-0.22754969149308132,-0.49104579055217035,-0.7998285054166047,-0.9937914936041562,-0.8391642436346021,-0.5160927584500856,-0.18582709536827954,0.0544588323218109,0.14942846755206593,0.18266201200536092,0.18386387647205812,0.17382867177700695,0.1653825576151177,0.16647408663129237,0.13930996354651973,0.13352697793123558,0.11809989399988303,0.1193460262246973,0.09518448772770667,0.0505252838095281,0.028376794568362285,0.03603923471285661,0.03303293457210549,0.033274148094148026,0.054312156568727434,0.08079738134526034,0.0928620734000811,0.1027923034943693,0.11649752519881133,0.12067535906002606,0.14589785273159392,0.14491223712212176,0.1567127174368456
0.040953952744910115,0.03561512156931919,0.00563472495605049,0.019223840037555815,0.029334602487389002,0.03852778569455318,0.045403411482065156,0.05935811769752255,0.08449286060265217,0.1094092911821453,0.16423475491754172,0.185419537619548,0.194932720506267,0.19628575415382066,0.173420915802753,0.09968628124361817,-0.006404441186077546,-0.1956298255298904,-0.46724680737053076,-0.7977958103397771,-0.997267115021344,-0.8886657399442736,-0.6416425214618702,-0.37159405634086384,-0.1581647341371965,-0.013518918165084293,0.07722998039995949,0.1497825229707677,0.16438800245202162,0.1574696524365547,0.12550101003162625,0.1298289770058867,0.12940952398716074,0.11842275758324762,0.12572576916974562,0.1325674991656165,0.13150652263506019,0.1374995311611887,0.16876314126766268,0.17525783510744608,0.16610687154835752,0.1629973154959982,0.1416945567005147,0.12424267801302473,0.10669458425986514,0.1079598591897231,0.10280301485203158,0.08435804434949501,0.07286211057645825,0.0629245364397839
0.10814132411940088,0.09261956658846322,0.10340739024018901,0.11780795120829055,0.13714750143848758,0.14180339550608578,0.1675432949968759,0.18378534276588016,0.17816367874283373,0.1475113286751621,0.1333515078936027,0.13463819721988496,0.1297822597040477,0.10491204689290576,0.08252787599468471,0.033580362049568276,-0.06161035663160049,-0.2303814324070259,-0.5064579708227698,-0.8182223768806596,-0.9953542738474626,-0.8774621554343529,-0.6251510581679198,-0.3922385293758494,-0.20723773238362786,-0.0784442043515631,-0.00014768422326042282,0.05000599793342423,0.08274270687600346,0.10003287593209138,0.12139764889446965,0.1078874791450565,0.10575336447856713,0.09748214213938118,0.09358305316485141,0.08686711954818463,0.07966800900080183,0.08017125105862134,0.09558311075917633,0.12354550328810665,0.11813918466366577,0.11914081026632921,0.13084297208824305,0.16640298863166703,0.17744967689645355,0.17290375249823506,0.1647888824573545,0.1751642876678075,0.17879604109739264,0.16763589200384452
0.15958863628876704,0.1571804992058201,0.18466537616511927,0.17253593619635865,0.15392188578514968,0.1717251700352035,0.17997137653981057,0.18983774715480695,0.2039932784718754,0.17624282872975455,0.1466579242595454,0.13731854225336335,0.08172690406794779,0.01812301697797639,-0.05772016177833456,-0.11695531145312099,-0.19597328571858397,-0.3345948536117813,-0.5572238645068468,-0.809192668446667,-0.9855083553786909,-0.8688229512687429,-0.6114530566867699,-0.383272541146265,-0.21164081213980374,-0.07553163454510609,0.016744192996170103,0.050616791156239,0.06785605946250514,0.0630502057976035,0.08020730625190901,0.08244439891009922,0.0851161124956268,0.12034295963241348,0.1699935476781968,0.1993444634008597,0.2172558124324947,0.22184859350819847,0.22465663260752014,0.20534641064359754,0.16886934860003666,0.17292765599109775,0.1635415443466157,0.1555802063423006,0.11015161039287018,0.09520074319261498,0.0729014494514592,0.09269796621608234,0.11600921433086088,0.12169714871184353
0.12429213807580068,0.12160270172957723,0.11849567769404554,0.09704178116741344,0.11025004008053933,0.12129942226885947,0.12894105236370515,0.1390142169940227,0.150190483036565,0.1419431178263724,0.1376278927804532,0.12427568993799945,0.11507132460770142,0.10834510279201102,0.09368038718629726,0.06031643096922088,-0.02379457620773992,-0.18653321460805647,-0.45495904748708416,-0.7841420182761315,-0.9931387883640831,-0.8408497056600394,-0.5591126708588735,-0.32407665369699423,-0.14939515934832565,-0.028240671108506525,0.036420797661534346,0.08103797200220629,0.1066133473781066,0.12539702835715458,0.13967926605272707,0.13262221852468237,0.13434626877219719,0.13882509594039588,0.14619294797411933,0.14568661632675003,0.1340728680104099,0.1253446134774703,0.12895185629045824,0.12712225558337767,0.10372372114210075,0.08688316075452042,0.06691333073564218,0.059459466901882474,0.050715341640305486,0.06250534787977441,0.09020173390191974,0.09093619729590131,0.07282902602303402,0.0653745674785792
0.07961240885071975,0.09531206196389193,0.08553354803910453,0.1019943530719445,0.10317139296306768,0.08919610026347458,0.0934130561166364,0.08402488674782703,0.09129686436775261,0.10047636414185251,0.13889166586099008,0.14038435572594882,0.1007721185871649,0.08825177161821039,0.07883005561318301,0.05327158000263006,-0.011757502892273647,-0.17338906350468972,-0.4541937443976137,-0.7952792663483281,-0.9914591515689704,-0.8694350295796348,-0.6169549737480815,-0.38500243735155776,-0.22547829007773015,-0.12355620254584962,-0.04281738794880094,0.015007717458610032,0.04176240033655066,0.056909174576233734,0.0685106647112388,0.1088142788865373,0.12903473418698486,0.13568589875177245,0.16843899780519925,0.19969847866185786,0.2240569934598563,0.21875713768117036,0.20226070817886901,0.19390940867890658,0.18698016854484767,0.17898939309378964,0.14842564117712181,0.1356120841833813,0.1519115638338782,0.152342752585326,0.12882576442997926,0.12605321804511774,0.10547354797568556,0.0874297387862173
0.06939070872192526,0.060454449225593905,0.07225897775534018,0.12460399920656001,0.12135418793003724,0.08137448682661318,0.061292530722320236,0.066995523107449,0.0627299447824628,0.0514466851202568,0.04656528524312414,0.015333300227622236,0.0023742529379217198,-0.010442470529258376,-0.04321080352943214,-0.0960898687203413,-0.18466926247252127,-0.3193947077942342,-0.5768001650651013,-0.8562500642365666,-0.9988947222989778,-0.875540418371389,-0.6022727607245721,-0.3132609929877785,-0.08954784527638612,0.09819132076683942,0.2613204186913861,0.37636918782175066,0.4318534385889494,0.44098295735216714,0.4092283943361703,0.3702204856821448,0.36356167110822796,0.30325493586880015,0.24230643146100747,0.17701024639192797,0.14056147168932678,0.08507769733890137,0.0234930246554987,-0.017338125132972046,-0.006374798438497989,0.03862486975762302,0.059675986597996604,0.07368703382383036,0.07082898109173077,0.031098763029310993,0.01525379596246546,0.02902504316727372,0.039282586025253696,0.07300393256221928
0.060193193881189676,0.05345112772146176,0.079284300587884,0.12441859034850371,0.13315688750797156,0.11685407959595184,0.10673996396979508,0.10318479797038276,0.07845138507921756,0.06538462410717746,0.07646323890575997,0.088756172760912,0.08087498506527514,0.09048150911981093,0.09819806474587457,0.08839697810607001,0.028584864994921907,-0.14488436402397079,-0.4552836669451928,-0.8049165354844698,-0.9926486434300963,-0.8650390501491673,-0.6015459770639848,-0.3482739897026658,-0.14628166104999582,-0.01283657700623054,0.07692132175129611,0.12859190257372705,0.16098766883458368,0.15802609289426506,0.16346284383772816,0.16804959827522892,0.1840610128381231,0.18962199124111442,0.19126549355736078,0.19316551165457468,0.18476800033824517,0.1687881867548659,0.1378160773957969,0.10414716993023654,0.0819700903861615,0.07389681474923789,0.05211412346835458,0.06122207578086501,0.0646679177365782,0.05503200697186134,0.04808605544252093,0.05822876149738639,0.08966916349885072,0.1042758189786511
0.06701473471459753,0.12293549595170922,0.12389278058458196,0.13737633038047672,0.1412021818483864,0.11517691951511487,0.10544371203313704,0.11404154730329188,0.11347508328416465,0.11350492497851684,0.12377688918579242,0.1336385004657567,0.12879195323465076,0.11488848948734046,0.10222304544258504,0.10484692016281642,0.029641923419057612,-0.1944118976505284,-0.5126821417104395,-0.8085378610916244,-0.9981206526373131,-0.8557972008288157,-0.5900361914828173,-0.35031209639128436,-0.16519271398211424,-0.033524255510273486,0.042852142219325186,0.07157854071559026,0.05386812532977662,0.06047334857174045,0.08937665001885695,0.10417018574049672,0.1264313972070085,0.14651319309125282,0.1607760955234786,0.1672992372695375,0.15452057915241982,0.1422844892416416,0.15193408678254838,0.15683699937434523,0.15060181469776365,0.13077856232694363,0.09790055084667727,0.06446474379878885,0.05559610034862056,0.06757335049987044,0.09592719492994611,0.10729911760613439,0.10598220035185527,0.11170487364861482
0.13498608829090072,0.14139290237795807,0.1380200285719582,0.11901568946201127,0.13659206130737137,0.13298126478396646,0.1306440887742728,0.1517374512549458,0.1594088649985246,0.12864630853473077,0.07206890477613202,0.0812033784640214,0.06395914160701788,0.016568125079512185,-0.0107391568619036,-0.05509752306750942,-0.15991683229824352,-0.3551260087694483,-0.5953834165835071,-0.8452632488617083,-0.9946687052250375,-0.84140719264955,-0.5413227387416777,-0.2771875907905623,-0.1044690301488628,0.012354620641579135,0.0859075391465836,0.08573875492375722,0.07846559728475902,0.13708271849598597,0.15682973376123735,0.18465280301023876,0.21183954302744276,0.19218232903420332,0.14880697718451333,0.15453386109158912,0.1944610778728444,0.20806434868324875,0.171844253764205,0.14405037097014936,0.14360913130996017,0.10474645486166016,0.06518378352542743,0.03481603753678928,0.025498371556278834,0.03907358700396662,0.09737194345718328,0.14423580802324107,0.17578804753216798,0.17621945201567477
0.036792527532460616,0.03828800765908102,0.030109301071787317,0.051041550855607985,0.06133392637503493,0.07956881503361732,0.0800865950636075,0.051843227192078886,-8.839519089268932e-05,-0.05261488396164175,-0.0871393165883214,-0.11521427263009602,-0.11382604089900518,-0.13097568441874735,-0.16949769375313484,-0.1887098566017485,-0.2545189766182987,-0.41065816805072103,-0.6471298719859684,-0.8683794452300294,-0.9994820186473284,-0.8737836036010532,-0.6111652859726275,-0.3609826476002889,-0.19648347332196625,-0.08926847643478267,0.001528201617962824,0.05205389090323558,0.10811583101632995,0.19009689334735924,0.25946741340964097,0.29613417695312166,0.3245320035683365,0.3456590188294215,0.3474369779684164,0.3549846838590928,0.36897753299815333,0.37831183050994077,0.36097435063563854,0.3241028091943875,0.3061906464759894,0.28123859035150645,0.26532904943571295,0.27111020141712744,0.2581871269254124,0.2073959932182542,0.1574604219610369,0.10533565437270243,0.08886013953923907,0.08737072221535801
0.1868326518715942,0.16727145563676377,0.16198518251370653,0.1671063816216816,0.1781999842478943,0.1882293668254658,0.19212412318074082,0.19788029110395253,0.22156389949535682,0.20702465469655557,0.20485288607757415,0.17731204329862915,0.13324959706279205,0.10786227779843552,0.0716283233182962,0.02657347735932994,-0.06897642714795908,-0.2201798897683733,-0.49955382495525474,-0.7892968990170646,-0.9701958655079678,-0.8347349704341491,-0.5948932183160047,-0.38492189511809366,-0.23892975681798892,-0.11648907711064148,-0.018392644436109985,0.03300520296835046,0.04173378438908482,0.06945226572294973,0.09295309484026788,0.10416902997490071,0.06729741238309335,0.02426015729724494,0.020659310482872416,-0.007310355495280304,-0.04079325755100206,-0.061813359057460486,-0.025505297020786348,0.005460384133475932,0.022262627528204893,0.06887876837113867,0.11585864247661601,0.18678473932027548,0.22331879427826273,0.22431067696069884,0.22941658654843697,0.25675201053676366,0.24796986199105153,0.24774679144167852
0.1757001011832761,0.10979530280701429,0.09984584890355665,0.053081989726155146,0.02839271463541036,0.06868924312351357,0.10113893373539351,0.11791229140993535,0.10614272854411498,0.13686797439347645,0.14012589996616764,0.15894096858377163,0.12324057028965726,0.04114190788131217,-0.006137281428170501,-0.062536448691619,-0.14836354425490805,-0.28451619286090685,-0.5486295131504815,-0.829956227951761,-0.9910506555526492,-0.8744755349428261,-0.6019216932855153,-0.2780801403190013,-0.06282409192872408,0.056752637020265055,0.08659893695030307,0.1454908216294366,0.1971526141169249,0.21048661715073183,0.17129638352480653,0.15971493412458135,0.18447401154186727,0.1756485328069515,0.194905248893895,0.22467130757865403,0.23527720669482405,0.1697941726924598,0.11678908768768306,0.04978586613749575,0.02008038107280194,0.04038697339592457,0.029539445543068688,0.02869679533579562,0.05106329254509426,0.06863135352858132,0.1117487977492903,0.16016711817147614,0.1675972247238634,0.17072508856703159
0.12498207219427669,0.15494040716163401,0.15061234336780197,0.16644085571699302,0.17606511935671462,0.16959164029122378,0.18929300919432654,0.2091141239548245,0.20958841287523253,0.17344194193879667,0.16058686813471162,0.15740574252267223,0.1602055292469954,0.15212761802824085,0.13749589916461943,0.04798786065365291,-0.07117585987659458,-0.2627364537649854,-0.5362462974081618,-0.8408838763413701,-0.9970030935808198,-0.8657849658087549,-0.6274555273086145,-0.4065679490292436,-0.23387526932813743,-0.1111121250660082,-0.030232282238285127,0.027608209675110847,0.045452803674596864,0.0783619277454118,0.11237128919067603,0.11824699702087749,0.09696837021631587,0.08784803890331931,0.0946896430675262,0.11682190127664988,0.13265287559860697,0.10459712290345807,0.08347920126189116,0.09351900223697013,0.08957336582301877,0.07665751001576139,0.08420566524724456,0.0885466019217283,0.10051067713448862,0.13521009390965952,0.1660126319168219,0.17004008523954448,0.1600767717148344,0.1797434702537463
0.09115614753732729,0.10168516080997486,0.10653852155004478,0.10069487525478941,0.0825206792028746,0.07217799180010441,0.0822307896371636,0.09260774208725711,0.07856398435918216,0.05003919042782716,0.04719002938393899,0.035359655026159835,0.03390798400150804,0.016321065363580113,-0.030510269288911002,-0.08790331472460956,-0.17553725889647065,-0.3188154309873588,-0.5423751497412919,-0.819319042661266,-0.994725218702505,-0.8499056472796809,-0.516081700883638,-0.15177086102068635,0.10379881505659809,0.22400353410503004,0.2455141665219132,0.2442084024392003,0.23257728836522326,0.221440184018841,0.23268485217659501,0.23668818045112716,0.2219747083108522,0.18061453502151206,0.14663653820319783,0.1257732492133607,0.11173185976110661,0.08554162706484732,0.07064930648725296,0.08264902243644279,0.08854494924338177,0.08947780899526903,0.07195409427289227,0.07863108017172248,0.06840887537527862,0.05847792516449955,0.04118877814957893,0.05886335785439255,0.07928389023649222,0.09463304864807842
0.08747982661956984,0.1137534274931808,0.1260299389441419,0.13269108334430518,0.1392508460858513,0.12484376767717463,0.14952775707077803,0.16367654201792403,0.17552953415876799,0.14353312076380953,0.11813571811334249,0.12163387226686097,0.1293709786940274,0.14455046340009517,0.15750383071412763,0.11339331669380542,0.0073239474742595925,-0.1952950162194358,-0.5015928985963551,-0.8074845815293865,-0.9932662150341032,-0.8694175327441193,-0.6100458672900936,-0.3602961285921062,-0.18772345109436847,-0.07093039827411325,-0.022048016316540846,0.017876094532741922,0.0511384131297356,0.07916026581069484,0.10128057746280135,0.10209253552154082,0.1036938349313672,0.1052999102354801,0.1292510779419706,0.13546235079787539,0.12761211998230088,0.11501382286251025,0.11805822418439674,0.1235357272122123,0.13129876106026017,0.1157175400292218,0.0960062591078446,0.09957166705905339,0.10634052691751558,0.1276533903454644,0.1205321675719764,0.11617899376755361,0.1131076847591756,0.1339901889349071
0.06159691869335754,0.0815506905298443,0.0863961610879818,0.08067003557743753,0.07574679978103045,0.0691153752363099,0.0677855780092296,0.04110536678125635,0.03243502494437119,0.027156712284897157,0.016636184244841538,0.0004243458188386612,-0.007399071007378473,-0.024972904804811433,-0.07926717089303281,-0.14407913504264627,-0.24831493433596227,-0.37638269160952254,-0.5795595331140208,-0.8289408139637222,-0.991082579592505,-0.879401514083389,-0.6402967479340743,-0.39396867887827247,-0.21750129894002468,-0.11323880447962498,-0.02321929745385361,0.06473066591098114,0.11748003262668134,0.14823532313212098,0.1906583059229867,0.22236075697932564,0.2548197664281857,0.25702721422458696,0.26722589820340314,0.2792390937268387,0.27581958374620263,0.2815943428214039,0.28361543514712906,0.2734410687165519,0.26892836938119935,0.26640017603876587,0.26453202757700306,0.2525936551795185,0.2217974765954697,0.18904868568605107,0.13928757261709684,0.1230247541774975,0.12877441781828525,0.13637136048616086
0.09915594828915242,0.08892990453735164,0.0733205998641183,0.05139999472241975,0.12267292017181419,0.16296306362388677,0.17568602665176866,0.13319151223740905,0.12944900257376807,0.10693328765025363,0.11972673712831226,0.12159894882652651,0.13148147449405995,0.11017181069672145,0.07833594035219849,0.013139227481964492,-0.08214129350617895,-0.23190317593099802,-0.48469326942665086,-0.7985326377459823,-0.9920653331958622,-0.8678988109187918,-0.6222951456032356,-0.368992305178813,-0.17450614312891358,-0.04800815032715362,0.022843305462892725,0.07266957844811368,0.12113488857749825,0.12445002649179097,0.1375808197187435,0.13676030319218171,0.1720085199760135,0.16828648810033503,0.11825825061645553,0.09821601909414654,0.09879629224903497,0.07702435626708883,0.04513576313703682,0.029100968248312258,0.06629364542202873,0.11396483074824072,0.12077699276166144,0.15847612136546452,0.17782129076978828,0.1705300674930982,0.1490450197172519,0.18208418084953368,0.18202851701519762,0.20959361993894485
0.18457973155141633,0.1475200300869415,0.0905939978266159,0.13360843393951372,0.20467583075394002,0.25918100279094036,0.24179459274534884,0.26649373411317695,0.22753812236377158,0.20763069604889672,0.16773251614200063,0.1407141974093134,0.10301066635323744,0.047428850690307674,0.020509534855608393,-0.1008942290761625,-0.23819221983471364,-0.3675974980439544,-0.5280177729580712,-0.8055838347144146,-0.9872047078604449,-0.8389343208424052,-0.5293330377676333,-0.27961479338842543,-0.07255208091837899,0.057679255324083085,0.15285084025165188,0.15545630184989315,0.15679788199146136,0.18250120490844218,0.20744394130930632,0.2023822607188012,0.1846673242275406,0.1550545512337529,0.1154949984807983,0.0701587037646954,0.03835936196731684,-0.025260263567256133,-0.07383334832196983,-0.06342877188219025,0.023491680080338133,0.06258953163188358,0.0833575158894979,0.12211962954841438,0.11312248862494098,0.08785345743871019,0.08747525383749251,0.07149625694392589,0.06673282338598512,0.07034967809605859
0.14736623177813615,0.15919162184706198,0.14842166030922666,0.1693171029828772,0.18238760078152805,0.1820064712079255,0.16420914328935457,0.15508863398266462,0.15418575631077236,0.14889685662095878,0.11633265943459971,0.09450569068588227,0.09044419210616778,0.09987222842917112,0.06913400582326862,-0.017084989276322085,-0.13846009856347347,-0.2866915317956524,-0.5137044781687212,-0.8153275870226475,-0.9892624594338864,-0.8467034439779686,-0.5750210680757786,-0.35796508944589833,-0.19163976218172027,-0.07719329074808252,-0.006874192052757774,0.03404777970371568,0.08021756440960941,0.12477663731932208,0.14723021656681584,0.14897157171690292,0.16511846498721805,0.17108293198606705,0.16212948722795756,0.1436669670386233,0.16681489298163052,0.16176128392707673,0.16654424690247954,0.14600143551659256,0.12087104412437147,0.10754390027661855,0.09728715250449325,0.07392856001418961,0.05913430579567073,0.0760971241616287,0.09624592696477417,0.10138781228015405,0.08863320134949293,0.0950756273979094
0.1284539240939076,0.12074589591715681,0.1348745232229674,0.10107117629147495,0.08749184354603003,0.09105611035200685,0.1183939080003148,0.12761197159225535,0.12450362468055332,0.10338401938404293,0.09798414416868655,0.09932423684335477,0.09093000747300183,0.0663071269045326,0.020163256907874374,-0.04281393546306849,-0.13718461323347736,-0.29084554939690965,-0.5163534564407779,-0.8127137871841411,-0.9972759674134419,-0.8657263821688732,-0.6329175617782635,-0.4474252257612263,-0.30714290847933845,-0.17045662938666878,-0.07497172226956197,0.014499266135275241,0.0960683928474132,0.13516946951782421,0.1814999169039888,0.20494761967686861,0.20638771648125456,0.1928202070756873,0.18999608976563004,0.2019035528937692,0.1941305589788411,0.1944396271003702,0.17239537773804275,0.15925119212018377,0.14371771017032428,0.14374552241936803,0.14466573507491348,0.16344404427451167,0.15233861349352787,0.15925775873606432,0.1836995409300587,0.20746100619349678,0.17683901833891252,0.16485403273126226
0.13909140105397616,0.14180674688100653,0.11837210074629358,0.11185952158133182,0.13581227135736476,0.14462012512370293,0.1536290697857496,0.15697421030143618,0.14847975168708777,0.1442047603181124,0.1380914622886087,0.11813579558876078,0.12392039866819117,0.1051454131809781,0.07562393443922519,0.012384838930047106,-0.08963802532885447,-0.23865177043249425,-0.48559994907576376,-0.7968793141082177,-0.9918528707179927,-0.853416572444102,-0.5930471823452284,-0.3760376162966839,-0.21706221312189145,-0.10826340441902536,-0.03977510211183873,0.016752757288609914,0.07115631146238824,0.1081390343746662,0.14572738829493684,0.15696105795289858,0.15439031446141813,0.15021472019410634,0.14875724777754146,0.1453716413447601,0.13722667964230548,0.13050081897437535,0.12216470508303333,0.11637375473338292,0.10736673893567593,0.09771496091489264,0.08969935395661395,0.09562682486104776,0.11354059525810967,0.14561555740057516,0.1615791904358919,0.15381658033681042,0.13187769861029905,0.12149828617588045
0.09644808261639216,0.08480415385824008,0.08237635554886755,0.09035823155744979,0.1126661772193929,0.12238884250396771,0.1264472069036373,0.1310278420830345,0.14700504176768095,0.1498728419009321,0.1336928607884537,0.1257815180023933,0.11733406414430683,0.10454375340724242,0.07150650475413615,0.03034948465633562,-0.07319454067917838,-0.22467114090902615,-0.4738659360429456,-0.780949577065729,-0.9918414814625192,-0.8564279409765909,-0.5728371260059204,-0.32242972625073374,-0.16400140466483032,-0.06407958391555534,-0.003184454761597812,0.02641332651565265,0.05410532050973137,0.0807450110130613,0.09927459770868274,0.12441204753729836,0.13391869465166567,0.13368533136659236,0.12856264151884725,0.14364873224947394,0.15325563562685404,0.1483925701610327,0.14650756903166556,0.15689769254843122,0.15678554193692998,0.15533406293373261,0.1578783515874457,0.14629115202426543,0.12128355431860127,0.10491777129000528,0.10466566945704081,0.11422295119390052,0.10256670542973319,0.10711502041151998
0.13712490129451776,0.11920930468384497,0.0673642747638468,0.0455903473963225,0.03428469721984082,0.0570906755766043,0.09443657211745839,0.12526791857102026,0.1536320724516662,0.1457418603814536,0.12428465182760602,0.10249652303569655,0.09383928999666909,0.09534929991685485,0.09086183320930978,0.06331915658739613,-0.015501759514333129,-0.19331940757818455,-0.49772039536091156,-0.8127390676736513,-0.9933389335412371,-0.8592890902849829,-0.6000507986417283,-0.31901070916698077,-0.1122919344458489,0.01604002152347261,0.09184364734944095,0.13009690554221537,0.14395995502498252,0.13907146209495408,0.12974695540084716,0.14723553835606193,0.16785245371914376,0.15178092034438798,0.12288427560487383,0.08755779848354588,0.08534823300551211,0.09365814201861497,0.11387928798054199,0.12138127351063256,0.15332706791156867,0.15751226877321453,0.1467926336415984,0.1416782560436285,0.10518301103950313,0.10100564698016011,0.0938974178092145,0.06814654595646338,0.05470087349308352,0.08878812557008771
0.09388867575715597,0.15925629544704492,0.17750761574232743,0.18154101328761013,0.1536070378159652,0.1445770125618701,0.12485503593678586,0.10113600624171236,0.16803920792758,0.20451661736031512,0.19906116497299578,0.17385833324464034,0.13719716526753672,0.0914878806039124,-0.003064185596586705,-0.08376969765835819,-0.14624587420717086,-0.26980611909604074,-0.5390947848558912,-0.8475941240880077,-0.9989774953308653,-0.8556016186005286,-0.6046616974101992,-0.33939592069272356,-0.13446611092042948,-0.013915832901997357,0.05309042294281548,0.0697478831158579,0.08290667933439629,0.07670796019951122,0.12311185380719175,0.15616231082936552,0.16784681463751314,0.13527656517798867,0.10766272633363358,0.11146497621907174,0.14633867797938802,0.15323538301853962,0.1465794029815665,0.13734642840801178,0.139258142487956,0.0810433424610901,0.03115971910573018,0.06679781094440457,0.11509405603253595,0.1391385835161177,0.1023777237315947,0.13099153688537507,0.14544992628520223,0.10727547275648928
0.22234134928785754,0.2063498458275073,0.1744837885784511,0.15025033135487734,0.1685725882894711,0.17878606473336775,0.17854106965535627,0.1582496639465118,0.13671300634209754,0.09609543061221984,0.12283956348399791,0.12237226161936911,0.10367422962918782,0.1033649655258282,0.06854024424701724,0.0062840089536719,-0.0836315564655101,-0.23270595950255013,-0.5021514076839453,-0.8035869359816595,-0.9863105085681014,-0.8454916423238961,-0.5616860903520139,-0.2980029880083938,-0.11913658905465617,-0.043962203528129615,0.010687747596119061,0.025220185931296914,0.04115555271007838,0.07816328973743115,0.09930938997453237,0.08169160437013259,0.04475733730393229,0.02184394067734571,0.03300477216628089,0.03490031050121062,0.03020893996902461,0.04346516362943734,0.03842828757184943,0.04531355625288682,0.07618496739831229,0.09761796830565263,0.10233785046247204,0.12591332865492677,0.17052446489665873,0.18256496311375955,0.18417191174245082,0.20201334992551745,0.23940579767297782,0.27032278881777955
0.010779594823295513,0.023491256473124264,0.00471112817828847,0.0189121188866255,0.04208310302222287,0.0566268003046052,0.07143402446996841,0.07812426554071676,0.08699806744433246,0.10424577405697935,0.12263003766892884,0.11071747915905497,0.05975890338236619,0.019670935778557264,0.009317632692192166,-0.030783526561903873,-0.14108159736471906,-0.30741863650484896,-0.5593620805586588,-0.8350317877694239,-0.9979757085020242,-0.8816194484700626,-0.6380284171883965,-0.42785783009458933,-0.2811383140543825,-0.1536380497328377,-0.05397454392020131,0.028281950592882514,0.10153346130480725,0.17682153359031869,0.20418600208682539,0.24161970904942617,0.2861299187725869,0.3068621479517855,0.3530309877717543,0.35566865249248963,0.3519023756363528,0.3834268049169513,0.3871097119587765,0.3684232037002754,0.31963479409984547,0.24915146370656246,0.17745893301728513,0.10596275543232107,0.082515559949935,0.03690145969054522,0.013372217822823437,-0.014182463957090993,-0.008371811301544463,-0.01903054944512466
0.07663925341866491,0.1082083993663834,0.11396514598015954,0.12164369515747005,0.1345247025334827,0.13254248604261432,0.14627037477192825,0.1558637808808935,0.1520945720613587,0.136942878716555,0.13792039442274684,0.15040796573695372,0.1411324626396109,0.1299364004195868,0.11896319007329116,0.055785291480401906,-0.047013705716785315,-0.20992085008334338,-0.47299226384175885,-0.7883732856791399,-0.9918674737470841,-0.86263201449862,-0.6062155552555736,-0.3582285801654564,-0.18336574352131305,-0.05865499714356396,0.026389019893232675,0.06593871268926255,0.08097769499200169,0.10527216773818535,0.13134832958290163,0.1399093984737843,0.16392447273245522,0.17553568792308355,0.17260977925523996,0.1615565933358023,0.14967927820663168,0.1272653296293727,0.11224410883303511,0.09217605547649564,0.08306929011271459,0.08043671211299487,0.0825472028004005,0.09220549155660152,0.09977503894338752,0.1005961250014867,0.09096436512204498,0.08052506297176405,0.07436961303672407,0.07710794553093359
0.11901642176234765,0.09617433293237934,0.10976774097292777,0.11058678462178137,0.13851235523214728,0.15648027420919972,0.16938635360297843,0.16094084225812644,0.1719115086353588,0.1896932315100858,0.22585510040628734,0.2692788733837345,0.2783435349489626,0.23021971819064452,0.17821858179496788,0.08153657325721189,-0.061625923480023895,-0.30061468651631157,-0.593876206807752,-0.8422368039867465,-0.9887471330761348,-0.850205424669968,-0.5857906138052358,-0.3732631874583364,-0.24715002338677544,-0.10803817076124304,0.040636482489194777,0.19591196258601895,0.29937640434371104,0.3432320613455541,0.35446901590109064,0.2997740561762912,0.22709418675014922,0.18152704957183335,0.138436658269388,0.04176480698498359,-0.042993169731493676,-0.07629134288540453,-0.05796623854216494,-0.02586073952132229,0.04162295569840371,0.042524360860848195,0.01854228666018589,0.052351086096242894,0.0790727088824048,0.0901737254375955,0.04766837038073569,0.003939920474141744,-0.000179669217577154,-0.029200992781425406
0.16045352276341515,0.13028765444750431,0.037727066919185426,0.059984430186606506,0.10894801070836899,0.11202948508196098,0.13347297332180527,0.18469616119994273,0.2336681985182439,0.20304991378955767,0.13121525082546268,0.082538134516463,0.04160837778022853,-0.006240888870307153,-0.06650351921757611,-0.1491272154306576,-0.26878309195741396,-0.3821724120394381,-0.5685447060809569,-0.8063455925152035,-0.9875539273800382,-0.8696955975033013,-0.6335390059830253,-0.3902839689550307,-0.2385923050926933,-0.1465078897902021,-0.10059988511540503,-0.08026654456137614,-0.06986147188172136,-0.0017346267023044641,0.07187092929772143,0.17097929694812192,0.2222649927766194,0.26357870994022053,0.2905243177373974,0.31251675001606083,0.3351458868825548,0.3363810041203028,0.33910104446534356,0.3239363044134962,0.2930964942300137,0.2580863391920424,0.22554089644880573,0.1611031862569854,0.09903279710796287,0.07114658532636724,0.07702037162065242,0.0979524050335643,0.11081667813286246,0.08657847907081083
0.09466113937900453,0.1093028435098769,0.11132632781426414,0.13579033287850384,0.14697377271931789,0.1460681571234902,0.15559429363959051,0.17148075937505516,0.18580500262113087,0.1726725738870287,0.164849158173119,0.14403810055846308,0.13604160709419527,0.13856857366034545,0.11540884680342704,0.05265564111466804,-0.05464146922491838,-0.21587981310947643,-0.4650613975489491,-0.7850447302430216,-0.9898448223392664,-0.8483879269927336,-0.5678449478768086,-0.33383178937118,-0.15514864882888768,-0.03287585117366507,0.038888283507125365,0.08861639684317626,0.10577525732619598,0.1123936674829032,0.12564572998581472,0.14243785039428775,0.14763997168861887,0.1399191437708093,0.12495591343138578,0.10307530616630406,0.0987476998711384,0.08235621991050991,0.056126731449406796,0.04799194722092547,0.05052078063717394,0.058314379643129355,0.0893194503860046,0.10822839371267305,0.10038889258078122,0.09496922098090367,0.09305736201555594,0.09787142918424228,0.088196728456049,0.07188750971231224
0.04749726183443404,0.0016469943945561524,0.037031665144742924,0.06259389876827094,0.06222700714058988,0.06601653795070166,0.11260038109027705,0.12956966519467078,0.15268868128031493,0.15725543685010596,0.18388829709517032,0.2029407399513431,0.2029924775489469,0.17958978308551785,0.17398727280589169,0.14978045760155648,0.0317812653884664,-0.1806344441636587,-0.4803928103266405,-0.8024217920271873,-1.0,-0.8436606977334511,-0.5772911585295708,-0.3192096341050043,-0.14211448567234927,-0.027061578845498497,0.0685996449150793,0.12857709703803857,0.1448483356859641,0.12220659542492465,0.1329371468436907,0.15446816666609212,0.17888832812275055,0.18611723611354844,0.17001936257000475,0.11204624853090674,0.09924003477041905,0.08766337320405668,0.09643423854359488,0.08907479491328195,0.08976908870226084,0.09655861325883618,0.05946322580392002,0.030103492709177674,0.01732090356314482,0.021472226146479284,0.030726317610640496,0.08402852515921976,0.0957429686261305,0.12239281335564166
0.012022702744248147,0.05172139737622441,0.08065564490444864,0.08940629234092669,0.11102127968519061,0.1416618132782441,0.13607743362941832,0.10005030861107007,0.093717686738351,0.049812710373967166,0.03503283093946409,0.03827613659415506,0.07175823334257801,0.04535880674462759,0.02876070307094397,-0.012077830073777773,-0.10478315365328117,-0.2764732507889155,-0.539605173953095,-0.849627141625106,-0.9819625729722622,-0.781065612670213,-0.4226017833889933,-0.07932600269389915,0.10185293854591405,0.1659769769169903,0.1593866687456132,0.13353436147074216,0.13969250030138033,0.1753325607091371,0.1567325475314971,0.12803007669070546,0.1545379521913523,0.14152728079540047,0.1539438869729822,0.15007565012351337,0.14876325567271992,0.17276256934699058,0.1806005716519939,0.13051845138521725,0.08966460871612601,0.060500568123667386,0.04318167733562117,0.04606914638114017,0.058981870837844994,0.08949042823637113,0.08351521710203637,0.061259079057973745,0.01880884091052362,0.017448855692230703
0.09719408955092555,0.055142508303095826,0.06773564080625774,0.06302984679038655,0.0877112060350695,0.0850290903516126,0.09727105796823794,0.11690679740733975,0.15379473676011948,0.1689523054147975,0.15912672287765137,0.12360142803649507,0.14555313290372637,0.204597519102868,0.1772481300834844,0.13934307319930436,0.02552967711076555,-0.19547602572091843,-0.5204449959737851,-0.8090688265846742,-1.0,-0.8423513759557607,-0.5631682168680269,-0.26977503314094764,-0.13730731623491937,-0.05054816558543557,0.02967121622879302,0.08966818274524335,0.09977562124354038,0.07848939059893824,0.0966785031776729,0.09704253277935104,0.13517982367484768,0.1462838574896327,0.13396155386614284,0.10731871804754282,0.14003893538354978,0.13746053505239061,0.1378727738888507,0.0949134316253937,0.0649930373901727,0.09384920698381302,0.12278781655328105,0.14946106637825504,0.11875341573070447,0.101507696115627,0.0639322108724415,0.07027800151702945,0.0676833470464947,0.04277211897262197
0.09777116634980514,0.12869185157354826,0.14822333283386255,0.18697479476243423,0.17427851162736982,0.13658249010036336,0.13087100570225071,0.1293053393195746,0.13634005940127078,0.17590711108549473,0.20445975975467162,0.18057755739349393,0.14847515708154374,0.11483987635570043,0.039605359701021116,-0.06989355128688995,-0.1483353627024014,-0.2713731090423617,-0.49805152916285905,-0.7864445523938651,-0.9837268883972604,-0.8552305502381725,-0.5752237529053201,-0.30671323566476094,-0.1457119862663843,-0.05471865109664494,0.012799804247690186,0.07861931286595297,0.13188717428845315,0.15022702548929706,0.17254412929587684,0.17988833035819046,0.1656661944950056,0.11665521417432803,0.056334431140294974,-0.006838983658051757,0.00613914527533708,0.04554836918267345,0.0661389528327737,0.07280238769947417,0.08612921331001129,0.12317938313461615,0.16411593748203193,0.1719606549433735,0.15478544707404546,0.1280124628991519,0.10733495294997782,0.0974245295576733,0.126901188321566,0.1542645387547726
0.16830960243303827,0.149537620920675,0.157881799446584,0.0915459227910342,0.07092987319175555,0.04150720577146883,0.06422969023107111,0.08760139938206044,0.0899554821954126,0.06093137709418518,0.06090414287812809,0.08268172531541365,0.0982872529382703,0.11118346864339973,0.13448769619679404,0.10864824194928727,-0.020619931911378096,-0.22239998826281138,-0.4897194648077706,-0.8101875930569377,-0.9975155279503106,-0.8574488834857305,-0.5978710378586086,-0.3500968407862418,-0.16599696417905047,-0.0840584508471974,-0.009597594377516633,0.03962705578716223,0.09032838785630565,0.11817958469156997,0.14408540539383602,0.20361255367553638,0.21086634291638687,0.16157640212629082,0.14170220668632486,0.11441425996295888,0.12065815726101667,0.08587538824609274,0.06363699188857364,0.0736808809034313,0.10835106537926581,0.11699149807073417,0.11604880397218972,0.12779499434214456,0.11717185985886486,0.14524519394535654,0.15408543112186532,0.17311047232778923,0.19110310552266865,0.20874373420861098
0.09261297438848651,0.11177656993825771,0.11897342112064974,0.1425666417408566,0.11693230643827922,0.10245013740489174,0.0921514393722394,0.08988558894135651,0.10612702118942674,0.12117093824583652,0.1239256194980221,0.09328448071142789,0.07967455285664803,0.07401003709661959,0.06511187214225093,0.041934352646290474,0.0018574441557178245,-0.15157536942015096,-0.4655162122678739,-0.8151449029398702,-0.9930227690340427,-0.8687426252968652,-0.6088949290760277,-0.3584734242259595,-0.1831074259101772,-0.07386608842981851,-0.013899339916135057,0.04496427499159522,0.09126212460130771,0.13006820312397827,0.1671922996368757,0.188977057147611,0.2045656854426341,0.21276911722535685,0.21109251364105625,0.19057632903920224,0.16158425447582206,0.13522662589612425,0.12138576269030492,0.12612814425962363,0.13570416018690695,0.13382994639354956,0.13618961310254957,0.12164753188183312,0.09647961019665022,0.08941491673607434,0.07843718982014783,0.06806668471220685,0.049925242335529266,0.06231040109272377
0.1250030909832586,0.1281554155533198,0.14249385065836073,0.14696341227579313,0.13166209850981805,0.12973785224183101,0.11447443561578309,0.10903062034156145,0.1272466608391242,0.12539322263121788,0.11880489266962112,0.09863565745638093,0.07433719076796987,0.06631473545002876,0.061047792944005363,0.03766250707446932,-0.03443631430825195,-0.19728710845681147,-0.46960358253386003,-0.7900124123238674,-0.991649189555483,-0.8402399574196557,-0.5414397314140206,-0.29880940406842843,-0.10688240738761923,-0.008503616905925885,0.042989079541904035,0.0710709252392055,0.09016197226175163,0.11661871935644733,0.1211484152803519,0.12000476916123992,0.12632665394021422,0.12399895080624543,0.11775044490220743,0.11413161259256245,0.11904044893571575,0.11686898294428208,0.1213137143958088,0.1248711860008569,0.13087573564737875,0.1341630446604071,0.11847974777836623,0.1028532547615054,0.0830675521442039,0.08794161203696296,0.08573917195098317,0.09604056129225257,0.09444478844274469,0.08199894428778265
0.06585918697400998,0.07114008612631699,0.10654851293641338,0.11688161689492428,0.16917922514201833,0.1748358589787172,0.16411804593897053,0.15692795340614693,0.159004936513817,0.15271678887828583,0.13261280822625165,0.11734796712136276,0.09540466232475857,0.06550949853318262,0.02797643255239871,-0.014098698547143082,-0.09177610967145061,-0.24184971964484941,-0.5000329768428375,-0.798077841197125,-0.9894546612812122,-0.83059090038949,-0.5363673306260018,-0.25626537707286606,-0.058857085762075975,0.048143179537695216,0.0871831604136162,0.10000112901667313,0.10354194638757334,0.09175073987044804,0.09829165995297344,0.10415937657897886,0.10411977712804915,0.11280050969963694,0.14189593232138142,0.14019177677060532,0.13602636173959598,0.14944863806338232,0.13193596846598402,0.11142401075919264,0.10375532315665287,0.1082581872667753,0.10582528003174885,0.09921062152985402,0.07424349590885909,0.043835793842533145,0.04697588478411913,0.08610113099217749,0.10834717619958548,0.1038400600693854
0.20027419246116762,0.16687564704004718,0.08942047756376695,0.10213287405644814,0.12499124185385281,0.14402972794956187,0.12296974455941803,0.09650691985298189,0.08062413860623867,0.05476548060737237,0.040297256834908,0.03934895252813127,0.0385148252660242,0.015626971504589995,-0.015514367492927453,-0.06747796519720727,-0.1752501727458458,-0.28971243305599736,-0.4956035272401153,-0.7689017515693012,-0.9814496858669173,-0.8586437943574974,-0.5979474297309212,-0.34777200662862573,-0.18105375007909402,-0.03827295390088596,0.04780503041857166,0.09726594518295155,0.1293856486332429,0.13618760812927844,0.1519698173664132,0.14166074338592194,0.15541408356404485,0.1793530230726816,0.18848139674129508,0.21331741987616556,0.17920145163201953,0.13800819399048644,0.1006004062799135,0.10631303426956346,0.13627569694884092,0.1749441579471407,0.1960206961523185,0.1879585976210647,0.19017575679826126,0.1874878402531824,0.14018399819166552,0.12085167192792999,0.10543393135035087,0.09692523744752225
0.0374513744887356,0.040801749273501345,0.044053276217435475,0.06240970563202842,0.06760018600846786,0.05152033151877312,0.029227412219140263,0.040372628491289815,0.07546164550997975,0.09853896032224936,0.08214793653438542,0.05893014124357446,0.034264714086329,-0.020755348985298135,-0.04163174645670462,-0.05397394795722365,-0.14234437878551168,-0.322227440453657,-0.5737280444626266,-0.8504003958131647,-0.9976432880844646,-0.8870049367507392,-0.6154976835178955,-0.3615843529576575,-0.12639489338573875,0.05429969037037372,0.18777809719288327,0.26956488374034393,0.29281917372405186,0.3335886427507994,0.3510730281232894,0.3429586894080107,0.35146930698596046,0.35529318412637506,0.3494604850140149,0.32420309252062973,0.283693209572578,0.20618470223433663,0.11278814017567391,0.04780486196750308,0.01267755751821467,0.006531362126662792,0.036306328060514544,0.061786942574147,0.07651304376055994,0.09157892687781824,0.0980919616080998,0.039443013672678856,-0.00046457780136336047,-0.015037350239364708
0.10700853613977054,0.0989659490932204,0.08720725731040056,0.08754218915545041,0.079411961031586,0.07154516760196103,0.0984810522625698,0.160753544287434,0.22523824533715503,0.28722338308810985,0.29266767861830195,0.24324771409412863,0.18606212614641732,0.12894372051704592,0.10411379405108231,0.03192190122847171,-0.06561341270014852,-0.2223316281401345,-0.4780590449292456,-0.8036853744736973,-0.985052621134987,-0.8479749411467326,-0.5845275639924759,-0.3807080084455314,-0.259370346456096,-0.16016477127873038,-0.06592454946896995,0.008759016985524873,0.06001112717863804,0.07242017680269823,0.08199231783770511,0.09163457075798394,0.09311873451406312,0.11101124956993852,0.11697430036105451,0.1244897724105501,0.1322376023314326,0.1361562093519336,0.13302357063203205,0.13054744015151218,0.12647382451057204,0.11060874471435432,0.10761632597264109,0.10929330613354382,0.11948029974717561,0.12168106880335881,0.11472242069596593,0.12048012211714149,0.150819730478262,0.18952611014556225
0.12611732409695245,0.13831953602347685,0.055178142579069694,0.08871726228518353,0.08921924978730263,0.10603035426427188,0.11045586453268796,0.05702762503558595,0.020817615280582385,0.025019159968972717,0.04646513192563445,0.05116509636765389,0.046295738928310085,0.0337493940702877,0.0612989534741548,0.026639404257654015,-0.07325690055743993,-0.2557707338289022,-0.5485903789259404,-0.8315651125264244,-0.9871755742152188,-0.865309658093822,-0.605579301548015,-0.3617209012454726,-0.15452656646224586,0.029013742590590932,0.1125453408507162,0.14822829365328333,0.17326803910233396,0.19562348460685047,0.17790031595846326,0.18390439563309743,0.23882262535280988,0.2650965304976441,0.2888013626210607,0.2997805323408321,0.29644237516032873,0.24175080719151468,0.15376002687283277,0.08501968001508306,0.06363586154636021,0.08571154750056846,0.10050324152812537,0.0671925548178771,0.03717611492934331,0.015466571306689799,0.03228507889560065,0.06407587210034148,0.0998782524460145,0.14509662700733755
0.0687898407099693,0.07060312846783089,0.013326161045950847,0.029961545885429503,0.06391712368586402,0.0919923911293886,0.10611602854071152,0.10163211232608514,0.0924145493133059,0.041341527050747826,0.03131270581542317,0.008076102276000054,-0.015146439753578753,-0.07787271324380278,-0.0836813498285457,-0.0894601640758385,-0.1443121443763988,-0.29141217844927836,-0.5253340979520237,-0.7874418349702034,-0.9901899242436318,-0.8789934969231653,-0.6850126773957838,-0.48327784174964594,-0.33448732081427773,-0.18531545060192076,-0.07445167594836576,-0.010701505731215068,0.01896939812057762,0.07470015544542215,0.13036358922075955,0.17610190271590823,0.24972079029647276,0.3269517827231681,0.41188705675224935,0.4428981109728816,0.4604252947939751,0.42298384296794594,0.410372014209901,0.339181259092328,0.2801919693695181,0.21786213616352096,0.19232693708731316,0.1742879964959956,0.12494052781347803,0.06532120392106602,0.08512875398592336,0.11579997090288648,0.10349124209439749,0.11370166466528071
0.19150368393591338,0.20365668363663972,0.2227915626015492,0.2424277850905088,0.2355453894189415,0.21018844154710237,0.24955335613066087,0.2581580436480909,0.26857081894108925,0.22902781665646793,0.19756306655791828,0.14647334859858294,0.10794784825141117,0.08094168385413418,0.05060064198072206,-0.019351162953110578,-0.12449208352347806,-0.3041168897673382,-0.5704313804596715,-0.8446626259012856,-0.9847973431964291,-0.8163157821432745,-0.5524787873971253,-0.34985643142492207,-0.23024717706540662,-0.1208340853410966,-0.01952296214006436,0.08163739424800656,0.12956598933492022,0.14415055472449514,0.08336385781528656,0.011883651163276509,-0.02604848613342354,-0.005150605189380425,-0.0007778647009206935,-0.04881399275423829,-0.08483960344390074,-0.10312171038252935,-0.060734089060602,-0.010871554722352584,0.025441710387744183,0.07460490063739524,0.09224156492412741,0.1624359557034653,0.2270623480032664,0.26172512866660896,0.2609539619647549,0.2565498918197571,0.26773596185245535,0.30316157560525797
0.12149929849943959,0.13064315477417687,0.16213586538938451,0.1687246549732499,0.19554921933594746,0.2117621333835003,0.22238048489027942,0.20666478113838155,0.17943759020865782,0.1536779430506384,0.15424797645901253,0.13527621544380203,0.10182799677371986,0.06472744205361239,-0.01998427691517283,-0.1277629693831191,-0.2621384726511094,-0.41444243336293896,-0.5757073969189911,-0.8265902190040343,-0.9862032856668999,-0.8290537550673347,-0.5196817453370639,-0.23772432323094256,-0.08671725765626562,-0.009643424031927677,0.01589207012810954,0.026084035690054595,0.010091532422398627,-0.0052681633736537965,-0.017300505408605348,-0.001959925952280146,0.012954736847539302,0.022790050664701012,0.015449521545804113,-0.012376461212487682,0.01183659468592444,0.05323562340321506,0.10695865455184683,0.12417806901668757,0.19143371028531495,0.27913915002112544,0.3142314843197781,0.3242987253625243,0.3072041879929947,0.2812852857172627,0.21744453339591355,0.1632972054358683,0.1320347545137875,0.11415993279817375
-0.08352017917597161,-0.08227690717075764,-0.10307950110797474,-0.10915172510508017,-0.10938529207323718,-0.0749893940369473,-0.04115227617489098,0.019964539945125988,0.05440016844480955,0.03080118379259326,0.000976950535550906,-0.05970041540545482,-0.05422953774705051,-0.025236118324812765,-0.06663799268920645,-0.12366630513279274,-0.21755875332628918,-0.3591759869009109,-0.5742277172963929,-0.8323753514154046,-0.9966589845099157,-0.8554390516573928,-0.5432187078307976,-0.23540152356621288,-0.007547545930619977,0.15898833206006058,0.24978673301445894,0.3206732162102272,0.3609389908183248,0.3713460013037848,0.3808205075172439,0.39331005981000733,0.4187254149453695,0.3957841096500606,0.3787303129821435,0.3471556303192619,0.2910803011680102,0.21420131693203637,0.16340090341706534,0.0813092972250828,0.0467523817444253,0.0797494474173624,0.07271771566983178,0.07667147504078389,0.09858840710453652,0.14676765462171706,0.1536691823012469,0.11194933657948043,0.08618413787032021,0.049185558137191596
0.09003225649454652,0.11926052021716678,0.12448083078548824,0.11682770731964033,0.13163111040059314,0.11937879376877036,0.12615455823567825,0.12930078964126845,0.12748270032020115,0.10438037891743697,0.10139008601264747,0.08423585425995625,0.04252450458182444,-0.025811607338458054,-0.08592015046153526,-0.12615390522948128,-0.20449702902793984,-0.3358853296473354,-0.5437763862690054,-0.8064459340955272,-0.98998103265294,-0.809747366414549,-0.5820085878465557,-0.3733822408550374,-0.2071872577347291,-0.09332473710620656,-0.031213001599375068,0.048069124126137106,0.1375525703266477,0.2090345326507668,0.239702476506236,0.26643937283570795,0.26281110955522224,0.26705497519190174,0.25723439793786235,0.24785363413477415,0.22729310091118046,0.2164342505972975,0.20194610864074133,0.15594670828843357,0.14598463336453724,0.1482530559118869,0.13201882810718488,0.11650819597069331,0.10841475082662366,0.11094515705164607,0.09444248580366264,0.06994761993670662,0.05803392087706719,0.07633346577053983
0.048659919453000196,0.0654310029401637,0.0733756902717174,0.11973675646769541,0.21371448667883705,0.2155574296397351,0.18813685994811435,0.1897147639162907,0.20719965537170268,0.23213189912794607,0.2647461613648014,0.29716721183287487,0.31920969729966947,0.36303152735277283,0.337330441893569,0.2644901993852894,0.13711520082793868,-0.08950347364840534,-0.4169588236317924,-0.7681016462302379,-0.9918810572240446,-0.8397327986042132,-0.5768209429834584,-0.34567196129607847,-0.15075121046323747,-0.0428501285771886,-0.017000255762010242,-0.006710653800091717,0.004425801307169044,0.002512002286313613,-0.02123199507723646,-0.03890216176175201,-0.02012499422165443,0.008848160881984181,0.031271903933717295,0.029712400323766656,0.034487892403286986,0.021495230964466507,0.008169146411521704,0.036465330051488,0.02996219698260238,0.017481874605712093,0.012034887145264692,0.038793383518842234,0.04844968878612196,0.08259268390775316,0.10289780905864254,0.10419473355622667,0.09383189555010617,0.08186617783429784
0.047016865535067884,0.02814922071505087,0.024033434886613032,0.046601458434164376,0.06474995148059969,0.050143117877954155,0.06209215399597941,0.07851425667652048,0.10620095991690023,0.1498688329361635,0.1775861285431361,0.1630103108865346,0.13725137826142628,0.08695329706080769,0.08295052786460533,0.02365063631219486,-0.09778090016462472,-0.2585720058588538,-0.48929138536608224,-0.7965638309008339,-0.9918963134393096,-0.8563810034344566,-0.5753554721780372,-0.3453664673681833,-0.1910917386209602,-0.12195790564554522,-0.071649059022586,-0.03353266190149722,-0.008959379417334655,0.06275811114462801,0.14442225084656443,0.1924704684483707,0.23566096957007382,0.283401989729374,0.3463896947647675,0.3494360706104766,0.3403280013972376,0.33938271642310885,0.3077532780831506,0.2350413634255101,0.15710307330405382,0.1306158265081183,0.09833165114444288,0.07575893750046733,0.06562534707154118,0.03961769611364478,0.020971863108565015,0.024377048905232665,0.03654323203131748,0.023636001803940435
0.14359555271241894,0.14223921962516925,0.13978634234026693,0.13522424027180857,0.1298216479403016,0.1364747314601648,0.15349829206972182,0.15567661609452105,0.15267420161906098,0.1392392076521895,0.14916848707059407,0.166894570211576,0.14576536909536697,0.09218133844256587,0.049882405303315086,-0.02218326647868122,-0.12705536055180622,-0.24234032889261417,-0.4787794967894413,-0.7781240095043583,-0.9807880568871157,-0.8104390733737578,-0.4946270718525048,-0.2597646135732895,-0.09257102182904366,0.005276794667966121,0.07615437734680582,0.10318303750640083,0.12379233982375806,0.09681443891727193,0.05516709383882633,0.05080887849179489,0.03749437512151278,0.025358842534866904,0.015440438153241372,-0.0052475853830801075,0.0050551811813842815,-0.005589076793614436,-0.0005731262534152969,0.03514952676524954,0.04825404588624138,0.07516810887008252,0.08669188600250187,0.15763372734015949,0.18225440374720964,0.2101606192746075,0.22617410738231108,0.23201385599934585,0.1992757157289896,0.2186380716731533
0.09379867738880752,0.08251966866540641,0.08136547256328563,0.09527846560215851,0.1161395465554885,0.10865490743314299,0.11909324782680665,0.12125155342568276,0.13938608932554752,0.13875401164496062,0.1586913019588292,0.15794026647688145,0.1422454308022048,0.12590965780473803,0.10830544815556153,0.06550519993032237,0.000485608635704852,-0.17131556210751062,-0.4695126692896308,-0.7959510393755552,-0.989290276566979,-0.8503752975772925,-0.5651999051087435,-0.3261383001187241,-0.1720034483818767,-0.06417685628568483,0.00039543037166545156,0.059307552752573794,0.10079189738994321,0.11145243067906284,0.1340632173948927,0.1134841142491125,0.0889746967136177,0.09145393263135847,0.12261359296269622,0.13784946137473955,0.14353637605961006,0.12790147506709554,0.12225365269041151,0.1040805318590908,0.11680829871814105,0.12317999742590405,0.10783552329069687,0.08998999250959079,0.09365447530239128,0.09754924538157268,0.10067046065439765,0.11632677986506235,0.11567896247041835,0.12878670280242116
0.10822996137249953,0.10999041532784215,0.09991929527268807,0.10913008184427023,0.13457012200670215,0.15286108260881476,0.1489083659586881,0.11885905957782626,0.11054658438164182,0.10249450806747286,0.10738213198349868,0.08811298025158067,0.0675241806206796,0.053148626419870025,0.03677032598788062,-0.022253496658520274,-0.10321194677968448,-0.23740893251885528,-0.47422637065191675,-0.7750297860519423,-0.9876532586772491,-0.832971350237119,-0.5533244357084104,-0.33753930932327697,-0.20120884149808974,-0.12077657679224099,-0.05576753966343647,0.02341607059333498,0.08426344845894865,0.12434672198560254,0.15061822480616507,0.17270279073433817,0.18646497925381042,0.18767343635788117,0.19144416292423097,0.16580281575932881,0.1540342750727311,0.11844569517492272,0.10129447866021264,0.07493277362723119,0.08135056334415974,0.08872958434879001,0.10292527085372125,0.12906289750480515,0.1516688192724026,0.16016335830169987,0.15099860390113626,0.17118025511720622,0.1910384933169462,0.1903664035091805
0.10218781125140702,0.1130199235402166,0.09208506890040355,0.09519438443859204,0.10769204695885011,0.12283582759089338,0.12161177918339548,0.12102073734736153,0.1511263336138888,0.1936228624814556,0.2190993854899785,0.1692531816843002,0.10047140097415502,0.059964729049130326,0.045072873587989164,-0.0233448394904233,-0.14236732918926273,-0.30636039563591266,-0.5456955077243457,-0.8280988654687623,-0.9928780540255139,-0.8499617281806819,-0.6083555214264821,-0.37958233867199204,-0.21362351076640182,-0.10704552793606778,-0.028971612034776984,0.032714304017410906,0.06676259041553552,0.1180787734239828,0.14882418088025967,0.16457723810170577,0.17445260455939227,0.18052684367246938,0.17181595167411295,0.14988796055319065,0.1425379790750861,0.13950040727881174,0.12538004119536017,0.1324684647332384,0.1625146367363994,0.20097052174031887,0.1682526543738866,0.1167681370445273,0.08666915747866254,0.10705010451481135,0.1341579550602166,0.15605071327031259,0.16175587153811802,0.17030979312079567
0.14390021120851254,0.07180345080206779,0.07860601202292787,0.08971334610271713,0.09908637537264851,0.11468800249823398,0.11843103798745845,0.11135920139687587,0.10112751686165676,0.08248285770565743,0.06333389600411227,0.07738436809853225,0.1256216764197925,0.14357394239086696,0.098513411839954,0.09003241276339706,0.03926791650023313,-0.12120566559650056,-0.43188012419563493,-0.7950998035432894,-0.9899069853125084,-0.8541540396747062,-0.5843970209553773,-0.34464721977127794,-0.15753314428020193,-0.02560469609258677,0.0590633741844731,0.12149774077232446,0.12759856741248213,0.1634981207181363,0.13793630062278453,0.13990666950769928,0.1447698004138323,0.12277576794685104,0.07842630247055114,0.0672055329884457,0.08923909784259529,0.08258940127708578,0.10316554475027126,0.13290228669211054,0.18687565962518662,0.18708190674425954,0.19876866684740388,0.15182391411873525,0.055628336600384444,0.0036037474730130576,0.012211104122555086,0.06282682669100807,0.10883804374807961,0.11727034987617059
0.17371865846261628,0.14759243728955398,0.17455247834571638,0.15173312677603276,0.16764548905541574,0.15993449667832083,0.15415097693016924,0.1271371629853038,0.130367680581037,0.11823657531333745,0.07345425200993731,-0.005029628370667419,-0.05947577017484783,-0.11026118798191964,-0.13576854145642486,-0.21539737785226815,-0.301453191403374,-0.3913541363098835,-0.591081331944835,-0.8321610715075962,-0.9750355480164343,-0.7990113179107116,-0.42659437565832287,-0.08396879123120729,0.0916288535959102,0.1343174844626875,0.1257127285747792,0.09992462066634086,0.11021605656749586,0.05861605597512674,0.05933456200912003,0.09868511828201794,0.13346412177238104,0.15220907424388597,0.1500715087712755,0.08970835903081129,0.06980028474450706,0.06496226265532876,0.07498006113072513,0.10383032920908912,0.1663262825261755,0.23635184068882995,0.20390084970025213,0.18022830384820582,0.15701468651488165,0.18718134780281193,0.19551335471983539,0.18037327736624492,0.125310857659007,0.09840665287332548
0.08605377586164698,0.09883598806883512,0.1026225597043132,0.12164870174508016,0.12841379603425018,0.1303274783599466,0.13489840405951267,0.1257651224110242,0.1303201573219666,0.12430581136852263,0.12411391803376981,0.12869667101861745,0.12257920758784248,0.1105127066414416,0.07698334851483316,0.02277580718115865,-0.06892117614595882,-0.25078462953616765,-0.5257860200012578,-0.8229540576071205,-0.9918205481789398,-0.8537037905886135,-0.5796032609906132,-0.3594480735706431,-0.19404861439073995,-0.09443365558300547,-0.017966587749471626,0.04495139814163187,0.07831965114042642,0.08487229429779636,0.1104788865187661,0.11243564443602042,0.12626707923990046,0.14492539748235908,0.18258828245225622,0.19534845172616397,0.18532893251479518,0.16197500751712063,0.15271987067087694,0.15773444443918552,0.16240635162767159,0.16922396077522872,0.1504811448028119,0.14457167125879153,0.14052449659437535,0.13381844099405293,0.11321822330276113,0.09702383210433607,0.07703816925321422,0.06436532913922874
0.10382141347726075,0.13688450678953717,0.1495409827114432,0.15963136045948156,0.18727018211663957,0.1804180628255218,0.17432423215218387,0.17324495280610253,0.16636770701255024,0.13397145896445514,0.09885887100064693,0.03719571507331917,0.04381638357297148,0.0640580442685075,0.04554305153108404,-0.011180554512688777,-0.1170830887639144,-0.27873488898880033,-0.5341239777325045,-0.8416185501694741,-0.9928948647452824,-0.8448020336405497,-0.5799117784221894,-0.36489901760639903,-0.17673175120255163,-0.025995312735434935,0.06572488767136438,0.14092435219257174,0.21060538450109872,0.23098004036973058,0.20434901038059328,0.20689396363660786,0.1984395158426738,0.20185110473527415,0.19665398576876844,0.1774800437603212,0.13018175804683202,0.10617130425377527,0.10093994858407737,0.1269456007786078,0.10804122798208964,0.0986806101172339,0.0826294724325413,0.06317390354761641,0.03463673996342192,0.01982493758451168,0.036539849883232806,0.0512252509263393,0.05336218249518599,0.06677381830361506
0.07827067361558873,0.0847606094728334,0.053008136789279,0.05439823685843748,0.05455512439312072,0.035506168250334584,0.02527193380882932,0.05250329517808831,0.0680344964579864,0.07889698490078076,0.07344446236309272,0.04720722846788925,0.0378603337835827,0.02088160048198775,0.055449174567667285,0.06434738868807616,-0.018520305312030104,-0.19463573458606814,-0.4574960753699997,-0.7965724744757706,-0.9898309091476765,-0.8127924188530684,-0.39802623199795306,-0.08254697902586487,0.08595093083203176,0.16228316431830375,0.23646422949000204,0.2589452954351549,0.224599055893672,0.18446176987720597,0.1523908525346117,0.1714340165581624,0.15955274337464906,0.11754365135577505,0.11041260141697692,0.08692867685854934,0.03886195721971273,0.04625479139440228,0.06877634615960695,0.04317560474301411,0.021230940176664242,-0.0018310829193152877,0.00967700720760349,0.06494607347321728,0.07306721321686295,0.09109571449541727,0.1119317790239086,0.11562630649226739,0.1349477986635779,0.09729784339882191
0.17974530327636618,0.15056512577706457,0.11210646468622316,0.13538208611859487,0.11539342421253859,0.11723578093171881,0.14209762198310585,0.15675680164945244,0.1669652269646318,0.10828400701487001,0.07418119883422632,0.07385379800533044,0.13133129621124953,0.17261073984996497,0.16167182981158823,0.0921576459174307,-0.02103288546724127,-0.23739548557595921,-0.5172415288482645,-0.8150090177986271,-0.99633923123856,-0.853599150373344,-0.5987436783702862,-0.3477671915875866,-0.13078557110242445,-0.007799264616975095,0.03344085462186485,0.029644449797075728,0.03090878656882683,0.027433637229533316,0.047873906952685154,0.10154658856523069,0.15031307225001767,0.20047631033025037,0.21247348942098637,0.2008300965734573,0.2093103883317314,0.21713918343829305,0.17090818844715286,0.13216987687614068,0.10727800798090176,0.10959147835681379,0.13164578111039052,0.09353198419960874,0.04126363009251246,0.024137686367305157,0.033073743976425825,0.017773636959052104,0.05111841565124253,0.06149145963741295
0.19078933419293367,0.10911144109806668,0.14322742255376164,0.17487651154083203,0.1378178470161593,0.12828823329241243,0.08888152467877418,0.06382636774098623,0.0897720180726975,0.08144147746657115,0.06063300277682636,0.08080353191413761,0.0821306261634485,0.11552073335814966,0.1314579205313982,0.09085186873853049,-0.06689932283695725,-0.25580553536876416,-0.5231791865819917,-0.8457278804462321,-0.9987115192703655,-0.8603957358364476,-0.5899886215683968,-0.33164455980907154,-0.11760527107778113,0.030389954550389692,0.11254248140162067,0.1690138123810715,0.16533952149218556,0.14857490958428793,0.09759756488059208,0.06669506166075373,0.058190837499289154,0.08865937071894969,0.09976989245604226,0.12197333267353672,0.1576476764270182,0.18809710060308524,0.22610453957360413,0.2515284989574277,0.2354655457114569,0.20468925748188363,0.16686808567590822,0.14310913631502145,0.14054323124821852,0.0798667889921916,-0.00010816469834810306,-0.04309168811536823,-0.036802842481796105,-0.05213613332870022
0.11444072718995052,0.08184353483255495,0.10937119243974004,0.13230297717826392,0.12167147881301497,0.10425070206785805,0.09394250483041688,0.07507407793399275,0.0883623396139046,0.0862044378395783,0.08453024705889697,0.08231723151173441,0.0925115927689038,0.07805408057259208,0.0514480660625575,0.03525379140915273,-0.05754062329386874,-0.26405488806225247,-0.5330563209383693,-0.8471789763595063,-0.9972022097384721,-0.8557340032220752,-0.558396050139706,-0.3283767938440487,-0.1539829256699129,0.003103366313531137,0.10967288958197824,0.14016767059484414,0.1380354404840254,0.09328285547631245,0.08166251566995887,0.057476650003718426,0.07698366462874363,0.10204135191930923,0.11994978941597605,0.1229543899060408,0.13061187480573533,0.17624174455625854,0.24636539103951222,0.24303236550247076,0.24528227743799802,0.243287811869375,0.1978673803194129,0.1860041858811105,0.14886278404540648,0.1102906157737361,0.08959272275605008,0.054421012496177756,0.0223817088168502,0.024371349850566534
0.10148150989810202,0.09318306474652871,0.08032166058439079,0.08500996206999963,0.09173803276805757,0.10470888672022868,0.11809118626743889,0.11200249485714216,0.12389354989436516,0.12495689715537643,0.12486804592214196,0.12303410323789982,0.1383439419457034,0.14026241313522053,0.12737155828503685,0.09729835261204811,0.015028015898439969,-0.15636547463991085,-0.4457411916221402,-0.7809741305385373,-0.9917239421639036,-0.838709693677702,-0.5657512599691996,-0.31584698138301187,-0.14280434256329988,-0.028043325603682716,0.046545621594040736,0.09392094597645483,0.10725055577749903,0.124456979208897,0.1617673437486563,0.16726636555084998,0.17510843387307365,0.16301066992390717,0.15326044607760422,0.12651815136654204,0.11961555395882459,0.10867190030399095,0.10144299643567745,0.08689532117168923,0.07994603004254085,0.07803330048242148,0.0703777890897803,0.07204250058408913,0.0642738410529533,0.05985457811777372,0.04679862480023839,0.06295913054984453,0.08236988366786696,0.11197970280805186
0.057939899279022725,0.08653513355166784,0.125884790982059,0.09714784641474326,0.09855687100901842,0.08283203356027381,0.09424813844195917,0.11618384202381028,0.12558383068455944,0.0988558573482381,0.11600442943928647,0.13702364422989516,0.18071987620184254,0.15851509917391562,0.11557060787657465,0.06277640253038773,-0.034594515631020714,-0.22837482880721885,-0.515332995119018,-0.8255219922371713,-0.9982562751052575,-0.8607579686827517,-0.5949203469357944,-0.3714249323523299,-0.20668835440841393,-0.05713570964639149,0.04808999923760363,0.10419501645907187,0.12624547224072563,0.13767736751757306,0.16609474061504131,0.15381648382599616,0.14006542893509583,0.1333453653203256,0.1451242518301955,0.1531819200449098,0.16462416401969582,0.16888653067133874,0.15180208092299943,0.1316079421726761,0.13177092705587895,0.13412580507403332,0.1068897067183903,0.07895387625774257,0.07685454817664274,0.08397647984951094,0.09107145558703762,0.10927977586564666,0.10286325977630374,0.09808701800367867
0.11865336028728912,0.09707723247153058,0.07178714920112943,0.057877862361736636,0.04001407693508731,0.054058114900530835,0.08741444604541383,0.12043735968906162,0.16863660433601416,0.2104720576176894,0.2726532739115397,0.31267926366594284,0.3205106156171271,0.29945830722519595,0.247404615349162,0.18058286598159326,0.08603316149125455,-0.13797054523072758,-0.4740465584199842,-0.8215315767077811,-0.9920579161355034,-0.8720193551005684,-0.6150454173924309,-0.353816430518387,-0.1449907671386157,0.01335560316417443,0.10772369894038603,0.17845788612467706,0.23481838691509963,0.26988005341721577,0.2643641845862562,0.2271388188173315,0.178802347917912,0.11431307339454014,0.058406021661898955,0.016256258358767876,-0.0065956685433075255,-0.04462848886519674,-0.0727806434509674,-0.050199386453266354,-0.01601815852763448,-0.012845126302053542,-0.005551252836047251,0.005798212525163523,0.030205561980151136,0.03411839730403328,0.033028819425132236,0.029153232536468718,0.03227102633136844,0.046255341134596346
0.09364871931905205,0.11356550000311856,0.12968378880455356,0.13057886074682085,0.11765285935165706,0.10903377189913208,0.11714984287615003,0.11650540450665199,0.13410913519527792,0.10640343293242001,0.06331020881297426,0.01940559774579837,0.0010668559142383053,-0.04765719425885256,-0.07687084938508934,-0.06885070353764727,-0.1281997903232584,-0.29744527703546525,-0.5571766483615119,-0.8211163605616875,-0.9928380318339309,-0.8532355340316864,-0.5876261882837982,-0.3282246600307503,-0.17714994237472786,-0.09153206645864176,-0.029271066770836716,0.043797896017734934,0.07874221352373145,0.10524623787012646,0.10324702666345123,0.09716273840073703,0.11879423850577848,0.13956338667398527,0.1868694546458133,0.27525132687007536,0.3379697913789624,0.34775958579194893,0.34093334284042753,0.30947998965061935,0.2789815926082965,0.2424058338706223,0.19280162687030847,0.17183877325636912,0.1457957868082289,0.1113979511776128,0.06427446984772926,0.021900197941319883,0.020060308282994124,0.07080656564316669
0.1576097068733374,0.1847067630706206,0.13280903733575694,0.0892408690645257,0.17243152386905097,0.18459572206607966,0.16841175096778188,0.16258628245679144,0.12772000720566792,0.10420044437985149,0.10778744375425565,0.11972092529518354,0.11116382525622343,0.06886413876679127,0.04446905696876347,-0.015384003921265677,-0.14438884188273982,-0.281513617101199,-0.48956404567310063,-0.785207293641867,-0.9808240887782982,-0.8174848217354872,-0.5167025374816678,-0.26480333466966993,-0.09210717423374627,-0.04336560952944083,-0.0157237571707467,0.04313868680342367,0.04748083503659548,0.04206032017968289,0.09126821040928836,0.15725584511882365,0.2042089022018356,0.22037880220104758,0.1961761741662395,0.19289229829137355,0.18278253342820994,0.1853821695975663,0.1339092704079173,0.09301540183858964,0.003637210612747403,-0.007745749924966454,0.024263732130907868,0.10234889127101182,0.14453844492864384,0.15185734252855954,0.09348289408526757,0.06828844812290809,0.07095201391778169,0.06917895113509297
0.10913402333900597,0.0638188997158605,0.09854391293948501,0.15224190543438848,0.15037749668113506,0.1977982241472416,0.22546236893626512,0.20913395755287395,0.14837795576116225,0.06101734881510616,0.0571285462216276,0.08131718230149992,0.08666950617021386,0.07047012495912036,0.058934702165326126,-0.04076023274125991,-0.13156186997064198,-0.23494952144553757,-0.44709394676841246,-0.801010576838029,-0.9913714054837505,-0.7985860532217186,-0.46130736664913485,-0.23477808197801878,-0.12032189963791136,-0.0388794648196383,0.041268290489783775,0.09103106087291614,0.11722670244073292,0.15759822957399183,0.15359491580573162,0.17318733551169138,0.16360427017668283,0.14784258775535664,0.13395206100411358,0.15660944742597005,0.18709011465506215,0.1753847201796049,0.1539723904261031,0.14287748203349324,0.19354353601766117,0.15949732559781638,0.11664679442642155,0.07698749482081506,0.06450942268979146,0.017120856675483992,-0.07834523536587362,-0.04774234081994985,-0.0024839946100330378,0.0352207966303735
0.04528144200129466,0.036212792312311566,0.03941191547487933,0.04539219842806613,0.12170732281794347,0.14037904964929565,0.13763724884770734,0.10406988751106165,0.07735536406545389,0.06969810281435913,0.09915735906875103,0.12589778577537755,0.15228755311825704,0.14807576419541027,0.1298799695794928,0.07113730248434051,-0.046995990275765044,-0.210999625163043,-0.46168086185714624,-0.7706668947088483,-0.9955209026455875,-0.8432456478654098,-0.5301711304555758,-0.29989560283834404,-0.15997438227128677,-0.05886888828685997,0.024294212030743657,0.07038767417982862,0.11546077224136224,0.14886148355975448,0.15181842978558582,0.1455702066548683,0.11756390835452389,0.09732195288497582,0.11261735326823065,0.11412453820006065,0.10202005534679501,0.0900403457454409,0.1099673484418685,0.152982440139132,0.14990432219977795,0.1048256253245615,0.11107634424514258,0.14988653950659955,0.1529908290836406,0.14173634381183395,0.11836730372144293,0.1151065492979977,0.11555900760410016,0.12195528259559636
0.10737128463015504,0.07170201014055252,0.07981466445971803,0.10072271911762293,0.14063410637189552,0.14557717887155106,0.1508444906701108,0.12503712392040572,0.127374335538129,0.12166760085900057,0.12814718224693053,0.13145754577826574,0.13161658035943116,0.12910770458610668,0.10432293582195289,0.03159779283761141,-0.06672447732609052,-0.21309888829638604,-0.4680549345556699,-0.7860093144983807,-0.987254110902042,-0.8435153432681289,-0.56836145445308,-0.3371259025337622,-0.16932501923705667,-0.04712724230922525,0.014859721100785086,0.057831201056316235,0.07662382121237228,0.08897294603909306,0.09503435713707202,0.09474964803016353,0.10698326766951417,0.1164502164501687,0.1306817443210266,0.14744181648860066,0.1394140655658368,0.12226315449955924,0.12296788152873511,0.13649914158514023,0.15492046611907415,0.15534392001720848,0.12246794900317313,0.10876426633567447,0.09617987806600067,0.10202086916381023,0.11211003270865023,0.1235445662538458,0.11724811628462085,0.1162283845339405
0.12450115304322769,0.10622911891592296,0.1060385067748855,0.06916911667412501,0.027085195909574738,0.06371079479188889,0.09455065959805901,0.07727555261901957,0.017988256603565178,0.041141961100659624,0.03770215091235238,0.05478008530016018,0.05871501963027067,0.09593667717825907,0.09819242488370225,0.014436182119658554,-0.12314244591600816,-0.36534442026028097,-0.6142819534974608,-0.8507628788268303,-0.9848735036948403,-0.8535789192080749,-0.6099195495081157,-0.3435214387560709,-0.16912596596769813,-0.07501978721677575,0.012966901005982915,0.09926027764911768,0.17454538363492023,0.17390914191173693,0.1459852761661796,0.12969832149457491,0.1638870433502287,0.21068393705929334,0.23141155281461018,0.2423887479946724,0.31099204415029125,0.3168013451783067,0.25976360335397,0.17848993747102798,0.11922716796336588,0.10484366990905924,0.08501344896057399,0.06465340919582319,0.09700504528466351,0.08426524833960695,0.10367373138145128,0.16306579601776355,0.21047874771500985,0.2191082287945945
0.12154495092719389,0.127259193559191,0.13232632958030952,0.18700501137608705,0.2518161087171077,0.2067406936198559,0.20342873904970643,0.21396085681686622,0.20297303286691248,0.18815778496510327,0.12503224011814695,0.08826722151138505,0.04913354362708777,0.0004108273583690918,-0.02163906336743022,-0.04617162392521302,-0.11794914507605778,-0.2709528466557131,-0.5186107907728016,-0.8438397608077733,-0.9908011379768081,-0.8181729822306143,-0.5193070813574021,-0.2682948197398367,-0.10444535090679061,-0.025948864675445424,0.02222134158229254,0.038990449394830116,0.053710412938429916,0.06211756311652574,0.0852343888712191,0.08217895246604091,0.07383734910665278,0.08221618726455276,0.10342934683051805,0.11225340783028126,0.09835228684501919,0.11395408510757002,0.11034801565256641,0.11230639775104079,0.09440581388018776,0.11746787825344984,0.10446606545067472,0.10184021202970071,0.10676547257627626,0.1454173028582214,0.11260488979515337,0.12748424066904657,0.1775711970598499,0.2089036760684638
0.11339884468484658,0.07989424481955382,0.09277294512903328,0.1085983981680693,0.17424024096495158,0.2268231482382305,0.21315936570175675,0.173297480070339,0.1783716380868039,0.14264635025349118,0.1351331060734023,0.1105902985568098,0.09657554612925229,0.08254808400698925,0.05776457733026881,0.014376879890889678,-0.044898835538325375,-0.20715896789787605,-0.48074897800088956,-0.8156086831496396,-0.999042222044856,-0.8265485974788729,-0.5497280569621688,-0.2845873814681252,-0.13197503172382252,-0.049493181320444675,-0.041852654429357566,0.009525724850124831,0.04276182175589844,0.06601326712572005,0.10747689067016936,0.1532495765718489,0.1836702888646473,0.14232123002248254,0.13288351589347935,0.1331140431267286,0.10563026492666273,0.0955203407482761,0.12895700177221703,0.11505891158514066,0.0849945490984265,0.04385172764598203,0.03795599323436879,0.09502761421558749,0.12363865050770351,0.13513393617891512,0.13673867407556883,0.12180471587763787,0.11099200903525946,0.1251306941268445
0.11791650060144095,0.09907733318812734,0.036850693127313094,0.0279672266008033,0.05229595920338824,0.04781962502901367,0.07977938801799414,0.06638925855877238,0.09476230231410877,0.10072533635181115,0.11089487306088286,0.11975718483486433,0.1341674254403676,0.16481054370078702,0.17232896722711538,0.15122862304311954,0.07270718170853341,-0.1072546267424224,-0.43464593537179835,-0.795891985946867,-0.9960883028071666,-0.843868927277657,-0.5899597662179303,-0.35245245055738816,-0.19605839792452642,-0.09801768491477979,-0.030570373501793844,0.041655033189323815,0.08332009235086144,0.11866549133729609,0.14634290580127515,0.15508966496308016,0.16258612555590313,0.1639087838182729,0.17220792985939035,0.1343916472570335,0.12469348130809521,0.11242620233466379,0.12299836314928053,0.15946387166391074,0.14134674866923624,0.1321263940712018,0.12113976641409879,0.11329223288865736,0.11308121233734135,0.11004713606861265,0.09737069081842,0.08936129999431985,0.08430006116925674,0.09551489423435473
-0.03802561408087749,-0.0693363222844515,-0.054517450579423525,-0.07185649409950937,-0.06788142219166028,-0.030572719994990387,-0.015207317389041417,-0.00420223362707675,-0.0013831636647689556,-0.00026814373224356237,0.01979689282208691,0.04654236695465451,0.08292354813738409,0.0967376987345782,0.07999581920830967,0.015393388414407665,-0.12271525065803623,-0.33945222094318267,-0.6054204058997396,-0.8607699025906971,-0.9964824250575485,-0.8780516515831679,-0.5627160758834187,-0.23150038381418447,0.030027943275989614,0.22902277206340987,0.327348267104315,0.35148363346442124,0.3496254975050296,0.3453485546921328,0.32856919335228135,0.3065800682789659,0.28032587016869476,0.2819356989956317,0.2657433884803896,0.2218406827232335,0.14861694650477209,0.10605932546497555,0.07503503856069084,0.07280695072810446,0.10268999045700836,0.12159864352957167,0.12842184077251578,0.100487052704073,0.0905992640858497,0.08744290307522627,0.07344063000287224,0.055474555696585943,0.04895186316487373,0.07949290895098267
0.060232930826890685,0.049114841092476956,0.07122257241803945,0.09773583993163355,0.09122558015008427,0.08061147194972222,0.0741183142348058,0.03944273924709543,0.02680114370176688,0.0359462034754607,0.04679681902752874,0.05028713798668214,0.05175944249316519,0.029791732017587363,-0.02499769285207265,-0.09323075518069786,-0.1826982981300399,-0.3212700992816847,-0.5455671362314497,-0.822016135698713,-0.9956945062256808,-0.8862852293817645,-0.6429749694240681,-0.409563073622061,-0.23598860014492995,-0.1142206504058333,-0.013571533058480507,0.04441568973743289,0.08000284272438397,0.13339378960782178,0.1695527434315909,0.19034258668964263,0.2140939841943237,0.2667850514255545,0.285291410457985,0.2899494946092627,0.2990407527045561,0.30869421324719337,0.31624661266872245,0.3074806800881871,0.27847949901044994,0.23646324876309105,0.2166318395732812,0.20348961904375845,0.16792973173998935,0.13105716645135315,0.10358105893051395,0.09053684810122878,0.07788137579976491,0.07165167208444904
0.06838949005509112,0.09913426559237265,0.09623124117401932,0.08974680211466707,0.12314719039395691,0.13613846400020435,0.1479055897061949,0.13042329829293633,0.10054657275906465,0.10843672456273745,0.12522467337775647,0.12361223105382517,0.1068019721086893,0.054415955513864134,0.017121282872074078,-0.004224033125305996,-0.07297814049301592,-0.20595037126600818,-0.4726440873931353,-0.7848583560304009,-0.9856454121095434,-0.8477047349198131,-0.5718649452943404,-0.34187974690889905,-0.19376560837334048,-0.08698334206524364,-0.01222302559553036,0.03178562457073988,0.08721309053778238,0.11048967901774355,0.14733810817919799,0.156720018331592,0.14863501274663435,0.13810110077986193,0.13369497811522396,0.14939700942386172,0.16232100557133408,0.16199424481887822,0.16382444765151422,0.15104964119530132,0.1276744761525441,0.11426392191458344,0.11792870764759356,0.11181119392178737,0.11849934530279406,0.10168157689538636,0.10418247873844633,0.1612861357212837,0.1737767624215721,0.17977749034146684
0.10426086751943983,0.10358649802584485,0.10093983225081905,0.15786279439713427,0.13313027185106954,0.0893080389085591,0.1142871612348994,0.12248253389881458,0.14454066932894866,0.12109009003652053,0.06618260285073349,0.055740822007666675,0.06801565678292011,0.053700740208910754,0.003476941240556645,-0.03307251943383496,-0.04474590510321834,-0.14863411483365183,-0.4246079747880155,-0.7324578391789581,-0.9924022812528189,-0.8210891207749054,-0.5346687926915034,-0.3113980876329962,-0.1686567424307608,-0.09152894763259666,-0.02739104103129339,0.03312125320894824,-0.0025754369403140783,0.0025534741559283037,0.06053566994008205,0.11293846577936623,0.16843845227304236,0.19485068676456174,0.2071380218974632,0.17782277322835607,0.1769925638379568,0.15424972367775955,0.15511809809484206,0.14888066267836952,0.1411821844177124,0.1576433832656553,0.1753347145823644,0.17013533486768528,0.12595997706538387,0.11286933829132008,0.08869020334892663,0.10158471497823733,0.09942607810674424,0.12915750872132503
0.13124901205816175,0.0989334351029371,0.07273160703043098,0.0986413070592013,0.12199367482213497,0.1203510896693382,0.07811493570997038,0.01522770686319247,0.062441231716651384,0.08146467879976509,0.05464595694184352,0.0042537708148168586,-0.026638044345321858,-0.026020675167670086,0.007397567167496622,-0.01450168357794801,-0.07490366575132089,-0.23410218865548435,-0.4558896525450838,-0.7826102158037173,-0.982600032748017,-0.8476524331916078,-0.6200257854966486,-0.4000238698097345,-0.24547998062939533,-0.13650556154213056,-0.027819930017261244,0.0730705406375981,0.16653106311982036,0.2506427193870277,0.27520899372517843,0.26243354275886555,0.27945843036281237,0.3489827603732341,0.33605590919837686,0.31185942088739127,0.3456055506167034,0.3003049654633369,0.2320488543951344,0.20683521605322358,0.23164127348029587,0.1979959065746672,0.1409984294659266,0.08848447894901872,0.052629390118623,-0.026083446187795952,-0.04271846309669127,-0.017422253897256552,-0.030264355641482898,-0.05697118121860671
0.30376741467481244,0.25940889957276336,0.22154088395004912,0.2307821039870346,0.1955441688542999,0.16796702506737576,0.12224604085936917,0.02252612534568916,-0.02416079714525073,0.01453453122078507,0.08562552458701704,0.08400748931575946,0.07234609057441288,0.058654353561249505,0.08924663429703976,0.0009287776774188186,-0.13692850835907286,-0.2826024394361423,-0.5058436710806377,-0.776533335890563,-0.9862074133422115,-0.8199843401333182,-0.5004818489464286,-0.2314304243946515,-0.09191308896508135,0.05831286452460726,0.16122940537125546,0.21392911560644462,0.20217121234555926,0.2073541689875567,0.19730514260698062,0.10928586028774018,0.06174391231341463,-0.003614843688366942,-0.06071072796726835,-0.10243235377628625,-0.05768712457994154,-0.02988725467848082,0.006036783188815183,0.016472550425555243,0.05451594948671932,0.12029628796407558,0.19009365102627782,0.196909611015868,0.16546961990131978,0.15284663359593775,0.1365492423016345,0.1659821088640212,0.13622758119076545,0.12856040783407707
0.21849116096167784,0.19532468132181824,0.1926279099541263,0.13444457890012798,0.12145355481163184,0.09632283611122604,0.09816576144820562,0.11240397918708567,0.12245764459620008,0.1311369117395633,0.13327950157309765,0.1132727419505217,0.11894330471201238,0.19797783042446437,0.19860854305878425,0.17070098722808508,0.06696952447101792,-0.138195867951924,-0.45571640774811084,-0.8175164639848675,-1.0,-0.8904724130406223,-0.6264417191697856,-0.3804052299086407,-0.1926586945427174,-0.1105334397192532,-0.11070456531729256,-0.06028075844452613,0.019346523721872125,0.05223185298921681,0.11796590403163935,0.13999638353139365,0.1419151762430865,0.15310172085073873,0.1887372627671726,0.15095853403739046,0.10096805749272443,0.06185994959542015,0.0006954931243412813,0.02234619784106277,0.05645245581026883,0.08869117876691693,0.09894358411773896,0.10011551392682491,0.10889390629121228,0.1071913953492148,0.11293224075110384,0.15382724502241818,0.19063958989146595,0.1925339412248707
0.08497652964292957,0.09815930657282225,0.11109773464099912,0.11544079960698994,0.13649422205737527,0.13273176190499875,0.11841148600460016,0.11863885142270883,0.1384211591898967,0.16435933870958502,0.17915979721191944,0.18440209299395086,0.16314237716415467,0.13933197235967615,0.09125347372033836,0.04367186960567636,-0.0275702933124679,-0.2155869716723516,-0.4870241030414935,-0.796550960285404,-0.9933951158086202,-0.8490954279485003,-0.5715034878670626,-0.34669562374531093,-0.1960868137908415,-0.10405697942622982,-0.01976938964973978,0.016161862163651685,0.06420444688486776,0.09485122416175008,0.1305975752931705,0.16206548519066125,0.15019621244404557,0.13486388686754103,0.13033656427138124,0.1319780638757877,0.12399102176417223,0.125070012820189,0.10581706145392059,0.10487902086357948,0.12868004816517456,0.1393092090857946,0.13175069443729012,0.1331389931972345,0.13524381503617183,0.10868213841527623,0.09181829791117871,0.07978747378282869,0.08040919452476009,0.08381009112897271
0.12233716855548034,0.13235143376001388,0.14845272214087357,0.1732457866059134,0.14796085345745613,0.11760421900549285,0.11389437267151654,0.13457294750018745,0.12917154246332685,0.11940555093423429,0.12327392457863397,0.12400167163536434,0.09356796687929524,0.043066358554308175,0.0009690685422271499,-0.0534182593769683,-0.11893523680655622,-0.2662758342716074,-0.4867560057578218,-0.7904495881993806,-0.9934727274373112,-0.8435044164322926,-0.5284430178499955,-0.24191879317397216,-0.04479449016248282,0.035774014211090895,0.08364066412638009,0.08440339789160092,0.1015037757190726,0.11483175578803034,0.11345955873058093,0.1413054097744812,0.1543089494056216,0.15161223503533847,0.12132479905548386,0.09848312048561453,0.07294184314655532,0.06300682043215736,0.07319101369057868,0.11261311359991337,0.1175050505764784,0.10590058920728229,0.1157125426239604,0.12150667959688127,0.13322889076232527,0.14904550534130231,0.13342457542218097,0.08637657516556067,0.07624734937622088,0.08274455301937217
0.09974792495232865,0.11173875491669448,0.10109134736713174,0.12332752970635276,0.16537834208689495,0.15746017786611774,0.14834122336159633,0.13931313597045064,0.13839013003872622,0.126281516394594,0.12689209753938213,0.1059445219812827,0.08874031750238039,0.060151300392373194,0.03719918464772847,0.004008627876017236,-0.06186799129798618,-0.19372076664126267,-0.45292762106572915,-0.7870788184800036,-0.9927452137907978,-0.8492368995138517,-0.5537550695297754,-0.27940134528983696,-0.09181705841556247,-0.0014965491843381,0.0010759216728846337,0.009284180772644,0.03308629472768493,0.0592036941930028,0.07415342241247934,0.09544198724757576,0.12273503525662594,0.12872695656750494,0.14466377002382033,0.13653582784954124,0.12831398813532885,0.12602113688564,0.1319750732137805,0.12773646229692162,0.1351389706757474,0.1342635760416406,0.11410497875730957,0.11567399654859073,0.12126155040764088,0.12692678582743408,0.12836435816676856,0.12191441235923463,0.10297293897398778,0.11046588159530416
0.06186806193559317,0.06678272072842914,0.1576199208123059,0.15413879499698488,0.1572086166793062,0.0882799240958753,0.05123808033782536,0.017136428306419312,-0.005171863252116512,-0.0027226357528732223,0.03618020053991573,0.03917782007366491,0.021156814487464634,-0.016003370597341606,-0.08930864472478629,-0.14484407341445457,-0.20304369360125865,-0.29107892648358863,-0.5089458281497579,-0.7709966484727914,-0.9933124425420838,-0.8486148238263601,-0.5566225685962839,-0.26050552344724276,-0.06419031563878431,0.030782804438804347,0.08386926698728339,0.11334035127926786,0.14185543152396224,0.131091024668054,0.18106697152146328,0.23606247725723442,0.2587158684940191,0.24915594345548817,0.24324723934991813,0.18908320396106465,0.13323840228859724,0.15622025836536096,0.15399038653723884,0.16046788287604058,0.1671150034708821,0.18082658794365566,0.16500387521404875,0.15226844849809584,0.12875518359137159,0.1552839431029139,0.1438294620553086,0.12894385984166887,0.10711295361805728,0.11324714516614004
-0.003992650546934571,0.0013881144469235732,0.02666072220261631,0.06625556001182559,0.12380181361835212,0.13541916584014058,0.13670104734681693,0.1428763679200125,0.15054556690748908,0.17519636092505878,0.16814534568452288,0.15861376868243907,0.14983915330635905,0.12415651000336764,0.07297021062890209,0.020095105916496436,-0.09493115651510044,-0.257579115025608,-0.48454674142385773,-0.8149432399110393,-0.9981816363197149,-0.8435252760210873,-0.5503149888977473,-0.2717785723008317,-0.08237936971289092,-0.003367488535966483,0.04607617995745966,0.06669734631320515,0.0954831052805314,0.1176778472339502,0.1246386738487044,0.11581553641998767,0.13116106167694622,0.11532672281962893,0.09915516765019783,0.1043197214448543,0.10716617736367373,0.13065196301962265,0.11723707506218377,0.0966657998863487,0.12038405229510812,0.13032898833474268,0.11542330970321744,0.10308168987479516,0.10614945544871708,0.1161310569122222,0.13994917085150968,0.15375357328107447,0.14451536267873202,0.15508638441204228
0.09068388173973743,0.08997936036338348,0.07474179951079579,0.07281917314981237,0.10256518412173316,0.10435509898249173,0.10265904468036971,0.09542654198129981,0.09721786309128214,0.09520219530826275,0.09857062185501976,0.11172242460083649,0.11357126646578626,0.09527079744862837,0.05591459681927451,0.02394322594896284,-0.0623795392041617,-0.20689958344655693,-0.463968792591934,-0.8004161504415932,-0.9903238458999645,-0.8190248030243023,-0.5157974790136415,-0.2968382872062646,-0.17733160609574444,-0.10509761423849164,-0.04297771273686782,0.007359766836319657,0.04948463182904881,0.08031746092049145,0.098331037887502,0.11151305126289063,0.12903124758397574,0.14452958676929561,0.16114801395208647,0.1589811538489444,0.17315285523895554,0.1695946442727458,0.13930078785987268,0.13389302670388734,0.14999445461630276,0.1734776401720959,0.17486725613479845,0.15213827718706027,0.12518768380201561,0.15173294034820684,0.17366891579583885,0.1538010609993654,0.1257004530818634,0.11920639072828197
0.01764530640514803,0.04658955321802234,0.05788242657201081,0.08693143467804819,0.08436291874233418,0.11983790716257073,0.14407449443443465,0.11176280490819113,0.08001930490441406,0.07977915084599997,0.06976409012747554,0.10158857514809577,0.14297961029048029,0.1371052154812555,0.13077087079178737,0.060298685890203485,-0.04041518295680024,-0.25453819843942305,-0.5117817558444702,-0.801880568942444,-1.0,-0.8904617050488514,-0.6003782617533069,-0.3023561322056677,-0.12257715792606927,-0.01128570465646271,0.09311475255030867,0.15807671548716226,0.18560350850888668,0.17699735367001462,0.18506404610424507,0.18259070075279926,0.18941308952329783,0.22576812073566277,0.19337109537062266,0.13887420612419074,0.16206393613719786,0.17768743943150478,0.14695961455869874,0.14463013304827937,0.13335699860498976,0.11261755569636733,0.06418391630182108,0.04294277812744368,0.06428594759514997,0.09082751533412435,0.06862950886536569,0.05760741418351642,0.040540387728407026,0.029075583732967078
0.12022962674350429,0.12076944675444637,0.1242455261766087,0.1216824092929605,0.13669393160708201,0.13836598169409564,0.1333327940956191,0.11661758235886,0.12954558047481932,0.14693164298900704,0.16632202547398972,0.13953663401845018,0.11345962149411379,0.07589910372479075,0.040299496517244925,-0.010563957751649282,-0.10626243265417026,-0.24969270114234393,-0.4866787797621015,-0.788312586678034,-0.9851757694936819,-0.8410119151293778,-0.5585251456833983,-0.2904765972673237,-0.13120476692797725,-0.03773458683745021,0.006636544534061039,0.04978632264645521,0.0875453472306904,0.10544204006358747,0.12630430688648756,0.1492766805717972,0.16419702543694673,0.16668863020342042,0.153902446777896,0.13310632770773148,0.11316059494548074,0.09430652612303986,0.09331494627406209,0.10507541219728071,0.12161746641197115,0.11638307534055332,0.12176784131369428,0.1231758324505769,0.11429065276900525,0.09126252591986249,0.08811543726288748,0.10408838601844862,0.11859894135664953,0.11366452546932881
0.04872451937475845,0.03154136716524438,0.056911551858323355,0.09623329094812964,0.12107176367957377,0.117086962917885,0.13767017723234162,0.18482079398943646,0.16067448093779424,0.12324467175458179,0.08830461902617906,0.06562270437600277,0.10806445645420873,0.16996535230972573,0.14021150188834855,0.06036162789020092,-0.07041335500557899,-0.27358938333088195,-0.5274363319759272,-0.8375663192276801,-0.9889509406879368,-0.8514435021803155,-0.5581470142901133,-0.2927219420073117,-0.0844623248019263,0.01909106486045893,0.07749086585786638,0.1188161766804691,0.15392695482394206,0.15687127477057336,0.16002516445296783,0.11577591638589778,0.10281764785353653,0.12339297101020406,0.12727830623310488,0.14064643810667468,0.1205653232202104,0.1146170197993684,0.14430119548317002,0.1824629150933393,0.16201148996736278,0.12461470558845023,0.0650704881483135,0.06511336438530389,0.0826767136729252,0.0975835871349438,0.10424380607283935,0.08729929370252222,0.058965438012772,0.06856315038772048
0.05164405217436838,0.07094630553901841,0.11520167734347568,0.17072678188167925,0.25476429100761594,0.25624841706111084,0.22197746390423523,0.18394258485608309,0.17408957132707178,0.16201232850920677,0.08601905799306057,0.06720078764932322,0.08767809789386076,0.10972057500439573,0.06760064647111819,-0.02999824223851834,-0.12299633901454902,-0.29839852146450146,-0.557436527345546,-0.8170177455981209,-0.9963513671681564,-0.8018030397467197,-0.522804506113752,-0.23640758509386983,-0.06120877908569856,0.05342329165003657,0.10149407141883042,0.12278591892141459,0.13645458447290373,0.1520088592906404,0.15972431293451092,0.1544897144049148,0.13072430119111547,0.09916275853994531,0.099822850144425,0.08986149540823014,0.062150686438480866,0.04733696271223308,0.03173257916260929,0.07507722895305878,0.12435670133223946,0.15199683652164242,0.11095885314004239,0.08084921642756811,0.04399588114624714,0.0315228666085691,0.043425704349794286,0.07850741212290945,0.08970796915879764,0.09307895780264881
0.03129845825766582,0.05754285236426972,0.06969889768830763,0.10644700777840671,0.14551440684951722,0.15980366478214597,0.16851797054591966,0.1833148701949308,0.1634980373390433,0.1409933514342169,0.13417718938323914,0.10595825296117571,0.07808828504593157,0.05701704320226288,0.023837480855579313,-0.07594625689379929,-0.20876310498154121,-0.3751595163835192,-0.588395967028662,-0.830399956409011,-0.9896446788095288,-0.8828079679048196,-0.6392380315767622,-0.3899691324607803,-0.18561190959321852,-0.02619581054007516,0.07189573802542704,0.11614738068224566,0.1619219811476087,0.21679413114745263,0.248000703740738,0.255956548106835,0.23147648290752806,0.20768719256599824,0.21240157977516094,0.20437250909663635,0.18969126655352225,0.1428206442957411,0.12128737728925348,0.10938804374694362,0.1152501106615562,0.10944054691989202,0.11159066147163438,0.1015695511964964,0.10967406162832231,0.11383220798700232,0.1085426561774348,0.10468769624652367,0.09258424855363323,0.1094112439755196
0.07412341966959794,0.07198341047307946,0.06801108897316116,0.07154849104652138,0.08373753728277863,0.0840948817189495,0.0859073860899438,0.08284046857070923,0.09533515151292024,0.11472444208332826,0.13980856668980945,0.15731067690769937,0.17061407133198134,0.16067906777904242,0.15186558581395926,0.1355200442662367,0.051351131466189,-0.13701049826384254,-0.45624163120699107,-0.8036146157181878,-0.9945553714181188,-0.8518466126045731,-0.5875501104573138,-0.321033601186418,-0.12335313269167107,0.011390241074956686,0.07385192554114682,0.09742965389282021,0.10173152171855379,0.10826777575945119,0.12959159289235364,0.1402677617038199,0.16457723649683853,0.1718807795516336,0.17679768691580575,0.15791210140673761,0.15631382383542355,0.12644190074843228,0.10496954258454033,0.08904000153135018,0.10060754415509754,0.09714382436985283,0.08122953917856514,0.07584702312377828,0.06119518670311945,0.0477505117003589,0.037613923871388975,0.04746280206998445,0.049371697101992414,0.0670645539432068
0.05586717296744486,0.07200848215329556,0.07112234454689878,0.061315072484434824,0.060754717788916154,0.07749667165380693,0.10543665652490691,0.11774828576708066,0.12572818079371997,0.1420977338069052,0.15319080579916317,0.14281963912778645,0.14605992311138594,0.15379110541641455,0.1588334648355272,0.13244048015752502,0.028751900999370222,-0.16977217127624544,-0.4882012360442799,-0.818015440064919,-0.9941755969054377,-0.850943900143073,-0.5744637812623031,-0.32665663340238293,-0.15002479251542591,-0.027510539285069826,0.04520704798415548,0.10532649334892968,0.13469248937219988,0.14133290035353185,0.14873681243836398,0.15572449557730578,0.16209412992096137,0.14684828665708505,0.11951302220040227,0.10037563712702774,0.1022686874424452,0.1038736891707728,0.11629823825823091,0.1329653500952046,0.13664123173536188,0.11440580969209221,0.09499099466824049,0.07766162974358742,0.07235044423348497,0.09304397054251526,0.08583505107909721,0.07199385422042345,0.06544540815657521,0.06667577894656021
0.0993299546774248,0.0978783241289649,0.11468649856037172,0.10168682002013199,0.05240980896588152,0.04176667473401533,0.09942148954361608,0.1704899142300728,0.15770328516934004,0.1168195410637864,0.08821144387890445,0.04660321887975643,0.042639352008969476,0.05604500143515964,0.06750708926199255,0.04559539439885543,-0.07072690513376055,-0.2536372497672906,-0.5199061778706077,-0.8277800513612004,-0.99517494485782,-0.8325661862587597,-0.5379776548673252,-0.3174370341470285,-0.14339392876154738,0.005487750297469159,0.041506774112415504,0.025585499383628748,0.051792941598199055,0.09241164390702204,0.08514349420742359,0.110675231586148,0.17182133813098727,0.22076572318722268,0.21145900037884566,0.16478428429212175,0.14317080783763605,0.11590905737112206,0.1466898061308985,0.15931086659818228,0.12328199131774098,0.08799426235915755,0.11512093290406748,0.1279626450253314,0.14829988156816684,0.16736592648461987,0.11967782667889944,0.14007610919257638,0.13826357507346182,0.18524895244475223
0.1033872231457431,0.04844137835074366,0.038624348419227024,-0.0342158154547061,-0.029878827823865448,0.0283666330030903,0.06806368035181415,0.11797987165237593,0.13410577316897582,0.19191850469056332,0.32216167975196797,0.43252450236700524,0.5648564557333982,0.7360271023901048,0.8429291014062114,0.8079752298955731,0.6195276361542403,0.24303102889186262,-0.31882914109265176,-0.8063649369720681,-0.9884576268268188,-0.846712121445312,-0.5788227431331192,-0.36685519607898426,-0.22342015355047737,-0.1577164419492759,-0.16696301725623078,-0.19110013219156735,-0.16312186027621495,-0.13993825254783493,-0.1053358359623384,-0.08784714829234198,-0.061138872464619444,-0.05203752344872844,-0.05669587565428155,-0.07855732790135249,-0.004365052198485431,0.032987184761797544,0.005242205742077951,-0.019206987402066958,-0.01674101982861223,0.02804188210534053,0.011554309976628286,-0.020491829022841433,0.018853532427618596,0.04993850556639036,0.06404447522245148,0.022351510351999608,-0.00758107855582994,-0.01053893819657605
0.10401255864754413,0.1536516509524291,0.12190972488796875,0.14225794024409874,0.20595798763302353,0.2013634991693821,0.20073021271383276,0.18591630863003164,0.15150003101095683,0.1285553065736401,0.0811275205780396,0.07244598110045966,0.09284564245896527,0.09863918559180644,0.07911212717821497,0.027970278055317172,-0.025422717630540267,-0.1629046547993141,-0.4446055272698449,-0.7463557151080473,-0.9812013691123885,-0.8484525633343158,-0.5877139415747139,-0.3604530305742153,-0.2593313192789746,-0.18634698713507747,-0.11884026605198379,-0.0924517711633841,-0.07090908674769693,0.014227117330842308,0.06520922133862253,0.10389942266973377,0.15212529960768323,0.18581082514780836,0.20183536919961076,0.18029455606229391,0.17085184339133394,0.1736544591161607,0.15802970591625584,0.11877431646881731,0.11741375733486116,0.1547489225480641,0.1847573826043288,0.17581430960043914,0.14517746153834254,0.08500493412742738,0.08830976662545413,0.09292526190344252,0.12044292098505217,0.14768614083821177
0.06041267907105454,0.10154100157801554,0.10409954243704438,0.11821140900467911,0.15377687084035355,0.12138581980046557,0.11955313807254461,0.14703009634323486,0.17801297194851531,0.1795828954464157,0.1980947721860002,0.2076001596839808,0.1691803253540429,0.1264694209620357,0.05423623013059284,-0.016667268894783944,-0.07524556029582695,-0.2175418367489498,-0.48071796117807675,-0.7998183643960329,-0.9889648182583946,-0.8324757661677173,-0.546381314270724,-0.3152147219843564,-0.1748200586041268,-0.08949787679704709,-0.037605933728892614,-0.0006449899465873867,0.0468428197881402,0.0777772283990462,0.12037438873717977,0.10320172653018844,0.10845235786902883,0.12892336194760373,0.13790397736598659,0.13281464411661556,0.14637880554116395,0.14199711606934592,0.12514487853860218,0.1133827996103771,0.09374463166694245,0.07004842052980123,0.07821005245497209,0.10810871160231808,0.13581597241937543,0.12703654438717019,0.12466558926978862,0.12486726329958173,0.14387639973369162,0.14684144853562037
0.04994553944937292,0.044794397053645484,0.0632113955877176,0.09725877617163535,0.1630707814722039,0.14674632656129202,0.16644486244187962,0.16963594036056284,0.1660081592840339,0.15091386098971268,0.13480538956839763,0.10759020850988556,0.09708976273070488,0.08829822340157321,0.06521199096317662,0.030416256118845637,-0.0741690798909035,-0.2419873683462741,-0.4658770138813961,-0.7730146269087608,-0.9943163760452717,-0.8400959354967314,-0.5585059543985578,-0.3083760828801947,-0.1856589850833288,-0.09336140928882986,-0.02847181321901365,0.03890982447570481,0.1020546584698868,0.1327254243765622,0.1456734046465168,0.13572456066483743,0.134667068755054,0.13710646659801604,0.1410896768202767,0.13767589857188195,0.14299821079357092,0.15636253019026736,0.11582117344154551,0.10954093280494354,0.11838957643851797,0.11373003115012167,0.10923286027121373,0.11060980106006166,0.10182580718620278,0.09871775528760146,0.09649214956131168,0.1318948930902559,0.15583228082757997,0.15531778929269144
0.12426327100517673,0.1746027099618714,0.19010570291634504,0.19565870614659306,0.16875465832990444,0.1584006043691816,0.146995611871425,0.12267956530247699,0.13746872683201827,0.14559080711562072,0.1589246447475241,0.1323893811211446,0.128408433648556,0.1009526441544644,0.060875347917539166,-0.0029453348947347485,-0.10846559711092134,-0.25685007355956707,-0.47727128376846684,-0.7811671001814088,-0.9911925612127496,-0.8336109541218052,-0.558515369414133,-0.3423606707204217,-0.18210162356484935,-0.08119153611541678,-0.010153873631010495,0.022491148431089666,0.012651764568768431,0.03067500177964606,0.08492946897000163,0.1154937494583621,0.15199210679506384,0.1698436067150031,0.15671527079970438,0.13394356062229462,0.1186710983817561,0.09727983110378594,0.1101891919671247,0.11694330011611812,0.12032698540758349,0.13295407041301943,0.1219261835258259,0.11574735716261354,0.11198329877739553,0.11255380702490579,0.11286149891910027,0.10823133547148678,0.10100120460299972,0.1203503218419943
0.1284973806390469,0.11886852981189523,0.09385910245570729,0.09376047441039427,0.1632401673366456,0.1703646631281564,0.1728669745886779,0.16968056711307478,0.16627152635757492,0.13490853801252042,0.11888021742843549,0.11747426607772127,0.08857638453977154,0.03993208475789141,0.013177419581463458,-0.02699653633151373,-0.1023869319529571,-0.24416707562857856,-0.47178436496723986,-0.7810150348957984,-0.9923172432006148,-0.8628566221616684,-0.5936389797749231,-0.36537954209661994,-0.19510574001172482,-0.08221416895575057,-0.026088811405028448,0.0172094272448735,0.05284540249827016,0.0829074657225909,0.12765540750461898,0.16366146599982925,0.1718485925490313,0.1683029054766667,0.16856227475315566,0.1858096495482228,0.19270539895520652,0.1677320968505951,0.1451260743956448,0.13077315176983717,0.13034974142834127,0.11655828592703672,0.10849729869727635,0.12309336628903525,0.15267220053424863,0.14994247014344492,0.11396193406467374,0.1052539405365546,0.0904235261239556,0.08770067813033156
0.08510832424809198,0.08256753310482991,0.07017145811311716,0.06833119326361006,0.12341500102874893,0.11903937346479707,0.11114968029550167,0.10683571024331719,0.10474092366192798,0.09128756146887645,0.05986579712872256,0.05566704768058074,0.047801483279276004,0.02091175248288424,-0.00803095174514261,-0.05698257655951762,-0.10614739125927444,-0.2182887430243386,-0.4663368973462534,-0.7926740574067377,-0.9962833796685554,-0.8314142051511254,-0.5223637066959064,-0.31126311651267174,-0.18890618943862317,-0.11745554583423107,-0.03490780681005404,0.025695155612355393,0.04941579524974469,0.08635364143109767,0.11375135719655984,0.11303467676471733,0.1299515411176745,0.1725864703665819,0.19376891749850614,0.183807432897015,0.18111312090131435,0.1851207963742405,0.20402150976060918,0.22429994685218735,0.22298395093882908,0.22687530075178344,0.20682290173940623,0.20379875513279308,0.17141699685700681,0.13117533598412337,0.10796332650022723,0.12404413689178231,0.11984664365225295,0.12631401751734178
0.13892480204254304,0.12475371765074528,0.1232006714839688,0.13157877921168387,0.16775287707559935,0.16137449208037113,0.1487044218586771,0.11280172197682913,0.1141237787459367,0.12021800558105636,0.11399209983097294,0.10423140279822707,0.08269515218637633,0.04679548695216802,0.010047022904670255,-0.01028342881548402,-0.07279253776670094,-0.21889596665405017,-0.49832408021546926,-0.7992233377602753,-0.9936706691789977,-0.8510987137575715,-0.5977425135633706,-0.36371146647993013,-0.26365302103675875,-0.20066722198550768,-0.09471326292339637,0.007727013085663519,0.06076866522349652,0.10116003859463714,0.11867798226817632,0.12503581331619867,0.10904070643211838,0.11651622468771868,0.12469904417884815,0.17530727290604423,0.227417563202933,0.24451175396656824,0.24677434611729834,0.2257638939623531,0.19094303826006642,0.16370447981090006,0.17448341100531775,0.18649815180216237,0.1313396012847018,0.11882884122789344,0.09660891237468354,0.09672720906820509,0.09706884520060237,0.12397897978110001
0.02637404704178832,0.004580213601001646,-0.016827621354195722,-0.007926011708834156,0.054321041778773727,0.1015993200488107,0.07999887154505615,0.05566080359614496,0.05137871632901325,0.08884439893934513,0.11858751912101351,0.1518263530768306,0.20220961317846306,0.212854157857811,0.1502160155427731,0.04758302867872039,-0.10127323802915948,-0.2734921221470928,-0.48878974608130327,-0.7933722196829155,-1.0,-0.9119053322359337,-0.6905526614811953,-0.43324809929397556,-0.2767049399805402,-0.20081076032268627,-0.06865120025079247,0.0388506774625369,0.14005854582603097,0.22743415172693218,0.2677293606313148,0.2642566116651629,0.278146505590894,0.2873896015826471,0.35220551567411,0.36276057855937743,0.32897663434575153,0.2879104280173178,0.21378173636782627,0.2162931205459947,0.1877264166901577,0.15432191334276155,0.11402315259038834,0.0918972298126094,0.07900224684930043,0.07022299472857627,0.02474680571858436,-0.042535729246962584,-0.019480749378724797,-0.008197896869508446
0.1532333603444719,0.14035377549448014,0.15275812771409444,0.15973237373845509,0.17575490640424687,0.15327777386014146,0.14696623334638295,0.16009870624659175,0.16786805294497514,0.1619595704004207,0.16273017600856732,0.16350306422750754,0.15168484137251206,0.07088787696568141,0.017313534530747157,-0.044007527987663386,-0.15588793607516033,-0.29942701280767253,-0.5014630312778138,-0.8096146765824749,-0.9871724703020229,-0.7736604111371542,-0.4702490501737296,-0.2584526381207044,-0.14771399509149655,-0.07849235010588985,-0.04272468328253313,-0.014638134773895486,0.0336903792872419,0.07338481132694077,0.07636253299523275,0.04267357245015942,0.031436763537693285,0.0586124581191456,0.11201933580694211,0.13570083174803224,0.14193676188699017,0.10428034840706665,0.05298450181346967,0.05273261999469524,0.06640086855841097,0.09678096163143887,0.11664992088636966,0.15363450682768726,0.18772215258972116,0.19186923488638885,0.17110386520619927,0.17298266613978372,0.19347388283245215,0.17894856718687296
0.1322099813134389,0.13808361910008785,0.12647056346411945,0.09095288633173756,0.09764531886653713,0.10265059924050103,0.11616013947400607,0.11446514779187077,0.09378186623012631,0.09330826108215792,0.08905256876658077,0.10943838811192431,0.11489764285173037,0.07703985360567854,0.012462258128230819,-0.06062228209546442,-0.14886680633653743,-0.26394945738842857,-0.4890667014626355,-0.77874359507205,-0.9858845228629985,-0.8610927722643381,-0.6033914624492096,-0.38153385643137894,-0.17876464134965458,-0.06341940872854275,0.01615694103568529,0.0875944403281532,0.14380368195444826,0.17470655307793284,0.15820071220779125,0.1429163318628151,0.12140875735345752,0.12089728709608429,0.1364368141138135,0.1439432177483185,0.15862296979738144,0.15906588287559736,0.16397408626660342,0.1366562409618127,0.12382664948497513,0.12349408277127193,0.12673616132653118,0.11992325936694906,0.13425071011301443,0.15567193966828605,0.16492121999408263,0.15412082067184216,0.15928384205795204,0.18010380994771139
0.09377569597399414,0.11200486156844991,0.1383802234987143,0.13820935288280134,0.14509549068809788,0.16643365224985632,0.18676935500299888,0.18131928752994528,0.16859114698181143,0.17066086228958804,0.15103971379339592,0.13816580033724662,0.11666452225851759,0.07081477158370908,0.02201072489926905,-0.06380366169335937,-0.15266977808510357,-0.2828877495836573,-0.5086146358275071,-0.7991591172366754,-0.9928961405378354,-0.8250452895523263,-0.5266570860743667,-0.3103111346293739,-0.18096426439670563,-0.12159776399282908,-0.07532375471170753,-0.04151035195534966,0.01809786201940169,0.08966415428793455,0.144324687241945,0.17659744501387467,0.18465265104718692,0.15765459445383673,0.1690408133391356,0.18148719233721558,0.17022279395272671,0.15637656948021303,0.13825960916129112,0.12355210768782975,0.13437822064544702,0.11411610015658913,0.1012644696536042,0.09493228366468687,0.09927677526377536,0.11685229536662384,0.13614618702837217,0.12099379412027017,0.12051883196965492,0.13309582884678559
0.02555062571071087,0.05063159519693185,0.0461689626276404,0.050917901779382754,0.044578423636372703,0.06024488922744282,0.10406484013543817,0.10695736493266636,0.10991273696527247,0.10510318005224135,0.09361515240747674,0.06894259887590413,0.051330444458415565,0.02803625276667417,0.003463158377551209,-0.016124654927939873,-0.09464017071636699,-0.24798580935948797,-0.5013266958503053,-0.8140246523284198,-0.9897247451340483,-0.8210648013013987,-0.5726102957101357,-0.38164680910492554,-0.23199514362917725,-0.1273277243096912,-0.07216122273763846,-0.010058148829678093,0.04953584375223421,0.12405171635019666,0.20289665849763497,0.2598110639227174,0.30450713296498305,0.33846231614564753,0.3789091766865984,0.3891125324218115,0.40895696999874914,0.3696327770761532,0.3185646298822735,0.257715623428889,0.1849175021259759,0.11099217841997995,0.04008927591209699,0.0065141288675815,0.0247799292515453,0.04502288670414025,0.02256250352998953,0.01876873944716758,0.0240625538389665,0.0513066075637596
0.09616900160645157,0.08386696795677881,0.08332544456796012,0.08956282094304745,0.07952535348442835,0.0581205224329496,0.08187635631447435,0.13232040101882903,0.1594428660996759,0.16410797113400627,0.1843288329796601,0.19385997339785158,0.2138293860275786,0.20124068706923798,0.16605342352183255,0.12187594193256789,0.045092493333227505,-0.10465531942663894,-0.4203318995735692,-0.7758074995857346,-0.9873583089412398,-0.8060215972681241,-0.5184567252723311,-0.29359323102194657,-0.14772902027661705,-0.030016528119631458,0.078094781134579,0.1336685015765819,0.13140238617526942,0.11395454710849329,0.11661902961073987,0.0986668785752702,0.07057563613887154,0.027155092402342856,-0.005257009470192287,-0.013081421683655288,-0.004399660869285409,-0.021168221266460705,-0.0194421807316861,0.012091971768090357,0.04613000325534724,0.0757620428954277,0.09171731431849642,0.1086338248017504,0.12482698477688764,0.14832051638307714,0.14775845672326718,0.1598668813130238,0.15595257278060234,0.15152275794843753
0.07195150440357732,0.07780800572204696,0.11899139114097318,0.11557531285255554,0.11077803539425415,0.09653429491329744,0.10518303143626181,0.10518395707859388,0.11659145716788687,0.10062782097335836,0.10823315678592728,0.10850215632231762,0.12560297243187205,0.12487316460345364,0.11655140114824854,0.12274770286751185,0.07356297904267332,-0.11515427184457329,-0.45668271869294225,-0.8001391825731621,-0.9934809962589556,-0.8446803942161333,-0.543766565689215,-0.25161401532119665,-0.05056518011244772,0.06535568617715229,0.1026420704981778,0.09865840500373771,0.09093194199703127,0.10731901238177595,0.13018335236998524,0.11386655480451556,0.11286902285508307,0.10855791549677538,0.08541007609800352,0.06867840069936426,0.07948604433092588,0.1055059430445472,0.11146924395523615,0.09127695334174823,0.06138794137515857,0.03671054994746981,0.055625760508092766,0.08800401970859559,0.0974149102485746,0.09345560611764829,0.0970015328582245,0.08572837532159668,0.0807046001942547,0.08854106109014116
0.13652275749021628,0.12388749328225236,0.15354930476582168,0.20149118225055884,0.2221224347985519,0.20449364975743622,0.19329214859509358,0.16274765151783788,0.13384305922271927,0.10198937437697654,0.08951156328589877,0.09575875169646696,0.07579510465200082,0.05175367590259547,0.04434409986657523,-0.0069669765381099305,-0.09855822796600115,-0.2735147379396278,-0.5126234057084664,-0.7950728308922842,-0.9927874095393558,-0.8685842154713583,-0.5091863244764679,-0.18877236119926333,0.03467008993480533,0.14401006167864036,0.17441918460895559,0.13326352603814623,0.1077005663188987,0.10677039804819059,0.1056561211807394,0.11632511433054558,0.10111140613963414,0.1150405688747526,0.11783596435398,0.09472818000592396,0.06093161483683335,0.039963994446192024,0.007786127004620901,0.030196272510417208,0.08275237291496006,0.14067072439620318,0.15578389920617733,0.1655556151137123,0.1560419936530446,0.12086619949546593,0.022931427424337326,-0.017662053705809165,-0.026923602810707346,-0.03546152772872758
0.07893693252044216,0.07824079519542504,0.09026254275086687,0.11177015356035466,0.11055131299202739,0.08711618624634361,0.08196427199400318,0.09591122749942303,0.11447287242755354,0.12009879280785947,0.12163951957468928,0.09268216669507809,0.07219984423496537,0.06105676375545613,0.036443415580170446,-0.007001862005678279,-0.11249396915989687,-0.2612480706444734,-0.46577650719187674,-0.7770640775877841,-0.9949948261574632,-0.8409497791338509,-0.5521394721326888,-0.303807212246846,-0.13624549901362584,-0.014392788885307579,0.04899270861054377,0.08965956782018582,0.14358010360394222,0.17075161467523264,0.1743023994068523,0.17798547319517785,0.18451167688910272,0.17748380746267958,0.16591072641075516,0.1541063504479398,0.14642086559586917,0.12049730671943147,0.13327860265515062,0.1482142112522975,0.1319549406413109,0.11933633877038569,0.1101597262429644,0.0917399122468601,0.09366243442551188,0.11461294303795472,0.11858442087216066,0.09643182385147914,0.09594581052690693,0.10464350096413808
0.11760604358825193,0.10978987185596074,0.10267336714247641,0.12394365013134381,0.13367851969229141,0.14170126584464215,0.14999524607814796,0.1562705186865282,0.1702549118181339,0.16556318684164725,0.1532154265250449,0.12276067021200125,0.10146625978895628,0.07241378599460875,0.03336884535573284,-0.01581047827534935,-0.09331350806966397,-0.21693351316845835,-0.46365737800873497,-0.7774764196507622,-0.9924232697269417,-0.8127321684896809,-0.5119389359627602,-0.26241891392108135,-0.11428119034871825,-0.03535077852246896,0.0163278121035554,0.04946022033339182,0.0646892595875467,0.08079898254247897,0.10639891560936893,0.1219721550605001,0.1349518745282471,0.14476256057411066,0.13146863241272938,0.12499850540684239,0.15658604698738482,0.16323604297451036,0.15084266556279927,0.13910540395029283,0.15260914083126048,0.12830385411590775,0.08246382157025865,0.06662988175617102,0.05604759160370529,0.06551928135604358,0.058502866111841335,0.04862259039909306,0.0742634384713479,0.12307344073946495
0.06662732234876236,0.10668013935579311,0.08148850596989858,0.05867984509723941,0.05019749992493467,0.07343332757827871,0.08319518048148983,0.08633898194791458,0.08046222680885352,0.07105697667490296,0.06940673632252838,0.05118861831896829,0.036595216294430355,0.04738850693707931,0.034132651515268696,-0.008387178576191574,-0.10171534991118682,-0.2515779958804971,-0.47301423082942434,-0.784420992033474,-0.9966149679450135,-0.838377980266913,-0.5417982220030267,-0.27169274199673177,-0.117601928571941,-0.032204175046473056,0.03169017119893118,0.06705119025762746,0.11702709239595593,0.15161585797648072,0.16296575708982694,0.1605973756526408,0.16372861731914273,0.15704648706730245,0.1482206339590415,0.13973831912664225,0.11993855462731588,0.13111975422682662,0.15957305493074853,0.209187508580859,0.23535959209032856,0.2194069399409635,0.20818975314527022,0.19620491606701476,0.17599669062232956,0.15035300666735188,0.10822542671302678,0.07635109728755829,0.0676952588931347,0.06325097164821024
0.06680554045031543,0.11847504548385539,0.13658171176998804,0.14676905666842338,0.14095538193883214,0.13177300890107913,0.12699244015133457,0.11915172704281056,0.12602634973727042,0.1541092754693923,0.16127312619446227,0.13512311629948334,0.08121083124526755,0.02970693134142421,-0.0035430221986308217,-0.05799254254301402,-0.15039660835932517,-0.3070999016187845,-0.5390935407045828,-0.8246882415810153,-0.9930928983117085,-0.8040337856824983,-0.5032989476634034,-0.25051476990785526,-0.07504957733333503,-0.00905451643014446,0.03289706925086354,0.08125536399913676,0.10601530891802259,0.08642457915707448,0.06356484325373987,0.06582552869180883,0.06134538450865832,0.048249212095334774,0.05740241908685425,0.08229583332757116,0.1344141078945395,0.15123475662176947,0.13807035487570166,0.11595228458889074,0.16969886528924671,0.18928732881645768,0.20313292090511634,0.17919401782718533,0.14341237270227833,0.15018938981519822,0.15657533942904894,0.15497517743001998,0.1343397670513648,0.13715258410447678
0.1551446690993275,0.12503382822959072,0.05486804009859726,0.13043889667408481,0.1902714747875509,0.17305981341373206,0.15738506204317543,0.12295906913888646,0.13610751966945991,0.132952492674652,0.14515673143768773,0.1319756620363926,0.11715384357739157,0.07043548937565113,0.05812092639876213,0.04357435671421359,-0.07218028561756772,-0.24542442306941809,-0.500105878699699,-0.7874181018179275,-0.9975223522320257,-0.8552633266607979,-0.5739771212314263,-0.3444105711518453,-0.21197571194655768,-0.12172399242358348,-0.053542289611088215,0.01023492885820574,0.05778539794505717,0.08882248808743484,0.1369807953586245,0.1510096264102563,0.16829577274239266,0.18252143914383293,0.22517276533903735,0.2114060942820084,0.21054192790446621,0.1878580934527408,0.19722745466482006,0.18059634352608184,0.16640461948094387,0.15318799250447887,0.14345677936739512,0.12118158745448741,0.06396451247620402,0.024334987471913226,0.0113243848421064,0.027429798231330207,0.04135112309252915,0.057817266456434126
0.11879471135313999,0.08535921477189831,0.12326598360909707,0.10020410609105475,0.1250752830590626,0.11897806999313286,0.14002854907930606,0.16031565245640317,0.1742084050741897,0.15417805991671363,0.18485704885640658,0.141619562360165,0.09233761587068937,0.018720021733217827,-0.05275838637726981,-0.07202435196747586,-0.14597172446042606,-0.28188902782782504,-0.5096470885199578,-0.8048241518185346,-0.98577669134777,-0.8599078621470939,-0.5490176452972955,-0.30092298915768334,-0.16048764382965733,-0.11561343521829952,-0.06975407618388296,-0.015662243193961842,0.013752524045896641,0.04569696955591121,0.06366338514901457,0.10334325487819614,0.14300678287443183,0.18291809473167628,0.20693513219186815,0.20927544104098522,0.2139027805429925,0.14976873993640386,0.10623345524882603,0.10491599923817957,0.1636567980332769,0.1795229152216535,0.19488133721829506,0.18019081607405407,0.16892016167871032,0.15525420426184913,0.1497691355800644,0.14654689380584943,0.1569643092344291,0.14719590258009238
0.0926488691211586,0.0834417139022878,0.06415940578482404,0.07930346514981666,0.08534230344085146,0.11405192324902534,0.13485970520918242,0.1398972741253841,0.16793669996182944,0.16079412506774465,0.15600359015553142,0.13709612421714681,0.13861886320997432,0.12316192750440494,0.06706774838462695,0.019814055424162553,-0.05250526899681823,-0.186142457266971,-0.4382151770237332,-0.7592596943837645,-0.9965171938019868,-0.8492413729513678,-0.5535440889657479,-0.3179257088656997,-0.1731404501050678,-0.09606321803390976,-0.05136917721755659,-0.01499765455011772,0.002813317733774121,0.06903704660192397,0.11329577933202102,0.1403032445794756,0.1546907097528067,0.14280995022698129,0.13028637042898214,0.14032654749107798,0.14536448875444552,0.11495075550387475,0.11720441089913611,0.11031233057226156,0.12745989631280646,0.14165647408194115,0.1338275679673177,0.12810510792574004,0.11436194777915647,0.12351392309791821,0.12044226159547736,0.1389954643877061,0.1480098518787226,0.16695622135124238
0.10928850463674802,0.09411455313569318,0.08437572930151277,0.08771711774090198,0.11626582506566592,0.13988267939405377,0.1592458640748197,0.16076955923447636,0.1675210100369009,0.14156643155280688,0.1269269887484017,0.08995666017356486,0.06393173731242753,0.026581669585228486,-0.03072709596371326,-0.09919408686792233,-0.19932560331875956,-0.3148508894723825,-0.5170229742573945,-0.8025212229722696,-0.9895155953604708,-0.8199653158553891,-0.5233671502209573,-0.27651794854494227,-0.12102646268867419,-0.03410040004135647,0.016897457431288367,0.05508263686353544,0.07722558521958658,0.10178870753614062,0.13032176734958623,0.15338381228293155,0.16291925547404582,0.1610709829860906,0.15809466156506938,0.15212706740149876,0.15749385889670747,0.153554046351826,0.15439282431607862,0.16287788196004968,0.1364192179072491,0.1287576603913203,0.11889304497396304,0.13691891582473473,0.14997374432465788,0.15811357055907047,0.1331720950913554,0.12014105249361158,0.12716469642624134,0.15320587194439098
0.09372887875952976,0.09568744586740176,0.07077433463472421,0.0837542333196934,0.15856221121111552,0.1740539849931167,0.1652346452770401,0.14853367256069902,0.14592023722858793,0.13856279525111007,0.12682745453510264,0.12131296565632112,0.12795927851933575,0.11088529118159106,0.040414070949668986,-0.026754187030211877,-0.11433746745995027,-0.2370395462801654,-0.45267301036191593,-0.7666230358359399,-0.9794919895315587,-0.799502523467113,-0.4958763214425947,-0.2322507513742831,-0.10705166487161864,-0.030641129535688167,0.03385326396565121,0.062252671039202935,0.09432496665571573,0.11649975627766314,0.13354155490589711,0.1328012922992308,0.1504137536925614,0.14606236572060596,0.1488413407826199,0.1423052656533863,0.1247314050844381,0.1263955798249559,0.13349520346437388,0.12384596319271206,0.1084591981852853,0.08474452148730968,0.04417439797621871,0.052409179580213246,0.1061115516983304,0.1203943262503487,0.08131950952964,0.048424093933226775,0.05552430303396336,0.06910466301245194
0.07285698811722253,0.07803263273065719,0.09200632055307877,0.11495078668704589,0.14131428179695932,0.13360943738234105,0.12667570772301762,0.09943856164084015,0.109507092953485,0.10710236376457614,0.12348930079505564,0.13100749589850816,0.126280722781969,0.09866299966291424,0.06785515057508451,0.005885069042135162,-0.0966960883490578,-0.24987841088792132,-0.4873088265435284,-0.7875469044022585,-0.9888780457562594,-0.826113649070424,-0.5603799127329369,-0.32983072257182844,-0.17412327396535643,-0.04613376984239886,0.03639178539284837,0.09834286765113909,0.13535691478304823,0.15564713329814583,0.17022715472744945,0.17444447903892818,0.21153430577006832,0.21112022403387673,0.20872933041419087,0.17884889040895274,0.1583490231463553,0.12296391825937117,0.11450615106861863,0.1013526088458911,0.09389373048466938,0.09259606274227858,0.0978485777597332,0.09227212020879695,0.07962412081673532,0.07635578976723935,0.06296845000296422,0.07007733180917779,0.0775943178065693,0.09716940378003242
0.07486628258162119,0.08588766767461309,0.08364195087102236,0.0733453435493112,0.07964756065962134,0.07432271988975454,0.08960901326593892,0.10953054295310956,0.12587364412376023,0.13538737799064296,0.1576291883499649,0.16427871922691464,0.18692400576433174,0.18591220303168077,0.17207514875841162,0.139718834624924,0.04611392310768558,-0.1315883379250703,-0.45656428727951265,-0.8074862233612163,-0.9919384817298434,-0.8465630237457773,-0.5689204549364324,-0.3395963450185384,-0.1654274106216643,-0.05753184591216648,0.014267420981135247,0.08500000510818531,0.13971347340647766,0.15690912031002904,0.16055005688534266,0.1468880661103151,0.12953093330297027,0.12391575476218328,0.1327501862979719,0.1215661004256715,0.10489221708264675,0.08897626575276288,0.07986623331854745,0.0812374904523491,0.0855549285914315,0.0852448623027275,0.08155185026503843,0.0827032823116903,0.06352961579828177,0.059095947623360325,0.05658687494323082,0.07842122252336103,0.10432605524056116,0.11777432031064192
0.0814290824596858,0.09512219947362603,0.10828640663227841,0.11833444169839138,0.11922608249850461,0.1170626469604716,0.12306524712068254,0.11998972772923855,0.12544104828757108,0.13120548563278825,0.13507999367504733,0.14580678110405157,0.14661481207984037,0.14801970329400807,0.14001833103847353,0.11330169076073064,0.02684235315806135,-0.14760209040580186,-0.44868203999072565,-0.801043504704982,-0.9924428619225548,-0.8531504193836654,-0.5830758062262631,-0.3325340028245395,-0.1489587638266623,-0.02647296473959117,0.051590450434336785,0.09248610279037014,0.12098762035470009,0.13025638767849976,0.13759187106308848,0.12979066153890345,0.13521800727594466,0.13512611814993952,0.1385829203226718,0.13630544458067106,0.1327029362610534,0.11631062413569479,0.1062465775386846,0.09653093080455938,0.08354566718053162,0.07686189853021337,0.05876062014552427,0.05178351891588838,0.044023313741715774,0.05368803352717573,0.06362042784904935,0.07548795354951743,0.08007588485962572,0.09154244919297516
0.0777790112109183,0.05137792172551918,0.03206064602520124,0.03268744603018696,0.03843144698075167,0.05900848224760611,0.08325207515635048,0.11139466655779577,0.12834359995109343,0.12370068360711767,0.1338660510061752,0.12230897087788599,0.09450322034606233,0.06013552566980235,0.01488052897707859,-0.03899499450255846,-0.1362048730140466,-0.2822976705136531,-0.5210567676134281,-0.8008893514648974,-0.9847034225889266,-0.8274892075407043,-0.47840609016161134,-0.15247497661008502,0.05389769626916939,0.15026010490132943,0.18568016317414407,0.19919078669979975,0.20304575576095366,0.20395494891223306,0.20604847609962082,0.2185664351793959,0.22627674945359738,0.21195710827851372,0.1850604408414844,0.14228259186897366,0.10080343965395319,0.07061102854362329,0.06088058433107519,0.06298907756827299,0.06746386922446759,0.06154635675614636,0.0492698152579218,0.043097592906839656,0.04763763483998517,0.059434295413814266,0.07101590952380016,0.0586866974323456,0.0568523657369084,0.06227715301199749
0.06932975203184578,0.07388512695700847,0.06433033530702255,0.07194510366820606,0.08592937153279995,0.10669975898958119,0.13448099258911153,0.13576675554297504,0.13657118537161433,0.15261204274971796,0.1677639312347426,0.168784124809538,0.1727286540154926,0.1752046081735667,0.16881229762133684,0.1312286082485563,0.037472463681263606,-0.16089581969033329,-0.4767490711291195,-0.8159446857819473,-0.9969498099316558,-0.8623781539467666,-0.5650158283723182,-0.2882722170442145,-0.0900792083638489,0.02669700567805724,0.09720776014844974,0.12837636461854895,0.12438373943639039,0.1305815029885493,0.1444941785632298,0.14588105361871262,0.1461459927602594,0.1326190359257679,0.12171924830072499,0.11697731622418071,0.10262104445323848,0.06066811305651406,0.04953372167713548,0.04945678330554556,0.06211461710584355,0.07217661578522867,0.07959059773329674,0.08081661996034332,0.06394881615775438,0.04117522653684319,0.03003512402826735,0.0479039631791187,0.06891389948004058,0.07870134101378477
0.11229921593128592,0.07480558935626778,0.10100590139986698,0.13118789130968123,0.17468261583053352,0.18253921872666548,0.20522109135016284,0.2235053728970968,0.21063154904814088,0.14551151391326503,0.09016754416582473,0.028799853320848813,-0.012399202609284562,-0.04393856698423243,-0.06586683864126042,-0.0797482036955117,-0.09304047898997694,-0.20604891296870395,-0.43651143655368824,-0.7585370783158605,-0.9857866954733912,-0.8167365931219223,-0.46699269243039787,-0.18057998233059233,0.0010555969585641126,0.07143151721952756,0.11775998601745934,0.1580559491416864,0.14983905904818073,0.0975179375299154,0.07859288865938538,0.11581859997789624,0.12959567690795515,0.13200878141393718,0.09966369499631672,0.07639032940546464,0.05458550508768606,0.08237042848839009,0.07953243452072606,0.11847216280192727,0.14175754982602448,0.16228471046469817,0.15787443016631153,0.13901276484931635,0.09582926890383492,0.07193419015529753,0.029367829226634425,0.0032970452419656096,0.03740987305222329,0.06437111480385824
0.003921075610703309,-0.054412098244256184,-0.032466393904710414,-0.005755110402598308,0.022245149710527625,0.018352793304784645,0.012060522165541283,0.01838667601538289,0.045532497425897794,0.021067428099216474,0.005853451768402152,0.014677185487948968,0.03379091410952997,0.04052634542100752,0.04420135023716067,0.04653295162526189,-0.01603232767229594,-0.15847066386658937,-0.45849972013740686,-0.8135534998599376,-0.9946629771042471,-0.8387817793927029,-0.601584646415918,-0.3744558454082777,-0.22105015453133345,-0.10065921147593253,0.0044438816873998786,0.07220524264372279,0.13056025166098445,0.12211653970033132,0.10032852435020627,0.055893681689454626,0.004351476916590073,-0.04600451467269233,-0.03707400696141571,-0.059926072688917614,-0.11454183330247236,-0.09131813077463455,-0.10129984305533474,-0.08969620080300662,0.0047211730128815296,0.1615973904991042,0.328193254657155,0.4670445347694823,0.5469721461378084,0.5773962816913678,0.5526167043015318,0.5825617246977569,0.5834524608680585,0.5886414204094801
0.07211534842207973,0.07880238759002005,0.05080877887913342,0.1193052333485844,0.16955840132586064,0.16942362041035303,0.1469530133161315,0.17993748434647325,0.20412183116846935,0.23547065749652166,0.2570309645837177,0.20880645396232386,0.13377867231504417,0.06962765796375396,0.031601724347756814,0.01929270629689998,-0.03633071930348014,-0.21188627062276247,-0.4853843686769575,-0.7937299816957625,-0.9972192260685402,-0.8114345025765995,-0.5171280442127222,-0.29367739723612835,-0.17019234380866793,-0.09618195780770954,-0.03207850702241596,0.003434992185082794,0.03211985486997701,0.04465502455073812,0.06764689148499554,0.08692249414806322,0.11166338352756452,0.10984219285244681,0.1232181386545825,0.12513418885739383,0.16551461881788165,0.14657002388384283,0.08119855733560055,0.0833593181156809,0.14217097194131859,0.18959109870096527,0.16205322804481434,0.12220602769368091,0.06274347511015453,0.051552986607236215,0.07257935775808906,0.09817904192871203,0.09882568466894562,0.11742683152085587
0.15148135792166384,0.09827788478033427,0.09488472889880974,0.0741228553510449,0.07327085321403866,0.07255619758953258,0.09909486271598342,0.12351827613767466,0.16336693296656737,0.1914009156588292,0.11806995477928477,0.04002818200979146,0.0624995812274791,0.016596735363640223,0.0045960047957663746,-0.016907499063087486,-0.07128171089699371,-0.20650908013834332,-0.44547004377264476,-0.7757594084048371,-0.9898893930799777,-0.8226522330655104,-0.4842837427011516,-0.2351324357060299,-0.09666799193297021,0.00770067321677516,0.05030523234336479,0.12210813829170615,0.1539945579789624,0.1677003171954209,0.1910759000114329,0.21143867795631296,0.270979096045381,0.2948818236962427,0.2898503690477152,0.25549073471832384,0.17523352695006372,0.09486240107039486,0.06053202884188884,0.08171197809878371,0.07180813994895438,0.06353009477104982,0.02409751438931924,0.019031200859178414,0.025607480301860563,0.03257529968251891,0.011026902278511492,0.03205585276102172,0.049735826195845434,0.0034544487000766544
0.12722294219452498,0.15371783103452072,0.1502254010093291,0.16193942955068955,0.17536000025738288,0.16404648632194369,0.1470049955240113,0.11603332674865756,0.12503036002249185,0.13807335993195624,0.14214723760914114,0.1632047494057054,0.16613310910302237,0.09273321125842912,-0.005848556294586082,-0.07021832774019666,-0.1358764963843122,-0.2345485295382363,-0.45119005203432794,-0.7772591500802961,-0.9794813077243287,-0.7888835715309077,-0.5122029356401577,-0.2895219661473605,-0.15144372092083075,-0.05636744883833283,-0.015052839062798256,0.020879694798934898,0.05590185506389432,0.07222572760424287,0.08203249623862828,0.12092519901980853,0.13392761635490774,0.12365836966020398,0.09127467488909924,0.10117057703653347,0.13149943214644716,0.13970059809493485,0.14871498562254565,0.18383930415974786,0.17388268899961698,0.13501198059600344,0.1005534456721544,0.0856992096512493,0.09382098421452946,0.11368037292037374,0.08583255686251569,0.08188673920685181,0.07718503197263844,0.09171892117900458
0.0926408596928278,0.08702043388195242,0.09222503984388464,0.11966058553009812,0.15502137065671803,0.15746975665863908,0.15003001024969817,0.16036373732114187,0.15622912785511384,0.14207810495484496,0.13342538039440582,0.1073951372181803,0.08777748971040707,0.08384101023475653,0.05605995356597739,-0.010601810887790027,-0.08829323948179066,-0.2300032721941826,-0.4704397785321818,-0.7816664675989735,-0.9905948478294793,-0.8357153163981185,-0.5499880109961547,-0.32293976210828984,-0.1822920370016624,-0.0834822199939101,-0.01847615726948752,0.024582715574607457,0.06690909967577255,0.10811296245760384,0.14558020109284875,0.16266734568855123,0.17424876221257987,0.1664611672339328,0.15452812275049319,0.15048093800308213,0.1463581328967619,0.13120437954508452,0.10809291362745495,0.11834969868097175,0.12017979671292475,0.10152481391692965,0.09383288672305658,0.08780864312210686,0.09562591082607082,0.11073976148890048,0.12691639928260368,0.1344615861946336,0.13195513612717708,0.12263354868922677
0.09130363081852745,0.1040368862370449,0.10206849911918073,0.10964372579601414,0.1284630938787168,0.14371938116772695,0.1651355444053708,0.17181543608817854,0.1884747457990107,0.19139673276857744,0.185167600475608,0.17660907444404803,0.14830011011850586,0.10288810997345946,0.029899389299650227,-0.035699550060704334,-0.11894783521118679,-0.2511664405144234,-0.48260659667971906,-0.781190737124198,-0.9904713929184522,-0.8521204111315517,-0.5676404148244097,-0.32144731416682415,-0.17009967650020483,-0.07358623462808436,0.006368479142245651,0.06584781542243749,0.1064762094315343,0.14476129146897157,0.1633783801480985,0.17582978911922867,0.18498494598540607,0.19067504346253428,0.19791712871815975,0.17060317803924804,0.1346890792360863,0.11281530631187303,0.10021425188621011,0.08525115480402687,0.08081697811965755,0.07804253312023399,0.06757814961087708,0.07502051075399206,0.07315741488571777,0.06861125446320102,0.05741440204759846,0.07730721609016582,0.08998365420156756,0.09831047690106794
0.19286728042593948,0.12084173330161188,0.10617301846164044,0.083814907222743,0.13911414898770855,0.12371257657194455,0.09440245749858513,0.07134985454605038,0.06770589369469729,0.1008382283880979,0.16889058963741407,0.20401713280943318,0.1825148738117264,0.14618547709964486,0.08733951173344538,-0.01485228192188844,-0.12071014886656342,-0.2911975265726022,-0.5311983235103664,-0.8185635960531326,-0.9902004627870533,-0.8538199090233696,-0.5845635422075207,-0.3458174668029597,-0.16526888514819157,-0.057096587821267634,-0.013107518728758814,-0.011690915080641408,-0.002878476775070503,0.01534976708819957,0.052404139177611345,0.0898790813845538,0.12580093870391648,0.15650993265774754,0.16914621505963798,0.17308496989309685,0.14985718606897436,0.16574924121436543,0.1980170690309508,0.2265466909584966,0.19691002841384833,0.1555921445414361,0.15949685734741084,0.16083081708684077,0.1549527952403452,0.1466025050344246,0.12660577453682706,0.10377692925892655,0.0873987427383059,0.09668613167278742
0.09412122948116104,0.1077805759036886,0.08308788981040481,0.11789389958752115,0.12158652777991154,0.14415083350183502,0.17589536832673083,0.15134948301270965,0.12278539397195067,0.0890666120144372,0.09389598647607927,0.11536692322804425,0.12108636113449671,0.11098082967938355,0.08097687801916474,0.00265320356468278,-0.09301351502121162,-0.23008568678717287,-0.46459617476574394,-0.796851942076926,-0.9860040862927365,-0.813657520468411,-0.5283571640186703,-0.30642301010187917,-0.18936807024656724,-0.10845242384572439,-0.03518135067385082,0.009254787856357718,0.041559061450007005,0.05358283164462635,0.08362610829688517,0.12891128772788626,0.1391219824544374,0.16831218190369923,0.16696714057938677,0.18256824075130307,0.1833999376855213,0.18823715935017415,0.17538962529231059,0.15985386199820098,0.1557926810098158,0.14218897383067275,0.15510856796432906,0.156485246795677,0.13410082317893468,0.08306104847224645,0.06724514834237816,0.07114428784520006,0.08288836031127578,0.09051360406536656
0.11726426731477123,0.10383413340922888,0.1177424647051073,0.161246413375143,0.17575843351045625,0.18375797519953946,0.18928639907669817,0.1776830013537202,0.18950857187776723,0.18074960022911693,0.18326468794208106,0.14624493081795553,0.09681962338723601,0.04544299163975991,-0.004461221215592964,-0.08249300805418508,-0.1928639096048822,-0.3193815572003425,-0.5110719640460006,-0.7835685735048353,-0.9780044424988413,-0.7965535063009824,-0.471672982584743,-0.23337747572642428,-0.09433721228760866,-0.027881115153133525,-0.007663014011782085,0.024908455222458867,0.06866733759235633,0.08860189552543314,0.13704792455171821,0.1470477923517617,0.1660422223935413,0.16961292039161702,0.1576675831386584,0.14434383104245588,0.14018541719663882,0.1262944293813145,0.1265205783505928,0.1493235696002874,0.1753050240498059,0.1421714894070034,0.07862181187839506,0.04974499153782415,0.03347632425354337,0.03988184344220742,0.045153453665830436,0.08746325001260871,0.06616370267089494,0.07048064069382484
0.12321356363317604,0.12174422644329976,0.11088819687584077,0.11636476791946156,0.11430847211326384,0.11178937658027917,0.10957915081716066,0.10013882285319664,0.12541620524712516,0.170212491854241,0.18176308502825522,0.16363768918005905,0.16016201486843124,0.13568680643701853,0.10780982819768528,0.041917838066749424,-0.0695891941173593,-0.266302708230717,-0.5308036269156512,-0.8192240685918615,-0.9910303242381439,-0.8449961847495406,-0.5749635009173001,-0.3449176433816319,-0.18431905779738267,-0.0793768525212624,-0.0017017308941092162,0.047981429068523304,0.07375706966841954,0.08530081156457252,0.10117081212697729,0.11068547471611996,0.115223063546328,0.1148109673315862,0.13721313227395654,0.15066961603280474,0.1618547126210154,0.15543854662726989,0.12903643615010185,0.1050951576788093,0.1037355412407494,0.12703989089457451,0.1396813821633607,0.13881594616278478,0.14243295278822302,0.14665349060680635,0.12453706934830651,0.09617798783081201,0.08708537684622428,0.11819548895138988
0.11639368399059485,0.07348282206786944,0.062084107471149695,0.09006817221142288,0.13467960839264753,0.15265068115312028,0.1239296284035032,0.09370573200897031,0.10277820870473782,0.09935775483621789,0.11418595412188248,0.10765306711468944,0.10464671596095332,0.11632858364831503,0.07916536941760219,0.007826340365594878,-0.14421639484268758,-0.29149458797179023,-0.48499378520618247,-0.7866055328559838,-0.9925976352575353,-0.8542962399840989,-0.6002551443856631,-0.3741918412108466,-0.2612363988589739,-0.18071768060312898,-0.07479277119747521,0.06747130680863626,0.09158024226665454,0.12611745125289878,0.15729239497901304,0.2511812702104919,0.2997046834478816,0.30566523449911787,0.2815443802096758,0.236081526141821,0.22393326619471896,0.18717313373978556,0.15761239187941917,0.11195495611018694,0.06231661500453051,0.084020985151958,0.1222036201143114,0.10620615002377101,0.09391031996111628,0.08873145655537842,0.0925605633336459,0.07540355529662973,0.10141053233394022,0.1423855469895119
0.14816817128904533,0.13619083138832866,0.16000096410760606,0.17384687971148255,0.17386024040340722,0.1719047100256562,0.11073752331541348,0.054649460435630404,0.0586315422933782,0.0671167011050118,0.0766162159580135,0.04143851987855536,0.02989326721444582,0.030318784555333246,0.03996413879795541,-0.01673260244166762,-0.08174738609901601,-0.21504599524942075,-0.4637253380443315,-0.7472433096633964,-0.9652078110130643,-0.8198252938248258,-0.5367042797085669,-0.29054833593929635,-0.1585181850442444,-0.07530125935966599,-0.03654184137017295,0.045675344058753335,0.11388868184553046,0.15543208018621527,0.1429931593656744,0.15853734831018765,0.1994223667049304,0.205844269135313,0.20367253515118466,0.19013573835539957,0.1679415497264899,0.13505917092682246,0.11697863319706407,0.05256569347016386,0.03223974652015058,0.0416226156546586,0.06805396385355042,0.11900788715985229,0.11999303534925058,0.10601456132341167,0.10501710849361082,0.12270343731884532,0.1546154932423876,0.1763892679289588
0.12822222546618017,0.12802010922969756,0.14233484965686558,0.13453800351898687,0.17498373287544802,0.19690751379956045,0.1852687594503058,0.17562536833840428,0.1583463252119908,0.10303380527385719,0.09156771994110136,0.07383432795333895,0.07051879452875635,0.048976650832358554,0.0467213504006677,0.011447451449681125,-0.09924618621483715,-0.24154978373355684,-0.48507016545014664,-0.7687722848047892,-0.9937268263585315,-0.8174210623786046,-0.515667863352073,-0.25203015873558277,-0.12003663781630022,-0.012617296430813413,0.06827168810334645,0.08340106514553108,0.1013249983742962,0.09107489855353663,0.09195136880354111,0.0799595116046411,0.08377688035917304,0.07282374740567035,0.08694698483455282,0.08429184810379525,0.09115772209585615,0.10284216095417492,0.12268252447745825,0.12894230158022268,0.10817537144441305,0.09002959207682497,0.07991037878790287,0.09324108097279418,0.11699786002961424,0.14697299958453294,0.13331835444045967,0.1300139960500664,0.12092744469508543,0.1267564988705448
0.03417415557592091,0.03456664927017852,-0.012665624080204437,0.061868810476854746,0.05052711762966378,0.05557010070680899,0.05188477066719939,0.0171427752805382,0.0035260235785457383,-0.003908320461847765,-0.013840892589228214,-0.0557019496893654,-0.15017308456635461,-0.15778129270268793,-0.0903554710283562,-0.13252825115382882,-0.20545582843833796,-0.3347422871124006,-0.5536457591487236,-0.8253808819236904,-0.9975100656918836,-0.8564806388054557,-0.5953457203019998,-0.33516143376250285,-0.17552608929150482,-0.07215507870344166,-0.011730987201208505,0.08816510453516388,0.14377301090161312,0.20423662004676435,0.2730345590252226,0.3606536983699535,0.452060724521304,0.42211935073369194,0.40316395944497674,0.4040716269496508,0.44975791172024493,0.4107455172638871,0.34887429713693274,0.28942748811680763,0.2332383796460169,0.15783929219411572,0.09835950755978463,0.05162179007902695,0.045323189365045716,0.04539399687469002,0.08451020625698469,0.11586042754334243,0.09739451653843158,0.0912040786436605
0.09514841051163986,0.07766258442182292,0.0810741174484497,0.14744635625685507,0.19589158306641308,0.221386723530697,0.20793427715333918,0.13283771512378023,0.11073001708605865,0.08208937753515998,0.07784087685728253,0.04443343998496159,0.02226397835441153,-0.06279346200320549,-0.06040396332051953,-0.017827539272846887,-0.008893812391353033,-0.16521368097721092,-0.43510133506177706,-0.7626487418653481,-0.980431213500381,-0.782104723690673,-0.46415130914627023,-0.20464601517635858,-0.05136886840374436,0.028420923756242302,0.05574988608304237,0.06147279097086875,0.04125874985354131,0.05852653980477441,0.061468757923380475,0.05329032749702137,0.09258046748735956,0.14164185199444387,0.1829193008499633,0.19458781947302364,0.20161280058606987,0.14443642218954758,0.14740292705575975,0.11770124402944035,0.09757550589814841,0.08445137593453361,0.12354869518809158,0.14089551378541498,0.10003972899021531,0.06902545520411964,0.06177823059600612,0.07988237592910902,0.0804776443819193,0.07809987201677998
0.07399269515198523,0.03588475807633101,0.0717731484557094,0.03141515595308722,0.05856880407766566,0.04734096240471294,0.10110728412941142,0.14094645919416562,0.16749425631024523,0.18287592781368528,0.15901745920747606,0.12191649468560857,0.10521701747384854,0.07793861743734355,0.0539432479563988,0.020714279480173677,-0.03431943923331151,-0.16864904818867216,-0.4269442091214076,-0.7609830314721163,-0.998213730570325,-0.820029791001234,-0.5133555536998937,-0.2594516522984983,-0.09639526204203454,-0.00741157964927313,0.029728388665681827,0.043438367033442817,0.07110829376225478,0.0881604039771551,0.10756269268264008,0.1023389512238958,0.10615603848359069,0.09128799174814228,0.10061050582197437,0.09498364523844262,0.12187531401949987,0.12470116370741517,0.1551310285701976,0.17368691144858037,0.16990466332152626,0.16150336708101443,0.11276139443953224,0.0885338042024914,0.05419194232839403,0.07907492775401732,0.10060382315195604,0.1397841197718199,0.15259395142927806,0.1658850396059753
0.13622041813667318,0.11691715788223045,0.10332107358569527,0.10467937967338507,0.07904124522561923,0.06473604696615726,0.07098817737725294,0.07032299308896875,0.06658592804373599,0.09171381242175586,0.09371445016220611,0.0933163011133148,0.06995024574111126,0.007273033315874358,-0.00982558801537185,-0.09158047061480355,-0.15408775233356917,-0.27209134540140706,-0.4777837874707138,-0.7752389279893555,-0.9918069181754468,-0.793310260777742,-0.5181119261492685,-0.2924948836463123,-0.1885837342694513,-0.12819223087037732,-0.057405008321738046,0.04403142806145209,0.12595141771022758,0.18916785889921323,0.23386080921342203,0.24985309812347115,0.22643822380076153,0.23526499901812228,0.23396280858739027,0.23020072909810685,0.2316659836153363,0.21985379050513124,0.19107833032393792,0.17552229805772962,0.16660572374404836,0.12666001204351693,0.12700073391136876,0.11331342131227486,0.08938081659105672,0.08878490154682063,0.07130304452467674,0.07687577564036775,0.06454183874114042,0.0704145282320039
0.0287691457528505,0.06515139598901454,0.08121778098149733,0.04348844361175019,0.10768698965863209,0.10384397623842025,0.11221383653815141,0.11818497252132162,0.1688936459110226,0.1452482918871353,0.0963477425853598,0.05721469010078783,0.027762123758146663,-0.034638545473267036,-0.08768887908792544,-0.10362832045471491,-0.19003091140576012,-0.2801500158272458,-0.4957356155258387,-0.7924927239222201,-0.9980948492889709,-0.8237267882444737,-0.4401396238334788,-0.14920938092883668,-0.005971990549756075,0.0515694756673326,0.06465104520712256,0.08456502687825981,0.18315082742689606,0.1868510451614021,0.17341136983783687,0.15531303892448206,0.16578813504054196,0.23662605479628365,0.29451276742805044,0.2553524246939892,0.22120636057088583,0.20020545583353416,0.16285001857617543,0.1515684906747832,0.10178451292080692,0.06546044224249964,0.07749939186787969,0.07055819161256373,0.05828119254167734,0.029649383054775096,0.0009131222786505367,0.021815555247250675,0.1061404096836931,0.12576087084102516
0.06605689324472652,0.1019817530410024,0.06556762631777222,0.0843118247335163,0.0830893004516726,0.09825683878151048,0.09128257758191027,0.07133487679222403,0.061706622320583236,0.061783502883156295,0.06929746898024818,0.06320528414402574,0.05401085837625079,0.061206236401532194,0.046577873405555456,0.011499344690529016,-0.061039074331487336,-0.2128406919067164,-0.468146319209228,-0.7893688169577429,-0.9890858763944462,-0.8354817733324207,-0.5360036635863136,-0.2824693827101232,-0.09005672336871151,0.011983698340194568,0.07928731574502218,0.11733504332677507,0.11344220413691097,0.15082329500183927,0.18057899478806597,0.1770629428742914,0.17445479645426268,0.15727610017681232,0.16187437314646425,0.16684212524753733,0.1553884012894825,0.15272265049533934,0.1377332979988721,0.12789851854838077,0.11665169328609225,0.12974457625532373,0.125060545668731,0.11961610342623413,0.11281471233841253,0.09997442203027085,0.09107385976381317,0.09035140167638676,0.11030606039865609,0.11302630723680318
0.05012375635312018,0.024342586289443063,0.028037031126206115,0.04843194660904001,0.06451050102159792,0.07307644902012818,0.08782868329099902,0.08406675932396654,0.09744980615112797,0.09095344129043108,0.10639006688611308,0.11074222576000892,0.10817029622640661,0.06704059493650025,0.03500712182932692,0.022616908232028155,-0.053424541202586225,-0.19452630573845148,-0.4617560715560588,-0.7895468564470706,-0.9975429029111511,-0.8720657763696936,-0.606530261253785,-0.3854687197739965,-0.22983147260643866,-0.09920656630831208,-0.015314684916508128,0.06383709483683286,0.15464297669921365,0.20169599573947697,0.21370402811585806,0.201661459753535,0.22470331866187734,0.25110013949404236,0.2443505480873419,0.21605423473689656,0.17932747600796112,0.18308984092803146,0.14374366464431784,0.1324210091153938,0.1474738582110985,0.14572424168360204,0.14250129377242288,0.14951726485366282,0.12458768121603585,0.10730888301947304,0.09418782400472454,0.10095520923873218,0.08643530047905251,0.09740264143802502
0.0587324566938792,0.06019105498485014,0.06223428111613237,0.08252485854623039,0.1073704645765184,0.11832383249094722,0.1359709576278016,0.12619271844868102,0.12768875549970024,0.13123021744112254,0.14529104512626928,0.11422077117588701,0.10523737972257051,0.09650658866998629,0.09264607323688577,0.09552436578517783,0.03471119002036242,-0.16430416715778737,-0.47092875147778024,-0.7973885050796089,-0.9980688052154496,-0.8583344045877982,-0.584037163256787,-0.32784059280722505,-0.1589236116816124,-0.04952553302333906,-0.012220995258394847,0.027192839695040907,0.06206720935926003,0.10244878331415934,0.12906793376438822,0.14750713659186626,0.1508528195276546,0.1584282039985493,0.1883959287622107,0.15992142366577208,0.15347224652890828,0.15038198559950075,0.12710402815820476,0.10073016124038425,0.10364215590346672,0.08251487264510754,0.10289907418956018,0.11531879814460563,0.12267056395304995,0.0955397801730008,0.07562951040265666,0.096192589482521,0.12583551399357293,0.14916195928933873
0.14826039309698577,0.14897833262426244,0.1667855843583259,0.15016171767896597,0.09789488809313168,0.10879822998251419,0.15808705455818975,0.15224952980676917,0.133475149726615,0.11803218377926843,0.0890870351179042,0.07989687839485922,0.07728382156014141,0.03798805881978898,0.0028018042904385653,-0.04016214156644909,-0.07360955559518399,-0.19513144672678304,-0.44686017471236644,-0.7750425985280979,-0.9920703113908201,-0.8164425240002501,-0.4964823091694523,-0.23777916776002958,-0.07345305908707585,-0.006162206073505839,0.023972180212513336,0.049038564585830335,0.06401159223927261,0.06914770579745302,0.08560980651067714,0.12240918686001301,0.13280384605031761,0.11719645234175487,0.12350756948874574,0.14422428051546335,0.13296372326044836,0.15415137584859842,0.18989715250653233,0.17622450691298183,0.13548868928381616,0.0991747953554882,0.07482033678004074,0.06609281854288458,0.0787407695772726,0.09449771404853116,0.08884719876308275,0.08196330945562222,0.09413291906564294,0.08449833871887029
0.1568815057034644,0.09793394218295975,0.1098651915916361,0.11012601909874285,0.1353038050906736,0.13164607801708458,0.13056552538277924,0.11956750182761619,0.1473987169574227,0.10083467963429468,0.06038568844297855,0.04212564259222369,0.030452487103375565,-0.006920052790884631,-0.06309972947241065,-0.11657512254048548,-0.14909292471957938,-0.22679340120202587,-0.46313233774953433,-0.7889344869259006,-0.9824568162444922,-0.805446936809902,-0.49003335678067733,-0.25561784555868394,-0.10086840688222491,-0.04304467287215385,-0.011447448106031903,0.022007418864631006,0.04356411071559685,0.07693708523996617,0.13174938068329622,0.16206573148267966,0.18705186549127992,0.17209011976033825,0.1864262623860115,0.1862044669967861,0.18408853557732127,0.16220555704209189,0.13414083875254934,0.13450422745349727,0.13302907850820359,0.11901325307734707,0.09958034722743898,0.1064556909614742,0.13784309972555842,0.14636702624597148,0.11572000416975388,0.13746660044519632,0.1623571504667629,0.18950890375598348
0.024910937037152546,0.08719694320215061,-0.008472866611488397,0.13799522636886238,0.13673886646134784,0.07205356414508156,0.0912581190063054,0.09172044601844416,0.0881557677924709,0.07723745517588658,0.13348443279919311,0.08699048591586643,0.04575540708263587,0.0212781886417441,0.002318194748266005,0.03961381331136905,0.0066673376042534795,-0.14062312125634774,-0.4757414172185245,-0.7928014574377759,-0.9997431121957482,-0.8599162096342461,-0.562825498608385,-0.29188554410644846,-0.15761200443295476,-0.15202373367507163,-0.11034851905096145,-0.10572932062314733,-0.018201274913126324,0.07431743195690131,0.1713990415612617,0.23295244057323136,0.263918979105942,0.25117602108712583,0.2687587352236097,0.2666490092773537,0.2087944860381537,0.17549128857369942,0.1573862390128353,0.1531608621613811,0.12302122235996533,0.13387625421620708,0.13496611009354692,0.159317696503996,0.1506948047200475,0.16055290633255193,0.1343068703155606,0.1326971236960092,0.10639800648483173,0.07271336515898401
0.10596776468175816,0.13116178457793692,0.12555399825324046,0.1955016078874829,0.24837898514860152,0.25008792984420836,0.24850607145280065,0.18278477003609456,0.11782187182142966,0.09714122056400773,0.12564144714092745,0.06983296451136475,-0.0051930645277304555,-0.0341217446676537,-0.06222943782382018,-0.07510425648603962,-0.11202440217911028,-0.2450146872670992,-0.48037382608274315,-0.8181694983065287,-0.9977310072965354,-0.8353383541395086,-0.6331692705368581,-0.381813496309605,-0.18491524406328536,-0.09784238924510388,-0.055259349269521266,-0.007437562215626557,0.0510815561393622,0.10558996546173148,0.14765430391092688,0.14151371698610754,0.12250195108816862,0.09426879153017549,0.0940103227819338,0.10140970475155495,0.13187808742038035,0.16534047681478722,0.1957482685767215,0.20974268865360662,0.19586257457296183,0.17317243477830044,0.1618549698677969,0.13242511744504745,0.10339936814250376,0.11566676119818732,0.14155028316756021,0.15030658896930396,0.18519961633775664,0.20717962590204073
0.13760644208297793,0.16449566055942158,0.15627283180707133,0.16498985538956767,0.10552225317602353,0.10503889248010921,0.05652743501270487,0.0936119668571086,0.15732208313097856,0.16983352046204714,0.1435678517034038,0.1264719091114023,0.0999189475392413,0.0752229780974715,0.050328616359078496,0.006272575784888631,-0.053829352106599636,-0.19938369072947099,-0.44283104887312347,-0.7708449243592995,-0.9936953280137245,-0.8338701817497594,-0.5563410240346203,-0.34397133178553174,-0.23449095076926477,-0.1996682797546255,-0.12972603069670433,-0.07382770007855438,-0.03942979548819199,-0.018461898495633816,0.02424939689129186,0.06122721099637822,0.06379723224723474,0.09756483864068995,0.13660522499946667,0.16641358382464036,0.16082287954444044,0.16178790856570155,0.15959581203755763,0.18166980607462033,0.21815464702673606,0.2107607128406025,0.18930704814161933,0.18515463845164995,0.21692650900296093,0.19092948748003322,0.15663872396349524,0.17878561314781066,0.16921629344571235,0.14776015005896542
0.15206024809153307,0.15080379295607022,0.11982190485300213,0.10972497926695711,0.1275731857368833,0.1725852476251842,0.13308091598902347,0.10732440603230735,0.08012241983667467,0.0635337830914811,0.06739677962025978,0.0373243599673776,-0.009072251485164615,-0.07190552930941072,-0.06117824926718134,-0.0708415385291652,-0.16390763855550228,-0.28829972387646463,-0.5167452564878462,-0.7833808532279213,-0.9894552525671113,-0.838539244759824,-0.5628249142968255,-0.29634418412899804,-0.1523510671893842,-0.06154344894837751,0.02019461119595101,0.07731971343546573,0.11035975083519896,0.1340165518581225,0.146759002987855,0.17621212657752114,0.1845769291918176,0.18990411830443915,0.1826340748643376,0.17413650129521965,0.1803068018418743,0.13981857029331418,0.11165076901266045,0.11138440642459119,0.15294075800634213,0.1661088805395088,0.18674716253068951,0.1969613037916936,0.17933002760559213,0.17987641027799423,0.1439371213623871,0.1368295598891689,0.1375513991416764,0.1254805782990014
0.049610234943785844,0.023315625197468104,0.05113042087222988,0.06725886743804937,0.19573512255102454,0.18891746633667603,0.17567382939808654,0.16482051152713112,0.13992803062523795,0.07784802659696524,0.032434273599254354,0.016959545836860487,-0.009766022951192175,-0.0638817694789014,-0.03953206268444062,-0.0382379310986719,-0.10656495046727149,-0.22643309589172642,-0.4574295785132634,-0.7934344673260718,-1.0,-0.8448474905322239,-0.6316453747391269,-0.4411246628831575,-0.260323256257276,-0.1154185904259044,-0.05556459502478927,0.006223583666986052,0.07547269870361871,0.1521398835223188,0.1739250982725843,0.15798033264983777,0.20633801385869352,0.2577704982611669,0.27774929449939556,0.2082284305561882,0.19809260343388865,0.2724353516582882,0.28798786453831343,0.3024006310465493,0.2805223525853315,0.29375300011239686,0.2572944956646576,0.1842569899688996,0.09755361137622515,0.07043484081793691,0.046628578361209594,0.047339065273235885,0.035087664618919726,0.010957009904605165
0.06032226171687874,0.07102237578051904,0.06934000187491902,0.09103211270276458,0.09927010787266131,0.1150377946208677,0.11237883715486001,0.11712831943296523,0.1474170014326447,0.17651254056362348,0.20643879083028896,0.24127228796500044,0.22925518704506298,0.156520624973347,0.09501894433370174,-0.003276488522894455,-0.10559673274794001,-0.23721037693642097,-0.4610291183510073,-0.7802217621694406,-0.9912926015425438,-0.8258200420436727,-0.5489993566617197,-0.2834070503428207,-0.14060263109143534,-0.04646925582798136,-0.012509144509972526,0.008722380981123871,0.01893920623955079,0.04200700269848693,0.07617580425954681,0.13495627495713358,0.1625434826636171,0.1727642698974825,0.18655786692758336,0.18098095914803342,0.1718654518769252,0.15874839638267454,0.14598420074028598,0.15797383470097148,0.1628156984213152,0.12417340519245111,0.0919481810788807,0.09867020131373726,0.09355446371407106,0.060354974351793676,0.03613510808363135,0.02964095445843242,0.04856424821794984,0.08439100614206668
-0.035913047098431884,-0.008323417973374582,0.010610431146888984,0.041869555108021414,0.04863479281295769,0.03414495938646587,0.029990082072299955,0.027260347821400206,0.026753676401559463,-0.008827149009672852,-0.024592763199303706,-0.029819127617891693,-0.01631888931100985,-0.015640815349066913,-0.0518131433369497,-0.11302756153837845,-0.1975297996271605,-0.3392216588527539,-0.5560340505796172,-0.8120581796915523,-0.9984960829519188,-0.84141306511305,-0.39051342872889144,0.08041034175542192,0.3910536905061889,0.5162855356240158,0.5006700027916713,0.4443479454859977,0.37408958242127643,0.30100629244798577,0.2533077786760155,0.2163053635976179,0.20210594752451325,0.170384215968304,0.15234879144764188,0.13318997848973324,0.10149910418109591,0.06301627304424331,0.03236220516882645,0.0007219719210808306,0.017941303745689283,0.03200930745083314,0.037563230926261376,0.04784072566320385,0.03887011107184197,0.025281921954484834,0.007716219069911947,0.012688717905332752,0.029266119311678846,0.037995657078562804
0.077586728163938,0.06746062348668719,0.09183858478673702,0.0698220607744659,0.07645451808036476,0.050624752850898576,0.07030444684171869,0.09432743617450089,0.07842411253876026,0.09089932359101258,0.13626169821506928,0.14094457340401575,0.16941772606904673,0.18512041332520338,0.20434790832569916,0.17367109959648033,0.09190175043841052,-0.13932644360596036,-0.4750825304646668,-0.8128930082193164,-0.9948208819872654,-0.8623638785824984,-0.5894983515988287,-0.3251344859132389,-0.16441332267388253,-0.007915554942981325,0.04515070082538065,0.06596095552596495,0.05934335061790651,0.05799648907273659,0.05077132462130012,0.059433827915943746,0.03364178749133991,-0.0030067744325223142,0.01689471295605574,0.012672123089001197,0.048831359557075515,0.0968695306164155,0.13118426932881821,0.1784857668203325,0.1973717920183817,0.18271383045990594,0.18550658923128158,0.18485281212804913,0.21130673498724997,0.20955728247688019,0.2006363597876842,0.15369113647901841,0.07947113313749131,0.04270360661393825
0.10598293414732432,0.14911152137477032,0.17736114022317445,0.16298922051766512,0.14681565700525276,0.12501303660346688,0.12542749022276078,0.09658508122541139,0.10380633995035964,0.1317556321440992,0.17325725744533063,0.21938269997581877,0.2465044344645032,0.2204908835401692,0.14760108108719264,0.06044106284505166,-0.06655647943381515,-0.21987496483342403,-0.49145789242372884,-0.8187181535030438,-0.9928372501054022,-0.8627570655870546,-0.6251048701032317,-0.380005864258814,-0.20870868309750099,-0.0809437184787048,-0.007704261532064626,0.027093290166731846,0.0412987786815999,0.10008048795597722,0.17938996219770414,0.18749099631112784,0.20462967970399396,0.15988580127890192,0.13730416913987967,0.10887369230845946,0.1162322667214421,0.1354675900814244,0.15673275568360562,0.13390965475655323,0.11650099826583299,0.08823356413909604,0.04191618173814785,0.027692510195706635,-0.004330373348982011,0.008728143842613277,0.033213472218575166,0.10090526109531926,0.11997511683402201,0.1409197306167014
0.05503574105418341,0.054217897748734055,0.054169921975646705,0.06598184944683656,0.09442058312998361,0.11668743883475224,0.135650933997294,0.13472606395214728,0.1311358428488886,0.14894008131228584,0.16897557700497845,0.1839724704591795,0.1722893222923148,0.15736558410504528,0.13570029002291606,0.07288621941624052,-0.05193667930706795,-0.24575307056994328,-0.5221709749568786,-0.8226038388810507,-0.9910525426975065,-0.8713754284905962,-0.6126967153224097,-0.36376372370370486,-0.18264707549316908,-0.04444844502434014,0.020400141074677566,0.07997679646213816,0.12840308716112464,0.15629012741639545,0.1661875958563029,0.18626135664348858,0.20495743073183947,0.20311008135030675,0.19920734496132164,0.19214908437476078,0.17003701126286924,0.14948883268938146,0.14031731791203225,0.13456499999264232,0.12044092631155691,0.09322120571984033,0.06369751548068242,0.05383809823548755,0.03211740126244144,0.031196073456236394,0.04064623968360972,0.05922878502677562,0.09019623360431754,0.11035899017501098
0.08480151578751287,0.07654743288698072,0.07816817907430976,0.06548427895078882,0.05139857630887681,0.05798802923754809,0.072039672117735,0.08154945003865845,0.06299101772598001,0.005306333352041756,-0.019533291963058964,-0.02376048303156806,-0.024809393031526527,-0.04040539884828326,-0.07826924667607374,-0.10819128535311232,-0.20283053341145066,-0.3474760447497119,-0.5716621779766478,-0.8347888609712201,-0.9920167916473319,-0.8516931801981518,-0.5092726169149847,-0.20165129613977434,-0.02021444326294756,0.037527370422764494,0.09469590837125978,0.1619414848224326,0.20676423755538714,0.21177763682818188,0.215495873691007,0.25644982433031605,0.32115621318273263,0.35076398873135234,0.37443679688897147,0.3938808143540577,0.35595129760401006,0.31240626352993034,0.2635354278865946,0.20164447750546283,0.13340258578312328,0.0794162510975314,0.06397718690283137,0.060926034659009864,0.028701382623467775,0.002458430378002686,0.01619481114772311,0.03798240437359351,0.01808562101898496,-0.009271764993318178
0.05984708737788267,0.08577513136062744,0.12885253173923852,0.18001790116210778,0.18556813664717947,0.1972154734195316,0.21179311656920813,0.20926377860217574,0.21496274172436883,0.2175982768159736,0.2238423033610533,0.23060249740983302,0.2280857317889608,0.20940817650377333,0.14726199460413258,0.04655507291332843,-0.06491698928026449,-0.22952901914973,-0.4813194875658291,-0.7959621738691783,-0.9780028973609423,-0.814415041750916,-0.48196246752325317,-0.1626636198390372,0.05375374059353003,0.153385873612128,0.1657445276742324,0.13272464563603698,0.13244107094021842,0.08941601488653653,0.028627850836284358,-0.01251360933964635,-0.04579448913588749,-0.05855773353524211,-0.0424452643694871,-0.007725165242681818,0.0007463457005057378,0.01043223884475785,0.03505458763132891,0.07586444978024082,0.10136887512751842,0.10391259968615608,0.07907240155588866,0.052453472681803504,0.026995806885662662,0.03124460407451402,0.011070336504417171,0.019147773656894424,0.03154714872183857,0.06415364093222624
0.08638476528372369,0.09328600148209124,0.07220021845946765,0.09572652500348218,0.09515797939335971,0.08493919074638945,0.08103361686562717,0.07861608065826446,0.09760913747283224,0.10333696192547047,0.10379270907421861,0.10865631154726305,0.11145379240217507,0.10402059442630512,0.09905376097548503,0.09017095588382432,0.01969483748148808,-0.15346637444930344,-0.44369963722841804,-0.7855837717929532,-0.9919472919070895,-0.8397578889340332,-0.5451904728921685,-0.2903625822789962,-0.10890600649139046,-0.008436895616238706,0.04486595386502256,0.09914095517201438,0.13544995032296567,0.14561709174607282,0.13319456358837697,0.13991286964799768,0.1395197976889612,0.13623879139586326,0.14286698491760766,0.11989748337198992,0.11779419422028337,0.11966071351387642,0.11683416693447968,0.11171715248364875,0.08907827194319622,0.07168255393336397,0.07428084400939468,0.08795977461391728,0.10248805189448505,0.11125692441096027,0.10518574450016538,0.1111906031753572,0.0968642017598328,0.08951984339929032
0.14186478612425202,0.15352750204164864,0.12922084229694522,0.150837470819375,0.2056442464246825,0.22656705646923211,0.23375196060627187,0.23318799859252445,0.2438879452893282,0.19852741861547873,0.1748495376084296,0.21314405784884496,0.1639358657008658,0.07239486418260134,-0.04481411830250164,-0.08153608803278573,-0.14916922070949543,-0.2861489971101245,-0.5335719324001038,-0.8026341613454528,-0.9817119769466514,-0.7923470203449213,-0.4791393965048634,-0.19963195289835559,-0.0872003756748259,0.036728586302095766,0.05143374793807557,0.07545389351407032,0.12504247386074882,0.12758605291858513,0.15332463857462675,0.17129046713772553,0.13052072277439528,0.08381288457271145,0.13749552378041355,0.17822066829381122,0.10771783935840219,0.08572439978128583,0.064687396633554,0.04873920007442095,0.07841674752215923,0.0522366054731325,0.008779680930282198,-0.03278012817793559,-0.06370077059398327,-0.04637960589968776,0.012908484659355535,0.08264782485591059,0.10692443448404587,0.11973191888139961
0.10391170769784701,0.09872982021851533,0.10893530245768546,0.15315191057787167,0.15647807543034253,0.1289681629208027,0.1488927327372075,0.16874847959071362,0.16428764652522396,0.15061009898084088,0.13835313458363008,0.12170512636669881,0.08633826654124935,0.04961836847177709,0.0007792609451219345,-0.03691402843542569,-0.1236342235455024,-0.270782566334113,-0.5064359944370357,-0.7937672425770602,-0.9944289020979712,-0.8459650492277575,-0.568982156778953,-0.3355902056714965,-0.18117543076169002,-0.07179925359965171,0.012971843213007605,0.05156917990767947,0.08418635969187165,0.13731301671162918,0.17362141698182243,0.1766350278619544,0.17362612451623166,0.18700421104051246,0.19021453829216983,0.16212249920409005,0.14587249147639278,0.14996584490183895,0.1320262426847143,0.129898968162977,0.13807554453992432,0.14953366786987923,0.15071704061814464,0.15503208269953353,0.1292828080553586,0.08184887893890698,0.048289900533967894,0.051938461220522696,0.06059648352915964,0.07762432676883965
0.09834451899402182,0.10762480382091998,0.10052913536185482,0.08804446764811034,0.090788991238482,0.1099073816676299,0.15221322087086633,0.1651381111772248,0.1722065158781219,0.15196284782849231,0.139673555400394,0.12214164442602433,0.10354695295778507,0.0955959461952993,0.07650056782166341,0.04836663141266795,-0.016818524467915045,-0.1837093156437284,-0.46237588644840966,-0.7941402255426814,-0.9972609791603291,-0.867495814137847,-0.5688460820063735,-0.3037035504600185,-0.09374567961592142,0.030146517627732197,0.08693503101826335,0.11488593725710232,0.11478421098181403,0.13064191414803292,0.13994612167405118,0.14736225362225353,0.15143056547008574,0.13685837951180568,0.12003071578419375,0.09728965028810874,0.1075830977282933,0.12101061010875908,0.10940709932401496,0.10133423461229288,0.08154958614713413,0.08717768256252979,0.07421030364018714,0.06095613668710174,0.0566100213584633,0.05665998064187776,0.07871265844504384,0.08508955275168698,0.08485785802469745,0.09004064536813967
0.1476767071058012,0.14518022853590357,0.12053213782184768,0.14440376922141712,0.15785665371396598,0.14107903102791555,0.15669942768871364,0.13650977068744463,0.11062096331649195,0.06643815124299532,0.03344866598525788,0.031012138330459627,0.06070567910374594,0.0501252033296467,0.027456439856973307,0.015129761219601351,-0.045866866985195126,-0.19252727071689157,-0.42840061600861123,-0.7739931270596665,-0.994824248645296,-0.8207993716956665,-0.503401511393248,-0.2119348725036602,-0.008077658925524037,0.099805585570247,0.1561860170620475,0.17767684978078532,0.19124444504230836,0.19027641226499306,0.15399173658859916,0.1526475000607527,0.13952166673105573,0.11884961465866327,0.09665939436520363,0.08765143220537644,0.09463540771199981,0.09921370880559409,0.08750797719668921,0.06252064681600576,0.05175553355215957,0.055803668983911356,0.0401421706323843,0.04165932062793233,0.034495558148463466,0.03508612978078043,0.0635218225290717,0.07320266106938315,0.06296008205386064,0.06793547350730954
0.08888771560756754,0.10100070624514207,0.0967940939539186,0.09506443324009352,0.09762420685236463,0.11222275297953306,0.13080738893102017,0.13868359329075836,0.15679076153841334,0.1450852640489403,0.12149519537426555,0.09537824397713285,0.07828258081362856,0.059808279849259544,0.0427350054012576,-0.0075730645647005485,-0.11014340985835427,-0.25816076362851226,-0.4931837773995863,-0.7878030329781871,-0.9880527416371963,-0.8437862090095889,-0.582410990185356,-0.3496495484874799,-0.1915596182822741,-0.05285002954161964,0.046458793076451815,0.10106295840146247,0.12754845121142447,0.1392887561292001,0.14820912578373768,0.15257825250947726,0.1578661647069639,0.15743461348817078,0.16042070843792416,0.15724383235561584,0.1427691357040587,0.12605875313613918,0.11919229134259,0.11262003442946916,0.12334645682938587,0.14695069365829336,0.15055747854218451,0.14503875630329696,0.11621521938345816,0.1072573808133091,0.1118385815497652,0.11923933199427192,0.12181597600585384,0.11350121767705455
0.09345565381518954,0.08965962476476415,0.13971259593961854,0.17406881202323687,0.19149992268390886,0.1611159488611337,0.0995288405468725,0.06640282870417312,0.08777436326209684,0.08954348508807448,0.10457506157944287,0.1148763147393445,0.10350194416116498,0.10050219408623176,0.0718440696046625,0.010336962550891872,-0.10827220337810083,-0.252457483298188,-0.4813645722115819,-0.7806028119979449,-0.9900068552010672,-0.8389508914609399,-0.5489467391611693,-0.3242191055032709,-0.16049575181569214,-0.042695354499666105,0.018452625000439316,0.05461474967845069,0.08876906822485062,0.10320253718486841,0.13426991017723575,0.13166895700840106,0.11770922136742744,0.10204213222641316,0.0981219858252882,0.11983958296350422,0.1391752159300139,0.14717258993499766,0.14629329432333638,0.15546237973866156,0.16414611682873556,0.14645830360169013,0.1162711039602347,0.11099781137998306,0.08603264519869806,0.10912297021773941,0.12036925413619756,0.1284360692556773,0.13511523874948705,0.15586938320448343
-0.013227721982498842,8.638906135999121e-05,0.0036570432728473814,0.0355272263463991,0.005212509997948563,-0.012270504273358499,-0.02167902168148046,-0.0055232486821236845,-0.0014487919827658956,-0.02446956386111114,-0.02370893582871807,-0.058834840063202914,-0.0687743184712529,-0.06330166742073974,-0.034173339143568814,-0.018261893745120977,-0.04125662445360944,-0.19041855451420858,-0.467237827721805,-0.7929698794512254,-0.994224150192069,-0.8382768362864197,-0.5126960176151288,-0.22496599176292595,-0.034746375119001284,0.0752646708323024,0.12148524668269625,0.132764531010819,0.13443503911349713,0.1644453021993279,0.20612422707830141,0.24627392884556656,0.28205153436934227,0.3077794947761298,0.3200569981569101,0.3078405496327918,0.304816338822745,0.2744273613932595,0.24273874534480952,0.1980828679519244,0.177745232966997,0.17303562926138916,0.13175512863132058,0.10783505949707137,0.07787422038080409,0.06693039763721433,0.06874373927842488,0.07519500206875779,0.1008188451914246,0.09946284444995285
0.13186458470262832,0.10474112261887038,0.08188561019400682,0.10036755321310878,0.10461589784492034,0.1282247754580783,0.15695598103753053,0.18889653323687539,0.19863199718183958,0.21331036326152955,0.2281195770831072,0.2308963935216415,0.2273678032625205,0.22123169039147306,0.19648321280905354,0.13806902313927574,0.032701827406585546,-0.14694598267113432,-0.4307392826983905,-0.7729398343156207,-0.9942598189328488,-0.8407186651758924,-0.5679143264968032,-0.32298410212156203,-0.17098075384379477,-0.07167388848355442,-0.01926690154350025,0.020618168591700133,0.03791032902173082,0.054328555511163404,0.0529053550395143,0.05596722377431216,0.062014422990899716,0.061851809188196286,0.050798506132299866,0.04523582510786586,0.035775491127182465,0.0379819398262635,0.04113048610841605,0.06402147932945373,0.0886357323897739,0.11920115288915709,0.12958121945485931,0.13619681055478816,0.13911358811988883,0.11966329045688985,0.09578032569561697,0.07029491705365727,0.05861880903881249,0.07643417251761436
0.14614332867294075,0.11464450871366964,0.0850339543519057,0.11697162165828616,0.1381469067673502,0.16833043355307434,0.1990953706372088,0.19422981640989012,0.1584553326166274,0.12985872448778582,0.11801869828565695,0.06897322807741099,0.03161829591418223,0.021025772676128634,0.01979566135632508,-0.033001272848395886,-0.11826947619216578,-0.2207457491616226,-0.404613351613092,-0.7423204223531024,-0.9738012652694512,-0.8207217674964891,-0.48118958504464954,-0.20327790772356955,-0.07693016573515879,-0.0017073284362971045,0.05413402982100749,0.07007795961880309,0.06908214035241186,0.08553492769604337,0.08479433084604206,0.09803524590207288,0.11684395505949609,0.12683509658054842,0.12506044551451329,0.13014371366129504,0.13199009965493272,0.12605417134927369,0.08831243476318844,0.09124726785031342,0.08548088070299971,0.08134688268521378,0.08624122444272984,0.07885113008882264,0.06989858592360991,0.0853637622887072,0.11051900380892538,0.1060920113770331,0.13314481469111497,0.13115252301645328
0.04484846259301329,0.13997463946805438,0.12011136099905857,0.09174431929383904,0.13025191401442518,0.1550557265605122,0.1633890480211221,0.13308160770449248,0.14720182323923584,0.16666784474344554,0.16705661661166357,0.1380272562330151,0.08950665768712415,0.03057428447446894,0.004142093846920218,-0.03220948211462294,-0.10664472413178049,-0.25379222067505064,-0.4897239188935655,-0.7934724234063835,-0.9913959092079567,-0.7908954908802589,-0.531970512551177,-0.28921380159325083,-0.1885644034529048,-0.08615204934834497,0.003137649892637968,0.05107668537034397,0.07047305631509931,0.06304807625809584,0.07730843463928251,0.13458956886819956,0.15649027723008244,0.16465520965907374,0.16941128822124613,0.17985852656459664,0.157997422813877,0.1162670014831783,0.12180980751706302,0.13409911713854264,0.11268202364930217,0.15424226462836413,0.20434892755906975,0.18005590838180724,0.1296290530005172,0.10231130226324225,0.10178847360725136,0.09555238175207922,0.07420567034178085,0.07736315361017154
0.09280259704558859,0.09374348493338773,0.07952739037043259,0.16652016381451093,0.21700638341094491,0.20745563041862192,0.20662871457739926,0.18777837511217849,0.19439522032027973,0.1985133043346978,0.15922272307555774,0.09864695627579652,0.08355246200782393,0.05891504351992756,0.014078793326435232,-0.06524184717642892,-0.16618842325745026,-0.2924523271270555,-0.49459509953484226,-0.7866134089564156,-0.9921792421823037,-0.8160484219799886,-0.5412458339701435,-0.31237847644004285,-0.20635386893056473,-0.10887322379846186,-0.03250115689551084,0.03478419828170059,0.05619829514144085,0.07845091008463811,0.08315871307721599,0.10976754722129525,0.12362804199646277,0.12740559499970164,0.16609638214119715,0.1567958215168532,0.17288594543591188,0.16650510083647033,0.19126045126311667,0.179792409642784,0.1921500045600631,0.1558982795815763,0.12849961398046142,0.1025518425837942,0.0659854641737943,0.08781114182140046,0.0886358247661639,0.0971423279290423,0.0771674844465189,0.11331269222402206
0.0707840761638682,0.08654147209151672,0.08044772789714524,0.07927872420247799,0.1466717312405126,0.1476881484742561,0.18011133580811786,0.1697017715855605,0.15997978563321202,0.1235332533635109,0.09758361692395434,0.0691780677447671,0.05316456518544457,0.06144468071872483,0.08416888018836871,0.08041496294855541,-0.04246532018867939,-0.23542630798245112,-0.5348584479422797,-0.8408539849975054,-1.0,-0.8109715846704896,-0.528188882373599,-0.2908669478690516,-0.1319385215175589,-0.051145353880883995,-0.0012670274044540176,0.04559683892702376,0.10664312776916565,0.10600433415886576,0.09846934817948245,0.0909474719027229,0.062161888523545296,0.03713571020051824,0.07308574078967432,0.1313048554201981,0.19973337479068337,0.23192002180514598,0.23651075053147813,0.18988070809136504,0.16338612483109732,0.12399898455142065,0.13250215994276585,0.13457021183989448,0.09656795529960666,0.07216273167625324,0.07739629938454412,0.10326966472696349,0.1252287902938229,0.13881248502072158
0.11574765886355455,0.15697762446059707,0.04869258236584388,0.08786410050709238,0.12225125138569974,0.13862741694082323,0.10647794809276577,0.06106618044307136,0.10212669726119739,0.13237857525081306,0.20191021306124174,0.2336979914285466,0.22612956003659135,0.1682284232665636,0.1049341163062052,0.026459251982110646,-0.06512135212226597,-0.19640414764051217,-0.439461897828373,-0.7585695489996209,-0.99931717309662,-0.869608958692914,-0.5694857655431198,-0.2865365782244662,-0.064328851771619,0.037075735535083525,0.04131572681948733,0.05640997319715328,0.07571314701504427,0.07000144010546815,0.06019640674313826,0.07377810990462395,0.10654064711933188,0.10204278113501769,0.11570550180722433,0.11924372252897072,0.11011779020931672,0.05652476710795222,0.05327190828966638,0.08289891549335758,0.08919711278396161,0.05638619361848683,0.05104517998291643,0.057525115798937404,0.09211063823316869,0.15434704894850254,0.16053793235183472,0.14922972296297457,0.14585206839619683,0.09819709617897779
0.16859680207373762,0.13332343047777062,0.15734979657158943,0.20993735339850908,0.15000862247594893,0.19606918476172777,0.21644695732101044,0.23137787113868344,0.22037804723882276,0.15413222272880261,0.07416133244335468,-0.0017733717783597464,-0.014912518425689553,0.002140975436754982,-0.005287658076001759,-0.05034984176493408,-0.12164657135078483,-0.26204768869833056,-0.45990842562339196,-0.7758185689709312,-0.9947564718165219,-0.8638406174331291,-0.5904321790812667,-0.3854123760872632,-0.22140404658157714,-0.14130322854387473,-0.046649512429258015,0.014363421401409357,0.08257408891452422,0.10813348413157495,0.17182890394251846,0.199048390870455,0.20297806908096155,0.20148890730802357,0.20810109874937643,0.18877192187149253,0.14633138565066767,0.13786183963274504,0.16281371701138955,0.1531907590058544,0.11879103979021839,0.09283020833738648,0.055748766351916945,0.06688389911229842,0.06972114819035549,0.122610778621839,0.1589891802963051,0.15410608652972274,0.1157156015869969,0.08873778420656954
0.040644225942202454,0.030637377872533497,0.08786409859049503,0.05901833230772432,0.1917741838005004,0.15975198000625307,0.16794706191145584,0.18214606938629352,0.16023251797817098,0.14471076841758954,0.14634899553456765,0.11749773600186544,0.09476906524391622,0.03476218536802948,0.03391689400730027,0.049165251339804136,0.01938205084812752,-0.15140143604194584,-0.4261305716930791,-0.7692983567674703,-0.9949861886145828,-0.8286723772388723,-0.4747797959251937,-0.1187355915629275,0.03473358467342293,0.004518894058997554,-0.048637205059600126,-0.04573201942964359,-0.007605701459702437,0.06227088075872521,0.08563880202786407,0.14403265452638003,0.12544392785318126,0.1244937750598501,0.12301035906481349,0.13997264563349673,0.1552530541268212,0.12580636051349703,0.0850969828395107,0.05226818178735118,0.015539404855870456,-0.009190436823228745,0.0497068680821117,0.0925179629722159,0.10114779760312444,0.11697962941180419,0.11849419737538226,0.12060331939012113,0.13862717014856807,0.1384444332963074
0.14632502889958357,0.19215920212560614,0.1184382155085153,0.16207691397352017,0.2698533151707237,0.29677274778831125,0.2873919915818655,0.313803446130937,0.29242207120827984,0.23559570853411063,0.1500411524908723,0.11695977662195838,0.04016506403156963,0.0225693436931345,0.024114195561684176,0.010075563324273736,-0.10163488900085292,-0.25331664296295975,-0.5079381794562869,-0.7767315443889832,-1.0,-0.8155952548215802,-0.5802164706551758,-0.3793411103829639,-0.2579159953062966,-0.22274100346621464,-0.1681771692561969,-0.10736569156913961,-0.07545717359569233,-0.03281285628533916,0.053566838200722965,0.06969404496866774,0.09076328046407091,0.11969161036209892,0.13634704008034773,0.17807546427605744,0.18296292279073245,0.14126739444796035,0.10340174154789035,0.07522078296315046,0.061071386207426824,0.08520333728524994,0.08812919381136225,0.13478715989675552,0.18346453395581383,0.1691690900802519,0.12213004388002209,0.1857128409623389,0.21659466005134423,0.20322687827047067
0.1528885734457989,0.21008345102375045,0.14284647472800352,0.1673076815492061,0.1713121982825407,0.17001254361144533,0.1532203250519569,0.11942781317098262,0.12435367693681594,0.1123117695409006,0.08602114559061078,0.08859306982232618,0.0911119587973983,0.06098361365440763,0.0032681905146335366,-0.041758953005390925,-0.14059298566901302,-0.29243009287817695,-0.5099631285901607,-0.8023963615443811,-0.9952383390035584,-0.8212350857059716,-0.5295191988578178,-0.31191497771243887,-0.18935038574462365,-0.11097631637557145,-0.05499309363214499,-0.02566198165836477,-0.019479934919400525,0.03336572176176457,0.08602196949987125,0.12547579759893768,0.16221691119650855,0.19181903621537727,0.19881912190659634,0.21826609949337744,0.2278511059876569,0.19729599508740744,0.18542133690061466,0.18380340355669836,0.16063032930840745,0.1587996899318454,0.1607130724867063,0.11933481308556797,0.10552461692270086,0.0887506686910237,0.07827690395412146,0.0944151909290427,0.10021312165101891,0.11475344341099188
0.040798949082625435,0.09300103159184162,0.1263434208419996,0.11170144968874599,0.11736290586518983,0.1059158675882204,0.08823268833734674,0.08271569485337327,0.04802532153860038,0.07308274386575392,0.07541893406628994,0.06704518201970455,0.06478840037633417,0.04259454690980456,-0.013556841468395121,-0.11760019667632007,-0.19667205324295645,-0.31749872371715876,-0.5341277739312982,-0.810838626919637,-0.9956075675326078,-0.8173338453244156,-0.5002159200915764,-0.21513100474181066,-0.02581600930457575,0.08980230147523147,0.15623494672128155,0.144281080832268,0.125507780125767,0.1334710809162528,0.17580379030442986,0.21427998099965734,0.17116685244284677,0.1253259649270641,0.10767530144425187,0.10842884678633397,0.12530053813318662,0.15664764856607472,0.18817515290939957,0.18097161652156538,0.18483526590461885,0.13175792264741135,0.08874246520078234,0.08552215721631115,0.09824894094856469,0.15023020593985154,0.14554773105883043,0.09272040118282272,0.08107074574870994,0.14562270737140715
0.1427942316799596,0.13833507399329184,0.11740604538660526,0.03322191768488917,0.10495999137213924,0.10288251596342221,0.14218929689573342,0.2022749375003851,0.21017023956879277,0.18565973616298928,0.11593879823906911,0.0426383333407516,0.030830513572086892,0.024392547037909943,0.019098141225794497,-0.0723535504426517,-0.1724431230893846,-0.32938445753072676,-0.5534943009411091,-0.8222270286686731,-0.9986854898302988,-0.8242186816370008,-0.5341704189316699,-0.2664491467494899,-0.08590170427246609,-0.02337835652156137,0.030013178901863752,0.06878190037104451,0.08419624344546021,0.0989873008000861,0.10807428835651683,0.1359644008587104,0.15135643189080242,0.14344798411111687,0.14924332312986321,0.13696857641440774,0.13223206015384864,0.146024277670632,0.18296085657823344,0.20471217751145523,0.19432597543599378,0.2125541465500223,0.19077378182497884,0.19730461522364787,0.18445489255307626,0.1380015215533186,0.10606378338256396,0.03182857640152818,0.024747891519179083,0.016895754352862
0.0679957331227434,0.1302139149981385,0.16851731231074615,0.16072048122292132,0.15353141550293942,0.14693797789164836,0.1636533065818175,0.1545300742740306,0.15500757336926702,0.15650950217261006,0.12530290876001607,0.0753898218102767,0.021385195383740334,-0.0485406152896737,-0.06879362285163795,-0.0697012358226806,-0.13068429699230258,-0.2269168504424566,-0.4621001657427314,-0.773387009072302,-0.9925878744200558,-0.8575971871758185,-0.5757727436375382,-0.35519223048601406,-0.19865108896059183,-0.11302004433080791,-0.03671346007264899,-0.014517715735303407,0.021997865659921303,0.05889766410137746,0.11233483603126451,0.14785665192822356,0.2038816415083132,0.2357072432594309,0.23506907443912092,0.2180128992365667,0.21230636868271502,0.20003935738258177,0.1892178632962172,0.17010855575512998,0.16802552735194168,0.13896161685051786,0.11253158623294478,0.12319468319690746,0.14086695895979032,0.12240050958322551,0.1061933154090688,0.11089299181781821,0.11974724833626697,0.09623646461232434
0.13703626474089906,0.11611445546991452,0.10087990660161966,0.11886081004576109,0.16981252040012737,0.1856582029313801,0.20280424219380852,0.1821144769731082,0.1668913095638479,0.1397382367348611,0.125614242502022,0.11554682644357277,0.10966593639705477,0.09528078309733091,0.03828081236689758,-0.006784712894718172,-0.10188240719179414,-0.23627321523364825,-0.4893777582866356,-0.7902704113260841,-0.9859679571800392,-0.8234572777808107,-0.5404631101436452,-0.30288321690379677,-0.1688806335159669,-0.11405972855850423,-0.05775411627372399,-0.008701250997118909,0.040616256667254,0.06420002239635668,0.09830271714294662,0.10298266620352602,0.12227544812933475,0.12483434807094829,0.14397497869916792,0.13598153123768433,0.14521897013821541,0.13612554389222678,0.11705976297037514,0.11462381388874578,0.09324364871468069,0.09728798939034349,0.10932250781739011,0.1361027405684494,0.13669277362667645,0.15735587062763418,0.15937306429856676,0.15346184280313377,0.13021662612284818,0.10320364641777618
0.1204074006469918,0.12913272020581754,0.1328980380306109,0.14529141181311894,0.14780785256841414,0.14223159605610305,0.14063780170390056,0.11881092351031955,0.11499129386171311,0.12688687600136783,0.14812730989327003,0.14607688683288797,0.15486483461672004,0.1451722228944461,0.14160739034427777,0.10358066672537358,-0.006658478386742019,-0.20217516735568175,-0.47270701834219364,-0.7776086788705694,-0.9915149088832521,-0.8442556821505184,-0.5724114372509288,-0.32948066075303395,-0.17191516081150948,-0.06573894292189973,-0.005489881648017122,0.025074416085791345,0.05859875741970935,0.07914460257669062,0.07684830634528969,0.04661703216925505,0.0730475832687708,0.10081337345858825,0.12523617496675635,0.14272076470175543,0.15834151034806795,0.15741674657783392,0.17818329531615287,0.15285975876080102,0.11398412997815623,0.08204468066816241,0.0646365635498007,0.06858670426874645,0.06601873018707263,0.06713052929293263,0.07555574523279698,0.11505060375789708,0.1274676577762412,0.12605312496174462
0.049497747965115156,0.03951882317875296,0.04228743527041431,0.0549219623246474,0.09074168595727251,0.10714179886002474,0.13207153614016093,0.14171379582870308,0.13432038060691825,0.13027550356007844,0.14630917014054215,0.15299686333053653,0.1676842096693554,0.15346717618426117,0.11857400886830416,0.08562168487909763,-0.013308762248551109,-0.17795034062760828,-0.4797886968757542,-0.8101683572511617,-0.9989667659118221,-0.8419561066541955,-0.5621359792549087,-0.32784344937763493,-0.17106977104562834,-0.06059559139233335,0.019591205352517033,0.08351606505298632,0.14059065000542226,0.17328980969569438,0.1964203114632698,0.18217069260800084,0.17521984956103206,0.18467083249834518,0.19533153858320831,0.14311286192436917,0.11923224415447145,0.12527570409389405,0.1226808664469568,0.10135718641253692,0.07583828286034602,0.07837560759192315,0.06454797785782435,0.05743264141467662,0.053566362281179274,0.05675527922400876,0.06768736531090407,0.08942341442120762,0.09000761880646575,0.10054567025417283
0.07525066772437027,0.08804405194020468,0.12503014700924792,0.13429637031320296,0.13568987968802107,0.13420076236833134,0.1314997662318195,0.12583776112173634,0.11888114934505932,0.13224762017153432,0.18188413700429948,0.24237990763062978,0.28661712432878517,0.2933185464464389,0.23647433261064466,0.11630782433385613,-0.07471295630363613,-0.34730942729779873,-0.63455322731072,-0.8843925461282541,-1.0,-0.9090542329693087,-0.6970578751686223,-0.45191988284963414,-0.254124291112321,-0.09128689596659609,0.02101766663782837,0.12362964300872542,0.20228883477979873,0.24830183240566195,0.24608129984886806,0.20934574268396486,0.18805871217780123,0.1526713363121441,0.1311290745927193,0.1181149699546067,0.10897087105755562,0.10637929056622733,0.10168198005461596,0.0816648533383079,0.06311788122713406,0.07165174911099617,0.07465664362391239,0.07846970736888671,0.06900074419163685,0.07355284941273801,0.07362661445749777,0.07376689602303464,0.07698148959126856,0.0922906044127786
0.05579172760029799,0.0694133221177498,0.06440594066770271,0.06801028058371096,0.07777104590208436,0.08183065570735329,0.10853338984333721,0.12318286768498704,0.14130253339489438,0.12972489679711452,0.11997897887555721,0.13143049592922726,0.14589699137959208,0.15200311640074596,0.14453410113746223,0.11774482778411856,0.031369004592289695,-0.15884163761286416,-0.4609756267478236,-0.7967139601967369,-0.994468411696149,-0.8573476130730084,-0.5867249717298575,-0.3553506387018068,-0.2007132890407531,-0.08781311574154683,-0.0165344357180466,0.03154685777311776,0.06531454003940786,0.09708719623984124,0.140426275756439,0.15817620419081196,0.1456680308837918,0.14051491724840479,0.14914557908585072,0.16751232608326264,0.16623917788572512,0.14674984997778012,0.11501217478996191,0.11994169631565642,0.13469583331177612,0.14080391016309657,0.13466339241164593,0.1501073115415632,0.15703913119380608,0.12726168875917548,0.09136300637673758,0.06675099646213545,0.04966645787331554,0.05687296949706397
0.14220841192364045,0.12325663275406334,0.1325674283887235,0.09657416239889796,0.0855524389042061,0.09750701238037303,0.1259103856298785,0.14896885574628416,0.15879668573173242,0.1673470020504083,0.16157605766106087,0.16193018856344088,0.17314075704377024,0.1768322961573324,0.15073590500919146,0.10864471092148249,0.007881431099844646,-0.19168598217934885,-0.4846192211097286,-0.8197503055215904,-0.9970507411277059,-0.8664674268572309,-0.5926617270244042,-0.33863336313980663,-0.17718032680684945,-0.061074493529780616,0.03313219303950843,0.0816079633156044,0.10136146545212345,0.11565196791332823,0.13334877621370236,0.12390507484971951,0.12416492579704104,0.13528540127082908,0.13336577988336598,0.11561384249965669,0.10770004907270174,0.0981334150926231,0.11667483522400038,0.11806676470006901,0.09659652238780018,0.07725594528004726,0.07388799939526172,0.06035945878774412,0.06363872000129159,0.0754113664178969,0.08801379124974103,0.09022954443994156,0.07436726529019308,0.07192015735792434
0.07957524207139159,0.09579748234666988,0.07732360774544375,0.0777972354353739,0.05617158660021762,0.059925501107676915,0.0876609965495977,0.09708852503564272,0.11295346017965942,0.11089744329351259,0.11660495153867317,0.10032916683286305,0.07741274019834307,0.06111288649107303,0.02871485548667345,-0.04787499167393415,-0.13413284124016306,-0.27631645337322297,-0.5159701076019717,-0.7930708623465841,-0.9879421262158685,-0.8590377036303326,-0.5045792189634953,-0.13889182195627586,0.09372980181870003,0.20181077587084698,0.21587732331789888,0.23556372644543622,0.24655821040141737,0.23488551994907822,0.19857841515338331,0.17713938946891344,0.17796471098060523,0.16591683627100143,0.15728589430271148,0.11635908717966469,0.06946920290742294,0.06743233218092233,0.07620365815494844,0.0733166126969787,0.07875440200177503,0.0865377825104957,0.07618425252038677,0.06233385564199674,0.046339486535225474,0.026335853481141352,0.031238825404169394,0.03262428831431098,0.04089107829576962,0.0291191242838366
0.10803205428193477,0.10676824446162353,0.12768143545297742,0.12070352470604022,0.11028516915539556,0.08436805675703227,0.05714520331524176,0.08885733175060273,0.1272596505498733,0.14602190077429647,0.16656404352633433,0.17952432753464223,0.19970948063144203,0.20373498600938902,0.19779455312141483,0.14911000480449912,0.0685261227967086,-0.13694060803551028,-0.4680031413777166,-0.8202181096146328,-0.9977997476612114,-0.8399727236579467,-0.5530802941416746,-0.3226224466911346,-0.1437768802631711,-0.030425614257735253,0.04265843317799474,0.08259718272164952,0.1028206510415136,0.12885675234440833,0.12493872386235917,0.1079158493571837,0.09671143247997806,0.06603010173646907,0.03365002103036531,0.04547348936146089,0.08289596305266161,0.10723575563538362,0.10985056202428013,0.11492120532860067,0.12089829490986818,0.09610091723775477,0.08964135920365122,0.09163716538025209,0.08926329649419522,0.07706041094922653,0.07538301954168891,0.07346338710469964,0.0656811647808375,0.04506833731480271
0.04048153457196965,0.018688166875006518,0.08238804415820115,0.110541897410332,0.14927119270541456,0.1380850639467602,0.1254090324386003,0.11824900206965795,0.09987053481035925,0.0781462678638971,0.08097411632254864,0.10603476531162817,0.12915073244666983,0.16284622762915402,0.1441901137497554,0.08683787865942907,0.017793841357039143,-0.14882567395498925,-0.4137363861912281,-0.7642077370064332,-0.9904951723996026,-0.8399230220093816,-0.5236016869558381,-0.22142468033042093,-0.02931222891013049,0.04604026720431901,0.061703657383882234,0.06032641349397275,0.07451109936893933,0.13551840204233817,0.1657738819284214,0.15860827946625594,0.17451860153948498,0.1169258651042646,0.10929446674455466,0.13133405055021674,0.14955305598452362,0.1339668672161381,0.06952826110420961,0.040554600741008605,0.01705968325140655,0.03859480793745206,0.0377111651073314,0.04764774010355395,0.03014966042021709,0.0694893605997447,0.09632550349291508,0.09920846943420521,0.08417916915221693,0.09404484606002887
0.23361586161151113,0.21302037091352596,0.21942309587273065,0.2068827408277221,0.2006802763295714,0.1677925597229514,0.1779490741931282,0.1769863374368136,0.18679815908024183,0.19268104351444185,0.14911491214395434,0.09273332140651237,0.04092488703974316,0.03408200371867086,0.04270610627051945,0.04069687079495593,-0.0033057332651651966,-0.16132209220334665,-0.4587804558143003,-0.7726254777297218,-0.9698487274583973,-0.8200189870788926,-0.5909219412558895,-0.4060170629580483,-0.2818700737282085,-0.21432384974407181,-0.1446822868066554,-0.0896721399868461,-0.041840965462852577,0.006353161920265742,0.0019839116735684446,0.017598719669188904,0.016278094341102178,-0.017407338159594284,0.00022965239961883835,0.04967002321026523,0.051311924627382856,0.08853868644893356,0.12025853372149309,0.1393796861802273,0.11629616437114693,0.11934333774406568,0.1185230926926913,0.15449357368359487,0.21675097797422033,0.263464322104487,0.28965466989982325,0.2816306350047309,0.26388125366972826,0.28090908943846116
0.07638375587039266,0.053146507655421164,0.03182349983844757,0.007485447989097107,0.008129688677130428,-0.0023350652579642232,0.028391908028489288,0.03316012920716127,0.016878389906425265,0.02346306789431759,0.09204969609211083,0.14709531012174143,0.15815541506802042,0.16630699399488189,0.14750411829004456,0.11602186645658616,0.050794461164244575,-0.11522796103233017,-0.4241195701263695,-0.7904702773644688,-0.9934137733137363,-0.8530373094380662,-0.5651365458555697,-0.32392038099329273,-0.12822108721334716,0.013205689294467034,0.09829453443322007,0.15363349247090508,0.20553094221319035,0.24312150258667536,0.2287200439943425,0.21329183644053065,0.1743255131786092,0.16747225075726668,0.17882541402713245,0.18725233375098402,0.17482738208088058,0.13687684609663797,0.10662203218007131,0.09842339003920017,0.10374535935920112,0.11472098981582667,0.12603064543981005,0.12226976987556733,0.09999202907046438,0.06962722384976212,0.022534908197008985,-0.009920093501973877,-0.0019893883512771965,0.01165706704212907
0.06949992782093369,0.08913629406347992,0.08569124822321864,0.09225223267139177,0.1340803766742865,0.17050176567088018,0.17832508088120938,0.17343170227975432,0.17110797891359486,0.1766517319409222,0.2035417440247036,0.20272407429718783,0.18517082690439782,0.14644020494180357,0.109203313352232,0.06428848327323178,-0.02846214281298861,-0.18341430367417333,-0.4632193805868166,-0.8004546958191128,-0.9973278520379594,-0.856400832852895,-0.557622268444752,-0.2964333131486048,-0.11229226133162105,0.012592038175580713,0.07351476413060216,0.13219956070766536,0.1742317771531019,0.1967965356639726,0.17261163038174682,0.13163393063827544,0.09913350986955445,0.07376766244290917,0.061152392309700224,0.06376235237685007,0.07919908942871448,0.09482236618011641,0.10623861617523553,0.1071024903014206,0.10132675019026505,0.08009842719343628,0.08991408000744633,0.06050411443214585,0.02329682856209017,0.018462283615734564,0.017146506847610078,0.022448551188325942,0.017979429382594482,0.03364437742060104
0.0823191149964763,0.09418916466344511,0.08321764575653025,0.06360013667391855,0.08553029916597814,0.11303068877451088,0.13974340666000906,0.13577188139269858,0.1282076072935583,0.12293891477167107,0.14043251361235423,0.17424564643357135,0.17955373888807832,0.14888886199363813,0.11944933670986974,0.08627957971983481,0.008778113388759856,-0.17380057768878127,-0.469883119834771,-0.7953808447524038,-0.9929715865279797,-0.8680217122460211,-0.5836258008651746,-0.32641328881278586,-0.14300939775746152,-0.028433556192929563,0.030557143080140525,0.06444866755295676,0.09702591595359387,0.13579350932152662,0.16179050089079627,0.1589702324441602,0.14582208828179635,0.13029010200438146,0.14011187455335167,0.1393919813422171,0.13575343302286613,0.11763531627975592,0.10364784537036106,0.08682193442257524,0.07767719179778691,0.07409792493806913,0.0842921661038577,0.08133354084145444,0.07649456842663654,0.07690982542284157,0.06922310958518271,0.07730477279614738,0.09299080366802694,0.11697878568292376
0.014889319979609324,0.015375059804494495,0.04452200012848035,0.03334044277390504,0.09260332259874585,0.1318785664768223,0.16444904308804903,0.190129753360013,0.21029835076582098,0.20799993680664178,0.20605208912027762,0.20105445054329,0.16758845830738475,0.12467034572462783,0.06524683444302666,-0.01883270602541438,-0.11808612628498538,-0.2730884130610169,-0.5128585065289843,-0.8101381402030265,-1.0,-0.8713038784711856,-0.6450791167012004,-0.4397026627463527,-0.2661815451861686,-0.16755326508761242,-0.0991165962526209,-0.037730028404401504,0.027014316220046002,0.07460313573504176,0.1374057374619026,0.17434280339436226,0.1996128253923258,0.19536482863328747,0.21374342823758818,0.2031527951558845,0.24660989068590647,0.2603538329162166,0.2559132582230902,0.21257219777003858,0.19119403548153288,0.20841437165270346,0.17782036799220655,0.12275557400207074,0.09071211120906371,0.0781692250048221,0.08445614769102275,0.09687777831241579,0.08797907978888443,0.05050527007136815
0.010825807511371516,-0.04239865120303335,0.0037228047622069075,0.031166192818246206,0.05628714974858183,0.06973187602217738,0.07954887531915691,0.04837871544689711,0.015337131707325924,-0.009435661753298524,0.03963979233037236,0.0732953242806761,0.06367351197007215,0.040518900883700616,0.049260272308167284,0.008924940863608066,-0.08934351537291634,-0.24087134108120528,-0.4561726698977316,-0.7731740739508698,-0.9993811881188118,-0.8353836015557659,-0.5350906501362859,-0.2903875598540114,-0.1673981545097957,-0.13638646677856575,-0.13494285146107987,-0.11969593594852371,-0.056051340183369616,0.04883450986508879,0.12608452897978037,0.20180521928290654,0.2728941577898535,0.33028613686213826,0.3455651872840925,0.3267211741549429,0.30082622507545403,0.2960305346722859,0.28125442596886563,0.26475015313885314,0.24081657703325202,0.21114321230682626,0.1519171419037656,0.10253740360307173,0.11221641571355838,0.1403815711863759,0.15260449638129125,0.14955991869497415,0.10845014919593533,0.13112322673939145
0.10897215024353835,0.06555378204765668,0.0783325486419926,0.13986177464404412,0.1507206746738052,0.1757625455071825,0.15518939804105952,0.11131416432095169,0.08981242844000276,0.11511346242271848,0.11281047483949153,0.034749185271238464,-0.016427190118635932,-0.030636723705842195,-0.04780503424546056,-0.07080917658674576,-0.10933604331787282,-0.23606266557934732,-0.46181017479696024,-0.803686587183944,-0.9925225704342284,-0.7638575176467742,-0.4139977531378901,-0.15653734040199693,0.023266370856241104,0.14002149354130208,0.17551970688428872,0.20392679428464466,0.2032265545551577,0.1940718003385876,0.16314912153053363,0.12150679267098938,0.05963373038417,0.06228696573076823,0.08295461878663248,0.06422789022537918,0.04715369730718766,0.01949316305062721,0.008077805461995439,-0.003059268636600262,0.010553027737039509,0.01917478546392957,0.04689566757222235,0.08522810751323605,0.11558791555727667,0.09628479720842442,0.13818199839501852,0.19597609614118466,0.2312974317296836,0.26065912377209666
0.08099255673011774,0.07505963796974491,0.0950895167190188,0.1004173657781734,0.12243123424249155,0.11435078436754312,0.10395529481075572,0.12734101095988792,0.16866878372018482,0.17211355829922098,0.15500127999964738,0.1205243390758428,0.07165436445111102,0.038850557662739586,0.03062646119016852,0.0172314826020707,-0.05359969328600622,-0.1926823470500103,-0.448082533948105,-0.7793329237516423,-0.9899255102387603,-0.8199654750457124,-0.5477995589866073,-0.33556586498894586,-0.210253422382392,-0.11620083687905176,-0.026146093673422292,0.04592394281492461,0.09726993911222018,0.13614052118456774,0.16711572213326564,0.16185380210463185,0.14648936204775398,0.13907288597929082,0.10383225334317298,0.12878495923776134,0.15895328339366901,0.12879172010344328,0.12751829997291603,0.12117221975186314,0.12635404003054335,0.10444475597683436,0.08930700821414529,0.1125982185912022,0.1455702164077058,0.159205972254258,0.12212499300143749,0.12662808118869168,0.13607322855963425,0.14002060624800422
0.1103725109699468,0.09276398335790127,0.10299702653496938,0.111246396337958,0.14210474857343705,0.13968454164106756,0.14274472131302895,0.14605851844578432,0.13991238441484388,0.10691356818208902,0.06262932017457384,0.03327495578118106,0.016893089965215467,0.007656136081647811,-0.00914775397413936,-0.029887639963279495,-0.0972237909228865,-0.2108409988547374,-0.43372791158322505,-0.7819386922716122,-0.9896592074105193,-0.7688409457960939,-0.4791058709457278,-0.23228192734678502,-0.07058556705275822,0.027480886619974044,0.08325912836335636,0.12211573611382849,0.18707029787449986,0.20381854638792263,0.22309627605809015,0.22216704097221285,0.23205747903854732,0.19163225286966157,0.15422863722698685,0.1113785091819021,0.1003215347148296,0.09530253271777003,0.10653133252927598,0.09769920296062397,0.0820070436177901,0.03631524598952588,0.022276985977462135,0.058904276926483555,0.0809009208165352,0.1091833490853811,0.056155903671747824,0.02910079960187562,0.04366534187996132,0.07131914315187504
0.058325618800388855,0.07794077862872892,0.046249940657227664,0.09419199721617885,0.0958069798376518,0.09192203544243586,0.11244485791797164,0.15087073552412186,0.19487719561636743,0.16489922205701632,0.12565659258965092,0.08575781915930307,0.08255962361088906,0.06835657363388763,0.03372325892514897,-0.004450307367525253,-0.08755755033709288,-0.2702605567718888,-0.5557286154845579,-0.8124648541179967,-0.9910629316449777,-0.8169248714624764,-0.5452440011386632,-0.3246308560239809,-0.17800682254877453,-0.06056950338276974,0.04260545659105144,0.10323452586198854,0.11722819751745893,0.19553753991181783,0.24354939389114671,0.24457349411883061,0.23330331663572648,0.2093042603751522,0.21658691218584675,0.21902010631172172,0.19594579434204357,0.20469722079755548,0.18709654074496815,0.14473035588130417,0.10268588223692159,0.06588012558414914,0.05571169909382831,0.03445458080567364,0.024397710762344975,0.06605538203936946,0.08092722476195906,0.06742275993038034,0.058033594070266724,0.050335566212229246
0.12586707426467234,0.15791993508287297,0.1422455974024187,0.15378047766770866,0.17025135357364923,0.1413452611159837,0.1843297379494913,0.18347265996982323,0.1699721904977417,0.14481194686823373,0.1352715525637435,0.12436751032441555,0.13536731968288696,0.14186304772876127,0.12543303725512364,0.11562404138739821,0.06152189289076973,-0.0706576918687223,-0.39562258761358604,-0.758441845938092,-0.9870477308046727,-0.8147552399424097,-0.4981258810627385,-0.24999161917757454,-0.11909302971275469,-0.04559639037372744,-0.019103732842836476,0.007954475484994191,0.06817346149433819,0.06922867582086954,0.052803165931415236,0.008252748973099518,0.010873458272816517,0.0037650402967799646,0.00044108781984860307,0.011011857094775885,0.049312458774055136,0.11372272758038197,0.09988478283373477,0.06620369847130317,0.08280484640744874,0.08529351272003226,0.07928904989781708,0.12754630157547853,0.12373811418694595,0.12017073385770381,0.08904195839428902,0.08310668120469061,0.09537639383883142,0.0969958821797701
0.027199926369538094,0.026277706887565457,0.056462800938431416,0.05499678355270997,0.09486961026257314,0.11459881223000365,0.13921066741339008,0.13671776881032682,0.08891120071758057,0.036745837140454575,0.010295851379788907,-0.007107746421969165,-0.0017253743112089317,0.0017257656617296745,-0.02525551769547061,-0.05708385084122193,-0.1399224812104502,-0.2516583053870532,-0.48357853759245145,-0.8040007696675749,-0.9951751630231288,-0.8479830381663166,-0.5782374248781077,-0.3580021109046539,-0.21888126646310752,-0.15450995986157479,-0.07826684981627648,0.02077803547378666,0.11625685044761201,0.1694865014584579,0.2521415564422365,0.3176329261038512,0.42066157716323965,0.4756014058346948,0.4984564204874576,0.45566749764941294,0.36980510984511394,0.29827771336165027,0.24880714251002164,0.22330578305719348,0.1378849084394277,0.07728941224289493,0.007380520060731151,-0.013749623337742963,-0.03079394873819734,0.0021423889984046635,0.01166838145416022,0.02472259107855337,0.04764709833909095,0.08230541650442248
0.06905733880649124,0.013400876123979099,0.04523857621926308,0.07481163199177432,0.08475787063492693,0.11483469957033239,0.15120161193199447,0.17206569839322677,0.19249322657319465,0.1614843215660577,0.12920580331628842,0.09301718355311338,0.05752295795789578,0.033411119801966004,0.06530638818556524,0.06576149246976022,0.011059902760870084,-0.13241173254818234,-0.4145486360322333,-0.7623421869166958,-0.9932380026206976,-0.8483206429802008,-0.5602537701881645,-0.28392550793486354,-0.14244454267458515,-0.049671644252849034,0.008406138482088916,0.05267268720314593,0.08838657777564048,0.10083819928676811,0.15554057661524287,0.15414772888654418,0.11918902575326502,0.1139043678041093,0.15425887442165925,0.18356026500108594,0.18470634470323266,0.14814208113068894,0.13268618377299876,0.1285975024490327,0.10876063154783665,0.09108763056104811,0.09344436715841901,0.11762769895415011,0.11642033991596644,0.09378513932216762,0.051149411995248556,0.06981689745590396,0.08230657731157515,0.10309071878395344
0.10063200209284623,0.15261940275379116,0.1367282303562295,0.1514762720727416,0.18262600794927064,0.14374711501153578,0.11976082695080506,0.12465669168999921,0.15604585221526449,0.18736112182489692,0.19764559021594405,0.16263214296277198,0.13435614855135156,0.12771534720591313,0.08018334016358564,-0.0031701700616470953,-0.07378403906658311,-0.2063784932270961,-0.4429303092151446,-0.7688637067209596,-0.9949558401880436,-0.8332754756941904,-0.5437019413644361,-0.31074641076193515,-0.14805050469255482,-0.0661857734172123,-0.042607866441597246,-0.009079092488658323,0.0011978657427151613,0.0029736214334721,0.015375278057438534,0.008662542758923954,-0.0001196122219029794,-0.01249009486076053,0.027017704575690308,0.05808522668149604,0.10885662479941247,0.13696228943450953,0.18659573932673995,0.20556158077799921,0.18046513469331973,0.14925645144213376,0.16215407607575227,0.15417788848030065,0.1443599314974557,0.16395548322625367,0.13799195682541926,0.14318565818766196,0.15062314346857233,0.16069504092050915
0.06227819901421483,0.08556718221769558,0.10511545270237459,0.09434784325854682,0.20866521703765792,0.25401557138133934,0.19594480417872007,0.1844719870792037,0.09993739330074818,0.0556164273100617,0.054749804024535824,0.06881212447728086,0.055603093770984505,0.014908539837651788,0.0033465477135582503,-0.07620130185617836,-0.15418433242825635,-0.25461973279213507,-0.49031933789423715,-0.807722436260211,-0.9960430626980414,-0.8474937971206329,-0.559758089759222,-0.3360812120203559,-0.23350808820356095,-0.1620487492225135,-0.11918271094487097,-0.04854386007855957,0.04860408111338785,0.12621402357011285,0.12224952048108777,0.1328296438033482,0.14886987345251307,0.1563872887079802,0.18362246102578686,0.22016124914057242,0.2071516407635256,0.1612295777080839,0.1660864426567189,0.1630345214766048,0.16703648106115565,0.19650241352483874,0.2532092913771049,0.2209855529701836,0.19796850441565894,0.17669145552302357,0.13534235034850597,0.08984257106286676,0.1095558142420772,0.15875176554906328
0.05984232821543923,0.08529784515634369,0.07829270055250101,0.05897066242777571,0.1339652638029427,0.16640706038693348,0.1653916913684266,0.15445129265123242,0.14098771397124096,0.12030483704819138,0.09263430826838928,0.04125372388634718,0.012695202293881111,0.01543950575215721,0.005301319732033896,-0.029185170187668454,-0.11551296511941303,-0.2669259769363151,-0.47622114756548606,-0.7625675492313142,-0.9885537364282702,-0.8569994345455296,-0.6070888689732293,-0.3806217162982227,-0.20058501896103034,-0.08692343654217737,-0.07425775414276771,-0.012091796161108405,0.024462223163105243,0.0693212148544772,0.12455797165095114,0.1607234804003421,0.21078523192022397,0.2258821323455557,0.22291843516785864,0.21393229633539923,0.22082332515277395,0.21848491579927712,0.22406896252323544,0.23019126483869276,0.1936525065248969,0.1531507179590208,0.15585181976117335,0.16261157790172462,0.11396447918399183,0.1172809619685978,0.10220989878153684,0.12092560704841084,0.12672499475115778,0.13377509754629344
0.025165302121889662,0.08171361146947023,0.11325895990483772,0.1520259082838394,0.24303567112036714,0.23315912615174847,0.24336214196223913,0.19974937382365307,0.11612778737353373,0.09994266432934278,0.13219244346787812,0.0960286218927419,0.08709594310271497,0.09934853053219742,0.1392319121495474,0.10351972365870087,0.007338000601299146,-0.15140641431837043,-0.40567760506474315,-0.7636010791751832,-1.0,-0.8021981150574075,-0.49307207300206846,-0.24769482177194993,-0.13497789229293405,-0.08879052037282287,-0.08808496197816178,-0.06429674328896477,0.026828521407139934,0.004093445306040571,0.010314353109099486,0.041225987153462,0.05034418854241835,0.061298486296115715,0.06821200772616007,0.09177122489593939,0.11092195875758515,0.10065962085689657,0.06609895165895145,0.039868552297678814,0.013216010854822116,0.07669398342845202,0.10679935495086176,0.19066643036598196,0.19910703854319858,0.16007916062179461,0.1387780247250045,0.17041450573119968,0.17458294645615596,0.1655297506916462
0.13221996681534126,0.10900898345086134,0.0789865030377624,0.09269205157460153,0.0650981978518102,0.07294837292587014,0.05831184083322872,0.06926796871147076,0.08445068002976662,0.07771854901113641,0.09074268347446142,0.04326068738474225,0.0350749633573632,0.030947169520914884,0.03850500997718004,0.006420527976344486,-0.06938237496192472,-0.23367385134039242,-0.47265550789665395,-0.7668841373507062,-0.99203868794971,-0.8477475204988796,-0.5932296330988364,-0.31978686220452,-0.1634996428835931,-0.052422017196872374,-0.021398694488198464,-0.005846047389623724,0.03489278018701875,0.07869247204458162,0.09539290745951617,0.11343222864196965,0.16113490732466954,0.2056725266328716,0.21271828970946832,0.19323723119708727,0.1995512778554483,0.22516143278361012,0.2391019216063759,0.20810767852533554,0.18987796564912957,0.1812946143299402,0.1799441440325443,0.16873220521604715,0.17520125904103123,0.17252682232581917,0.11973682356918522,0.10554509152585304,0.09242718099053479,0.1005290606790174
0.06849926530646713,0.06522038493323487,0.06416349571165944,0.10093239210613468,0.1506524475073763,0.16981892476995658,0.18630634745754004,0.1949125887321007,0.17836457029623387,0.18856460770053068,0.17606973087238192,0.17439130717455253,0.19538657661723594,0.17127780139703191,0.08948656041678639,-0.03538866771238079,-0.15644610679474458,-0.28563988917699457,-0.5314038254804755,-0.8161533231270197,-0.9901046502630761,-0.8143368811247481,-0.4727447018717587,-0.26715097538971105,-0.13871475833407976,-0.05803931174081231,0.03415350021087757,0.051201382844682654,0.07619397823660037,0.07825821097680258,0.076730849917278,0.043439067434821024,0.08725519975923247,0.1006009123908306,0.09730871990626316,0.12346339652717879,0.12756266004204428,0.09831931057912004,0.06999476038422628,0.05989788774358873,0.055850781240354225,0.08263091964310555,0.06404197042370466,0.10117723445886115,0.15858346739870058,0.1319349591216051,0.09485536012761024,0.1356864063460943,0.18527064719070355,0.2576645071122929
-0.05069111762341432,0.015015681606290516,-0.013410304223266105,0.02275204578364037,0.011889988837495551,0.019898445339833384,-0.006227650903963746,-0.03182423856918656,-0.09312036528191006,-0.15834037117709643,-0.15272581092509874,-0.16043678562250552,-0.16475636993308662,-0.186192457416044,-0.18434513352604653,-0.19260875770695068,-0.25437127506566914,-0.35002979375743243,-0.5295536141323236,-0.7870953604049358,-1.0,-0.9247671419363038,-0.6999189020783002,-0.4738003318755532,-0.2914352524250223,-0.07651768832529154,0.08257810102440556,0.15123985487963984,0.21361581123309453,0.3239507369730573,0.4021513072212668,0.41181532302226853,0.4111194908791685,0.4282768280411517,0.4161749797656357,0.40223491054173266,0.42431784115662347,0.4692201757220691,0.45443024630485235,0.3962885982988334,0.31130256615564056,0.21941147281707515,0.17519958585285994,0.19019105306021405,0.23891723844898585,0.1912294884348501,0.16539015422082712,0.12175349620610618,0.0810086357850765,0.03079466529670637
0.08228488949099207,0.061523401436053005,0.14053710311836107,0.050048656034249336,-0.022472908952752536,-0.039577594084137836,-0.017401365102760503,0.015684985667295065,0.05952983548067255,0.06390311352770066,0.07700347801925156,0.11109906148807999,0.12913570887300327,0.11581791439105475,0.08773307125107323,0.047440343404656506,-0.05054917074051727,-0.2512947075380996,-0.5136464050841496,-0.7959182553491267,-0.9906025293038874,-0.8503477255598169,-0.5247730140212898,-0.2760319547983672,-0.15471911561065047,-0.04198126639128434,0.009914318547133821,-0.015795729027285755,0.018013500447582882,0.07886068332815463,0.11560792710730432,0.14495148229789348,0.15197024799844866,0.20254056255385336,0.21226672020079296,0.15224776392441217,0.1450952454061059,0.1814860045223647,0.16639896137249807,0.1614049798601053,0.11596777282100196,0.14689644640685684,0.1965749261836645,0.232241755348459,0.19081734131739644,0.19435894357907305,0.1911124133601112,0.18207858612092986,0.1438547088019284,0.1687088878756117
0.06214459943518206,0.03377682822508837,0.09414683450936878,0.06421583540613046,0.07754008323414058,0.07116960809580514,0.06957687780997664,0.11407635177372377,0.13570468738317887,0.04231638654920885,-0.0018532766361489149,0.023722918525155463,0.06033642346726283,0.10815720680329909,0.1035446771420116,0.06477143100947265,-0.024942913255123225,-0.1474641569343571,-0.4285565065388253,-0.793912631573681,-0.9918660165771843,-0.806904299740117,-0.4931703047270153,-0.23122719011836995,-0.08431882076612061,0.012696734732307443,0.05953068971342907,0.07536389558232398,0.0796430634995435,0.13060717427682006,0.1341195795808825,0.15377253864732138,0.13541537698779366,0.12956274694724612,0.15478352555352584,0.13699141136896287,0.13876545600818624,0.15506877430705374,0.14599656022028046,0.08437184582374024,0.0648878188945242,0.07045626016685677,0.0774314835801445,0.1394256508519373,0.1449045284738316,0.13369804320402986,0.12508074055979929,0.13429093229541006,0.12799999891245673,0.1341505373095302
0.19511979366559712,0.2546120087304061,0.1719405088004349,0.141189865171501,0.21162093503432117,0.18104146355458586,0.19334449892173067,0.21624774723133136,0.262539386823835,0.2354106665293034,0.2153901493378635,0.17457815776489527,0.14670504226783354,0.13066984829090314,0.0828457690460828,0.031082000441924797,-0.06879166842791715,-0.22386195120349506,-0.48338543191160804,-0.788223556874949,-0.984644212277824,-0.7791024122484441,-0.4818824005721376,-0.2777837972525386,-0.16485051233970385,-0.09573345813043171,-0.06164425545813856,-0.04966647396965198,-0.0026551899428681447,0.03032966149210323,0.04666502095864427,0.00828504758139949,-0.030539925403621007,-0.026287229758833942,-0.007528326376614201,-0.022740863981393064,0.013420444122160695,0.034445399756292946,0.06529255126979655,0.12669278717346505,0.1776151155711695,0.1771676122369265,0.14774876589785904,0.14609385821072246,0.1433633462094737,0.12870657511997716,0.09869311966347,0.10912952481941002,0.11331601649938833,0.13801897793536108
-0.0561827307430035,-0.05697018271074096,-0.025438791210960366,0.11573377199499237,0.047794777932659405,0.071285564381896,0.058082404494750155,0.03578950147246887,0.047153073732240786,0.05225987834830874,0.017825166339731933,-0.0185689585180497,-0.04491512178654238,-0.09983454172285873,-0.15814667393289933,-0.15230493161759587,-0.19343497186018846,-0.2917092351894324,-0.4923878045282456,-0.7883724608230241,-0.990431234196418,-0.8597890771618412,-0.5659977711129758,-0.3264874339645105,-0.1577854744542482,-0.09150652272239908,-0.04847861227239567,0.017524681454193492,0.10845463525786293,0.23521583424722037,0.31575628596420374,0.3915087395823352,0.4227956446441081,0.4583832952154598,0.4394285190701796,0.4295046262628152,0.39312957624629113,0.37230128911505894,0.34797882826159027,0.3066453326920121,0.24911908531587132,0.19595023277895976,0.12382454136439106,0.043948711298299845,0.04256758524612056,0.06120414296761715,0.025708448993355466,-0.011459273383936049,-0.02494660778529885,0.028274237022570266
0.0792707281410855,0.07100093301541584,0.08092273712708331,0.09608911326647372,0.14203716758636942,0.14201810978108204,0.14819387565422834,0.13688726295995296,0.12455458989483643,0.11228576984002597,0.1110341904190334,0.1204706208702573,0.12908196229303134,0.11605836963353823,0.08463117591216919,0.04080008747670922,-0.03725087812935235,-0.18677807131111077,-0.446901675605524,-0.7761977027484263,-0.9922073085454701,-0.849741775605648,-0.5622556838766384,-0.32138419144068747,-0.17653534977835328,-0.06268801857755456,0.03159885757383467,0.08272160825236867,0.1155495010743051,0.1344700872231952,0.14626535493748427,0.16016512745266678,0.1557200359065106,0.1656801062129515,0.14493714399858157,0.1367204700673368,0.13655405598016354,0.14018661252832731,0.1390821439820119,0.1112005131084552,0.07906486978154414,0.06789987631786941,0.08453463378560777,0.08750362068298033,0.09924055800509689,0.0884924756353206,0.08615301652135911,0.08700650342452924,0.08830628650292736,0.10755050279204481
0.04459161528631317,0.08525167320418528,0.12370670714087924,0.1173811999973487,0.12557771687230782,0.09995552758250648,0.0945672517265199,0.10196308499502507,0.11298240731259875,0.10963203579896043,0.06835969842811726,0.052575418582665,0.03826498072702312,0.03342246776328948,0.015848742868750473,-0.026343459376479948,-0.09578818672860884,-0.2617692050777127,-0.5184364374986457,-0.8292152132470557,-0.9884550572120394,-0.8726167069880424,-0.6294544959528212,-0.34292966626445576,-0.17692807244750977,-0.09047826857866655,0.004268104463275893,0.04325372648838047,0.0814243294700029,0.12810406821792186,0.18831947665381651,0.2456470740553454,0.2906738597473542,0.3065133872299426,0.3038995155726368,0.268793647004518,0.2404139852049966,0.2456386691001875,0.23411299539288286,0.21229178610200117,0.16845004574196243,0.09139186267679231,0.034564788876404955,0.02882045403459396,0.053626609250124274,0.09904555843617417,0.09704488919432375,0.06979529448634111,0.07618311423869495,0.096056999446873
0.08020838357026593,0.06850154200401118,0.05873629387521133,0.06844977825179828,0.09499730638366387,0.08123090421856413,0.09730103212334194,0.10526086762577908,0.1113306442999446,0.10194600089527325,0.09647035769781165,0.10066779023602303,0.11575299024960789,0.10096481668003596,0.05863865900542883,0.012721537578454834,-0.04385299572611915,-0.15894256172779245,-0.4516872981638361,-0.7833927083978651,-0.9978987013102074,-0.8476577352317728,-0.5400423722549805,-0.27148850963933874,-0.08209940414283426,-0.003199305242235236,0.04074310303403269,0.06496467150280015,0.08727071123987885,0.12807507564727383,0.16202183968537712,0.1651047897287334,0.17745840722375575,0.1750055000672846,0.1750745867791279,0.16479705084465085,0.1672040572547901,0.16995963689897653,0.19424691953042203,0.18712605731472298,0.179793113816464,0.14529699474561616,0.07445236560202556,0.051993360502430294,0.0482343152807504,0.054027783923831216,0.03580095157638278,0.055246014838027054,0.05357633634771875,0.069609043756693
0.06599298760022185,0.08533589032060922,0.08618373652271452,0.09381927788740481,0.11690234866736006,0.13189957057811796,0.14034001718092814,0.11281244426027227,0.09468165335253081,0.10527665191886076,0.13900242831940296,0.12461997876734253,0.09151691785692874,0.0454082444763893,0.04736526213307588,0.03853768896687147,-0.045456990565554356,-0.1821480644032944,-0.44982658412340165,-0.7771270361761111,-0.9886275462663462,-0.7951678268480338,-0.4908195975843365,-0.19881871911171267,-0.017719617648841984,0.062156842619033,0.06727069445377393,0.09306573140409131,0.11715073618356102,0.15108646793084754,0.1623525464900275,0.1265436302792122,0.12683034359165668,0.12406421229730898,0.11800866781618168,0.08979488016933873,0.093087443182384,0.10612887332077668,0.10293142760166032,0.08945444912967526,0.0867394427124414,0.052632182543747165,0.015772354797546698,0.02904761638397369,0.033155311135724785,0.07233883001548479,0.07613963607086084,0.11816564859670509,0.14057761576760672,0.17152129942498084
0.061960969088709725,0.048416420048658065,0.11052314537683808,0.07398442686227488,0.11742598501059327,0.12098690391153472,0.11931497257148196,0.1034376248617829,0.10862713566481244,0.14890044531826918,0.15880172400949588,0.12883882810315928,0.13265046201847128,0.09723744674878917,0.0505435300821593,-0.03592351442093199,-0.16280607082480197,-0.32615825090091605,-0.5489321553541179,-0.8110564378015784,-1.0,-0.8911250806025308,-0.6059108606227444,-0.34526997707722457,-0.15883559525208688,-0.03562137874202866,0.04950330828169004,0.07305294517548037,0.10246673040601792,0.128413818916442,0.17801849214431423,0.18898598183530335,0.18966652865451028,0.23330889434355978,0.24812769458453376,0.26060842584219734,0.24966298933182218,0.2370185509864188,0.20959779704368325,0.16760345287188985,0.11608209493239666,0.11259956619728269,0.11186293912965897,0.153100684750237,0.14711397265064943,0.0919207404341472,0.04349081152851207,0.022559544696305743,0.005133794300516795,0.020089542884361617
0.12687286257988356,0.12417836292573708,0.12197167012867803,0.12189961915309444,0.13145247838540838,0.11922363189038328,0.11488621467669448,0.10881928575996298,0.11563922610120896,0.11808845073333216,0.14670356816516672,0.15406515702509652,0.14811510143940426,0.16149472125434503,0.16680666603832253,0.12773770346659083,0.0336092927860266,-0.16177283015915878,-0.46751055521965335,-0.8029265942460825,-0.9939783231583096,-0.868685823574674,-0.618540547865086,-0.37789372463910187,-0.20585613782474216,-0.1110898660973087,-0.05026694670307695,0.011150769355880275,0.06046200877183599,0.0969041181345228,0.12800215130457643,0.15701283453035553,0.18933079323651295,0.20385396137541253,0.21941318778222407,0.18845894320305212,0.14107757921573613,0.09031358946974821,0.0708024029820034,0.06511455537318976,0.06208053941072898,0.09058706090702122,0.10422595570307781,0.12807605321372095,0.12197531447080026,0.12730796218768414,0.10431790498907483,0.06395659514778855,0.042037690871939204,0.05049536534097188
0.09741830900714223,0.09783833912117132,0.08630863795443489,0.14163313748424494,0.14705134898239294,0.16069997706381792,0.16853175000137238,0.1588754058938903,0.14257034362763218,0.12320824857066887,0.1505864574256578,0.18668324364819983,0.18516406130898141,0.17773931723990358,0.14053685814282596,0.09045865682087656,0.0020410186537728617,-0.16544514151685294,-0.46581997345083964,-0.8118135303376468,-0.9940495192580344,-0.8485981101626782,-0.5580463922494776,-0.296911647155467,-0.129465258663861,-0.03892898936375225,0.059756108391952396,0.12726827081862604,0.15056440914632624,0.15242430041566288,0.14264537687213383,0.11472253435386788,0.09952799862880429,0.08967753465819078,0.08665734993929095,0.08076600119342824,0.07414892310757823,0.09616306894313792,0.10090455327953943,0.09079685462378609,0.07330220221689179,0.052099712726052815,0.05061963083611358,0.04733226114926336,0.046620596008384786,0.06814399422292283,0.081684667619741,0.06770428480066118,0.04650862950541719,0.05169418775384959
0.04721795836540346,0.04779819167896099,0.0714570479556757,0.1444665957773567,0.19599104577723186,0.20435625294629312,0.18127868714046874,0.15764971474788878,0.14038050263052435,0.10741935219012856,0.11019752838279467,0.10874614058330799,0.10844489369935427,0.09542814863002676,0.052918218116253454,-0.019520504044385153,-0.09268820616892891,-0.242853660619029,-0.496356311502499,-0.8104757469305606,-0.9942327320324741,-0.8338327519239205,-0.5494791751415544,-0.3157378875042039,-0.169402119336174,-0.06479557644321796,0.00452042985335339,0.04896006354948625,0.1137918239114026,0.1606095548847609,0.20757171912268782,0.27237770874809664,0.27930341783317364,0.23506788825399424,0.14387936384302719,0.09544605891025786,0.08878995324856669,0.10418018343957584,0.13801490544754338,0.13329332600338353,0.11239444348102025,0.0994095083042027,0.0803809583551395,0.05944418483541782,0.06835910770374562,0.06431053941254859,0.048381434838555455,0.059238850271544345,0.0912722761969681,0.1066266925768255
0.052780823593760524,0.03758161334737515,0.0559134130173407,0.07795960842239534,0.06999668226194844,0.053797062464171846,0.03462134865356554,0.013338147943120448,0.00803381698877873,0.01812706758288911,0.0179310937375569,0.021024872021975016,0.03562660687279357,0.06595470952071072,0.12414793047145849,0.17396123244827152,0.20147802918817329,0.1020525099575724,-0.27596773072397096,-0.7727457553904803,-0.9995574769377404,-0.8352880653904122,-0.5424621180149762,-0.3064066021823327,-0.11783942734135423,-0.0021433964426534366,0.07633081092963435,0.1314931909254118,0.17325819127153308,0.1756033174152037,0.1666596671401372,0.1640057504844255,0.16532714865865294,0.14190588231108955,0.1291070983933505,0.12540570119103514,0.12831865718510643,0.12533525891911348,0.1199840794966634,0.09200850598765907,0.0838621665439764,0.0866474528542995,0.09067040533422581,0.09393812950914025,0.08434963317588408,0.07409682028053353,0.0633589872354656,0.0608876233147873,0.07031751840208264,0.06521200697065116
0.004355803983630934,0.02631452554777212,0.037099861804910476,0.028077551357673248,0.027470261547322697,0.047165514299690896,0.061935604867986625,0.0636149788948728,0.06515559868980568,0.06818595023507149,0.07055951340060125,0.06578004184915827,0.06501790958374924,0.04100738545185663,0.004828416693774687,-0.049677902834756614,-0.13336209314778458,-0.2704875730180059,-0.49865066088463006,-0.7938365738409989,-0.9908748494115968,-0.8399125488762785,-0.4949006721923852,-0.15083461617199462,0.0830453648347907,0.2169375175208107,0.2692063774088936,0.2548545328376982,0.23890253210100756,0.23273882651282757,0.21831983519829715,0.190613122092698,0.15357487347177587,0.12849994178212915,0.11195956893902964,0.11499429647221161,0.11502582746152837,0.11770497376309076,0.13100479056754133,0.13062147274584912,0.13422681293369665,0.13944792904743852,0.13349661063322724,0.11290205978219996,0.09046803093862152,0.06487898792441466,0.06456051288718036,0.05336355824483331,0.030978014307601075,0.01364220176116194
0.0799963765946773,0.0707117831546909,0.06634924080333744,0.06607866685284601,0.0910571236097146,0.103116447685815,0.10362118296298263,0.11687937843700975,0.1237991575342524,0.13401477019605276,0.13063254755015985,0.11841471646781135,0.12746863175344017,0.11841792884239857,0.09208482347634309,0.04770166749936504,-0.03794416713951572,-0.19209271661828026,-0.4658797017494826,-0.7886005969129346,-0.9896588655053807,-0.839135576096562,-0.5573339699448571,-0.32066520978465196,-0.1614923194096274,-0.05834241099932523,-0.0010158569503164422,0.04158957384244696,0.06996914723267315,0.07109872159316369,0.08315575258568278,0.10734503603649041,0.14664258221228535,0.147890737517907,0.14591493017553156,0.15009624715710573,0.16269976828824628,0.16596898882745215,0.1613077569798166,0.15327348033356125,0.14940466631731592,0.15585558779943007,0.15162639510920156,0.12498160969473944,0.0918833413206847,0.07752366034798526,0.09191684605220446,0.11722432821129117,0.12170988989990975,0.1327379001549114
0.0763750740542014,0.06410534366870517,0.08846083455848763,0.12185918998097033,0.19150644396501296,0.18602326837315686,0.1698578633700785,0.14385916520252098,0.1813095013262705,0.2064982512338856,0.19662761052257502,0.1732167421439803,0.2079830026705071,0.20767128479867367,0.18686106573199257,0.1410505295350241,0.018632230888223713,-0.2227412415759502,-0.5274379294665882,-0.8379610815860071,-1.0,-0.8754372951099455,-0.6284704421979671,-0.36685756136769254,-0.1914258181791798,-0.10782671146574156,-0.03722274827313617,0.03486598602646577,0.09768638919372999,0.12243400218615899,0.15736652982082938,0.16573181477564422,0.19300887992108753,0.17899058588676775,0.17082671972153352,0.13218491936715251,0.10124076663199655,0.06772091260057793,0.012939433083107703,0.023237530095407775,0.06034450803624894,0.09876796976943672,0.06949147028761435,0.05624852008944064,0.05240018385331897,0.04549789977739693,0.051094342549461026,0.09192978340682754,0.10749005014085347,0.14198422997688337
0.04949115381003357,0.029264974407905,0.04592737845980175,0.058705998977107515,0.0806255302757287,0.09814298215576377,0.12930814629432125,0.12048412735327274,0.11281107703401963,0.10569575858849534,0.11625442023289337,0.07107749275847952,0.05212285273204904,0.06965427096053792,0.029801459896460138,-0.004275522608317095,-0.0530402945686103,-0.18894623570407976,-0.445638482677099,-0.762777975770192,-0.9900560247470249,-0.8306653001393612,-0.5344796884977706,-0.26186230691023227,-0.07648844367288736,0.050843070492539506,0.08550954204575055,0.07280710377628108,0.045476984842927046,0.06552972571784196,0.1306588209521986,0.19795670864051282,0.23392951855913877,0.21954926354203624,0.21079815686932926,0.19677347170523227,0.19890479329674998,0.15997805709671198,0.12982368959675325,0.11524846595158893,0.09916542326232303,0.08405258215205708,0.12380206341876376,0.14938319426362723,0.11397747276415375,0.08681424724463438,0.053333980143324,0.04756236444632876,0.03684888345806558,0.07013506711983528
0.08575478427145089,0.11087498307699394,0.09273162246960846,0.11793282569936087,0.08682166894973266,0.11139997600566233,0.12170026107769118,0.14103912593876233,0.1704021389904753,0.17364787729502346,0.14529416309649779,0.11094862602383565,0.08591080951907687,0.07004106193730122,0.03062542718307769,-0.07029513669444967,-0.154996408296598,-0.25674866625257226,-0.46505103420425015,-0.7688956453172189,-0.9809129728484446,-0.7777887278708212,-0.42435583574341457,-0.20259469769405555,-0.10051606547174086,-0.04639984299119391,0.0018620911216906874,0.05255892670028405,0.08629124307443456,0.13534383523993404,0.1872285010076569,0.1854577854703741,0.16734836719718005,0.12551511553754888,0.12661146957480396,0.1611840187490754,0.18053865444819983,0.16917153660928552,0.1387118228460953,0.08569727030518574,0.08083545050629834,0.10114054408321527,0.1326218842059429,0.1337546294082882,0.10005644803656766,0.10120206837415929,0.053440884582992065,0.020853544133042384,0.004220542882754014,0.06178304775520002
0.022202563184013493,0.07448942300199793,0.050712108828329445,0.09573981020201075,0.09841567120784632,0.07900467470240072,0.06660390392380523,0.028575362530735938,-0.021228226151831585,-0.05145970961099691,-0.017519927433372013,0.0076175507941420835,0.01680794538775429,0.007004592379353827,0.01081166434374371,0.010230163449614709,-0.06309219658052657,-0.16788486491013846,-0.4552447167527045,-0.7820847501023857,-0.9687751333482574,-0.7783560928869317,-0.4949793626651686,-0.2135287900836248,-0.03011539292715205,0.10747016841128403,0.18225255555485428,0.1950296207487546,0.24016758810169234,0.25476913724939265,0.245155208971296,0.24404931025883778,0.24344738285509263,0.2344415777869793,0.21319640010592736,0.1745668802220597,0.1837318079466591,0.167552052564051,0.17842921298175637,0.15448157839019255,0.08153333053707333,0.06665415093772288,0.0135056893612677,-0.020572237003879487,-0.054299135200952794,0.0068563311800147715,0.044712570885404555,0.09092786088970416,0.10445283234762054,0.12354185343453672
0.0970360487934187,0.1587482628240244,0.13950396247743,0.12655932637460282,0.10545068509616382,0.0818657328612233,0.07836491389345442,0.1072362506764272,0.1054589780882877,0.10809251451910322,0.08435574796273923,0.06764430740660866,0.062330688102192916,0.0830133605102327,0.11868110691393567,0.09055156836467682,-0.018824783782597776,-0.19662316835652735,-0.46529234103586764,-0.7920216661436178,-0.9866379250070201,-0.8106371871013799,-0.5144199451178771,-0.2496036615247751,-0.10000264121618396,-0.032127882999851656,0.011491906062687754,0.045074687745337384,0.09855769589398783,0.16348251435992295,0.20347105954446915,0.20546265363078572,0.17573590490899674,0.13209498040642303,0.11090433298876534,0.09407489117398246,0.10535684645221943,0.11714696161867205,0.13132124602827705,0.09300061798503492,0.09857096299748014,0.1067351725895194,0.09807859826857042,0.08158458952904904,0.06738619246082445,0.0773197835342832,0.06930675644458456,0.06571450951772724,0.07382425592462444,0.12560062735495248
0.13387465015242048,0.15300377342093743,0.11281589109435469,0.1561140303398017,0.16021072634005923,0.1256787229890073,0.06827408559642152,0.07702239106376214,0.11547313167516689,0.1425080158946352,0.11833835319857877,0.11107850107046305,0.04571170900889528,0.0026093518044041208,-0.0066159956416949415,0.0023884857293780663,-0.049431366962365234,-0.1927087832322293,-0.4578575465191336,-0.7675931922575102,-0.9962495283751689,-0.8165611760075498,-0.5265570738424199,-0.25769026399116585,-0.08800183822365416,0.0016684785891299047,0.07200119998660122,0.09429800941401478,0.11787737702060629,0.09303442904441742,0.11798491770111488,0.10069582092833841,0.10709562119859849,0.08455313010557032,0.09172761890248568,0.06731754555381717,0.10803373780599361,0.1150205917112,0.12307083119877085,0.1104552074867171,0.10399673861307936,0.11336291114536691,0.11873070188324909,0.10870464778023217,0.09270288555412798,0.09217650878726583,0.08508441311287776,0.15182572746173262,0.1799736801178299,0.18277221457146847
0.14153845194657325,0.19566303203974972,0.16595597251888808,0.19222622284160468,0.26261637721993025,0.23618845336510372,0.13681805551409446,0.06398002403365856,0.03357940432326024,0.04284884282083124,0.070452570698531,0.038074085778497184,0.06189780374219013,0.07662498983377573,0.07563538674952898,0.0654602032869518,-0.03423188793940889,-0.20301814888815511,-0.4431736871663258,-0.7621796482301028,-0.9913015856853796,-0.847303513510804,-0.5380781793984655,-0.2553896431381573,-0.08942843114463361,0.010951304165461995,0.01879555810115491,0.052378728966293156,0.02065122132197228,-0.009456049714920436,-0.009677289452918923,0.001572667326289777,0.012205696564662095,0.020360591232646108,0.07532831054947149,0.10236541425439245,0.10597210088326914,0.09447667179646252,0.07065602445568173,0.10779156165360611,0.145620958870046,0.18764136653447455,0.200307384259991,0.16118633594598392,0.14836944726022494,0.16617235264204133,0.1746822479982096,0.18200262724091415,0.16337098695562827,0.10081862857722541
0.0452864214447448,0.04668223724502414,0.08825223024239932,0.0683449993965193,0.03741597819857071,0.06990613637359197,0.08963570878580739,0.09300396238791152,0.1071183580031573,0.09390287974157596,0.08503683909822041,0.04633978185978845,0.02426228796502206,0.010942025042738633,0.0011818614123100648,-0.03178714249933706,-0.12573422455057223,-0.2586350101996022,-0.4863884402276305,-0.7952183059920154,-0.9931515309242344,-0.8442183130754887,-0.5609657360075037,-0.31216552660474584,-0.1431077051056158,-0.03935140545344434,0.029033907715857746,0.07414666679881828,0.10993504178565029,0.12583759483172066,0.1611978954853579,0.21232001456838304,0.2804546652940904,0.29195018088871877,0.26776133739868796,0.2221407671712896,0.1872089096858413,0.1914025372280069,0.21058985077740935,0.1966906353373301,0.17356791543583486,0.14167906269113253,0.1153121622493546,0.09711348746413516,0.09660843029973216,0.10711227594142061,0.111847681812498,0.08684730886355309,0.08275494040161707,0.10989836331636756
0.08012247830755036,0.12307974369334466,0.07263001551604062,0.09634673458744959,0.09980924903991528,0.10673467274497327,0.1262355884421563,0.09143355742380098,0.08641621873377545,0.07288692409600091,0.08223359291526712,0.13027967359377748,0.1379217491774562,0.13620635721887592,0.13291835337678048,0.07578886741007518,-0.02450466162603493,-0.20374220409009525,-0.4559985401737643,-0.7811348420512293,-0.9982576072675464,-0.8085467474619975,-0.5117642579369812,-0.2989954737444104,-0.17432587328018917,-0.11590382945325377,-0.054706961175623244,-0.019416385593268675,-0.015072917292058723,0.0243059922760448,0.09403756063702523,0.1442784369195472,0.16658660248354967,0.19248581038165244,0.1840785351765394,0.16271866093500104,0.16762772134896592,0.15654861753021074,0.1601880870578466,0.1826271849769917,0.1814483695932983,0.16220626376200026,0.12959035824954854,0.08400811944269809,0.05706581574170298,0.059120334207008365,0.10158552892923083,0.13932304699315365,0.13199637879078946,0.12949909943640742
-0.022507715788582086,0.015796971214703793,0.09954724463326267,-0.011934772478792944,0.010588960370122458,0.06036355760657847,0.10090043222934332,0.09102801523440039,0.11571658026316539,0.1340453468027523,0.2015461002653133,0.21122763902226327,0.15335465048586397,0.056326281550302344,-0.012064646165712378,3.676592144973895e-05,-0.09712702153262463,-0.25082447124077834,-0.44856910682493667,-0.7394609501154449,-0.9977827050997782,-0.8652153649951068,-0.5663052922338478,-0.29007030090755026,-0.16532429434108586,-0.10377013599255025,-0.04845846674507488,0.014922425530820021,0.09698097770503482,0.19433911267912318,0.2589165669035531,0.21448113685005435,0.1960865451753035,0.16408402406483225,0.15282332391445094,0.1634483012115389,0.18672692381874698,0.21469378176391662,0.2125584941912169,0.18448908702719924,0.15189701899765343,0.14237806977686923,0.1446332306743056,0.1794242210821488,0.1726934639780554,0.13141554856046464,0.04837637278019191,-0.01469937890031771,0.029537825511699315,0.12872962556548345
0.22926384018822787,0.18461046690337543,0.13009920829319702,0.20902193971474747,0.3160234363929422,0.29616527887167776,0.2934738435892277,0.250458893394937,0.21105748795652654,0.1961041531322009,0.13477561718159525,0.1078391958141012,0.0920425068716053,0.04992740181160865,-0.007342696400309026,-0.018843967247456787,-0.13696302968227844,-0.27749840109405804,-0.5048029597257584,-0.781581472832749,-0.9933135867556535,-0.8489829362936099,-0.6037962140085734,-0.3904211703372505,-0.1868766138658256,-0.09607489046558089,-0.054707286762138284,-0.007696635824610369,0.046703900748924984,0.06760068735961447,0.09577286720376164,0.11571149529759743,0.13681681050212702,0.18116269312075306,0.15943116269358334,0.07348174003632095,0.0493111100660795,0.04639323086037458,0.0858006912416177,0.14526462337412852,0.11958735417275601,0.06117667675098959,0.029505941139767414,0.024129543915683005,0.08613234085670754,0.10937476582615564,0.1504570055849409,0.15307231589863093,0.13311330832267104,0.13803832620669698
0.12952102314462158,0.16343500709390327,0.13367911639865254,0.14540378707771234,0.15952692121507345,0.1562733506238097,0.1465059406835827,0.14026933990210566,0.10296404866633295,0.05141301065729966,0.04601225702057067,0.061225089551380694,0.07651945786958694,0.072763640404954,0.0408848557959047,-0.0015517945276616,-0.11126431824441774,-0.24722615918534613,-0.4639978334311543,-0.7817121963106145,-0.9875914564614824,-0.8390423587454908,-0.5103112004173812,-0.2546788735932376,-0.08831616349434053,-0.0027524743356902243,-0.019968045983977795,0.0010257542920455757,0.06520542361310655,0.11215622421355301,0.11886593838115614,0.09825378112509062,0.09407868421508124,0.13643215205304401,0.15461220093654338,0.13843547153818309,0.14103266625619157,0.10368122982555081,0.08201532615813327,0.11604462051229418,0.18585176657693686,0.19311763452588848,0.16210472447254468,0.12152129655301247,0.12343138232673023,0.12588197955868874,0.10258786827968562,0.112158315121391,0.10131523115099243,0.09220635693946036
0.037159766091695474,0.02525840950333258,0.024978937415368985,0.11500157368586107,0.11016815107973636,0.1414075026245571,0.229994555437319,0.27416766751085236,0.24680212827340126,0.2078847728061933,0.1642925777154216,0.16358092214253245,0.13640341682185256,0.089733194546343,0.06517589583354293,0.03752407132835246,-0.06567325655276635,-0.23280282575289454,-0.4581882286167364,-0.7833692086377546,-0.9920084328119614,-0.8225601546506309,-0.5068864775368428,-0.271981632946699,-0.12239641088191604,-0.056413473053375934,-0.08141547808789061,-0.03458804835877838,0.015927066712768105,0.07325732209410847,0.17045088672993344,0.19773970733240787,0.20463853005057367,0.15055692022473244,0.142834979135975,0.12785694354071775,0.09874472399469365,0.09428558931463887,0.12193595113004987,0.12527025272744144,0.11420312096722529,0.08486712875045123,0.057135900804490845,0.060326131214296,0.07846815926978822,0.09200482010605845,0.07343787479123677,0.07576331399395,0.10202505525776749,0.09701970692857916
0.061116626679197726,0.05750564855966018,0.04106749467621485,0.12173481431786838,0.1660431364662036,0.17302731568261948,0.1988490925185284,0.19352050946360586,0.14481904388063452,0.1275650989779785,0.14287351974855045,0.1487151763872264,0.14776960205630973,0.11903889521113215,0.07648788509165151,-0.011941365629406503,-0.10043261473469074,-0.23457976099487834,-0.4889868954715631,-0.7749740537812251,-0.9975247837440209,-0.8531601536218564,-0.6081237610327979,-0.36858238344801725,-0.20543052721049831,-0.10038923578606929,-0.030288329456072495,0.05330950967434234,0.14930335127563177,0.1859322183521948,0.16011095575022843,0.1121712916406456,0.12033123328872582,0.12354767041833538,0.13010784226996072,0.17697381550139013,0.20683164860783648,0.15508758557687818,0.11348975869928134,0.1328923452949765,0.11727406658187403,0.07243094082246247,0.07642221624898221,0.06276434248993971,0.08565868625061614,0.09831405667324913,0.14022787630866396,0.1316771515837568,0.13773540797191886,0.11168603391182298
0.11332964898879058,0.0861051686501807,0.036684821601472045,0.02108605646195745,0.07066884809975095,0.11599666536117362,0.15807860908607457,0.18490620839197078,0.20673228419784972,0.2010822819891079,0.13255084745384219,0.09198447643499776,0.09163078901652147,0.0738789046123485,0.03214122443140289,-0.024461684372133936,-0.10160747989757442,-0.2663075973989439,-0.5277979376620696,-0.7971293118652565,-0.9927074608677554,-0.8572802040360402,-0.5895401645232978,-0.41017592434325506,-0.2521675318501288,-0.11059135157626447,-0.011160120413134909,0.027616443198892976,0.05965589832271046,0.11668062994311733,0.17784277916997976,0.21278823915181128,0.19097507084521512,0.21783269550707218,0.18205640018921038,0.17578769034757408,0.17847593564837047,0.20240845554232953,0.19821172965440684,0.15067605090966818,0.1184574159338418,0.11427323376318821,0.0783408573007501,0.06954764356355564,0.06895625359339501,0.0848324833165254,0.13923464548673833,0.1682965806677849,0.20105349421429344,0.19006930775798206
0.15283201578482722,0.13030243167891262,0.07684230624213659,0.12787504857809381,0.06660697108353127,0.07834795049989218,0.09877611509157924,0.14365831072345178,0.13115750748028543,0.15771116247429878,0.12541417591033646,0.1196441244528883,0.09774014845901616,0.06430961842547993,0.029070125349514007,-0.008240223184096325,-0.07408078632591399,-0.21905362037644188,-0.4467813667151432,-0.7729316446620962,-0.9934266353030751,-0.8389809559520065,-0.5326910020123845,-0.28989305247131564,-0.13762438396371626,-0.044986129452576566,0.021350443157850917,0.05102106900230086,0.08043713532811088,0.10757405712603917,0.10699709750307643,0.12193422572513712,0.16475498567589536,0.18132962907330108,0.17342562612745954,0.18471295511657718,0.1839529213081423,0.15463003370953418,0.13490376985950267,0.17515956644045963,0.15302636731356306,0.13226982275899327,0.0723969278379196,0.05940887550148329,0.06840029056833749,0.09011128555332353,0.09258292060450121,0.08206256867838405,0.07096732488327233,0.0949918893313564
0.19514550068836967,0.2146282682347657,0.16564817342899427,0.16475922687097042,0.16230296859155754,0.16485790600113395,0.13887039377194849,0.12800988173971267,0.14211873877121223,0.13710729876108435,0.13829758989317428,0.13879418003582442,0.10822259811317217,0.07225755808750055,0.02763033945853452,0.007804478634502546,-0.0709401857298252,-0.1914104744932488,-0.43998897120679376,-0.7825062873572771,-0.9865914422138999,-0.8298670550618811,-0.5281935455184161,-0.2805463866401562,-0.09680257733533044,0.02240723234625997,0.12968332032001753,0.16127264901028576,0.13396149117057202,0.09093833193789178,0.07042965040560549,0.048370224299023185,0.008227999578740675,-0.03119506808427405,-0.05570023505197469,-0.04669438201939187,-0.05018817026821762,-0.021768937200163,0.005460340150962141,0.08316473769086959,0.1252792502753708,0.17664614919176852,0.19647498442553352,0.18477372319052074,0.16834251669880468,0.14002382207014533,0.13434173740625444,0.13617235108954023,0.12807376498760015,0.16189434085262594
0.10409847900300565,0.10895894301238022,0.034305586173155496,-0.03381700644935119,-0.030537319595136555,0.0031046862108478146,0.038108577555727614,0.07051876996159734,0.12412515457355901,0.11032426117682961,0.07836036319819514,0.04021895595886954,0.04738661222867761,0.04741683362200662,0.04726034757599421,-0.004977292321219581,-0.12600150112442313,-0.2527312262920713,-0.48763699653397247,-0.7981575253268127,-0.9989324534161493,-0.8740576050614223,-0.6227156450335425,-0.434806590962363,-0.33063402933826375,-0.21389084346510162,-0.10424344975283865,0.005624751619518624,0.11808298092096445,0.2404691983542233,0.3041190676899391,0.34528766383936377,0.38244766751144665,0.39250556235540174,0.39925804649317814,0.365087209981796,0.3335516697320712,0.33277229955347426,0.37213058811860567,0.34829154785092487,0.28506357212642724,0.19479712423070888,0.1268188489878361,0.03960920361623031,-0.06812939343710459,-0.09711889644789655,-0.06572276756418756,-0.004837643296735039,0.03077242132143515,0.07807119086420043
0.07990151007664481,0.10156762360226362,0.0617764443685741,0.053221358212641436,0.09825074337981299,0.07566969609465739,0.05114671638986418,0.03395404190507463,0.02928746172647935,0.020135879680831043,0.05464077473070683,0.0791255581533913,0.11729069280747863,0.14246296201986278,0.1711990737707647,0.13534743802083155,0.07210046532367928,-0.13807708005861616,-0.4838929724469503,-0.8086772952251888,-0.9940851021285267,-0.830221903749379,-0.6049449025832752,-0.33467545780693797,-0.17447391700930748,-0.04414741584338756,0.036365185379874265,0.10713327330318692,0.14084772184765415,0.1369481578028023,0.13668548130135902,0.11768598941567225,0.12460277937660394,0.11947342981209812,0.1345774335651259,0.12335086618087772,0.1457513757861504,0.15461734369265806,0.16148873431963173,0.14632880165956097,0.13178309941319405,0.08307086017148912,0.0559733325102453,0.0991895713440672,0.11996284465662219,0.1560374790482398,0.13408757502011565,0.14387549990881174,0.1419560200644971,0.18432475100747261
0.07100134351385737,0.08482637406247592,0.06849361725944444,0.1069264598015174,0.11350393575049954,0.12096267857936133,0.13279052842239772,0.12365320381405853,0.14043164978300468,0.1316965106061667,0.12531492621450743,0.11282256388884607,0.10875693440400755,0.10943368890150246,0.08874245486079645,0.0641967749520057,-0.039405455954263806,-0.21920800560044043,-0.49726059357331626,-0.807301479447408,-0.9968654912799076,-0.8306434428637613,-0.5572306928791467,-0.30766193729377506,-0.15238472119079038,-0.019906850947428553,0.05481889165230261,0.11083445530035528,0.14528670814342615,0.1591392534961593,0.181973354040916,0.16933760857792376,0.15349902120223274,0.13233499269222043,0.13095457209200376,0.1211615687871595,0.13420443100471413,0.1301802372453103,0.1085244191230686,0.10220950109810964,0.1259410832745006,0.14251787955639353,0.12652869229098127,0.10838765627809142,0.0697529005867388,0.053215765049655306,0.05668503314973891,0.07221771501267658,0.05464846521040392,0.07996082135070548
0.12772726165298087,0.11490820131668295,0.1274916235912443,0.10271048455310934,0.0973679545920375,0.08933292870088362,0.12074959506129596,0.13513512698488223,0.17746955112543542,0.16545977432884557,0.14705246640214814,0.13513333521461474,0.10851378472072738,0.09305800785979117,0.07455012769182463,0.0512100358214401,-0.029722039000655415,-0.1838929119640545,-0.44020031575256363,-0.7558404606949582,-0.9895804662255684,-0.7975471302311166,-0.5029980644616422,-0.26018748685928106,-0.08523647020263471,-0.007921025366713349,0.04393917865691529,0.08459357120870914,0.1219819453293756,0.11688840914218988,0.1235215564919045,0.09781307444051958,0.10077205134200301,0.1071743595064974,0.1368315616369001,0.12508069225458246,0.10566892870966862,0.08498750755804431,0.054870805591517004,0.031060028129424683,0.023745585714028326,0.06534098243495333,0.07457161111823445,0.08089544137396566,0.0715070185733784,0.086202935795218,0.08171579500849814,0.12772145146517336,0.12168760240968646,0.11668401724985644
0.11187863940590517,0.08530094443614106,0.09296403200685642,0.10037125470056446,0.0954147268568503,0.10873063796203443,0.12633442717250956,0.14353586772850796,0.14127502397958602,0.14141764047914449,0.13360484159878344,0.10407377253803551,0.09223552930234291,0.09463552989106698,0.11236784032451802,0.1187773464697473,0.04570450341333335,-0.14750613730785378,-0.47213578892641256,-0.8305395266277574,-0.9986312861494988,-0.8657825574156655,-0.5809430353845078,-0.33306562508054494,-0.1610332267730594,-0.04965573661170842,0.01070856820603309,0.07696290204028862,0.14045447117565335,0.1758386317966836,0.1963453921756981,0.19798048664845624,0.18110186017474997,0.17103114988167947,0.1544782076039541,0.1316661482819555,0.09592992173078481,0.1021780438847574,0.07850909358529364,0.08625591929877088,0.10260890866542718,0.08970552109308219,0.09967096839909848,0.1000421968206447,0.09123165153485363,0.08298093127077998,0.05780880762733835,0.05197052044799968,0.061797037550374884,0.053413022116723
0.12487302695725278,0.08869767273241193,0.06273238620694095,0.06131933789542039,0.06763712210762009,0.06438254922585153,0.05123640730093026,0.11269541489296413,0.17420376681067892,0.2122539981750793,0.20185829262962132,0.14659198748150276,0.06611353013373954,0.01691531881016691,-0.009559183555064936,-0.02175678431998335,-0.10830242735488,-0.2865360746542474,-0.5410051465337605,-0.8208601733281216,-0.9853335572099245,-0.8580592278711171,-0.5829692689266324,-0.3142608156105603,-0.12552642430732372,0.003853990823315803,0.0911765310093144,0.12420815175449827,0.1240800449222193,0.13352635912057378,0.11622312966654762,0.14165458845584633,0.15371248663091017,0.16546047621177143,0.15952077784747656,0.15484627373632065,0.13977121470463516,0.12496595033542642,0.14290888322356426,0.18645900719954672,0.17703054679386548,0.16386459389017055,0.15619128594141496,0.141041372045235,0.12775769942209644,0.08266296165301912,0.0547870764344808,0.0931181908859255,0.11592720619223668,0.1279094734110236
0.11295476592076369,0.10204032019254333,0.09315277926577636,0.09963610720710765,0.13324747734184944,0.13157931523188415,0.1179966875948527,0.1054069750461196,0.1128610477686076,0.1179275215163554,0.1286690688916673,0.11856019497562678,0.10611746100024327,0.09854654114502902,0.09475914915785318,0.06996675323567844,-0.006073105715900363,-0.1631944542067608,-0.4513458332860816,-0.7907414046561694,-0.9901744470250088,-0.8400342995538476,-0.5576184013033038,-0.30600581027803997,-0.13559808678747703,-0.03495524143851832,0.024781136602301124,0.06678330509258551,0.09265012896676449,0.11063541797228102,0.12527060528310419,0.12552436374946682,0.12710071809351575,0.13162249176381258,0.13454775019116877,0.12426628822559321,0.1079652155744171,0.09412185356416039,0.09170593946817837,0.0921969537096588,0.10254070181083237,0.11908017719239793,0.11967910140474375,0.11490996146506223,0.09829749093243013,0.10128764682581293,0.09917564819635157,0.10529670888454148,0.10356580647690294,0.11931350731306718
0.16109565461296663,0.1246766485741538,0.06715397768155687,0.12199828876165629,0.16336849016877847,0.21160083384178752,0.2263558824322778,0.23506862401587833,0.1978944415022214,0.17805714646369164,0.1573832114629998,0.10589955011518631,0.06207929737842937,0.035596487880026804,-0.018799052704738337,-0.0780752395022342,-0.10736426321236038,-0.2228656023094189,-0.47283916185559316,-0.7834539710991882,-0.9755517338490318,-0.7890385469542631,-0.533062663382618,-0.2645023424618577,-0.10119418275220583,-0.026798302237982564,0.0024205586313332654,0.04755048406425832,0.11443922317745087,0.13778149298625172,0.12261782256328722,0.10380749379507007,0.12311332657740756,0.1085208332931115,0.09230397832489506,0.10349427674487757,0.10952287025626017,0.06505759177400156,0.05827092561852103,0.08464520387593455,0.10975830748337088,0.11376985218849743,0.06828530594882133,0.06533285125999844,0.09908566192178753,0.11770845395476405,0.1253058794960156,0.13762387328155576,0.11079090246003341,0.10410935775237654
0.18583741826977268,0.15360387551323815,0.15734969584823788,0.12629836899107394,0.14794085522922007,0.12897444793003096,0.13249382670691975,0.14542783581717053,0.1537756922935796,0.10749000605132776,0.07568570445195862,0.03189566649590155,0.020748201929283706,-0.003772279028055455,-0.04789846260576502,-0.09810848992977242,-0.14831442683066776,-0.23196394875209642,-0.4449679661503146,-0.7642746878787438,-0.9857330166317835,-0.8211709428333359,-0.533217793144304,-0.2850402205726814,-0.1288459772393125,-0.031763597970755626,0.017133153134646445,0.07269025614848061,0.15191906536016334,0.18939409056921763,0.18953942968164733,0.1798938685437117,0.17439283693898044,0.15397850414945685,0.11631764484013214,0.12836308092621482,0.12764780019284,0.11822328449679684,0.11961508484860482,0.12420887084542244,0.12769558247989807,0.09746493807026316,0.10329770522653035,0.08630628184582005,0.08656666292077655,0.09596452960781066,0.09058427739445296,0.12486693811031602,0.14579143533434577,0.13569489237334445
0.044015433376745204,0.03661363260839966,0.08767033684707219,0.11214191493925374,0.16427250362893764,0.16899829244546555,0.16095066085574886,0.14573126689623922,0.1375304637623938,0.14282881450261647,0.15889069395658625,0.15808480624224444,0.17513957298688118,0.14593206467653982,0.13464012072766599,0.10059209127251628,0.030289120454347992,-0.15118798170011735,-0.45462011090960486,-0.7986813579820577,-0.9919596529447231,-0.82234103608952,-0.547421293535329,-0.27646358411630945,-0.06944495127471588,0.032006014261239904,0.05642822749001771,0.05817535325955871,0.04194676823017056,0.0420986770156268,0.06986359083140974,0.08879520915229873,0.08919115121084588,0.07901716976272358,0.09996904786829199,0.1144433167033697,0.13642004511625147,0.128732901251022,0.13234648691902504,0.1363475513533038,0.11539187035528284,0.09326661730784477,0.10063385295336655,0.10289493808064686,0.07337273147298025,0.06739842026484673,0.056015294986386785,0.045772079856623925,0.01573898345860108,0.031531879210988344
0.06911906272377431,0.047173648809073404,0.06274114586398502,0.07408780582668423,0.12055113088769913,0.1501438271709967,0.1546040084249747,0.14967290383544368,0.1690486136660673,0.17035852519856653,0.1460536833267851,0.1329710998731735,0.1310512936017955,0.12430429926580011,0.1301504198283141,0.09886645124710136,0.009400618804110958,-0.2078675034393517,-0.5006239680927745,-0.7978581479621353,-0.9922285472456641,-0.8433865373228172,-0.5601373542647643,-0.30687060825520507,-0.12256143131393366,-0.00707943196340578,0.06469715703315976,0.10011943698691192,0.10140871781495445,0.0941591973802775,0.10997901471751745,0.10841414410056019,0.12241716565480178,0.13141800163587192,0.12689484731509296,0.10934597870753743,0.11161242185447431,0.11119052224740153,0.12902251533268083,0.15123184619780952,0.12030925291471847,0.0800483720398359,0.049684344325907626,0.0562990862039889,0.0652720569385846,0.09383266925213882,0.09565698667098796,0.09770131982673615,0.08580893398312894,0.0817910023706277
0.0959519011440872,0.07782594686157362,0.06325825663702232,0.08675694268070168,0.10458564880439959,0.1063834890528652,0.11299914763769162,0.12073010130470326,0.15007984365377558,0.15723679387553063,0.1525138772495849,0.15091720762134284,0.16065588339152836,0.15176501756885757,0.1269322533769374,0.09095477616812234,0.0023133643829986116,-0.17368587687380826,-0.4553660556735492,-0.7884346878464517,-0.9904526776866729,-0.8267546022022574,-0.5339794456894242,-0.28513541387477115,-0.12028301992801721,-0.02558933688811635,0.03861180384604861,0.07029341890294014,0.09709126557457053,0.11913011298325456,0.12822703225037727,0.1254470432974035,0.1200717148756278,0.12067930289134599,0.12127742606666997,0.12465775139765041,0.12154032029065044,0.11401595224580038,0.10502118605672625,0.11655531698224889,0.12523245922031295,0.10330075252733255,0.06768632339603306,0.06230499534516316,0.06605323461929354,0.06832636118555607,0.0526857264215798,0.05605806359296942,0.07230277270237112,0.091250328579419
0.074789433689101,0.08857993933208015,0.14679340072577332,0.1546665746737193,0.13237110416679684,0.09952538453386119,0.09628158639626504,0.08100305121818638,0.047220796732621605,0.03687556247485906,0.03939527300914512,0.0885837625054957,0.10665743403157651,0.08931444049868595,0.11484493204511945,0.10159163814746436,0.051195182538133016,-0.10644653545586785,-0.4351132501820098,-0.8101815414931147,-0.990707072595445,-0.8587150925283991,-0.6154266028519961,-0.3937443954787569,-0.20289385106824837,-0.06934565440630057,0.04994326375116756,0.11205385957295742,0.14775672515882465,0.1550258679569283,0.1503834832775391,0.13981978449625299,0.14127512411107124,0.17755302895960037,0.15100881650447565,0.10779464169893126,0.07275851515258612,0.06804891555991752,0.06807845747404387,0.11320213055810202,0.17767275617856687,0.19288924794501364,0.15858316775265044,0.15303107238884323,0.1312935408237015,0.10827990964073797,0.08505064976990839,0.09553581554819851,0.09292100494892701,0.08292472011230909
0.10855414414411345,0.08499091807003373,0.1840070014844229,0.20540688318147057,0.21442570601908637,0.19331223901554298,0.14840363517250674,0.13162874696383164,0.13762088477701065,0.13311255705581812,0.08148159813826276,0.08353229921621362,0.08789138441714665,0.02476868666468344,-0.027429249067844594,-0.08678050786902247,-0.14567718043885988,-0.2670110645379758,-0.4946403083183596,-0.8060000191701518,-0.9924693644268702,-0.81659956115793,-0.5427827558736704,-0.3442636930432399,-0.18949768055664368,-0.06281333579084643,0.01768728353880907,0.09888546483903435,0.14032317044884446,0.1434504594100171,0.11707536552137338,0.08054034381592794,0.11449127915852518,0.11187934551349946,0.10543490270207984,0.10092178774113912,0.06070024883022218,0.07038612947427104,0.06000138952087476,0.08204899969660716,0.12347956832238356,0.13602921250274277,0.1489888432861618,0.1677606485317229,0.19369993712962677,0.16312511264325594,0.1626861522688515,0.1641554089760743,0.1897664484427487,0.2033105336164785
0.05804852952362749,0.09998578137494972,0.07943431347219301,0.05468730090207483,0.06438677333640143,0.06325131968563974,0.07742997317106953,0.11650432116289391,0.10049144095644923,0.11506365676940339,0.17679710892940637,0.13947186493734542,0.0920176793572189,0.07416976286865334,0.02832099836171554,-0.06451371622806305,-0.17013372670531654,-0.3094895662240463,-0.5116434101006977,-0.7844679679137714,-0.9892467007035958,-0.7633951651803873,-0.4469227445275064,-0.17709222238014996,0.022634647568827153,0.13291927286667635,0.1556849317945134,0.11291405310360479,0.062621191651,0.02073418756586415,0.014683635440451205,0.06836041222964769,0.10928315066118317,0.12200102237044168,0.17628487232906073,0.18456928548854928,0.17365255641089208,0.09824861142295638,0.06136121579817484,0.08686036826708932,0.13752261724684928,0.15059965729678218,0.16799840072367866,0.14065537694796215,0.17392086106143903,0.19018966923005842,0.10469887590176669,0.061061114758392675,0.04602565821415038,0.101358748804481
0.13551956398931883,0.13913283865022527,0.10987450393082832,0.10086111651874216,0.14467842386073917,0.11718289913579216,0.12010352924826206,0.1165730076819408,0.1415499672404511,0.15754362853701162,0.15174223663953967,0.10212500939468057,0.04897730458959721,0.016345706274911106,-0.02736227297339069,-0.04617804232870296,-0.11130468203029231,-0.21420274589650143,-0.42099021758507366,-0.710732458520028,-0.9883364332829884,-0.8539505652631463,-0.5678267206814431,-0.3182989596048355,-0.15433689716867305,-0.05041068801438055,0.02891680547514025,0.09001966652957763,0.11525638313355269,0.12719365043663317,0.15651830395344513,0.16634429706583176,0.17590351828377307,0.16923242153286455,0.19276343489375186,0.19367792158107125,0.1913052573632588,0.16109334699908973,0.1446588401767298,0.13513790730015213,0.0967290030464496,0.0736996968612443,0.071792586773908,0.09139514882966379,0.06931268230978506,0.04990158768215918,0.05053271863908161,0.08701023808949018,0.09707153717220622,0.12625399352855543
0.1293843363263331,0.0846551525579566,0.10507763935749848,0.10501379765375585,0.08384525586663787,0.13621079275317613,0.14224599280763628,0.15170622741802103,0.16607503194635703,0.11299580583644456,0.0813921270980781,0.09142956310270399,0.06294283521991596,0.02938523052786103,-0.004903418794857457,-0.0723143717237219,-0.18208627891752666,-0.289626699997739,-0.4941331651609602,-0.770736788483557,-0.9978096364042081,-0.8072045314614343,-0.4681135513542534,-0.21153519384833616,-0.07026470842327286,-0.008342646734644384,0.05703536272867218,0.025344282640821864,0.04078599017187894,0.076409929518296,0.09660966023309678,0.06772085980432344,0.07439157318959284,0.04383929157169364,0.08269892712058967,0.13267213036138847,0.18215751910953298,0.14065648144175144,0.0720701004389419,0.07286389060772018,0.07524804631037778,0.07771026533834643,0.141827402239675,0.18241503484441352,0.17127480796910735,0.20514494842869158,0.222079129546413,0.25264726192282005,0.20142311383594116,0.19968519345804933
0.10049246701514578,0.06891657576733133,0.13474171406515584,0.15709060355955726,0.1799873193332358,0.19425764752279556,0.19998947859560565,0.1533272262217496,0.15296217410153412,0.13892382159578745,0.10426138786752633,0.029479943896858297,-0.011397891098913959,-0.05615743739119651,-0.03877979182961778,-0.018461730491931096,-0.07143484161109231,-0.2168739188160606,-0.496697735872191,-0.8200025248868817,-0.9950600911067282,-0.7829600593560746,-0.46658615733379205,-0.19594036721574876,-0.06405836853618845,-0.028115794915993985,-0.026129841282820605,0.01747644569868062,0.0807102981754011,0.13479497034683038,0.1745587806329308,0.17356431474721384,0.21851023945787915,0.17775026840164426,0.16774262986970548,0.1756631072148555,0.18316177493350697,0.15022770156792323,0.11537230308786135,0.10326961544746402,0.086782340870683,0.028355827561187246,-0.011217465341522646,0.024200291308410705,0.03495206794841808,0.08887683089116466,0.11305306510577054,0.13316711512968096,0.13556342471154595,0.1676902444357131
0.05678997794364917,0.06666799326999537,0.20381487344707896,0.11423971746666348,0.11333028295007107,0.0578335196158232,0.010338083513416434,0.012087657653138855,-0.03365229165346905,-0.01787838755610177,-0.02495466540502912,-0.0010284951317688148,0.12895274292832937,0.18237650582919515,0.12840733388702458,0.045622223161225835,-0.02232825170935709,-0.16811815069477454,-0.43469317138165936,-0.7784551397062048,-0.9978700365859828,-0.7910004497276045,-0.47146457860929836,-0.2541274130584906,-0.12044993922733149,-0.017607653911303905,0.03032314766777152,0.0243263927617363,0.018924313254674884,0.06730659135248106,0.047922630508458824,0.057943395770431776,0.12500893292492155,0.18189949071011532,0.22471774407883716,0.20878756503130277,0.13515818675081956,0.13064343500246697,0.12031391009282642,0.0880908984480891,0.12502574232754013,0.20684130213758004,0.22738094078939985,0.20936435118518515,0.13396091673789912,0.07337216180694857,0.07497081551325302,0.11467708562760147,0.16108847871445445,0.2251192834979698
0.08188929300551248,0.11186248607259913,0.14584469448147527,0.15156580743350181,0.19352931031210882,0.20022470438673737,0.18735165923208955,0.12451255319106608,0.09407914197909847,0.06660326783365665,0.06535830204356863,0.07357553319315124,0.09035349617609739,0.0913336668965945,0.030676057101515754,-0.09959495339015306,-0.18208656427506884,-0.2908906117176314,-0.49439682485954844,-0.7750256741198718,-1.0,-0.8268760682078775,-0.5580023132320355,-0.3274152926745843,-0.16670079739650842,-0.053791863191354185,-0.05313690779542845,0.0024229467830521366,0.036003490662525166,0.07456934980062374,0.1425948853120123,0.18012972176981745,0.1705552958489031,0.17755363005895183,0.17101892884574543,0.13166376013725456,0.13837965658274612,0.14932948831927928,0.19859226920820938,0.21870560664036573,0.2485800103622293,0.20212245907228898,0.1533641389026681,0.13569459390292207,0.11671293589021056,0.1353758800621001,0.138507108419309,0.09423126231372837,0.0480380976494343,0.05501238097691142
0.2305969784770403,0.23550653360918267,0.22872425804184096,0.1831846895719345,0.2000722664609338,0.19223459592705713,0.18599723125046294,0.14639627697726826,0.1525210934723253,0.15528644991240637,0.1387527959081024,0.12221347273168186,0.11896502385372128,0.06607766380024177,0.023925094467486842,-0.026687839499323806,-0.07747299166753933,-0.18535567383425422,-0.4325143559644611,-0.7628542946532766,-0.9792077352379687,-0.7762510080100116,-0.48627239660854105,-0.20750123303940682,-0.09581618189165499,-0.049149698815981704,-0.06207672192948702,-0.01985350471441536,0.031301720951313186,0.07216800463410085,0.10091734577402653,0.09822722323667493,0.09922998807536357,0.11842935721285561,0.15040068045925367,0.11311276885534996,0.10240838348331036,0.08023849168161765,0.09678718519061444,0.10566616843828171,0.09182954602622,0.10251922820609619,0.10183633105104366,0.10072964102155799,0.054881179157648424,0.026920329438055092,0.004191990238816845,0.0007474674941749039,0.03227608394351219,0.09574009683474816
0.07964150233064318,0.12359506223681159,0.07242234984658126,0.06924652984327849,0.12283523970525255,0.11080051872411861,0.08679949295777209,0.05255705592467857,0.09187247476797315,0.09473053097463238,0.10019030376065395,0.09449640232885215,0.15351072173779073,0.16735118013726488,0.1829317563881731,0.1821044828046392,0.08859683134247881,-0.14886073431255864,-0.47572641888967887,-0.8113986654921621,-1.0,-0.8492262301734181,-0.5224539026473976,-0.23882196302115222,-0.06279364765196847,0.031128464959311947,0.046743649419798174,0.06567270067061866,0.06857044653973489,0.05308381600025251,0.0795120247778524,0.09972742227276253,0.09743809752149439,0.10144913004845627,0.10890369536023745,0.053276702876891346,-0.0027633872960843176,0.028177552998281254,0.0910797602207465,0.08817109075002687,0.06063567566880983,0.08314558573369403,0.0790133123499165,0.08329985025567552,0.13818599084551647,0.1798992223259129,0.17537410901254896,0.17370830572167012,0.15324844304227242,0.09891746430034375
0.05831382674511278,0.03236382614871232,0.0728618737640606,-0.03309565055194767,0.050150303052190585,0.0941282960110784,0.16591903070386524,0.1784916125638322,0.18804732505551935,0.17337982533740232,0.13321587958538483,0.10705864750367015,0.07526869988278738,0.06765542520383944,0.03295962786249535,-0.03831378954967555,-0.11192624845849658,-0.27931818046684237,-0.5106709817621626,-0.7883525742638748,-0.9997211377579476,-0.8140062821616126,-0.49978713798958074,-0.21743348008257274,-0.09341154496589042,-0.04317713583174896,-0.017856485495585914,0.03202456487032403,0.08886538265259736,0.13850411707914526,0.14636123633075962,0.2098076205296489,0.2635618415820002,0.24317588604211826,0.21602445740113457,0.20775577379065616,0.19823978537085607,0.1789639770666856,0.16891936550745904,0.1627304182666213,0.15606160303081162,0.11073837144765498,0.12065126640530856,0.07229098600116003,0.048199577006057176,0.029162020731054162,0.01930727105997806,0.026473393973036188,0.07347061854617733,0.10596689522674357
0.14024940879398737,0.12052954818444693,0.061396033182698755,0.09446930683953988,0.11166586250824367,0.09115679931095162,0.10590009258429277,0.12536918712829814,0.14844110855397588,0.15383312763204315,0.13384778071732836,0.07359835697587311,0.03551129748657927,0.004163036690506976,-0.001317764844159405,-0.007511292903107837,-0.06788143761136844,-0.21263966727230518,-0.4816236679917609,-0.7808950470247239,-0.9868791803680617,-0.7968304921536078,-0.5416754949879644,-0.30969572606236634,-0.17912587060092897,-0.11677740317790725,-0.08345442567605389,-0.05053156015242041,0.006123417418078048,0.025096671091049707,0.08288000310736326,0.12785566726086614,0.13882218082825593,0.16566352405053164,0.204178841374124,0.20506591651253364,0.2351466919745728,0.21489685284200863,0.2005286826098882,0.20771657716608155,0.15604305264120996,0.14349394820257486,0.10435064110770707,0.0959303650794592,0.12234635258101803,0.1711946426045373,0.15212839183932145,0.14738594553404305,0.16247733894949487,0.14738237946325125
0.05966827598412957,0.07709682969519102,0.03880157336844602,0.1126281881091135,0.201689415289394,0.22277685610005932,0.20764367812970078,0.1927548920132251,0.17489898448327332,0.17629320758528205,0.1415979618636055,0.09836915863235386,0.0910674949761197,0.07755324707583375,0.06978772008612354,0.000949390022784985,-0.10166065450297164,-0.2363414564987288,-0.4629785810306258,-0.8033369928180132,-0.9999168053244591,-0.81770434513263,-0.4999112384136081,-0.27727798108159707,-0.16764528512339077,-0.0862712043788009,-0.014346361704768823,0.04709803629842222,0.050961028262180984,0.07808090096620907,0.115822075346063,0.1332484075831438,0.1347592346533643,0.1181713609109013,0.10840844453355199,0.09052059787336993,0.07865902793905852,0.10430650996777162,0.0988043269557372,0.10014845492894928,0.10478886960817865,0.10119155447125947,0.0941384394024282,0.09088424325400521,0.11970039488729911,0.122472717789833,0.12085246900207099,0.1461139836209119,0.16997532100366475,0.19470763333658395
0.16800472685680512,0.15138719480167337,0.14046832643197082,0.17740230440909535,0.17744027641029572,0.17632077418750333,0.1635436045829851,0.12853877763583235,0.0991334586298663,0.06126997095521912,0.08043435170394281,0.09766045278629426,0.09278724126593174,0.05575064967479635,0.03834245858504112,-0.04344660340195477,-0.14023765444447944,-0.2865595891917907,-0.5072342441854374,-0.8014438959948832,-0.987831537011626,-0.8355746686060822,-0.5612018143782433,-0.33407730613184966,-0.17511424974500697,-0.045812185433199024,0.006865522738944397,0.0790809599894182,0.08509016936960273,0.12537777957872423,0.1561633152798831,0.18335589559116666,0.20707452136423943,0.20246186662331586,0.18551358462287107,0.17750654769764343,0.1486548714852978,0.1381986875478677,0.16740972750183428,0.1219313342214391,0.11538640187243956,0.08042423867261395,0.06074354214355942,0.07671783122827958,0.08276356924168483,0.07476294770467183,0.08051180786688167,0.10398984966742536,0.11336222987677548,0.1367019777207206
0.09864788859905256,0.03505280468057771,0.08431199272630906,0.09873657882302307,0.13423436783910356,0.13194480692317903,0.13594695662856363,0.1331681361573353,0.13853166060696362,0.13202562287321015,0.13615092144953808,0.12684326332020937,0.10766325651683184,0.07946987957184633,0.038400792987112506,-0.023385204503834495,-0.07782006326822888,-0.19974320052735606,-0.45535935208285994,-0.7744856182406499,-0.9931872488249083,-0.8235738262180776,-0.5255345810748595,-0.2733302064537898,-0.1292497729212304,-0.01965658821723568,-0.003956253189574678,0.030091877538305157,0.04954976364291494,0.052027630995730996,0.0834837702884267,0.11623196152559849,0.14926744196026745,0.1940296772562469,0.2009384713335739,0.15889295177009127,0.1412163128488822,0.1361085935992048,0.13656372290651564,0.13681664461610246,0.1325847851157492,0.13207186247796138,0.14523108819413538,0.13412692122206898,0.11068152359334847,0.0925881467462653,0.1114142855587795,0.08802078891219212,0.07386699312913311,0.082347770588255
0.06068117572057119,0.08285773411595855,0.08774072513477986,0.09946569263145583,0.1317967574975651,0.14316156574480138,0.13598999636480874,0.10458471016842065,0.06767005746688005,0.07013183346003728,0.08271191301862206,0.09759583310349686,0.12076089497167015,0.10231988764585886,0.06117034189589175,0.005187367839529696,-0.08322486933292163,-0.23081620169612016,-0.4529218046409963,-0.7676377746038402,-0.990705633162963,-0.8518717763301521,-0.5584375562345419,-0.30013732754061573,-0.13448708601126613,-0.04731610232341701,0.014729097065347623,0.08799187269908551,0.13819920074818176,0.17909979894599784,0.19768107535861665,0.19455196668618432,0.19371969245392792,0.18482989018792786,0.16353371641154724,0.14259700395203131,0.1400469010853098,0.13119215322249153,0.1441771596953,0.14512113130757914,0.150167799870832,0.14708175193193107,0.13146382873910245,0.1034539037017538,0.07667690431536035,0.058399008673921136,0.053329860325404044,0.0670666014247566,0.06699821788387575,0.05162110841001967
0.18005526082761605,0.1632420051861754,0.15726804616234738,0.11755194249391902,0.12374833233814604,0.10755989759377574,0.12789747144786578,0.15685115679144737,0.1809756963127512,0.20206140680569215,0.21426155679139686,0.2263538474119014,0.19724146333079795,0.16203151761802456,0.10895340864156776,0.041280239607432836,-0.040230375680653074,-0.20672723718632197,-0.4392579477112674,-0.7469069758490737,-0.9782938132315367,-0.8231533391149064,-0.5114465455411142,-0.23848243791858179,-0.05345045549997731,0.045833349573411335,0.08104978916428633,0.10154637446754179,0.07686603371824219,0.02883709947033225,-0.03258394853804424,-0.07258267833104907,-0.09190798496441821,-0.09443943550123678,-0.08179893613230356,-0.07056299728911704,-0.05354550536316664,0.015395763890914462,0.07848834829045345,0.1257721562369858,0.17218980488140603,0.1737819055723754,0.18215350418778514,0.1850944084317009,0.16658303027918792,0.14053894538778608,0.1319231376053904,0.11401759173399421,0.11321198680203903,0.13475413479807835
0.032605777981138735,0.013524872024956607,0.04052333097012279,0.025995856219223717,0.006193109019147417,-0.03525287410568108,-0.05210071540775646,-0.024058561352750682,0.00740547116472116,0.019731186416370543,0.051027980700686135,0.03068435402560366,0.025239930796342815,0.003094625035693371,-0.0258350618736252,-0.051898397378026116,-0.09903352106819675,-0.22473886635004375,-0.4708351078573428,-0.7675999377233687,-0.9811417524015703,-0.8229089987486295,-0.525738506211943,-0.2604455424076544,-0.12847170350478598,-0.006865850983550668,0.05507209806955005,0.08976913290440688,0.11186167427027449,0.17996104956090517,0.2573430222626006,0.3257786439258364,0.3602697465710857,0.3878633252703131,0.40641208125085504,0.4023835424081113,0.3802404447466475,0.2777164553087991,0.20929275070206835,0.18449701924142933,0.16232531382939633,0.1356973803415647,0.09288003471040833,0.04779249028209044,0.02430008995430179,0.035561319471636,0.03890261417526112,0.03357159640976044,-0.001247533564390551,0.02265461091800735
0.021851486930295864,0.058798932705022594,0.10669159726480366,0.08182775773695194,0.0977941141271503,0.11543224096629937,0.17147229595917202,0.1853761187642812,0.17796936845470301,0.12612316373988727,0.07949454341286867,0.07375372924364626,0.0671396138991413,0.04259598995816727,0.027166568418888665,-0.016167446539142805,-0.10767854296780882,-0.26532632651835236,-0.5333748496631906,-0.7994916175949977,-0.9983959899749372,-0.8514760396068247,-0.5938809954788384,-0.34170061669503843,-0.15827119322205202,-0.03194599924598554,0.03970204936099685,0.08231493249427305,0.12008489914582349,0.12568118777915055,0.13988284832542366,0.15672743169393782,0.18645716456765574,0.20530882281388385,0.19202777380928207,0.16387493291145158,0.18279441769469826,0.1654578930393847,0.13355462813705157,0.10865544274189202,0.11124850923219305,0.12026449905841474,0.12522425232972517,0.1313788759196611,0.09725780221113076,0.09004615601291958,0.10499308663537077,0.1350138669259896,0.1687257320122179,0.1775448910733619
0.12320026990917511,0.11418875309184418,0.05341667762004317,0.08687450163846494,0.13882608754127482,0.14428814358979897,0.12401400909819527,0.10841089084477488,0.11586066838324323,0.1555324001151814,0.1840086977465348,0.16180323285213205,0.09305785194565062,0.04141298330893976,0.01670235280186998,-0.017219043063662832,-0.07906428969729472,-0.167152348980064,-0.41481456285864454,-0.7587744691722511,-0.9865943456438063,-0.8109755740828705,-0.5028060937258244,-0.21787374617743252,-0.06918674917133161,0.0417601715019271,0.11788734589892112,0.12766475800593316,0.10409823676060886,0.05618115510761968,0.05149157218271861,0.06419305982963662,0.05417538332449696,0.03811766522453982,0.06458454006840232,0.09070122382029229,0.10795514830821083,0.1291999651083392,0.13544585656138172,0.13539952981286044,0.16161862285004397,0.16250016415562715,0.10911486041436858,0.11206943538000068,0.09954020954951431,0.09252856020171284,0.08959405610017157,0.0741608616151234,0.05570319647274665,0.08717812383086126
0.05376990724303047,0.03571159379340074,0.08303763865162997,0.09923494221915673,0.2122279986158328,0.24723102375114578,0.2551012924497355,0.2303141237566829,0.2211480807639559,0.22511881174701837,0.21312247125967332,0.16902915227626447,0.1095843876252403,0.06450560094845001,0.030303968054528542,0.00022553662356731923,-0.11206692664711987,-0.28675098920329967,-0.5332829514139066,-0.8127684100170225,-0.993145449414861,-0.8200034811669024,-0.5356831290661394,-0.3094206161352449,-0.1846495863061161,-0.1205258860961021,-0.06769062039317095,0.02561499960049826,0.09253410342272408,0.06595193735632471,0.05355473713414102,0.056608398249200394,0.07333185679397583,0.1186062640084325,0.15934022358353792,0.18123641466374327,0.2003851722770922,0.15894588603872006,0.11305812915378548,0.10630187161227363,0.10894249877180155,0.10268413582651034,0.0750441447760548,0.05667584411906338,0.07510087257053029,0.1163835499383189,0.1379918863482202,0.1580805093742359,0.1402943132471145,0.149653767214273
0.12533782148625044,0.1486653139431037,0.11316611908583225,0.0392116591975946,0.1348110354520278,0.16389118286853444,0.18573286155988236,0.17898222198006497,0.16848330962726368,0.15607736341545728,0.15444072238663512,0.15137510878090354,0.15308652628689845,0.13027598745560917,0.10874066112312138,0.035057544296505413,-0.12182114411665622,-0.3082808830308883,-0.5573942753954828,-0.8400243687132475,-0.9959320105118824,-0.846448923142535,-0.5564605759366026,-0.31513121927404175,-0.09379932103891453,0.07695965534718326,0.16462506490804715,0.18511851702606655,0.16293137828534984,0.11410665458742864,0.07574653035769753,0.043726924632641107,0.03898536177994887,0.07412993661664828,0.07199936889915204,0.07589472584342864,0.05927965832839716,0.052912759405740174,0.04960097811579318,0.07315708736710178,0.12550804608437355,0.16785936663980416,0.1533765969075784,0.09353422852002734,0.07697895212046303,0.05242173436199583,0.06692761187158744,0.11724085366585041,0.151677003294486,0.1632582872477761
0.17839994087996155,0.17598181400960242,0.15769586818054293,0.12406930272244535,0.11200307458708729,0.1161194314188911,0.14659656918091035,0.1719753007699457,0.1867001291557734,0.19193882464797768,0.1884386877193306,0.1627145599709137,0.1590968083071863,0.10496537010478824,0.04338073511953581,-0.015011152887778424,-0.11320488497425311,-0.2466963741736326,-0.4620973718188714,-0.7748242211105323,-0.9751394604257287,-0.8104352554043003,-0.47573309771622574,-0.18912225908979616,-0.005449152783778932,0.11195354347919485,0.1934905940446546,0.22905755595406269,0.2290375140214474,0.19498072847458217,0.15433656847072516,0.11794414614296347,0.08646248986490013,0.0190176353601148,-0.035456702203873716,-0.07417870190805324,-0.07482264108892046,-0.07713700395967693,-0.061118421649724385,-0.05483161471343715,-0.03987649032779692,0.006575046810001429,0.0759298000010423,0.10911277258725145,0.11872374681206636,0.10305348645757686,0.11777928064898203,0.13530607005714435,0.14161551199067998,0.12068189828409709
0.07064942485995145,0.053005171467920865,0.043412441338645205,0.05613348940836411,0.06544542334412005,0.1003416909903121,0.13082474963340174,0.12459676325485801,0.13338047743915893,0.08705143565526155,0.044280100039053645,0.006221635606002936,-1.0863243227396402e-05,0.016079525666785298,0.014597908789765197,-0.002425069797541976,-0.08094633935639316,-0.23232695575651569,-0.5046861205933951,-0.7856729029441366,-0.9866729493833817,-0.825654365809429,-0.5601570121008471,-0.3429982604037208,-0.19700936661150695,-0.11980739087634631,-0.10701510036317961,-0.04818119145040662,0.025862849005413822,0.07013575428127457,0.11814339267836418,0.17966359748821728,0.26289291176189,0.3301864274811497,0.38806555943307164,0.4047027417458463,0.3900773059121822,0.35227672096975177,0.3079381803124704,0.2520510346262565,0.21963693531624706,0.16633300594625028,0.08419372052683165,0.05849356713836807,0.07562986276961198,0.07010486982255754,0.03124002085154998,0.03481516074410537,0.02383288819620741,0.001267144188808559
0.006988991118008907,-0.027352105470883736,-0.006735032239103073,-0.0016447118397480073,-0.026414713354935764,-0.034061849438448435,-0.016222287960108057,-0.006057547468199072,-0.004725567074429536,-0.00560907824878672,-0.013884030540424187,-0.04974090904341841,-0.06564451172925462,-0.057974781888672895,-0.049888466550249144,-0.06579798350139386,-0.095140622199503,-0.21689499931901693,-0.4790317947532602,-0.8104361489830642,-0.9981295250790664,-0.8170538538075112,-0.45665369106312537,-0.1359474932620378,0.06308522230939936,0.17579321142828241,0.24090225881576444,0.25609684952462464,0.23774200297679846,0.2041142949188741,0.20749525281508668,0.2376484381058021,0.25202684699599087,0.23556920560582814,0.244236996944179,0.22676182411762144,0.19863117299217442,0.16542696002026494,0.14140978480207733,0.13084669201724114,0.14138024656329257,0.15460302974648135,0.13473145728909433,0.13839248480821767,0.153987692337455,0.15189125772384843,0.11137419558521254,0.07845753422571883,0.07352537267158465,0.07792242835571694
0.05448185191932896,0.06872006482168327,0.14139781238929686,0.00902242499114751,0.01665089728269105,0.06367446779294299,0.0796995146276099,0.1299331048211513,0.11175303627947945,0.060232867998001316,0.03471900398038501,0.026438718813883728,0.020733496789775156,-0.0022884111816843297,-0.0478467839657047,-0.13546073521411378,-0.12893626267073036,-0.21508048151572706,-0.4498206730578335,-0.7834502074570515,-0.9977951397210372,-0.8280048164067751,-0.5220172294605996,-0.2818662277902372,-0.1634438828173824,-0.0619785357065223,0.024802958853248416,0.09667275172111617,0.13607821396621994,0.18642560778100822,0.13469400444208116,0.09596596331713396,0.08183280843232228,0.10682638726069339,0.19204240655994548,0.23081126584842843,0.19238652598487976,0.18210066821195134,0.1848236054788869,0.19652462666335282,0.17596542042320057,0.16383125288428255,0.17696536467645815,0.18148826064475795,0.18273107723786183,0.14450626890786458,0.13642540021018873,0.17360031860353964,0.21345553829613473,0.20957542805246526
0.04411764343493978,0.06253762989118217,0.0806101376305991,0.08683967879305149,0.14643003893161877,0.18019481839664464,0.16560644433650828,0.16249095031777272,0.1630541888332627,0.17908644020126666,0.2237510642005561,0.24065479692232375,0.20940270109311124,0.16424468706252274,0.09092764902142175,0.01263571662500357,-0.07297019784019917,-0.22022536978058074,-0.4520590301191342,-0.7788711626564683,-0.992064596367056,-0.800515507926806,-0.47325040883280634,-0.1720790388880973,0.03408616888489864,0.15050140393993358,0.20801861981176095,0.22762709863018538,0.18097622247537595,0.13834391964936907,0.07567803533011484,0.017571743934653144,-0.011035243026304068,-0.04560797641334599,-0.07651766397633397,-0.058894477817046646,-0.01492886268559896,0.038691516312590976,0.09112064715119852,0.0814607693422856,0.06748722452872148,0.06038764584695512,0.056500620332210996,0.04765362881227797,0.06664852323669417,0.07145678247609373,0.06702956176346897,0.06610699724500207,0.08135326474922752,0.12773455618497412
0.06831620892977466,0.09176959575607907,0.10310723806382417,0.1648934120471913,0.21695603561703794,0.24295144626356732,0.22901812994926513,0.18985691398748172,0.15650402936247695,0.11803814304049179,0.06180753262509539,0.008806133040559237,-0.03444973721232697,-0.07901788579019836,-0.09098463105396956,-0.11048330987696468,-0.17331494794759839,-0.33028421149767706,-0.5474378032604166,-0.8065626298475923,-0.9907623195207221,-0.8615241022635667,-0.6036059246090664,-0.3861061115615296,-0.2635084353268756,-0.14642455036145174,-0.07180425053271874,-0.008063720223775054,0.06406502863064825,0.16782738047436546,0.24851376774510733,0.29446464561949415,0.30489266769658996,0.33721306813312607,0.3501028589367601,0.34473704381697706,0.3033486582056485,0.22949676695793655,0.16486773944295197,0.15189418006784003,0.12900655889338306,0.10985423407784466,0.08170065170966873,0.0665783645476898,0.07483525077516882,0.08114945647897356,0.10361611894284978,0.11733299918822444,0.09190275234181236,0.03490955952054447
0.07117702297874802,0.15731652193893786,0.14993616647569835,0.17631507812948577,0.2063449156448303,0.19645247881656727,0.16873730471689177,0.18315897983095805,0.1569390611565733,0.1566749754476293,0.12084011155718004,0.11358382308244869,0.10652563973838176,0.08034294980283022,-0.007863391615085404,-0.0636213202087241,-0.17731088479998233,-0.29833364291905307,-0.5220315840246588,-0.7944142419481812,-1.0,-0.8537585468105702,-0.6070056005580584,-0.39343643288022107,-0.20971863176150446,-0.0758845187341262,0.0037163940744873317,0.05007512504201914,0.048518910263570095,0.06878784416880909,0.10964116305668023,0.11357551956476998,0.11968718257670263,0.12971405936068126,0.1407206556660655,0.1757035013893803,0.16902416766482573,0.16968488847151286,0.1369322613647499,0.1275458039908434,0.14697008492234326,0.16549740566246277,0.13861187486914434,0.10174173596766369,0.12265000162151105,0.1546600525133123,0.18646182187508129,0.20702266418809492,0.12702361185122915,0.045067036817063984
0.1844607223143731,0.2338659340192836,0.2999060582440566,0.2130134270462892,0.27920590048065225,0.28994659537075773,0.3097663347807486,0.2977106513514291,0.28775867990777443,0.26130695564599465,0.24843437371482557,0.24780709917270388,0.1943522146394832,0.1036423292536027,0.027077801635845656,-0.031550841844926944,-0.12384366910631987,-0.2561876437520975,-0.47169854816417517,-0.7773854541716313,-0.9949148449102875,-0.8352769851744067,-0.5123749378336708,-0.26656020652299806,-0.1649775960444173,-0.13058181200498614,-0.09103800733242624,-0.08205564946109174,-0.05777840970388877,-0.049685241897914026,-0.038599581096660694,-0.02722724460063483,-0.04693188445071816,-0.039048186265649425,-0.030131029343471043,-0.06624540815032123,-0.0308461294173073,0.003274167406024697,0.05369597769765835,0.12855938727004704,0.12482304557015547,0.1421211425286067,0.1322367934428577,0.0983743281742675,0.12137254363624184,0.15010578971576546,0.184174827500792,0.17153271722426977,0.16564795951976607,0.17076555398572862
0.01729682963640509,0.051622540290471315,0.09759004947955521,0.12168556174175953,0.13092748502266324,0.14111051831268093,0.12118525823634421,0.08233094143963002,0.06236768309941713,0.015634348438906286,-0.039669738931716304,-0.04540648648126917,-0.03276277817834552,-0.03421205453680896,-0.07942075547017523,-0.1599465115026128,-0.2251403479597926,-0.31315791625408235,-0.5048821373583027,-0.793051840162796,-0.9933964340744004,-0.8873976671618287,-0.5934867046209439,-0.3261029870579814,-0.1606288706139814,-0.03910603335256143,0.026105435836027167,0.06160947393332963,0.11706142870467642,0.23766854435963536,0.31309619357354174,0.3335032514646394,0.320818428524861,0.3301650727892642,0.3235034728309361,0.2820751680754651,0.26988768663085694,0.24881226188365102,0.22974106268387484,0.15536187373206264,0.13044341978386365,0.13779036470197506,0.1561126368973644,0.1670866611012991,0.1387801504813724,0.09355029158587494,0.05905414054598591,0.04718016232519862,0.0892600140455787,0.1173508515284318
0.14176875504133596,0.14272019828587515,0.07430096043808658,0.05641995305649711,0.10844901754311602,0.14313006869268383,0.16748683179502957,0.1666189549153097,0.1494741137128782,0.15688832136667322,0.1705802075560586,0.14149089250765434,0.11660455216929028,0.04107033985585611,-0.028589781529082398,-0.0880026676074594,-0.1608353717613813,-0.27947464965776847,-0.4878911176343304,-0.7906413120701086,-0.9926617567430015,-0.836026985602668,-0.5433760003241899,-0.3162362208439477,-0.20295751056393802,-0.10910415798770158,-0.014686382682317055,0.03829403911756896,0.036641835547763874,0.05300428857860055,0.10060406009782633,0.1279914166800442,0.15015536404879493,0.16653197910153897,0.17867481448194591,0.1655860824222929,0.15762113356632923,0.1562690271790076,0.17782781116044988,0.20824754665118972,0.19170791754426494,0.17730951025547367,0.1478437621528065,0.11857160193988657,0.09341577619973486,0.0976470408766314,0.11897529763076012,0.13431361993568006,0.13658967579491868,0.1396571471080401
0.10670561825979137,0.08641687698655907,0.10971236958986892,0.08985873442640453,0.12493381205732908,0.1438931701014073,0.1557739682077816,0.16878743265303334,0.13974164207489567,0.1323316751515392,0.1758039410043332,0.18075681762211154,0.17398450242447352,0.14314790034616154,0.0868196619413614,-0.0023768594367573922,-0.11285782083311674,-0.2616320208878442,-0.4959703672679552,-0.80448408364454,-0.9898346446513854,-0.8283226902089299,-0.5450778803465811,-0.3253273441474,-0.18909829086524046,-0.07976127447947186,0.029112118183584723,0.09061106963369941,0.11485091407057135,0.11677963281291616,0.12143847527746468,0.10051944121574959,0.08319130095945683,0.08079678919305247,0.07565468130091059,0.07984234808714866,0.10026001379267178,0.15305070716219457,0.1800482337246889,0.1574905042404824,0.16223395907910496,0.16718516883036857,0.13781712154226713,0.11165964131203851,0.09784846316654497,0.07891263111135957,0.0816149583848336,0.08001673014012863,0.08962228335776935,0.1255179673431638
0.07413215824303333,0.05908007476463454,0.07791380333588317,0.09259086940276598,0.1117683925938082,0.11404625226144495,0.12279226183065232,0.12848117391708408,0.1405604429972328,0.11417949800705893,0.0807298014052374,0.07550464396732881,0.09165922382754109,0.08488136300167758,0.06723754189706065,0.018869861963641002,-0.04023932313272603,-0.1757461099897934,-0.43404171228321375,-0.780317609545682,-0.9879838530663001,-0.8319283682326531,-0.5455959303917922,-0.30405397605251916,-0.1519169973560133,-0.052569253411111634,0.01806295136949551,0.06483296862918696,0.1075990704343833,0.13049538537033123,0.14641675556184022,0.16601097169571843,0.18514897756023332,0.1840621350582618,0.16062067953427409,0.1401068235182958,0.14558248482144226,0.14272408193297906,0.1267180574736946,0.11706834338937365,0.13495174674480065,0.13388292820746636,0.11738140247883576,0.1277572598678127,0.10513657666227114,0.08161704741540839,0.07166442259207736,0.07101991393009792,0.0831019765861455,0.08800280921129347
0.21994332707109035,0.17351151558168712,0.15183581249175113,0.1359228278920296,0.21756194364766826,0.20233944163679912,0.19491028738353142,0.11475661034370783,0.08671063515672277,0.12521358452615763,0.1507236906293672,0.14150526643211922,0.10656845110887485,0.08366392316555016,0.064411284773449,0.022949820814077444,-0.07187710198309702,-0.21044044636919795,-0.4456681099477746,-0.7639481271328457,-0.9882953911714578,-0.8234529475742105,-0.43525332144167955,-0.1901723919927492,-0.09317231694097088,-0.04967084321897139,-0.01519422359969376,-0.0049454065285108335,0.017433737259192877,0.04003411073561996,0.06757072718329402,0.07425502269084498,0.04644621080545914,0.018484324304244373,0.039243601200160565,0.09342388030125938,0.11855733232078292,0.13763791527872002,0.14678074184541093,0.15359978474100675,0.08956030767211003,0.10450237528401933,0.10089056526912425,0.10395743512684083,0.12272727509696682,0.16266556069272958,0.10950507864927542,0.07240144923781562,0.04137142272673748,0.03851334682496083
0.10215800412485726,0.15488719332416903,0.07956090755229182,0.11962867713561574,0.13393188840430909,0.15931507822147908,0.16211550416508763,0.15996795136373673,0.12234714197174255,0.07478306720719563,0.029168628390975115,0.03763435004239501,0.009191872313616217,-0.01814875066734867,-0.04293937242246704,-0.05266078054979596,-0.1098775181156755,-0.2642890468963342,-0.4752813005636765,-0.7792544944558144,-0.9931400239278895,-0.8444759488793696,-0.538162754783634,-0.2591143030226404,-0.08640500629083321,0.0003162635388383667,0.02636388044204792,0.0589520061214094,0.07713061004403116,0.12078954788509526,0.13640822530174257,0.15205462077872386,0.17295499247531396,0.20668340126896836,0.18282663951002048,0.14009887222653428,0.1051931568210949,0.14220876990077072,0.1214627813509239,0.12387044223477799,0.13504593655882485,0.1393994096173957,0.1429959675134873,0.15784475070244916,0.17238955554476143,0.14820005022602542,0.1339971740596762,0.12994836839340168,0.09794427747868133,0.09397933636301203
-0.03049965510529683,-0.009402434369555047,0.018197165398124653,0.03881329899817812,0.13086322394454672,0.1281980683127172,0.1797478501376523,0.18384820334637067,0.1761488289228835,0.14059474755069207,0.09323829185118826,0.07213303271437287,0.11100823301049009,0.13884772245106192,0.11802199487111249,0.007493073604567667,-0.09636534663696682,-0.24147134781301585,-0.476172648371312,-0.7566795566524142,-0.9931908674022717,-0.8507213143652864,-0.5548213476142738,-0.3249588480006642,-0.19300411359512085,-0.1220291920532875,-0.058883922349835444,-0.03330340617329058,-0.04548605274619914,-0.004242477473403029,0.07138756393548525,0.11443634168459964,0.20735425552435513,0.2310369492651372,0.20700890255850007,0.1845857410906921,0.16785291338125027,0.15022812377359532,0.20793225651750996,0.23659847723795277,0.2428207692307838,0.24311775877862427,0.20343919975861638,0.17953571003645935,0.14291451184800683,0.16738585541662057,0.1278044076479349,0.09503588216337391,0.03420249233212781,0.03940068342660948
0.11344942110934182,0.0596561886242171,0.03506811749075376,0.04281561649580065,0.05037164028752633,0.09404967480155435,0.16085398105959975,0.12546125365059588,0.1314522436242674,0.08912957941075184,0.1016633290629002,0.07627009239064626,0.10141542628532607,0.14062738726729293,0.13693580487420054,0.08011262882034507,-0.02628932230238068,-0.16157748510747597,-0.4358262024060084,-0.7625938847102831,-1.0,-0.769459871465411,-0.4246658771260222,-0.11206259862102791,0.015267114366573105,0.08963356123613239,0.09926645041154482,0.0786840602246345,0.05410034732595417,0.05741331193531785,0.05164895654147975,0.08967581556208341,0.13950137156740788,0.10948591355946226,0.060147435223097234,0.03544346723960071,0.03520423233212357,0.05554755534926662,0.1345738274049141,0.1600165076764429,0.1571976901457975,0.14936467784070842,0.07686604020594909,0.06485111649655215,0.0489409791263755,0.05303039758381425,0.08678058661687851,0.035627019123272125,0.07084299418667421,0.14403142720143267
-0.00996333378280222,0.07005257164142094,0.07697661969969354,0.042067368781988725,0.13742646358987576,0.09255762118405862,0.06798149981143088,0.06502304057624858,0.11821024602386816,0.13134491777002882,0.11948879529606582,0.09702454053478782,0.08043637097181591,0.08125821879632915,0.09100887883005339,0.1240128425140934,0.08733741439133093,-0.06623581363462805,-0.35637811065689823,-0.7107751476336097,-0.995004736887434,-0.8690290764339257,-0.5352363364991403,-0.29688357083114203,-0.16670674156622572,-0.1377221155747086,-0.06730876823647668,-0.02594477567270443,-0.016509207502975534,0.0345620811944594,0.0794549063618054,0.12223205040831511,0.16250110301930473,0.1876342825506033,0.1351357447133755,0.0748031822862416,0.0738570637623122,0.11758164310745481,0.1367881488717155,0.1346674133979951,0.10394719637453631,0.06776586024971981,0.06457310350392505,0.14996736046610978,0.16036111236742043,0.16565820257011551,0.17420325586868712,0.20792163153120363,0.2177049507185486,0.2001700311757319
0.0416587424111341,0.037426471381802856,0.03648753724969733,0.021329214835180396,0.07392532266409667,0.08855578448320904,0.08852168945944752,0.08368082621792776,0.08120652047271347,0.08226072037712959,0.08588411353135225,0.08278712445249954,0.08383059228558946,0.07393740446919422,0.03907225455089741,0.01053569074538267,-0.03847908558784435,-0.15288726520421178,-0.418897709935249,-0.76519376268976,-0.9963038192621044,-0.8243795036526225,-0.5163042241437665,-0.28220276511329356,-0.1270964924448891,-0.041350533231270255,0.024437007309691214,0.09824459055702248,0.14102550926206292,0.16496902070576386,0.18880450087992848,0.20402726507680694,0.2326717133690171,0.21814310729955147,0.21143646171421965,0.19955965115738866,0.1711384913591175,0.13724595049014118,0.10504711055963183,0.08396259481244292,0.08928122661756646,0.10848606298591719,0.11421093025214339,0.08654475368729052,0.0788706983186513,0.09614319999344119,0.10985404009138641,0.10296941371908673,0.09616764156210114,0.08875420989738717
0.15136541294704886,0.11476420019903365,0.13394810624585743,0.08730106586158369,0.08735228132738451,0.12581052617421842,0.13720498166822703,0.16453418973415093,0.17657603390387885,0.15144417808444435,0.08726484817047314,0.06875056194382337,0.06894600204090152,0.07004150759578799,0.04788163221524002,-0.02254321305492827,-0.13407497331179988,-0.25669787685575096,-0.4759004884366863,-0.8018659982371403,-0.9980237154150196,-0.8721627900130439,-0.6135577678868672,-0.41809663697393745,-0.26338642842138943,-0.15881020264703055,-0.08017678054597789,0.02188896968375151,0.06097227065997215,0.05205082753421269,0.06750961312530067,0.13840946883116156,0.21331779755140295,0.21656236008991578,0.19604534815040744,0.22357776287854325,0.20263385469740916,0.17524305665894976,0.16557693526148035,0.1742195070134649,0.15840062525955279,0.16998057962107785,0.17022506109345023,0.19408450130168725,0.17534285117013557,0.21281501807791675,0.198382558286154,0.11892520747217104,0.07074390249822243,0.0452032667711783
0.3058711250620256,0.2260674968697411,0.20807989833662077,0.23542015780414988,0.24328317036010996,0.14440258712908013,0.09709687266306065,0.14448284616510684,0.11672052491798333,0.1293487334669923,0.12375206892313494,0.08724123682040476,-0.012734086749722097,-0.06309366725541005,-0.08624217472120548,-0.08903703937171369,-0.11852140948244823,-0.2528757925415678,-0.45140593875462737,-0.7139117480196621,-0.9586258503017123,-0.7512871909707154,-0.3490542334055375,-0.03427378247293657,0.11526727427741305,0.014468543204964728,-0.0549666284377813,-0.032110464720493094,-0.04320844031692444,-0.06869684089649157,-0.02300442809395349,-0.008364441421238307,0.023223811216668198,0.021828752208479893,-0.00664724620257284,0.032051577650392654,0.06639082802056792,0.06729445189353143,0.12230006560109942,0.06236895214759695,0.08783072643578664,0.13401973484636073,0.10950028323974509,0.13469634716878234,0.14370463272504613,0.12682516302012703,0.15612869715726804,0.19611688376197972,0.18069493550249535,0.2615830255399983
0.16404872833122836,0.20304296993577461,0.19042004081294425,0.1600104450383488,0.10253385560686727,0.023872579072821958,0.011523256432629142,0.00857643393421808,-0.0025577397737684463,-0.010699512890162466,0.03469279326175955,0.07609226096850764,0.06467702385480097,0.05827003184906166,0.07282453025439985,0.05534941845875188,0.02986779301052829,-0.11207989821946508,-0.4054420374733243,-0.7719036509849547,-0.9955136275253111,-0.828200072472575,-0.49518294263902224,-0.2708477283953676,-0.17128137801790025,-0.09454041321507578,-0.03346781817712934,-0.028132902673435062,-0.032296650486061375,0.016279387751310662,0.13609524054544672,0.2109704960065667,0.2606892277239809,0.24358912185508466,0.22364315396492218,0.2298224723826536,0.2943544253397446,0.32161954097618123,0.3395894996033603,0.25633392879173006,0.15035705434899768,0.08028520342090145,0.08945762753770604,0.08663478040438631,0.052639052659584545,0.022677715711969772,-0.018462038117106384,-0.038532967951039755,-0.01925842932739111,0.057559718491920375
0.15851569080941663,0.12724143781195071,0.12681773837612045,0.12046533502629557,0.13023841152515137,0.10938439903490939,0.11301785924483812,0.12096567180606985,0.14926514377776254,0.1519334711453618,0.13162715784982482,0.08064078886736208,0.046278796112419474,0.041775228517038854,0.021742226583119063,-0.014626495389116837,-0.11910748861946473,-0.2571128385448635,-0.4664797940835715,-0.7680974469980931,-0.9852865803971793,-0.832758236345013,-0.5496596982243063,-0.2914313518203578,-0.10405675126785714,0.0015745688830607217,0.06992607904363399,0.10789218725931901,0.15979910723701937,0.1956046014368968,0.19815778253803218,0.1526459017625903,0.16434508213044038,0.18498640867479849,0.20035247510558551,0.20729025815994645,0.18199238325570902,0.1216814869509136,0.10870784204485885,0.11123054331286633,0.11133709763702002,0.09388284371824744,0.0766835348439203,0.04801307431711632,0.00633457334286975,0.004210552419998245,0.024350216243338146,0.055232825807173924,0.07756991777118652,0.09490598130564133
0.047035257011635974,0.038416631117266876,0.05308737673188035,0.06906770001489382,0.11623171413647566,0.12394919798584672,0.13891100512929108,0.1396390133514918,0.11605651436846483,0.11260418060725799,0.1129017268071677,0.11006145132942838,0.10777082523177225,0.07904589724466131,0.04604562336761019,0.01490190152135677,-0.0637983870018072,-0.20882037976117362,-0.45901671772582553,-0.7931986060618379,-0.9941151444160048,-0.8518093068111131,-0.5574386300421468,-0.3267117204407997,-0.16298847067221348,-0.05421396136363386,0.02612453696354733,0.08122111615203868,0.13085986154549084,0.15437033228659763,0.16943652465763295,0.16921834806985803,0.16488713331044777,0.15610914047868385,0.1575831814062465,0.14706430113316668,0.14281554289955056,0.16642935137881706,0.16624212870413285,0.15424327046480715,0.12172055017554548,0.11900571630913745,0.12032447749176578,0.12454233568101145,0.11403705970354591,0.1175795433372001,0.1102023371397882,0.0980320496284195,0.07170448126949087,0.06263198815313242
0.08031572570057934,0.060129267001714906,0.08645697382754657,0.1083680351175334,0.17615726977080146,0.18072126183199283,0.16706289065596422,0.1739117809115523,0.17624670444719379,0.13220110440022514,0.14101906440414655,0.13191338157756222,0.1283012342306986,0.09627581929009589,0.04639286474857128,-0.01603547565940622,-0.08918554734214106,-0.24818738365769208,-0.5087579484955507,-0.7881796630231391,-0.9777214276062572,-0.8624948062183821,-0.5906569593982259,-0.396842997299784,-0.28357946387095734,-0.19122230966250034,-0.08376146548026225,-0.01818359952756357,0.01687840543965321,0.05214872692387008,0.07019616956905954,0.06906260642498462,0.09987869755015355,0.112743384641123,0.15699870180543016,0.19711276745323283,0.23342977159251446,0.2592248229409103,0.20684985712660311,0.1958001773911948,0.17846459225796965,0.14408180506032175,0.14998844538240375,0.15543514822029042,0.1572643063806217,0.14532007222782828,0.1190443932906866,0.14180802237520618,0.15655454516466544,0.1510502501069602
0.1390968220204833,0.05730568427451759,0.13781457390725343,0.1428722400563099,0.10094776322869026,0.10065112749577046,0.11757603047754281,0.09742126407228294,0.03238538358212034,-0.06567492484122414,-0.03457140721919074,0.0019589182791693504,0.033747776069533865,0.022351941224787036,-0.02375211273388329,-0.1224558290629835,-0.2500461598170124,-0.3834412452535529,-0.5681684258436168,-0.8529226698669774,-0.9916976439519248,-0.814203877854312,-0.4877493541902985,-0.15445773800914586,0.08870680755880048,0.2186447882062271,0.31630770003798747,0.3805286401894829,0.3436166731597338,0.35295546930273825,0.3597422066491575,0.33445686642295214,0.3547679987583775,0.2864603909579819,0.21275895007515924,0.1334763602038815,0.09877799576266873,0.07304292497206648,0.061508677244556616,0.00784080648118778,0.03838721710972309,0.009754294500960704,-0.056068569487718684,-0.05691448483007081,-0.030812028422689094,0.0022011725687318537,0.04278778714914742,0.05845535956854372,0.06375098569432788,0.06987687412174559
0.07546702590889187,0.06503883355702128,0.06741632537806451,0.06818136456561195,0.10282444304424376,0.12616127932685392,0.13253019511157593,0.13761961203568462,0.15187700153463038,0.15907523386827355,0.14667466866852868,0.13942055903299563,0.1445400680915668,0.12834323244992915,0.0928460534263366,0.044502069399253295,-0.03376090332007501,-0.18095331236538045,-0.4405565299969115,-0.7738085525982434,-0.9912272050913871,-0.8175971588383465,-0.5474557835923411,-0.3268905350384619,-0.19927050836304105,-0.0905708805313349,-0.03058515647650056,0.03207042459092018,0.07248482844336024,0.10500961060924252,0.12673743086597275,0.1515056769309756,0.1639931486376195,0.16005795907506237,0.152133047984456,0.14093671447806366,0.12737806296195406,0.13166639032793262,0.14633310650675344,0.1350677336204108,0.11601680012108802,0.1188632153627779,0.09454963258723827,0.09172584532616455,0.08774629425635266,0.09280919191705662,0.09383907627744928,0.1040655270518905,0.09747361961035153,0.10769522326946886
0.09604437866185668,0.06964737045316907,0.08438734453187353,0.10522783409270366,0.13362819922309518,0.11978138097671417,0.13643280156582466,0.14946930662828434,0.17293343727435764,0.15576739589779579,0.13782327359963056,0.10486000778994557,0.08866147520206992,0.033892964255507536,-0.0036706163285110615,-0.08894541098339169,-0.16964635844740336,-0.2754304980331735,-0.4872770069245691,-0.7818820208386768,-0.9842036126549474,-0.7958639067385588,-0.494925727336311,-0.2587783346725056,-0.10466018176319516,0.0068811857329033515,0.05853959416739889,0.12144742679796623,0.14820747069573142,0.1560240269605846,0.16060705285921803,0.13366686323259283,0.1345255076535329,0.1402749241812608,0.15729164740205862,0.15511925399010748,0.14327568275209385,0.12486778373514955,0.11628108092057636,0.11158525974954367,0.11057934822273509,0.08403799630784241,0.08141913121358066,0.10694443353830926,0.12210278068535277,0.12322294698268643,0.1029573614182175,0.09875672453892462,0.07579684613388413,0.08231417469616399
0.14932755869950487,0.11964680400718715,0.10059230542939238,0.09846165374200323,0.07661012855628893,0.09148785259392112,0.1196400222100797,0.12762329142638892,0.1517076243815318,0.1780448286829768,0.19633359753875526,0.15368156147877426,0.1301908379786256,0.09066311766729095,0.025904878668360058,-0.033198257334083436,-0.12627034293689304,-0.25287760379249086,-0.47929243514051295,-0.7809165626324781,-0.9875094179727449,-0.8379697367086518,-0.5718913355132841,-0.35275897182773935,-0.20535384705824086,-0.11136060985614689,-0.04023721417092209,0.007618352645645685,0.045385787626856224,0.07549406965284075,0.1208688489230121,0.1420391452304502,0.13059151406928218,0.13334446123638752,0.1545099031854243,0.15261997036459987,0.15700210639678414,0.15754567179490866,0.14470542614707524,0.1270627959209574,0.11478702576162075,0.15043622795452996,0.16878795949454137,0.16152810555893138,0.1316229016925131,0.13544381105416572,0.1362047284722481,0.13783844919100996,0.13742405704752209,0.14685895246180083
0.17368102019345663,0.13642707489970218,0.11775792470685965,0.142260614686111,0.1598119893516919,0.17098393587461813,0.17240191546586592,0.16998023652345456,0.1706169190307418,0.1578302329977556,0.14688772807039788,0.13951911735190245,0.13846179226810176,0.08774387207698482,0.0266592302366598,-0.027945534773112433,-0.10500126873570248,-0.2502664829005529,-0.5019443935704806,-0.7972325369674653,-0.9925640024254939,-0.845548121819532,-0.5588872160700717,-0.32228814013072304,-0.18093821749037334,-0.09540636872488868,-0.047175347321646785,-0.008026601235942454,0.0260996036310004,0.05974706940617473,0.10855689988516318,0.13976514378547955,0.16260931843280754,0.15491401478078082,0.1698356216506339,0.15185947073566497,0.13944335844508296,0.12657155553700325,0.12149920467505096,0.12022772760410641,0.13065664241775904,0.1079319098060481,0.10454375443365635,0.10831963643272476,0.12919124243629457,0.12152873475085303,0.11978193153065059,0.1164924094539416,0.10210951623382973,0.10051586236697571
0.09197346028905014,0.0818568617675379,0.06955642238711816,0.09493910166374125,0.08297659721538127,0.09513078098155132,0.11404402823583461,0.11261058335356876,0.12298185483221895,0.10991462042270655,0.10615855787140537,0.10804028255068718,0.1342503863986141,0.14631274149826773,0.15507933286129308,0.0937120432552907,-0.04421694047280591,-0.26153016180224636,-0.5272819938930489,-0.8206264588956033,-0.9962051400390491,-0.8524776236079336,-0.6174216679062505,-0.35696875154579855,-0.1872984577289464,-0.04765086365196811,0.047536576380838906,0.10366033356726001,0.14531680132188732,0.16071446663373773,0.15525368500343842,0.15154654642032367,0.18204190263831316,0.1808209113203099,0.18513499994637164,0.19576013569795758,0.1941076755062867,0.18779144140372356,0.17728120412929868,0.14070070172371696,0.11660299506883193,0.08913576390028437,0.09517775807250066,0.09889367284923525,0.0993778521228989,0.08514132245418718,0.07132343352631751,0.047125483325624926,0.044213997109508,0.037480743836530585
0.14802813812842908,0.11892216595222899,0.10288664928157674,0.11905792072459638,0.1354134690213988,0.14684117671942867,0.15974659827266827,0.11990668786437779,0.11014156599703728,0.10875360166999322,0.10338806505666069,0.056314748567807965,0.044733886158607065,0.04438753861239102,0.06064158148239023,0.02753593699767447,-0.06353709446108145,-0.24894382007412927,-0.5052704577970945,-0.7927115434765377,-0.9873146299118549,-0.830027890805954,-0.5359126931818834,-0.2782785568172756,-0.1038916547971861,-0.010678455713352833,0.03275467411228295,0.07279734566534858,0.14127514980510536,0.174325198044585,0.17550464494101572,0.15655467273788726,0.15532189602907276,0.14340488605232016,0.12624874116770293,0.10942084854213004,0.11675650534104678,0.07623678973202776,0.054744528696096965,0.07860186378542201,0.09071642397729739,0.10046449046549787,0.11750200311668324,0.12529433641911605,0.10894194068104215,0.09898265555498786,0.12507105246517058,0.13868509843326368,0.11840071286313943,0.11186060790084
0.14261861294749267,0.179584204491866,0.1429484523910204,0.13443810183654534,0.12316094176026418,0.12610882870991366,0.13877433141806417,0.13846814912519478,0.15448895255890077,0.14441030690360468,0.12425863683240254,0.11944819827087447,0.0962381442425102,0.07396162484312215,0.010086692292046302,-0.05552114338322558,-0.14712621206474613,-0.29600419127594224,-0.5204122140934243,-0.8258007983857838,-0.9958847336538091,-0.8012581953703941,-0.4477139602735541,-0.12329242447108901,0.0728435234753324,0.11873659946648986,0.11506637539888499,0.07233811402379962,0.09559321673451548,0.13135589215346907,0.16428578580298012,0.1461729728373064,0.10508077994198345,0.06183239450900937,0.07494274734408918,0.09607244974359445,0.12581732975440665,0.12908992387369736,0.10776035212981853,0.10516208906079737,0.08779415570122127,0.06841747603260605,0.04501500182519797,0.042385527807769253,0.033169670564865125,0.035635499281971586,0.05125398000412885,0.08629349077561298,0.08837777639640916,0.10352656970818988
0.08427742486887581,0.09215490618003719,0.09072563898500334,0.06365251916914784,0.0811116901978954,0.09989257098710093,0.11560644702423592,0.13272121647774246,0.17591290131420678,0.1992262661830106,0.17509810029201275,0.15914594377348074,0.13122158490612823,0.1242037357764094,0.12329406988003906,0.12237522401738489,0.05777430900160625,-0.12575105119721067,-0.43912677581601056,-0.7974020422896266,-0.9972340455108991,-0.8567188543044064,-0.5568188028408881,-0.29292089111452235,-0.10999499416085615,-0.0038640652092387377,0.054405663046267684,0.06657208032699134,0.09559561203500774,0.13293657041268397,0.1394338354439281,0.13744243783925755,0.1330432185244957,0.1276791033585947,0.12601795665723708,0.13357958617339677,0.11687980484703736,0.09152950876318902,0.07619266797101173,0.08510158777847177,0.11519072432558917,0.12564223127665444,0.09179643344011154,0.07175088446644394,0.06768415205195055,0.07694139889457803,0.05239749626601937,0.03039910578772777,0.0014779871457272428,0.00174692657696977
0.07614720750934867,0.07365123387381066,0.06486768753129635,0.059929173396405064,0.11757528179425926,0.140172330844815,0.16402720384475133,0.1754888419444782,0.17036207520254318,0.1546970570895054,0.13500382675006486,0.09952190951605101,0.03189035761684808,-0.022813923699565596,-0.0577954011032802,-0.1175700539518064,-0.18047793567280368,-0.30289387220544906,-0.4939227008148163,-0.7596835998897377,-0.9831718145910457,-0.8181425705506812,-0.526811572456271,-0.29858624144802504,-0.1374820273690613,-0.029663203741322985,0.013850881326536101,0.08570143652254873,0.09944285027316183,0.11320401046282748,0.1446429986485125,0.13136399816636848,0.12941348206806014,0.12572911807935297,0.1691449139317405,0.19345589708740682,0.20985348392618963,0.17785063101168902,0.15063805147313264,0.12828375434998476,0.12041920292538803,0.12123870678932692,0.12262878829390035,0.13406722762523193,0.1262486960452279,0.12117540821269308,0.130152302524359,0.16497728159657435,0.1811010883916977,0.17109652084777852
0.1292649812842917,0.07189022009890267,0.16891269102229814,0.1925089916351084,0.23213007817791437,0.21757651517098572,0.1980277764369046,0.18323732234438403,0.17423184269983252,0.144053709467257,0.13365620392556699,0.10524189413701474,0.0694577843247038,0.05342311604623114,0.010127517967882192,-0.01923001139670333,-0.10255315856910653,-0.26161529197360744,-0.5145385324550643,-0.8177396187341913,-0.9924523770790237,-0.8254849913483612,-0.512956326904239,-0.2921775996510612,-0.21732343153244613,-0.16534802841039964,-0.117122883310387,-0.055618538942088847,0.03132856650162841,0.07362435282465696,0.06203906239997647,0.05891919261631343,0.05694848746848739,0.08651638590332326,0.1499525196993046,0.16067453845006868,0.1692797886807389,0.20092661597237396,0.2218761865152081,0.20815154547493253,0.1951035039714309,0.21736127583839007,0.22111843326652109,0.18369293361492095,0.1469826755878644,0.09977914700671293,0.06715330733542547,0.06730380592518509,0.06984303260748637,0.061844787906451835
0.08816914998460851,0.10151656447065587,0.12140641230776421,0.12143338199185229,0.11077899319004277,0.10171290522625014,0.12526042200138898,0.1332852831257124,0.1257311443043751,0.10469548681978719,0.10613546798477788,0.10393163440367807,0.08496436111732976,0.047712471916722975,-0.0030259699146063888,-0.03983299674186392,-0.0918537774350483,-0.22104817238028063,-0.46042264299848185,-0.7817175866744113,-0.9868661319005435,-0.8123142332284435,-0.5240278513302167,-0.30383292989645727,-0.15631389787633476,-0.0568562630438357,0.02227844148330799,0.08325144516809233,0.1148411331894288,0.12224553005064522,0.13999027677707535,0.1510171645934294,0.18264965152590584,0.19350504103201333,0.18849492656549277,0.18893657764761476,0.17340112368366456,0.14869124035701717,0.12452997016097671,0.10645385113008307,0.11368852949742905,0.11343468583766146,0.12053910518561803,0.11874920875755157,0.08470122865171935,0.0872658221455297,0.07602830133056404,0.09805834880891318,0.09937664128016879,0.10925052971567534
0.15929939100578844,0.20882104108239238,0.19506430381828838,0.21098812002716932,0.1982559362993342,0.13781960638530627,0.1389184938182005,0.13454483619173335,0.140423779868572,0.13205272060401888,0.12090339499752831,0.13690999407025392,0.15809127652486393,0.14360334334934166,0.08424912429411228,-0.0009600040429623369,-0.08232303692533602,-0.21716510482040063,-0.48358335846570355,-0.8066196484436963,-0.9916160698850687,-0.8554447541087574,-0.5924226386889616,-0.37810742889297516,-0.20810700713549785,-0.10828508709558442,-0.06321247027127222,-0.018011288924921383,0.03289880342626052,0.06169806105589337,0.09296872472714363,0.10525665903595031,0.13977219692807052,0.15201134505289185,0.18186868689070987,0.20368780915118118,0.21294266298525652,0.23952892629382222,0.2557691393179912,0.234259456919253,0.17383710426111773,0.0941987057838201,0.055840037047646285,0.035516469292337406,0.010117139415077412,-0.012752577337813731,-0.0021476654863419632,0.04498220234933786,0.0862443597993824,0.10741428845524673
0.20283396048882785,0.18383341713106607,0.1494123121426731,0.11926004832676339,0.07927878778694641,0.0648479268114996,0.08320783354776826,0.09945701805763538,0.1325376750383492,0.15537302187198818,0.16436730940659633,0.13821331084071375,0.10855565915260462,0.06985497798026663,0.04811125855113958,0.03471639136638064,-0.04745567346088362,-0.20615135467195136,-0.47813790163849584,-0.802237023709223,-0.9957375402092654,-0.8590701199065061,-0.5781563599639478,-0.32102578145199867,-0.15380982772844334,-0.05197150969286232,0.01855095834423278,0.07061354948562788,0.10547651210992291,0.13085289986696008,0.14819539887520736,0.14380497920369711,0.13987442054854346,0.12472494354609409,0.13421670695272728,0.12028740805629559,0.1186459384966656,0.12446382106834679,0.13022609162535156,0.12828317862214092,0.13024792618883022,0.11912358173489793,0.10415273440043948,0.09003334518956507,0.07821007290421399,0.0922973955839852,0.09377974939433677,0.09383038949359723,0.09524760344919822,0.12475257879148059
0.0789653625802489,0.07119843968690194,0.08383523896201014,0.1050979589024798,0.11319932652568744,0.10075889125187078,0.10769375872051691,0.11304926126149388,0.12255687444726188,0.10997025825861405,0.10974383281870714,0.10640050268904788,0.11706140578459552,0.11822228153833354,0.09656440715589912,0.05289651495416538,-0.05489445731985156,-0.21169123563628203,-0.4501379784044103,-0.7608830921649959,-0.9929397984177866,-0.8268437720272478,-0.5136578012066646,-0.26137822028454627,-0.08580738637490462,0.027856541013764242,0.07748524191974293,0.09646417156436,0.10248224343419722,0.10328219936136919,0.13677126642271145,0.15071883188759735,0.146889593789856,0.12877046991696986,0.13536582795783428,0.11933732044920052,0.10788974984752,0.1047341796860177,0.11584179400862335,0.12576989642187075,0.13853930447124577,0.13148769117746284,0.0987555287440127,0.07817177862477555,0.04904092565429286,0.05579462983636907,0.05941419686957094,0.07981469739917813,0.08651240624109446,0.0938289395992181
0.1070823264217674,0.16570707207545685,0.13207258168829283,0.14156799875274498,0.1040634875645601,0.10626251298473607,0.1239284199099514,0.12951637339279168,0.1377750329522866,0.11834407510369827,0.13842636700193017,0.14558024128042354,0.10313559578725663,0.11304527559882067,0.08420840640140122,0.04980623818512621,-0.07470108605600569,-0.2156561010941148,-0.44985876124141666,-0.7767567930420105,-0.9949494949494948,-0.8182143294189756,-0.48383956686433927,-0.1842986372533036,-0.054495647987924674,0.012080902300812565,0.07305257125845124,0.10529748986183403,0.11775188639966194,0.1544217014728956,0.16849351061788595,0.12694806758773447,0.09687119462110771,0.07670900140882135,0.07897310815839179,0.08308885714999964,0.09497699400911996,0.11368532974708752,0.0988033418811962,0.0719290141882308,0.07118229754009023,0.07722366707835712,0.08217406973317776,0.032826438050484186,-0.01639066326109481,0.021549472930231964,0.07865592223235815,0.09977351976566583,0.11398207438486192,0.11818864368897795
0.08863488305158977,0.11041081386859844,0.05121243174828843,0.17921273648620736,0.09651563396417766,0.12861977136243094,0.1374736170146826,0.11958101190765272,0.13899006215208223,0.1652298315416979,0.17324598120776233,0.16561879623170497,0.13134684453215154,0.11270798731538009,0.07808451427542908,0.04695801192979706,-0.05418612260857502,-0.2050464522887739,-0.4646978375567796,-0.7797946200908659,-0.9937374836867162,-0.8381962991093574,-0.5524073231445324,-0.3233544283713292,-0.1621866221744979,-0.07308727885664373,-0.0012982387478277851,0.029790048721842596,0.03751013888977584,0.042152757782914704,0.03914960848124943,0.0883419668620481,0.12079098537789532,0.12375389149137013,0.138986549630516,0.12385800455851047,0.10762054394681175,0.08821530780600077,0.08868990814356456,0.08274135576048593,0.11490869116773983,0.11192461173592697,0.1101480472169893,0.1418025320396082,0.12996577712828689,0.13502645527018048,0.14442101737808122,0.17469794283899492,0.1814597507457816,0.16819388507169059
0.03108037210332452,0.13886121682613378,0.08033459465094553,0.10608486415371068,0.11090720215449701,0.08263383359762595,0.06726234735115179,0.10327011361474107,0.12815578383764523,0.1435485330054529,0.1417328563199529,0.0934964795257286,0.058351656908185154,0.04510911624722871,0.06705654411945829,0.037407892795461806,-0.055496004718062555,-0.20730525073384357,-0.4641047410930462,-0.7781166847734807,-0.991701228930331,-0.823050600208347,-0.536647870907699,-0.26430288566978605,-0.08837106614739157,-0.007089418095212832,0.026275662876352957,0.044895061695790904,0.10113593830395481,0.13563239100797592,0.1681973646207147,0.1896931534222761,0.19763750088176674,0.16818794327701242,0.15534766149357657,0.15022224468314394,0.15296599359299795,0.1675058400358685,0.15369921156258814,0.15029079599996467,0.13183575291967586,0.08157108581727512,0.05151409842904791,0.06334412764609747,0.06987470130268589,0.07107422211707794,0.05750351707244915,0.05795232708732128,0.09290078998075718,0.1416349582395849
0.07850083077866522,0.03698455732758872,0.10169183833907028,0.13555463792261305,0.1503932830350356,0.16042791493517947,0.22277121341333864,0.23698505602953354,0.1739326466811116,0.12134340993108524,0.10382573339797563,0.056662134388890256,0.01831271027398911,0.08349758213194708,0.07598048683755772,0.019915022536675625,-0.10062828263716371,-0.2694408243710895,-0.5356014256907244,-0.8071089528570468,-0.9991476407914763,-0.8303216983780404,-0.49407804806279093,-0.2255650417986093,-0.04817063948351899,0.024805859689827917,0.06566172143458048,0.08818057599110132,0.14577588364734245,0.15493893364527678,0.16990683974914614,0.15629654600443965,0.1825299320157635,0.1211517529104195,0.02956937504185466,-0.0019453608942790609,0.021567276639729967,0.07485909758574798,0.09444537921029159,0.10706951737721951,0.10858743835746215,0.09467029517640785,0.04581218659275071,0.06995749438615997,0.07446840837382149,0.09508242932452168,0.12301371622929677,0.13821251896825423,0.17305561957536916,0.17561005907769772
0.0346752377718367,0.05604278624718762,-0.016404870141654492,0.029155932838238433,0.08167828765929615,0.04806058424595364,0.009571299561598445,-0.012541889697210378,0.012724571513642221,0.032490970392621374,0.05737237768475253,0.007938189605856913,-0.016958398327504943,-0.00045246744318164683,0.028373402854510482,0.01572432316720075,-0.04589701068331748,-0.17470158933298677,-0.4561335889395575,-0.7632233676689676,-0.9979466119096504,-0.8138243969001843,-0.48263318278538186,-0.26165932360159644,-0.13349396766385707,-0.0964800553699337,-0.03893336528089509,0.03656572018849669,0.11576060987578797,0.17065801929857347,0.22690513272733712,0.21803282418519454,0.227523429462837,0.19046948235348068,0.17124676510884185,0.1190549157695771,0.10324092826311444,0.13401407200445836,0.17748500226192135,0.21686683405065801,0.19054747754551907,0.20729920056439488,0.21775594222888361,0.186009502516707,0.1552578928975182,0.17770313875832167,0.18330634299563042,0.17815263704464765,0.15737737638391194,0.13624287571737154
0.1238844215593702,0.11889129190501607,0.11164681666431936,0.1621554976693675,0.16302255904629787,0.15732859648483136,0.13815494590680394,0.11842696264696384,0.11717462918694031,0.13938635097813554,0.15052079632126036,0.1400799721014973,0.11228878646129367,0.09480591612121782,0.04619090040515514,0.01873540866857858,-0.08279936356319513,-0.22471392218362024,-0.4467066272726918,-0.7795678762633671,-0.9934327485262804,-0.799827726661008,-0.5097924266131416,-0.2797225858706226,-0.14366815242945438,-0.08205773011708892,-0.015107537701094506,0.06690979327119231,0.11772168479106492,0.11021106343880842,0.09427026261897839,0.10227639078489809,0.10942296333772716,0.08712977738977967,0.08157967839238439,0.11092384748952173,0.145321340018326,0.14556976003666333,0.12606157689575215,0.14293376766698485,0.1157699840325292,0.06366871982293112,0.04134956886364072,0.0544909552232323,0.07060363063206153,0.09004010430800906,0.10786766063502178,0.143474396472836,0.16288914467417728,0.15421677427799607
0.1580816613788862,0.13713818678603676,0.12198730689347861,0.16908460509194717,0.17661916683793275,0.20986493307500764,0.2394158997831724,0.20776593757154957,0.18549468359994475,0.20087344773374774,0.1629958296904097,0.09416164596855738,0.031393859141869734,-0.0009306081497582597,-0.021922095989838908,-0.07939500415172658,-0.1659390399389025,-0.32285151018890484,-0.5361499515428375,-0.7881730723538906,-0.9772880649612501,-0.8431145885214507,-0.5840861945700219,-0.3577263331746966,-0.21528855054043197,-0.12107115108981947,0.003271573082047321,0.11392576000217083,0.1560411901269718,0.194927512344837,0.23838277796187762,0.1940418274757318,0.1405239454443639,0.16026501348770422,0.21073785547475796,0.20610653488418046,0.19304186377918953,0.16224064818566383,0.13258692177490888,0.10322403488250821,0.03377450099621184,0.010302737332359965,-0.0011235197737546772,0.026422800019381416,0.06572244186286905,0.07600506039907995,0.09536518409472743,0.10873635312384544,0.1431571256772354,0.15137885898212056
0.13760301472800734,0.13485298446164823,0.1306240813324724,0.14449643693116218,0.18732704797781558,0.20475619308310178,0.2235606525465365,0.1613791067259307,0.1437555905618107,0.11803079598482914,0.04653649725757419,0.04636123275303967,0.10081235568925476,0.12719086911785382,0.10070711799124862,0.0275320943148231,-0.08716719401559471,-0.24250039844212978,-0.4899282651845112,-0.8114097131056474,-0.9993337404919211,-0.8255088584918016,-0.519762096002792,-0.27491337132647603,-0.15525226319355412,-0.08338473735517057,-0.042868865906270315,0.04585526536448641,0.08393552259030482,0.11283569946505068,0.11343523132683522,0.04391115976877108,0.048066737348998,0.10335010245772455,0.13361673153378847,0.13935909116116624,0.14486871067144028,0.10067071960503052,0.113572629667856,0.10179983697039022,0.10166068377074254,0.07153217503528671,0.11804725432448195,0.10850618960466916,0.1277416314518343,0.14855778174572157,0.1587167177776324,0.15125190266235833,0.12071297108463709,0.10449868666955371
0.06039816306710699,0.05641907279542635,0.02542094872094021,0.006884951840658969,0.00923612065189157,0.057452899838551924,0.10907112058104725,0.13575418408529497,0.12531963790681971,0.08999123013295346,0.08932220533828333,0.09916754042158547,0.08554310429509171,0.0990887673991497,0.0867888204566977,0.05937120379540109,-0.03190725576174923,-0.1956584794709765,-0.48483445391065905,-0.8001813027000396,-0.9903551237869963,-0.8427270034845088,-0.5647218908452579,-0.3042678915565324,-0.15153062990272706,-0.07724692071106068,-0.03405716596399248,0.024094283717260016,0.07112173812605461,0.10719725729325173,0.14308138084912364,0.15410080601000087,0.1782042501819477,0.189335593048973,0.2128098315784943,0.22128793661533355,0.19077476646522007,0.14668184240355422,0.10634948400548518,0.09429390831612544,0.11601795555457911,0.12084400628873086,0.12886344900256785,0.13888780309651172,0.15135667534529015,0.15110194862819035,0.14626370819492795,0.16904431779417167,0.16997045921338932,0.1505747450384164
-0.03998475372269602,0.059577708952508,0.06745918235714596,0.1306098820665388,0.12352282722574748,0.12856469026638312,0.10582025233381197,0.11819479575477261,0.14841610383714596,0.18387770389794156,0.20312403819550426,0.19204387864789307,0.20008481580631007,0.15920463280071628,0.15565694283141301,0.07609123254526073,-0.023711946049060482,-0.22645579458091664,-0.5188901909446211,-0.8391495065101402,-0.9975607169371086,-0.8505858436445202,-0.5889367613425673,-0.3665023476674351,-0.19193289022748936,-0.08700403393268828,-0.050945117419032994,-0.008588184477642296,-0.006018569398375337,0.030708037373893222,0.07584452110500466,0.11023824958134336,0.08220584808614491,0.05031036165913698,0.05645001651245772,0.05622411988764511,0.05717546339467231,0.047356605801026,0.07304323706492148,0.08675671425784655,0.16622660087501429,0.23996467131699176,0.3176281142300083,0.2681228969075677,0.20705879351106973,0.17902387943261677,0.16756676837533493,0.18461385134147776,0.17609807150869528,0.11140114711233232
0.12078749336188516,0.11092501383602194,0.08886118772108192,0.09771730604459943,0.10536025470978914,0.12415660015700486,0.14366632335000967,0.15315103781461997,0.15932115852673878,0.15698524048906887,0.1487479244124453,0.14176033114779613,0.14947407736452706,0.13110196734259622,0.09164519236092276,0.01411763285096692,-0.07113629780502045,-0.21861958750685037,-0.4418722720492985,-0.7688028310378052,-0.9865995322616177,-0.8644975322294228,-0.5823607417483431,-0.33368530416211306,-0.1705320309085704,-0.10317683614435308,-0.06687112583557882,-0.017249192118672325,0.015999544849065944,0.04995211760824863,0.06024135611726303,0.061504961134792216,0.08387000387475935,0.12159085653852617,0.15514931719686417,0.1910816357789447,0.20283704070209557,0.18724097927738828,0.1656264175695136,0.1468332509167761,0.12347825969420094,0.1006647034744417,0.09801665161943426,0.11103783895558038,0.1206602205618881,0.13106977245037046,0.16060814245345945,0.15838501396430932,0.1336992265068474,0.1080772310728017
0.12104503543112817,0.07389981185991552,0.1155524419765621,0.06394262248363124,0.10748611007074645,0.13242294571366042,0.14950477305204463,0.15304539721779228,0.17035981816261253,0.1999544576291326,0.1761425054792427,0.1328331202055045,0.08007472836243268,0.07806528293659387,0.0580324916408992,0.030452269459358496,-0.06522021717201641,-0.23869447506900632,-0.4740139698082734,-0.7927229301538691,-0.9958534361458082,-0.8248255827896303,-0.5179487055644484,-0.2826997439143765,-0.18623608837449704,-0.1242913739601866,-0.06987839087047727,-0.029103004405856444,0.01233763346653896,0.06968003247041485,0.1106243844269526,0.10876019080396973,0.11865324541216403,0.10771521332325876,0.09993094995976037,0.1314642201858595,0.164447217888802,0.16975553991193923,0.18498672237022792,0.18773039423254206,0.19739485569376578,0.1528056507107418,0.1375470328058989,0.1754211087059104,0.17758272837287986,0.16550922034455776,0.11689658642517578,0.03824560067978444,0.04069560805298273,0.09048997030306051
0.10570125145445736,0.09858069704620531,0.03473809215364494,0.05637199964480675,0.15554250709153786,0.15754661694306824,0.14071442663476993,0.14859394349122096,0.15311489766649514,0.12791445011342933,0.07847583262377646,0.05420949626091242,0.061033803729135944,0.04809379628806383,0.01783074986001659,-0.008683129010977786,-0.12862050957976567,-0.2789927234160679,-0.5151019460457293,-0.7849892966875753,-0.9923168189308746,-0.8420836964442028,-0.5548750645893946,-0.29277239281671397,-0.12459462913427574,-0.014216372804178257,0.04764115950763463,0.1224356808791102,0.13435233350752437,0.12846865896864562,0.10510821873915763,0.11025386117483915,0.1309433085323502,0.1552694636762285,0.16918672036821528,0.15989958652864383,0.16671459237883657,0.16372194459176737,0.16775889505512814,0.15501231921505818,0.15727628142451558,0.18081627862429034,0.1438450422358687,0.11028832405780245,0.1103324623312754,0.10473164126141751,0.09646934995052416,0.0756350175830179,0.08222159414350516,0.1204012837228578
0.13386411988931332,0.08899197859599875,0.09530844497530203,0.0945248763982107,0.1804865411580685,0.2121234020758407,0.19324300773260253,0.2033563372400486,0.2209558198776563,0.19410117117234296,0.16815822320395682,0.12271017516017757,0.07721214339492286,0.029928776333009922,-0.021352217802650005,-0.06295163121360571,-0.13304081846007432,-0.2284285725919097,-0.4482340173551554,-0.7586623010182085,-0.9872064567939738,-0.8345873520206889,-0.5639358098561696,-0.3848009064173369,-0.24984854031906695,-0.16110582643229612,-0.08062464776832362,-0.022636566318678098,0.05323767758414814,0.11203041759281997,0.14358019489166485,0.18274046609184685,0.22746834614936112,0.2162522906649615,0.19608196749799703,0.15233143247085024,0.1490190444427129,0.11026594774588865,0.08264289201367783,0.1279062624418762,0.1593147395269525,0.13039038384333074,0.09647535059555248,0.1231337040812177,0.12197957414865943,0.11592909968352098,0.12854409690790003,0.12644005197062508,0.09649136067139498,0.07019534614372687
0.12622874282364532,0.12274723113030439,0.1571196772909191,0.1375887483514301,0.15251860763175673,0.15612819532976346,0.17507927262028608,0.17096078171345236,0.1632881056992973,0.1724349666769887,0.19445347598574983,0.15924803273650198,0.1015565206966639,0.0655407911058342,-0.013674313456767105,-0.07916333470870471,-0.15150351460894734,-0.25900187670127117,-0.4781993912415523,-0.7775304949160632,-0.9914145734813681,-0.8141872723816338,-0.5617364306853729,-0.36696641128079915,-0.24536540077721236,-0.15291402062874074,-0.07341675857517985,-0.0006570178077565179,0.021345323501043553,0.0483124680245039,0.1222558949454071,0.15129063629302772,0.1665716774881461,0.17891866916524515,0.1790273858921661,0.16561782686371102,0.16794189261787626,0.14227827253598566,0.13867216258368728,0.13809562129568587,0.1246923124110122,0.12030772694285151,0.10533652217932264,0.10438261501366627,0.11688898429083634,0.14818717111391336,0.15840648795966886,0.15081632045612967,0.1299256366027755,0.1315660532821138
0.07372045337613718,0.09785572928988354,0.10814080405295944,0.06316857328253295,0.11060163124261163,0.15371708617660085,0.17014805570822905,0.18046078341828445,0.19800873561813387,0.20049107306056707,0.17737875372731418,0.11496716785768182,0.09234913357044526,0.05869029068129973,0.01984485761300423,-0.038238303950876025,-0.11535342059926858,-0.25857439781296243,-0.5007297162304473,-0.7938448978151356,-0.9855821553942217,-0.8354607862596968,-0.5407224518264196,-0.2791315177262816,-0.13972732275974134,-0.04715086273904675,0.001460803396658936,0.019012367881375145,0.03710704008095039,0.07226368684255832,0.10241296906521796,0.11017307995808995,0.13778948778104105,0.1421706695950157,0.1458008518959568,0.15031072723534777,0.14246021916953133,0.15235635717748425,0.18135510280208403,0.17567258703930402,0.15959625505061664,0.13252815751069444,0.07692248823074677,0.0702828725394532,0.07736169997568484,0.10654268598081515,0.131123205439436,0.13087324705306141,0.123735168537796,0.135660974199492
0.12176083134055828,0.11711403925233609,0.14316237827055583,0.11400530994145425,0.12287792396954259,0.07714707473278705,0.04888826970500979,0.05621664324645475,0.08818638187766648,0.07745174716239017,0.08095262020936678,0.09912638470141225,0.09533395298435658,0.08030190276574226,0.07511784692895752,0.009031213336738692,-0.09403802401540341,-0.26443032017807105,-0.5043624417206712,-0.8067818335348103,-0.9901185505119697,-0.8193766310390702,-0.4951897038315781,-0.19896367650288158,0.001843921259764072,0.08216963728272363,0.1176270580423494,0.14492973600447892,0.14671845974880002,0.14981410685423618,0.16445430113577908,0.17809475441613407,0.1824512231646833,0.1743103255577705,0.1583741202401595,0.12327978904291798,0.10003800504376884,0.11666150462700929,0.12616626049952584,0.1193069641601902,0.13359516746700764,0.128298208231059,0.09712687517689816,0.06837010078309003,0.035633730583951764,0.025426610517967786,0.04217277148100649,0.05803073885708635,0.0449261099949508,0.04676618073581794
0.019983441545295764,0.035657198337537326,0.05382944793884665,0.09990323025575125,0.13147829861301225,0.15591598519599054,0.1731494698817909,0.18446995639486893,0.2036983294371552,0.20676968309662203,0.19587441700403901,0.19119488735869597,0.16576678564355737,0.12769475017822793,0.09520034308357159,0.06106537691719207,-0.03712940791808113,-0.21187639638729472,-0.46954012716808946,-0.7926963839226621,-0.9978393525581304,-0.8262654420080962,-0.5262110934992815,-0.27346989179635955,-0.11915467756390921,-0.00726229019393802,0.04613466584212045,0.07595224794700427,0.10192156404727411,0.11674692187973623,0.12831250364669664,0.13975664300948912,0.13659540678350285,0.12198298296800145,0.13162296760529077,0.1361704196282967,0.12606316137069393,0.11333618039280137,0.1013689117937768,0.08080842535600731,0.07092893887578529,0.07200247124854396,0.05415572005539463,0.05907656136988596,0.06826392218675181,0.07528249758428944,0.07484896925692162,0.059334371093529806,0.03722900020474057,0.03189800798715229
0.11291669603809082,0.09079559809501447,0.074610322678909,0.0811208278297043,0.09104119302618771,0.09252670803718081,0.09239973229770262,0.10944031703840504,0.12573549227350644,0.1290568300440384,0.14146252210824897,0.16034861341325474,0.1713853915083076,0.16290682069924733,0.12957931890631608,0.08497640938882668,-0.0003180433649101787,-0.15686595527510078,-0.4371667225233763,-0.7832655801032206,-0.9936962951637308,-0.8487729892791221,-0.5487694279139991,-0.29407024543152727,-0.11177483791536186,-0.015367827876666922,0.04787363658391763,0.0872507718932472,0.09555653497313527,0.11073969877783504,0.11486254624082264,0.10072452268454793,0.10772274103708233,0.13160738628183163,0.1507456472720801,0.14264156163895547,0.13413203949156774,0.12787359732942252,0.10889469232189496,0.10196665632602821,0.09774832733398021,0.07895118667787443,0.0760123658825341,0.08204810042869927,0.07599861756532394,0.08187379994836187,0.07424547889719606,0.07042241602429278,0.0638386190142436,0.07603418683919964
0.10213195917155492,0.09956535861672339,0.06625696268828865,0.1147573170848202,0.10514131906134326,0.12733843208182502,0.1522748835876964,0.17675071360980338,0.16395160052820193,0.14721032195546674,0.12132285128462145,0.13330684314273353,0.18568813822166777,0.17451061883200236,0.16879231992407273,0.12819954243821055,0.03025645369890159,-0.14167511070835914,-0.4546728025597438,-0.8163890050827032,-0.9920550673602643,-0.798112443744866,-0.49260171919142565,-0.2618951878383146,-0.1375817338272435,-0.04955338095047086,0.009197574778184404,0.07032509499761343,0.12107757400938554,0.16532787341350838,0.14944431737860628,0.09447334539326031,0.09050352343654294,0.11570991284414624,0.1338515592742904,0.15113340887299567,0.17176397885561145,0.1454193562674952,0.11199477526867106,0.09587587129690481,0.08048860952513519,0.06306676491990144,0.038002808688031325,-0.005901563701345791,-0.03950389845421051,-0.05135606812972648,-0.007669923166333757,0.053705752177023364,0.08924294339852964,0.10090722399123651
-0.029611664464781293,-0.04723120539541022,0.030141053708010186,-0.07399296847890786,-0.002671056603026895,0.03169997775794169,0.07798223391719213,0.14515483597158982,0.22239106332526232,0.2461576739756991,0.2434108852553637,0.17551645704347368,0.10194786610561975,0.027778160865205286,-0.050821928270423075,-0.09350105058834013,-0.11249945545259145,-0.2094648111856992,-0.43206859737115416,-0.7630242906044135,-0.9914345647906211,-0.8146709963605693,-0.5464373544104186,-0.2819788520555176,-0.12394570128377191,-0.05750030570060001,0.026771907511166752,0.06076693476796199,0.08198336254241816,0.06736967388104483,0.03549760983736201,0.057255278402708054,0.08032370426299587,0.10773419629122948,0.07199594192695791,0.09042642196033351,0.09292148823190112,0.04999044412499226,0.0371350540128097,0.07737774729753188,0.1795595111717041,0.23482539696887095,0.30049684832766665,0.304654808906961,0.3268147766051059,0.2596621632015228,0.19694133935991373,0.21595244187320867,0.20054675165248995,0.17167079197203144
0.05579764326266128,0.056808210425450915,0.04894875529617593,0.07358754893051477,0.11584553109900847,0.14368582328189178,0.13956260353522024,0.12499522876138927,0.11191989326064972,0.08969053271960624,0.09059049938335705,0.12543007864610334,0.16559820550651913,0.17792499822423644,0.14278902449928393,0.09562324961245025,0.02276272373922861,-0.15557833920267589,-0.44717613912772336,-0.7974165687697814,-0.9947617731942391,-0.8626676685631295,-0.5835412121425028,-0.3323601238008711,-0.1540935232991983,-0.020806321804091067,0.07145183666949942,0.12603514370650004,0.15094900300778705,0.15334094075401908,0.14490017630650295,0.13207493586976243,0.1266497644511314,0.11829032273751261,0.1265748278195869,0.12152609930092277,0.10862852765340036,0.10995552532247102,0.11336654512200346,0.10354470191188343,0.10088995737435458,0.1073058137887008,0.09882579196622629,0.09643942271354006,0.09137905648619522,0.0738085365184283,0.06281202983597566,0.06188261686278906,0.07560560841488435,0.090603935126389
0.09735917847743841,0.0709581502957052,0.04389165983469913,0.034311224974418,0.04125740262577601,0.038402245742915966,0.05491787048539015,0.07770470563277823,0.07795338361932333,0.09610189648120139,0.11259083574892403,0.12344579342319315,0.12436388411451567,0.12323534208463732,0.12297623515971001,0.11838302695442746,0.03685415899131491,-0.14910686029585968,-0.45171008777060045,-0.803717391687814,-0.9975773671970036,-0.8610190537954646,-0.5770171471727444,-0.3097983276813232,-0.1063522822530591,0.017718714992468482,0.07199146947252526,0.10620752094798191,0.13487109255424073,0.14246168865229902,0.14729369194688374,0.14771135556162215,0.14956340650616173,0.1454687559042386,0.1402933616937023,0.14483705682560472,0.15403908992905546,0.1318950611044976,0.09080347805641352,0.08921464318897886,0.10870158668657988,0.11380458396098499,0.10882532816775402,0.10070325901022281,0.09964020649680155,0.10824015194280105,0.11683287874689788,0.09509270946963924,0.09984736624759438,0.09553306514155115
0.0643043154154631,0.05477656964097401,0.041414121475922876,0.050457640822546966,0.0734337152997391,0.08292553909195084,0.06518227972043399,0.061348099298707846,0.07847873220957534,0.10721977272236131,0.1488242561221179,0.16907436378279647,0.16780293040721891,0.15491311409077074,0.15625299860716457,0.14848261255420653,0.08924016213044846,-0.09121911284197923,-0.4126374200710935,-0.7924187090327431,-0.9948256825057545,-0.8430553441828078,-0.5437448083499778,-0.29617337713881176,-0.1267824545707535,-0.03220676850884555,0.02742132430223673,0.05975592014264002,0.11033711979672975,0.14738312344813953,0.16112442680914021,0.15743336830576835,0.1542915017989749,0.14716399113643985,0.11975147417258622,0.10457034403857293,0.10430722481610805,0.10773827153937113,0.09514080135941627,0.08030498544563448,0.08405210729814923,0.0953514072974084,0.0818293134302263,0.07565709372626539,0.07008622697619685,0.07123328972493949,0.08696290057865742,0.09611347118045427,0.08903693752204071,0.09188582896427158
0.07345386288977034,0.07663065625256053,0.1065282526768509,0.10092717290808027,0.11316264369560672,0.11813835829611387,0.12898961201471912,0.11832101851653985,0.10271964194432492,0.08846684245800988,0.10854032961498225,0.10684735011169982,0.09446076726885663,0.07302714064166929,0.07220791784893107,0.03647454524193454,-0.053463316605133135,-0.2117946045817081,-0.4650760820620221,-0.7859931755389584,-0.9924844015598155,-0.7819906225293686,-0.4382584947176399,-0.1479925323218852,0.014267349619755478,0.09302846552755084,0.11152134092686704,0.13280284190585365,0.14857765210945112,0.13297243854535995,0.09587780076446037,0.0691368953238986,0.07963887160488742,0.08989888042814165,0.09948662765893462,0.11777168425368725,0.11755382273281334,0.10151233822127151,0.08799511972226903,0.10303095246208642,0.0837120795086551,0.06694870488480587,0.07567895696161137,0.08582222967161635,0.0864305606284255,0.062337123127411485,0.051678600978795265,0.06436323302638006,0.09475873652798945,0.091353810412902
0.07879884053468998,0.0359344854072045,0.01902913997689959,0.0670703856328487,0.12355704049530904,0.12768489622940105,0.15569197333362372,0.127142987165414,0.1296985672242599,0.17256232673799235,0.18660930404105994,0.13121496827937895,0.09868310469614927,0.07787234670964646,0.047379564547859014,-0.03669448010100274,-0.16998989789322078,-0.29299753908816495,-0.516613419861836,-0.7898450688683035,-0.9967434079568767,-0.8710635146864926,-0.610768740644346,-0.3886374256743349,-0.2669077065422692,-0.16603831671926775,-0.10702553690945524,-0.01736504067249387,0.05154995741039001,0.10030508244181077,0.11058999659679516,0.12217912609809553,0.14453554804293972,0.19101627417177716,0.25466126688516194,0.2546304041362801,0.2598931240756122,0.24234887500799443,0.21870990914785457,0.23335950890170906,0.23614731490885282,0.23452124840282285,0.19266177763053294,0.1603423601607984,0.12684375870152667,0.10750011639736731,0.07821512209050106,0.08799033070993607,0.10447103875905217,0.13928802392851658
0.05990546522426604,-0.02337867543864618,0.02277424157233673,0.04589060854834013,0.05440512491646508,0.058602864424297976,0.08922431461503594,0.1267833965556567,0.15240314772165478,0.13146084120721607,0.09179989933847642,0.0778486882383707,0.061643117673586115,0.0434491651110288,0.0351639827414423,0.061156041647034254,0.031803567903667604,-0.14351716174491497,-0.4688679752866038,-0.7981515063970102,-0.9996341399675951,-0.9076006309832867,-0.6241140952367631,-0.31749587183728106,-0.08898913938785778,0.04850675726053882,0.1333330062539292,0.16382680368751776,0.22687085757004918,0.26625084490126794,0.25837767995366806,0.2455980703853905,0.22155732119749744,0.192440433135951,0.16322830559038448,0.14099378302865323,0.13179435536213205,0.14495637480771714,0.15262576631066005,0.13226119098152456,0.10812264982988089,0.0882303279314113,0.06022419092891803,0.05303313615753474,0.04008018127885418,0.037709008186912425,0.038651253088112326,0.03405002481834115,0.0681414499583534,0.07657095623588336
0.05357915587373716,0.05826542054502726,0.06422473332331292,0.09848681404090796,0.091332343323139,0.1068979736697119,0.11050734946207584,0.10957348185991432,0.1479776259893909,0.15556146498102824,0.1565059550418338,0.1817561679389371,0.20881894485744357,0.1963374283245387,0.1557995072764996,0.07059321308678662,-0.026403606724038253,-0.2084926301788576,-0.4939685173756789,-0.8098022389868019,-0.9917497421051978,-0.8385432019908838,-0.5749770994377147,-0.35920107189442235,-0.19124981273628433,-0.08239930907192743,-0.012876780958693731,0.04751360259937962,0.06838558346013222,0.1041262131370673,0.14485022001946707,0.1689331464707982,0.1718037466498317,0.17861579342737835,0.16803679936225183,0.14808784307401746,0.12712709851175855,0.14025901144267167,0.1291422245586956,0.09755377267924492,0.10139510771712185,0.08834752720951784,0.08778332451960708,0.09920605200983641,0.09850325764571234,0.08607716832446581,0.0928168445682106,0.09453465990771799,0.09292758234207743,0.08741985222925368
0.08888155184437027,0.08911808053725796,0.08888349202012245,0.07934621963543273,0.14102243543018614,0.1338887212866932,0.12711038409564024,0.11277439590005481,0.11874126679315129,0.11694413140486537,0.12278736231183077,0.12295641159137091,0.13194012748879333,0.11744366074330193,0.07658489361056109,0.02095768607826653,-0.04914669672514375,-0.19375571201688513,-0.45785635415515546,-0.7882977875982007,-0.9903286865062895,-0.8226471055837931,-0.5444031638740051,-0.3166167294921632,-0.1398538812001231,-0.04282987068848373,0.0040849325606122444,0.04821973221505954,0.10085820854344758,0.11753765114089745,0.13594442921723263,0.17327787675334347,0.2156852251106046,0.21871642135566155,0.19204469082193584,0.17072981752218927,0.16806142044447095,0.14786291886116235,0.1307970693272526,0.125644639043149,0.11871987769802536,0.08441189213127545,0.044420227725108015,0.04266441503802032,0.045208158095789375,0.06604686807367963,0.06913647425437447,0.06802298165984975,0.07162896024805161,0.09663027922715059
0.12093258393379522,0.14383185663297504,0.12067840630560485,0.10393225853849399,0.16654038743886082,0.1751881572842295,0.20304698823320413,0.1989325543714867,0.1533235457245349,0.14662418693602147,0.13119056947349722,0.11811448071462978,0.08899213880743238,0.03143521052178126,-0.014389420877572402,-0.06293709597704471,-0.11043998051329902,-0.20693969689273187,-0.4683138596641179,-0.7683063584588005,-0.9884363986225934,-0.8324648169533495,-0.55993987532542,-0.30075675323449236,-0.17782711565208495,-0.07645786634349627,-0.014466619595691595,0.04693050183109308,0.11131082027438644,0.1546135421974881,0.18088689165308128,0.1894871203510439,0.1916550888829215,0.20981119939004797,0.19106840602914316,0.18897005150740867,0.14366882223983318,0.13179629867119075,0.129754906743558,0.11685920721452553,0.09568627916184468,0.06380628998919788,0.04083292148547681,0.06155110247493082,0.08443280037630786,0.09081596829131791,0.09186405738982534,0.07378149428389134,0.050241249022451875,0.03908751373318062
0.02649925315636773,0.07137633716110904,0.00027709591836416,0.012075703501756891,0.06938853468575688,0.07623464359983931,0.17278962380759302,0.158702309473497,0.1423045275990008,0.1336634597205852,0.16508686366997602,0.12736342133100959,0.1289139730687543,0.1202434317485783,0.1250911653320192,0.14041190938829567,0.04467428542304915,-0.08439922678072774,-0.40639297402400715,-0.7162738837860301,-0.9978078915902742,-0.8553727596532401,-0.5906035480363493,-0.40344420035850664,-0.21070835414397124,-0.050329116076108044,0.010410462978734884,0.030616784544496695,0.05537689761027709,0.11015224519426724,0.15323936959193685,0.1580158642446174,0.19322052600369016,0.17864526828148528,0.18181319191350542,0.2464344691419295,0.2706856093561499,0.2319233919228343,0.18351924038693712,0.1423728798254934,0.062184699692052474,0.03085531534502941,0.03356440741787306,0.08800937217012181,0.10974903215099117,0.0934446572106225,0.0350957450126652,-0.006649654387953107,-0.022434957423258132,0.029990597679162276
0.04165908795782374,-0.04911802186033871,0.0586017852230437,0.14271026245595092,0.17271815015581088,0.15072113157401212,0.11339417671649782,0.10620187293435712,0.0958411665567354,0.049110537496562544,0.04432743451078988,0.04878430601920908,0.06048500887273975,0.0519770720951803,0.0064803226484085145,-0.00180779336765565,-0.05228297556746417,-0.1874830852026286,-0.4637337693676035,-0.8174854853969382,-0.9973544973544973,-0.8018866136772762,-0.5219065874673294,-0.3202003007452594,-0.17504780026081115,-0.11190251799069777,-0.02649066002673285,0.044708632658833035,0.08304061961089042,0.12337467078878833,0.12856467760265375,0.15561056006186239,0.1826301775969553,0.18830458429430552,0.13841754691030927,0.10349541558988158,0.10039096711541216,0.11025242654348923,0.11117179554218391,0.12313558006858528,0.14730291479155472,0.178605196473998,0.233823520936271,0.2776338849596129,0.2683322673502961,0.20964321936496746,0.18120472899950146,0.14025890926945345,0.0871072153439176,0.06667828119438861
0.08741712058158782,0.06804438396206733,0.06519769191587811,0.09185097963923973,0.16542762747292178,0.16982617670921157,0.17115524332982232,0.17758582521339156,0.1768684728018649,0.1284906675780335,0.0784862028375429,0.07723868702625439,0.03369180088587501,0.04213901845969266,0.03709940353854039,-0.01937460132744588,-0.10961816068492089,-0.26876786107000794,-0.501824118911016,-0.7970427093378286,-0.9913062253828115,-0.8471952933031262,-0.5443531145703964,-0.31855252257415007,-0.1828432408478781,-0.11950331502344749,-0.09172507902801898,-0.04608746082991342,0.024397211682782673,0.0627342523747709,0.02568255358494556,0.03209875572477351,0.09967000498033249,0.1603946683651609,0.1923161228123224,0.18982122696153642,0.15297719009784594,0.1242407093671423,0.11706534814659916,0.1028562831085593,0.07174964229112929,0.1330576964535027,0.2199898218170931,0.266199533988159,0.24975147605674178,0.23139865775649776,0.22194955430930938,0.21851823735350634,0.19162998907357837,0.17917546463274808
0.15287744747006257,0.10166282907544431,0.08411562781065776,0.1038154158982135,0.0886131169143285,0.09272195244387822,0.11681527958151844,0.13345928136261212,0.1727405675472178,0.22029762095047994,0.1962417353533392,0.15422793320402867,0.10383400062000694,0.08293435364854944,0.04715573477830228,-0.0181127002540391,-0.12956902165921616,-0.2775848013963799,-0.5176252817608873,-0.7961247551613548,-0.972961159304226,-0.7847115935322952,-0.5013576156879588,-0.27257418822641516,-0.12402944930922054,-0.04797274611880378,0.0068691076742499095,0.028568131270791768,0.04366704694059987,0.03778480926605787,0.1005025703271008,0.12860374589476745,0.14687005683989937,0.13658581235913478,0.1367295215993816,0.1373563144289378,0.15921269124745102,0.15744151174016782,0.15454073987724642,0.1406560254996802,0.12040167967199555,0.10355392161265949,0.09750092410607016,0.11109104144675386,0.1123351544682395,0.13309925245748888,0.14794277471334297,0.1096449059466758,0.08357164614093573,0.0565810302225292
0.1815982700463759,0.17606326025209812,0.1099840952287631,0.1707168790497869,0.14388872386317597,0.1586651299805163,0.16136468229324658,0.17756696127515006,0.18116681825057462,0.16533208649425607,0.1531633104064904,0.1491156618428411,0.10323164497793365,0.055987237594998254,0.007566928180946708,-0.04427809387089164,-0.11965171023686198,-0.2355797558395934,-0.45637212168053837,-0.7708356541377156,-0.9855579219014687,-0.8365793253739022,-0.5257000642068757,-0.3093624858891711,-0.15558138244771066,-0.08120207711802382,-0.044514790071263036,-0.0012336462522648515,0.04313678217110221,0.00734085596220207,0.0511824440429096,0.025359563490201565,-0.00427036913653184,-0.010186288785890469,-0.012338147766442941,0.041344278683746606,0.12748809741819572,0.17688221629977402,0.20662122714063785,0.21717869133327725,0.1686512481620513,0.1406524167252626,0.16298577445698306,0.17507158151084404,0.16652650641041203,0.12581316075724755,0.12506087119528733,0.1804787759724626,0.18253003893169203,0.173527614313703
0.1090490915917491,0.10762804017623734,0.042113588852447266,0.08537269271578728,0.118583104780257,0.08955616272737384,0.10808768260581339,0.12042585902141108,0.10498797195657981,0.12320065187525868,0.1424261637424104,0.1174430964584089,0.10795273026255635,0.0720599631777021,0.03373410095845727,0.0035049879039662953,-0.05753523759080601,-0.20332606803740896,-0.4594646989186123,-0.7966514975095896,-0.9996642605338256,-0.7958937875795462,-0.44838088942040194,-0.23513751285178278,-0.10416752021537926,-0.03537116922964227,0.015939370425481846,0.01930743529270323,0.03555413821150121,0.04753959376508947,0.05548291133673777,0.07954764366085824,0.10249719933919188,0.09135867088742097,0.054054414366056715,0.11042298549780105,0.15472101496390805,0.1945076631782935,0.20920124713113344,0.24096689887219094,0.2460739247667226,0.19464833680562996,0.11048874077306867,0.12094128187861183,0.09829064529231743,0.09088065212846173,0.10331936395151228,0.10903395697340149,0.08511410265356537,0.07957456092891939
0.1164557769914817,0.13613190431482328,0.086701359048325,0.12218724967484115,0.1435628801804479,0.12563808452454014,0.15502783804661738,0.17277687268621109,0.19017319619374784,0.17558974824245083,0.15662585469736184,0.1363675814202202,0.1270368732462296,0.08670854754714027,0.009531451874511834,-0.029714995480866525,-0.11127819355928116,-0.267496919475952,-0.5141644221152801,-0.7908734401345726,-0.9883024013701129,-0.8242192011816626,-0.5558402963689277,-0.3475026971845373,-0.2500305491213176,-0.17064121219024705,-0.07890737903939282,-0.009813035576611596,0.04118262775312489,0.06409904477421136,0.07056427230017777,0.10784584830380956,0.16441083337728557,0.17897287039055165,0.17460492085660093,0.1675446444547555,0.16873718693751655,0.21263270320285832,0.24646241519062026,0.2301910080633878,0.21971534017829264,0.16869152523733935,0.09274956885887226,0.0689901782220921,0.06828426144728539,0.10199070271519188,0.10378601505230928,0.10990796622682321,0.11055307679811342,0.12635251376859188
0.030956474853142804,0.046682103300909945,-0.009763760679473578,0.06252364507496898,0.13903184104426994,0.1564153392410183,0.17601541200361268,0.1911430101900171,0.17918835695987656,0.15151689711794042,0.15092780583002433,0.1320926587636306,0.0669214207537205,-0.020501523695698624,-0.11037367261588656,-0.16406104309225897,-0.20283040912821007,-0.2741173397380688,-0.4572797884063406,-0.7381849220774996,-0.9763094534867629,-0.8463901447134017,-0.5266965053373311,-0.25880264816909554,-0.10566090469436137,-0.05144332789361291,-0.06468353947655175,-0.028579879445702196,-0.008506663101243194,0.03865208709470427,0.116834307882688,0.12187125000310284,0.14428177487281074,0.157326363476501,0.164201786491756,0.2140205268498576,0.23744749074614024,0.173537524685662,0.1633042198319136,0.17409922830455607,0.1961161347374768,0.1936767940946966,0.1616084825189921,0.15488051217088036,0.16076530894567248,0.18371611660208675,0.16392900580062175,0.15264465723338128,0.1596892098770397,0.12816777839782773
0.09604725690387585,0.05590767361422599,0.049239527609958984,0.11405512668278293,0.1775189068246924,0.19973596640465507,0.19868855452996198,0.21490740315249648,0.22013037652565628,0.18501141764069434,0.148269436432076,0.09261022295523441,0.08340001640474849,0.03815646965424442,-0.0010056357381432975,-0.05497814504228368,-0.10470525070330261,-0.21126508267769584,-0.42941252827696175,-0.734914109400987,-0.9873022610944315,-0.8414855002927055,-0.5483238263361389,-0.28867215640064875,-0.14841767576436538,-0.0477016866584965,0.028920856174702997,0.08087509210310077,0.08481679605245583,0.0734535072115147,0.08313245824551,0.1068503005751032,0.12591656608688398,0.12164757202769588,0.12740007792980979,0.13065354559873502,0.1519877484782702,0.15876420999537996,0.151395013773109,0.14939456399028173,0.15252724955838579,0.13599356363169016,0.11241521039021896,0.09831215977856106,0.07372042216813873,0.07134123955114828,0.0641193523070924,0.09375381671225001,0.0879366964429992,0.05917748426781964
0.10074889657644892,0.0966777581214473,0.11134225486984917,0.06197756208063304,0.02715106010468323,0.010212679794055293,0.012340759109346868,0.010119466870214101,0.041002198114569746,0.052779786154410806,0.084855586556264,0.11466187387910674,0.1144574782787698,0.14661113301229278,0.14423032774356104,0.1317194346215263,0.013397232858235419,-0.21159620514373167,-0.5385716546908434,-0.8274586558552058,-0.991266951419304,-0.85002640350251,-0.6046120959260685,-0.39639296025079984,-0.2683487397968916,-0.14073261115289937,-0.0052438034188925795,0.07675580281283889,0.13506643928318485,0.14602374323827472,0.13293283898035682,0.10569285707096378,0.13521815696334136,0.15971237154259132,0.15521359393222284,0.14570170900726742,0.17511150403447429,0.18351174743359147,0.14764463499064995,0.18505911325266433,0.2082613807230223,0.20067169334543236,0.18006985524077668,0.19210407854608122,0.17420188198066933,0.1469307227789727,0.14383480330042847,0.13622035943547395,0.13962803053868844,0.15439727397976474
0.12104701059657465,0.08579709939167568,0.09237145226419127,0.09815760249969797,0.11554148336905547,0.12194344860057119,0.14213220248999336,0.1788481855792208,0.19776423552831304,0.1855595413414518,0.18710539925354053,0.14339894518210777,0.0895571477873072,0.02127959229613148,-0.04102561963640667,-0.093455058965282,-0.1507901266772411,-0.25333419465614543,-0.4585221706009984,-0.751231519420192,-0.983281942837684,-0.8439621155466211,-0.5677051733077944,-0.3258307482116525,-0.17242302168366708,-0.07124111551652174,-0.040621331003228366,-0.00034669862945052837,0.06418219315217517,0.1089525143996778,0.11747021513356977,0.13368311847192668,0.149587328733318,0.13590459409599837,0.17901262248694758,0.2205390063651517,0.21655057136645647,0.16298213099059697,0.09453344596021042,0.057639478083960596,0.06559090341873856,0.10379868998937804,0.11736130097694261,0.14653738771714359,0.16508854042681284,0.17904117533543776,0.14762694155007708,0.14550710532935943,0.12310673064295874,0.1385714958862154
0.19636590059848372,0.19664816227429194,0.194577268008708,0.1729282189065044,0.16027811614488066,0.1320326080275608,0.11961618101106748,0.13937662488663516,0.14223053515195552,0.16693498515089794,0.18331346073652297,0.19853595739329696,0.20348874685024515,0.14558159370271107,0.0632772636305586,0.010150371046626043,-0.03394266091142183,-0.15681575184329286,-0.44121296231644,-0.7655722466920131,-0.9895362073041755,-0.8650314268495888,-0.5568714522395027,-0.3001008544423655,-0.12792113055387794,-0.04107677186634495,-0.011290615074174977,0.06451634957924758,0.129478915461384,0.15352153020039871,0.15558969163038155,0.11509338087712923,0.03738974795180912,0.003343766888688594,-0.004341092343021793,-0.006361880485480307,0.058781989595266884,0.12693756402417625,0.12404025829084807,0.11247785744129367,0.10030159760092762,0.10572637264819847,0.06309834509625795,0.0764358022606713,0.06736663093195623,0.05902615011053152,0.0634946886181305,0.08808353976127446,0.10802544398927788,0.06200943644290493
0.1415670757759804,0.09895569128192988,0.08102856667516585,0.07727185707763724,0.11258465423634216,0.09850870833281125,0.08981862149027767,0.10090237729473864,0.08561448877835466,0.07095038799012973,0.07249277687143245,0.0357955202770531,-0.007396374269009441,-0.02971587029617007,-0.05458655327461348,-0.05786229042686591,-0.11242407227362271,-0.22592608179380372,-0.43743642582653913,-0.7323255966906211,-0.9840624541717795,-0.8575270737963836,-0.54591291993363,-0.2758855250413221,-0.1245361326671006,-0.08209171950400923,-0.016112382360843457,0.030196722648186854,0.06392128771971295,0.13656511088844306,0.15712940530343447,0.15813857258657857,0.11316109559530442,0.08839088987524568,0.13053112227893446,0.2064598914350516,0.24775648863559968,0.21699876523306125,0.20029311788768847,0.19430761867733548,0.21326698840261027,0.18052427748778047,0.16518173198026884,0.20255441984974024,0.21024081730025432,0.17115908636928187,0.13139587573085337,0.09568177282104949,0.057049343164573066,0.10740634437347192
0.14174090606372058,0.15800504721728442,0.14193697683622647,0.10773834269708553,0.14998975278924562,0.19243167416724552,0.20105298531032645,0.1705076128378121,0.12575106166280775,0.11998465318301726,0.11284640430528362,0.062472950025543324,0.06973789806847285,0.04731309156612284,-0.007269128796943859,-0.06438110920592482,-0.14781025422776872,-0.27655641947643617,-0.47330987009297515,-0.7812556653150661,-0.993886477813941,-0.8007563216842993,-0.46506140077863445,-0.24697901798827349,-0.12991039923049463,-0.06429601082849883,-0.014477894158534779,-0.00814895971460366,-0.006362841277093028,0.022293793492974754,0.04051225689174258,0.06031654202328492,0.10640080582475919,0.11180579416887068,0.1369653455820977,0.15899510135326023,0.12150108704022625,0.10309427180950413,0.11259837196523975,0.14053589653543153,0.17323016697529164,0.15821417204440563,0.145650380003279,0.16934131142186787,0.13496775006820483,0.16643389528993785,0.16565608267922544,0.1550190314198193,0.13952970728550393,0.15589064998436644
0.06925335477837899,0.062916127668907,0.09701576993938725,0.12710156757020544,0.13447672832477683,0.13082521576841408,0.12549325538223963,0.12146914629381662,0.13893481069770872,0.1392769266650252,0.15404602580710833,0.16260687377496458,0.1651375701712666,0.13492782957772376,0.09999718399223108,0.07046877607695329,0.020230915618225376,-0.15055001663546463,-0.47038378909542966,-0.8043366381931305,-0.9934243647717221,-0.8515887608644717,-0.550512984385391,-0.2831622596993323,-0.11315301057557911,-0.027456249177262203,0.03198099438524136,0.06998229007977952,0.10441156144808865,0.1183485807205946,0.12737962199621675,0.10610839684469078,0.10329759643357143,0.09391479213607776,0.10527430694549962,0.12636664492609828,0.1492370822772856,0.1612984016532725,0.15870283571810198,0.1511840383793279,0.15136862070623025,0.13543729315184036,0.12901038392353453,0.106709051383007,0.0742116829091027,0.045462810731092734,0.022964827027032335,0.017841738016010106,0.00466161909375156,-0.004765175594997482
0.07566793865012206,0.05826603619751003,0.050506682877081044,0.08210714748264829,0.11816297950627251,0.13650667901302158,0.15849821548259396,0.17835967489005644,0.1981689051607258,0.20411425133667752,0.175482286918869,0.12419287529666138,0.06694129251229812,0.0010719657910661332,-0.025415560425616077,-0.017788508429394178,-0.0603228327055969,-0.20181596485961806,-0.47303897145851154,-0.7892417636319063,-0.9962460559632982,-0.8211469322853189,-0.5094983245690481,-0.21672963953631888,-0.05297020437146333,0.00911033976647801,0.0816066599851646,0.12553168223909322,0.15409305226762376,0.18923346482227396,0.197525205048287,0.1603393592796981,0.12510689187044585,0.12647597273546454,0.15245854576183307,0.1530614874052735,0.10800204193595392,0.07865078309641489,0.05429801836677158,0.09783822839354028,0.10806412194719124,0.09865825358747089,0.05608553513464617,0.06308832770671369,0.07860868416936091,0.08378622649250589,0.07462454670910651,0.0668181438327753,0.04840338089510032,0.044698873671299065
-0.01071050354480489,0.013793322008978615,0.042213292186933336,0.1200106513844445,0.1345765144557558,0.12046219546107764,0.09244600160191227,0.1174152133039751,0.15488342820135861,0.1420389975824547,0.08833978443447722,0.06893296353728205,0.07267367592697863,0.08326413882226562,0.06705922592480931,0.01412385097980757,-0.05103877618175436,-0.18156943876235637,-0.4179158341292784,-0.7699628157386771,-0.9923407301803704,-0.826782557734248,-0.49647002873561175,-0.21685347344331518,-0.09383259136153825,-0.07374809702397646,-0.0055318879824400626,0.0733967338004543,0.1081292886713656,0.09000882683494717,0.07419759748966184,0.08930613923982438,0.12692621220444714,0.1622128734745363,0.18306517312835646,0.18177249215455024,0.13861246069129202,0.13736150131558944,0.12783590994235036,0.15716435242682072,0.16626275218302353,0.17434579464274166,0.18015926111155456,0.16840355778800148,0.10634426033557191,0.03903452132348896,0.05084579242498817,0.07647180444995524,0.09256896559023849,0.10009720778209989
-0.07362111210325456,-0.05003627552371503,-0.06735993881717396,0.049590462361326325,-0.04630889141466191,-0.09724346341470838,-0.09889164102117697,-0.09864405721785971,-0.09291583373023662,-0.08109228413374187,-0.08459929357392364,-0.08959025785876537,-0.05957331249136485,-0.019555452611717053,-0.024215092353906738,-0.06311235896266505,-0.11157122220488636,-0.22267847272286406,-0.48896634408995554,-0.8175240529368287,-1.0,-0.8554586551903467,-0.572736855565824,-0.2965996539876889,-0.10840536781166511,0.031168640734395167,0.14847076980025484,0.22795101487382258,0.3342571781299058,0.3997147758307444,0.4109224116704385,0.33888954704587254,0.29752383888805933,0.3015081454627296,0.31246245586083116,0.2842451265987137,0.2597379911682324,0.24204651933450683,0.22460863035161502,0.19487617437607246,0.17896782605910733,0.20161887894475988,0.17575997712985142,0.16542422428656345,0.11935956595131622,0.10625752710800826,0.09162726311942358,0.10141602270797478,0.15259033357990925,0.1697045883644962
-0.10073816692862214,-0.048994655264004136,-0.0017426380639438894,-0.04421878797499845,-0.030972535238716813,-0.029941413873778112,-0.024847639481754,-0.025906418755876577,-0.039471138868119496,-0.027775992501138446,-0.008054704854946304,0.03554022390569543,0.028306081257205615,0.023629094425280148,0.007260282106694676,-0.039076969654128775,-0.06716755143945674,-0.14520544042363295,-0.39363183125564244,-0.7838028897190799,-1.0,-0.9145262748368954,-0.6894575709190609,-0.44273040788756185,-0.22274794328048,-0.11177045239044847,-0.022559170724669442,0.06487375388617321,0.1486386799862011,0.22264758790239003,0.3119699371889737,0.3909898171329021,0.42241544822599636,0.39532253529364936,0.3869681875693727,0.35959128441177496,0.35657175870520064,0.3188223124993949,0.2721321634118903,0.23154867322058278,0.17684005696915714,0.1246109150937573,0.08802079952222082,0.10908801119434489,0.11092623045487594,0.10659396109895883,0.0816113938651516,0.10124768225120792,0.1590181175814388,0.18015560517646387
0.06915775719012557,0.027802904915226013,0.03630578413781482,0.06627844042938638,0.16464064691151664,0.1810444344132612,0.19088422780832928,0.13675428875383736,0.10581203545500475,0.13222156422083456,0.12495007203829551,0.08880328344754794,0.07722144702192434,0.052337214223920084,-0.027650113555090606,-0.0990674571911697,-0.1745187618338625,-0.291553281610837,-0.47493380106369587,-0.7881663841139515,-0.9924372150544803,-0.8325042965848645,-0.5226281604645412,-0.2437144120372124,-0.08103838013707995,0.0368263256496471,0.09510457114873629,0.12439791211510598,0.15392926759858336,0.17088894735015792,0.18142468501526424,0.1429989505278327,0.12001440662334868,0.1697647736511146,0.17438983686996615,0.18451413617928944,0.17975088413610252,0.14336740084615582,0.08196955722244255,0.01995133270889466,0.009319765121086402,0.08227437522423875,0.12822490769679704,0.1286761297355143,0.12144006660274499,0.09313752946302845,0.10932134537565873,0.11962760344920781,0.14105302228876257,0.1616304300800796
0.14963055210932732,0.1624628116364813,0.13352994345582056,0.10306382567654597,0.11211157840872603,0.08785172279729714,0.08368476726626908,0.09941114577745461,0.12554252888019013,0.14339619967847558,0.14368852296218151,0.1557149921101258,0.15865219160087715,0.12998777686589078,0.08636967527253785,0.062312485533324524,0.01855011166344298,-0.12791022744994707,-0.4121199937333878,-0.7940933893024628,-0.9980203719173611,-0.8475529413105033,-0.5770825871803283,-0.3262755541479493,-0.16778182668858982,-0.040711982927396216,0.03630076843926906,0.09706248201769162,0.15807809257115696,0.1705200066713103,0.15908527812415904,0.16971196898228236,0.17727492278430018,0.15932550695616435,0.1498467761189506,0.12773047608817029,0.14585851019796317,0.11364834283741965,0.06617701032232289,0.023001266462199896,0.021611948952670712,0.031202411655897308,0.030107623260046026,0.030728506975333483,0.01071101464261767,0.03410723926009105,0.06840016483254993,0.08621575179992336,0.12320918270579145,0.14567279030467623
0.06487195623947817,0.06557138968153005,0.05515179129393389,0.06255052571390159,0.07189994251270371,0.08387301356613013,0.09030839660727087,0.10042759287756514,0.10923156117287539,0.1183274948774059,0.1282762348528228,0.13811281374571535,0.14707967951034406,0.1457702129911211,0.15083517057119217,0.14281940201594595,0.07897876031142989,-0.09429164089816926,-0.4207450951556438,-0.7930442257112782,-0.9932601455321463,-0.8583651084324463,-0.5727323478797616,-0.3137243474805834,-0.12173038067774106,-0.0018383458689391697,0.0679160055410997,0.09896988580913257,0.11935425888779552,0.1371651845800863,0.1456988814880607,0.13813323559405444,0.12783750586506754,0.11184622658421126,0.11845864531204704,0.122080092602492,0.1272247116088178,0.12940922666535024,0.12385751492481745,0.11759651767563743,0.11017734053088164,0.09199607927474246,0.07445747183776395,0.06687090498257882,0.058318314602397316,0.055597939758343255,0.06361096474725018,0.07790398192334236,0.0681547302181671,0.06301007808120597
0.06561397596619588,0.0483312186469198,0.04280983286533417,0.072117626939182,0.08178465323732215,0.10408428166236283,0.12750648363185005,0.1220734017299593,0.1369198044484909,0.1404751984474266,0.1454862814182505,0.12902895526695402,0.1306179550429018,0.12925285586000507,0.10252689651781013,0.05165564756472454,-0.03844902748881717,-0.223600356970291,-0.49235786083367494,-0.8087598242406377,-0.9897887310306448,-0.8046420863980737,-0.47500239326402915,-0.17240135578955587,0.018647408267831306,0.08776043049486723,0.10955112705992691,0.10100953403775619,0.10472088752382347,0.11500220968753869,0.10722951923896995,0.1070455660726095,0.10547223439585664,0.11696722823394183,0.10945978906576379,0.10199029976383822,0.10464692152860769,0.0894793067340778,0.08772474779036372,0.08418364767602857,0.08207445246098903,0.07219907008216714,0.05758602751105844,0.04641508133360345,0.06810890110556155,0.09385617343875947,0.09046131617112824,0.0883925484898778,0.10167376805250158,0.12305837055258603
0.061480592708694014,0.06325066855292305,0.07250571842373603,0.06295149796646184,0.08928917068141703,0.09157035252335993,0.098771290689755,0.09987887502313025,0.12878510533099835,0.13278989798765203,0.1349841980703634,0.14129237484579216,0.1444351931690127,0.16230971022009727,0.15915046580600103,0.140012243811194,0.06001346873979457,-0.10794148521070329,-0.4133659740023926,-0.782822533973691,-0.9949785426513744,-0.8503127137907821,-0.5526805376877981,-0.27265365192151403,-0.08384567959935861,0.0072889999453291734,0.0482748478894621,0.07352792600183986,0.09096799169391982,0.09700999169282969,0.10153890566628138,0.09718892609104385,0.10600935187348352,0.11675256222988278,0.12773976396829592,0.11959225249539575,0.10469906292951202,0.1235248689813355,0.12736051418334973,0.127243981241971,0.12973291696700714,0.12840550332462095,0.11498474037884779,0.08914475051524708,0.06873203497671936,0.055935220437089976,0.04407681677248447,0.03937226712917143,0.041744618242560004,0.034281478659551924
0.07702260337075309,0.04326879754331248,0.10248580746406416,0.07405515702358703,0.0821048267046262,0.07019198562652001,0.06592972383653091,0.06892296415021174,0.12322512047293292,0.15971317647813266,0.15594229632705695,0.12358440810123777,0.13228542284573827,0.1356139705377041,0.13487039834359735,0.10524959599030646,0.010774376291176375,-0.18018851284637116,-0.47459827436498564,-0.7993290062384303,-0.9991830065359476,-0.8814890994643435,-0.6069073974287871,-0.39595771978922717,-0.2254435898584177,-0.14333156622016294,-0.05592020403729376,0.00920522789770499,0.05274527627307559,0.06737168901018463,0.0791340388422863,0.07943595874309907,0.08411373771818344,0.13405270900219754,0.1601683611371696,0.16754746092714531,0.17882816466432672,0.19930087628194484,0.20287762494923056,0.1726292910235985,0.16091825658256934,0.16720177357255786,0.1732675850950642,0.17771134678996428,0.16717729746805188,0.16616880211904952,0.14062573688519844,0.12808978449154898,0.1201004893357094,0.10843625686661705
0.036267540064342366,0.05093269484141268,0.04394964937003878,0.028012484605651367,0.015691002369933413,0.02640175160304876,0.038279327675181246,0.043377660387444374,0.05057771578790881,0.0474899531160616,0.04823790312388925,0.052374126201168755,0.06337410087889908,0.0883001052426207,0.13011033723772297,0.19521471638441165,0.23336254803030357,0.09910967233385358,-0.3002814414460495,-0.7761777741567817,-0.9986805250538255,-0.8619553604340334,-0.5808961037390605,-0.3341709331291271,-0.15087954429220146,-0.010745717386064923,0.08436026713239302,0.1522664966281453,0.18589234397626886,0.1988342529861791,0.20977883263365052,0.2093096280266097,0.2035646458332777,0.19344380390469845,0.18184856250995554,0.1559931771417319,0.13609583551403168,0.12296925149247492,0.10214243498878674,0.09050508289484104,0.08057819112142138,0.063418179943791,0.05362908384099716,0.050915233791940025,0.04306222022676202,0.036186105967783766,0.04020131014451223,0.038414072659432766,0.03928017387575572,0.05003492314780998
0.06750364691338545,0.04279208110009845,0.03938783383465214,0.052125459761541884,0.058273746657187805,0.073871521232702,0.10118885714203388,0.12331557238185659,0.13263634267678145,0.12296812550358532,0.11162800132778374,0.11913927159221428,0.13340653584312234,0.13484016538145357,0.12885613675322813,0.09873851613542245,0.00840212599568426,-0.17781656499008855,-0.46013649173236065,-0.8037251102595618,-0.9953368832494608,-0.8400923270787798,-0.5505540411360751,-0.31747419917981623,-0.13706331300511182,-0.020700447011674006,0.06547426051271155,0.11370524473467757,0.12491498534528565,0.13609279689147596,0.1418699267876253,0.14254776462646035,0.1448956540411591,0.15133197281200078,0.1525971798995122,0.1559148180649773,0.1531352701650083,0.15251250270025019,0.14696939950503854,0.1418813757229061,0.1346889389337888,0.13581919088730154,0.13190920287271798,0.10904350856741589,0.09228168584102867,0.06291753285337068,0.051324875235662565,0.05090159482653896,0.03228689988942635,0.02880885569385477
0.15677288114723326,0.12021402188363135,0.1574488783378766,0.147672769339117,0.16968715499118106,0.14669276512335236,0.14133274809427254,0.15695665613255436,0.15661168747966595,0.1495651570386369,0.11458578857143689,0.08030903372590505,0.07272236129153714,0.05978301085643377,0.03478127581844704,-0.02456671409104039,-0.15603377927372472,-0.28520258245205066,-0.49781413356929466,-0.7860531731909773,-0.9836282998272016,-0.8094504830416527,-0.5287244045362512,-0.2778546853860843,-0.1389234631301653,-0.06632110200076362,0.012409115713866204,0.04409906864317191,0.05087169643455254,0.07990581416655526,0.10412441241663783,0.0980295209233308,0.09926511425590485,0.10722948924413399,0.12022386733171948,0.131785737581205,0.12801881514171085,0.14137500003678097,0.15641974093480518,0.14793344347520052,0.1197749693663255,0.10257777409259178,0.07760561420158085,0.08120117894990393,0.08720981418807687,0.10968099273894973,0.12589054624587914,0.15817282708128777,0.1966292294836001,0.20900284802015465
0.10404928754227427,0.10446961539120417,0.06028632453947834,0.050523558060317865,0.10450824707997318,0.11572171022492071,0.13917037537937313,0.1332787135507343,0.1208788239486291,0.08051643019435599,0.10148280626531313,0.11442956236058537,0.1362763475164549,0.12507089307712965,0.10437348366330262,0.05903784357766464,-0.06049700567768607,-0.20652673547734426,-0.45437574990688206,-0.7901728024627795,-0.996247735613231,-0.867122253769326,-0.5951506591205679,-0.37807038361656,-0.23078322757173222,-0.11908358335061837,-0.0392495759876803,0.05010608469201061,0.1389299082590184,0.15351737600324367,0.14825335367565745,0.15984536295127397,0.15592429926831794,0.1444476488624521,0.15439311314745027,0.16108974843117174,0.17601344717599585,0.1634552535498161,0.17421030816513786,0.18476785302834048,0.19667377486121063,0.17320027958882914,0.15303359216428178,0.13313976546223508,0.13242354089016012,0.11925957351700157,0.08561115260576033,0.05513385267532575,0.026320533576987836,0.04345586763101797
0.06027749695627605,0.06410874136273309,0.06886433740079795,0.11545648034005904,0.14482305096342482,0.13144853471776424,0.15027181497836942,0.11326197525182151,0.10377275384569135,0.10813291948104811,0.11555705244196186,0.11398309539550003,0.11100480874680317,0.06727503922396426,0.03386959693015215,-0.03530637703432609,-0.1329514441411516,-0.27348423843165504,-0.49350808204459834,-0.7856773698618948,-0.9895365223067647,-0.8316532736952491,-0.5550065717381896,-0.34316949623476845,-0.20035305311339757,-0.07649775249951771,0.00416435135257214,0.04088799191593686,0.10460493904307665,0.12210615730496518,0.14314586236162097,0.14118393305479987,0.1621790117278936,0.16936416540168503,0.22285627725801896,0.21581909597050328,0.22137580702914664,0.16887289015411025,0.13083441035973611,0.08533677169398492,0.08512427977252003,0.08314935267541025,0.09710954581101619,0.13465038888249187,0.15628506382483282,0.1530296149646281,0.13709329605281853,0.15738475327872725,0.13512247308303882,0.14335605009161168
0.10594975743712126,0.06347836140497955,0.09841430008683782,0.10456991237164835,0.11922403359336303,0.10663442131755504,0.12075770177902743,0.09969241959058471,0.09078245444857232,0.09431425501553342,0.11075064016942407,0.11385839368713722,0.09574073234265523,0.061522341608072906,0.009668225931119438,-0.03077334517828343,-0.08916354533324758,-0.22190353962581233,-0.4653543210948433,-0.7917517670215791,-0.9936601423906857,-0.8314760158418905,-0.5285242515768035,-0.3064359700245492,-0.15058280355434106,-0.060763521596018534,0.015435967922357952,0.060380050633430195,0.0786822224159944,0.1071129553561193,0.13916223446087664,0.12631911956148126,0.10885837435320615,0.1061446533294186,0.13162207309357798,0.14363840103111697,0.17849432559366096,0.17806161623001443,0.15568941006173026,0.15464318638012559,0.14810810812176947,0.15371596928821687,0.13250559368028028,0.10842394245403965,0.11658354644394799,0.15621799122037353,0.15104346714287387,0.13683160944963688,0.13866175289249197,0.14869470133768084
0.13582416461637595,0.1425036867105812,0.13925405264023608,0.09471699170344128,0.09263106714682237,0.07817403246583866,0.07675736853671541,0.06669580749099306,0.058328187830738565,0.048818604240222954,0.048222172777875126,0.06174332047719474,0.04900068917231574,0.010113609233321306,-0.029031844475527754,-0.09103076578565725,-0.18395068663040887,-0.32375273279935923,-0.5319468667294996,-0.8036774273521478,-0.9839020120546741,-0.8288572793323716,-0.5477158473582787,-0.32755930141628675,-0.19948523390185355,-0.08541929356312798,-0.009894964599323684,0.04193967764740214,0.11513407546417037,0.17157292023203183,0.2193287127601872,0.2237400743109629,0.20462545298527585,0.15199238986117034,0.1428726609286416,0.15899690825620355,0.19553179344387397,0.2173045332029314,0.21615388844364955,0.2007995728135888,0.16903401094499565,0.16192116358180683,0.13328404315405984,0.12822183917029661,0.150425307464585,0.15616174725951845,0.167649390120708,0.1795379424572825,0.17479789717398753,0.16241449927851467
0.026115300105518612,0.06100894325429341,0.08200688155665538,0.09346630875996857,0.04833607204294538,0.0568798224300981,0.16602478626221218,0.16942366306556433,0.19144357953934302,0.20046169596383215,0.21915430625095542,0.1995306718742327,0.20115015073620188,0.20319107094253355,0.16917137208889232,0.12342478314964679,0.02548135254489623,-0.1863140798445828,-0.4382719760736844,-0.7894856695613235,-0.9955225639212913,-0.8180048874589402,-0.5307781230411465,-0.26122430140771724,-0.08447916631832694,-0.010463065844035007,0.01141959353433349,0.0363336048738454,0.09057804284313335,0.09224129504803659,0.05946852266905478,0.09265992878770987,0.07936893959782766,0.17447301549163538,0.1923579987878646,0.17469837482504721,0.19733731065974033,0.14296008833522156,0.09297061637737429,0.05609499002151162,0.10284921661816501,0.11337395098885661,0.10939891344114569,0.025872927895297694,-0.000655900622782813,0.01862030833039004,0.030611237981952154,0.004708826068033637,-0.02156714511804875,0.002098415467912551
0.08927152933910801,0.10461418018795043,0.05996632739625617,0.11020084165734008,0.12793262616118653,0.18781540222138665,0.21596663224429405,0.1871640393149385,0.1339382893661971,0.08680590753770165,0.12326370100967932,0.10773982151684212,0.06137324935951912,-0.012792062197525482,-0.07511488427498175,-0.12250406373452576,-0.17244793806393954,-0.267769137322378,-0.5053608031112186,-0.7947153877715923,-0.9987401574803152,-0.8157032719932424,-0.4550931382307796,-0.2181155502339112,-0.04485766463002307,0.007382184968718283,-0.021348584755924768,-0.026485070049516012,0.041994532156632826,0.06513524813450262,0.0777424208840674,0.06946334289138263,0.08616578008564652,0.09018523646878,0.13449469062082525,0.16805590126244424,0.17841568452418155,0.25691319343367114,0.28140885679612426,0.24073668286155311,0.2057559174587328,0.17683263701057123,0.13224469463517965,0.07316470106870435,0.06030568080594637,0.15074868607512923,0.16214146492978884,0.11784458705275283,0.0862325217058563,0.07163052070628252
0.06406995953791707,0.06301439057361395,0.09272930538228547,0.1480358272883365,0.1839837496927038,0.20576375757403476,0.19560850005297767,0.19152635124809742,0.17607162797629183,0.1936532149864529,0.1856943381577623,0.15788976121240114,0.11477112263872065,0.06421968335548096,0.04758281746635096,0.025579616290370488,-0.039066661301506315,-0.22419323538121452,-0.4849041536505665,-0.8037204250980834,-0.9968128813635126,-0.8493319544584129,-0.5423000651010474,-0.27481628554621995,-0.10851605221030294,-0.059035876660084745,-0.01919844625573372,0.012907731557790483,0.022528580783732193,0.032407741587164585,0.04506092501531269,0.08361545950886766,0.13201031972080451,0.1390071568104713,0.11678395814166724,0.10699171366975614,0.12313876573364456,0.1247110852544778,0.09640839026984394,0.09971459002631529,0.11915658249915935,0.130035376683825,0.1239439728444215,0.1293036030683732,0.11318597693202254,0.12363773786524644,0.10763053063683661,0.10044841760967517,0.10185035568051481,0.10722304169296479
0.012359421771886824,0.046408100863079865,0.05905274009195382,0.14297846305256973,0.13745041188103377,0.14068758331025,0.14349255045724865,0.12700868876039825,0.08464023936891787,0.02930122472606196,0.004756964901468696,0.007539565531837661,0.04906175351701572,0.051389597224991285,0.03004481502981584,-0.016344107332596922,-0.07127910283657946,-0.18304763720755354,-0.43843133679478474,-0.7729262848779244,-0.9885469174293103,-0.8088104411438315,-0.5122469442034996,-0.20652990860814768,-0.06479894112669572,-0.007815324705582232,0.007740654462350071,0.004352181737658833,0.039089128864348684,0.08457147810725038,0.1320011698023222,0.13863312318028376,0.13682971713973385,0.12436048118859365,0.13305398035300683,0.121547682409714,0.14303930412412244,0.161061194227849,0.17243453969820113,0.18968079360375437,0.198348310468469,0.16997411929936246,0.17693651908070154,0.1803003641032646,0.15328909436264263,0.14226021574132514,0.0956469792253895,0.09034670711223546,0.10558582973432223,0.10352125775107437
0.07325260821920121,0.14230419226209096,0.16546443194971314,0.2056643937652506,0.16229541830782915,0.12730262406714274,0.1147852107461243,0.15915709364293992,0.18780534446690159,0.15791598533493895,0.14970789833777612,0.13163158275454478,0.1350450848114025,0.12972850710979303,0.057260411128265847,-0.03020050789980833,-0.15552338739334454,-0.2679474875144368,-0.5078544372365454,-0.8043020128322041,-0.9880290269611735,-0.8041680415643995,-0.5745316418435589,-0.39546156376668806,-0.24111077144654636,-0.12310606717194043,-0.03388849612091321,0.05254288689031998,0.09312424109796998,0.14353709920908148,0.20453644920924227,0.2315913222639922,0.1962466518733689,0.14140652099908374,0.11385864401456515,0.16164530718665504,0.1637184711196195,0.15806874977392835,0.15334629920055537,0.11670415000513584,0.08066955161593843,0.09213179358080956,0.12792850818596163,0.12318518506807459,0.11884608861423966,0.08874226542077551,0.06591122724270389,0.0552876986142049,0.06762850350885953,0.07614504015255913
0.14785720471244496,0.13472357317680544,0.11785987930902818,0.13315815248540244,0.13148996776903515,0.151409999841442,0.15440168365394188,0.16496302743259092,0.1828191926635059,0.2035900167191928,0.16731583072030057,0.10373709990864373,0.06702212875326065,0.06042008605968984,0.0270029174932751,-0.027689701493165308,-0.13282333823043013,-0.24772707482002843,-0.47203030282169556,-0.7847857682267267,-0.9956563001102969,-0.8124743456593821,-0.49265376638186503,-0.2838525416307742,-0.16958070713303672,-0.08186187037768881,-0.029505741711065247,0.016904693042319122,0.05113179887828347,0.10605432669524274,0.17913253253774386,0.17747833422427858,0.15680313327994214,0.16464066455483858,0.17712487586521325,0.1843785029619145,0.1950602243796793,0.15276496821011945,0.11817454841288305,0.08780868394817239,0.04722774182323712,0.016291644417935427,0.012936962585860984,0.06407006288172201,0.04265514205566008,0.07067428135317813,0.1416001554168009,0.16895716921501805,0.13673411781977182,0.11426613333778084
0.039649389962304014,0.05207284646530159,0.05654892372475833,0.09462003697384079,0.08066357584578528,0.09045402779081319,0.10549939361047098,0.1742831047267909,0.2338862472855009,0.2561297865621542,0.2357398048869996,0.20240779325725955,0.16163473089015118,0.12369761924989967,0.07423561439085866,0.03492111946487914,-0.017525332523744386,-0.18793167108684689,-0.4337504820285833,-0.7921896784882829,-1.0,-0.8257191466198971,-0.5433590735668858,-0.3065083977286269,-0.15525668086121136,-0.06587802782851045,-0.03671730627461193,-0.03356618109357872,-0.015420588511599557,0.04817716944963656,0.07249027114355927,0.08635433105409104,0.10908354689820082,0.13743475701771699,0.13931030798774338,0.13430201169863526,0.11757775431518228,0.12083275996164454,0.13166830937961155,0.16386205173250093,0.1754280637899621,0.16688315531448897,0.16249015539031247,0.10410752806973883,0.09999781749091584,0.10502349089991542,0.11252958482874952,0.08727704352354577,0.05350043596845855,0.06904800561000167
0.13970513090276104,0.1306784396145675,0.198486437179517,0.19173679370082047,0.1438928001537384,0.14860431333410634,0.16449059354295434,0.16320094833405113,0.1955157233828954,0.20715584082550367,0.1912035896112771,0.10397928512733044,0.04348559402587732,0.0003930868022296471,-0.017706347943606298,-0.021860928917984447,-0.040255336091417744,-0.1941073278504345,-0.45296267518921796,-0.7821478425504074,-0.9920244508409966,-0.8519769005618313,-0.5504149103623548,-0.30463620303505357,-0.17337252696740516,-0.08780821751163237,-0.03885677509836851,-0.0029832481133190277,0.066200545599112,0.12840768044136072,0.15252225928511476,0.11938824974607576,0.11525228172121534,0.15317229984557176,0.1523335072756549,0.10718992626552196,0.09418983191313836,0.08279528404402685,0.06977434594741237,0.06503221794079031,0.11146195380917201,0.11332328676971266,0.11632859404278213,0.13140962856561264,0.11407918132508439,0.08520628061840868,0.08653440083871816,0.10739134018355613,0.14894284838373908,0.16764916993461887
0.08234206190975743,0.036834679703846886,0.10331799989303905,0.05735184165632557,0.06568308015683985,0.03677869056027692,0.08560129166384167,0.10617276276180712,0.15753208070216146,0.19294949406933412,0.19962040325217842,0.17766573586377646,0.09314547724306678,0.009872810678653404,-0.0832147198468469,-0.13379779500184819,-0.18109925625633974,-0.22898846274269835,-0.44245413497521474,-0.7554472741469292,-0.9887209564628922,-0.8330141357789694,-0.49079513671663605,-0.2583383543675597,-0.09531882014108382,-0.06125458412948274,-0.02293424991237786,-0.004696874133678566,0.04563774319965689,0.06672728717292072,0.1617670460699373,0.17520044352157993,0.21220831413490704,0.2393691727151396,0.2557750695565701,0.2292222204635818,0.18009584745679802,0.18469595273637293,0.1846299342508459,0.1862929237134669,0.20304302166720398,0.19677432025468827,0.11336195141685504,0.12452487918163871,0.13093371252499472,0.15271426155022488,0.0898475881243592,0.03332917732976164,-0.004156414985532792,0.013211892441681609
0.14010523294315413,0.14915844289495664,0.13910935868280144,0.11590076732119658,0.18018682232895247,0.186258283512704,0.17034328333970258,0.13168946935572803,0.13346870746568976,0.17485927223660241,0.20115432124519741,0.18075915464242925,0.09924841817977924,0.023476973749818438,-0.026130162506847052,-0.0555818492819472,-0.14391600792590623,-0.2816312792135041,-0.48900640680213786,-0.7792042429422708,-0.9883643955900717,-0.8249597845334605,-0.5641370107692818,-0.31814314495578283,-0.19921933281584456,-0.1485867125239843,-0.109682044049971,-0.05783669424115195,-0.04192329102021389,-0.012322103637253033,0.04656508573772033,0.09815644490755776,0.13884214524047503,0.12263157430172891,0.07887139266695971,0.09780714312604523,0.10627612741624193,0.1144354232047954,0.17919433229371082,0.23877253175647556,0.26422124416439013,0.2319294450684642,0.1729997747463748,0.16047869123371702,0.1539276682868469,0.15817764042058008,0.15472426127972227,0.1602487658960726,0.15681731317325845,0.17984894998977877
0.14093820462597106,0.12343534843209211,0.17252185250833169,0.10485968709140732,0.07395450191254642,0.10345922662059542,0.11839283730200227,0.10637281837722706,0.10538827969880436,0.07264827818736634,0.051593911063015876,0.051687476812165456,0.05597860309995425,0.04034816032942768,0.02387151287110847,-0.03958583228164878,-0.12473002371258579,-0.2691598770252609,-0.4948598244060828,-0.7931092029894679,-0.9863768446429502,-0.8348128329574296,-0.5364856039517164,-0.2821430663704465,-0.12533167289450522,-0.06222807053319821,-0.0269682240888896,0.010594169159989513,0.050154874788947645,0.12639481228974048,0.15742504198426363,0.16800764277942984,0.17730711853840098,0.17492256187101582,0.1574378227094726,0.15062166007335637,0.1400730943648533,0.14226434686351266,0.13813479108344015,0.17769743944083635,0.1944276420899327,0.19096048130587995,0.18048796593867042,0.15650863640658033,0.1527153923250572,0.1574720210682288,0.13272256126228588,0.09917358720402013,0.09329712544772374,0.10153958792652747
0.1029052485113089,0.0909072795883728,0.10298297143168426,0.12073096593056572,0.18979285799683776,0.19172119755613443,0.19318210381815507,0.16294942674169638,0.15435413863556047,0.124002730872873,0.1400894332985469,0.09901643688497674,0.0713217376333159,0.03880850262519119,0.00437643798924029,-0.026968075360674883,-0.09267598694359916,-0.23113310733211792,-0.4692458442220429,-0.7944787060176223,-0.991853557209173,-0.8240384409226723,-0.5326713186250011,-0.29054820049572344,-0.1523220400402937,-0.050213980373099945,0.02405198895574798,0.08768095965035914,0.12759914691392032,0.12882974900383987,0.16495970536063248,0.18193492074821174,0.19056290964770864,0.1747796680382712,0.1269509856503871,0.08337288929010801,0.06344895772781103,0.04826913427622193,0.08190225365051168,0.11089596646745929,0.12983864481341967,0.1284111687752506,0.11942083071478053,0.12126385618851107,0.13133323104019495,0.14823330251959269,0.12495691421594074,0.08667000000756532,0.061628221973500576,0.022012382397614588
0.09140920567560258,0.1040341052268698,0.11419374511364522,0.10719278969323191,0.07677688932282697,0.06867651388945963,0.07732339497596485,0.08879238839033957,0.09943026420309144,0.10075829208336845,0.11584338520329117,0.17109709721496774,0.1816070322826222,0.1730022218566871,0.1590734299493636,0.09660485774413487,-0.001837080177187432,-0.17255083755075906,-0.45766236008712946,-0.786530414313248,-0.9898339848834623,-0.8226589189106815,-0.5440112380031423,-0.3315437473816643,-0.19823791980831854,-0.09058953667560836,0.01708156567991071,0.08862149103724506,0.1331200629254929,0.21060272910725542,0.23719736694606985,0.2156028709515774,0.22285194459823746,0.16530746132177415,0.13901115166754907,0.09437990995535252,0.1167567009310986,0.12219996601560652,0.13046671425494166,0.13765617902363533,0.12459415503427229,0.09588476656933435,0.05968413390091393,0.04442639612113185,0.040141133872576104,0.03632096547171985,0.023097088049048642,0.022572443222451135,0.01494774319563594,0.07711548511290299
0.061790047425311995,0.046834619156951966,0.06019756692339829,0.06539763562678219,0.08413706508809643,0.09764725157276274,0.10010036530761393,0.10578621730888803,0.1254392778887574,0.12737899185114895,0.13480154319412466,0.1531979207030447,0.15323300675748716,0.1645853924397353,0.15471637382844972,0.1250371077951269,0.09429929982900552,-0.03277224646983252,-0.36750515272030937,-0.7797083075431942,-0.9901411947926334,-0.8455157053265322,-0.5536689632097747,-0.29358995016498396,-0.12348913441938945,-0.02050038647308802,0.05123221745679865,0.08154055416745977,0.09601510040355311,0.09640587067155505,0.09648861911408496,0.09538825468961876,0.09380126418315822,0.08652621536283371,0.10194782570080446,0.11973637817568523,0.14029639341689998,0.14998493080453454,0.15747401250988588,0.12806168239823967,0.09664505247807828,0.08612932410288854,0.0748449142732097,0.0609576370595376,0.0632185634208194,0.06518723556003427,0.05177327788034092,0.04518628586274263,0.047321097334985046,0.0661486513953044
0.1100345758320816,0.10079620205299372,0.1252571628071708,0.10323754297792238,0.06393467864111105,0.0382105773044201,0.045931366870092596,0.06704506464342339,0.01990230059618148,-0.05161417667486788,-0.12820964950227332,-0.15902550628926393,-0.18183423230578724,-0.23003197233356892,-0.25972160310624015,-0.30184808988347617,-0.3496274939952216,-0.42827872725631694,-0.6327596561540566,-0.8812267875390659,-0.9957922419460881,-0.8989056192973528,-0.684118672824988,-0.43819078664984923,-0.19917324542358358,-0.032411369371883755,0.08575798293302486,0.18256662363563916,0.26131774516982187,0.3251976627123973,0.35470839713898084,0.3832342873745361,0.39506267799428724,0.3838860472480359,0.3437119626551942,0.30551258885275784,0.2910922309699092,0.2942039983920798,0.32237569813530986,0.3393992339412071,0.3477363772963404,0.30899189587477643,0.2857652083770517,0.2264082384203645,0.1824952177524807,0.11803258655362735,0.10519361427356982,0.12535360289453246,0.11941500323523606,0.09100147699732643
0.08458855261680176,0.07760051060874756,0.07046511432017351,0.0670528675641313,0.07492661632173596,0.08821952498668906,0.09302340465528079,0.10597802648201303,0.10996794936316429,0.11882679357216194,0.10801995074612998,0.10898214461186624,0.11165837892699011,0.1201180746885709,0.13196640959327557,0.13252116952239085,0.07682251301119732,-0.10692257682383736,-0.42612570598082034,-0.7904906267013991,-0.9954785762127939,-0.8634958992317159,-0.5993738244283627,-0.3386535040754561,-0.1415796811548354,-0.013713423950185235,0.04039753881653572,0.09209167488937918,0.10157533043964988,0.11745740671738061,0.11526718270958992,0.12813523615003994,0.13306652624543788,0.1363019593230724,0.1258576498689846,0.10568485940201536,0.11143787412968653,0.10918737173214317,0.1021744839694458,0.10877742487963148,0.13899167307575222,0.14918804609232206,0.14972029443209778,0.1294496651939374,0.1062496007121378,0.08368037825025826,0.06595731257389117,0.06742063238471536,0.08084293159242682,0.09618276338755437
0.05704819150852908,0.04623946422770434,0.04807447212812391,0.04685656081373261,0.028648172612218817,0.020836012232530492,0.02581340929878355,0.018476389350365285,0.02038362352864509,0.033515610777092676,0.049930182303783675,0.061114200226255744,0.07410072953000833,0.08191625421349925,0.0968495718616823,0.1302531454404109,0.15656412245314383,0.05671153399178414,-0.31128408839959987,-0.7824587934317865,-0.9966071985946293,-0.8346025276658776,-0.5227104213766038,-0.24937137128590825,-0.07960580143799183,0.010814945444945876,0.06378405312017776,0.10925716335267893,0.15224642865194785,0.17702354842057913,0.18515855206031923,0.183750276216714,0.1767572509349312,0.16732479976574008,0.16147756863428558,0.15503659612190038,0.15436597603617946,0.14609503842713947,0.14363539775467263,0.13125887340758133,0.11058846459231854,0.09448432028972752,0.08106297129929671,0.07833212730760639,0.0682417907994539,0.05446870556643761,0.041680770096300813,0.031236476301375205,0.023964356717792144,0.021262104374001684
0.09688914315875573,0.08261586412514446,0.06830310614465775,0.07541712077787123,0.07393082812867985,0.07672142592666252,0.08973980186940354,0.10543110854782532,0.12805424543991886,0.13023263551433897,0.12772044263493157,0.12023677196777044,0.11317780718084582,0.11545009946681833,0.10883794908108663,0.0733995869260302,-0.03477671948717678,-0.20469586413683952,-0.4758659410280717,-0.7931393508699275,-0.9949002979716778,-0.85030620540867,-0.550089995242814,-0.2960191013748555,-0.1354233177322572,-0.02609435045589821,0.03775637168973294,0.08171910511229218,0.09485808175054479,0.11187188735182622,0.13430721427481468,0.13537192923971192,0.143078536778518,0.15245255952621037,0.15462918172645834,0.13697798911605039,0.1291273075578357,0.1216453348233494,0.10820863840755156,0.09903514604534697,0.1114761567240765,0.11951803962869903,0.13205205573861017,0.13804176706123378,0.12112494377949594,0.12104967419679544,0.1202903709053132,0.11426558725392204,0.08940720274715898,0.06688812538189744
0.06519959712259737,0.05395636121102597,0.035712586547478095,0.0828351451004112,0.09058223333741314,0.064169770214878,0.07129600759318391,0.09458602172689805,0.09967223885939572,0.0934804026505617,0.10179002619444948,0.11932673595190539,0.15276555886371068,0.16345305390353845,0.17688363145051617,0.16567292213451607,0.1335299503654376,0.0492673523460294,-0.29740124715973965,-0.7803452119466907,-0.9984108967082861,-0.8522881664148292,-0.5642390542873601,-0.3211427143653246,-0.14398957606794696,-0.05241952309608879,-0.007392931936654136,0.03170566125390346,0.06513238272777726,0.09964758732879633,0.13087961165586579,0.14166536780746794,0.14522548988799072,0.14598503067608198,0.13759172953811036,0.11902285639035155,0.10305125882315513,0.09561271168695554,0.09028864387517449,0.07694395336967583,0.07715532401697602,0.09100953294389713,0.09734146355716637,0.10270169935365756,0.11399103804689278,0.11100829520806839,0.09230478417124544,0.060481365055599666,0.038716745767679014,0.03598719326648517
0.10694222101545399,0.09950089921935172,0.2219781250058154,0.1522613946458272,0.24322643089030724,0.2490790596455326,0.24315226944504684,0.18317631796190503,0.17637220157606953,0.16051212390498876,0.1410991741429782,0.14106471343964647,0.14961895757532215,0.13718586102602776,0.057629018752828415,-0.00014291893741350377,-0.07267829676334152,-0.2072322930045318,-0.4934539951606207,-0.7930393298483273,-0.9989814107461169,-0.855776194512089,-0.5531671495775334,-0.33835527667329357,-0.17177817608903428,-0.06167186092425355,0.0013567968096870244,-0.0006483055167158471,0.01903886628251129,0.05290109747815753,0.06807416242488666,0.11927431632928721,0.12151313157639534,0.11711786514321713,0.11201470252586669,0.08064239035415907,0.03296809539713662,0.02619502284734527,0.04002258678877681,0.07248794379728815,0.08265309052944866,0.09831222880333212,0.15325771154334614,0.16429083634239058,0.10952955088614011,0.08625281976727169,0.129558369180542,0.14256190158725962,0.13214169140082882,0.12196126171089554
0.03165079229754518,0.027407109188515195,0.06744776143868711,0.07820252703156215,0.09107583212968554,0.09637135377239012,0.10593195930010361,0.10850477903701775,0.1205159850462549,0.15591831426213415,0.17307502567618036,0.141378300220859,0.12206163981027869,0.09768304372982059,0.05670179492393792,0.018564886434969938,-0.06221359142779002,-0.2159340266631306,-0.4644594252529413,-0.7989944754800459,-0.9936393412884045,-0.860371086343957,-0.5915698090138601,-0.34505895163610206,-0.16902416015193333,-0.058149484568968055,0.03672942135262216,0.08434382047263271,0.1033279930261241,0.12895590251565003,0.14608231915982323,0.15056846782409478,0.1436727892422321,0.1439385688318379,0.13738255100694438,0.1457105826754406,0.16667248012951663,0.15730058257095902,0.15411529804654553,0.1556718271521066,0.1459270191760226,0.15057388092843751,0.14092510024041893,0.14783260523293804,0.13817319531361957,0.11955548388144079,0.08380772558868523,0.08371514696842595,0.10731299709396125,0.09462748909671155
0.047163938099585447,0.06072415939628935,0.06939481864289787,0.04452169449506067,0.10447770396165015,0.11356776025994991,0.11608151096974195,0.119703602854275,0.14806186873735097,0.19058435328201023,0.21465378100653715,0.22109904324255472,0.21223509108328836,0.19757412339562283,0.16111795243921123,0.10905992105004583,0.013274542184787453,-0.19076450708183537,-0.47955919489097565,-0.7981726236647975,-0.9977771114095282,-0.8249958668186658,-0.5274948310431057,-0.31663469141382106,-0.17873270211817235,-0.06679544665308668,-0.015253773114693295,0.02030927302716186,0.053763028700267626,0.05347462588271951,0.06388612133578772,0.058598658536957504,0.08273160564836764,0.1287916818451384,0.17821009515679867,0.1832379973033421,0.18127004236562083,0.16576856876137672,0.15008479266399763,0.15555402500550614,0.15636656791711132,0.12264950515380181,0.06649676091170723,0.06592337672852845,0.05328130919157763,0.07890611721347222,0.07758900923884343,0.08123893878697451,0.046827642116436176,0.02792513961632718
-0.014795075744571451,0.03337867212607353,0.09241273179204361,0.04614212711141032,0.14748821370974602,0.17181906078536263,0.1890180292719788,0.13177771366184696,0.14571684140037539,0.10653538201664481,0.05988524058014009,0.012673124464509754,0.013912894449513232,0.044626960220225574,0.028434764385259347,-0.0069677107180221715,-0.07280479832280502,-0.2436119879546183,-0.49834844492187436,-0.7918988179178508,-0.9848498743955195,-0.815397335959873,-0.4856871756229991,-0.21599701916219938,-0.08052813335618318,-0.03428914756354128,-0.02512362402186178,0.006552279534728214,0.05586403844291164,0.10843150830360453,0.1631442205014839,0.21991225840262274,0.2157852957725534,0.20928645719444905,0.20975331725180196,0.20580584479159905,0.2247107832347049,0.200750050929426,0.22122593421467082,0.19870534610915908,0.16735600385612134,0.1258162897838432,0.06429705056631077,0.025321671414802755,0.04244342246573789,0.07557975229647279,0.09691128690198371,0.07111433449234658,0.07767209943656564,0.06003814378888929
0.12356616412173375,0.13367032913362936,0.09276887027373425,0.06981146883902635,0.08226373780946326,0.08898403247374558,0.12146533708364168,0.12070690453440937,0.16022555169231406,0.15379853859802506,0.14431292054866807,0.12513330800382108,0.10762675389844184,0.08760767249888028,0.08084916955746183,0.06919545378553367,-0.014771063241372446,-0.17399657795203124,-0.4642774016847921,-0.7820469791169804,-0.9935118894310804,-0.8510416939571197,-0.5825531092475674,-0.33107874681296656,-0.16146008606619675,-0.0664017342087016,-0.005398110210396724,0.033430124045326685,0.04379799456257258,0.050438214705192025,0.07149158232805772,0.08690492002240285,0.07823785395335564,0.06410412840470563,0.08002373650235033,0.10257124356159086,0.13949750146992607,0.13998322518769776,0.1256616242341509,0.1429606338835366,0.1442601465304736,0.16752798388376172,0.18895353629426118,0.2048553433348071,0.18964809897899504,0.15981504896519433,0.1272320922939477,0.11705333686699923,0.10366041180506755,0.10244239726230255
0.08644656678474907,0.08681816537190895,0.09694358918293644,0.09836769737390921,0.16255568086683883,0.15060923253163017,0.14804508617079518,0.1434343725597318,0.15258279840148972,0.13169904705349342,0.10958789498955436,0.0893211957462617,0.07336944978920737,0.05748579483487882,0.04799761303940532,0.0002269729318192616,-0.08779186950041842,-0.22532721511290582,-0.4659554827311683,-0.7645920955940192,-0.9929634721966338,-0.8649129114728815,-0.5349532242299949,-0.24536952200643405,-0.05559861515493376,0.05579997203129644,0.11225166128312204,0.14320130493509714,0.16854741642911378,0.18301167888210187,0.16931311337167346,0.16566422108980883,0.1481808547630224,0.16538612536977743,0.19147362082033179,0.19123910103550554,0.16326426822760703,0.12021598718482643,0.09141936188871398,0.08157704199131528,0.05105832785795825,0.0381523635321424,0.02851846304197099,0.04963082799183723,0.06586667862353389,0.08202234414234537,0.07686421137057627,0.03740063895985323,0.000783579618018496,0.021130085929231355
0.08112163176426357,0.07970692100120959,0.10650173784913089,0.09819905661062316,0.1125354679895824,0.08496196413481247,0.09794283219852155,0.0898983011488813,0.1259275222942393,0.15505177172258633,0.18653479658977706,0.1682853549682314,0.13088326445673584,0.07954732370521851,0.033906413366591094,-0.022349915825973083,-0.12189805383057187,-0.265288909053253,-0.5075690528335572,-0.7815749452063705,-0.9836214870794512,-0.8087366983595762,-0.5495509201663791,-0.3385168144942046,-0.23856615362274627,-0.13156304037064007,-0.06148615043523008,0.021214085768842778,0.07727776249412689,0.1256320917538484,0.16127241996732622,0.16576976722853018,0.17414405509066885,0.12722355393517987,0.153489736548269,0.13345333573945947,0.1441172848236809,0.14971234381315088,0.1780661023945715,0.16646990324631428,0.1754892127247014,0.16097049143624761,0.13830053196679873,0.14756095272180333,0.1442788735624186,0.15694110448255827,0.11526116775729722,0.12779343410134275,0.10830026806644787,0.12697930185396372
0.0485687917585023,0.09998318421554546,0.12621286334515802,0.18332542790429104,0.133040299713453,0.09879435211037915,0.10313267066219185,0.130586493939285,0.18501959902446252,0.18996900132107128,0.16324698358939724,0.12499135515536841,0.082682422833955,0.01770972265526758,-0.04332409946995966,-0.11363951513247697,-0.1623740957449999,-0.2712383050172866,-0.4751336726976477,-0.7710445738808325,-0.9872646626743559,-0.8573258889549669,-0.5521986074225067,-0.27660968327357827,-0.15219248908320077,-0.062235739707519847,-0.03649974366368907,0.029573248192301695,0.08663823321126649,0.10725745037607658,0.07429031325931885,0.04595346703866595,0.03096802417033526,0.03135480410535288,0.07661584565287564,0.10472991679874276,0.14222803684118313,0.1505710270557996,0.1548439467376493,0.16716339585707884,0.18359610588470063,0.20426042448056897,0.20018579939953868,0.1689112646827237,0.18368831031635385,0.1851219387344459,0.21720143165316044,0.19892255468901493,0.1706004868655042,0.15914188249203476
0.24542613535036065,0.24447246466631667,0.26250304036483046,0.24468201556267818,0.2563278290113016,0.23018545991545863,0.21508466408247318,0.22424464072778574,0.2377047464749404,0.22846331235681935,0.17152751849986989,0.09079226347364824,0.07367974503895368,0.011898367863370927,-0.08310597601667541,-0.1489583859228618,-0.20687942082092645,-0.3279872970911977,-0.5181409246509655,-0.7770101976948408,-0.9889663693483549,-0.8293382513479959,-0.5334491010358033,-0.2858094097332944,-0.13139660788010815,-0.002840599443152483,0.11145543986549497,0.13778566452896757,0.16985979352351113,0.16599744879403422,0.13554680718230075,0.09159532853316822,0.0727729142167897,0.0499226521737349,0.03891999723235757,0.021954759150804196,-0.0014734883618564456,0.018790343504854725,0.07637158089765447,0.13353013534029576,0.12957817416260053,0.1290952449710837,0.16006860709680512,0.1604522845832889,0.05945646401475127,0.002102254757759819,0.03189491002787503,0.05273805310644608,0.06518189499269471,0.08329307330195304
-0.03867121099881926,-0.02741493193539562,-0.002355003012159293,-0.11121847074821324,-0.07565125472982336,-0.011789859837926507,0.05874607186784608,0.11787181255981671,0.14867241800182973,0.16124591151366335,0.11449220469334807,0.011730220747964629,-0.08302118742438058,-0.0783522467747442,-0.14133773800000765,-0.18815267012881481,-0.1835058009583101,-0.26502538487893923,-0.4926231821025105,-0.8108163815566318,-0.9967955720632137,-0.8105288657780613,-0.49996370800140466,-0.2608746613151583,-0.12548429776580217,-0.05033572503858066,-0.009439141416102916,0.06267241338164141,0.10414314626757554,0.13873066424102404,0.24298220065844875,0.30345436163585704,0.34523826599961005,0.368495103460433,0.39958423395224957,0.43170154541679034,0.39674236772424026,0.35959741326539946,0.30325785672709793,0.22023587862757685,0.13459305032057997,0.09998960766921053,0.09890493977803277,0.14757566098981306,0.15276409251926856,0.08979103175620612,0.07026942519626958,0.08384454302574913,0.06555280368281628,0.03047804878464112
0.12446072527572667,0.07072503824463704,0.1154203315470659,0.14014473729524957,0.20034063912562589,0.17767697748956882,0.12352019645335781,0.09827155871160295,0.07785831692028636,0.12168066888532644,0.14115630851020772,0.09825636816867243,0.051693308844059975,0.0221979084531534,0.05572970417279678,0.08647488927256618,0.0439957162317972,-0.12757586799635784,-0.4654328219324528,-0.7907449213262171,-1.0,-0.8455902689991645,-0.591850451791465,-0.355241189257668,-0.1897878361381391,-0.12471989405040988,-0.11428916172891113,-0.04058909824605367,-0.028410878950544647,-0.016861417974341514,0.06316964813194666,0.12922031404025058,0.1614431467855617,0.18109545314490924,0.21317933449641785,0.19909663736260264,0.18573336271015828,0.11066117509300302,0.07758060960111919,0.06771976016438248,0.1384207839394001,0.20487065851996325,0.22829680847657524,0.23409420461625094,0.22825186967017763,0.1597125694759581,0.12845354495693057,0.0756443950149421,0.06892405266344742,0.08592208592602735
0.17568486034706168,0.23595274103849526,0.26240628356914536,0.13529625398639072,0.07630567772858331,0.049831758526363505,0.04481421769516935,0.05681292593727599,0.07004202717005649,0.11484284156505581,0.17539108081599172,0.17076695734551403,0.1380796222664632,0.07123321937504162,-0.008185502764798177,0.008454335996769402,-0.04587915983380362,-0.20170766050241143,-0.44822566689103444,-0.7932081711323014,-0.9934413580246912,-0.8442104095699053,-0.6014510320056757,-0.3372159351802504,-0.1544808974934652,-0.07004299586091688,-0.004253081567911508,0.05501318204046144,0.07727019923181831,0.11897116294633214,0.15727236627282398,0.15660724783769325,0.17002805556524667,0.21066674137747235,0.21364969110277499,0.17281373917444817,0.1376948622059835,0.07878950886995179,0.062149486856609794,0.0827333068755047,0.12397840579956752,0.1519875991762495,0.10480146944595149,0.07993041385420385,0.0904109656697254,0.08255733518505474,0.08817561414832265,0.09389027874206687,0.07564441165920185,0.13135102342632343
0.05742008299206263,0.11811441884071158,0.07553966788857616,0.07168951781256819,0.1467260428251221,0.20788747020765044,0.21614992202813935,0.23105881886951427,0.22090607522359643,0.17406195510265204,0.13582410360722025,0.12410015212785314,0.09633829401934392,0.04608014270628525,-0.0392787478235413,-0.10513646555623439,-0.2155190173574811,-0.35377086128760765,-0.5335753845062825,-0.7901629859094313,-0.9894747654098731,-0.8441395741997081,-0.5711337279451959,-0.31080989774909007,-0.1725596253449389,-0.10264636705739565,-0.09650312648932846,-0.07710898227050347,-0.009033114407465364,0.04642955100848737,0.10569726910613968,0.14999853027312154,0.19887770615532693,0.17059055696803802,0.16399629933958332,0.1986964974498603,0.23733553615187097,0.20770424602030757,0.20767089869096195,0.22593528565640142,0.2019048340414471,0.21281647254618416,0.17488837323318918,0.10721460751522031,0.07314262407261451,0.1152999731553876,0.12325602030081122,0.13671887405199237,0.10258447297334675,0.1281973503524893
0.1583573470597126,0.11135339600687794,0.09231798391259212,0.13188234128016943,0.17365219971046467,0.20397417846131008,0.21184677952889308,0.1954075591558459,0.16439202387004206,0.15423902884913113,0.11178814011520496,0.09162613409694752,0.019955794720581694,-0.00021160024236236932,-0.05429519602867398,-0.07194250874059861,-0.13151799927639293,-0.2462885752674031,-0.48346500375145635,-0.7978462025432228,-0.9949666134373913,-0.8192545306683393,-0.5330406501190804,-0.3501051215538627,-0.21604775501009377,-0.11987211114294247,-0.027037365669492077,0.02476859667022008,0.10435406439702877,0.16460513147185454,0.20583911486549966,0.18182596497338896,0.13996540147477626,0.1221905032139474,0.08385846664922408,0.1197901906605085,0.14796962745006312,0.16131361638946679,0.14624327282950983,0.1728925476122163,0.2008323896859109,0.19542098507318434,0.1377501209074615,0.13232147849528886,0.12885385315532968,0.137096249378473,0.13470890653657203,0.08922987658089036,0.0541490846319023,0.03911888358082172
0.17470366965719353,0.18490834660769367,0.18789775425695995,0.15464554322226387,0.14247221435057053,0.14405234754754687,0.14563241922895398,0.11838179727002388,0.10965660624311975,0.10017623130731425,0.1041906636186171,0.11965909241016223,0.10479347846213653,0.07015776680695765,-0.0037521433653483127,-0.08253038199239182,-0.15172689321802096,-0.26989760818776404,-0.5122351725510426,-0.7847868871619615,-0.9914572260176693,-0.8879753220657114,-0.6308863560474472,-0.4089418015871908,-0.2656256748335552,-0.14569542171305727,-0.05369204352695121,0.009353113867772591,0.08163955957974901,0.14907796582597102,0.2039607559707314,0.21166305835916294,0.2219696377536597,0.20262223261031156,0.1919178627302098,0.14621807216299726,0.11870561516259355,0.1197988576053325,0.11840457588612815,0.13330018483133324,0.15792171903442367,0.1867770813734854,0.1483843643579062,0.15632120068346753,0.16687290871642907,0.18104573276241695,0.14979111783999882,0.11122582006792385,0.08849234637277105,0.07241121772382236
0.13247925174849554,0.11546951866807274,0.12922451501936624,0.12981343789804262,0.15179838403870938,0.1573074086082236,0.16517834691295652,0.17626391521090706,0.1665311158371689,0.10907684807796614,0.13457836709831153,0.14710085045158308,0.1323432044970728,0.07412930296903918,-0.015038639692985804,-0.07803880666800012,-0.11850675274163691,-0.2590860430407359,-0.4948285497374578,-0.7880546713544331,-0.990672898073098,-0.8375721704556228,-0.5777722667610743,-0.3102305732618751,-0.1533301154288229,-0.0451970306255929,-0.018202527052948194,-0.04266987558430731,-0.033310721088698536,-0.033521546857127035,0.003354031014194098,0.036135795702958516,0.09147962062947979,0.10827910773869696,0.12269004187407417,0.15746530019020213,0.1842557800096322,0.15976322318409028,0.14500502124733927,0.13632710929950326,0.17309475609033118,0.20242150699990782,0.19880443006544846,0.1885588548075033,0.17993772686452655,0.16358329886243753,0.14830266817239543,0.1571153696654154,0.1490645343515423,0.169100544618823
0.05197456578014429,0.020990158718983465,0.03782044777935726,0.022848020425228655,0.05597561122147655,0.07556013421543686,0.09041581561465548,0.07572321878959655,0.0972940847920376,0.09570259048771448,0.09918538768520989,0.10114352867081933,0.06098529498390342,0.008380551035995236,-0.0071486828676503925,-0.04712947735017476,-0.12461533388034417,-0.24304099763343806,-0.48982432163359185,-0.8226284432414168,-0.9985994397759104,-0.8678166445389986,-0.6362928157053372,-0.40959102836026196,-0.22293462025060987,-0.09997317875460739,-0.020746885119575054,0.037356212829636595,0.1387935651942495,0.24832433022195488,0.30442951279352065,0.33072550405315043,0.3370328836349269,0.2783010475125669,0.2835647664153485,0.27682750207689566,0.28891684758409303,0.23674419796380294,0.23490752170964435,0.2399120731351428,0.2317583484798651,0.21606106243850798,0.13743163064544964,0.03598994882607846,-0.055726781965678686,-0.03589235815638851,0.01692561188275662,0.09158228463989941,0.10166001269386002,0.12071673430207423
0.16136380267975411,0.1543577986710371,0.16252871811351768,0.19612535431243105,0.24815463721604672,0.2386218059051682,0.23190865528930868,0.22679723410723704,0.21098921011061758,0.2115115216670354,0.1586935491673515,0.13581499233803937,0.08705642342815859,0.06054504664784185,0.010332895396734721,-0.04458835345085688,-0.11765921221631398,-0.2465795023910928,-0.4190439249369693,-0.7564698954792237,-0.9909400567131781,-0.8302482824119275,-0.5425521841451744,-0.33620387791702155,-0.22523194814493255,-0.17710826828900425,-0.1170522264302271,-0.05839982380121836,-0.0132560451124918,0.013259997836989865,0.02589690707336867,0.05369527012979128,0.039654187470073377,0.03718536467994008,0.06409233005423655,0.07604150939622921,0.07647689435043385,0.07180655933797696,0.10749810539799005,0.14562365586922427,0.17600475138099048,0.16451423608379395,0.14479201604606215,0.1428067031776378,0.15563348020516993,0.15569323393044532,0.16095102523978203,0.171917998886595,0.18732547476620423,0.20966225507641706
0.04801516663573638,0.059721063904195945,0.08440071036394581,0.06805472994631384,0.13124953155790015,0.14076876873947583,0.15289509588324127,0.13840296285925377,0.1456638814857961,0.13594345627351745,0.1375607019126251,0.11616501851776753,0.09239244882503819,0.07520354425439832,0.04000148353336727,-0.004655093125179137,-0.1277070397582068,-0.2618515018050282,-0.4888825359636667,-0.7934956378358158,-0.991980969512231,-0.8037115140826222,-0.5146254155967621,-0.2739053001176422,-0.08963072650396943,-0.000986697668587019,0.03517266148854337,0.053499649244400566,0.09450518877318503,0.10229340117458481,0.14072052915690417,0.125329882419703,0.14576067074957738,0.12626450804930167,0.1271658519961974,0.13082925543025212,0.14672129947900484,0.1357279135353926,0.14388225286734999,0.17408294167811975,0.1789911515286918,0.17104727936873682,0.12818841593262015,0.13522563627165388,0.13194894659346312,0.14500457506983427,0.09049391377598928,0.041754044536132094,0.03671209538290587,0.043671802774594204
0.0937026034974575,0.04728962262389392,0.06276366232790816,0.10529905729419944,0.16877945246883694,0.15558546996224598,0.15732340877667422,0.15054372924592574,0.1405854262603089,0.06854911279980119,0.07373550985505392,0.039001805370253856,0.0076642674640412245,0.0001564340546436146,0.014466737608369352,-0.014044231749898774,-0.0870997296469794,-0.1911014068065983,-0.42277014911999317,-0.7680434410831894,-0.9961753470391038,-0.8192295557223541,-0.5189832532545303,-0.3108254559688657,-0.12189772372240926,-0.00958116024692261,0.053684950303806316,0.10537351860468462,0.12507403430935835,0.12976070228690706,0.09091293459054117,0.03296225133985546,0.05534612253019076,0.0690933045224087,0.10237421289731514,0.10441478540003554,0.11532563661004691,0.16061516725826183,0.14823619984634606,0.12897303026070445,0.12305783083926482,0.12847224030257692,0.12189370576538916,0.1357444289675357,0.159246120214944,0.16718092254560651,0.15620127978535392,0.16236035905895715,0.17788633831031764,0.22011507820082288
0.16765902633385796,0.11081312700800851,0.08138421899785593,0.07957069955010186,0.0648932519488855,0.08605907124367601,0.13752910074411198,0.17183605849656278,0.15395188157292466,0.13048408072278758,0.10366817598877154,0.09492029876911094,0.06600907759593864,0.031628777820815586,-0.026936900243108047,-0.061040634508701,-0.05145662953807295,-0.19119202118858172,-0.4546254563970014,-0.7824908348861683,-0.9936788817885004,-0.802413821128642,-0.47184017873508105,-0.22642834724945138,-0.11725609190681528,-0.08455454085065606,-0.0162464366898134,0.03257282783023496,0.08666841109832041,0.09606185213462816,0.1353433569268902,0.1614753668186867,0.16675855852485352,0.16594153107727866,0.1757324886978939,0.17501844953543985,0.1839353683840821,0.16276890980994477,0.15196466000785136,0.16994971885842028,0.1379372222569545,0.10577515611636036,0.08946639193938803,0.09540925475096278,0.09979430592321527,0.11478654193757797,0.08949583183928701,0.05917655730640561,0.05353606711614569,0.09018509942636084
0.08352568769259199,0.10001876798595873,0.11438429865087983,0.03957633533894982,0.08311059020791144,0.09703020694504862,0.12389292306242695,0.1792134419770026,0.15988389323813249,0.11028317568279265,0.12034413448058813,0.16084078894633094,0.1599757068454757,0.10952130564219598,0.06288950676230663,-0.03236669853970886,-0.1911096163279107,-0.3579319826436116,-0.5533458742019701,-0.8341637800487655,-1.0,-0.7915510411101279,-0.5113697724423257,-0.25842053723140745,-0.06607209255760026,0.01556438289829066,0.03375688219593235,0.042468048342604044,0.03416733288618672,0.03378116024050042,0.07057100884508581,0.12606700197010925,0.17082896412442913,0.23273930229644788,0.2703153375851696,0.23284605712907433,0.17181921564247718,0.15140565757923397,0.16578191290968544,0.20500799912171289,0.21082191220059723,0.14264534345564686,0.12637779728970755,0.10489461330751311,0.06552976840733511,0.02934760023289242,0.020550296020126115,0.06116463053174062,0.08247162305560742,0.09091678337672922
-0.029020324921041507,0.028905249163498913,0.0226294660746434,0.05002686010923895,0.009906457857359515,-0.020462990541730782,-0.014016321239204203,0.0039581165961368805,0.051439253391739874,0.05228644463800585,0.025551840621825497,0.033179072723801446,0.06954261471990068,0.04754567536535689,-0.0006209776049548524,-0.05899976713853134,-0.1300837515737258,-0.29485699623939726,-0.5600346803077669,-0.8378713143763298,-0.9964387464387463,-0.8675289602444559,-0.5665084718100315,-0.2643923411963501,-0.04728940828206291,0.09006236508898355,0.17519143076801832,0.2344514407332705,0.2638945553292289,0.30908916097157413,0.32855366373420875,0.3395413583866534,0.3488324765515734,0.33140269581846893,0.2774632591080428,0.2152366636127069,0.14116252158523881,0.10786850072997932,0.1228869349021891,0.1556950143014298,0.17303935927181316,0.19168004703462851,0.15276031032037024,0.11811649671486528,0.05447191917573719,0.03491108657198459,0.03928893429441067,0.030948309479601928,0.021976860672837467,0.03462863549500542
-0.03250766522356564,-0.008304007913989088,-0.0006737007570869057,-0.004646677220613392,-0.01378782717056257,0.012924082282388347,-0.003417163792313529,-0.03232669656130097,-0.043418780452305974,-0.00976191825816396,-0.018772507185420652,-0.013217574143806008,0.000886771463451221,-0.0029493889317635277,-0.08243526662954132,-0.2109094185065047,-0.31112095003827855,-0.4063057820922652,-0.5553579167772968,-0.8126082336368403,-1.0,-0.851828772069246,-0.5026421451475935,-0.15339123312948627,0.11361860489797157,0.2895318006902523,0.4268402619885842,0.42498011154233356,0.36343131791642064,0.31096708378101734,0.22240711656182724,0.20344942313819092,0.1550233484427912,0.14859174681457143,0.14931610753170754,0.1612884431290284,0.16518456630735476,0.17665684372257712,0.19018159559365266,0.17746233200452152,0.22041788710086513,0.21773063452304744,0.19837272164944864,0.15044716334986846,0.09807203145258958,0.07101400264390138,0.06130763427857302,0.0828686513826938,0.11589298454281195,0.16151835690550367
0.05853685574992748,0.0952096356774623,0.06407453490325285,0.09453431794084527,0.11904504222611377,0.11989195359066407,0.14228644177522076,0.13651979175014647,0.12771571357322578,0.1570922561999812,0.14759521556632957,0.13911751010368775,0.13493128065551113,0.142815974402431,0.14165244106011246,0.1156867067209866,-0.0019280443243351254,-0.20083616835726217,-0.499690914733896,-0.8286323511432241,-1.0,-0.870215681602094,-0.6223254692414243,-0.3783973915193657,-0.21614771543075306,-0.10433725968203042,-0.019294871979212824,0.057290410289074715,0.13358208163338997,0.14932221445076663,0.15769438049779264,0.15433787747450547,0.1011129767820737,0.09443120466176914,0.09845637520706516,0.1394116339627047,0.1384841852339556,0.14888025575274566,0.1554556620148709,0.15908103426401593,0.16968334135129093,0.16253506064592235,0.149323336710239,0.09478095266666321,0.07564732436016548,0.10206583808638368,0.1268344055321761,0.1109257843606135,0.08217638960791993,0.04358747057159437
0.04221704265246312,0.03552833391148185,0.05352712036516448,0.0938030531340862,0.08519842168414025,0.09258721909113225,0.09326563087268085,0.10447785869742221,0.11780140513707131,0.08550554125964367,0.06643617094268152,0.07234138294508205,0.0897569741189292,0.11201780883404587,0.1110014406459143,0.10587886371850275,0.05183799475268139,-0.12715916438493519,-0.43773708667363437,-0.7952990476898587,-0.9989857340790526,-0.8538941413331097,-0.5616611654567186,-0.2935782508746522,-0.09014490137085457,0.0483658338638192,0.11510976081793181,0.13225117972014472,0.12707568876541403,0.12703203107521624,0.12387472278163922,0.11701550500799757,0.10996595502322394,0.10640343789216809,0.10927213129162962,0.12846805098512815,0.16093770540738897,0.16760051903139278,0.17479432402612535,0.15599931866412411,0.12487668046796734,0.09927574573846683,0.09026328611163037,0.08489737720658279,0.07685929094470809,0.08599585079690658,0.09656573733095228,0.08660001696270052,0.05877657753442912,0.03700050165200528
0.05137497650502307,0.10705131528987982,0.11095510103737292,0.15357813667627562,0.24054721695397555,0.26767046758925833,0.27213975291076037,0.24657153201332974,0.1826045446986176,0.13076700992557322,0.09385601186025073,0.08173551038106086,0.057783541133465906,0.03320191826579775,-0.0025227319192726904,-0.04325055357407786,-0.10348289810670538,-0.2603117212326795,-0.4972770450294517,-0.8247532670021642,-0.999609151175013,-0.8299320084471009,-0.5113252811808452,-0.19235210199399086,-0.0027382855369515033,0.06551129656333958,0.08560410563341467,0.08704992875457167,0.06314108721596287,0.07716372817520971,0.08569173417240496,0.11182179784985186,0.11447974979442918,0.12145435969437333,0.1596772893292567,0.16775141795058057,0.14512579698826888,0.13958437563789544,0.12233449649503941,0.09733130281485827,0.09958299274537263,0.07941575225174019,0.057432724652027936,0.07046913616272303,0.07621054484754872,0.05221890475846149,0.04224072519144786,0.053937264083592756,0.034821552024973404,0.0276659461702663
0.09296802172852642,0.09464364821067939,0.11341318389628983,0.11954147499125316,0.11040350894319668,0.11140138152623907,0.11266367980405888,0.11900211092017196,0.1362356581795027,0.1525993480716916,0.16438587725986967,0.1705769306199959,0.1942050810037776,0.1948076460660878,0.16559396193468293,0.09024793048680661,-0.02641762456702847,-0.21680691792616097,-0.5020819406495162,-0.8203557433828964,-0.9954668931254979,-0.8619758032774892,-0.5925716397007706,-0.34302503131398887,-0.16764161938380281,-0.04493966339082261,0.05090468762164708,0.10647202015553227,0.1179747811665072,0.13596397218446704,0.14083000718056057,0.12968114270861994,0.12849071536954126,0.1327758065769961,0.14772091954977526,0.11434196864897851,0.1095756681563483,0.11790411421547413,0.11695778692848433,0.1103030725849168,0.1073203308652174,0.08555202738104989,0.08298199816746898,0.07181817556720232,0.08097743559997837,0.09219865160109965,0.08993918188154537,0.06666592314480016,0.05151169426302198,0.03973135155591195
0.09953268922489383,0.06625776874709413,0.07306041672075046,0.07037766588726585,0.07050687470884583,0.08037872912669713,0.08469615827370552,0.08722924759911202,0.09803441451189102,0.11257542244817913,0.12318423640959937,0.14166660618868707,0.15012348524616412,0.1695495926442427,0.18542009424631134,0.17150598234113582,0.09791859550584507,-0.08103310408213492,-0.41828381563543954,-0.7986945818829789,-0.9917899471478888,-0.8539906747811185,-0.580826876679347,-0.3293460088357788,-0.1364990177895411,-0.010535765253932653,0.06687171821887271,0.09191172488979103,0.10578836190059122,0.11257569684268118,0.11150755475099082,0.1130796881020176,0.13255384003672646,0.14294845107052648,0.14414300392713614,0.13835798254607326,0.1347600705938855,0.124024270340608,0.1167238404907581,0.1098628825022964,0.09064693619478384,0.07686059215770168,0.06810402607251238,0.0703553072619281,0.06813719457409068,0.0699231927648324,0.06781207296180068,0.05244021472053033,0.0512280427801309,0.05836514655647344
0.10705608029736284,0.12017277953298106,0.11045572309510006,0.09473082438783545,0.0929110119943144,0.08012439677695994,0.08766982538015995,0.09290727789494999,0.10094133562123314,0.11478661824655483,0.12729374538918983,0.12283780297893984,0.12120807863126498,0.1159858297597251,0.11461535145256911,0.09696434818298887,0.011910388136015403,-0.16584870001735066,-0.4502027735416818,-0.7938863531455778,-0.9939770139047893,-0.8392175544660014,-0.5573880825442308,-0.31888870892179555,-0.15527422230421292,-0.049858177937704126,0.029770799687523764,0.07469342792095636,0.10661702413530469,0.10693779252927837,0.10282330324777883,0.10645347407459686,0.11800929125370321,0.12249331081878724,0.13673087046989718,0.14756435369377652,0.15577553613758963,0.14728066739734308,0.1378095787555196,0.12975186040936074,0.11503213266341242,0.1240705016487246,0.12496825569848526,0.12297634827148998,0.10399688237199217,0.10084506312970395,0.09081762021288016,0.08491127013625804,0.06980667261080767,0.051834131750029405
0.045619682551298564,0.044526052338661394,0.05624983114334997,0.07449978179836479,0.05224711110159367,0.07158228304922146,0.08340468072483125,0.09421033769564313,0.08923552437559164,0.06776911167988806,0.059011509264162244,0.07108987641782664,0.10602229111134989,0.138695698198117,0.17892161741180973,0.22756728030506446,0.284596785075473,0.21883114781116106,-0.2055121575460399,-0.7728412201265987,-0.9918214449182146,-0.8364026302233097,-0.550882584708087,-0.31187524260704647,-0.12708868454094763,0.00873209236067107,0.055296653721714314,0.05922919315120042,0.08191211047247277,0.08040402939524373,0.08313349690039797,0.10669939553389449,0.14692701179396125,0.16687854918316652,0.1553860580595789,0.11422471677426166,0.0583517839986052,0.05298728990429501,0.04964980037886134,0.04417033460051869,0.06508990583497783,0.10270473561062067,0.08842738736843643,0.05964636335746362,0.04237268709074541,0.05260925759924161,0.049003400649326415,0.04169628609000691,0.04353741007085204,0.02327341271632152
0.10711327981713006,0.11099198251617258,0.11223715218082547,0.1015465193191355,0.12606753706592327,0.13361548404939186,0.13431211933265644,0.11035618085064976,0.11191670167896371,0.11907604642476018,0.13598761259976322,0.13802471661820254,0.14452295883945862,0.13341521597894834,0.10748838711325097,0.055395499874153604,-0.021576222144172496,-0.1786827671114849,-0.44370871822316255,-0.7773013360050213,-0.9916031688630267,-0.8417914848848063,-0.5723966525647017,-0.32171957398106665,-0.14733118934334452,-0.027095647458783272,0.03765519429490003,0.06691291254008024,0.06062802073366,0.08655732613814854,0.11392552409724159,0.13321610223104202,0.14688337072258814,0.11415423922077032,0.09517375056678798,0.08367645974442049,0.08027331239412067,0.0881964242224677,0.12168426280799036,0.12081342618406023,0.12734027771113793,0.11193365850601683,0.11033030433065065,0.11445437104733132,0.12175758202899921,0.12624454534013166,0.10527529002790509,0.10479000899877833,0.0886755288319976,0.08058747359895777
0.04086296328741418,0.06524100013297524,0.05400891580042984,0.06454879280306017,0.1278415609756706,0.12678623819323565,0.14777591229870926,0.16885862158019055,0.17778783589605343,0.15046767708986722,0.1643315123131638,0.13817284536681507,0.08286713713815567,0.05436882350609389,0.027296534188771645,-0.015738313610992944,-0.12593374414520217,-0.27693189093985987,-0.5088014284180501,-0.7831255631380665,-0.9894854668669857,-0.834865099363902,-0.564030112764912,-0.3033591374414697,-0.1318606805679559,-0.008330428053202929,0.10082368950749561,0.15025728312518102,0.1566169035929981,0.19390416146489464,0.22598363031143587,0.23022167713811398,0.20047834675545542,0.15554280653338304,0.1178911804358633,0.08808006176685873,0.10610189437513638,0.08636838644735118,0.08749733298749165,0.0764396796192243,0.07856613009057721,0.0892037343912881,0.10193820390987549,0.11281457183602081,0.0817094570047728,0.06082290010054934,0.06538683680749544,0.11346404529693883,0.129388389883189,0.1417441913584037
0.07762177237515025,0.08451743413123974,0.08458753774699015,0.1424410987069147,0.16476087661240144,0.14733488360871322,0.14128083109766956,0.10857816667882852,0.10733742128560578,0.0859800297623993,0.11189471903081083,0.10185506251161303,0.10054015269621591,0.05413290648894558,0.018367510311455986,-0.0546270475478786,-0.14447726920976867,-0.2859857997630677,-0.5015465582231183,-0.7775342140093691,-0.9854815867945217,-0.8185309974101143,-0.5655724371761455,-0.3241704919831829,-0.1783103781250239,-0.07654745694378477,-0.0010465343545663056,0.0719049402440891,0.12777048965039656,0.1811154832326685,0.22772211237281761,0.24251198204052438,0.22290648963920442,0.186492649251216,0.1824275309962458,0.164212963542873,0.17308082464370905,0.1440571918959138,0.14630993747616408,0.14224163731297665,0.14848761896012203,0.1383949770380201,0.13253217841824197,0.14110258442935986,0.09912459424519422,0.08857283208079353,0.06154922804971307,0.048616688254070395,0.04193385789370169,0.06953157682757131
0.09444169307801933,0.10469085200970449,0.0687052990316541,0.10110710597127939,0.09959251706170529,0.12458761439987763,0.1369952335904391,0.1433875967408901,0.15925238739514394,0.16937041542102516,0.15978123622200877,0.17690032738178468,0.1731484401746692,0.13893746024070427,0.10180654007246415,0.05622180589361034,-0.010442143151370799,-0.16401931549720883,-0.44635030651322466,-0.7888602927460339,-0.9957506175841193,-0.8656552241563436,-0.5511750596146064,-0.30122097076336046,-0.14948573302790966,-0.04995775034086127,0.009467893013750065,0.05043117190717857,0.0887842751141071,0.11307097519095721,0.12206655016693914,0.11494007471665295,0.12023780483159421,0.13249610597680264,0.15855140401684265,0.16893116657789203,0.1364629999536452,0.10042011882382754,0.09903882622220034,0.09932527450715536,0.1113342393441105,0.08526819623524197,0.0724209257704876,0.08267808237833059,0.1009767781748838,0.08750687334368082,0.06479969036837499,0.06087328733903271,0.06072145510264164,0.07318671963372986
0.14872788034368942,0.15244312758162298,0.1334679287775146,0.08545216792711884,0.08991636373376888,0.0965815329030869,0.11722482687633369,0.12929033648293958,0.11658019932721159,0.09369504522023776,0.09182293486018374,0.0761680203105369,0.06827752509014684,0.07747234428262818,0.06654191595981782,0.03407437264925916,-0.07645602055504187,-0.23776857732920342,-0.47182341626763996,-0.7819244692631118,-0.9947757751283571,-0.8485580781860429,-0.5417377981435205,-0.22564724777187867,-0.004106796751737723,0.09143583190444234,0.12201625301302015,0.11696681892739785,0.103681419437007,0.1079319628058189,0.10451080954454912,0.12919852913819682,0.15367442018418825,0.16591332472404324,0.17406993715089308,0.14467210409841003,0.11892664129328198,0.11239842097677877,0.09506754376740645,0.0757311210911435,0.07683838372471499,0.06813292823124006,0.06680444637759615,0.06983462221485766,0.06001783065051969,0.05176380096440441,0.05670612529230309,0.08738960684667384,0.11233540991189621,0.13904336479965287
0.11868239118757702,0.14510073406695723,0.13012470675821733,0.11681238247794644,0.062148168002626715,0.059075081427054824,0.035907478594382786,0.023324263732338608,0.07748368476114123,0.15807222463566176,0.17929206471630912,0.16125304395517945,0.08588558453800874,0.0039902183895807256,-0.0018899376534268787,-0.03652673854484942,-0.13348578882711942,-0.33014446891145255,-0.5335010019605041,-0.8125550733717882,-1.0,-0.8129718937950766,-0.4855583990829489,-0.2528050556795541,-0.09280218950932119,0.005196328967197509,0.05354123149777146,0.0852785806936515,0.12090143232193959,0.17690220944966661,0.2563884877506971,0.27196197313247084,0.27495585737183575,0.22888504780488755,0.17364536717137827,0.16774976881597178,0.15711888138271432,0.16421520309123083,0.14237139378631328,0.10680879415192004,0.06318851403929722,0.11845697615841312,0.16899238199823396,0.17395436450471058,0.16548251088237637,0.12145544787293806,0.04470469266762184,-0.03291968713794549,-0.05414242252839326,-0.020004815753839365
0.12987706966823812,0.08796136788100181,0.07198243163218432,0.09750097884204255,0.13691569033049256,0.14020829624844522,0.14904519498018595,0.14822025193544536,0.1474499563721009,0.1359654893082562,0.11443534784582422,0.09959189072165187,0.07391525734913526,0.02918446996946457,-0.014607381826814403,-0.03689439660140941,-0.09651099249036703,-0.2345759455789474,-0.46931369275409224,-0.7844657652700623,-0.9893103166210582,-0.8220050099288638,-0.5387475226627357,-0.3081698823713488,-0.15857052893337334,-0.05395517025861776,-0.003401529473320374,0.030005847904252685,0.07531974353295327,0.11512511733502302,0.14247827775342894,0.14788665906951357,0.14943379445956842,0.17208364690709446,0.18454361495450763,0.1646825226090756,0.14896669272221516,0.13700895119915873,0.11569424685581077,0.11383134531002805,0.12941006645869738,0.12401825703568381,0.10225609108343618,0.10184281352318346,0.1174821516811042,0.14670066757727504,0.14853382218110764,0.13702688062851676,0.12905469618925144,0.11488853471565529
0.1062715835270039,0.04665275924665323,0.03398767187257884,0.06660263212995857,0.07262411214561323,0.09684918785070841,0.1605976874445276,0.13912412673118776,0.1413079401038751,0.1694380190694866,0.2308884215278189,0.23284129400963144,0.2120647601612434,0.16925567636433345,0.08599664132841611,0.0016289718616543359,-0.08056640157591641,-0.22265496226854417,-0.45143866597761606,-0.7828114965809678,-0.9971480698426495,-0.824619322913225,-0.5378533313701854,-0.31762200056724493,-0.15013347809339378,-0.06267391379341157,-0.044827336134050766,-0.04291631090413657,0.01487261841202022,0.0508796526472729,0.04748801913647641,0.07258144115275565,0.07732121990699688,0.05861842317367459,0.014848377900284768,0.0511270099129619,0.12673560765824074,0.1873685445696012,0.21270080542411748,0.24286945204255955,0.277352994872237,0.22743045209363258,0.1907907034320105,0.1449261866802423,0.12416961992620576,0.11617180111351312,0.10986389575696011,0.09011218877429283,0.06885590802543401,0.04204888203516071
0.232962395192312,0.18416881522402437,0.15405623739045643,0.16426812590132295,0.1485658428044674,0.09091092100856296,0.0649267869879338,0.07660790577720585,0.058086979306536196,0.06696027607131104,0.05834744757923411,0.03833800777968597,0.013455829361854804,-0.0177955080892059,-0.05869691030385347,-0.0756762772348693,-0.14221003560656115,-0.30838684057077614,-0.5175464820978388,-0.7821176274368568,-0.9882566362258387,-0.8201261334616703,-0.5293011763955753,-0.2784727293199748,-0.1460013434983756,-0.050319025676339564,0.06124437117007002,0.14066068449252775,0.14921488852690248,0.1677644477021472,0.1717435559411278,0.13939125817259976,0.06803211902369267,0.13598619382620883,0.1344792893561318,0.13071783599326137,0.1497917113083852,0.12014738916872689,0.15207537402497837,0.1669357581769895,0.17791062867736607,0.14825665667965862,0.18318053270024348,0.16437541733351343,0.11900212509468838,0.14486252710551337,0.0999419604863176,0.08511333973852303,0.14923861313704703,0.20318447769620712
0.13228729444369686,0.07304965037992185,0.10497926489383126,0.1159455998235205,0.16822859611461005,0.12853571864157104,0.15358812418617684,0.16760037528110552,0.13540657047489071,0.14722575808022378,0.15223284744112692,0.13274058622374008,0.09578948083552233,0.03695939433194465,-0.047508267098924244,-0.12001501182512926,-0.1860672870593908,-0.2824846673528665,-0.4824786622135913,-0.7737865771306837,-0.9921790551311032,-0.8469356852880715,-0.5677371977106562,-0.3357544258808784,-0.18683853305091572,-0.11973124809356668,-0.05537763806131314,0.014445251092105992,0.052086595205106334,0.06634541023915536,0.10412597352720042,0.11811995512932397,0.1397519525928562,0.169245373736568,0.21507414957606075,0.2273969270482839,0.24859343957251293,0.2457615006917605,0.21214543600498093,0.13990887692887924,0.10789691900151532,0.09440065347095361,0.11187687204562749,0.12871069544228123,0.12863985715168835,0.1401284095857632,0.10682611445981581,0.1317681807966408,0.15818422008291005,0.19089223136321767
0.08336368665510888,0.12432573114709994,0.11820876835069795,0.15113555668181397,0.15572897864336308,0.17661913636180895,0.18368130920449188,0.20777030979190567,0.21144323297046796,0.1698754951290034,0.1216826123187966,0.1172133948581164,0.043850897038269575,0.012762198918062528,-0.05215227056614368,-0.09894026168561242,-0.15522718922512518,-0.2841736502056,-0.5060076857728151,-0.7968911633484619,-0.9887614690144391,-0.8239180846705666,-0.5311018870117322,-0.32673536573236184,-0.22762235189794658,-0.14430515340557634,-0.10020565090347164,-0.061251252489028955,-0.007985077634793399,0.02875326719581896,0.05694355549443157,0.09257580042084737,0.15029645050362592,0.15002551517802293,0.13301908982786517,0.15370376505875294,0.18927000407325906,0.23757482953219705,0.2609524419944347,0.2828358462903171,0.28400336363979073,0.2451532767728553,0.2136087993982446,0.16633910066557436,0.11849561870530957,0.09393434134677912,0.0879657364163275,0.07828703475553989,0.1052849975463553,0.09859437067831875
0.16869232131672524,0.16061829672310796,0.10605971851235489,0.11998920986347841,0.14210325147929578,0.16542361111746462,0.17338831974811808,0.17326285097416083,0.1597315455116272,0.1375411685546493,0.10948986320526305,0.06633985200764439,0.0509625194531357,0.03216675814311448,-0.027859522702461604,-0.0936300716347529,-0.1373827093990523,-0.24569975157769042,-0.45358431899161694,-0.7674283813357813,-0.9768567150544238,-0.7818259423814541,-0.48288356038043867,-0.2844325919105247,-0.15909552577069724,-0.0688219901763559,-0.0032824960554483596,0.035979024237890685,0.07680105918311679,0.10749048908987624,0.1421051960213854,0.17273305428547542,0.20475510963553098,0.17440241576767201,0.13934646812483886,0.11668099592719075,0.12652326019299054,0.11214688534589187,0.10544463183308543,0.10752141520716782,0.10802984630648747,0.12938708834235413,0.12837449885593905,0.10836486340548729,0.09777944089076697,0.09735340307834706,0.09137895726078528,0.09884265261797598,0.10862884792517034,0.12694468722513175
0.13834172831256042,0.10677823515617596,0.07570254096901581,0.05828212318084946,0.05089436354105282,0.03216703285165992,0.0816320198138202,0.09012775558669059,0.08542793959804452,0.02569988696024934,0.023286582177446044,0.03201033245256036,0.016622180065310254,-0.03068936083160371,-0.07947532835446557,-0.09336671474020716,-0.15836885784966145,-0.29050627407314117,-0.5091483345821345,-0.8027131028151037,-0.9854728081503797,-0.854494710090923,-0.5613192346964488,-0.2989753860748662,-0.14517977074208072,-0.09110419356948965,-0.036706960415003695,-0.022466855511769836,-0.023733787286257798,0.03236854669190869,0.16055074873176875,0.2118075702716871,0.1947041597947387,0.24366613690111316,0.29369116425340897,0.2536935009973797,0.21153125207883533,0.21510164084703626,0.2659770528526007,0.2565028276007742,0.21036741404627665,0.21395849219977262,0.1567233210746216,0.1411850970711977,0.1661439025446315,0.1779331967869236,0.1579748064747836,0.1970592223874653,0.21152496936498488,0.19428393614619258
0.12174266517333561,0.14229436372361043,0.12910294075138962,0.11794070766419425,0.151187771971031,0.11863408539991907,0.11102810594525263,0.09858708761762874,0.06595079625770599,0.0209402967423811,0.037042989810020334,0.04832730707865167,0.0327735548575479,0.008257467073547018,-0.013250508343585632,-0.0346327596956888,-0.09528648257612567,-0.28433561579999805,-0.5078962910365902,-0.786168130216638,-1.0,-0.8186546072045894,-0.5249396478329555,-0.3212719443599156,-0.1783506770552165,-0.0796875275015494,-0.002305495641116534,0.06435632990076695,0.11054046571682054,0.1358516248238988,0.15155716740676564,0.16477544849461287,0.16557978410824706,0.16513609411585697,0.15785589769936229,0.16094928671751746,0.19811190222909542,0.19474287267499676,0.19699739563045277,0.2154349282941747,0.23710070296615118,0.21388293387496146,0.18013376490296093,0.1495204078626568,0.14256918679090005,0.11860065287330201,0.10472305186675944,0.08334408689639047,0.060711964780954725,0.07049359657014898
0.09092928828358701,0.09065627628040938,0.09335025297578556,0.09166362401516051,0.16345021832814594,0.1843747114434773,0.17754272551585015,0.13764447769158136,0.12064887744297015,0.16233695937656775,0.17646288435765253,0.13645966517487704,0.08236966561366617,0.06569363054299887,0.04366535526499754,0.0040008402342792205,-0.08162167728055277,-0.22815520545858756,-0.47581991048304767,-0.7860232428275843,-0.9916739753078448,-0.8129125330964461,-0.5429831564713214,-0.30953061862158754,-0.1543629735836856,-0.052584376360843794,-0.004984751496032959,0.008991700603075605,0.011929993190111468,0.04318769370641958,0.06477324875877814,0.09629173809375209,0.12718657567816177,0.15744463978162698,0.17022486298159828,0.1320874601915966,0.12140214320465473,0.13066154404743993,0.12829197042326698,0.11229536181679245,0.1458596767208336,0.16860118393914264,0.17163559307598847,0.14307034439681252,0.1435562966805949,0.13584205904645957,0.1265587270781891,0.11075016413811489,0.08498515474226408,0.08377483614985413
0.128294098999919,0.124881162620343,0.07255875642713257,0.09513426133212237,0.10926669685846148,0.10327051450484509,0.12099659387245677,0.10318593233026432,0.09435398784971868,0.06987787475058357,0.08051534437211792,0.08549979480294083,0.0935859061742415,0.06962758862206064,0.02829911261424317,-0.027051456810789624,-0.12497749517424193,-0.2628278453579043,-0.4824684818313863,-0.7959470435899612,-0.9941232252097082,-0.8327397446280203,-0.5707569844856593,-0.33535903037340153,-0.17856226489857024,-0.08574720167254828,-0.026134185465715495,0.03700655950076293,0.08830577469281563,0.14855560898156858,0.21117763979819829,0.20991848449870834,0.18522797953891676,0.16250163224538805,0.18760329489085653,0.1900122375596757,0.2123648657692018,0.22329361517804702,0.23061863994743373,0.21466783241983883,0.1928014503958744,0.1503945636660687,0.11102358831482476,0.11144019892084088,0.09668286358814918,0.08985795978087135,0.07163015348583637,0.07296879735187108,0.054461702131310255,0.08483189070939769
0.10040256987138617,0.09499930907226503,0.1087858218153841,0.1474977662023475,0.14469460151830768,0.11903223281777135,0.12749390460028145,0.12112921981728457,0.13409886720358818,0.12393007674869026,0.12054193238669936,0.10299526625557173,0.08968049796414114,0.06815228338201701,0.03543972009868512,-0.006128127399899008,-0.09429680875309239,-0.23229770639102912,-0.47941149960717044,-0.772194112699384,-0.9864369793604555,-0.8246626908889357,-0.5627688894486871,-0.3322601095012599,-0.18191626129613803,-0.07460456840122315,0.0023144250001605805,0.058261851338778446,0.11112987748291264,0.1360635180947562,0.1509847192547394,0.15743874678295008,0.17439803088757133,0.1553325147681108,0.15516764331497127,0.1307152062378466,0.14700788486227143,0.1464589827464372,0.12978014311703218,0.12457271041104405,0.11305327166872609,0.12571342271756045,0.12892348264367745,0.1381264481050937,0.11385918485285193,0.10781133433290174,0.09243737363124147,0.10723984098399826,0.09696772444603595,0.10434534631118424
0.08996516128786408,0.12341785482709496,0.10906368219751858,0.13419100671056575,0.13706649791909012,0.16223975008106328,0.20474456692513268,0.20701539675762223,0.2063078229353595,0.2088953965379124,0.18907323974720708,0.16411978196298782,0.10802394495638647,0.062329709289413726,0.05847342495048242,0.06792604974915528,-0.010267213470075667,-0.18735584310612108,-0.4887515857181108,-0.8057714465069875,-1.0,-0.8681067075728446,-0.5886880022139546,-0.3042597970097758,-0.12092649936586021,-0.019942186805494127,0.030837565482220962,0.0692935582970292,0.1157000651472348,0.1621689103683877,0.18163999351853985,0.18273016511059764,0.19659688925404104,0.17117266297295536,0.1357506039370488,0.1236337979864223,0.11974936948607647,0.11095175434462312,0.08680832327981644,0.07173348286847697,0.06911194855562194,0.038150227669276095,0.007474683548645517,-0.024364089844272508,-0.04494651698366968,-0.02272034726112861,0.028563534762455243,0.09405917995909122,0.1286933149996358,0.12842691747524276
0.06597150077119628,0.09792554201069875,0.09695649288815399,0.11176910470977211,0.16507620784544816,0.2004760925381299,0.19151357271878822,0.16925999563104407,0.1413240107253014,0.12636324319783118,0.13655337211722388,0.13778277949578382,0.118806575232845,0.07099473467486947,0.03275745849635553,-0.004924403486461424,-0.0637954020998462,-0.191458309168183,-0.4446993604632655,-0.7829552226329173,-0.9957266845402439,-0.8496574659894565,-0.5354664826312904,-0.29197154595700087,-0.12536629961402534,-0.009259989222239981,0.05536874580132729,0.0900061374420619,0.12821436007067624,0.1609254119842071,0.16799295081233337,0.16592020839874483,0.14168659943243464,0.1140147365803292,0.10184559651866311,0.12355140918240766,0.12281288364610601,0.10433436925712129,0.09924296243240219,0.09075534832303028,0.10170533950765609,0.10118448701818417,0.09322111761275563,0.08221911559812867,0.07515374520003437,0.05479087867989907,0.059586523785756275,0.050172030522457826,0.06963921156918843,0.07740631337558222
0.004373987821794105,0.0405233810036462,0.032474385501017194,0.08092944117563411,0.11229121636565394,0.1247965320690371,0.13943484728037434,0.16901969021646862,0.18401887937910372,0.17555645981753576,0.15369903208133687,0.13176216414061334,0.10189478475422699,0.06948379539950353,0.01669463073845113,-0.027979928784303366,-0.10611480454899135,-0.23855954363885637,-0.45947979269484485,-0.7732425239001346,-0.9874484844826763,-0.8235822981688833,-0.5367260274280626,-0.30041497977260745,-0.1549922136231081,-0.07071587988084832,-0.023366148617111754,0.0010387305761315674,0.04597844696320886,0.09835574159510904,0.14103899303162112,0.15954001229979228,0.1568248955417286,0.1506779225449407,0.15195007312990869,0.16953879156667367,0.16110772290835607,0.15549114278969825,0.15432956627052477,0.14834537048850127,0.1467314661181977,0.1213201211191325,0.13347810660126339,0.13577092262636123,0.11575950288728729,0.0968338963658761,0.11767073669380894,0.11633917981385844,0.1311582218864679,0.15638983397758266
0.09987328431169208,0.07650137187241977,0.09415917135124931,0.06784912479126051,0.08869900397844743,0.11612340316121585,0.1354453347138643,0.14300612193659412,0.14127145531358593,0.13352366454731662,0.10824125960639625,0.09144564105316834,0.07549638649558192,0.06413447091386121,0.04933752650123997,0.0073812379580360694,-0.05942591116837099,-0.1996272669303047,-0.4652518099893608,-0.7797436454005027,-0.9921935522467281,-0.8392299403176166,-0.5602562288001334,-0.3114119932157625,-0.16373464762432768,-0.03748373505838717,0.019904901275515103,0.07154778001677546,0.10766234548135828,0.12819684860384195,0.16762905268971323,0.18400581334692817,0.2042689120546546,0.1594102825551721,0.12878777217578904,0.14297343664559864,0.13967063237611432,0.12527011568338675,0.12209955487098534,0.11359858700399562,0.10873619327265767,0.1092715197693043,0.10623879866343869,0.10595791480733222,0.12042854904553069,0.12762852039196626,0.11191574968648615,0.10744669960433473,0.10268040832103237,0.10053988390365268
0.14768023303112832,0.12991145063697268,0.1332533983583682,0.10664793312321352,0.15283224274325197,0.14312202192463197,0.14770020556454,0.15953270187761673,0.14258868502624128,0.11286310776314018,0.10281889841158823,0.1095045095558245,0.13061514101117236,0.12903288255114645,0.07050653571585387,0.019156910262826753,-0.07364497346123496,-0.22241460882894942,-0.4467594941895243,-0.7590951538242581,-0.9760445614589709,-0.8149783913610954,-0.45702996453079997,-0.21176576450048787,-0.10337490251045461,-0.056498470216011586,0.021761952107117073,0.07502434346124123,0.09927762371950062,0.0910664385400609,0.09545753769579499,0.1061559387783118,0.1509281734243796,0.1767811719187353,0.15301200676496096,0.12926609170276795,0.12101972015648817,0.11824209184415868,0.11354156242889045,0.11050161866144373,0.06744065880934888,0.044345739294582534,0.039637217053006074,0.06203637248293234,0.05553043782212686,0.05492219818682945,0.05553006637572768,0.0685154605944282,0.07512575545924942,0.09871925004218811
0.005580172506471967,0.00737486746002197,0.02598255500431832,-0.004054789765639625,-0.03482473552606216,-0.0034243686922288334,0.021823225084748057,0.03772463158540653,0.03746374062772365,0.05588676825221436,0.056805328992265286,0.0529847674511121,0.07309071155332687,0.09317667808269768,0.1022571214175032,0.049887486044841924,-0.04500560353773852,-0.23948398924644998,-0.4975196242291646,-0.8158990192363113,-1.0,-0.8583892034553521,-0.5798173986992552,-0.3469787173073211,-0.1937542970787945,-0.0944177756921419,0.03225485821593489,0.1710037302727532,0.25989771728312694,0.31258594687883645,0.3957699215199596,0.4348086953809645,0.4158967727975399,0.40841514190571343,0.3676635904052778,0.30054983343757496,0.24566072036884284,0.20926226434607648,0.18105570732849469,0.15465950285364694,0.1240189463006883,0.0774502488077998,0.02040428019942995,-0.0210898827691353,-0.04651476650792182,-0.02374487100159458,0.012222144745342745,0.0012397286588417982,0.023949790577738068,0.03611144639787611
0.1233501728582396,0.11617572076449137,0.10935015533731351,0.1284530498974989,0.18710495714297076,0.2073834125743652,0.21024793103449163,0.16907480600638386,0.14133259753481892,0.14168087481658165,0.17503026050362872,0.18002265810357979,0.15704362137371544,0.09759727376055762,0.0592389862696025,0.0032018361852953962,-0.06974115303598512,-0.2260377451894049,-0.48543059844787423,-0.805261830828041,-0.9895078049007971,-0.8467104538220597,-0.5501411029072719,-0.29648314179919527,-0.13649752394013445,-0.015952892922821683,0.07011104482610217,0.12534430676666314,0.1398513350459368,0.1214303487527546,0.1147190480018047,0.10739575713197487,0.10319542908474941,0.0924490663012983,0.05746221899734928,0.042845750768279976,0.014996451955545291,0.004814910157200468,0.035410247171666395,0.05400616372519874,0.08000917792360268,0.09225241125407287,0.0911433617559729,0.08660211345820992,0.09594258589525372,0.11266157395294668,0.11881359630214312,0.1305537184713918,0.1522601396797897,0.17120517625014273
0.020763190068661556,0.028455160960324022,0.04387999818057875,0.07711636317063468,0.09807186042235508,0.10787969910561489,0.12911548772221354,0.17049162554905378,0.18249681689329014,0.18072549941157998,0.18692536728378506,0.18463858648595996,0.1988148224673401,0.2027155588778161,0.2042787025299373,0.1609925570661752,0.034016499091189006,-0.17535094919457256,-0.4770214713109222,-0.8147260734583187,-0.9931072973497483,-0.8563387373718467,-0.5889969420054431,-0.3495209028023591,-0.18439654745745868,-0.06845264817874035,-0.015219472902190572,0.04829765578917679,0.09315857672112841,0.12538806829708637,0.1553519333617722,0.154783335871904,0.1490755435160087,0.13761981873566823,0.13241701536403264,0.118304356051344,0.10520432137921648,0.09467864597654718,0.088378330387939,0.08856995407267276,0.10522660869737181,0.11370686920290339,0.09916863133861256,0.0804319784239092,0.07802651706693418,0.08247854571697487,0.07183412870570505,0.06701216115787097,0.05906488455405078,0.06357536635626115
0.07593493323353273,0.07715897107138206,0.11921519857184057,0.159685197713083,0.1590867643333867,0.1284975042617919,0.07048352989198675,0.013419470636653138,0.02792722183478926,0.08890351251710635,0.13234719734422504,0.13574277693358822,0.1157055025672796,0.11467617654317824,0.11122126272375049,0.07048728292786374,-0.04868490140066335,-0.2652734271793337,-0.5249866170149383,-0.8287991877194252,-0.9910127110192984,-0.855536548791594,-0.5979839125030652,-0.3549919450082256,-0.1787917798742622,-0.06128009782989869,0.031219042915911984,0.08070327676402439,0.11615532379600693,0.14574012197517622,0.18948842138801852,0.20316206778309162,0.1859894697173185,0.15931189643743457,0.13740695975368478,0.14396024277188668,0.11740876198397743,0.08077941693406027,0.08535726859326861,0.10271538163363385,0.11786889264807247,0.11642422209312132,0.113961140045125,0.11179414917600086,0.12476736521107012,0.13794567258613202,0.1390308949751265,0.15529522004147717,0.1627637518937394,0.14759966411790737
0.08834786466895857,0.09352642084887663,0.06505015022394117,0.061019614358752305,0.10397021447558995,0.10006751185164584,0.10562176090747995,0.13422275385425947,0.14628727864708913,0.13688923930593808,0.09503793777761005,0.05612005375418813,0.08006505266187777,0.12467422528879885,0.12501998717963306,0.0796520967871384,-0.012443045298501655,-0.1915501206154461,-0.4853863910020511,-0.8195486876472604,-0.9983770024664036,-0.8509304280146839,-0.6140185406436081,-0.41000465133686875,-0.244460265125388,-0.09768075576881648,-0.036108015124580596,-0.017612540116503445,0.04228176214373347,0.12301761508371095,0.1883757329214443,0.21249093638482933,0.18752200326661486,0.19654231456859028,0.21923145334179445,0.22069143853284642,0.23419340722186419,0.2209042548874262,0.18020072635041376,0.1407448820717199,0.14197296564702905,0.16215636578472004,0.1500553486356508,0.11780323652136365,0.12095918789634012,0.12180922418779848,0.10177435462342999,0.07237732261349886,0.020420337654404312,0.00702341022911096
0.0703655610737927,0.050738348482734556,0.01694934016971268,0.05720013010669708,0.028937137190062814,0.014651752085563272,0.02070626701472741,0.031491112940489716,0.031477876203047636,0.09186506795288014,0.15117130417225513,0.17864590767631638,0.1903638997328584,0.1618354988983405,0.1492571550180919,0.10806961411070413,0.02651501277998402,-0.1754251545169662,-0.5049718895558624,-0.8156573499807707,-0.9979967597974905,-0.8661425198732992,-0.5930436899055658,-0.344767622648764,-0.17826605937090872,-0.05254528313750626,0.019706250226968508,0.0783956116888859,0.11274774302349827,0.13158158235642836,0.11324188047134877,0.09403033338564562,0.1226930110085397,0.15574828150226258,0.15986283913975816,0.14872096171666144,0.18569109841376316,0.20544098293475518,0.21427416731524046,0.1779045288601597,0.1666583219942574,0.16105199558800173,0.1434072547437147,0.11946646739056838,0.08133238145943972,0.03954412949322154,0.07444760985858248,0.13862063708425545,0.15400342912788273,0.1500038443950349
0.0549734410306799,0.0537490668976695,0.06767981987985312,0.07873964140969243,0.11053594050307831,0.11185971602520346,0.10047199013670256,0.09759526767887021,0.12606483710663544,0.1503860629966518,0.15352403363301653,0.1319600872106428,0.09763291984971754,0.0714244008930067,0.0703153326025768,0.09517322585430424,0.10502255461307419,0.008590975665159782,-0.33011229737594916,-0.7854043986205196,-0.9984386769655708,-0.842848883567025,-0.5499444876860986,-0.29127240466385806,-0.11079155587556906,-0.0016885135876859127,0.05070150668029677,0.10474804886482462,0.11084834335077305,0.11380209036188718,0.09824213957635171,0.10933511162324225,0.1278537089183271,0.13239044282050613,0.1317072413989659,0.12419571586173475,0.14265808083001508,0.1405150959157779,0.11068451908271121,0.0942436380671732,0.08549466735226528,0.05303230703116909,0.011638222439640251,0.010090675756435857,0.035322514401647784,0.06322583706910723,0.0799988337369325,0.099513983217128,0.1020023023524705,0.09255687764635671
0.1721246723668258,0.20701120449099925,0.1946613068880747,0.20559108467427709,0.17878697312113012,0.17172723977544493,0.15393026271541538,0.1016593377824908,0.06872200568547956,0.07000019585847955,0.09167228235027096,0.07438460855304743,0.06695025150674302,0.07449705095528947,0.06249098414746149,0.009099697347364141,-0.0815125903234673,-0.22363415605145812,-0.428025380198361,-0.7768178261821699,-0.9878006031357749,-0.7878189613086074,-0.42106122181773725,-0.10651800996502078,0.09675977189425045,0.21586359464946642,0.20021305507233506,0.11392815037679895,0.10146541446734877,0.11830955798108209,0.16479664193540938,0.18823801136160243,0.1877688431341958,0.10221227557090037,0.02865163691147247,-0.045569524053950254,-0.04883946913325539,-0.03197238081478867,-0.03934665931014641,-0.01776284869385098,0.036419694370604,0.009786901933792804,-0.026006629906497318,-0.007403092219829771,0.02989968785294732,0.0958959159736063,0.12092206015854186,0.11881738093100998,0.09690891545118409,0.09992268486957324
0.06372986200951601,0.07063613719596679,0.05170645434991687,0.13498109469761488,0.1757636697078748,0.21379403114051707,0.2130368326417525,0.17117457499822483,0.13885097241086372,0.07842038216861417,0.07913984598428257,0.0917904752790475,0.1087595840170426,0.13937914104238225,0.15000104429501965,0.13928953651036255,0.09891372163663266,-0.05754486042615245,-0.4261520781498101,-0.8042141353548176,-1.0,-0.8675510207269871,-0.5994037882693074,-0.3720228141557023,-0.22784065399959566,-0.108962159446881,-0.012154577718250554,0.03513016725988695,0.03874659503594916,0.029553080899679653,0.1049626752664495,0.16461773017850512,0.14309878356198913,0.14230357341678554,0.119870100324141,0.10169607975673625,0.06126854566957649,0.007171701771688453,0.0020993229111797187,0.0487710076386735,0.07846127395517094,0.08626191802059419,0.10167100268872606,0.1333375695294287,0.1490822284309649,0.15528793649934192,0.18311593685446803,0.18041684773618175,0.15350688375709107,0.136047766998665
0.06879617406517446,0.06223618642878925,0.06375786985716578,0.12851915765977975,0.1635304646159041,0.15379046548473124,0.14412151157155434,0.14723529653664244,0.13914881808199123,0.12840139321311303,0.13063179637469513,0.1315309358205664,0.12341546323324898,0.09850435218921696,0.06146504250890227,0.010929362819543242,-0.07982620443132267,-0.22794470003497128,-0.470545211150936,-0.787548289677439,-0.9913412694292674,-0.8466450131341667,-0.5742842310464019,-0.3191720312972699,-0.156601400876091,-0.04187442759383199,0.01955975976061079,0.07921675629284589,0.10774162894974909,0.142582638751325,0.16441173637723622,0.17368513218952736,0.19355890210865048,0.17909866095671467,0.16311397843945014,0.14620910952195032,0.13045475144560223,0.12173976468757697,0.09937059618598132,0.07897215241300165,0.07790263505672798,0.06494118710312624,0.0603650108942598,0.07206123222548799,0.06491519683295356,0.09217422138104998,0.11735234509602566,0.12438667734051445,0.1260426859136264,0.13991172828668508
0.14208643468354576,0.07859884716251557,0.037743220304787495,-0.024540779927606123,-0.10294850908107299,-0.06572570543581915,0.03730863961688359,0.14662383058058892,0.199737808281909,0.21483328531988385,0.22038233959630996,0.17689999147424557,0.13970864137988206,0.13003550740208847,0.09833176445813867,0.03698393354117992,-0.06300429909202673,-0.2559250787214195,-0.5085636901818116,-0.8251099759359918,-0.9990336608149458,-0.8677238712691915,-0.5847859791063906,-0.3022837116549842,-0.07013449623032568,0.07658552673177701,0.10896971777430275,0.12798886018996375,0.1500038547178085,0.15969026553598703,0.14842997422717347,0.12259416792025547,0.14624308304942876,0.1892323950912489,0.2342889008666079,0.23770146987276325,0.242887664773686,0.24226490238952625,0.2371025779686033,0.1721857851238693,0.11259362997394731,0.07920731116160844,0.055637158532956095,0.06518917900994668,0.027039317932989977,-0.014718614619346832,-0.0081236607306749,0.020116737198236312,0.0559654004613876,0.021429908495574017
0.12290672387351761,0.045505250803471536,0.04778906317760647,0.034989097495661675,0.052539247918834076,0.03189583304061069,0.022301041266102505,0.06397885156588733,0.09721928219473985,0.10933675937508987,0.09721150655614309,0.07098074716230587,0.06235770326979451,0.07841611810537782,0.10520348157362211,0.11133116938161873,0.0636002752480061,-0.12595814125337307,-0.4575171840100324,-0.8043048434665072,-0.9899197084486684,-0.8432835971403021,-0.535184806055995,-0.30088280579833065,-0.11536600283863559,0.0036857251400275854,0.08042842018416159,0.09888508306973046,0.07734336517036516,0.036534096537435945,0.08018455991229854,0.12332815248046416,0.11165375405057613,0.07883536953680095,0.13836682894178848,0.1841584142851424,0.19423723522510522,0.19644506366898162,0.17130186514578058,0.10764912535813105,0.10830876425758332,0.14421640791385446,0.18342902977403963,0.17401438227739033,0.14737549686725385,0.09589854174443024,0.09493767832160918,0.09590052655358751,0.11216459579201807,0.11557245479489811
0.10797591338023085,0.08583652057091615,0.09066348534694378,0.11085869990912851,0.14441539966680508,0.1614080826593007,0.17203461668751077,0.15110068820808348,0.14490297536814498,0.13504616123499547,0.12858327405100434,0.11665091822936802,0.10931204220141053,0.10107985590429415,0.07832572016115774,0.02391270242043832,-0.06877377650624582,-0.21100661989473957,-0.4729441137690079,-0.7875311894292601,-0.9866126765937685,-0.838164128862556,-0.5730197532801964,-0.34707222224131523,-0.2010496834586643,-0.09745634953047345,-0.020551428694122253,0.04078940476032413,0.08185236921065693,0.0981625680403182,0.1261902014540546,0.13478275664009162,0.11774504703258647,0.09907507265835298,0.09686901157390813,0.09842352515261388,0.11008587213241822,0.13152398187800476,0.16304208375574436,0.1705538026961173,0.16350467449491146,0.14681889687984212,0.13088404510310864,0.11575619712133645,0.11958459797519443,0.1337578526008567,0.1317980763674519,0.11439721272176159,0.11011374217292844,0.10636389383803292
0.002077952029603503,0.04631000533286511,0.08616544731186326,0.06389629221592176,0.06496235306932821,0.10059525512932348,0.13074670948031236,0.15696173826911192,0.15716152626688193,0.14361873386508076,0.15308866389822762,0.15413643464274418,0.14470930331829518,0.15366533613061975,0.14213346654845335,0.07827018892303861,-0.022306860518782858,-0.2055595529320438,-0.48829813694057017,-0.825846544555365,-0.9960832817975676,-0.8419608231636135,-0.5650617489950625,-0.3155859331009062,-0.13518494957988536,-0.02052705143362476,0.04116152726281712,0.08424642913036771,0.1573352015963567,0.22954118172980928,0.2465166258104891,0.24299321464506318,0.20748817486298535,0.15261280049731069,0.1334992406250956,0.11802016833985061,0.09298182840432061,0.06251425707961576,0.04170532779386277,0.03692172032365197,0.03053382998390334,0.06042997135180017,0.08114165473548426,0.11775580324831016,0.07561209028639239,0.03844199290877946,0.057792236916352935,0.10004073013962145,0.10986312281907167,0.11876634609443913
0.1722109593792263,0.18354444617730725,0.21598546141460692,0.17771529151305437,0.12913119796453856,0.08530944540406239,0.11709684462334317,0.140684565131432,0.18450811844827833,0.17917450377013858,0.1592727026835067,0.08856631482242146,0.08022838572739448,0.06003234794893844,0.05317477526217791,0.011675567601963161,-0.10013010603252923,-0.3024292186414154,-0.557071717872734,-0.8278954720787915,-1.0,-0.8776896933513155,-0.6232423639377722,-0.33421843433918097,-0.15273973722713413,-0.05560380378934024,0.02656947547224846,0.10288906187913642,0.16323073631554788,0.19786054530171898,0.2501707952507662,0.26759909501690204,0.2593720162596875,0.2600691443815089,0.2509719111542892,0.23053455310072676,0.191094298625706,0.12047722504887946,0.06472524904237627,0.04776345917070309,0.028344981548127587,0.04627683627002974,0.031556765686852103,0.04459638987437443,0.008635320065888635,0.012509191345883144,0.008447863597263882,0.04536419285752806,0.07995622038869599,0.0536942917429825
0.05892918362884582,0.053594790275344695,0.05841139337231901,0.10303488762520374,0.1782995379223141,0.19281689110901964,0.19746872146924274,0.1869437663519426,0.2021045253467999,0.2024373590299121,0.2099418233204699,0.2315716518678212,0.21037507463619712,0.17443140323954295,0.12449662912079573,0.061380811008035205,-0.040133592073637925,-0.17239954794344967,-0.41205599147272864,-0.7749753438819718,-0.9965375785630948,-0.8494929977122718,-0.5586692567853777,-0.3157221999435182,-0.15921023356720812,-0.10316875499718968,-0.043434625444389606,-0.018158599663908676,-0.01719653232151611,-0.0007436320115781344,0.056052699076783764,0.14884157383534272,0.21607505350424444,0.172277084195648,0.1583575249692555,0.1698786404180238,0.15700542060812536,0.12388225245108059,0.10808188503088167,0.09059201558196228,0.0859016024174116,0.07984170557917225,0.11018750706989514,0.1330768612522917,0.08949632775625865,0.0482923376414551,0.03359672088883601,0.04971281843057491,0.00661417959126503,-0.022103773240474484
0.050114992220424766,0.06687036717436871,0.08577455038642691,0.04895493250155629,0.14141194998144074,0.11907614456194496,0.1338489037274506,0.1873241242252175,0.19935747478518479,0.1783021293877293,0.18189767692232042,0.20919454503453974,0.20558899686668697,0.15991465503096067,0.14481723416029157,0.12045282440131377,0.03596570408723051,-0.14118490045533216,-0.4403035349181841,-0.7934680127451987,-0.9995383194829179,-0.8709818357725895,-0.628147754350578,-0.39733196393685116,-0.22560373553089672,-0.13426573010161036,-0.08329171398059952,-0.027833449582915466,0.031337927892281243,0.06121594274298853,0.07912549689473328,0.10107765971915093,0.09361196623563268,0.0833987733101285,0.08005329779129981,0.09200074427638809,0.14045589210751028,0.1497148322113101,0.1448135382228298,0.15911857197493623,0.17592328620168882,0.16936199152749923,0.1856550692206532,0.16309748704463212,0.1395357910920043,0.12934456502371305,0.10348204534183864,0.07049186647307923,0.06408109680799351,0.05618590329029334
0.11192956598401282,0.10599068473128172,0.05414310369450042,0.08208482516055257,0.14176156044182434,0.13907353303154527,0.14424297836614114,0.13930906958255385,0.17967009765629766,0.17732255924034834,0.1540055307684285,0.121020328327362,0.06150746046276605,0.022735522980984257,-0.011111822721156161,-0.03221868924034849,-0.07428369675114005,-0.23268433821257992,-0.4753824626353208,-0.7807203422758304,-0.9995086383946645,-0.8176976040637771,-0.46253148836035596,-0.1940868621374452,-0.05571713403742158,0.011496107933155407,0.06820589162451983,0.08771158762061375,0.10203320525507081,0.11618163199677553,0.10821449463549418,0.0909349240699608,0.09421740496112015,0.08714281049829631,0.08657008305777614,0.09803721442737663,0.10749023710514259,0.09827642986406974,0.11771413639614837,0.13089450256307048,0.11408688804111236,0.11130736960208742,0.10985720794101542,0.09059601062330512,0.10821036287555429,0.11046043080901687,0.11198386522755975,0.12916932492250124,0.11248619873343718,0.09786793761726055
0.07095372583806013,0.04786354231870429,0.04641286647320663,0.15002803625676048,0.1705058732865073,0.1981088494872426,0.22404930853534105,0.23467570363474613,0.23410985042804394,0.21912541303671565,0.1930680497635111,0.14726022004351,0.07797428393864628,-0.013061267390627638,-0.08434698337122691,-0.16327585296383515,-0.24237724184892073,-0.35400651896520774,-0.5435856115495891,-0.8292771356555962,-0.9856112239775515,-0.8487327807016365,-0.6207570124615557,-0.40279011981100316,-0.22979066214644084,-0.12190067467964504,-0.06154863528352916,0.001475288636795392,0.05278655562745238,0.07598311620973745,0.1231226034979685,0.15799765671407226,0.1814312789838513,0.19354281399922563,0.20645242192912033,0.20886172853210405,0.21030633422324518,0.2086294267300268,0.19233400833897413,0.15869076063961834,0.12189223099075269,0.1256477957160723,0.13758387380755807,0.13130427736301215,0.15637136653663586,0.1578458390268481,0.16566868308280114,0.1791341248510766,0.17018796293619382,0.16967584939222613
0.22578436068748517,0.19048855374358517,0.15517854654962512,0.1518930915028241,0.16626961575521207,0.18635427862440454,0.18396470121832126,0.17467304992651167,0.1968007357966974,0.2057542212394652,0.18552286605670823,0.1675359189027003,0.14029101404400351,0.08242538518595344,0.03034634543291884,-0.027590270295038098,-0.11504095829304099,-0.2433658867738752,-0.4702639871465465,-0.7802133031985734,-0.982101060425232,-0.8281552297035444,-0.5674875132255475,-0.3400498032721002,-0.1818703505763265,-0.07049952843246018,0.012128242827993805,0.03523896719281653,0.0376987670947603,0.07277742552260971,0.06335878568735206,0.06457585946975339,0.0916846060307216,0.10424895498285737,0.09945264477848664,0.108692093663571,0.07225793431753966,0.0657706167549461,0.058349713317462804,0.07158929702923265,0.10864699941602678,0.1319932771589894,0.1391815868401909,0.10618006248242841,0.12013998005475655,0.1128270506249427,0.09546930951093123,0.10170811823902241,0.12830048959359722,0.16108442408487889
0.04791135474092867,0.03260438577531944,0.020428953202079377,0.10869210409262263,0.09661289216175195,0.11245730824654168,0.16013052691719556,0.16689599444248204,0.13348915696801752,0.07941860378485653,0.05730671750356928,0.04654408062215976,0.021211446623627568,-0.041800813732116214,-0.12046285332315833,-0.18055031000788557,-0.27428000039724126,-0.38897136225072015,-0.5885893407423881,-0.8369803534303832,-0.9924527995536677,-0.8355041867415935,-0.5693395515722959,-0.35403773570415126,-0.23626452673318366,-0.15714453625513006,-0.13125245418425277,-0.11289115343346928,-0.05816661365627754,0.024481481614568833,0.1076608379718273,0.20708918578381313,0.32814796171367605,0.3946830023498654,0.4509169816040691,0.484988829880348,0.4612549782888753,0.4114593910975022,0.3916884645124094,0.3188665983175485,0.2590681946174585,0.197331556110196,0.19146609614943175,0.1523181409613038,0.10450784170070868,0.06869764264504724,0.05859615112498183,0.06714431995348744,0.06593266519559783,0.0486847450440453
0.08524679194819072,0.0984529961730358,0.1246723609489234,0.12819022705643227,0.15032857484918757,0.17546801710885318,0.1738323322231146,0.17075079817181685,0.1699691677848667,0.15247685270318936,0.13197020706194904,0.10725219958823035,0.08389162502452979,0.048974396420285546,-0.012158678285134825,-0.07233544307268674,-0.16234057904924795,-0.30485854184704114,-0.5276429017207613,-0.7990862862880317,-0.9865448093075767,-0.8403014047105686,-0.5691080773049881,-0.3495359806845796,-0.20434859330976687,-0.09645198505798373,-0.034372011401914614,0.02038545888088922,0.06301380529845298,0.09907002301161195,0.13883128370422226,0.16491458376916507,0.1765362788369962,0.18333400030690747,0.18766599786498084,0.17980727873395438,0.1605946942808893,0.13877506824905705,0.14414551777811943,0.15842200662221498,0.1657047977530934,0.15320786809668327,0.14594242388831258,0.12806326077818203,0.11535754611681387,0.11360689766910165,0.11903714367815957,0.1226888469181216,0.12310213372365149,0.15540182901809685
0.1287545960102532,0.09035466184226103,0.1141516776064433,0.1180451876079728,0.12889175868894323,0.13780758824671857,0.1605339561675874,0.18454308470799702,0.19128622088732533,0.1731083025796839,0.15591505638295977,0.12963226000141095,0.10654536982768237,0.07089787005501018,0.011919494876841517,-0.03530827166637105,-0.10716668699170924,-0.25261143422945204,-0.4870035146159554,-0.7902261761812358,-0.9868089655076843,-0.8355713367999505,-0.5555166000332563,-0.3210714549714552,-0.1739672126021126,-0.07680709130765367,-0.005581498407694285,0.03290338509373935,0.057818277011555806,0.08748202882710436,0.0965486520982624,0.0996634539441494,0.11635250283099642,0.13246741059851888,0.15062091572779462,0.16242966819325605,0.16733008094829394,0.16486298872353428,0.14687711058038588,0.13258200975105017,0.1238366976105511,0.12600753525044567,0.12035196287927703,0.11357354093269197,0.1384925324745967,0.14485246275778937,0.11922708431539471,0.09137545015340955,0.0940969976302003,0.10550040949244123
0.09774239504452338,0.10113219002024068,0.09896882411396614,0.1060469560892431,0.13232421977544812,0.14347748745156536,0.15212024129252363,0.1480218415536153,0.15667045581312442,0.14985921957872134,0.16752620256650666,0.16102434080752712,0.1370975472421129,0.0942372179140667,0.0698121288517133,0.02993544001895789,-0.05903249486360037,-0.22309111979882087,-0.4770336455005336,-0.7776628171934651,-0.9873054457953123,-0.8344285627424055,-0.5608804413054151,-0.31998621684571316,-0.1798753242158738,-0.07361515703490308,-0.006829805606010177,0.03227649842728096,0.07653578429111521,0.10756146079330486,0.1393977477364614,0.14991517178682998,0.15990507629326028,0.16694986064518383,0.18052506845204797,0.1615168164785402,0.13965726386506863,0.1084241449239558,0.10013579635720998,0.09294736596589981,0.09242100120217686,0.09240707532085153,0.07804934447050908,0.08644250901616399,0.07160016210186573,0.08369365329244169,0.09043754321385437,0.09739188200560166,0.10358820645555558,0.14196488967301832
0.03277687918125386,0.04980087288855498,0.057722784132705936,0.07410227132432863,0.11309138716661202,0.12058713096214918,0.12386503397820509,0.1133613732090208,0.12789219173250552,0.14667031583539705,0.16232453629962842,0.13060954553817902,0.1128200531866818,0.0851324407292441,0.07032747264012643,0.030874262533839195,-0.05000536467864846,-0.21295377383053993,-0.48955566968311615,-0.7887731023251271,-0.9864980190095358,-0.8465031557168149,-0.5859523142835904,-0.3301462347635849,-0.15465005310102894,-0.026937299859404542,0.04837794552791331,0.10727657928927781,0.15171374834500087,0.1698379160678445,0.18051084599053865,0.17423148330909488,0.17821720399667854,0.166685740199568,0.1482252289408465,0.11170792589481901,0.10470662830605233,0.08619009801198092,0.10221337264463932,0.10576816604273695,0.10978489435785167,0.11838067239533946,0.1184523681888842,0.12860630469956186,0.12919360119787524,0.13102893852670236,0.10583172009585881,0.09277277501506741,0.06433605643771992,0.0859662224311069
0.11526599396878082,0.12603521063668482,0.153085821447553,0.1635220524794837,0.1605268530674236,0.130396704559827,0.10491536796539422,0.06426041861954465,0.04612111435989417,0.03319796013863245,0.04387841495264587,0.05877512915839402,0.06337129003905377,0.0435819843403409,0.020349320798949518,-0.03195386219621493,-0.1187100282486105,-0.28068969981695163,-0.5329934062328567,-0.8266451549376324,-0.9906167940132782,-0.8258651189150779,-0.48158256447988074,-0.14969552179144516,0.07584755939607836,0.17028836603920575,0.1837966722201596,0.1910653214006684,0.17171502875995776,0.16130884523074956,0.15340537370219504,0.14012044017775066,0.13458613764723965,0.11453216230731807,0.10762603993002048,0.10925820265516673,0.09417777364944831,0.08299460156526536,0.10082833741612415,0.11692204900580003,0.13592802906268014,0.14766895983838155,0.12882122270395233,0.0924624885386247,0.05010635665065081,0.01978823003496045,0.03814872817723046,0.07010757232346307,0.06942448339450955,0.0505395322717449
0.028210463870175204,0.04681319916336482,0.09463543695598708,0.1087607844477899,0.10231003874355804,0.07431243985243494,0.07473541791317473,0.0872408016412481,0.09424253252278526,0.0962757207294459,0.12805363851711435,0.1517005572547408,0.14709276265891125,0.12127913166857841,0.12539576621053106,0.12616176876985316,0.07053643452859325,-0.12056473019406348,-0.4370764861450704,-0.7968555538302246,-0.9978043705384484,-0.8767659087801505,-0.6031148025179027,-0.35533918410324533,-0.17442762766643052,-0.06601295332640968,0.012160661626921199,0.07727298084466995,0.12228099312597414,0.15868508141147908,0.15528927915093108,0.15915321767249013,0.17910699111640027,0.16477509064758156,0.13325409299928906,0.11691516253755124,0.11718182064820865,0.116405592465244,0.11886274839578648,0.11080333441292756,0.11619657271337207,0.1320498608290808,0.14000369351311384,0.11133405882457942,0.07416402847688873,0.07377854135308247,0.08399512870455876,0.09842069128611673,0.09519645041893332,0.08291864847847831
0.10231033750728305,0.10741607216297565,0.09097335099184739,0.11185625461001206,0.18458059429215326,0.22228044043816578,0.19054466771806147,0.17474970872595638,0.13681377954181856,0.09098416347770649,0.09422091625865538,0.11791295856778145,0.12442470052994492,0.12065289054743572,0.09611525499516375,0.025949389942232587,-0.13891250260509883,-0.32142864039945374,-0.5354766298679882,-0.7951845651576841,-0.9952443445328794,-0.8420646695268623,-0.46434923603890327,-0.13341662980429508,0.043469237687750295,0.08986760091707562,0.0928190886475775,0.0838660662764272,0.08676135765469879,0.09923369029164655,0.10670270055228352,0.09572224163393782,0.1109652433336175,0.10623830724078048,0.10539720593226053,0.10059971588820314,0.128850814079118,0.10726776258181309,0.1057771727547339,0.13887952358535724,0.12331358260472619,0.056156450913332163,-0.004656643872331452,-0.04341303720986658,-0.007373595760829944,0.0764540929326018,0.11343640599246617,0.12734439934552713,0.10701725616042468,0.08359509746263978
0.058739870275795907,0.05322152208463273,0.025689247114367875,0.06798805497301118,0.07349859340854109,0.0473632840860294,0.07155956960859944,0.06911729871737952,0.11683020410238143,0.13470530138986944,0.17759205108259138,0.17304246120359423,0.1673355668881932,0.08835795667043413,0.00266616102408528,-0.03887997218611424,-0.04837217296051621,-0.18976266721167676,-0.4482150895626814,-0.8079864969351434,-1.0,-0.8478707672170299,-0.5667333179973734,-0.31028022649387066,-0.1466772256080706,-0.04853006160212546,0.009186560319812178,0.06363316573065472,0.09661009917136584,0.13489689564774474,0.18800680619304724,0.1945907712958127,0.1957509512921859,0.1933617922374039,0.16352652956245858,0.11797378506247776,0.09758588888036591,0.09586138131185329,0.11708607444979138,0.14176587885894337,0.15934023647945642,0.1533536968320994,0.16244305481131907,0.14619536286179885,0.1312646765160242,0.1424578201519393,0.1378716779904092,0.10222524549121725,0.10782153561569127,0.07279096838122336
0.12585272548820808,0.11730018785028053,0.11043994974440581,0.1119684033427097,0.15541726571856052,0.16553078554571418,0.16005914718731767,0.125833225560336,0.11801997979707608,0.11447737273839646,0.11690962607098102,0.1236071738651237,0.11892645134398444,0.08725722048741348,0.0492954758951723,-0.03269158988530337,-0.1264360995893305,-0.26237469363041793,-0.4900047251316778,-0.7802244146316225,-0.9790162991381969,-0.8188377042256944,-0.5276054086883016,-0.3055481459526309,-0.17024755594360386,-0.0827786813505862,-0.03453354857508725,0.00947764523668128,0.036041605290001014,0.06279198410576695,0.08661097887635551,0.12231610291679675,0.14047043859838476,0.1608966061069145,0.16586891950542443,0.16139928828085762,0.16269789590982375,0.13684439000210644,0.14976327318974814,0.16607369813970854,0.18574635742039797,0.15626177369120214,0.13600560555856517,0.12415372018443725,0.11628868981484594,0.11112677731521411,0.0967652687830137,0.10031173457121667,0.09985771609708359,0.12163340651222691
0.07910504228466042,0.01619568489593024,0.030972105934784038,0.039589957018008375,0.05118147913313863,0.0642147895260069,0.061283815711735974,0.055550376129363345,0.09099681255696508,0.09011707342017311,0.09622500861484062,0.09903048139614366,0.0362901556801336,0.0325344935252468,-0.031327693398203973,-0.09853795610626494,-0.14856771692260134,-0.2603860344205694,-0.4982227996178966,-0.7944966633837034,-0.9899828938045874,-0.7944679923456229,-0.4749840156081977,-0.24620296306257983,-0.108751888372382,0.003088511105004089,0.08691937615106211,0.12801747045077583,0.17209496775494476,0.1848944650015005,0.1822021701701401,0.17007479998027894,0.18487658901622914,0.1960602123666196,0.1446474382759594,0.09442073144147976,0.1251085500644874,0.17002229691237478,0.22294553393181593,0.22644781443641612,0.20044675569280587,0.1810117119785616,0.16160382243790666,0.16338986545267162,0.1146038100186649,0.06425082283122155,0.07677611064427384,0.09761041526005051,0.11635942017251251,0.13476767966772085
0.07501881818020964,0.08470046840103687,0.05122954080162987,0.02029102170213942,0.034570365699805906,0.052776084907346275,0.05418386624859775,0.06402180436048852,0.0757178653222163,0.11063828048298435,0.13985422969643044,0.17888678138378977,0.20184166150768612,0.22135045178409612,0.24552680117731335,0.24279352896203565,0.12991706103954426,-0.09581566531525713,-0.4315147175837852,-0.7989913054540482,-0.9954407294832828,-0.8682540641196158,-0.6000045389398588,-0.3749893761083352,-0.18714429633214313,-0.04260445558935154,0.049359456186664,0.08780531161371845,0.09339717461678092,0.11928350168952559,0.16879029599005937,0.20644661068393708,0.21273502567224875,0.17915416550305338,0.14403091446376143,0.11370514312310517,0.09919855475533423,0.11721609049408989,0.11962282215891054,0.09711873715632481,0.07151451428877931,0.06610081886082905,0.09020551586581499,0.10635007010615381,0.08272011773623072,0.07659506979714086,0.05666967961007472,0.047424886039150516,0.01704094970411107,-0.011044908847471575
0.1124287237576326,0.09365248254778576,0.01953059176657321,0.011991830357778822,0.07322114551321177,0.12647708952849213,0.13972440793215443,0.11723174813195093,0.10256382474840961,0.10669484116448787,0.1004593362582823,0.0609054841289604,0.08881183757985077,0.11862597694710562,0.08754992298777643,0.05596274471535725,-0.01629597742794946,-0.17837753530955358,-0.46403597362711485,-0.8419650655044396,-0.9773671762282671,-0.797766684999192,-0.48431492800319326,-0.22286918857879523,-0.059459120515959425,0.026650986562347618,0.061754241522371425,0.05756940264691772,0.06655712829816993,0.05223922350202632,0.058753045042774954,0.0807902582523338,0.09566193461062007,0.09255225948275128,0.09364215319855043,0.10964639416967693,0.12704896334284707,0.1617557930036166,0.19878254765992381,0.18380802807937838,0.1488671947269378,0.12698713674055936,0.11256282989247376,0.11675741958578861,0.12024291875468537,0.12719528333843408,0.1280557032753413,0.12047415865343165,0.08326425695454417,0.07500040083215248
0.08986204926917982,0.06721604431249945,0.11266135191214482,0.10503146734892042,0.13453239003210096,0.13516248415424187,0.13969291154855318,0.14066983305605057,0.13388732371082862,0.13043748006834263,0.1079411259493002,0.11092797551908938,0.0939838647915294,0.07931502354594222,0.06521058706760256,0.03609271516230393,-0.0592203512795008,-0.28953315984084727,-0.5550564323437293,-0.8397584798827212,-0.9885607844430297,-0.8751395219007865,-0.6366825887136821,-0.4154196153320276,-0.24147687597302891,-0.1240394130550631,-0.05429888495527491,-0.013533857027665122,0.04568835217467962,0.12219474257935144,0.14820466868998697,0.15618156611998604,0.14136939765517192,0.14555683790203855,0.1782688098649266,0.18610337505777327,0.1727169526580714,0.1660918512336534,0.16691901846127485,0.173349560941793,0.15779457048255116,0.13981794685460472,0.12819722236636716,0.1420467988549013,0.17056012361249137,0.18086293212158,0.19041184411501627,0.1766472545800581,0.1570812277575485,0.16403028321490107
0.18780216634112754,0.20138658604641368,0.23787072106089266,0.2620993420997143,0.29562977426352444,0.29889570482202127,0.2950314694543484,0.2342517488138191,0.22770912001203616,0.2414549133202483,0.20576986538909073,0.15626550597546723,0.1195989465964793,0.04722941686090738,-0.040618776849499126,-0.11539265352867586,-0.21737856473495284,-0.37082935363483444,-0.5785560397017424,-0.8346112621321075,-0.9908632145680194,-0.8266654809825038,-0.5176529898441965,-0.255141146863993,-0.08185124025750999,0.014870908659397586,0.07323204441342047,0.0877291441704174,0.11787161574419587,0.10949451837879039,0.08226860658888356,0.08323777466344484,0.03966918646663048,0.006220587883582322,0.029677621302187797,0.023577180657302545,0.08844077432117613,0.13183461385670822,0.12176525798326542,0.07571294774941013,0.05681898695703101,-0.0006565846667461481,0.014718857527458,0.05335825021753422,0.11702420667290665,0.15975672298483476,0.14746478104343622,0.10385866371228834,0.057049955437570174,0.023568819316817754
0.07705444042529867,0.057277852316762225,0.08193650899492978,0.1050796953734819,0.14370115779306925,0.15887092250537935,0.14571323268969838,0.12711165173910946,0.12059140767038587,0.10875742928686337,0.103490894116256,0.08809029175258465,0.07779238141421509,0.06874679841040979,0.05728360001578372,0.05827430386087294,0.03370589771461548,-0.0752798722998219,-0.3552284917777443,-0.7610345216624328,-0.9878567921898068,-0.847206339596814,-0.5501620680807462,-0.2939389386582808,-0.12515998754100965,-0.044639004977821035,0.0024806802172002004,0.05001780657518937,0.10489802694746837,0.13034594790180837,0.11209302574300675,0.09863988253764532,0.09487861701181362,0.086627197032748,0.09153249088133057,0.09671362231277125,0.10824038516300966,0.11110570526795589,0.1163381764821066,0.13634794009091306,0.15278053646964335,0.14859474385261362,0.1255182906103801,0.10910292962236258,0.08104990023555869,0.07310421068178788,0.06739891877269702,0.08749740021793918,0.1195575499310693,0.1221635661457426
0.10194504546111031,0.11579141795286578,0.1316123808367266,0.12427049067714903,0.12425461648834642,0.1237966885538545,0.114629984717027,0.10710192164765836,0.11260302381711941,0.13427494943680612,0.14273773641905993,0.13354519942169685,0.12060394972712063,0.09154168902816355,0.06912152202359045,0.0331724320145839,-0.04854271429198621,-0.19500399137392782,-0.46230691679656916,-0.7964823436113033,-0.9884194353979179,-0.8435103327371695,-0.5645904766631809,-0.3216822655179589,-0.14153649832195145,-0.0352154639611736,0.02425885323196102,0.06717145494915089,0.10684565407321284,0.1346758275611318,0.13552837451478728,0.1283509912770353,0.12192173741447858,0.11016146673611402,0.1176462763077246,0.1201992737842451,0.0993518815535519,0.08827197385478223,0.08621671256667658,0.09799728335101072,0.10239105357608096,0.10753820479066849,0.0993065925891641,0.11491782387499457,0.13493386681470304,0.15827871030795043,0.14715583630020126,0.12094613524280846,0.1042266663561701,0.08799473942165618
0.13515053523229184,0.14585953775220264,0.16113010905127306,0.18968183050926976,0.17460450353343338,0.12904761557107444,0.1047704767592071,0.060964068400394845,0.07302986604973428,0.10743980194427248,0.12075789928021481,0.11884022811647316,0.1090436870238589,0.12825490850094326,0.1350319308028311,0.11606408471492713,0.04035162512185085,-0.1725895359987815,-0.49822214704160417,-0.8262923902486456,-1.0,-0.8332622819937293,-0.5567278530923007,-0.3078497973912165,-0.15279296940930695,-0.07688371514903795,-0.037193600653976616,-0.021454018835912202,0.008878962836613987,0.041849980818998475,0.1007180531700949,0.12340193401698721,0.1433948534257217,0.136719586814428,0.14646892853054558,0.1535266092485834,0.15725994462214624,0.12601530030209251,0.12827569339473438,0.14875979551197613,0.14249493515524395,0.12850963899769902,0.09377899256655395,0.048748227558328514,0.052436634663109154,0.08008088088907206,0.09847341448020829,0.14258816067958546,0.1388636616440675,0.09200141212346793
0.15019140616871982,0.14510392244331788,0.16194905694994943,0.16116016978199307,0.17273346697304373,0.17155869283221029,0.1751619436694384,0.15864126056755143,0.13740390021751844,0.11421715756976146,0.1311983389950736,0.13472161165755375,0.138385679096364,0.14634575979179626,0.1348556835538252,0.06981515760814737,-0.044503447227632144,-0.2359339980259164,-0.5214164976067625,-0.806542267875206,-0.9944747367211159,-0.8736089433100253,-0.6036342599568194,-0.3459721549002578,-0.17993845928195867,-0.06543916497347364,0.006401821530230116,0.07174709226034584,0.08418749962127234,0.07450968310859493,0.10972942874934893,0.12072263005623837,0.16692733958148834,0.18834931034582372,0.18409404590896852,0.14668359067644593,0.12407386085485678,0.06906653087952706,0.04988167612598905,0.045729222282972125,0.053099381851431905,0.05773807039033288,0.0644704607718147,0.07046953221480093,0.07350275351876417,0.09510886900840992,0.11818772977978123,0.14059804019410102,0.12187272347473674,0.13086942881662772
0.02888090153966377,0.04822286882096613,0.05774440404999135,0.10537390546226165,0.1058076400529614,0.16738972937477636,0.17238284238432286,0.14347073532632246,0.15805852552956978,0.1566532594195317,0.16925284826095488,0.11689591198145478,0.08467958820932564,0.03933384978179238,0.053253384829595206,-0.03263613671254427,-0.11593234359438305,-0.24642421077557028,-0.4967495704423182,-0.7798210263220867,-0.9921700223713644,-0.8601054559737135,-0.5672400695674198,-0.2789705944390792,-0.1256280834850114,-0.013945906871905481,0.027583124436301648,0.0441083338109925,0.10247329390262955,0.1280831560507737,0.11659964629278141,0.08350584476765506,0.10345356804573623,0.1527412843228896,0.13686632926023543,0.1234414372399873,0.14200207677537766,0.11620891767426357,0.12000749790670885,0.0933033890995067,0.12308222596596184,0.1774660228148411,0.20158960719379868,0.20352484623317127,0.18397503054329836,0.19419679045742488,0.17532465153387264,0.1032167773791961,0.056101497168233004,-0.006632323343731118
0.03319047835811342,0.04571312595184628,0.04049335473793793,0.03292359897420577,0.1006589201311364,0.16580570048842552,0.14833402954379565,0.148505723532449,0.14040407763472595,0.14752577675327727,0.16359501636505472,0.17200485017944084,0.18505572362688014,0.14555911243417613,0.08169206381262449,0.06790228830530484,0.06366706550264725,-0.09816196418054914,-0.4224895622510084,-0.7879292717711716,-0.9896273177896091,-0.8726546278005212,-0.58441867433707,-0.30495579567850994,-0.15822200036394002,-0.10124447977822909,-0.031992899723212544,0.08414771729547328,0.16926007216418176,0.20181452210325057,0.19332358808477046,0.18907888814951546,0.1736129128488371,0.18070132773158218,0.20396823576162854,0.22448052544841726,0.22139595542233878,0.16464243254959693,0.1027661733165092,0.08110597553462137,0.0739067843620191,0.06377751940155413,0.03626843291687795,-0.0005977256837548677,0.05583279213596259,0.06680612308015567,0.020891071630389134,-0.001285767258423249,-0.01687986891534158,-0.020352000738382316
0.1078323658734061,0.11466837067826506,0.1124977302319443,0.14380065836062864,0.1558412636544542,0.15732347554152776,0.14037529228612824,0.1112219787887978,0.11586929815513573,0.12377796706233497,0.14313564358677486,0.15108921404456777,0.14035571360420382,0.13207210003654204,0.12350809967933554,0.11300082409478497,0.0777270912161502,-0.063321158705834,-0.3875026411340214,-0.7706803551136419,-0.9938016474815096,-0.8446223325791445,-0.5602891136124368,-0.347167717247948,-0.20473871224931803,-0.08692518554002521,-0.0116291539575658,0.05005718986497274,0.07406136217605502,0.0868869372156376,0.12103113319627128,0.14449408854535228,0.14560950008434878,0.12221859802247692,0.1098485647472107,0.10694236416852344,0.11762934358539666,0.1219377418549198,0.10634486465461528,0.13194052681888785,0.1334168946550172,0.09923010240508817,0.053460629340489035,0.05569811815279149,0.07813876972263858,0.0879003816677097,0.05704480707213598,0.030040167263650854,0.029713393265922754,0.04293545224635094
0.061581139819422974,0.09368494024500987,0.09579969330713187,0.09502770544031056,0.08952388734899482,0.08507598518973596,0.10478642338044229,0.1438531917527477,0.17600720537789039,0.1727245249197237,0.1410735853841991,0.15826904943694753,0.21611825585248343,0.22522314357465573,0.1971473413468015,0.14896904174076472,0.03346897152822489,-0.1966210275954976,-0.5079045019680216,-0.8370421020329762,-0.9938609194555375,-0.8513804625481879,-0.5796503643721606,-0.34870273966105136,-0.2055563143968454,-0.1178489491148986,-0.05264356902684207,-0.003793738139879653,0.04519855688719629,0.06659063345549628,0.10194967496951286,0.14434791751827875,0.15585435187478444,0.18540989981623718,0.2029242824655622,0.22281289968046586,0.22307208469015258,0.17392463291943996,0.09213616085890089,0.0021855666625381484,-0.011746077403134622,0.0019166628608936873,0.03339168883371794,0.06338992289566069,0.09611159233512893,0.12267876877854673,0.12886990393647874,0.12521108077400628,0.12436740437007814,0.15607299348647
0.11521125503147958,0.09002919623538806,0.0779806904131871,0.11085731992786084,0.11675685608450175,0.12788232901014346,0.12035152612294824,0.10945260441914789,0.12648403929541174,0.11857032355875681,0.12325495313449666,0.13632142340659126,0.12189017803233017,0.09993859885037988,0.06293631488002258,0.03804755982970932,-0.030170583648525123,-0.19348413604312723,-0.45473555691686357,-0.7790436809223252,-0.9903481109613528,-0.8182404342414029,-0.4672622026418989,-0.17795459689586593,0.008468259735893283,0.09244518441636511,0.12597447421089417,0.13472822595536688,0.1232935576269347,0.10465090636388819,0.10701407237002132,0.07570051941047172,0.08960773644543446,0.10410030220523966,0.13397588507264016,0.10394280182928527,0.05931849763800666,0.044960708886599976,0.06660577648612581,0.0915233324591345,0.09514600994593686,0.07289330205441208,0.019254336181525198,0.009429269609197917,0.005991022740142969,0.06295155810021656,0.09338850764715459,0.12519627727551633,0.13450931459877574,0.13020429477382703
0.11271437202352208,0.1189710228478228,0.10750795732162502,0.08636693191115835,0.10043063853909447,0.12572078727253247,0.13361873838875576,0.12996878865799494,0.13416858430010076,0.14833157180242174,0.1325718759620817,0.10765104310319103,0.08913645018850848,0.08068815287942882,0.10227738526965535,0.09628094450047947,0.02279653788381547,-0.15361203888271568,-0.45326734610541686,-0.7866023299266511,-0.996445363225315,-0.8499299385159402,-0.5617779552930319,-0.29630571672947764,-0.1267131583627278,0.0037629456793888704,0.07920556271158448,0.10627138285705086,0.11753531858107125,0.13048205646669472,0.12719818629122787,0.12992645443820935,0.14657203125236204,0.150151278202532,0.16773821046567153,0.14456288745203905,0.11223255100927071,0.09937126509404984,0.1061139225621685,0.12722059015801926,0.11485606598114337,0.08644998463677067,0.08335997024429208,0.09080392108091329,0.06596027848300243,0.05045494292691147,0.03153299831866733,0.038497988930254946,0.04025711861315385,0.04493415175263751
0.1197613220994868,0.10857207525910124,0.11595388753895128,0.13030619169686916,0.11404787486168166,0.1334120588336603,0.1644625210694043,0.164185987440947,0.17627898652125204,0.16561049104627826,0.15164187171089424,0.13016736168467455,0.11499948316532028,0.12845395278511285,0.12132560671164638,0.08342725124886854,0.00046969447369051335,-0.17152452816916372,-0.4572541815963706,-0.7742753872085302,-0.9865605381478298,-0.8456314859269183,-0.5632110270294262,-0.3372337987873565,-0.20423537070571363,-0.12795797834107253,-0.07188672310713136,-0.011905691441327797,0.04069759386267099,0.06475450866785819,0.07329113329249544,0.07924467761196273,0.10604902646421398,0.1258804225133231,0.1491744735274685,0.15279409673720654,0.14151014803242637,0.1268240420031639,0.12201502369356469,0.11521646878818277,0.12584264234913298,0.13490686141041694,0.12129776617392038,0.11206417935586334,0.09627298881125045,0.09147554507856213,0.08370302361978141,0.10047451771829657,0.12658757030437848,0.13852338229686087
0.11807894524362657,0.1256663165052721,0.1218134769922561,0.10795392483015034,0.13786570413296226,0.1565121273524487,0.1653520530143485,0.15197797930528084,0.13868128613247413,0.13724794892604442,0.1450069650715558,0.14872299869057254,0.13995152454661838,0.1317019331723534,0.11833710329026122,0.06298336470760706,-0.04885679384093268,-0.22521698188462203,-0.48216234201631886,-0.796394398552568,-0.9925921835357445,-0.8397907175366686,-0.5485032163726313,-0.3149859299918944,-0.14421447048144626,-0.04802326612341384,0.016844351628336127,0.06221746399179085,0.09815724360103224,0.11093874106975048,0.11629004010588954,0.11200613713957652,0.10182753265952423,0.12743661494880057,0.14796682899505892,0.14958921237860387,0.12840254097866644,0.12590974097927612,0.13179560573775245,0.13655547808522625,0.1238067764679871,0.0881020446777876,0.056927200418364056,0.0458617053839024,0.04927730009198738,0.05075308134294222,0.08135685855679055,0.10212251747919587,0.08782133330667237,0.08092029839749285
0.10183884935103618,0.12739052422050165,0.14649943276749935,0.14882892766140096,0.11956347804823343,0.12716561160109752,0.1412400461428862,0.12051868824597708,0.07973096149173571,0.05939998357785385,0.08169861862352766,0.0903299521617232,0.07292149975405708,0.05146094707759169,0.034001590486099804,-0.0119129017085259,-0.1032474320842002,-0.2643518062349795,-0.506668753360537,-0.8050411456775304,-0.9876158599106003,-0.8408698345518208,-0.5473062372927461,-0.29203335431107,-0.13491914498876162,-0.04938466121230596,-0.02267450020667799,0.011261670503948395,0.05431706937250049,0.09627126017379618,0.12139120840098756,0.14689717433391947,0.17531836219233593,0.18622525740881862,0.19658356501024385,0.18880735652268713,0.1911461226032372,0.17026976506897487,0.16021906070227035,0.14560186332750938,0.14303778104091674,0.14954128581848522,0.14633752728488028,0.12079944743957063,0.09262537903628558,0.09392755943289947,0.09900878660897024,0.10334652989401462,0.11712879495167201,0.15337369319960997
0.06071485224766211,0.10157369644186719,0.07160817230266756,0.16374542399452494,0.16492750979642268,0.14697860293184817,0.11345805843901877,0.10952598571278079,0.11595004029871082,0.11128621829878704,0.09991009968247355,0.0779051837543729,0.03877576870615199,0.0027294873467919424,-0.0477444646646256,-0.10116253761385678,-0.21097600758480595,-0.3732522228343101,-0.5925362654137715,-0.8442531853012462,-1.0,-0.9025537213152817,-0.669678866072657,-0.45381947461491845,-0.28086761855796083,-0.1459552495301619,-0.02539846815919029,0.08869597487522662,0.15444628329450716,0.21044954080462785,0.23327046971890517,0.20760091946491568,0.23727391358310895,0.27977996302068825,0.2957191760046313,0.275253010325996,0.267137494569231,0.24360067431821866,0.2245268521377328,0.22120555621269095,0.21345233946200085,0.1939211109018527,0.17526604285310887,0.17284572552584007,0.16491224430553728,0.13592168830694948,0.10779320416099215,0.06997235198288272,0.047413929193097074,0.04865051668596414
0.19583946965574595,0.1989743142864144,0.16736145980155884,0.19532925025043468,0.18640858046613745,0.12906412725301555,0.09997988363771604,0.0974982722632371,0.09559117852012847,0.1027148853842358,0.08469908372421023,0.06905917268902319,0.04384196954311693,0.033105995782777564,0.03713345177418491,-0.03338915269507654,-0.10485218369295973,-0.288802634896569,-0.5325773909042721,-0.8272582219513676,-0.9871623354181303,-0.8613396506572063,-0.5986786981570094,-0.3534435416053364,-0.19336364221737737,-0.10702844640647266,-0.06942908946315592,-0.038139311059024024,0.018205977519995302,0.05857724693572328,0.09816632322629386,0.14201958726409228,0.1900405746496518,0.240315695767196,0.2459949174638085,0.2273873365237594,0.21639150364475607,0.20413710400410695,0.18967955168589756,0.15289601884497028,0.16781663981740821,0.1588947924082234,0.13390472416743113,0.11526109241593278,0.10285444055461983,0.1037584054261549,0.09991682807953586,0.11447488921034929,0.13773668533766792,0.14043286914444558
0.20222366761565264,0.20706416418402207,0.10940431725724639,0.18783504773421858,0.2035913249179112,0.25675749405020865,0.2593415111815417,0.223390812306692,0.1722176000902978,0.12025463746847832,0.07343944930205364,0.09670365088398913,0.12278545289388729,0.1284773273383903,0.0637388737760826,-0.0422497351754323,-0.18028334710559937,-0.36282023657751267,-0.5594056005593538,-0.7872180889953785,-0.9735972696140451,-0.8508483917714197,-0.5758460338500972,-0.33543828174118245,-0.18378747451648292,-0.08280976379122429,-0.032702363478292404,-0.01199608638985146,-0.006729805059311533,-0.009194272668143445,0.02063906366428672,0.028495628603697063,0.02274396548248629,0.0524141815148211,0.09930879421592952,0.10534781686038688,0.1102329352268886,0.12123860343847531,0.146886204631154,0.12537180858185393,0.12537901141364843,0.08886056455367727,0.05610936602028188,0.08374787219559403,0.13801863129252534,0.18365475995734062,0.2497279218414411,0.2861005115621935,0.27361942061842254,0.24980435861755163
0.17784011426949461,0.18235102546004434,0.16316415621523844,0.15051799334953123,0.16306549388477157,0.14844900986544501,0.14388531240352767,0.1437808249056579,0.13798545074500726,0.13896127162112382,0.14379085982282527,0.13316539794930224,0.11815908901440973,0.11020288683763803,0.07623933824220365,0.017083830447591958,-0.08151593695541745,-0.24825893828039297,-0.5134308960438059,-0.7986805318340374,-0.9913581294131425,-0.8403357627396939,-0.5687487909657508,-0.3652219493505989,-0.21818336295232077,-0.10996853935824152,-0.03675555195787945,0.03591986552718814,0.11133740545428351,0.14047380556568828,0.16653416836459317,0.1851356602775532,0.18310553558227785,0.172968899365015,0.1752380522456915,0.15929001799552495,0.14104798745089359,0.11701933344253049,0.11447989565116103,0.11847228936764252,0.10621291393322868,0.076062882509461,0.07211708854067776,0.08570683697979055,0.08876619222425908,0.06790798600569432,0.05787372242893566,0.0740335811094386,0.08915736887586803,0.08495484592007073
0.05464448076075648,0.008365397252031352,-0.01121598234264783,0.019945906387408948,0.007932594750237365,0.027764850806787495,0.02900091427448313,-0.008403369157980189,-0.022367755138352704,-0.03608782156151386,-0.028985927475661484,-0.04412035893088324,-0.0377585113602813,-0.06323834643578014,-0.04617077532888862,-0.12010269039192943,-0.22359168107290733,-0.35365566808618015,-0.5555976867033614,-0.8062203821307523,-0.9837831266691038,-0.8336007145529695,-0.5189828873705414,-0.20624061225022122,-0.05590288456572535,0.02607808748703418,0.03249822985916477,0.027401131612668994,0.030433443661743345,0.11618750208679374,0.22499278532558217,0.28296901229514604,0.3521127212742464,0.4059715946767137,0.40655859685014606,0.3929845161439629,0.40288090953205696,0.38592929558991607,0.33219467775855527,0.3001077246402661,0.2518822509905655,0.21008534187738204,0.19189372222808962,0.164931143960556,0.125986245477874,0.07180721599592188,0.030189365772445412,0.010052597205566668,0.002551465076074356,0.029693459915504292
0.2128224211490824,0.22348057139329644,0.19683691664296532,0.18917703253781418,0.20219977851482948,0.2302614766696793,0.25508202796480767,0.2768358846931136,0.28386118903893554,0.3106865444317911,0.3033113647495081,0.282612495093484,0.24301872215011164,0.18535466335868786,0.12386985099310957,0.0483009114497059,-0.0742429612336155,-0.2535000023603679,-0.5212328470820297,-0.7876845334600153,-0.9712163714388771,-0.8527329340159172,-0.5756628090172865,-0.3321750372223636,-0.14396488633615373,-0.0843218054482435,-0.06050015230962431,-0.02084431559860383,0.0746435561701676,0.09438061672743249,0.10661867676716967,0.09503554894544225,0.10155570775608312,0.0650428560449857,0.022479331138565643,-0.004822886065299321,-0.000685520404639406,-0.03720706720009516,-0.04754916910274041,-0.05853207220539249,-0.0738295451109223,-0.057938775578911535,-0.019126785051804807,0.012116114744486714,0.04559920230529863,0.10514552571291025,0.135681021964111,0.14962581678559544,0.1750305310347209,0.22710411931501187
0.09723781213480497,0.10423103240748015,0.07461381770073446,0.08285167247368497,0.09148597736878969,0.06362144576301858,0.0570134015328098,0.00804858633359555,0.024470788624348847,0.015780129555343095,0.022689115766765928,-0.009450697674847743,-0.041297906015490785,-0.11628698617368967,-0.1497086149084848,-0.18756225774418497,-0.24324734548631452,-0.3283636236395043,-0.5620798416611589,-0.8417552441160513,-0.9893251290377977,-0.7563458455833171,-0.2952953817290088,0.14023371016026925,0.3799215395070537,0.49178595820290927,0.5102562873684209,0.49164925267461695,0.4589502918355112,0.4035932929588926,0.3382938308087394,0.2601261190308356,0.19185870423116647,0.11892745032500741,0.07520809119636075,-0.0032822172997042263,-0.02823353895694137,-0.04209860157612173,-0.05640692821140536,-0.11773669857055391,-0.12486150448742421,-0.05340000528900989,0.041636380817976895,0.08600793551542628,0.05775723270717704,0.026306506858868477,-0.005855267280406901,0.036353950325408876,0.0714571143426334,0.1302262069127677
0.08109202856393159,0.05732345416977829,0.07257469393083271,0.08661324968946195,0.10152792094894776,0.09742062379691442,0.11736649562842115,0.12621668628487195,0.1497744938594091,0.13241372113085914,0.13319547033881474,0.13084638984952582,0.14071255892424564,0.14492491997748122,0.1357529457727609,0.09858862021462088,0.0008654704616542023,-0.1851878069970275,-0.48187984268958145,-0.8104014264214549,-0.9939396842994516,-0.8531860245256997,-0.5827355461946537,-0.30654525555119927,-0.11808935046970535,-0.016815604729112126,0.03861442622896622,0.07478258132814737,0.10128958767655366,0.11490425776193967,0.14329703000858982,0.14162807230755972,0.15263405695629026,0.15153007310271085,0.15954046371101258,0.14306381998009843,0.14103576096568657,0.11941544307549105,0.11486356768065574,0.10797497616499768,0.0885248228685463,0.08062842919102543,0.0882360802646807,0.09657029310204805,0.09106949793766295,0.09575119884167982,0.07633017637978189,0.0695267229005745,0.07245056512004033,0.07790889478061507
0.10810943057661224,0.10109234745941391,0.09643632879319322,0.07939186463929263,0.09792089405969276,0.09607383097869912,0.0942805000339403,0.0937634816118457,0.10573151349465817,0.10718056536357377,0.11685692493374478,0.11592940747874958,0.10250577460451842,0.07438456213717613,0.04723280268583385,0.02354587118468503,-0.06729634661246106,-0.22731924165792994,-0.49078714294933534,-0.7855954901294712,-0.9800764633485138,-0.811368498743006,-0.4726502822902172,-0.1404232762074796,0.06219550681878335,0.16096782367385992,0.1896257481200457,0.17540305609886167,0.1611077550458024,0.1572081565734917,0.1472283809173945,0.11348481582642687,0.0974921067914688,0.09253345865285809,0.11277193910115674,0.07457425007294587,0.06689241321599695,0.033389442857861364,0.03470259780991777,0.06154472167504101,0.06230247123393607,0.08170358274407946,0.0699812076428705,0.06909957666023826,0.06382817087634436,0.08576601027374745,0.07646427837311885,0.09354107888798258,0.08555664069614734,0.0857154512624064
0.1546512971519014,0.11362160277939062,0.09821707351759244,0.06576183301343418,0.07240426672812693,0.06618196290817235,0.08010685772529334,0.10698363014676832,0.1190835960707919,0.12054800663716658,0.1448548307055537,0.1852182630790179,0.20139839281518818,0.1975250661580734,0.18377123668275414,0.15660917046249034,0.057749413079545245,-0.14363944429529904,-0.46194730032129455,-0.8025204599902448,-0.9953838379057438,-0.8731428094630115,-0.586767990394795,-0.3335478991531634,-0.15938620280977434,-0.033752646367468386,0.05509209068680797,0.12552362911187587,0.18132571863465338,0.206533903872372,0.1713239820906427,0.1398335291432489,0.1021285177544942,0.10852144868949848,0.12496266725756115,0.12946877730181114,0.10911114028128782,0.11410999452233414,0.1152690977654179,0.1071314398164941,0.08201468606094747,0.06609887843331808,0.08615958359278503,0.09134862830879154,0.09143058371918586,0.07151690933732242,0.015771762399046707,-0.009930895776541996,-0.00978737538042956,-0.009556606583391932
0.0034339089498325783,0.029975283989230543,0.033861930374237834,0.05006719595372409,0.04715061701512333,0.05179177872436398,0.034560530917926706,0.0368153357872702,0.0609907526953934,0.0893035304674904,0.1174174453401727,0.08832189578161115,0.04982688075731412,0.004133421603446091,-0.016620377333419506,-0.04236703000515334,-0.12491716389909663,-0.2597630818011904,-0.4740579627425499,-0.785747480768167,-0.9936481787902872,-0.7868342340333307,-0.3683387848537101,-0.006241792204581836,0.19504303543765875,0.26205082403995833,0.26299604741360383,0.2392533071431537,0.22059830915401354,0.19729094410841644,0.18563754677360414,0.17624146523774423,0.14356094894962687,0.10946332060024899,0.06756482664667658,0.05825280219257352,0.056685469264144854,0.07009698383258936,0.08943371021289251,0.11348822431631182,0.13475162258040052,0.13449153722149876,0.11821273268259587,0.10336482358539315,0.10106802699919196,0.09477428609999426,0.0594248924675615,0.017597068444740568,-0.01380787352297943,-0.036649303807265256
0.1243958909696482,0.08699935816133435,0.08782478722647004,0.10310182599992533,0.13436295933999842,0.14962308669499716,0.1573085329026905,0.16571794767158365,0.1643955493122202,0.12424215434012836,0.10657675049439178,0.10142433939436614,0.14146969444187918,0.21400048698228563,0.23532120841371132,0.20067752314439555,0.09671193994304861,-0.11390621116461828,-0.46086934965816506,-0.8168526161291451,-0.9983044215468891,-0.8447241451151642,-0.57204244557065,-0.32399982945510947,-0.1308227583057193,-0.029497921667410356,0.047454944040370255,0.08450856061389313,0.08824984021355199,0.1015342083497064,0.1454598587981946,0.13319331671422646,0.12925821036976967,0.1044224246252114,0.0825213098072697,0.0753660690198594,0.09144337705470743,0.10743729955642341,0.09171561788850396,0.0781670159261752,0.03791086447867894,-0.004322586653289666,0.005197754593365525,0.02384224694175205,0.06921607833843525,0.09666277531677853,0.08947077377906108,0.07543367999841435,0.07231496572504781,0.07040705768368956
0.1510738716953889,0.08171708822142891,0.07822369729732104,0.027535399231435196,0.10519991936495068,0.09893929757824081,0.07430853336371719,0.08040626710809089,0.10727955541017743,0.09992539278375892,0.0976050499457569,0.12931208628249152,0.12946882117072156,0.11310666973565801,0.07978392634776332,-0.0015679996069371596,-0.10044664074867019,-0.22293138526284495,-0.4136593054787347,-0.7388195245603782,-0.9939017162850912,-0.8191272556461726,-0.4980618665461336,-0.25551747565360616,-0.10804523424847269,0.007901741768061991,0.03217135865900019,0.020410980351725522,0.057445307063951546,0.09318880531128235,0.10485098003617063,0.10201845582876912,0.11855720865808485,0.1350917030163518,0.1031954027634117,0.09831436815353874,0.08878147542474134,0.08525751180463935,0.1316437335487155,0.17642572150999603,0.23288139798012178,0.18382644272647425,0.0813445291858386,0.05699617950107996,0.09821875675900384,0.12262006034580003,0.10853340302605612,0.15179001053083024,0.172692917675994,0.13403437687050052
0.10170449533026903,0.13002876399174818,0.17319977858041152,0.05792444910104906,0.0827839160968032,0.05357302020823469,0.090049876066718,0.10604465622034163,0.12124896733467518,0.09192266633319078,0.09730112985368838,0.07276812888576928,0.03192502229825326,0.08002167042323685,0.09015315893427618,0.06541331398234951,-0.01717812467911723,-0.15478904374285438,-0.42291073787372147,-0.7551905058858432,-0.9911431620415859,-0.8579115364733724,-0.5837029843755153,-0.34342822540799306,-0.16317875069790427,-0.016101873743362777,0.05622618149685259,0.05112898831937665,0.008075219883332267,0.01679955253043455,0.032919646628696314,0.04608134269750927,0.06903305026561485,0.07694430066518025,0.0815744705493494,0.1421150519058327,0.15910810428329455,0.13404055935948989,0.07932670139068519,0.05605492834988078,0.0863191455281875,0.14532042574391804,0.16334555859601244,0.18634579006470997,0.24286195247431464,0.21707623666973955,0.1872410525393988,0.1849798045638914,0.21862631902834428,0.21792754774620932
0.17153482348653432,0.10805831819985955,0.10770348381588182,0.11957560379554263,0.09448340277816267,0.10071255882275103,0.07937905132007347,0.05923088020664826,0.05388773902905454,0.07726299166147299,0.11103041878927555,0.04870083017507959,-0.019627683935998903,-0.10247576195383391,-0.1409743485673213,-0.11991822331574531,-0.15287715318787012,-0.26454704680839697,-0.5291402561173025,-0.7942426357653927,-0.9970509357856057,-0.8372672352654662,-0.5420423343066657,-0.25656562426769985,-0.06716262899311726,-0.012060896308462044,0.02548708430000918,0.043497940516879004,0.014696043194269323,0.05588853374971573,0.11307709217055882,0.17050285676175464,0.19710235844674542,0.21379492774793396,0.2534926138098333,0.2588346547298546,0.2697761330729595,0.24110868401076008,0.21535663131431296,0.1742287309142572,0.1392488637583583,0.139323523893699,0.11954177891095012,0.07468207043350983,0.0672645739710514,0.12539374808610293,0.17807669451100802,0.22199886292626608,0.21228316853282617,0.1797350927349265
0.12129837646602379,0.07881322535965044,0.05150267486525737,0.04158920319394699,0.0985286080034383,0.13324818642730324,0.13596038428144488,0.17586575666019352,0.19416950295921834,0.1780504359804554,0.16211957617810627,0.1458504391564265,0.14437579584631835,0.13800324709228787,0.037535963609279195,-0.03773158015757879,-0.05947601182863801,-0.17735918108169058,-0.42541471613000476,-0.7621193249005664,-0.9896372004704722,-0.8182361716892036,-0.5408446600943486,-0.3580597632743618,-0.2522707819474918,-0.16415342673377342,-0.11130806951363834,-0.05085157914632987,0.02451671117694858,0.03380190255624437,0.08438619283291592,0.10390338331646445,0.08450649075859569,0.0904291652108258,0.11652950019886647,0.17208112729509686,0.20483788931083521,0.20862661477900837,0.18866221173713088,0.14752750979828838,0.09615815276291532,0.13325999284980272,0.1621628467070417,0.1964081729452643,0.19424580963701663,0.15950936257266793,0.1277349144316501,0.12499089386984333,0.13307423445172478,0.1231980116895999
0.1285709505587976,0.11044360873254772,0.0781181367902588,0.07687279560196611,0.13227941632207638,0.18171637169223295,0.20483024270141253,0.18244259066443927,0.1431366813257201,0.09599409869398909,0.08195576332632196,0.05081920621909361,0.01845557555976987,0.03803324291882494,0.07894605826599513,0.04495825512725403,-0.09020810321447906,-0.23777331148516173,-0.47636338816892515,-0.7827979280660131,-0.9952174502459549,-0.8458170515154669,-0.5789288103597918,-0.33343004399399523,-0.1952097577850623,-0.11146327246797498,-0.05370414001720952,-0.04398359682913022,0.016764527890559464,0.05234149963474705,0.06912378064565532,0.09520527809607741,0.13184913937898468,0.14017601811111924,0.14483429019324587,0.15124398680203746,0.17258184538008955,0.15237352101077906,0.13777690344627827,0.15571544541604743,0.18452392259814557,0.18681000969075648,0.18636066422387532,0.1999834428862142,0.1837223307349702,0.21799152431472718,0.20640914959000659,0.16531159593811556,0.09478193925634538,0.05144304440968665
0.16668324558531009,0.14675387477614973,0.1563566311032484,0.1533328444448189,0.20570128791145537,0.18875311526054317,0.1446839232001649,0.11602778471422714,0.09161919913611224,0.0724203661994881,0.059432964554222714,0.03116303490994946,0.01563316961395968,0.023723450621337724,0.017387787191627722,-0.009290358515565405,-0.03048536197584632,-0.14303825989142793,-0.42119340831397173,-0.7813383870540538,-0.9889787845843862,-0.8301828441082606,-0.4992816517672324,-0.2922525036282399,-0.1417796636565886,-0.03469816789316862,0.04477884392331156,0.06436467394427746,0.05503129260594696,0.08139234463939785,0.08771849600118672,0.10080390259633652,0.09992870626378637,0.10905929439580023,0.11697520225206545,0.1415357761435689,0.13693982179712266,0.14522094968963928,0.19356688354825033,0.20513412945163786,0.16722840351499865,0.14496911600666532,0.11758958887991926,0.09634109246954774,0.060975856503692895,0.06855087013537514,0.08867198182436943,0.09689453556292527,0.08367740118259882,0.07549754883370519
0.11222578604011162,0.08273290732369439,0.09517970714229368,0.10537229126412936,0.15331122481665446,0.15030253969489832,0.14459715288006372,0.13116767959266,0.12365695414463286,0.12727364096823837,0.11812103893398739,0.09418493960891983,0.07283480901055434,0.03793353195102453,-0.014938598102853083,-0.06894221414266291,-0.13205251336887405,-0.2524140562538595,-0.4688552008183018,-0.7740225776722256,-0.9834077782845434,-0.8086862301344239,-0.5029669167033841,-0.2545946807310093,-0.12300103115054711,-0.04289250804877605,0.024829322623803565,0.08442674785270414,0.13810190590386465,0.13962530815400287,0.145144699012725,0.12974937101821293,0.09967367185868882,0.07068868915776544,0.06466326754140198,0.08262555199668987,0.13158361160936013,0.1458941677207174,0.13172516109238674,0.1186757981150623,0.11752253157433258,0.14224739230806183,0.16022441520171632,0.15901096032772463,0.12386554799811259,0.11382423553529894,0.11181516558922248,0.13406923363886597,0.14985854118388828,0.15803480502498768
0.12389512685649462,0.128992451616355,0.09638539202342541,0.12718542491176252,0.12508791313007928,0.11179089197617095,0.104664631652465,0.09153584498947355,0.09797279895254209,0.07388533944722038,0.054284208771018624,0.01009075059312753,-0.00438149040318195,-0.03428344735564453,-0.04211462735545116,-0.05271209501606932,-0.0900172836858732,-0.19038945683395217,-0.45378034442765985,-0.7797844345364772,-0.984514367805588,-0.8235187929808119,-0.5344470189199902,-0.2811647864171435,-0.12369080967393808,-0.02172271458331731,0.037128833496303255,0.056595499105232865,0.09361559451775316,0.12158132981265614,0.14880140554388369,0.14685135277562072,0.16887655091361672,0.17721476457828927,0.1915551030266725,0.17664822209762848,0.16513396452075216,0.15001396953866458,0.16479892702294277,0.14984875569879705,0.1401027203370315,0.1350942298902845,0.144386070054772,0.13742308147935534,0.10087546585225862,0.09929154305348094,0.09294795490404277,0.1459017221284552,0.15655481152228098,0.16950902320418804
0.07576737946849303,0.04237170897691321,0.055714362174929595,0.048705829405033506,0.09093219906672492,0.07962189612236989,0.10198927860299688,0.10797830133137377,0.18548854770346476,0.22520198215265305,0.2624770833196271,0.30083119608363834,0.3527627611199206,0.38395802748056673,0.39755081506983503,0.4005015300125,0.34963444432742524,0.1846158757327392,-0.22795740137491013,-0.702878458682683,-0.9898640695586473,-0.8668326085248821,-0.6336246134194633,-0.3655848145580671,-0.20322179265045837,-0.12201319597429848,-0.08433620331480293,-0.053755008097670406,-0.005135430700333498,0.010456788407417815,-0.00027558466022647527,0.012281507292400596,-0.008536636603835418,-0.04061516590458199,-0.03454348597147182,0.004918302632600266,0.04466571135313114,0.03586764841779597,0.021852533201136545,0.0015549522387924121,-0.040276883952652144,-0.008445653235273177,0.018484571123285436,0.0755455894088646,0.102090058897586,0.09847268004453881,0.07870306996329893,0.08141193743016056,0.07590477267337457,0.07958366594866868
0.12146351267760537,0.06831332663486187,0.11073490268451784,0.12203200381796822,0.11853524754006431,0.06656522765873583,0.056338731792339246,0.07217664564145239,0.12676998093847588,0.1684986999859221,0.228237301222537,0.21327210112256215,0.21927261249239788,0.16456157527124543,0.1453341704550959,0.13168529878826093,0.06767620861282148,-0.11453754824518697,-0.41828407269784185,-0.8015325739687753,-1.0,-0.850095889770449,-0.5606649395796655,-0.3154004001716477,-0.16596211754359627,-0.09292479730617428,-0.029752098865594573,0.041848200826892216,0.05203415095389805,0.07961691457209712,0.11237564032165015,0.10545323275364213,0.15740914153040117,0.16043101661034845,0.14384054859134443,0.10062891031938775,0.07439294691829443,0.03606159310583228,0.027427993458191656,0.037235893687302506,0.06571364240745532,0.10630442258294559,0.16043869440051148,0.22014625387737113,0.19171717816002737,0.11582823174331267,0.06176656857185075,0.03747751504516297,0.01142212484319915,0.0481160755309485
0.13911900945793743,0.07637739293755479,0.0688667902139329,0.07831301638398232,0.10581835468364677,0.1029599995016638,0.13483177771580734,0.15676919097140118,0.15493651807804562,0.13447288634122487,0.11289422172946374,0.10008010818564435,0.1187558816097125,0.16345058114647204,0.1330777738630444,0.10181503269567116,0.006482216105509034,-0.15207454806365175,-0.42233243349209165,-0.7722750724213339,-0.994507348778881,-0.8335056925533788,-0.5390251376556058,-0.2688130073827164,-0.10545716025150728,-0.04536969801586324,-0.015196967293063978,0.014379654301272355,0.04817419337078287,0.07705932948179806,0.11328047971965849,0.13508520683444025,0.13241117032816868,0.12936168198050482,0.11533115848357449,0.11961333787039237,0.14193752554530759,0.16173636983280926,0.1495579360800804,0.12299572279576915,0.10432656902711424,0.09648243646417291,0.09241001422237527,0.10456431916201912,0.07974610304778998,0.04443522987741134,0.04286230160053456,0.06447856428121226,0.06826222122477275,0.10104478875541792
0.11877279746495532,0.11347945011004083,0.09533726704158671,0.0729090905556032,0.0412974062911427,0.040500528494626806,0.06422516293970817,0.08978725593940376,0.07795116264457153,0.07836565350278114,0.058372377381091606,0.08501261710796189,0.11911840631175977,0.150115482444661,0.12740610838340652,0.07882050026457743,-0.018855265205675414,-0.18823844218801172,-0.4601527663892845,-0.791205760023334,-0.9953659198506355,-0.8285305600827254,-0.4954200491874842,-0.19914883907688538,-0.0053273214177177045,0.05262491136792299,0.07948702473420186,0.09522135741008296,0.09446211737085083,0.10011958419763904,0.12427587251413287,0.1288029381837439,0.1670187968201515,0.15783129726459355,0.15384219129175405,0.13786077549557113,0.12167570344680213,0.10436888605243333,0.08989021944815602,0.10655283516176327,0.09042249842264946,0.1042213031248463,0.05855242845465657,0.030369440531092348,0.042478461384962314,0.0741212054349354,0.09853724640037044,0.09638604006180285,0.10766554966532073,0.1539849723034395
0.08616475433016736,0.09418134399538272,0.11526925386208,0.14188236817354463,0.15020397875607594,0.14664688054578773,0.1474806356215068,0.16077744900735935,0.1607987363819319,0.15467979015350486,0.1502273125973358,0.13456222157947578,0.11546677105100145,0.10312687432577797,0.07292435300251242,0.01886458968038854,-0.05838910622408813,-0.181063518801275,-0.4231736053338771,-0.7807984544962807,-0.9895876846358399,-0.836157886373846,-0.5474701622371497,-0.322847482812857,-0.16481063165737345,-0.06259599798428413,0.02752320177340277,0.07218495252019831,0.10046272368074885,0.12798957695279176,0.13965243341667313,0.15803971522953308,0.16980924944711884,0.1412447344438655,0.12688022653878744,0.11525947595724474,0.12741147906960903,0.13572213162328162,0.11258914257442108,0.10346509837823757,0.11623290689852489,0.1106354203225958,0.11317464537151439,0.09024462726403476,0.05511300259457419,0.043225917714392215,0.038967567992137346,0.042367848962308274,0.060178080716907056,0.08526305805013597
0.21381955244351605,0.24269389779556014,0.23552194186239564,0.23245615802558797,0.14783116345075734,0.09926902696099899,0.09351348470460022,0.14724859578619254,0.15449783680672022,0.1086940193584185,0.10957104464189873,0.11309216103357873,0.10535329581819014,0.12312487437057809,0.06820261454338293,0.01906694411459521,-0.042387027515384215,-0.1696076924800564,-0.4505865374767367,-0.7887184229371001,-1.0,-0.8280918633146503,-0.6154682300830612,-0.3857955374745975,-0.22664767562218552,-0.11512277077830009,-0.09709884523399641,-0.0527370293162644,0.020593019650213554,0.04512563856644377,0.09716534340040216,0.1453203927809206,0.18363765425750364,0.18657813408644747,0.15582346494341662,0.17657023730167415,0.18444032814041833,0.15422584774812118,0.16624716179804233,0.15007680514808966,0.13094653432359143,0.059291165882113944,0.01620692098481561,0.048682235628658685,0.12045096138744242,0.1602820391364189,0.14934589187942485,0.11676822005538283,0.05650213741355004,0.03402488600226899
0.1514329744511215,0.13368813885957237,0.13548926045514076,0.13926639718026307,0.1293143621349685,0.11243412859386857,0.12008082079879866,0.1270121211409865,0.12790289031213894,0.14816678425398283,0.1643021463302424,0.17621888983658873,0.17816435389725485,0.1601285989229576,0.12415964088213616,0.07495999301683424,-0.014135595579396297,-0.1818250301355294,-0.46083939953374303,-0.7978548957235769,-0.9854580219010904,-0.8372882954605377,-0.5484754010621049,-0.30536280883377054,-0.14558374736268428,-0.0455236156405199,0.004981779437787736,0.019191365923196316,0.034279922238662976,0.05526620602664829,0.07597125981075002,0.07971164648490148,0.09286704419917836,0.11659477497060815,0.12269161254648868,0.1253833611226076,0.1047281787835813,0.07998385148799689,0.08322020803960464,0.09564635755379432,0.09899532171114274,0.09216798104917315,0.10291566903095377,0.1184318912919027,0.11379699472551572,0.0957646411028287,0.09761391929056754,0.09689590211434738,0.10644710696342083,0.10607831426043911
0.10807373524006401,0.09181296171172315,0.11488990479682919,0.1380666732915884,0.14704737634059167,0.1402020582068783,0.13518564519018209,0.12968546299218578,0.12877991145013393,0.1448110857354572,0.1713493054279415,0.17630229895799385,0.17889572125267766,0.14708914616087965,0.10622654659220895,0.05941634590954692,-0.019990537794019658,-0.1868870317337907,-0.4679689722295512,-0.7981222863803391,-0.9937050161066265,-0.8476723871927726,-0.5834800577809337,-0.3349422944178428,-0.17567198644216403,-0.04882823243235136,0.05273792021223742,0.11136204681942508,0.12905538886575157,0.1215300046227237,0.09925452511498487,0.08514424480117477,0.104104948716911,0.09990488190300412,0.0821379246038812,0.06497198797862415,0.06442745411609103,0.07310522479096192,0.1034379901720758,0.12316792545859756,0.13421353882320006,0.14474944507910822,0.14158870214942446,0.11455895381201933,0.06850378148398853,0.06139042670443885,0.0683774398054915,0.08900196420534394,0.09773910001556288,0.10496880299848806
0.07830203861430031,0.09843291697282386,0.1125838921136093,0.11780885310758288,0.11588559955435555,0.12669776506155786,0.13269154210571016,0.1320481937222507,0.1416744834359392,0.17374020615707841,0.18038101362837575,0.1565401547581192,0.1286964954387997,0.10570311214768234,0.06873891871062561,3.419312882071953e-05,-0.0820091719451673,-0.24619599804433343,-0.5084401796907586,-0.8053596518427857,-0.9890946250123679,-0.8233346404305439,-0.542844676380796,-0.3059834519732247,-0.16042403496428603,-0.050043000167940964,0.029732796328498953,0.06327070275075197,0.10019805350489792,0.1295242677998922,0.14467696323327153,0.15513754114002976,0.1648416306631437,0.1657631006558158,0.17608980045865655,0.16381899011695816,0.16303502015107973,0.15174340704582526,0.13819039060501426,0.1313535422337588,0.11817173589596226,0.09580535054535073,0.06662364516470448,0.05151366594346741,0.05120277363953515,0.05935516980348667,0.07211512726420286,0.09711367334837478,0.09285046753872708,0.06164223596316751
0.07122408451126247,0.08048106383174569,0.11701250423549496,0.07749899455807925,0.07459812524066645,0.10073584617342704,0.14893765542443743,0.15970134571409278,0.14726276872354105,0.12264411994408009,0.1011204006791629,0.08982338412780468,0.07816248576710025,0.08575912132368406,0.0674756280961396,0.03524761592045186,-0.0626715565427509,-0.23597538704304236,-0.49233612444880215,-0.8179005557447309,-0.9861348595407462,-0.8433901221631777,-0.5822169529213286,-0.3478041008715121,-0.16419060514745792,-0.05031327104645682,0.013387080294006995,0.024244896222526607,0.08622556294916812,0.149912201268249,0.17235006344519768,0.15921114284117852,0.14061476611347357,0.1391405917351629,0.14631640493514894,0.15053491957674076,0.1632968265438669,0.18725936639310337,0.16440517886805864,0.14869288071075767,0.14394530042032075,0.1351846117800855,0.1412161051341489,0.14895136507300796,0.1304426506213853,0.11564939293070166,0.12087852265629899,0.10094490674602885,0.0729132102818794,0.06953044365833809
0.1703811531194175,0.14098433269534177,0.12700233353593843,0.13808946934994504,0.1934394604876984,0.19716355791259468,0.1641344203819313,0.15004020365755205,0.15237442055761308,0.16624423104346836,0.15727518511604896,0.14769676512428168,0.1288767819524216,0.1021386634112454,0.08486521774658291,0.05020702798580117,-0.04974789473578791,-0.2726200520680876,-0.5324155320263123,-0.8275623267824104,-0.991342309834386,-0.8334549449705249,-0.5783214728458719,-0.3503186310560129,-0.14527188430635546,-0.027138553232331004,0.027365984494264816,0.056644022692558256,0.07534224041933399,0.10460956514709693,0.10958790857273511,0.1168318955327238,0.12152109084787324,0.12219965647426886,0.11274742548550387,0.10617711284177979,0.1166150900823629,0.11707188353664873,0.11197719749291646,0.10711976029648633,0.12034438779083595,0.11576849796269746,0.11369422773758645,0.11322951814151101,0.11091861594842903,0.08704895846825782,0.06831895369734782,0.05852939128376196,0.06793563452649151,0.07568135830672569
0.10419805320071467,0.08732236109989747,0.08361526910719812,0.0687172367887806,0.09610852777988431,0.0942069671257494,0.11138286243116659,0.11577557037768918,0.10423175210391243,0.07919766643142183,0.0650337765106546,0.02907072619845181,0.023134469233599075,0.0463879875004275,0.07485303215205796,0.053639759428958336,-0.028566785428214857,-0.1968403009418075,-0.47182422978866373,-0.8067256939847708,-0.9932547342297543,-0.8559962285486891,-0.6001305299682056,-0.36651233787232673,-0.20222218747593632,-0.07321049510959164,0.015513032007877884,0.057603987225447614,0.09015752478188575,0.11507034392461722,0.11641701081428417,0.13254905003429018,0.15708464852754309,0.15989308093239257,0.16982136502856465,0.18182387221434956,0.17397828054197337,0.1446548794266281,0.13963913586237553,0.1437937141237953,0.18179302947183407,0.204490459355858,0.19914588858897858,0.1762131109991383,0.1577670357928297,0.13367281963740113,0.11873781727540195,0.1293084988403975,0.1341664933669808,0.1251124271025515
0.15123985868668405,0.12002800206025341,0.153022581447414,0.16795357447109874,0.1823796874142151,0.18606999967589913,0.18714078854838617,0.19214746536545507,0.17371810838960786,0.14249506572407566,0.13730115905575999,0.12403938408119092,0.11546485156472447,0.0982259940715624,0.06825191881150754,0.008752505387297313,-0.08491550207765408,-0.2554714266508202,-0.5236386734186426,-0.8327265884971982,-0.9903018216632152,-0.8625394002288256,-0.6046060115227332,-0.3790281829512152,-0.22205891405147124,-0.1120222570462892,-0.030385683474781454,0.025002753852626253,0.08336737759798121,0.12650340583777292,0.16056624416187823,0.17260460100492167,0.18719237072683093,0.19486637239603205,0.19514679855887257,0.18501431061763252,0.18137638652603527,0.17367857433992592,0.14481215452446697,0.11829544624514694,0.09169097142427296,0.08654291319184303,0.07136065297156247,0.07102731949757643,0.06815102381521441,0.058201023863232226,0.051313407975394465,0.07562885980977477,0.0840851801224157,0.08303536776630487
0.20701434718766318,0.19198816812980188,0.16648477068794412,0.13833955343716534,0.13040351264011718,0.1411195459622006,0.1481278972347232,0.16397511337519674,0.1725165055077463,0.15017012579646383,0.15064870713830286,0.13832669860367147,0.10779841843310817,0.06814871130052297,0.018346299071596326,-0.06079489783825007,-0.18398900238197458,-0.32967730376522925,-0.5249626912921548,-0.8000088508501905,-0.9792335338828771,-0.8327714476039733,-0.5306477757850312,-0.2596008311575666,-0.08378109844267671,0.03549293646656957,0.07204526389461673,0.07643455061141113,0.08176414544063346,0.09505314198031692,0.11367450247418505,0.12605826304989817,0.14179944732273717,0.15039323868382334,0.14062489839242942,0.12794471639833005,0.09884695671060116,0.08531027749532337,0.10322326016841747,0.11393352533976732,0.11716541655973796,0.09281636861729696,0.06837047241448235,0.0753911867707718,0.0665421273180682,0.07039825716404151,0.09156210299146375,0.11949805931860179,0.11385110394840195,0.11386483896177407
0.042057684844110835,0.026923577835640127,0.02924077403561591,0.027879298047075358,0.05092606171650251,0.07295799724953278,0.11390318233687488,0.13005011124198101,0.13629498970112508,0.13409268097769853,0.13989458886238426,0.1555029075269725,0.15612985378392225,0.13546310178159354,0.13337904805755044,0.12887809233298758,0.051560487607044556,-0.13753002193593714,-0.46078755461071896,-0.8082912959461956,-0.991359461880687,-0.8363475824782302,-0.5495390853520926,-0.29400556946849443,-0.12310909184387724,-0.020503708825151568,0.04661042444752187,0.09933503197966778,0.13800209625091928,0.1484884207243274,0.15363249045015345,0.12480979651029059,0.1364288676424799,0.1504239422720291,0.16556755912094895,0.13702335848299704,0.12145342618706523,0.11657385042138316,0.10694093058662572,0.09984057222684584,0.0790951215215834,0.07550487264342624,0.07866964120806558,0.10150030918438453,0.09229545655418898,0.07065869681250812,0.049125216888112964,0.06962414730555243,0.08726777632945588,0.10746692865223968
0.07350779737220549,0.06268714192200711,0.056151644713711396,0.08750288433162653,0.0903126759105629,0.10037024808514709,0.1233028094457585,0.17532658068603857,0.1948629088916733,0.16476928870044466,0.1312851538975177,0.08399283578853402,0.07253835859371983,0.10239319184115278,0.12726345412616608,0.09337309629581544,-0.028300352476259283,-0.21593670263215572,-0.49476076853146245,-0.809996560697306,-0.9993517718236818,-0.878851902550849,-0.6109892802686565,-0.36931166821610084,-0.22006266744168368,-0.0864065212314115,0.024635535313364196,0.12002984112681386,0.16612384741866626,0.1839138349493392,0.2299590645526036,0.2311064732542065,0.20993441281142336,0.18724566871219364,0.14731716189549507,0.12645476624634966,0.11033471749747134,0.09823700505944978,0.08840754654688238,0.07829993982752442,0.0803376195357693,0.08306164426054968,0.07605004194968065,0.09110022294113687,0.10738606322116878,0.11800591566297361,0.1025897727380555,0.11559122816820898,0.10627192419156967,0.09193387738659015
0.08722569060837725,0.0367440928343364,0.04729842000216236,0.065504128334748,0.07884073665898989,0.07987865198159662,0.06926944091674711,0.03743179016523595,0.004645096382448375,0.0002776313234185536,0.004607052879672383,0.0163983772928873,0.01398746658483864,0.0206425392404769,0.02334702316183381,0.01824353929974559,-0.05309209653399807,-0.20358709851916543,-0.4964517915938168,-0.8217712696165298,-0.997684897929365,-0.8506643119554824,-0.5570471517463507,-0.2552530053835861,-0.04209167129519623,0.07168717341219938,0.1343994288770341,0.16605091584782647,0.20133523882186083,0.21940921222430626,0.21208988855247013,0.2164699128024831,0.21506761913424216,0.18931271154200527,0.1848286485343999,0.17969759728358922,0.18747877023027543,0.19235001679959907,0.16197619024564514,0.11653136933181607,0.11255459990052953,0.11625439247060979,0.09570435593486291,0.08843067024993151,0.0835861452867972,0.09088082046116201,0.0899872783902529,0.11146905070469752,0.11175063810740558,0.12399897175997378
0.10272563148426618,0.10144077747071584,0.09209836652948492,0.10530452429877334,0.18949115273004338,0.19229919873746432,0.21263665846156343,0.17249331325722797,0.19143235785228985,0.2266593073672559,0.20172192357605082,0.12402758257807638,0.01082904638613367,-0.02860743298336722,-0.034175027122415276,-0.027833346579197882,-0.08930580982583773,-0.22215075970922513,-0.46901877865078634,-0.7450776270447867,-0.9734085872274413,-0.8041947506354972,-0.5067842169947331,-0.30841453910731775,-0.16249984386590677,-0.07594338159683978,-0.051451398756091345,-0.042401462308490186,0.01609218934404577,0.06720437539558573,0.1132826244768297,0.1564126076415537,0.16892163795774615,0.168006469376668,0.19553519370423758,0.2113887115286265,0.19529829026316328,0.1090841160631728,0.06675197256158946,0.09655465406491616,0.1171180386268822,0.10706882526894552,0.09458421731718025,0.1189979498236383,0.09392914303750573,0.07977454058983478,0.07190950298888547,0.08464588035484823,0.11570937108585073,0.16983681020688132
-0.018114942192647972,-0.004251076893057001,-0.0059435702221527255,-0.013043104734598639,-0.05283468366420888,-0.0504838962013583,0.01368470018109101,0.016979081510581,0.025066064015789556,0.07974667329748338,0.09105687433737546,0.09888488875357256,0.1564218375730594,0.21089490575344963,0.2340937286380524,0.19278025056266176,0.11598769307313338,-0.07465092472280169,-0.42338264646864204,-0.8219361160274642,-1.0,-0.8124507896586444,-0.49985252165709626,-0.23023523472869903,-0.03214309476767281,0.11600251743030504,0.19223642842293448,0.23094206957583607,0.2407802696911251,0.22613784047823068,0.11855117401499429,0.041355700446786214,0.021662298305180388,0.07335275424274569,0.08234140005135558,0.04236937770402452,0.08372372818388263,0.10530469833060016,0.08053149135782903,0.05146505904236578,0.08165190111221893,0.06433130144317746,0.08594816992204471,0.14567766660987372,0.14076701015015405,0.12153908417006357,0.11942823517841962,0.107716173703567,0.10841417668566783,0.12149537798941186
0.02698619158919514,3.948387197006449e-05,0.027402277512112546,0.009070722305304119,-0.015248330473506341,-0.02616564430543834,-0.02564033993261544,-0.004989680502721729,0.023679313620388026,0.012560371564077013,-0.02822282301474044,-0.0558333766861716,-0.09211544317100608,-0.10062243761215646,-0.11474303048579466,-0.1572030328625151,-0.17289372992330757,-0.23886049439471693,-0.4652833815364609,-0.8094941503261083,-0.9975312705727452,-0.8733561947324168,-0.5679741807196856,-0.24560360502538583,-0.020054395722297856,0.1365233736086884,0.24924055830879885,0.33747546946991464,0.3909793329985399,0.39896762613515097,0.3945817730895319,0.3927456567168586,0.3857894342856096,0.3533837468757805,0.2966602352154421,0.2503330002427951,0.19153138456244484,0.14301985837658154,0.1122897333780575,0.08756174113255774,0.07876083955256864,0.09867238136040275,0.09639306327361837,0.07448523445040665,0.06915746291269484,0.07089790272352418,0.07400844886717721,0.0923873161900179,0.08519939160612544,0.05105221620345633
0.16162429374050943,0.17636177032076378,0.11038052743939267,0.0460425693441771,0.15973152783985217,0.18531003327969708,0.20595776638047367,0.19340126341454147,0.22002993336619792,0.2018853147381447,0.1354661331896087,0.06490717911734363,0.011067770497731432,-0.06989645650473832,-0.051348546911641736,-0.0830499338651751,-0.1395069199356297,-0.2830143931445739,-0.47324115510293346,-0.7681675835345866,-0.9924956191069697,-0.7716898566039596,-0.4520845504735482,-0.23693218052230422,-0.12618613647863888,-0.06374379683559532,-0.0396084196514283,0.003617343853270591,0.061654358337651156,0.15054348986217517,0.17899123853924195,0.14101529299826768,0.07190403409608562,0.047282825046610376,0.05504648048919227,0.10244611352667524,0.1287462586112069,0.08807196663753504,0.04826523397846989,0.07776884916829493,0.13328636597043697,0.15225517647349182,0.17846832957269235,0.14935053196345288,0.1467651254587126,0.14444235005092687,0.17776848055624095,0.1852530211408915,0.12172845834100468,0.13412814133076126
0.17425431867689395,0.14941689711199194,0.13584526845594283,0.10832491085139279,0.16807589692400662,0.17082650588969198,0.1897628690213238,0.18564326584031487,0.14799444571262835,0.10104854090890489,0.07029670744298205,0.03404992273174667,0.011854344763063991,-0.0022992079467042043,-0.025604805372382897,-0.05343508400257742,-0.13895420178654316,-0.2915231096444941,-0.5073142764510984,-0.7754989237076808,-0.9910629673795227,-0.8277956961775611,-0.517183082848634,-0.2815344706429223,-0.14215397238964814,-0.06731019194574535,-0.0072247768482164975,0.055007743989855896,0.10359294108211001,0.12788082926531782,0.11972494324066955,0.09932599477674157,0.11276160857620922,0.10688103866171746,0.09250380726973197,0.1166115151600501,0.14183496420280484,0.15921193060711913,0.15325802826987495,0.15765077385626147,0.1595390005874041,0.14599802476930424,0.15354657018749623,0.15074013314051005,0.1712452746213317,0.14482252928059342,0.12545954038653725,0.11929298806460074,0.12285345277794077,0.1417572400386639
0.12555713800891996,0.14291890933909063,0.11342810496056258,0.10642556327323392,0.141084757772466,0.13006713452793503,0.1336968624973811,0.1203366338526115,0.09176082126542438,0.13627569137627557,0.1494091371717275,0.1659025951258886,0.15154122982639426,0.05427627697969581,-0.025798431321788703,-0.08190920292383846,-0.14199784410123775,-0.2745843302095203,-0.47922300719354116,-0.7653837399207589,-0.9986415882967603,-0.867052934760894,-0.5565112450317281,-0.28539020893853484,-0.14598177017783406,-0.0697115040280484,-0.019308428739071754,0.0010585535458083317,0.015869804094412722,0.0822788331129693,0.13723205376105166,0.11392469925821397,0.08807197063214463,0.08170018042438833,0.09225759800498264,0.11067082911122532,0.11633582628189641,0.14310615252907902,0.17848086222031545,0.18225664051320736,0.17865248138898768,0.15985551906217227,0.17188723487964752,0.2104675345291956,0.18572789078276092,0.13967170483739352,0.1289149566153522,0.1490701750827666,0.14187547539180473,0.13944640360617364
0.13666994692081022,0.10761341751401361,0.1267463007838895,0.23171331939888967,0.16556255421957064,0.12434979613453499,0.10050493151672908,0.11838780802477258,0.10205680905528404,0.0648599682585359,0.040846694437355426,0.031681780128649584,0.04691522412648911,0.033537482525880735,0.0241981538704471,-0.04667618122471916,-0.1814947737803391,-0.33241191042378304,-0.5238524039468163,-0.8079551503775314,-0.9939664025821592,-0.8374029470023866,-0.5689470887136754,-0.33929466363443644,-0.18323478425696987,-0.052595012183955965,0.010273400944483075,0.026509671285506818,0.04587670497281109,0.0945887480411134,0.15120361735202173,0.1925247454444241,0.1770993041259765,0.1648932729813156,0.1395549118400294,0.09193337715635232,0.11223465859193206,0.14779600466324605,0.1583757778266998,0.16284337134847723,0.1761808227400115,0.1743892240616059,0.17325970238310795,0.19989802979021248,0.18111100252360082,0.14631059059384402,0.15020051520843575,0.16937119334245312,0.17715192669593421,0.18860655729732465
0.10574206683389081,0.1402470927205651,0.10341180331491302,0.09216459939691755,0.07319316720270196,0.06913576822457705,0.10575579309345219,0.12551970372957796,0.11417341283813998,0.100394293346388,0.11471150788866304,0.15183972385038216,0.19353070963412375,0.19554614868724074,0.16331086998770042,0.1235439702535648,0.05351241844967799,-0.11709620390331082,-0.42964871932674725,-0.7716186831114601,-1.0,-0.8713169254690785,-0.5915028216124376,-0.3898170972073691,-0.2763433246230841,-0.22058082493995593,-0.11056529420735663,-0.015475397958746848,0.024492152649588938,0.05609176950064709,0.14985798302033626,0.1419198594234945,0.2075104264002782,0.23314921268789154,0.19874224456885356,0.19800384646512761,0.21814047710017417,0.20645314186295896,0.16354001825068415,0.11447555112965019,0.08753667828140489,0.09204081334848603,0.11700544480249704,0.14463823323230815,0.10092430073933346,0.10044205170147108,0.07474896782516217,0.040558466584293976,0.02458992843937702,0.07337067489305132
0.10746812252439636,0.08908772741411364,0.06306909316724532,0.10209213460512838,0.13706253446720326,0.11786330560911719,0.12808278851713226,0.13663681718006185,0.13917313840765053,0.10371175286639697,0.10452965258944004,0.07372965451066706,0.0651941673478643,0.06626382648851015,0.06694767722124395,0.005344656552567618,-0.09781572523836672,-0.2462129738847892,-0.4867629117197079,-0.7731803947362978,-0.9975185054906326,-0.8284867783925531,-0.536698893918124,-0.28770149956408253,-0.135507180250835,-0.07205408478046706,-0.027573502401506113,0.0005983570307120946,0.024436299664300297,0.0707878005970007,0.09740702498973416,0.10614573689356036,0.1103570594614008,0.1262695324747782,0.17807712231393116,0.1861234173283839,0.23730357231137786,0.2156172706477185,0.20345797027584284,0.18560102517191798,0.14523274504157702,0.10348673365469079,0.08405625656943218,0.1210296734145156,0.12905005706956008,0.13162186884353141,0.11818243098148427,0.1316094681489694,0.1332156122301883,0.14358836579401588
0.08180048245398343,0.09548232331683111,0.04261343282710377,0.1282782414660513,0.15362502958756982,0.16257433071175373,0.20753607849179176,0.2303530309753405,0.22965842966496164,0.20879758046623903,0.1668329565030935,0.07082779450428658,0.011855074689066459,0.013750045159080744,0.04488565770518756,0.015094998912399068,-0.04408508956184018,-0.19690530811652127,-0.4366211833001283,-0.7564683874129263,-0.9916700586421723,-0.8536798929110792,-0.5822003713517994,-0.3559330543824082,-0.21623491595119662,-0.06093954064602114,-0.015226677895346747,0.034594198785910545,0.09577204703240079,0.10276236244267531,0.11890112044916547,0.1226950228844249,0.1720873963489491,0.2283418990672547,0.24017713859512232,0.15886133965836688,0.10388937461849812,0.044224530058605334,0.07776820436394381,0.06887490017059582,0.09658364900970455,0.049347562476309406,0.0656750459793035,0.10174822867871854,0.10985982534254102,0.12595365875445577,0.08979075847918615,0.10512608976372247,0.14039634858188882,0.19256829119495592
0.12327697702997631,0.10689003872814404,0.08999791856703637,0.09861438949288921,0.09803932040541743,0.06962855076414126,0.07383723670914183,0.08344515254691039,0.11284811941046964,0.12174481991183406,0.11628267359803278,0.10641253678946233,0.10188757023980728,0.10107238684080025,0.08779767221376555,0.06887207192888668,0.002929535486826575,-0.15741932509887246,-0.43396749503278403,-0.780676732992127,-0.9906015495545555,-0.8089345217123172,-0.5056129693460023,-0.2671898677475851,-0.10481141128675628,-0.007761767276716662,0.04531239788252804,0.06944251656744019,0.08401643214190037,0.09514312589614746,0.10224820710868987,0.08719292857704258,0.07483443540077987,0.04042184247759562,0.05428967898843034,0.09519408869128332,0.12907287174344081,0.14359019230711376,0.16214113771250696,0.15190434069839287,0.1562821839488702,0.15023287734143714,0.1329361495408446,0.11129654690709544,0.09375031699370676,0.10693227546574217,0.133231389309573,0.11587857572104239,0.0891512860020885,0.068902871960481
0.0490566684597542,0.08979597423931754,0.09210966474517082,0.10442691329692444,0.10819803137230799,0.15360973997886285,0.14696643914425997,0.13577628967907407,0.11874472796894098,0.15116941305956305,0.19966258579006976,0.24554546496944643,0.3138050725771736,0.35252233192672816,0.3692974959692162,0.3525550903987672,0.33224003011359515,0.12434590106951494,-0.2754063890216953,-0.756502934425755,-0.9930109943867609,-0.8555529184142353,-0.557006116610446,-0.351946819258829,-0.20498134899792717,-0.1447851489246794,-0.11522154731649338,-0.09174367739793281,-0.05564596517343317,-0.007281877627705724,-0.004284562034031574,-0.0062921998232708335,-0.009519045153592256,-0.009404704735625052,0.0014038516234518778,0.01697035359038761,0.024283738795418407,0.06897456479293995,0.0828327472305721,0.032346366420887084,0.033392570303791135,0.05354540150120115,0.06787605582745164,0.08089399295814922,0.06572547438683646,0.06373873089327302,0.09015991175641268,0.10209190996000764,0.10447235098207451,0.11005039352087057
0.09306202796590887,0.1004075989119528,0.12378113695203166,0.1141051141142114,0.16958793515254794,0.14092164546943384,0.11961732482189864,0.1107852546818422,0.09757772018558228,0.0690143078230186,0.05317981693150148,0.04946839168058567,0.037485726960603406,-0.00096352312414142,-0.052817307154272825,-0.09952187083776215,-0.12039410193845192,-0.21941191443979188,-0.44910073499962383,-0.7773249272304998,-0.9898544284640146,-0.8263734094189005,-0.5203815250089802,-0.2648379323370896,-0.11927694471345214,-0.019000338235935773,0.05471340150312077,0.11394482203138104,0.16816801075806365,0.18946115976763495,0.18174247352415038,0.1674484695536888,0.14538053567996492,0.13483021586315164,0.09883410191140163,0.09410025734064993,0.10875732755795092,0.1153712364129857,0.11393066967325809,0.11891438037515692,0.11262535665234821,0.11649498371021245,0.12586859965064404,0.147028866953604,0.1554495928914253,0.14506980257095015,0.14338855309472567,0.13589726656868026,0.13634311549819011,0.15650175670845856
0.1402091527052398,0.19433087324356518,0.2295968531277589,0.14912809980019837,0.19715447156091684,0.20530036652392716,0.178699273123757,0.14022049331314987,0.12824794133710565,0.07926988782652249,0.04796581432624712,0.04878422653650182,0.030794739955269695,0.04759140336406675,0.030129343271675175,0.022040793537738048,-0.03250905226975557,-0.150463766205306,-0.4101309968148558,-0.7755224368179486,-0.9979272224781207,-0.8191593100360579,-0.45798569027190617,-0.17142574217674827,0.023400261323723894,0.09940841256647145,0.11574916563035637,0.11153627169590347,0.08926117147814906,0.07153682574805634,0.045199419889517624,0.044636252191868224,0.02590713964648811,0.004118875373938391,0.0439468176770476,0.0633797265888578,0.06442491293701003,0.06182661902098357,0.032101843671182864,0.04458732546985999,0.0902090177762421,0.11928543462093893,0.11264738330051112,0.14055463169578036,0.13558534438837724,0.10286710620289746,0.07477811807042177,0.051748441035502205,0.09033522241932482,0.0866287430976481
0.012830097945559383,0.02688434399380566,0.042371722490001304,0.061831544380791865,0.09602642512532573,0.12891097003326896,0.15264415863776948,0.16657597701775212,0.19982000259961855,0.17012743867046265,0.14603965859232265,0.13239780747121238,0.11468553396122406,0.11208733546460863,0.0906528741406911,0.09797167528938083,0.06421909934236265,-0.002873157891578295,-0.30600927907300013,-0.7500076862294515,-1.0,-0.8547959018256175,-0.5692452691536206,-0.3236737652389431,-0.15351741505003413,-0.04319241824252245,0.00691734051212044,0.04851935653541843,0.12034050167178588,0.14398343039007058,0.14985072058574878,0.11249240744509187,0.10580245542182773,0.04987229342053048,0.025253800740936853,0.04637157155547508,0.09263099212751659,0.1460491204606178,0.18130539116402491,0.18008821438132527,0.12350281114613733,0.08620113969754992,0.09310035998209205,0.1233989741988666,0.0933183694688368,0.0559949089302141,0.02802007937697546,0.03967040490671912,0.054789133657656856,0.07976444977107067
0.15719233942204489,0.11411309306174537,0.15678847558775533,0.03211075206746303,0.019016747544806308,0.05970492107008566,0.0951036237782293,0.12216779925717434,0.15121788465394118,0.17047602985767718,0.18599311062815724,0.21462105147207142,0.24897379284717602,0.29206516503502283,0.3098594070158514,0.30469767312440793,0.23975857227366912,0.008882414280476219,-0.40952754351088033,-0.7914950652544679,-0.9985490709157739,-0.8640678772254909,-0.6273261666041955,-0.4091001734735637,-0.16298623649143007,0.012638456471065325,0.10641960099076135,0.0955974985727353,0.08435250009005535,0.05195547232204489,0.04665832563680841,0.062450387879764535,0.06362369552218265,0.05214864243747974,0.08125293842439268,0.11278367982896327,0.10907162958609641,0.04315794134687861,0.019635419130909614,0.007717600664969588,-0.0016916182214855961,0.03552518075256183,0.02216601832246105,-0.00769966075977711,-0.016526462426705253,-0.019452356583111136,0.01837611086797931,0.08410251666942985,0.15103084167148956,0.16501492130009754
0.1138588578579852,0.15772734614717956,0.05689563503492229,0.1450547693968178,0.15479145371950373,0.14578503728811423,0.09824168637646699,0.07000243184216998,0.06371485400024215,0.05967987254899372,0.03209110219993013,-0.0021845762550860653,-0.007949399690182631,0.005303037272938232,0.010325392272677383,-0.04528189350495045,-0.15743704771809655,-0.33088830247702705,-0.5506242056171714,-0.8149555300321405,-1.0,-0.7905177334887206,-0.2909045764936319,0.09344289153078426,0.268876221360274,0.2846675801155751,0.2534949196784119,0.20905180199017717,0.14870133046124875,0.10478746557684031,0.05526565869286074,0.04062435525614799,0.040433524118517535,0.03432237693297257,0.030219284544219804,0.017659158065575366,0.03368402540277559,0.04576558012236206,0.06131211289977024,0.06588392450550898,0.09153129740395059,0.10438636065633393,0.06160439886094953,0.03997532745731961,0.06762366298983967,0.124994801691914,0.16720149521795,0.15224162810534725,0.13612908769090998,0.1433915179905285
0.13053557599698967,0.11815897753067041,0.09852930564924255,0.10232394786669909,0.09479006123432847,0.07038547060319028,0.08768187272088906,0.10292072407773502,0.12260020099999329,0.15057899261294286,0.15214352629338157,0.16154447002562838,0.1469811267931356,0.1238468477749667,0.10717311518167887,0.04550078521332982,-0.060061955545584085,-0.23295171256612446,-0.4950476133070842,-0.8014907106618431,-0.9895148773871248,-0.8315565641801492,-0.5553209181191338,-0.3183542275181802,-0.15449298955551327,-0.037282487057038315,0.046223602279811704,0.0920610482820267,0.10014564823118734,0.1164558657526672,0.11482421455313462,0.10421751392220867,0.08672016534173471,0.08847716295417789,0.08517434614772472,0.09008066451910433,0.09149466865790905,0.0766485729775427,0.0834701908442244,0.09004285645346756,0.10307103001482627,0.11013649930516528,0.11549530644311749,0.11145591534780826,0.11903125165543871,0.13229330193822292,0.13210356633316156,0.17816749740991858,0.19929721224725117,0.19329095371114105
0.09767701483560844,0.09730744060989921,0.10317109535640333,0.12008542512721403,0.1288738121587641,0.14241533936259843,0.15510381733758702,0.16101836422834748,0.1655750823731709,0.15454665195616146,0.13261125470913268,0.11935146360829846,0.12902894800673573,0.14386149384827263,0.14195779158909083,0.08614483202898762,-0.03801755135298441,-0.23072205611219976,-0.511087478828859,-0.8248911497805248,-0.9862190799756031,-0.8535725098421704,-0.5931236737012855,-0.35862735951271696,-0.19663105697269184,-0.07919430081124842,0.004858462617979699,0.06675524447317761,0.10549808420477332,0.13349010333611877,0.13729940019717288,0.11087409980431938,0.0975510007701411,0.08511294086625491,0.09219403107732146,0.08725091511892072,0.09024918191218456,0.08994094583365841,0.09423574988423403,0.11175101925305528,0.13366553692114697,0.14851055222904966,0.13764954567626436,0.12488004740655985,0.11433008604860895,0.11156185837297054,0.11427559431934425,0.12512866368318573,0.1297223786967395,0.14657094705083024
0.18228994022577966,0.15570358131570308,0.1255649235454686,0.14184047336734032,0.15510271237119289,0.1202281680800678,0.08608557840231225,0.07273183640169574,0.07685764705179933,0.11089381461015224,0.09385885046262112,0.05636771577558375,0.025291560678030622,0.006782549925082743,0.012417100661506234,-0.037068460717975656,-0.10715894540834689,-0.26366049899051636,-0.5260125045357181,-0.8442472508010792,-0.9976950836297211,-0.8428333611733159,-0.5620381966047333,-0.28227915727210223,-0.104901446468312,0.012087913316450882,0.09409086142335227,0.15514343282064882,0.17892772605902066,0.1672689574923569,0.17009052964918767,0.18156257274237259,0.20554642898318506,0.210601335015263,0.20146212812508402,0.18830529166541776,0.18781777988241177,0.14884400244184326,0.11839197626513986,0.08761993206445043,0.06728060960090687,0.06167096916243472,0.07118838790205279,0.10253908309767877,0.14282918010311468,0.14053683734872693,0.11113066290599902,0.08096112456196894,0.0398048388424726,0.020175891255943993
0.06565120463823054,0.06677837382462576,0.06592135409561821,0.07886965614414171,0.09025818232800267,0.11408671509469034,0.13446890194146502,0.1366781700868833,0.13900690158257473,0.13785176065485574,0.13381180575773827,0.12500478778107932,0.10798064381077739,0.08547392294737549,0.069912721293584,0.05501059882215007,-0.034438124789545194,-0.23831839194054746,-0.5377317047413439,-0.8350362026280218,-0.9970688263262595,-0.8643885534898672,-0.6132796734144988,-0.3842420846271458,-0.19020717361056705,-0.06375165076221487,0.010705085487932985,0.060527861354241,0.11865697794285915,0.17638597101169065,0.21444930516313168,0.2193367811276675,0.21828988188684811,0.21391843518466874,0.19252507263328206,0.1578437153763392,0.13982067414933716,0.1417834431990117,0.15662458940064206,0.1648470357728151,0.1461544668861361,0.11692526410666496,0.09786564887501513,0.09085491718100938,0.08009727199585118,0.08354430003697871,0.08106218193848094,0.08535400780245542,0.08646158742533552,0.09766220958782432
0.09910293991314896,0.10451525584533729,0.08604551424278893,0.09309420674880703,0.10445605432447971,0.11697013913968902,0.13113243881047149,0.12685638694906368,0.12393787152399661,0.13073089337350177,0.13034697826074584,0.1129639061724474,0.11437168402840125,0.12588990464004307,0.1302463658834187,0.10571713534881388,0.012744313197654358,-0.17648693155944828,-0.47963808659760643,-0.8186263669540165,-0.9962935694029749,-0.8578707343865621,-0.5946444653604255,-0.3365410064672567,-0.14802147258804874,-0.020988024106755463,0.053091167807905945,0.10633715730901262,0.15053889401878875,0.16543453329040522,0.18575174256861504,0.1836245123610626,0.18843768506824463,0.16764605686687736,0.13607576979840813,0.11862804559225937,0.12771491683949077,0.12237400518847294,0.11829190588677016,0.11473989696960898,0.12352720961638303,0.12401269508336224,0.09410785059624399,0.06522419596230895,0.04651308263837907,0.042901422186879055,0.028370525972077565,0.031011670038246876,0.037384438368447716,0.04824928899203495
0.0898535036730531,0.07886606626052574,0.08215630535824116,0.09458585479969013,0.0940961429127638,0.07225773812433657,0.08377236829831144,0.08508819475664904,0.09315389090021212,0.09493560083643564,0.10728255646372385,0.1133094382703559,0.12909493192431787,0.13798042808563946,0.1537001826547937,0.14319667467740482,0.08554576557910001,-0.06723686000820993,-0.4006089493328886,-0.7870577329065753,-0.9932714551973222,-0.8531673586527218,-0.5877323580334101,-0.32677706705073345,-0.14792719005249666,-0.04020527241217752,0.023561066889556503,0.08511723320084945,0.12093225312827335,0.1430732486251927,0.15868121314668576,0.16666987217727375,0.1760061789812297,0.17124630488541392,0.17084276789797612,0.14857386507733403,0.12932527694156068,0.10641680607382867,0.10445257021165637,0.0968695384305284,0.09766822578920209,0.08249641677575917,0.07017396434189158,0.06504450441781658,0.04651404686330434,0.04702631076689428,0.04926111976370615,0.05944298325861579,0.06193503925167961,0.08377779317475156
0.25961668649682784,0.25849241777549387,0.2500516127659391,0.24366546254555957,0.20556149125018067,0.14090233424278562,0.09162582692713352,0.06750278864332984,0.07626005824676126,0.07045195872891437,0.05649198566627962,0.02578517302811864,-0.003193745873614817,-0.029735523076153455,-0.04069215599305813,-0.08643090346577816,-0.20935680495274242,-0.3621008530304741,-0.5798846951692131,-0.8157868285988046,-0.987155314895906,-0.8720403576415905,-0.6002798311379821,-0.3231381531458763,-0.1400247947121399,0.012732137579444953,0.1002963577036714,0.11121752768297123,0.18914916304992194,0.24108741119961213,0.24793896709925436,0.25688720340176063,0.20497691949145286,0.16209887762006253,0.11521515448254986,0.06147085761275368,0.07415556239940597,0.0425007722247065,0.03133003109305594,0.08143234548185915,0.09725775971273949,0.08161541556648794,0.06945516024659637,0.08866702171534828,0.10865441908225222,0.1592353736819936,0.22029192850538126,0.23289610758820856,0.17391916122530224,0.13893052992921662
0.1998867204610931,0.13667510112597542,0.1729696626804808,0.06734180813836321,0.07261853338117363,0.09829115446553056,0.160634615943456,0.19720085775221616,0.18568288946321465,0.14189098006596404,0.1514453882041102,0.1514111671131876,0.09956986659135147,0.0077724536126570504,-0.08454670529778865,-0.12989688766288848,-0.15619313520415273,-0.2292352667626294,-0.4375838916347285,-0.7445996125770585,-0.9838746256258452,-0.8185173908437788,-0.512665241606387,-0.29518180881683226,-0.14466154823366834,-0.029469639048308134,0.0031850290788172845,0.022272538427718414,0.00891445958457951,0.04737619685881431,0.10905751354579707,0.11872072818708686,0.13297376441054218,0.1036581608009597,0.0695130833824372,0.07146129940283222,0.08670893194550532,0.1179894537177453,0.13527129571082766,0.1484369142847826,0.1207937322145935,0.10726972434657184,0.10119436310734789,0.17635582719316442,0.17690474128912131,0.19087334768300615,0.1822155921069224,0.16575893065051905,0.1805859171667094,0.14554300921889038
0.09114328717582637,0.03104204336979414,0.07858598853761807,0.12926610990043882,0.19542284355459796,0.20925933169839225,0.19820283566778846,0.19587392499109804,0.20012393378239804,0.18583862583154437,0.17455700694467893,0.1394779011111492,0.08900953477418691,0.05528418396713773,0.03333594920973556,0.00974846701468023,-0.04941496330399983,-0.18704205028399498,-0.44189966555479865,-0.7694492284677854,-0.9902445711877413,-0.8445050486954154,-0.5935381299964388,-0.3934986569467691,-0.22694432604899795,-0.10142518357512814,0.0025511998341464304,0.03296608402443402,0.034707859792016,0.05182435988725677,0.07556240716004312,0.08245814625430911,0.09126964194021027,0.1122501546076499,0.15796554837989987,0.18633081567288737,0.19590053388828596,0.1591229414801197,0.14979021693053746,0.13605012896955837,0.10411280000842008,0.09708491261096933,0.06957489532749003,0.06996498442860141,0.06493195900691079,0.0833815110071969,0.12281197742356174,0.16690129240482304,0.17630656618396015,0.15796891930671583
0.09854801272991906,0.048993719390157016,0.02953566757482243,0.06621129969907019,0.047404684646883764,0.05681119740048402,0.12006180156242542,0.1270458950659961,0.14741324422326094,0.15312805837579788,0.15346204307172648,0.053439763986159565,0.016601861845880587,-0.01354138019448231,-0.019167848426525906,-0.041927831586861065,-0.0936333172002841,-0.19373395007872374,-0.46476097643960235,-0.8259450506576179,-0.9963421852786868,-0.8152804360813645,-0.5145007316882817,-0.2508732886526905,-0.09549512966766512,-0.04021977383249249,0.002461014811681728,-0.0012890792347276853,0.0066499850075280535,0.06731485761244217,0.11053727235666354,0.16363888378472685,0.20254236066587755,0.2299849385817896,0.30635647484255435,0.2963513832967513,0.26498282509896015,0.2268177399054965,0.21560973792395643,0.18329573304375,0.20332749615214743,0.1847700485330332,0.16061331508663915,0.11672140094749324,0.08577295233924387,0.05480734858630801,0.04302258425165798,0.061325587786741714,0.03207383938889989,0.029075949443079684
0.11080627756708829,0.0005484606629637696,0.11660827597284636,0.052324601417632795,0.1885204436147915,0.19459826413043096,0.19998134349053012,0.16988108054320947,0.16976377885414826,0.1592654592706767,0.12289284496364926,0.06640942715874219,0.037938008459582215,0.04212904861926591,0.01866575599788402,-0.05775768209250112,-0.16184562036922312,-0.29006475537386817,-0.5284629438456155,-0.796098899631053,-0.989895379580858,-0.7777312084626649,-0.4936570725590614,-0.2717353463007502,-0.15105666679286706,-0.05579236227580512,-0.004514640930340174,0.032838462400513,0.07486934735747473,0.06274183148038329,0.08301736947104311,0.11833527076736053,0.12029224579255314,0.12488146709274757,0.1286324883733716,0.12424634993569947,0.13839303754772636,0.17777825190739766,0.23617429548489427,0.2397201707434443,0.21756737808841767,0.17368300839942358,0.13674459845437248,0.12167765500202313,0.08072411323580472,0.10997331843930838,0.10781847039392996,0.08273638298622055,0.10336652069229532,0.13206747344476086
0.07104195249036456,0.07810130034365706,0.07984425783228288,0.07400981808133969,0.14666758557956755,0.11072231336273808,0.12325274695183955,0.12106464763952829,0.16962414740898932,0.1904613133866062,0.193272167244264,0.14535213754783888,0.11522743337214196,0.07291798280412763,-0.028944470960412912,-0.13073053617435584,-0.20983666703947368,-0.2916498505027825,-0.48879710067506926,-0.7805419173781817,-0.9972287905217125,-0.8266930269737375,-0.5514714983271727,-0.30288426224901205,-0.16187692253069363,-0.0892146659241239,0.001588913366469754,0.08991972167322053,0.14505472450516202,0.19303368029487364,0.17386327916330477,0.15459390497399494,0.16723993066830578,0.16192193890949633,0.16503481406157267,0.12819504199839013,0.1397877544536221,0.10177895672005573,0.12413020383710098,0.13905592962325886,0.13449554273348274,0.15375703857859113,0.15849139372380153,0.12730771608749297,0.11418568775624656,0.13091672266609267,0.1200225569163577,0.11020767117640112,0.12691829091181747,0.10680849041233033
0.10442914650452707,0.07539276065478719,0.06974544876759732,0.11379307317905588,0.15743016938349627,0.19930764020734826,0.2475178569609227,0.22377090439001127,0.20461394361545504,0.201773273353491,0.21438470434486523,0.1932223896361458,0.15024173029130014,0.07142078824843132,0.003228888232345537,-0.08343938846159464,-0.1713677789949818,-0.2854611782231825,-0.4930897371554054,-0.810561673632254,-0.9990960451977401,-0.8434675141443067,-0.5479115799068351,-0.31003948275937476,-0.2125076622394542,-0.14509247954963495,-0.14369470748395888,-0.13297402653794807,-0.12224949715476895,-0.06638835905069945,-0.03490471460967967,-0.029019022295766108,0.036172456020740616,0.1348566397023504,0.19388404354932878,0.2008507781623901,0.14546679854628347,0.12740802091161155,0.17982446165702992,0.2289766452014028,0.22294668078737576,0.1801265883395274,0.18009589202468448,0.21322258192736723,0.21862912668912518,0.2071021316586542,0.20267847132407568,0.21568357176329084,0.18451882976482203,0.12854841159774502
0.13976910534820727,0.11310246201710447,0.063861457639412,0.07282571488999061,0.16600031147082484,0.1760519387391571,0.13867720513559184,0.1069062769292328,0.1150172279183983,0.12208383875134772,0.0822702497010879,0.05388193538904175,0.0035624471374491014,-0.050842831476732075,-0.07671226043476255,-0.09123501662146338,-0.14540933469754053,-0.30459605939973755,-0.4923871955861191,-0.8009133049354483,-0.9954905063291136,-0.7968720024875305,-0.4915445002727704,-0.2558623045496527,-0.11959760877940258,-0.04002861054455762,0.023760327318893222,0.0831213529348593,0.15349305874345764,0.17051699232890383,0.19450527495052855,0.19841910216606165,0.21117644513667985,0.20028640224217367,0.13741640238519398,0.1496595233076409,0.16045627042509644,0.16235722967032223,0.1772526634671242,0.17112056294532063,0.17812832514784796,0.19709517056295145,0.17929726013817887,0.12445898853932222,0.08478359280436684,0.05561553064661099,0.05792726247121808,0.07418110842309737,0.08362944600952889,0.07882307228260621
0.06800128726144429,-0.05673463875830461,-0.06386971589652703,0.05962828885586734,0.19555586309145628,0.151299718994615,0.09398872951533706,0.02021711001788532,0.08354538028539286,0.09579697908668608,0.18319753034395478,0.1751713593647208,0.1497627485121132,0.0930884624048917,-0.015991716598586267,-0.06479000952274622,-0.14571595654873087,-0.2645360961995217,-0.46413483560607843,-0.7585545089862643,-0.9836351106775493,-0.783742487128361,-0.5063446099757678,-0.2490192835321721,-0.0764050642928976,0.03449527404328922,0.04069387307794166,0.031019448119619392,0.10663744097683317,0.17302051058776177,0.20938952858415696,0.15872753256304023,0.13572687888748605,0.11676846133770448,0.183406745034522,0.23682702112791945,0.26996895750096706,0.2189108697972488,0.19661941192886648,0.16909138136537016,0.09611027099313506,0.04992987524740912,0.016215114838991393,0.05253575870355073,0.08347165934951264,0.0916655486459886,0.0672089118186182,0.06241974688800464,0.09925049443905426,0.16410986013215081
0.153023725184791,0.16013272022780134,0.12847223761303356,0.1524375049043857,0.19191842713544896,0.19875514606778075,0.23357126004106107,0.22189758199555248,0.2073209137577965,0.20590849930996705,0.18255423890819664,0.15079160058848567,0.11235366869499426,0.05980175244397597,0.004746857280544297,-0.08382503296895058,-0.18021522895852743,-0.26453287611350046,-0.4507778107356416,-0.757082957522707,-0.9919412002819203,-0.8272629719506505,-0.5164186939508314,-0.3258794176547994,-0.25975253801459147,-0.19683868614253228,-0.13061086821065818,-0.06908815887784706,-0.016545115768063813,0.027931090587599662,0.05595796997978176,0.11705813763239216,0.18047001493776674,0.18264579475412326,0.16979073562630717,0.1629202805517506,0.16083059091977545,0.19035749116116102,0.1939940051119641,0.15094576204726667,0.12374351167413751,0.11339430690638672,0.11362812310646996,0.1046719301700394,0.08488562437405396,0.07317858725957838,0.07751888496037786,0.11352450847419128,0.14094710778710212,0.16869096497518005
0.1104561779476322,0.10426004051688617,0.12041597627966197,0.050623762633282166,0.08762720626021961,0.09925055610593883,0.1420795413197077,0.19919333772065315,0.19821447613388007,0.11073770528817438,0.03796466625641645,0.01447720855435284,-0.02734680505592268,-0.07339109957188472,-0.14797500341934322,-0.1802231944134133,-0.22386542537416446,-0.26876366147570174,-0.4508813160041008,-0.7697701209081363,-0.9844643811727992,-0.8550476560952345,-0.5733129503759977,-0.31854073182166276,-0.1646302127324433,-0.06426657304050333,0.036798443542479665,0.058119502172635694,0.07491635172907601,0.10235402412679212,0.13872765785001473,0.1489626423379373,0.18230788151899074,0.17976032145481416,0.1760242577954155,0.18792194954037486,0.19598904534891654,0.2005158631864923,0.18668013740024358,0.1628613041285626,0.15874898125566395,0.19762469061825674,0.20360289605848866,0.2002626067939171,0.1783858003326399,0.17962305316867247,0.1637474200925004,0.16398394483697734,0.17503765699829493,0.17422204415634485
0.0764754742973847,0.09885398331603924,0.09282520092563325,0.032519747058529856,0.17410195513863228,0.19668104318892846,0.17844351237857786,0.16570283020856919,0.17557308384691592,0.18078930565988363,0.1576345185599539,0.19026854258399095,0.1532892339918964,0.09023338350526816,0.008676069742966438,0.008047099320866589,-0.02385099213471869,-0.15252157049337953,-0.44389047139168497,-0.7765770757302406,-0.9908093278463652,-0.8494799924532482,-0.5597558482589566,-0.370627230836515,-0.19939122591063427,-0.10232511521781334,-0.003993116859269909,0.04778217686905801,0.10638945930752887,0.1664743400057736,0.21500052896012237,0.17775655572056526,0.18371891339632984,0.16844995056146286,0.20264009438768457,0.2391011506667913,0.1803755304853085,0.1454367562492381,0.07692176351572969,0.04944786388277381,-0.038934844867077614,-0.0402963769185031,-0.0024019651292889054,0.09237127495892047,0.09506642997418177,0.08698209335820273,0.06601645937975913,0.09966896007095381,0.09039114656720942,0.08474872200606463
0.19443886004384686,0.16303402301922942,0.15270808672793174,0.11668646708638569,0.15236237551881912,0.14453750861734102,0.12825391353630963,0.10996676361076939,0.07685073586390605,0.06395671355517547,0.05084523345353278,0.010313891454926769,-0.02699482863190343,-0.04167191216424199,-0.04702553806730391,-0.02191668966586015,-0.052504726879068174,-0.18398954905507336,-0.4478213847727403,-0.7873005421073124,-0.9933977100626157,-0.8448556945857414,-0.5741633434400959,-0.34237427014743277,-0.14535204252016382,-0.0009715718673372693,0.04509093632264475,0.07298609493749764,0.10768323039186095,0.13293468576649684,0.13124870402696096,0.12708792838635383,0.14745511722555102,0.1714770894704327,0.18481761556712895,0.16599920992849201,0.12025681409469278,0.10852592657708032,0.10473353121129936,0.13205166465506354,0.12026320848537887,0.10816288495348558,0.12010807588842153,0.1522340040173582,0.18215602417544255,0.19698472258688807,0.17241924522427632,0.13087447770670713,0.11812315328526672,0.09271088659393621
0.1105923505040662,0.12231915802076991,0.10633508075598516,0.13298392895371783,0.18108802600392357,0.19388026873958605,0.17678873403832895,0.17933807082380593,0.18840363891883538,0.20528904120937772,0.19843232550239784,0.1633338981821222,0.14321202050461945,0.12554869717693543,0.12906040293826535,0.09627999569553787,-0.011928686370372879,-0.20547700177005196,-0.4897936142795422,-0.8201086484910437,-0.9954826320706844,-0.8625497362246423,-0.6007477569867188,-0.35369978368103555,-0.17872169817984607,-0.06687761846520472,-0.008641446617606892,0.025216297758561053,0.05994320435698682,0.08854159390168542,0.10672646878476134,0.09917041610630946,0.1152603581659127,0.12108819244212564,0.11118341969916422,0.07984721338960636,0.06230682718673628,0.07424957434946937,0.09012537347296022,0.10191969064852946,0.09748381808566899,0.09655246871930409,0.09891122707188142,0.11069428374091604,0.12073170141926456,0.11183662801104471,0.09686770141789999,0.09446181244749709,0.09145527182594852,0.08656944216624048
0.1382491704196893,0.12655547269735565,0.1161875083465542,0.12111142480593595,0.10259656171632572,0.08073217484955426,0.06348174154154569,0.045652626565167824,0.043131345751303965,0.057752558039724164,0.08850528748157417,0.08646572040084308,0.0858013248263239,0.06389928288100614,0.01985751366509959,-0.03298229046770778,-0.11629659333510266,-0.27974843801368693,-0.5281901535210372,-0.8180301091478728,-0.9931381319641465,-0.8569502288865941,-0.5775270611499699,-0.2813127903188444,-0.05035033704921713,0.07865860475574324,0.16386496023980263,0.20052956125677962,0.20623634375437258,0.20206142928565796,0.1957274553599225,0.18372862431373888,0.19807890484086543,0.20247357778623623,0.20755083910745634,0.17491474459618328,0.15020762042331565,0.14050555938489645,0.11631403503518195,0.10057949570049271,0.08665705319726799,0.062323430690231205,0.060339658313508036,0.07648522080434689,0.08639295706188266,0.09539366569572419,0.09832276724581161,0.07797684121607006,0.07142134763888498,0.05780172216180166
0.11019674108770557,0.10204352819577685,0.111544632998835,0.11393846340620735,0.12481687010707138,0.11734134180312923,0.09912847815252147,0.0825994165641265,0.055697949520858395,0.013254586154085328,-0.006099395799990587,-0.03833090956686141,-0.06404780249387791,-0.08974715287867321,-0.10973728504373889,-0.13116085194031968,-0.19337550063626338,-0.32993323594082974,-0.5518057800074169,-0.8303633211469238,-0.9921897882511311,-0.8472402405917407,-0.6134694472181217,-0.3638342619198769,-0.20497379139720773,-0.0944022629530112,-0.010472360048525708,0.061956861274082294,0.09481405960935578,0.142379924250279,0.19031566545059972,0.23475787971599008,0.29737107865644097,0.3155625996878653,0.3305380810919053,0.35962865486513956,0.35831665576700455,0.33737909637806107,0.3007920462257919,0.25739241678392655,0.22148757405886885,0.17983402533125153,0.16512400153799087,0.13890457265772263,0.12069860752485914,0.11270513160754382,0.10214658414112429,0.10229544353797557,0.0670025900997327,0.04921782959068188
0.10589485900580596,0.12280833635461227,0.11529226052859255,0.09876177167100451,0.08656814378834111,0.08412189719937806,0.13212098113766269,0.17498400662333038,0.22575957582574685,0.2579979501079178,0.2941796971818615,0.2860951387533656,0.2574923330756135,0.23088966669068825,0.2163207482950714,0.18930672650672886,0.09800590109097922,-0.07264701320589151,-0.4130217136365149,-0.7930967567328946,-0.9909127090311232,-0.8639285264805844,-0.6132019873833517,-0.3758220068512559,-0.19712160574593077,-0.07471755784374362,-0.014855563482487894,0.009269701012112939,0.05318299328857364,0.0876991086929947,0.11543981504288031,0.11684215874531367,0.08961051041153681,0.04221653606189367,0.02883945131211603,0.010959368385538591,0.0065117737335909425,-0.004155780603020652,-0.005183891350823958,0.00953111594484495,0.024346503326939214,0.06596598332754028,0.11791229962627953,0.1505929517194167,0.14436701529796891,0.11748649743776465,0.07937308020464132,0.06387603600890683,0.05372281992428204,0.054319399005787077
0.043007269797378546,0.03625873066483472,0.07162807780880301,0.08305183852581775,0.1059050855443427,0.10821487996032328,0.12315324881493175,0.13184965856999625,0.13989898536420178,0.14073706030162644,0.14184152033179248,0.16988583369743998,0.19700195215099348,0.20237446774602993,0.17109928360293253,0.09946841171614142,-0.00791228193915059,-0.20746854180817728,-0.4931135042584927,-0.8099962119306416,-0.990439413562797,-0.8712527435836807,-0.6038457036862177,-0.34192147300245945,-0.15634942041735,-0.047438408403095794,0.02303850193217494,0.050127490040332144,0.07055297607821773,0.11581002472287864,0.1495512641136539,0.15730175441215372,0.14797866242122146,0.1483762478044754,0.15677474880276007,0.15533885537068753,0.1507386536921547,0.14139180660865033,0.12093393368702988,0.09289748429478678,0.08831067957612714,0.09856685713306909,0.09973929830912402,0.0803392677444928,0.06632915698042054,0.06445352247445331,0.07143385673406562,0.08954651779966627,0.09870395152008087,0.1261258857417997
0.0794762994540381,0.08553980233944848,0.08260957466034682,0.08058809446436944,0.10004456678681214,0.09552909700661036,0.09297246769580056,0.09844436926054738,0.11899873792706586,0.13179097879796137,0.14045603618430022,0.12629107772217918,0.1256606220956577,0.11734746020657177,0.1277101556144901,0.1186330860037179,0.04205136634823711,-0.13272781498188746,-0.4441032111706195,-0.7893191290117191,-0.9918018535282681,-0.8508087079403196,-0.5727612693678857,-0.3251986073175492,-0.15923688961353402,-0.05202771448355264,0.016639636860317115,0.06434867600559985,0.11708601278903513,0.15249574006929087,0.17400650211261448,0.17981051301797177,0.1890052511580934,0.16267765898416292,0.15179898306647485,0.13352953384850486,0.12709570393076225,0.1139123757128635,0.11054726960976331,0.09774877400207199,0.09730088301254076,0.11733192734992132,0.12323996932927407,0.10802468197231367,0.08412001305423816,0.06849956421363422,0.04903382183298395,0.04378893826389623,0.03149465056677251,0.04030432408407943
0.09833286314479787,0.08502842036069436,0.04125266719165948,0.027114923568130778,0.04556671981297504,0.06545104077800468,0.10492588193592448,0.12545530379984152,0.1557211772050544,0.16380141191696665,0.12067894172759216,0.06959943561926252,0.06717667095948966,0.046701388409783204,0.035248310599861894,-0.0017200621695966593,-0.05419122424932567,-0.19810679410072868,-0.4708694184110329,-0.799702598252187,-0.9966232436366306,-0.8676456003726312,-0.5794655435469258,-0.305717714182883,-0.16325645296077212,-0.08117029863498153,-0.03422193828396316,0.056343881016562056,0.12381753219941818,0.18949632321549406,0.24350075126256185,0.2515178580353506,0.23050503149484006,0.18479263307544413,0.1652968207763628,0.14032746525017512,0.11995809411790383,0.09589382618204952,0.1108053187220427,0.12990551562141414,0.1672057547784391,0.16629601374072575,0.15257014750826495,0.12231119428678071,0.1001287622170142,0.11132929741386084,0.10742650768966953,0.10809529654992953,0.10155780674816704,0.12155389986914909
0.13367858661440465,0.10537910979266203,0.16060763294077507,0.09113957049852539,0.1304346184369205,0.13415587086505257,0.18151713393139865,0.20689412636304347,0.22808194049024522,0.18694271957606773,0.14650855153396583,0.05792175133938166,0.05258356565959223,0.057452212025526056,0.03837819591806716,-0.010283599495726985,-0.030057266138955895,-0.14766937941541708,-0.45085178416525656,-0.761249671689426,-0.9964951137533757,-0.8449251637066512,-0.5735718946230693,-0.3046450969872092,-0.0905252303276002,0.01796251251058459,0.0675338229869318,0.08098613034216497,0.10213501648289737,0.12230636261124453,0.14305262820297415,0.11071051645393341,0.13510410322796543,0.13602700403121348,0.12938518903532883,0.10356422654809112,0.10275706426427113,0.09787190631333811,0.08008557310685577,0.08422411600000812,0.07162032910413252,0.07560868230830393,0.033088882712788134,0.01849878995557423,0.03451964630153924,0.0817368491052799,0.08955050902606018,0.10696610001979578,0.14012657733141592,0.13317607633436734
0.09734137163748453,0.10165355003742656,0.1524629594560591,0.1592424059710734,0.2205357168277567,0.1936425173595838,0.18096232044617924,0.17710323962076874,0.11266931160165626,0.0676953742246381,0.06267267365742238,0.04620519172888479,0.015612819195478318,-0.024826076249523085,-0.057772833876696295,-0.08343698508282102,-0.15796190058088452,-0.310650582142713,-0.5183556236990691,-0.8196904763467586,-0.9988978490601796,-0.8068476390582069,-0.47292922839695944,-0.18115780387623637,-0.03933495985720787,0.0051509788381755,0.006445391270459706,-0.016531824900185645,-0.0038567149456845058,0.030812589129788234,0.03980288841881352,0.06206240089362439,0.09228199028025919,0.09882182598994214,0.09602969248084456,0.12517464385387558,0.16981899437300416,0.21958525636112608,0.21217336158936334,0.20857481752895676,0.21021271244539233,0.20432105875039194,0.21177843961371826,0.16151143789956116,0.15410639094380563,0.1560003498016016,0.12536884482262287,0.09804294574017355,0.12055186607502859,0.09582216920818493
0.049082827654095926,0.10103836859531203,0.11675309911355175,0.1335028394745425,0.1694034571455469,0.20940026373818837,0.2420552134329172,0.1971213983950871,0.12886295426601935,0.06886764742464521,0.06411551656875736,0.03048139775176843,0.05373821075988841,0.0834326647914687,0.043988084985045924,-0.02837688815957853,-0.10660075161499986,-0.25141352985495136,-0.48513692104271855,-0.7880287731655067,-0.9964329785137549,-0.8172848462704344,-0.5134288017895944,-0.3081448316518854,-0.1699912057670691,-0.08881187655479494,-0.05544629432857039,-0.012223984608235108,0.04140323382643676,0.10210792343455607,0.1470748642494293,0.16791233964665855,0.1663784833708038,0.16684925322961186,0.16664217817998048,0.13768334508747407,0.0919046938611842,0.05583223449509314,0.0725106339816164,0.105580128988394,0.13623767686847296,0.12379859633309961,0.12931413726768928,0.11909999755852677,0.10211180266830552,0.11508271919204852,0.16643976158962137,0.19737655270363708,0.20822610742415126,0.2099110752684675
0.04452511269497946,0.04753657177723959,0.06961018151654526,0.16229560582252509,0.13360474438757175,0.13638529738815444,0.1352393160981698,0.09696059381415861,0.13709062438229977,0.18018957159003318,0.1773728901855361,0.12340221464641053,0.11913840000395276,0.06167345842750302,0.005559316900530514,-0.0651266903055099,-0.10878606667054669,-0.22042712407471324,-0.4488449956132111,-0.7966441118507901,-0.9934468533011902,-0.8345594145891706,-0.5358849513248273,-0.3218596172808184,-0.20959051421433894,-0.09461043994279238,-0.004422159593299223,0.017728053063128725,0.06352339823442057,0.10902161508383218,0.16070920524680762,0.2246857925495674,0.20775749967661084,0.16422158643814042,0.19022968774865828,0.21749226584001077,0.17995728063552205,0.13727352996680106,0.16941998395491073,0.14186367558448978,0.13535951394939139,0.13445729770140621,0.1242388628970392,0.05845432004596021,0.0503436512235309,0.08420638990076176,0.07971424837197506,0.13018329018305755,0.12952872170256985,0.09324916912700584
0.06872032313832019,0.11296749499003803,0.04469589619782062,0.055125459331051785,0.06481273488577255,0.086095213493405,0.08468940884283972,0.05008139629536626,0.0392285940646324,0.044226778311611495,0.025669132774730263,-0.022519865060960848,-0.04111040718268386,-0.04613304564066724,-0.05136553796959681,-0.047012041713682624,-0.12899285612226818,-0.24597220542203685,-0.4686915205953812,-0.7755694503387663,-0.9993278676200028,-0.8523014008389962,-0.541485691331954,-0.2752275104607981,-0.13758147226654246,-0.019116729170353806,0.04867022988220775,0.09855691287541024,0.11356813873361604,0.16434733920671352,0.20832932797197593,0.24321707273236234,0.2372169088433694,0.18943171982064747,0.1757648614338997,0.1799476637880127,0.2237487573504617,0.2514896424746792,0.24806979489601672,0.2695732809577671,0.23415934371038802,0.17428175950469368,0.15668857588240556,0.15691785274607237,0.14572797236686288,0.1220084963564236,0.11408651187737257,0.07212939375543095,0.055402673938384106,0.0927609383039294
0.12042871293803639,0.1953442614297071,0.17044180960075866,0.1802037564357713,0.20366827510979282,0.17097653612051894,0.18152013967383784,0.2152952821466375,0.2242088617971943,0.2166104898555881,0.161365518677187,0.09153130101516085,0.046014593959237536,-0.0009331978819893698,-0.050271000014332885,-0.10194808325506784,-0.17730728900417372,-0.29748775434106356,-0.5014085667499629,-0.7642212704765713,-0.9729509792272798,-0.8148285134393157,-0.56660199371202,-0.35283152472533935,-0.1862114834617259,-0.08229606124661079,-0.037331341478381096,0.001444087225194122,0.018514454786206343,0.042680720513675205,0.07085870866028905,0.11544525435168608,0.14124147618405022,0.14110440878467254,0.12870311661369593,0.12702589363976408,0.09982295117683199,0.07615505808246911,0.08264497230599133,0.09985181421551433,0.15188561274684342,0.1854057229876774,0.20553816702577082,0.17766387136825104,0.18794639738119534,0.16021890294384525,0.12492422194609934,0.11550543276728058,0.12972998279034512,0.14470829175705643
0.09481232705743209,0.0967357168262403,0.0988951104212254,0.1340213496243574,0.1885624424564567,0.1742106966477899,0.14901123523234794,0.11760054392191013,0.09810418402259925,0.051328703584061997,0.01702432215904082,-0.024121003067853034,-0.06318285769384312,-0.07136382029569918,-0.07849632881164806,-0.08128042487028482,-0.2067886770660655,-0.3178147101154571,-0.5011465094579073,-0.7668915384756103,-0.9998521475567381,-0.7946672699676077,-0.5078062205987476,-0.23561047930680296,-0.1172911268623918,-0.0572377708548895,-0.035660944149009076,0.032089981446590754,0.10897471818470444,0.11177645147782414,0.12181649276235239,0.1706633058116422,0.2536340849551423,0.2595587201607973,0.282609149552272,0.27840743872703005,0.23341073113632263,0.13471114265957404,0.09883492094518787,0.1069641613094282,0.1784608995515692,0.22080327145429807,0.2130612967811011,0.21623424002077554,0.17864298175309332,0.17323313410079041,0.11577455008861974,0.06981075849529635,0.03119870190944513,0.04823406391323606
0.10541799340918868,0.0759806744544112,0.08740923101847108,0.05205356065799511,0.11544723926921269,0.1152750635290571,0.11805772320873564,0.09365989979152323,0.10883438121728478,0.039743533989899736,-0.0038965709369953344,-0.02122845185580067,-0.05351753519819049,-0.054279539506933226,-0.05435958206041977,-0.08963271756129516,-0.19827157813854654,-0.3425833307222838,-0.5323858142902336,-0.7893691681060481,-1.0,-0.8475501709140566,-0.5591630392215057,-0.3640382930644751,-0.15816451030061066,-0.05277815560440832,0.05228698084032875,0.14827561857944327,0.19055134066066842,0.19799054808356117,0.20198552102880693,0.17687151078987282,0.1920036822858502,0.21543736095645824,0.22318907346714123,0.22109137400901568,0.21021527957595743,0.21718520248214804,0.26691592973698164,0.23866063974699425,0.20108001603353837,0.1820140041874126,0.13119464473827705,0.15757369584777814,0.17401829624810103,0.15243887978514536,0.17227627536309353,0.14565498719998707,0.0753950455604494,0.06503324972901332
0.21340740987361737,0.16637127216521425,0.14462246060359174,0.21817221154853186,0.19546042361065596,0.1754869881923811,0.13952284818951183,0.0657513770271719,0.01955398797259053,-0.008264476429483417,-0.025962840576294687,-0.014789211198434493,0.009552087947998892,-0.01093534895079024,-0.04476809081342958,-0.06995077162721211,-0.14010065348558773,-0.22244343093747213,-0.43288454980799257,-0.7751729923276232,-0.9840399995070939,-0.8083439976448454,-0.5254902021227551,-0.31235698616956875,-0.16657438459143104,-0.09031272248318024,-0.03188948067074353,0.029637409852849055,0.0429162164707678,0.06275919415355834,0.07023058493614698,0.08799945137115772,0.1293326398154305,0.19086198704970248,0.20801258865661254,0.2088133461760378,0.19806994757619673,0.21966095708397113,0.23015805083002266,0.24763702620864841,0.24915846150600537,0.21294760279575792,0.1393103032336553,0.09600201965984495,0.06400370228197469,0.09304301820806311,0.14322889643560832,0.1337933744682185,0.1409438833392618,0.11785841010318082
0.18671368479553305,0.14654125320591388,0.1632307657447928,0.14781260438434674,0.15294112976816773,0.1293615171013322,0.12849305038875541,0.18457956423404903,0.2602273560807969,0.252768578500834,0.17936288382903992,0.08026811293145203,0.03270848036319032,0.04206145867757394,0.04982554241019359,-0.034446410302167836,-0.14724739453230012,-0.27955870107348973,-0.5099684741219643,-0.7927998654754203,-0.9874775778996009,-0.7925990859942125,-0.5352237202757485,-0.3090792671126965,-0.16948928907326943,-0.07610504858354815,0.01285968610461853,0.03717436387439884,0.07170836688763775,0.046974667729587465,0.06188872331802272,0.08724035492285565,0.12865851622837776,0.10297559968492585,0.08958212872131517,0.06160928196555505,-0.01632699818764291,-0.018358719901841587,0.002704994037940418,0.0660722588346968,0.0980994258274673,0.16606533567940168,0.20828747632148562,0.2264697112619746,0.19894525051603706,0.1865457338543901,0.1865070522101365,0.1783031032853113,0.15614831313961836,0.15696422571217633
0.08532131717598097,0.08078806665279495,0.12220165530080529,0.1007494691772938,0.17780552675566513,0.22510886377955508,0.21548234975168182,0.12617216411781282,0.0703208936848568,0.06555740435049114,0.09756399919173882,0.07743150456805623,0.0076758604408081145,-0.051543343932153714,-0.09751621080998991,-0.13842460418146882,-0.1968965057625358,-0.2695310509895065,-0.4669983730822718,-0.7659044415400282,-0.9923638024123068,-0.8070073322107338,-0.5229092932843262,-0.28300223822567905,-0.13368737598338917,-0.02851031247816611,0.027631615096900236,0.09162978285469704,0.11486856499261675,0.12669618583602202,0.14266937689520315,0.16382490547080636,0.21053935688974304,0.23499055912185954,0.24517449140454042,0.21746576486965635,0.19682886404467917,0.14299503773692804,0.12961119003140334,0.15286028751883277,0.15924237391951052,0.13935052962208908,0.09605600305920295,0.06143018262076898,0.07712840267018395,0.11233041499790128,0.11972896570643922,0.10955247567326064,0.10417422881987713,0.12533625009189325
0.14624449765728287,0.11332592005679375,0.11154115309245614,0.11220228563232817,0.0643541660684891,0.09871186861737566,0.12414962301039785,0.13681373851339507,0.15175551832169776,0.14579792710371778,0.0757983561699238,0.015118046564876716,-0.007851550928628666,0.0008971988743965184,-0.00028111534643332904,-0.025774587414866584,-0.07647728759540258,-0.22094207399865684,-0.49740796272983157,-0.7975991085706914,-0.9853251842044353,-0.7979121019580956,-0.5143610075223495,-0.29413360841656794,-0.08190173145802183,0.015656796155935244,0.04694972002034051,0.08207167279427875,0.050920593680824924,0.048626400639147874,0.10500339348319214,0.1490427758423874,0.2007513361058681,0.23000440308250922,0.20676108112424754,0.140998191641328,0.10890949543662921,0.10756462243165588,0.10145851396072175,0.05968723031754329,0.07611894008024161,0.08656748258313726,0.10932518364119874,0.16716663347628594,0.1971553562396112,0.21740154273277584,0.16969228358110142,0.10893705191988763,0.09960641290386019,0.11687990658613998
0.09906280097605631,0.10881866711009199,0.11003182748335212,0.1367496945423972,0.1298581700387835,0.14506348424230534,0.18813351466742465,0.1994725282184431,0.1644355431858655,0.10586146484255399,0.0823505692669778,0.09527829945411256,0.12954317960295994,0.10047489207655655,0.04031560385380053,-0.004665734072005408,-0.07974200812489973,-0.22950058895025924,-0.4917205992200923,-0.8175983729558726,-0.9948655208347317,-0.8530257541975501,-0.5828476005882247,-0.3441065286083146,-0.17367608131185722,-0.0703221053867559,-0.01594838564502345,0.030919358204316353,0.08307520369277374,0.13160005177717518,0.15429736604466268,0.1519215105930463,0.1539746633947928,0.17258316580965388,0.1907252160909052,0.17078644929090436,0.16672496520150384,0.15461298492461809,0.13317302235273318,0.1323889955108723,0.12276196188501112,0.1203217532246995,0.10903202262924906,0.11813719009417045,0.0982684677057937,0.10513600242526366,0.07713554842171874,0.07119758517769276,0.08255733613267793,0.09123821974967071
0.19562701273457753,0.1820677447348307,0.13857553297798728,0.1289786721398939,0.11261071374471766,0.1302982578570177,0.1512189799815908,0.14185281059678226,0.13310160997297732,0.132343443687049,0.13143202771545553,0.153309582406936,0.1895339525289913,0.14570382151778333,0.06769617075585058,0.013259671562606701,-0.07040465064424635,-0.21279685130663498,-0.4816975496121741,-0.7934935208541319,-0.9913295639964811,-0.8683722749788662,-0.5937168035818962,-0.3404273301131677,-0.17704871709631512,-0.08388964142267256,-0.04398841213049872,0.004474080370408582,0.017204207241869083,0.04085926216075417,0.09462722176633055,0.13235373365015754,0.13698138908330473,0.14909943210630394,0.17646456124173143,0.16626265361171816,0.16758744260409586,0.1566109008655556,0.13721741447073985,0.11056870905187068,0.08333137747688743,0.052941525270213216,0.04771765774993012,0.043259388736886,0.07513103394358639,0.12091998993909668,0.1507378644346092,0.14824025819586334,0.14424780019950656,0.15271740665061836
0.089848962787102,0.08400998099355993,0.13096814834485637,0.14526724156469087,0.13916939428319017,0.12182053052781117,0.12826951065028677,0.13998259147784137,0.13611959109820615,0.14279788090529172,0.16567874815206918,0.1756258716905188,0.15829886847024333,0.1273227430430655,0.09661844395577716,0.04663009416353053,-0.05843303774646069,-0.21017624973084925,-0.4670942985510024,-0.8044696782435548,-0.9940970257840797,-0.8556948874785139,-0.5890250214667625,-0.35328804188674284,-0.17307395334127806,-0.04694778623490671,0.04557325119454275,0.09388955302411858,0.14124425297484422,0.15308199677074805,0.15277480947301028,0.15032881363463543,0.11649478727352054,0.10194222183925077,0.10363943014328392,0.115661533706512,0.12599446192326125,0.141538641863416,0.15049955788415217,0.14161880444399666,0.12202998327328186,0.1082119241055653,0.07101831924230909,0.02253334073519563,0.007436691240405323,0.024228681023119487,0.06430635264165352,0.08728614227532763,0.13048410135463803,0.15205372631532138
0.10855985608142533,0.10990397191843562,0.09161109936946026,0.11850976450197472,0.15380617005159244,0.21691899488809938,0.25473287708006137,0.2577076387892145,0.23689883420581276,0.18744525800336817,0.14454974622659217,0.1253955730909894,0.1240651550970426,0.09566966828896817,0.07023646339614158,0.03155786758902095,-0.06769519515888175,-0.26324403240608424,-0.5042508762339767,-0.8123515504012557,-0.9899299590469337,-0.8375516021718885,-0.5316376805187183,-0.20461807979166538,-0.01056820362472821,0.07809693351461891,0.1603680153227733,0.2132372125220597,0.21013598874030617,0.1942419633978967,0.11546774140322677,0.09178274392069474,0.09704893252653392,0.09880450080036833,0.03852600725574716,0.03190071475737817,0.08083771378964044,0.09146855661340349,0.14025097458842922,0.1076279143473816,0.03382712586112215,0.008433616782752278,0.024813967501185814,0.04260765158183744,0.03714340947119573,0.042903689340610916,0.008494664862743015,-0.040104201206733435,-0.03183703186449747,0.01819943494525792
0.016524315320317663,0.01684005081765508,0.03936119882231757,0.08672042195616866,0.12325243338380805,0.13237606131951352,0.13960617654748725,0.1542924675293267,0.18136670044660325,0.17780699584080575,0.16743424227512957,0.1684379849094677,0.16141322537934674,0.14269706636467241,0.11521106042870394,0.0436922737833513,-0.07401724720644771,-0.25823570048507916,-0.5323512288615246,-0.8224535915746323,-0.9896198428874565,-0.8511059555079972,-0.5808016340065583,-0.34801581840489476,-0.16866524770775007,-0.05036402615675953,0.003430071535102269,0.04801184040608377,0.08798316768712806,0.11993989303730686,0.15598723620125046,0.16403333462050007,0.18145673164015402,0.19721863754157704,0.1910544281130631,0.1658027739472659,0.15033269587498618,0.1108918912341411,0.08902075878591673,0.06408582275817712,0.07626200342368444,0.08348130608424392,0.10748504739720778,0.13031371276419448,0.14306104283398616,0.15272053899266122,0.13166307624606258,0.10337772562918525,0.08123247111665911,0.06975140980388708
0.013957747755483621,0.040372547125097136,0.09976231157136066,0.11272802054520055,0.15972328982694642,0.16656320929654223,0.1582338912261522,0.17680233888863814,0.18821779663293325,0.16565338154906006,0.12928922554654879,0.08197377045035488,0.04067282901185959,-0.00982028674265523,-0.025095827380700323,-0.06887529979017938,-0.13659601473392227,-0.2500343413450231,-0.48911411777524544,-0.8014112424453675,-1.0,-0.8410910229532461,-0.5579449588972942,-0.34363092920250926,-0.18987994853803658,-0.0759954353519725,-0.0023454215786560258,0.04382642497162357,0.08828932735542333,0.09587370482078524,0.1388800702751398,0.16234601745785046,0.15954638714683533,0.15109424739145416,0.14832886241380608,0.1584921585575809,0.16616316389108188,0.17001339381081562,0.16037663455957216,0.14969791461117207,0.1424622673256783,0.15161670420046697,0.13677026190311004,0.1277248100028032,0.13378603473443065,0.1630504123815549,0.1847814997795879,0.16283283299647447,0.13623953805278832,0.12569181866859544
0.19828875208944752,0.19526699980338907,0.23262248823992207,0.2204553986632842,0.1619855095807998,0.0786665155528783,0.06728167395707223,0.06885253196500903,0.0191534850396174,-0.01920980942889841,-0.045463797542838844,-0.07713330849665025,-0.09747654068579012,-0.06359507113779517,-0.03918530437378431,-0.03172741798876204,-0.09728368391712115,-0.2703198799804854,-0.4971233131879757,-0.8073325871064303,-0.9948977504261548,-0.8223814124285083,-0.48761033399229703,-0.22880708413757897,-0.08143869077097692,0.014865173395159173,-0.004659912148289675,0.0009182632103577542,0.032684053732346806,0.0795426607312645,0.0961825620092184,0.0813601449111574,0.10151007794280101,0.12983076145516956,0.16129400020020354,0.2173739704969286,0.2719831515941704,0.2920222209440338,0.2599903475896543,0.21936579045936455,0.2391508741543706,0.21050410514216966,0.1701497913458095,0.15292250362167187,0.12503144354464626,0.0755727727924444,0.10114712707621719,0.10259636129736203,0.1481496465034002,0.13892473870899621
0.18867835559271096,0.11870964706368684,0.07991907185624146,0.04850735583502549,0.11390437347705905,0.13184424594603325,0.18886343231651895,0.1346676516935439,0.10835746873142202,0.058978799284506736,0.06566110012522919,0.11925374240464386,0.09917398303378877,0.06789852988833148,0.03335442245286562,-0.04666878806197954,-0.11831160293011338,-0.21389440594161085,-0.4439799563955699,-0.7476088055140961,-0.9970822501921504,-0.8404651161662127,-0.58171220565461,-0.31049269142572233,-0.1558288738808409,-0.03039219468859026,0.02735793368763419,0.05319500655019669,0.11420276852215225,0.13755796404398513,0.17886476277005742,0.21074209356239398,0.18284495071281598,0.12303152870039667,0.112301602766697,0.11761179786644707,0.1050112018293701,0.12545597404069025,0.0938306409619947,0.07612411497723981,0.12019193313839546,0.13992928400387647,0.12671977221530067,0.08454433212560337,0.08942809259711529,0.13081003285980755,0.19065884873902417,0.1499290767578785,0.11497930273141688,0.12334169498939895
0.328636802149183,0.2590171496463137,0.24579025759396012,0.22226276472862566,0.17741282712323433,0.15788490140923198,0.16448728786489022,0.21556364981323067,0.22353903208351386,0.21388199940124428,0.19302223512253977,0.1678292951118185,0.14456788545333013,0.11187615661373052,0.061609856725374446,-0.0016125784683513303,-0.046899221565193876,-0.1507540227803114,-0.4279594052573928,-0.7873102559989159,-0.9692631405626218,-0.8321062552309486,-0.5677160019944708,-0.3831046647426132,-0.2790565019946077,-0.19097445854502837,-0.1297988396866764,-0.11825915858689488,-0.14151991560883898,-0.15478184526312455,-0.1478536233377956,-0.12331547230894428,-0.00702121541569848,0.05366852075023255,0.08319156910767363,0.04965548188600965,0.060456406197738496,0.03277831993531567,0.010532761309770643,0.037821408036737225,0.1373705848182133,0.20827767861600283,0.26303374704110244,0.2526425197167424,0.21982228835980863,0.22235927948043327,0.2625752530246171,0.24171427145571142,0.2062701894991467,0.22975419727295177
0.11087545845724023,0.11225812098841065,0.08232254788993021,0.09415189100393935,0.16726905606812612,0.13720209670287453,0.11382527067622164,0.12058770286905458,0.18039653011770215,0.17087898033762514,0.15425493105602492,0.1297464322346613,0.11583366307468336,0.07733524999358453,0.04438049263680747,-0.028808369469031956,-0.09701685277558805,-0.21523086685037582,-0.4460191523806981,-0.7744365203628759,-0.9986764894847305,-0.8409561790179166,-0.5175843144888497,-0.22006263685747945,-0.0866471331986579,-0.036024057320092444,-0.047277490008021686,-0.06319626294277488,-0.028102394944651946,-0.007876510405967083,0.0313873083162089,0.04619544349810102,0.08590383214948046,0.08144189176965652,0.09995434446756145,0.06250278452384955,0.08221549031602507,0.11128947455850469,0.1317698604995877,0.1305352704348791,0.15217008832302745,0.1533421123971654,0.149880729607531,0.14249120369244597,0.14103580363584672,0.17650381045998295,0.18387844037257753,0.2377967061890011,0.21277451009148712,0.18352770109790617
0.07823067426592888,0.1197551304607842,0.0996047187339098,0.06370038024500654,0.10902475248463234,0.09682697595159788,0.12589879078417535,0.12420190600010976,0.14349439634424757,0.1552149460260971,0.19000843240100518,0.19626241626345753,0.22324241928994057,0.2108599234583407,0.12455636999340472,0.06430085537455615,-0.04664577858279587,-0.18893882891344582,-0.4706232779492771,-0.7976385835579154,-0.9949584687814952,-0.8289819115948401,-0.520261331664267,-0.2620574785466807,-0.1458413647796701,-0.040412080599363465,0.01772172944612864,0.0667316021653021,0.08902916265419947,0.05033056666948221,0.044702898751799634,0.018129775369745728,0.003588729244395925,-0.01427286411297479,0.024626227793077743,0.03562552272336511,0.047857965165000405,0.016203132934429595,0.03647403329945456,0.13500280492610398,0.12767959102356388,0.13706992810258659,0.16091527298399463,0.2209196635334158,0.2057024784179753,0.19799645425200482,0.14858195639134508,0.09695272478555231,0.12032362781883955,0.1832830325537685
0.05201066557902804,0.03822414545222082,0.055317401393854757,0.08083334974328998,0.13708327292611014,0.12536474692016075,0.12327456632518329,0.11520422320299166,0.11533942128804761,0.1065222662693442,0.09714917884608099,0.06152129757967592,0.012013500184249142,-0.048602710241312866,-0.10999513847032147,-0.1592228642246757,-0.23421770353443838,-0.3329110041026855,-0.5267829648551321,-0.7940031035009206,-0.9971082336199352,-0.8178313815146667,-0.5262977504164561,-0.2808951924458245,-0.1354035768310693,-0.009123940793790015,0.0690986306208676,0.11026532408686222,0.14558196761092634,0.14486539545821087,0.1617786717732752,0.1870201000850985,0.21365740715494463,0.2122601600503825,0.229658930704151,0.22310680287686557,0.19569369806582673,0.16858129360962348,0.18438905034196035,0.1973340740652362,0.17786697001419277,0.1737409846107163,0.17035858054742897,0.17917432878314696,0.14355479507480046,0.14864883352089198,0.13764529216022162,0.12973923806181556,0.08630369799272859,0.06221330157081684
0.08040929963797284,0.12350094021653679,0.16819510256777578,0.18058146544904985,0.2210274260320824,0.2300307921881958,0.20650395905197852,0.19803792486429425,0.21696779098617727,0.14949640563515396,0.06644704748815751,0.03943850644123652,0.034471246394793736,-0.04559351255459757,-0.11425127225327543,-0.1986117492580163,-0.2859116956266838,-0.4110364683463943,-0.5414422575445164,-0.7757881042474636,-0.986796084236074,-0.8712290700663129,-0.5705244042404501,-0.2542653854938571,-0.16224923409322667,-0.030741891067388564,0.052621693442407746,0.08716202111549524,0.11072179195213804,0.08265887109330071,0.145600947385875,0.1920977054812938,0.19679314328862327,0.16470975470768923,0.16410176390955875,0.1660471344861331,0.13591225863004278,0.17617633804517907,0.2364716081570336,0.2551478751412366,0.22954774269770717,0.16095468264623666,0.16275710072560506,0.125232074489765,0.09449148104869677,0.07952039322398478,0.06580119451264026,0.04720936335879841,0.07805035750189715,0.12354592503351369
0.0956407401890846,0.14963327540078583,0.1010111128335987,0.2320140806271802,0.21061260957610078,0.10624063092330681,0.12334408999412594,0.1316401110518189,0.11079088800127677,0.047224073993506394,-0.056617139368296654,-0.025995916392249515,-0.004423564210497779,-0.016195731226371527,-0.11594067730723996,-0.23040715445935997,-0.2414821582279413,-0.28153329790319825,-0.4649438147018922,-0.7632416401753538,-0.9815043106756592,-0.8122254248992308,-0.49051974440768836,-0.25808389703864937,-0.1305405720949068,-0.08145202932665026,0.014488096794180472,0.07070211864356586,0.08478461855650908,0.08429277282245189,0.13015802735498908,0.18755010102489608,0.26005483232963383,0.22769202841908295,0.1986018695096321,0.18524606809156727,0.21519825757909306,0.22473448577533528,0.19252289885854956,0.14582590123801617,0.11786776106360197,0.18685734344039634,0.14418524385357065,0.11428233484586771,0.10378868596897106,0.08936655519023991,0.12041427499885873,0.12789016498897257,0.18366468401503064,0.23678633446138847
0.08137398901844234,0.11095604168605054,0.03227633917413058,0.0038305546528839994,0.04021610529000771,0.10278220623121068,0.15672120802098183,0.19803420978560662,0.21098472841387889,0.20549496902857642,0.15460288485392146,0.08400131997518877,0.012003899544707727,0.002802320803670951,-0.008809727411379727,-0.06323504752028831,-0.1711866344253864,-0.32299425553106165,-0.5314678622766421,-0.8028573494754683,-0.9982969913740979,-0.8647140096214898,-0.5976916145970681,-0.3807930693667217,-0.27029729431478844,-0.20083037076945714,-0.1523563746632392,-0.10416202930756825,-0.06773735880535803,-0.00874050356612911,0.07901494605548036,0.15282771584498622,0.20645825387405617,0.2900498177726002,0.3249701915334279,0.3668396049756107,0.36738631318229525,0.38527518859999726,0.34554653253244194,0.2793017709144006,0.22854914280940702,0.19723849124521156,0.17548660914474065,0.16935991337172507,0.15642224031718988,0.14836832776235948,0.1142976450668129,0.05527263306923447,0.042627892073774,0.06479648640113395
0.19705228883936296,0.18508728175446276,0.17216096419771187,0.15398949005081614,0.1900075607494732,0.17377478974823987,0.1467931442430819,0.11877139121047908,0.1269810606863613,0.13549025088437378,0.1467831813995315,0.13824045037443072,0.1484241765784156,0.14111663857390164,0.10865462932164562,0.08190820833304435,0.021827749842105556,-0.1153557514488072,-0.4007090837856811,-0.7721668722193095,-0.9880030952648494,-0.8153776942814854,-0.513336911662435,-0.2920229795531615,-0.15469437392952165,-0.05006233941114723,0.0013202186624787096,0.017753116599896774,0.04386277372582589,0.07647922967411747,0.08108652702489845,0.09854518421962796,0.127078182813175,0.01903148483560182,-0.03229480803280611,-0.06237081630030245,-0.048487947345720775,-0.020268073182472646,0.010259927811005796,0.05113269060935931,0.06689382269603221,0.12191433506417844,0.11143439498177382,0.10405554989955568,0.10099956504391229,0.10854995067132119,0.12417380981317373,0.17044891364882317,0.21470044130987664,0.22836737052562725
0.24234513364867438,0.12688501282050943,0.11029127160080368,0.12835485226404017,0.1733328358814142,0.1882605171863765,0.17724396317729837,0.1570849913140138,0.11165981466433994,0.10015315133431972,0.06262514003041686,0.05674826490820573,0.0766991266492655,0.017510135665762257,-0.021079218625757772,-0.0691531512664239,-0.16452571727786355,-0.29098586367552653,-0.48342199531768665,-0.8132653595699568,-0.9761938807837387,-0.7912171216070624,-0.485680478114128,-0.18813205481199696,-0.026125972194159602,-0.02055110414794072,0.011981149243752003,0.07214720996154171,0.15706282791409606,0.1742779114055646,0.17094506117878475,0.13334671970261427,0.03781310090154384,-0.008897197079330406,-0.03824953555136129,-0.006957309861293381,0.027283187413416954,0.09931144890543132,0.14624574629352444,0.15833715365837306,0.1782872563533499,0.24147590520339243,0.21576223470565745,0.14848589572709397,0.10332869598286872,0.10959855856946371,0.1495908534126034,0.12686859750543575,0.10230855364322566,0.09078368105705252
0.1291789769536378,0.08376895658938018,0.1089274997604072,0.13976871949366193,0.164482548847608,0.17430742262781768,0.2072471194809024,0.17234586916539585,0.1821243458771957,0.1754486524622577,0.1837918927558318,0.15271712268981832,0.10227688051687908,0.038725108493198365,-0.015720729409656364,-0.08178662493423086,-0.15070167183405858,-0.2654492130657598,-0.49476627774062115,-0.7539142060540722,-0.9818631608453119,-0.8147588646436454,-0.5314612367771805,-0.31071457957484283,-0.1709400137773079,-0.09599072668409148,-0.017523791048792065,0.039820352550085356,0.03968508208486173,0.0419174505804477,0.0845913625518984,0.125657389775912,0.13419968455961465,0.11248274640025165,0.11748576933386809,0.13914859465769044,0.15182512908688303,0.1730201274413734,0.16426707098194265,0.14784565406768338,0.11049607627992333,0.10639387988397153,0.10459698670710046,0.0825900260247837,0.0779641694660636,0.1217804257716878,0.16365567057392377,0.18503490535584455,0.14231853030715827,0.10370289623261011
0.1148845122205267,0.0843830584998943,0.10627506804534072,0.07844019278982234,0.12831631190287085,0.11522419045670029,0.17133424673760014,0.16186139250542686,0.1342488799529685,0.07291397105352664,0.03336232486510339,0.0492995984064317,0.04990082672857673,0.044225874973782074,-0.04251309619570292,-0.05456905122344849,-0.10097127480244818,-0.26839487940279955,-0.5625123321168826,-0.8278519238591686,-1.0,-0.8652522829070111,-0.6087964994206659,-0.36615594407838864,-0.2314713672092503,-0.17547509888986337,-0.06031412616964451,0.012620553369274493,0.10121915539963718,0.08228638064135213,0.11194028241286198,0.11974481607691555,0.17804181153550405,0.23189639606504606,0.2547664591024929,0.23009857112956045,0.25638544973738947,0.28641792185479126,0.2544929740751114,0.1860780780315736,0.13691842397304263,0.13545834974645216,0.08170202358116065,0.06017338394617089,0.08704145919064936,0.1397406264427473,0.17578686207957842,0.2682586971694339,0.25729179450483214,0.17124695707112428
0.08742765291461954,0.10740959451328783,0.07292747115987724,0.09518610987581468,0.17861810459365882,0.18124186191831293,0.15250729601803692,0.13791030409226482,0.10939065309720736,0.08535067564888435,0.09464283510764843,0.0458545693941128,-0.00902439393477691,-0.055381794040459856,-0.02430584186942279,-0.04298885431496952,-0.10800090749756312,-0.25413765023940277,-0.4473390271528737,-0.7536726334921107,-0.9895789041811198,-0.8565707292442681,-0.5301599426358098,-0.24962492591359578,-0.09643946680500198,-0.08021460072415874,-0.050019113999402086,-0.004253107522785538,0.04225094969470971,0.10796227347242421,0.18712932776232113,0.2667509589957447,0.2552766412052886,0.16775510868482002,0.14196791690670488,0.17665652909548102,0.18945402348773707,0.1656182437012054,0.14176119719186495,0.1390904442873303,0.18849784233199085,0.20107309433618628,0.12491549278873156,0.11081793079855375,0.11504530319661582,0.09803317452906259,0.04997924024887747,0.08663464234149264,0.12400377925677415,0.12257065092007836
0.0682134827131745,0.11697165769769362,0.10474578519464622,0.1304436692927653,0.1742668858817341,0.10676534539198117,0.08143419304800661,0.10309489778662988,0.1159538400037545,0.10654661887886052,0.09059098388883788,0.0903142502182231,0.0697587780078476,0.025426257377097528,0.004400951919778226,0.01887042905931583,0.008060891458317856,-0.14778389431448802,-0.43776629762062563,-0.7594084544770564,-0.9942092265360252,-0.8078271401129825,-0.4964130132385204,-0.24069873452654664,-0.10322238918307752,-0.0672165540955584,-0.02783456031134173,0.001329088884649594,0.04446493689291166,0.0767997948727537,0.1318408986739234,0.1169907677850272,0.10825020347460987,0.10664862397479649,0.10286977797900937,0.09190617915246428,0.1151582962980307,0.12091349791177922,0.1313409845781766,0.16802694234931775,0.1434435934105397,0.1325838413365398,0.12224156984603982,0.12911946186561202,0.13230217100132188,0.12181786707148101,0.12356088709386609,0.12772142769191222,0.14088366796360097,0.17630686648919494
0.05895040361301514,0.07052761826999096,0.06262304498667921,0.09934188138982378,0.14589503851852592,0.1668967385412166,0.12011729148991543,0.05905036225986455,0.055682720165272544,0.12069075360961869,0.18467118805045823,0.1893171462964008,0.14124399563957526,0.10225381102968001,0.04851545614745692,0.028731142612428293,-0.01786298786779639,-0.12789081587141338,-0.4201322562994511,-0.802900284634206,-0.9965034965034968,-0.8004092687024928,-0.46531599477351815,-0.22185649463301302,-0.11478399837226218,-0.06441464600245925,-0.01852153701615786,-0.023369768479049046,0.01943306374349142,0.08402359641234905,0.11603254014115252,0.09649641599848181,0.060089169117494186,0.034358794840670136,0.05323328874931419,0.10402497350548044,0.13598694719521406,0.1896377720518384,0.19359934257962355,0.18817796448408258,0.13196633655808865,0.12537310625708745,0.1350052883789679,0.15619630427813427,0.11684823180713205,0.10231640298979121,0.1052600417172362,0.12379464133685344,0.0914016108452325,0.056197123547677426
0.12922696674654002,0.15107087739532715,0.08376043222974935,0.15821915570967338,0.16071138974290503,0.12536790118483623,0.1418841382356946,0.15712769913647792,0.13918908384586653,0.0956789734304295,0.13307221583344103,0.09351845235679598,0.027130243020689386,0.016273561264859248,0.029523315273215046,0.019137659637960932,-0.09345582288472955,-0.2305810421022513,-0.4524168181743783,-0.7482096059312056,-0.9917398494161066,-0.7639654176480717,-0.42656459847642386,-0.20507455893994328,-0.14241291869687864,-0.055003248331442246,0.039780690273370375,0.13880035012979952,0.18042931198423448,0.14458140560586183,0.12524318401629042,0.1187204691017634,0.0843713495378954,0.07403096467765018,0.0850167242014268,0.10174102240168374,0.14533396054974038,0.1917242266141473,0.1993082244478167,0.16036154948245945,0.07804258946813536,0.021268836884020207,0.06999901942948947,0.09422389586326725,0.036401648963639496,-0.030383712942759704,-0.0004751421162810666,0.11401700594528992,0.15100460812706826,0.12498963291096053
0.26360464652640037,0.23148270638870283,0.1513405662275909,0.1349554995628565,0.10358446998654917,0.10088877829526632,0.12152631849547067,0.14742912614510814,0.13315356608021833,0.0825515684947999,0.05418872062503288,0.08673451157649383,0.08183701680686156,0.03643137283308812,0.014084103698126514,-0.05932812509358687,-0.1463381173989891,-0.2526569176187179,-0.46300015755668267,-0.7767448971185303,-0.98639494179288,-0.8095985345310563,-0.5124215437543943,-0.2599407502209969,-0.14974829714055296,-0.10320451659506076,0.0013707446167361326,0.08408765731802895,0.15472545642330984,0.1927842064928849,0.14022770846942814,0.10542526357171957,0.1362067057093823,0.16298648796538606,0.1700140243578766,0.1739634468666365,0.1412218552778362,0.14049084265925216,0.14328915703688863,0.15718021885535738,0.1933669808656978,0.1765810079779526,0.11659538413783394,0.04328165236685948,0.01540901497167187,0.040598395529115115,0.03862683771559316,0.03802466723533915,0.08977478454971953,0.1193513261083758
0.10755782118414926,0.19129771202926857,0.28070105614906143,0.2163972183008157,0.12317568505231119,0.09145550871715553,0.13292500885917105,0.20354411208203674,0.3107549907111379,0.35589563665823454,0.26944060965473987,0.11999762736763846,0.06492626883349924,0.04175277843153728,-0.0670213843165185,-0.16946168157561228,-0.20982211765995437,-0.23856240231657908,-0.4385813427451197,-0.7864169335083553,-1.0,-0.8106765043610462,-0.5195038146986304,-0.34732744580007,-0.17718301424537894,-0.07509876753174945,-0.03992531381408335,0.029803838566902777,0.008958849280968727,0.016991220718570753,0.049791310609462354,0.060530477925311826,0.18357608946611503,0.1735774959423641,0.12096667774573405,0.07289987040941781,0.07145832211165783,0.12005028910073506,0.16717121979322538,0.11970206718591311,0.03928117602394539,-0.01729404831747208,-0.007501934154754336,0.07828539706520803,0.1862330699541762,0.22582907305992866,0.17132736619084887,0.16370463757021228,0.1532065437297036,0.18120967856416523
0.06661913379657285,0.06796623565913242,0.08825391577034891,0.1250132449366711,0.15278812892731095,0.11866534581195323,0.10168176563318959,0.10198405073040448,0.12580905122378713,0.1070788705418499,0.09801000842021375,0.06040015918464787,0.030697889939155155,0.008341225599062689,-0.004041266892432866,-0.04907298453733254,-0.11546766001019185,-0.24367631563777373,-0.48052657469237225,-0.7739962910967456,-0.9924618485344274,-0.8180213872194385,-0.526949373387882,-0.26026865049118614,-0.14203174647368208,-0.07663663407173787,-0.040767506470541434,0.010652875170298316,0.05691113775128479,0.09697693936119851,0.14412613310861727,0.18377112022985195,0.23358393666151117,0.22628970534450688,0.20261912194488965,0.16000623624637694,0.1795039068835509,0.18225909840642462,0.18381797494693558,0.19569008374550637,0.1884381381492037,0.16416312646063713,0.15209474602649475,0.1491434730609588,0.10264800931480718,0.08773841216130153,0.05212058193403519,0.09197907349079598,0.09691656803533501,0.12915881490692163
0.1279570200837864,0.13338920614291425,0.07562777335202403,0.10424953994470028,0.17560617661803848,0.22156904350650872,0.19417958729735044,0.1470030184890235,0.1550531906212496,0.123783595683836,0.10218753235336503,0.08037032958758875,0.0716794414485819,0.03342695799337802,-0.02173202728860536,-0.08153562064380775,-0.1980539653611073,-0.30414804459503597,-0.505049720849941,-0.7613056822258982,-1.0,-0.7956983708263752,-0.4604352036354155,-0.23076279794746385,-0.14921697914038087,-0.048337173229109236,-0.008712206884506817,0.027192838631757973,0.035759904666781694,0.054872298131623316,0.14787167702825382,0.17380455848937598,0.14985854094435969,0.12033152433659913,0.12761707288626997,0.08329758448096337,0.10263041562386746,0.12317282969208673,0.15238727460133952,0.17988369011996033,0.17808344585516223,0.15308210419168555,0.10122600074309335,0.14138200313668242,0.18424238705781548,0.17327593867180313,0.10164645005562428,0.07996210964128792,0.06719118372911602,0.1601335467897919
0.08067102161179374,0.06790381995283587,0.14459835418925343,0.09351372829723129,0.09764678479367664,0.1462857922148715,0.16669357200867554,0.13610688627808748,0.11783085714912442,0.08984389964864778,0.07438300026747628,0.05780231657348932,0.013316880771444708,-0.008869974889422608,0.012756368166487552,-0.003950156659059086,-0.05107714114261634,-0.21256038977039154,-0.47022677539231156,-0.7906960630822361,-1.0,-0.8495761956061443,-0.5110864863874706,-0.2334719719443406,-0.07007809434613037,0.0037653519581327074,0.001868881261166993,-0.03150269074976336,0.01518468519898601,0.06413753084949662,0.08682999026914155,0.11859480307949664,0.15722231855555352,0.12707193981126508,0.14344127808858761,0.17536430595823024,0.16060992543798366,0.11753786862178153,0.1091151140447931,0.10361354364407871,0.08620768066471067,0.09705994915833377,0.11687065770977625,0.15941520516317764,0.2116515781159642,0.20929873529448267,0.21084002560293058,0.19145800262917004,0.14598967449678896,0.12059361243276226
-0.04322150693683815,-0.025196895269303375,-0.03799898112402121,0.08914797142568692,0.13958081066763478,0.17561202312148005,0.2438507642607974,0.28238617877976635,0.26155265867473215,0.19440167476368161,0.1870487201814251,0.10955947428124034,0.012516081418155,-0.025321713550673475,-0.030681756845381106,-0.036280704592840905,-0.04865696681641028,-0.1767052806571098,-0.45786063400288707,-0.8015124542906545,-0.9973708276177414,-0.7974381774809766,-0.46568435324451385,-0.1779779088828082,-0.06017553360706462,-0.07334980292297397,-0.11030426083953779,-0.13599009400420922,-0.07426401684275287,-0.007314763952223592,0.028230968841932182,0.03781788815479733,0.05674911247574345,0.04684524241593612,0.06946818862964092,0.1330779100697457,0.2174029722079448,0.25895773914107634,0.19869883776722383,0.1386545813684808,0.14846454906252987,0.15392349314570433,0.1641123733033741,0.19333324131444343,0.16291171858354245,0.14103079483165967,0.17809845862463142,0.20635589108037575,0.1751836981489179,0.17833261673862186
-0.01742355550367241,-0.01946561588773526,-0.02050477785361589,-0.03059353486101486,-0.01827464609499154,-0.01973848792455783,-0.031532811894448134,-0.047371360098281794,-0.06344999373928845,-0.06463359558637442,-0.056411130260403994,-0.037995069695018716,-0.034709396683901196,-0.054316936160621374,-0.08653180644435145,-0.14163074120043187,-0.22813583516072955,-0.3711085298280213,-0.5985418209671243,-0.8641235380775069,-1.0,-0.8802609941282104,-0.594088762701731,-0.28139672770065877,-0.02879392967415624,0.13786642675070238,0.23087080343371905,0.2648999104417587,0.2781261983837815,0.28086984723845615,0.28787068204511634,0.2880766932541295,0.2775581456817821,0.26452531857905653,0.2575637511285268,0.253963325154346,0.253005009200068,0.24114384530485394,0.22052093052465135,0.20757780077461005,0.21910354899549703,0.22771844595485405,0.21748105111425547,0.2014364875559092,0.19710320345574237,0.18552404050800947,0.1668054786300889,0.15629358080872965,0.1422051365975798,0.13292393661062205
0.03289863517371874,-0.024442183591766326,-0.018203864813295122,-0.04606911756960141,-0.04958599326634384,-0.035392691337854935,-0.02277927244178912,-0.01317888193089652,-0.0001088906364025164,0.00862135327059167,0.027855974762405054,0.024354113778070945,0.01227890196117066,-0.008026907636244914,-0.027441339717654393,-0.08199724906706624,-0.16492395344596925,-0.2889005408117218,-0.5270190738317523,-0.8141603823662794,-1.0,-0.8388811055636815,-0.49395121883421844,-0.17004128769494717,0.07645024529446609,0.2347053862172464,0.2924411932085529,0.30666535098996917,0.3090786185379165,0.3209177356834032,0.3048814212781287,0.2870210224399559,0.2883048466125429,0.24838799755849036,0.19205815762425163,0.13682527021008328,0.14832752519602538,0.1632053592603663,0.1568376116050174,0.1579816806854289,0.16098795846820718,0.15160872887668983,0.16345328553003008,0.13360976861450727,0.11710520204509021,0.09321121712920834,0.05876882680606516,0.030247968736207064,0.0016516895274744363,-0.015639092523796576
0.09681936738948886,0.05690900420656262,0.059933794520450355,0.05288412347110242,0.15355185259053492,0.15918852316073773,0.1674338922733641,0.1463270898198804,0.09417259733102976,0.08085788203283839,0.11452741368725167,0.10209268105285521,0.09726125013773372,0.0362302081036983,-0.006747708882239324,-0.004848719488563248,-0.06152998081148852,-0.17370667871661297,-0.38476525239873477,-0.7228416675879136,-0.9966377964895383,-0.7951659991358319,-0.44847435883894776,-0.2129737011436619,-0.1082271664320758,-0.005097251076571825,0.06771655674993346,0.10679034255552378,0.16170888894924568,0.17312828341636574,0.1517542546171792,0.10332330651465942,0.09480720061475816,0.06951783485751366,0.07480406531712323,0.11417560634116045,0.11192769398411798,0.10189924980345665,0.11973077827376254,0.1559022986180381,0.18324374236039015,0.17843995669781076,0.16361046318934944,0.14458930859182711,0.06002893244130442,0.0320602740828224,0.004420500158428712,0.022913046664853703,0.02505776651135618,0.08127624991367047
-0.03679285789873671,-0.025078389000149443,-0.03440323491003221,-0.021903197478767976,-0.0028910677211739415,0.010665323908437867,0.02803386301629603,0.023623222679749763,-0.01241289166755329,-0.08996617211581413,-0.12656937620402955,-0.1351404475097012,-0.1664952655664764,-0.20885372098568014,-0.2397940327485266,-0.2670380099134851,-0.2581787008226262,-0.3508937421645983,-0.5904700662653882,-0.8751229774693422,-1.0,-0.8550601084331311,-0.5882413492037,-0.3995680723561967,-0.3004020579213485,-0.24882697463746686,-0.28425411505615067,-0.3191897604523312,-0.37265411530703896,-0.41316002787605066,-0.32606653290166304,-0.06145559962104416,0.25733797566194355,0.4805538684825024,0.5951928301472492,0.6307809653840722,0.6376256828455233,0.6197613232461788,0.6301143752181357,0.5887357790008371,0.5501121228215087,0.47714575893602745,0.4558399157911176,0.44569922028903264,0.4292133088854844,0.40377552512378045,0.37369466180986327,0.35839287403609554,0.3288473987157871,0.2857368682085807
-0.058014790565691414,-0.10143918727364261,-0.07629031154731536,-0.08341335894293678,-0.09955267048457747,-0.11890110549509139,-0.13576129156074218,-0.156485847711309,-0.2518803987105143,-0.4421178040581276,-0.612314324404938,-0.6920762038554529,-0.6687858227286221,-0.589925801768806,-0.5134726846909122,-0.43363009887691706,-0.40601894093402807,-0.4320086533715778,-0.5866064570457304,-0.8325602843602862,-1.0,-0.7753482230724473,-0.35488573058972656,0.06325390690730087,0.34566019961862543,0.5094936562173128,0.5763971739942829,0.5803082512167429,0.5630431072371198,0.5432463462275929,0.5245084897462327,0.4955956375147133,0.48610801344771243,0.4613497988238347,0.4119136488088196,0.36557668400244336,0.34800549758980015,0.3290935053478454,0.3194626139820251,0.29117799663485294,0.2653825662669515,0.24143853082735497,0.24383609697431588,0.26184966472195875,0.23955568439352257,0.23414105190598422,0.20639651782109397,0.18736887878477718,0.16120188047548004,0.16612459256069612
-0.007611798072518526,0.004186409469108996,0.025927414552649703,-0.023558936775539975,-0.026824352818559088,-0.03373463331664982,-0.02056875931906827,0.013119874204468881,0.021777291364409583,0.03787993068515443,0.06594876707596833,0.08996548398570393,0.1310103003531014,0.22204664737192775,0.29722488262856045,0.2669066181637339,0.12061460580899172,-0.106698132899124,-0.4276450883660809,-0.7934897878321848,-1.0,-0.8959008704192868,-0.6038757883414977,-0.309768104092258,-0.09319224396581662,0.047570202765444616,0.10992233399806098,0.14964878366861709,0.17578114188084074,0.1877191364670931,0.18102781039761312,0.18199189898447868,0.17487987199647412,0.15926829320030073,0.13316650820732556,0.11602076466137945,0.12181462820979898,0.11963677362750577,0.13677230113399336,0.1492574492684291,0.11101211503265536,0.09274778248988286,0.10451273112727025,0.10823967504686068,0.09549091901315646,0.09347679819123514,0.07874707229975325,0.06903798741738892,0.06829609528230561,0.08022119618694104
-0.04167779125121641,-0.03447589501997329,-0.046450163550183554,-0.0014468247902811341,0.022905162203769345,0.016342399212546446,0.0031446980428338524,0.025370890325742294,0.02701828149163042,0.06432739611895125,0.09523839096963198,0.10934026441310231,0.12447234690973512,0.141664338698776,0.11996662946000587,0.07289699280939006,0.002890412217481041,-0.10561543496346544,-0.37661153792127894,-0.7579903493324227,-0.9970266696044744,-0.8316616865648088,-0.4833706529827635,-0.19304027937125182,-0.03053322570991442,0.06688729416213689,0.11585770707222184,0.1344271600156816,0.16665479003793826,0.2010886644381624,0.21142846841917076,0.1976364002794716,0.1823566218042755,0.15822898394047502,0.14634907182621806,0.1628688641266974,0.1572788302964965,0.13194584137793905,0.11916728851646549,0.11392632586679907,0.12103794051102715,0.11282009519304544,0.09139446375403606,0.0718275285937775,0.06697926935006684,0.05433057929401029,0.04587175199262145,0.05684861433028601,0.08164203978058483,0.1054677132088329
0.06352180169528159,0.011571514148941206,0.034614523866229624,-0.007553657605928004,-0.030419348334255344,-0.060541244307758334,-0.06206330876761428,-0.05002321274506131,-0.05448341041021675,-0.054642922370529555,-0.00255735115747177,0.08837367404275472,0.21230051557089527,0.3350936725531944,0.3490979950459537,0.2699364321100269,0.12463867028118997,-0.09152750464039618,-0.40414173536035247,-0.7866731777570943,-0.998104337276312,-0.8585331302324284,-0.5622922112950314,-0.2761423724211473,-0.02377886359514099,0.09591957542403677,0.09462252606466366,0.11475031091381609,0.10012968638844398,0.08055658188762331,0.07631178790186534,0.1273818208538081,0.13739762192007132,0.1356921209329873,0.12671141998999094,0.09334739427720755,0.09206228772323523,0.11043806056741294,0.09961544147545791,0.12132609773068755,0.15329956931021535,0.15609786334928383,0.15690873776915465,0.14845289799681038,0.15444458379731274,0.14095633619205597,0.1368342491242521,0.09298375940297372,0.05556444299014771,0.03252381497875662
0.14427593837618755,0.1408908085106532,0.14702574842673413,0.25171144278237473,0.2703112480562417,0.245761891808831,0.16847773788342996,0.15271462691391566,0.16294797855780271,0.16756631345630713,0.15426776375585244,0.13668208531338455,0.11010412774696704,0.07703245732591965,0.06875934341631423,0.0888584398248061,0.057237993522413606,-0.10686139866149057,-0.38741759521605584,-0.7702473704841766,-0.9638084569811264,-0.7274503156616012,-0.43176883822152123,-0.2870708290523718,-0.24159648858124536,-0.14662580847453058,-0.11226683915907347,-0.08488143182086787,-0.08972130330736397,-0.07865590245731367,-0.07410599021571741,-0.06347002537035962,-0.06693966756984827,-0.04448893816304221,0.010161001615821138,0.06458372200721157,0.048902390107691956,-0.025441655961883466,-0.010244659206878932,0.07593214762327005,0.14369841116066467,0.1416403280249377,0.16022940635556956,0.16658824415516588,0.21913740200473936,0.24692394239064125,0.20636166924041846,0.19866424312413483,0.2412796604193008,0.2443350006587663
-0.04561825173229049,-0.021982823356966677,-0.042487292445883444,-0.03471117833818349,-0.046597249909385484,-0.04508121919485349,-0.02958293594757146,-0.01994194127976961,-0.029913550986269414,-0.03352144478579099,-0.0287163136698321,-0.03559994106773224,-0.04075318557243942,-0.03403502038635655,-0.01906383293343274,-0.012914783340427784,-0.04871953306753702,-0.20717864929005797,-0.5460687095612226,-0.8768735774209673,-0.9982717301133743,-0.9074954192970278,-0.7097005966988632,-0.509524985924273,-0.3323441589007025,-0.1947233794808691,-0.09564298831345477,-0.02381126564792849,0.029896942601711794,0.06465583641896155,0.05671844619366326,0.02790429712207178,-0.009022968747093171,-0.04823483253483969,-0.06162866647403822,-0.02364932501300343,0.07352576458926352,0.2205391350734485,0.38221589004624923,0.5153462951525736,0.5695137990815841,0.5787266284488596,0.5591370175158982,0.5261812427424918,0.49868240441288714,0.46747903778938155,0.4318150959106692,0.40822438852563286,0.3749770479676661,0.3278724818394249
0.3073635235193737,0.2619674138603473,0.24756953288370137,0.23311397751203158,0.25349784510596884,0.2496185878561354,0.2305821500800568,0.2448863095101272,0.2427101272657992,0.1760391445350278,0.08853848398853807,0.027092328035089888,0.037841657309623085,0.11392789392085857,0.12782155008578136,0.09305437230449312,0.058566936572804346,-0.04615169373234373,-0.3377527508128297,-0.6991260799635995,-0.9278988305397882,-0.736172987275225,-0.373484579455468,-0.11401052662071118,0.060030512350818764,0.11872059132415438,0.12447043286798794,0.16251053983327288,0.15339564591703478,0.05101783389769237,-0.026585483403735188,-0.08077769009591847,-0.05427587816811578,-0.05758887912260394,-0.05415087080872404,-0.08680084366774517,-0.05301809328588029,-0.02691214030701472,-0.04821031976747543,-0.051871562245099166,-0.02813908339986135,0.008786996386492208,0.04221391889726255,0.06496001682675559,0.035349616864566516,0.006129520786306285,-0.0036878314711745407,0.002464053031050329,-0.011584268855258836,-0.0060411203305804915
-0.0050670458679276855,-0.008248988371594095,-0.011662652510734573,0.0021614221794943435,-0.004541630077526364,-0.010449887246504051,-0.016901826518431976,-0.0258626898115236,-0.023959197301182667,-0.012443805973754088,-0.013377594181683466,-0.0258573502563809,-0.024275058283534687,-0.02366662053361732,-0.02790683248772052,-0.031063793988179548,-0.05917457828105948,-0.1820889376761274,-0.4947087450971985,-0.8418713165994323,-1.0,-0.9241628291188827,-0.7304825934593517,-0.5239507470728525,-0.3481947311936806,-0.20913185783972055,-0.1045269788610476,-0.027026663594104286,0.02989566717630564,0.07147095146421521,0.10614009582689608,0.14072560695349967,0.15829476734723288,0.14332287730431267,0.09898465595412778,0.05188921767358907,0.009244990987588488,-0.01398067619190318,0.01981730261092626,0.1300921316412389,0.27796918946729876,0.4157355435829882,0.5135693943917061,0.5614501404052675,0.5668617219690764,0.5413471496625715,0.5184999271714646,0.49100921337034364,0.4550914835288068,0.42101217772670607
0.3380979409953489,0.2627272722970477,0.27246725148982015,0.24441948210233594,0.2603766116593113,0.2646388672137004,0.1956136283988877,0.20716121962142417,0.2551765668069783,0.2418536016783174,0.23772189399438304,0.2173807318733571,0.21279815282673706,0.195389032878068,0.12124303516904708,-0.04399759109814357,-0.21191916394064528,-0.35017986956063046,-0.556115277092135,-0.7951157588751305,-0.9754368924855105,-0.859657183308387,-0.6859978246120081,-0.524579667202518,-0.441688605700464,-0.44970970957771944,-0.383417991751755,-0.32276363932909335,-0.2812900865749081,-0.20258744093892758,-0.18084940955074733,-0.16103802534148454,-0.0576368594925482,0.014568435545977436,0.006352364834442022,-0.0025181866012141635,0.04207854960188316,0.09704934899879464,0.17888844423957703,0.25886133098364317,0.27506293222709616,0.251527506949397,0.23527920675706224,0.25905507430254476,0.31950469908640067,0.35267334484306534,0.37700731930141357,0.4156478417605691,0.4558187056635954,0.42005878893374476
-0.054719125268369806,-0.05450379285862264,-0.05809669251916728,-0.060360259805229195,-0.055363146557773184,-0.05087719303137611,-0.05316580908734097,-0.055735548947070196,-0.05892530154611518,-0.056520386657819305,-0.058697378551339496,-0.06140018778230058,-0.05946579857274467,-0.06480399328629965,-0.0796940567939612,-0.1022068617895929,-0.14382717526766903,-0.2740016619331375,-0.5750121525250984,-0.8790781244023389,-1.0,-0.9277936467972847,-0.7789261404266776,-0.6204819567648985,-0.4193624041233756,-0.16130822482337032,0.08247594857929844,0.25805750270166833,0.35448258490335266,0.3927577777347695,0.4004817301429429,0.38908453126459747,0.37074872944129006,0.3616167384926304,0.34964883767145816,0.334044654719862,0.3206528703540932,0.31022830368912174,0.30260640953310364,0.29321456688954517,0.2780908583314373,0.2667611249149943,0.26298892150353476,0.25408873568368306,0.24083479280107076,0.21946485799483323,0.20592504941158796,0.18741344852967035,0.17008589689026316,0.15857214794016566
0.4111544179413878,0.40034195012326246,0.3407336242030178,0.27836972534114607,0.22907269025661206,0.16393185838890809,0.12045119812043396,0.1475423429454717,0.17334536585167812,0.17114585411261682,0.11931396134997922,0.0692284810159329,0.062468143400759776,0.020072747776080417,0.017011588917991125,0.030473765744946018,0.01873865796920657,-0.05690642659042556,-0.27581485684740215,-0.6639496583494674,-0.946492036360125,-0.7066496534837053,-0.33478117902321264,-0.07757211355173808,0.047527644079168416,0.014319604384849957,-0.06550711074684164,-0.08955723934015958,-0.0611029309459248,-0.048921242284349124,-0.04237402255312584,-0.060281533384026656,-0.06042225482025885,-0.01788973995204557,0.035365760924225796,0.03265786111045931,0.029671402061408884,0.014600196153974704,0.027337216168010426,0.033144879036573434,0.01145491380201688,-0.02729310471287961,-0.0028258859559752167,0.023019117232410704,0.05369657631266673,0.09599952462604543,0.0857934376293278,0.09874557448789197,0.08061365953665725,0.08099724789654449
-0.032394163862802756,-0.04117958521604158,-0.03966379809223742,-0.027884058075795477,-0.019462417525164102,-0.02487860284453257,-0.03159831302769844,-0.037780091918120845,-0.03787419234219256,-0.031538738492738985,-0.03088490792092792,-0.033699724565666465,-0.04079653442286716,-0.04480433482346733,-0.04308047171715268,-0.05114234809413357,-0.12024659804215565,-0.3453597089810539,-0.6755324742322617,-0.9212994445625298,-1.0,-0.9675390341999016,-0.7988280495459509,-0.48534273935015176,-0.14036928709179192,0.12459462374819223,0.274366326893856,0.33565245391059295,0.3541097192357898,0.35119620527984197,0.33947801823065,0.3209666700124818,0.3042409110090389,0.2842622368077485,0.2674952479601948,0.2555725877567348,0.25349562318400715,0.24943382382099555,0.23999787002360962,0.23415426481226942,0.23388268750354232,0.22874287112384603,0.22144699085687752,0.20731368637991018,0.19429480452906223,0.18193990979670674,0.16339507543049903,0.14660937771392535,0.13431565437579465,0.12222197855116988
0.01865124458739328,0.011042065046674281,0.00970400585980817,0.02085690099122271,0.021382387992570123,0.020929484348285284,0.022555392072268154,0.01699694547147923,-0.0008731399935394569,0.0048873700861986145,0.022584601565177595,0.05602941047711742,0.14688942088803303,0.3567080957154249,0.55311178501823,0.5601937578275743,0.344285336527381,-0.0173840826982766,-0.4504486766864815,-0.8309401455187178,-0.9993721857150851,-0.874635197388853,-0.5989659804312658,-0.3165990612219566,-0.11967853127471044,0.0028447760019202073,0.06083660046058799,0.08148538718436053,0.08363726364075207,0.08916527899284853,0.08894195443425076,0.07718025563769224,0.07225805653401898,0.0831167587324122,0.10059004292489956,0.10374965440136125,0.10257410139081034,0.09622703180691314,0.09856155164052222,0.09611330345392304,0.1024381494901251,0.10313464143022737,0.09210477624536323,0.0804586143293987,0.06646907995922016,0.05993797560794539,0.0624574429318128,0.06897445194627283,0.07502379178864467,0.07380785548776508
-0.06990552678335274,-0.07911769086686592,-0.05179002234637525,-0.09928699313912133,-0.13949751975575606,-0.18147509804240045,-0.2369124278121012,-0.3190449494975729,-0.4550374938964514,-0.5423397887343978,-0.5519329088895756,-0.49250286078194905,-0.4122626595741471,-0.3423086884964789,-0.27269898459237635,-0.22178593332784427,-0.22866607651100188,-0.3314902638161105,-0.5429762047730445,-0.8403611157407005,-1.0,-0.8054723768749273,-0.358247223835225,0.07990967150440347,0.359283850423885,0.5218955277282724,0.588644050328839,0.6014089404826969,0.5922714857277743,0.5795215648630998,0.5520697764645465,0.5202663920271517,0.4896681193133533,0.4431327512647845,0.41132518981218197,0.3722278922457994,0.34671899318618543,0.3227713523530336,0.3221316223924964,0.3178040034375842,0.26927034894331564,0.2131875711949374,0.17768132961065933,0.15792971350050444,0.13477408171823382,0.09372002833548762,0.054055658408355085,0.04554109163086559,0.02107688599105508,-0.013175084801725927
0.026766701186817878,0.011028280915968778,0.020592029144025775,0.14846709001537509,0.01487020608951639,0.07609127559666,0.11624171295687886,0.09745868128639594,0.044030039392896805,0.0073456970416151245,0.01583541902144106,0.04778422303735653,0.03158439230488652,0.03946367062778246,0.0746735142673691,0.06836897268559794,-0.024647713319156498,-0.16842052289878617,-0.3947367700585451,-0.7667862893598317,-0.9894088168209244,-0.8535999910611138,-0.5818897095798218,-0.3249392985639513,-0.16560500237156175,-0.11895557800164713,-0.08807913244681935,-0.14037059502055857,-0.13569768872108837,-0.07552407122135911,-0.01911648899919464,0.03375111785090323,0.07988973328485369,0.08330941120861239,0.11968160602137423,0.15037639928918517,0.16327189661792801,0.22701433224528464,0.3091893600947031,0.27938044655769073,0.24967282080208,0.2161144661519695,0.10576771163475707,0.13471992608022745,0.18411020616409826,0.2660221268107376,0.30019405893680395,0.3031087566808759,0.3686057979246227,0.43299558851706754
0.09240307882202868,0.09779626531946667,0.07456795732057268,0.08914317906238947,0.10238717556241404,0.0851493391786191,0.1169903430244518,0.10462027525849292,0.11517283642731145,0.10625169805271244,0.1330431765157782,0.11226964946098365,0.10528540560167861,0.10572707656954662,0.157253914837038,0.1463190959285428,0.023491093030284828,-0.13764254084179117,-0.3785557332615628,-0.7750765895054941,-1.0,-0.7588617376582176,-0.41635404288655015,-0.07881249889019379,0.06669296625116924,0.12646017629338707,0.13489387506011857,0.126824946942853,0.1353451501681388,0.15665793855341628,0.18961873068378493,0.19052779875285902,0.10388202065471683,0.07382127981445262,0.027507600385783124,0.019618292683421235,0.013217808416792974,0.06424344916756572,0.15296215293072085,0.15756877515619108,0.13330224503533522,0.09210556777334039,0.08138605231982776,0.050331522853951385,0.004531783948250649,-0.07375754551031108,-0.09741495968183941,-0.07634228834664726,-0.07008325774090331,-0.006470499494878141
-0.038139182508906154,-0.06961220951705273,-0.04175911906953882,-0.050750723503348236,-0.03790376715557843,-0.044807721871663216,-0.06174900792540526,-0.09264425701941573,-0.10352233402091945,-0.10330639012861591,-0.11043794296228918,-0.10352008076976053,-0.0893716107018776,-0.06837844151427407,-0.03879710966820552,-0.012023077842828401,-0.028749551364053882,-0.11719739968853268,-0.3575835964867736,-0.752484198955142,-1.0,-0.920956907070421,-0.646734436113457,-0.32596801033909356,-0.05231578669962651,0.1268893591329672,0.23076756642645674,0.30587627416245244,0.34877512199609456,0.3439064616776257,0.32071455268840554,0.318966815243184,0.30255805084268717,0.29550970577137775,0.2893400528124611,0.28940472816811597,0.2736051469667272,0.26352655215704773,0.27343902162036776,0.26458752208155406,0.24075672065132328,0.20730695422146694,0.17556433841051572,0.14535570662675137,0.12068623443570661,0.08405396730691636,0.04477351931427358,0.03432951239819179,-0.004982931977581062,-0.02699809023830959
-0.06136112620401735,-0.047495441774976915,-0.06236236064580066,-0.07582098392968474,-0.07410451372679953,-0.07443718368464754,-0.07115354290696105,-0.06428569135174059,-0.0662886942430157,-0.08294619739167804,-0.09248025829918023,-0.08857725131313769,-0.08813838003429289,-0.10429989192269074,-0.12662146620368386,-0.13913919697967642,-0.16259354352441716,-0.25976529165095896,-0.5040175786151962,-0.8281276485857404,-0.9988790350733912,-0.8607381994158736,-0.5499098693544112,-0.2258742479483291,0.03644816777930375,0.2269170075376637,0.3496268612888243,0.41310438406677985,0.4563329191137776,0.4686991957932257,0.46016526398848345,0.44375766489863083,0.4168277847099034,0.3905678304568372,0.36603865420631226,0.329574795415366,0.28239470942950307,0.2407085273399594,0.21227292046143803,0.18328838418845841,0.1492886778466272,0.12560747743290965,0.10202899240222475,0.08741436383383726,0.061711205353105904,0.0329012742061287,0.000761563943563495,-0.023052952603868578,-0.04204094611307782,-0.061927132195614396
-0.02692145334527284,-0.043772138545937964,-0.062050467395155455,-0.09348244313650111,-0.08211094286177864,-0.06463630053886726,-0.05393977970597215,-0.05653152631368433,-0.048429482731846274,-0.044910131925168635,-0.05877668502981449,-0.06219533426317607,-0.06853354190450874,-0.09844436568618777,-0.11073212344100195,-0.10976388843409902,-0.14785353555748776,-0.23011350621453283,-0.5261944180092416,-0.8756793497707339,-1.0,-0.799642786697001,-0.44121104974623077,-0.0882305183551399,0.17947810787784926,0.3270869550110178,0.3769803925474653,0.37576525454021176,0.3655916736118916,0.33711142904751334,0.2972126269526526,0.2642959665108121,0.2500162443853143,0.2673054440113472,0.2928628316326313,0.3033867495004741,0.31054522128356044,0.30595546367207527,0.25587701697099435,0.22122366091966375,0.16401576871815865,0.12269458897896963,0.10717695063084182,0.0842779941799858,0.04800167861643979,0.022159218756356673,-0.003171029961199734,-0.015498800851456851,-0.028436987548421066,-0.037758650385808855
0.12812401877759216,0.11099515310371695,0.055622717129544856,0.05804044131425124,0.05484438871051299,0.053873455183496906,0.05816432619647292,0.03467216130256619,0.0729332020422826,0.07507693069765202,0.11293901624456743,0.133141587823832,0.16219591145808793,0.14052592075197884,0.116852174800433,0.08418816204995934,0.008051872483196713,-0.1359920922423297,-0.39646267813065106,-0.7335073052418177,-0.9802225795580671,-0.7947855990562106,-0.4711009743036327,-0.16343819491548217,0.012134057310513553,0.08354451810682692,0.12003311132731481,0.14063784183096836,0.14906225696997355,0.16187416296106158,0.12437885790963117,0.08847062076408524,0.04012881309090573,0.013343651595689326,0.05178408119861869,0.06785670050133531,0.05831875921230554,0.047819357004396525,0.07121740305236482,0.08074893745245688,0.09641522298997676,0.10371578899721651,0.0792104839076045,0.05986027024717653,0.04242564985680166,0.08425459180606429,0.11696078881491637,0.12369386098664231,0.09714130892537282,0.10023688655782713
-0.018781668850484018,-0.05750094912326169,0.022161164791929464,-0.058854635796244226,-0.05309997285096108,-0.04150408332052628,-0.01947962330404021,-0.03999798893536186,-0.06129158783476021,-0.07051804891509211,-0.04889998246104849,-0.05547233515260027,-0.063898591383897,-0.04185718239117096,-0.036631673891955485,-0.054200805862490396,-0.13907348840638617,-0.3364816607920338,-0.6246695544644563,-0.8861917251752447,-1.0,-0.8262932608283448,-0.4677810583160964,-0.0976655205786162,0.15326887734359088,0.2743727023230279,0.3110150378192933,0.32118937518105994,0.3167617839503217,0.3350814685463093,0.32404032196173305,0.2903090729594714,0.2796024160657912,0.268903895677958,0.23199294945795798,0.2094208864075489,0.181467954267421,0.15401683253117196,0.1466889193057248,0.13930192449109677,0.15049660938871234,0.15872787556834214,0.17838905207145206,0.1657209589281851,0.13531537998427448,0.10408708900994955,0.08273865178359306,0.07129430235531838,0.04713756853061763,0.04664232793322057
-0.04048142453562213,-0.020065446381918376,-0.05542479535629651,-0.05013553245344401,-0.04509720100185365,-0.017615175063283174,0.011387589228911631,-0.013184922783079426,-0.013820205040547187,0.0016943785238115931,-0.00295276455865919,-0.02230940086757864,-0.042090974223608864,-0.02800521034432111,0.013765423936332417,0.018622142454164884,-0.027900979301876447,-0.15562750124522545,-0.46595968423021483,-0.8165748084063237,-1.0,-0.8992684687539133,-0.6724759539380692,-0.4113531076702908,-0.16529742648297616,0.027959656261890103,0.1863282644220662,0.28143783527011457,0.31844229187697937,0.31780873570568685,0.29963653800883383,0.2959597169007646,0.29726035654383076,0.2987508878294219,0.284037263974214,0.26165446812504667,0.2614144434768998,0.25521552731547426,0.26481645651393815,0.23293076739855328,0.1891016952635099,0.167064390094324,0.16151979743648678,0.12736659407544437,0.08865613524018527,0.08174003690775236,0.062333132172041145,0.05334773417384452,0.05584475920874824,0.04954396429983142
0.32589448408568955,0.2870275080508837,0.24518417416556057,0.1821547456122674,0.13591585792596111,0.12171745729455775,0.1051439816036957,0.06225797465130285,0.03433172013916549,0.02778634736432566,0.02389449873703885,0.03978739367003302,0.022028616070182423,-0.003963505692503846,0.0028032705226932954,0.010093437577523345,-0.022011816437536465,-0.11105893240417593,-0.3188601778695749,-0.6527480385554764,-0.9120430529274597,-0.70138474969643,-0.3558388683459388,-0.13108076723108547,0.007272876632425787,0.035876080324007555,0.028180722001521004,0.014002602090237007,-0.003094700723769103,-0.0034467345180011827,0.0014729477746161692,0.009429970867695873,0.017612092397829664,-0.0006867251775104061,-0.02528942545848047,-0.006595737054969233,0.02827080858287156,0.04986229553587661,0.045342168119676375,0.05682530432688956,0.10148839333704344,0.11594522520392529,0.09554721608016738,0.09838991742561405,0.12862393467920863,0.15794132812340916,0.1585601747012301,0.15094216905867605,0.1552468109678768,0.16524872639123298
-0.07676635232162504,-0.0766595329028952,-0.0833503958609579,-0.08367593669933648,-0.07996347737740093,-0.07940899846059227,-0.07799427445254191,-0.08423370741775527,-0.08900437697574516,-0.0868014053913771,-0.08253210867184717,-0.08118330163959635,-0.09098743466423515,-0.10148670414094323,-0.1175799739549266,-0.14689307256123657,-0.2402399810254223,-0.418470191370566,-0.6723768854630975,-0.8980561902388329,-0.9993197806950768,-0.9411835760861215,-0.8110742645325184,-0.6276116950233226,-0.3855844349169187,-0.13701529559975376,0.0780302293034383,0.23291305022578496,0.32863689879299135,0.38648165361956727,0.4268116874210606,0.44820668471581904,0.4580471538782197,0.4633180845328474,0.46258975628491383,0.45533749915812505,0.45098692630259346,0.43623831386215145,0.41498057887054646,0.3884244628253589,0.35769071908072775,0.3306867445737394,0.2927362123654959,0.26134386891626415,0.21960917589176795,0.19170185028601153,0.16534593892513227,0.13983948093338008,0.10697621723269125,0.07252016044601622
-0.06233138814091072,-0.06977257872208188,-0.08139796027348378,-0.09113860867382005,-0.10359702504710408,-0.10227760205301517,-0.10895086701220331,-0.10046996770357705,-0.0826786670319486,-0.06045858184405459,-0.043906912259735476,-0.04206632809291847,-0.040996582640749055,-0.07238026679181031,-0.14040579756103555,-0.27052104554984885,-0.46155794602465994,-0.6829321335118814,-0.8400441540289486,-0.9497577477177812,-1.0,-0.9043328622198,-0.6298414966708854,-0.2675214144323528,0.03817830251860161,0.24265865775501036,0.3410604954224188,0.387150191298161,0.40006518149546483,0.3987506743321782,0.4171675277683238,0.4337533529279395,0.42895392862627885,0.42757005941494414,0.41566515635605256,0.4057318922370565,0.382074568237712,0.35335411521718907,0.3303935296694349,0.31788815971672396,0.30190791902717173,0.2572585414234114,0.22017593455199877,0.18285308879219367,0.15571374585955627,0.13072234744850375,0.10941070408011802,0.08023064816352475,0.039737897366642995,0.010911314297995453
-0.04729496786516918,-0.028005896601979562,-0.04071179426679588,-0.041901777203637615,-0.05754023223934342,-0.052224094825358,-0.03126445999846831,-0.03376661963190729,-0.0432056044840692,-0.038218899240422384,-0.04861675232148134,-0.05664545642117879,-0.07507416871373389,-0.09104558742465658,-0.10709982777037097,-0.15049570159937745,-0.2409075802160193,-0.44730298870998736,-0.717840329778663,-0.9229018980050443,-0.9923931998652242,-0.8772630032586007,-0.6843239336090706,-0.5156374505528118,-0.3820391884455509,-0.2991292068211689,-0.2429128740494054,-0.14572045263132485,0.01752282356436669,0.19077644667563262,0.3459067092541641,0.4400806617598086,0.4799034843119737,0.4860754890268069,0.4812816410857542,0.45075654330239784,0.42902410986906164,0.4185175762154454,0.39628789291701016,0.36812064789563503,0.34544896776679196,0.32077357500938963,0.3216500146788493,0.3226473115817902,0.30605198121153865,0.28144094205637604,0.2713920492312968,0.26398063422094875,0.24510332378400307,0.22874112113178052
-0.04119546968040561,-0.04349328378059266,-0.034369724371956324,-0.05216521722036563,-0.0417128833347425,-0.026852945011724253,-0.03032740222805314,-0.04760652376040668,-0.061488045122599005,-0.0722723205527376,-0.07406639234831036,-0.0612153347793068,-0.062015029262289766,-0.06950998846896077,-0.06597861048890963,-0.0644519469746618,-0.08898642980283403,-0.21635499845228226,-0.5172088439902197,-0.8417797661905744,-0.9977268869376976,-0.9275761844935729,-0.759801518955878,-0.6024127742549791,-0.46764189268147727,-0.3774085251094201,-0.323584261868487,-0.2978611724010317,-0.2243989039130428,-0.07201997916301472,0.13846238181174098,0.331555824816949,0.4556550187228533,0.5051287426678487,0.5154447752459369,0.5018656989217479,0.48494125732401644,0.4588135378848193,0.4320136883978777,0.41699621785892854,0.40036872470671847,0.37540041966894316,0.34873592987828844,0.3298393413174489,0.3233985321097399,0.31664280033050357,0.32091874512836993,0.3072310328696987,0.2987608282312961,0.3013097577068094
0.4280228420011337,0.36822629206694846,0.26639636670303846,0.16370991802880036,0.2299958072673585,0.27786224559779277,0.26770999604934037,0.22699718533033733,0.15205705216694165,0.13035008680633703,0.1189309806552788,0.11586925082733748,0.10885376050534466,0.1014924349053176,0.08803229911279384,0.06143992233752916,0.007557652699135659,-0.02933073486055606,-0.20999808036977888,-0.6342735145945209,-0.933341742219508,-0.6945612149796955,-0.32715898119279896,-0.1389476056534237,-0.12365990704006637,-0.06405020044622563,-0.01675848401072003,0.0029465601695331995,-0.008359995963102355,-0.03399519859125757,-0.03179357532657016,-0.031563323898612154,-0.029214707761790394,-0.023993491007560475,0.012217692743903927,0.027768102451770575,0.002485654376912362,-0.026538454868352372,-0.03388846370833327,0.021151529698892068,0.041472532636500255,0.03214540783685817,0.04410901714973599,0.010643520476199307,-0.006058662386302947,-0.042050375174668864,-0.030167893675818534,0.020751186499840434,0.054226419746713314,0.08628289088203808
