-0.008827307807896336,0.007251606532479384,0.02595880859320655,0.033379837544870526,0.02966933839934062,0.015445657711800771,0.003618388618993905,-0.009986842770856704,-0.021891429799988947,-0.03580588178499853,-0.05327624214935301,-0.07468905620524728,-0.09331899118497809,-0.11658715387097383,-0.1530740652824944,-0.20965970084060426,-0.3372864939819892,-0.5984903884315023,-0.8988108741222416,-1.0,-0.7863354760780835,-0.40500307036879785,-0.08558873117227583,0.09429433059623434,0.18466131038234992,0.2108669381936781,0.19988997020206506,0.18303795875140255,0.1770083481112482,0.17785861855183785,0.18860369803566535,0.20591954310609123,0.2271005677115365,0.2422518873365069,0.25036864549124377,0.25338347911341713,0.2463489365112477,0.2330528947611384,0.21241302510213714,0.19726161113684623,0.18265144645831982,0.16324847274137552,0.14314969199059388,0.12784372027823016,0.1183355178683955,0.11091448184120747,0.09846871996571989,0.08231243064260624,0.0671610827155397,0.05177787929979979,0.03662655967482938,0.023098619982902514,0.01985189077741962,0.018846958815404574,0.015600279138589941,0.011580544215005728,0.010807524345856334,0.006710484605147567
-0.016149415574240645,-0.012944431614298188,-0.011101568480567366,-0.011502185746002171,-0.017191035926538336,-0.014947545137774196,-0.00949907436156115,-0.0048518469779340895,-0.0009257356529854346,0.002840110003396693,-0.004531351087666544,-0.023440755901289478,-0.04827939274438311,-0.0885019777746981,-0.11774755350608265,-0.13858006261456296,-0.250354296933655,-0.557871921213952,-0.9009655451570097,-1.0,-0.7933584443472032,-0.4656487795921183,-0.18425118289771705,0.0015581227754093872,0.12687334818324073,0.20483481260368933,0.24874326049412873,0.2740627071771319,0.28311684380813645,0.28063294259904187,0.27422297590146266,0.2631657442343559,0.2541917713008537,0.24818240796498187,0.23944878922574758,0.2243051451182601,0.20763917303388021,0.19417824296896388,0.18616572592631594,0.17927501172641827,0.1664549805468033,0.14706472372372392,0.12230617846209595,0.10243515457980684,0.08600958558192315,0.07286909518121183,0.05972867322962011,0.05251743624872935,0.05059440712567296,0.046107445105036,0.03793469845183988,0.024874369304019515,0.016381163429727064,0.008689210726466256,0.003160624228249847,-0.0033294804984118813,-0.006294091318347972,-0.008297205911341475
-0.041520654070618696,-0.04061006974319943,-0.037089151764823976,-0.03587504087170879,-0.03678562242092915,-0.03569292298755201,-0.03702844534040523,-0.039517370772855435,-0.03878889923622828,-0.03478234236439795,-0.037210556279064735,-0.044252400570412374,-0.04935166613628289,-0.061614176803476584,-0.13033293429199103,-0.2926600073432696,-0.5247971514582159,-0.7655552764604959,-0.9501003470613865,-1.0,-0.8718510337703904,-0.613123221866257,-0.3324825179212556,-0.1136995240239953,0.036243116174784935,0.13221873873444231,0.18758247920721025,0.2243094983322301,0.25636167548698163,0.2787012099783159,0.2944845506475861,0.3007978039397534,0.3011619776616246,0.2937558179602613,0.28137204446697134,0.2759694181012733,0.27493729127573396,0.27105249499063827,0.2562403830267636,0.2422781480398232,0.23450805168956243,0.2263128834972868,0.21156134367821686,0.19401736575199535,0.18691479281063766,0.17817320104788573,0.1618433775398957,0.14302462859945547,0.1266947310061611,0.11692107168611333,0.10872579977441166,0.09609899684885985,0.08080118162992223,0.06410710290622623,0.04862711192398783,0.03721446341666749,0.027380146753715043,0.014328434973817849
-0.0503777050979091,-0.0511834869061694,-0.05072304279266652,-0.05319796293842803,-0.052161953366255016,-0.05147127446464093,-0.05135616014367217,-0.049744580722704955,-0.04462207421787766,-0.03754264906078231,-0.041111140109819075,-0.0811703478226723,-0.18131844085888954,-0.3256119847914437,-0.47502781308854775,-0.5973927224687394,-0.7050803724182282,-0.8432160122570758,-0.9820424398726142,-1.0,-0.8149559197146178,-0.5006403728314534,-0.19599546146684377,0.0216828202471598,0.17501338889731888,0.2681390184165966,0.3175221682829378,0.3430196435577183,0.3514228888936095,0.34900538454633767,0.3439981986983099,0.34232894007140946,0.3403720264677841,0.33818480344393853,0.3357100378305439,0.3289181155323748,0.3176947668883316,0.3061835946867995,0.2988163905319745,0.2940968877574657,0.2839669820445814,0.26934779868702646,0.2532320115015529,0.2362530627083466,0.2167416655837132,0.19164725286691353,0.16586192593785024,0.14093994324568052,0.11699641735532346,0.10042013776498235,0.08545544813190618,0.06577112928874829,0.04326653855667447,0.02358217756832561,0.010632014014922352,-0.0019152871701571422,-0.013541666763288033,-0.024822708661661502
-0.008995576510272956,-0.014381468379677083,-0.020964229588982253,-0.0278461997648983,-0.027746462555140874,-0.026050901841129924,-0.021063959191135694,-0.020166316695714892,-0.02315848243786351,-0.019767359488320813,-0.015378855502269194,-0.03562582080459953,-0.07482315741214832,-0.11820957246508948,-0.15810521104237435,-0.21914549716714116,-0.3717464133198034,-0.6401427062368443,-0.9095366542543278,-1.0,-0.8485964598536642,-0.5626458337553305,-0.2802857289500146,-0.07981010614822573,0.05902627473797283,0.1542771161014987,0.20624116550778102,0.2340683932560684,0.25501362420182583,0.26847840161305114,0.2746622272966336,0.28034733497949216,0.28254170878927676,0.2772555073428656,0.2618956696930213,0.24793217428107212,0.24154882244626774,0.23346993652406633,0.2180104331759421,0.20265054683743233,0.19008351538504198,0.1790124431801612,0.16794137097528045,0.15557371960811556,0.13801961769798404,0.12575171723426376,0.11986710774451596,0.11507963647099499,0.10600333889167864,0.09154119851200385,0.08276414147085491,0.07638080789430009,0.06700536106806414,0.05932548484572431,0.04885289980326155,0.037582423168822585,0.0331939037773729,0.03279494885226002
-0.015110449449933965,-0.015005928539487678,-0.011870337898564237,-0.0071669485489621815,0.006107053412114943,0.02209859206905487,0.03422287577432852,0.042793476427391036,0.0499008457207233,0.04540649799270695,0.01739519853400842,-0.023158477041251437,-0.05963586620790999,-0.09945790936152715,-0.13698061446113402,-0.18610516094958005,-0.32647569891229977,-0.6206977771193797,-0.9275676591997524,-1.0,-0.7672346210858748,-0.4062246238251405,-0.09830825627907208,0.09662130483903303,0.22591267651977914,0.297613481362912,0.31956267245252884,0.32165324532359024,0.30754295629551043,0.2893564494203946,0.2691840934790633,0.2486981783939169,0.24012751077374409,0.2389776918679683,0.22528550720958873,0.1991555020244905,0.16842657837421068,0.1458502307300435,0.128708921000978,0.11407612268935341,0.10581897594607553,0.0954714986888973,0.08982744047804563,0.0834517378871387,0.06798278185867386,0.05408164068274458,0.04833301811254769,0.051050530692278516,0.04247991409466593,0.02596581513162101,0.009242656011450938,0.0023443460780163176,0.005270898884184704,0.0050618594549746414,-0.006017232684841214,-0.011765818981186707,-0.009988980781014635,-0.012288415361836232
0.001403515071651228,-0.0026871862085586598,-0.005755213304467361,-0.00023276634903375592,0.004062472380264327,0.004880609683352961,0.001608053656490709,-0.009641380684811823,-0.023754299278116255,-0.037458153904850425,-0.0736608712514954,-0.1391120826488433,-0.21744899206206492,-0.30458105040162264,-0.38987211950871425,-0.4784358968333404,-0.6107704020535162,-0.7975104104265007,-0.9652291470145882,-1.0,-0.8474168847252693,-0.5860216364796456,-0.3148079001410066,-0.11620415184526384,0.017357269145091395,0.12187471309030873,0.20143883356904405,0.2523680110137716,0.27548053151099844,0.2910251868354852,0.30861521210784876,0.3102515298725749,0.30452454490017744,0.3122968998204517,0.3215009555537739,0.3133196574824724,0.29797956459360214,0.28775282388634155,0.28038953932123856,0.26504933740024483,0.2507318749692512,0.24091420461716187,0.22925569040877108,0.2139155248318185,0.20041620311116737,0.19243919489517375,0.18875768890277658,0.17669012251123511,0.1615545375419196,0.15460030515996726,0.14539624942664509,0.12310194232784305,0.10203477360647244,0.09058082183369813,0.08935361985419468,0.08342208153219104,0.06215043669230168,0.04210601200393634
-0.020542478899831476,-0.02489849120497612,-0.0365145211473459,-0.04127386378338174,-0.039257198284920344,-0.034901185056842005,-0.03280384223241129,-0.0373211861161522,-0.04506520648792481,-0.050227878531918145,-0.058859240583177236,-0.06837794554450106,-0.07660599049358524,-0.08951269398455554,-0.10895343331516069,-0.1461410062354955,-0.2668191497729966,-0.5547185449747863,-0.8906962192934146,-1.0,-0.7903464016510787,-0.44146246192734045,-0.15549829378538949,0.02116227085324553,0.12748144642821144,0.1796730564346103,0.19814596565352247,0.21226272628074777,0.22162016150003286,0.23291356212611225,0.25033764457230384,0.2692138093644779,0.28397588523088396,0.2984959801883798,0.31132207095873937,0.3107574225856128,0.30059345653055164,0.2843793376966674,0.2619538307981125,0.23831834059799822,0.21823219250426462,0.20597078948553596,0.1845133243581347,0.1529724419062135,0.12465825378570877,0.10199076597824375,0.07601589728405601,0.05350976289795135,0.04060304956235499,0.0234209627920127,0.008255596896153473,-0.005296440292671412,-0.011185117822886502,-0.017719140126160528,-0.025947162617191474,-0.03377184647092798,-0.040386528256786555,-0.04764653635703018
-0.023924480134156993,-0.02055602589942026,-0.017770572477860742,-0.020815136699423746,-0.021916362362833987,-0.02003779997607222,-0.017381903622088857,-0.019195688980511667,-0.02314714427547368,-0.021074248487619473,-0.01576245615022484,0.007946291183575063,0.04791437669257411,0.07674062430462514,0.06009263654340285,-0.018094460144077895,-0.20880130323143475,-0.5535493539309064,-0.8927275420594121,-1.0,-0.8280790252188764,-0.5286745471615059,-0.24734437402158393,-0.044523878845214374,0.08671650405567742,0.16989175184477634,0.22333380499203942,0.2537146924522572,0.2627188471955948,0.25695355972660244,0.2503462692220521,0.2439333284623675,0.2366782423674419,0.23104247923215762,0.2235282337922846,0.21264545444467517,0.2031879171001316,0.1957383863938849,0.19087997480483584,0.18271790215243572,0.16820754022967377,0.14721941213606962,0.129081483449231,0.11683839818724466,0.10692732013073615,0.09215783048517856,0.07550989806272189,0.062359913204178434,0.049145174084318864,0.03819765233370028,0.027055800602060854,0.016691324133270437,0.004124402344015515,-0.0063696409507494585,-0.013365669484528693,-0.021916361783815095,-0.02904193767309359,-0.036167512774906395
-0.03648137062550873,-0.04210900196920029,-0.044752284353179024,-0.04586076356927645,-0.051573665296573916,-0.05217054042161448,-0.051317861299912074,-0.04944198310138521,-0.051744198259252056,-0.05677493171467989,-0.05873610956381387,-0.05890662561666909,-0.06683649227993944,-0.08474256652688227,-0.15295649042732481,-0.3471104049274768,-0.6527067019600006,-0.9049274603170304,-0.9982954066008936,-1.0,-0.9859305278370103,-0.898447241554907,-0.6807599421003783,-0.3954569934834835,-0.15116582863104605,0.0133146505565915,0.12441800934991397,0.20448423105572017,0.2659620411444847,0.31328546574406846,0.3522523368177829,0.3786849395291167,0.3929245713379246,0.40093959847095184,0.40511745899209145,0.40315633577469306,0.3929242799686681,0.38056102454778545,0.3681973528851078,0.35702742106646645,0.34662483099700764,0.33042424246751934,0.3098748429116627,0.2940151147881444,0.27423297373311134,0.23961437257143176,0.1983449767600154,0.17114461605770395,0.16304419692042132,0.15784290188569194,0.1419831529500839,0.12484435541454321,0.1080466888421393,0.0908226449869715,0.0701026591374567,0.058420989249930666,0.04742151885240889,0.03915059666982712
-0.024688177144509924,-0.029588259224506353,-0.03507635545976262,-0.040760450433355126,-0.041348454123468485,-0.042426456901953846,-0.03909442452948438,-0.03733038654876765,-0.04360248072741074,-0.046836536903536424,-0.05036460688488619,-0.04624853620346492,-0.045072510882987096,-0.05761669625023143,-0.07398300427459367,-0.10926365026733802,-0.24852443085920536,-0.5574254391750567,-0.8930806004408566,-1.0,-0.8195793916662241,-0.5004867659013242,-0.19854344145011157,0.014414482368824774,0.16004526904977917,0.25716520112868096,0.3201805484158184,0.36036137665496115,0.3808438331018328,0.3792756877129666,0.3619294024421533,0.34350502768164104,0.3254725876069223,0.30959625475059727,0.2866638776129119,0.2586352731448432,0.22737263941102545,0.2007161053474195,0.1861138173635229,0.16680735633671057,0.13740680106585312,0.11045628608748344,0.09163986899967089,0.07390155934180846,0.0607692775931534,0.04949906832737493,0.036268850747941075,0.021176587596007268,0.01176842988281245,0.007260343784467584,0.0028502891982407344,-0.003127821075596783,-0.01116395622499846,-0.01822006980291463,-0.02468817340695761,-0.029980264176283467,-0.03546835592647696,-0.03850640588916177
-0.01259673673553485,-0.015125020769963742,-0.018231198046096415,-0.024660260360050985,-0.02133737422025424,-0.01750882873902957,-0.014908311355312247,-0.008984903423898792,0.008640844304978511,0.03536842436537597,0.053572079110642656,0.05191064044864367,0.03565736657832847,0.009146505299368711,-0.02444354819046237,-0.06150099639371126,-0.17512965175466247,-0.4804737288659346,-0.8527811677280348,-1.0,-0.815001802578394,-0.48220723227507034,-0.20315754450368612,-0.03311195783576757,0.06946417411279238,0.13050439461012017,0.16597269810927512,0.1937117323954347,0.21321575272412027,0.22527929177628425,0.22867446746608666,0.22455692522415455,0.21704431308200536,0.2067866904101657,0.19558999122055737,0.1843931686097661,0.1720406476735551,0.1595437063217108,0.14878030364219738,0.1424235308782485,0.13288824831114218,0.12096917375360534,0.1116505835205404,0.10493252169094125,0.09857569603219965,0.09915356282650709,0.09062960224818119,0.07394289963078937,0.06260166542016363,0.05956773471701756,0.0558836873406529,0.05024921941824225,0.041869710110845344,0.03204552059398166,0.019404101523812053,0.010735713918003806,0.011602549372660087,0.012180424982766306
-0.011205619731075402,-0.013909431444854074,-0.01871620252053177,-0.021319876631337387,-0.021169663400149395,-0.01731422585710281,-0.01576204130929412,-0.015812113022881574,-0.008051173479583583,0.0015123076518008764,0.010525005280531581,0.03180502869458343,0.0647015017588062,0.08047380395695343,0.08688286719402558,0.09214031348135067,-0.026376994053676345,-0.4066127838989328,-0.8545450126378579,-1.0,-0.799868196979009,-0.5007454758860033,-0.27122235953275586,-0.12056005755751155,-0.027879120254918226,0.025195695407415983,0.06890746612143189,0.10741188555851758,0.13520117292404782,0.15272594499669406,0.1637915649325113,0.17035083376247392,0.17650956249224595,0.17836221016625867,0.1758586573315652,0.17090162223002106,0.171802904672468,0.17080149331561142,0.16449260176741498,0.1575327561734337,0.15517942726354472,0.1490207229763247,0.14020824192960674,0.13149593868240247,0.12028004593667666,0.10771228452302252,0.09699719522593313,0.09374258387359721,0.09008739575724266,0.08307747959541854,0.07626786403687978,0.06985881913172166,0.0649518912618484,0.0572910454967915,0.047577312560816626,0.0417190255700156,0.03656174180560919,0.031154132699859685
0.030613282460339498,0.031635571277382604,0.02389538451977052,0.015571034951716954,0.010313539581513967,0.011335829512491503,0.007976880542207014,0.00505605479368807,-0.0013697606277257338,-0.003706420972424597,-0.011738691171668801,-0.0353973713244673,-0.06051645683246786,-0.06781851089987175,-0.05876401073065177,-0.10009366936815785,-0.26599698582206827,-0.570786377812955,-0.8825833263422453,-1.0,-0.8421299330851557,-0.5141220126378337,-0.21342182938397203,-0.020209078100529448,0.08289606452845974,0.13634717444533181,0.1759245251088912,0.21170465152835075,0.2403288631662139,0.24208153651065384,0.22660102041182256,0.21097458781406994,0.21068252311786564,0.20615526189391134,0.19505600140535856,0.18921433319930422,0.18074385102904977,0.1738799118289032,0.166577831027073,0.16248869358185145,0.15956781492144706,0.15416430614002727,0.1394141121882647,0.12700063185859617,0.12028268936064998,0.10991374210769045,0.08961398920345505,0.07369544735212091,0.07106672250267525,0.07296524996570843,0.06814590622259896,0.06653943900003234,0.05894529350199785,0.05003679894645369,0.04142033789694975,0.03557869196958402,0.031781612536960185,0.03046724120076191
-0.03067042007313449,-0.03558922744356022,-0.03656217637663073,-0.0359135368830911,-0.035913537707670216,-0.038994552832202566,-0.048291641120974074,-0.05369693202830532,-0.052075311443109715,-0.053642872621548585,-0.05942653979637948,-0.06445345113789462,-0.07558832012845189,-0.09407448014029166,-0.12791166461382758,-0.22147746813949992,-0.4220669319716236,-0.68670964865703,-0.9050292785787797,-1.0,-0.9371906610226544,-0.7180598563443381,-0.4141751161474194,-0.13661410767406615,0.058246569670781574,0.19856821227274707,0.29429526404445994,0.3421858954949733,0.353158655529906,0.3521314806250976,0.3480775858321404,0.34164531462067177,0.3310510429959983,0.314943411125227,0.29305190428568795,0.2695390506212193,0.24959391990370774,0.2349995820106817,0.22424313876237092,0.21462187049298956,0.2069464506150023,0.1965682978779633,0.18429827040005894,0.1752173587194599,0.16629861866249815,0.1537582875541772,0.13656942796847366,0.11938056838277014,0.1015430750755808,0.08457041353710672,0.07473279549793879,0.06959773895637851,0.06305735552802937,0.05003052933869529,0.03678757106846096,0.025760748328455062,0.01440963841255438,0.004247688670219482
-0.030079479881503276,-0.03992814981783736,-0.06161250006343236,-0.06990611671319658,-0.05910713749672167,-0.052282176390275034,-0.053750845112719506,-0.05772485795109701,-0.060921370833921545,-0.06092136029062003,-0.06005745007164421,-0.06014385242759092,-0.06636405239474352,-0.08701170879607231,-0.11258369061070114,-0.1475725539681314,-0.26999030073805336,-0.5551692525477853,-0.8796567321503177,-1.0,-0.8318822495369516,-0.503938970908993,-0.19370598224339503,0.02607521612969555,0.17838447208669703,0.2742798269415286,0.32767022019549624,0.3604988981346404,0.3714706372539773,0.3603259458165257,0.34468925968037867,0.3227458868747201,0.2952732271937386,0.26624532510571625,0.24378334838495003,0.22624578933137215,0.20663474242789745,0.18771487219879038,0.176138327131128,0.1719051283115134,0.16387058430249496,0.14590102401248506,0.12248880061243081,0.10503762282819662,0.09907654558247202,0.09397934428999329,0.08248921212157916,0.06521076524612777,0.05095610561636889,0.041884960016972526,0.032900169328666046,0.019682200907347996,0.0038725150082293746,-0.008567906012678874,-0.013751420043041404,-0.011678016539556696,-0.009259048421316583,-0.009863791109832955
-0.009914311606829606,-0.012855863498620512,-0.018536098373022614,-0.024013472461906455,-0.022897703809415384,-0.014681655441843324,-0.005349830684959767,-0.0023068525589507107,0.0021562034826445526,0.02041411092280102,0.0490181572987194,0.06859472686495151,0.050438266161587315,-0.02015902488863491,-0.1432986680696656,-0.3110691184712205,-0.5244836280067335,-0.7712690865609938,-0.9673383874357511,-1.0,-0.8435913489198396,-0.580778615022415,-0.30092593645097065,-0.03192524251366508,0.24508851657051103,0.47087820035629707,0.5748463607360162,0.569470347505218,0.5180441849099318,0.4533305469575416,0.3847620165647054,0.3326254034127794,0.2957036623225297,0.2618249303055707,0.2213531893942302,0.18930019845089976,0.17083929076903687,0.15126268406606672,0.12478865862695436,0.10389346252402058,0.08664981665236358,0.07336208133809331,0.05763997713981974,0.04070067302590366,0.0321803324162414,0.03370180600560508,0.03806337043684959,0.03664335441582679,0.030861712068996072,0.015443900112812698,-0.005856996284901417,-0.02279627796203825,-0.022086252156839875,-0.014580221277384236,-0.005552699787559985,-0.006465596242722667,-0.007885655203098831,-0.0132615981255415
0.025461495353386168,0.02097788163861089,0.017775314372448774,0.01854392856211285,0.009832953415011222,0.0003533513758491132,-0.0031054202944985555,-0.003105426157143051,-0.010279177077623044,-0.017837231673059117,-0.022320824868578663,-0.022192724132147013,-0.027957346188346235,-0.042817242669619796,-0.06318559393298882,-0.11263324033939122,-0.260336002230317,-0.5511300480209563,-0.8694638272427918,-1.0,-0.871000684321302,-0.599168150536703,-0.3529546227769731,-0.18834205558121286,-0.07407431482108069,0.0111139822756909,0.08144239852490759,0.13844815839746785,0.18763960723943662,0.21428501379506137,0.2147974558250846,0.20224336087429182,0.19519768162129786,0.1960943848221046,0.20109051482706672,0.21057002013259465,0.2196654362382443,0.23196331017402547,0.23593444668291055,0.23465356047991356,0.22120269979343943,0.21044199561054144,0.20301203955304534,0.19020181738955283,0.17226737816417037,0.15984138590402405,0.1531799678218136,0.13998535941778836,0.12832798330152095,0.12038560084772026,0.10936873818468527,0.09361215413632364,0.08028945085851125,0.07170657058519678,0.0613302448259722,0.04224291656063835,0.03327573994067342,0.03314763334159727
0.002764041591210865,0.016460979554478842,0.03395344591465661,0.038986659161060824,0.04179204131471102,0.04344227351521083,0.04583512531057493,0.049465631116794716,0.0541688382021373,0.048640494877025646,0.04104942171984673,0.03865660265120128,0.03882163342357094,0.042699628745947585,0.07512676700896571,0.08181025273490806,-0.11126711611876132,-0.547588217907883,-0.9390239000520129,-1.0,-0.7727629051540612,-0.4683776361904289,-0.21176673040790012,-0.040224499050129515,0.05829440863362724,0.1141549448413385,0.14740725458828424,0.16861283906230262,0.17777172847267242,0.17991703033332218,0.1752963197533652,0.17117071911259651,0.17108820750257153,0.16927289166346424,0.15862888390048085,0.1497176400875415,0.14468431103890206,0.14047628941594462,0.13338025067475712,0.12273617242345668,0.11605273201143244,0.106893882880101,0.0987252032783482,0.09270186581628348,0.08445061418594818,0.07512682239264343,0.06786576546628571,0.06473034442485524,0.058541953533461796,0.04657773987055942,0.040554367164336164,0.04154452158927542,0.03807902641590614,0.02776506257558285,0.017121059847479286,0.013820597963919563,0.012417900593494725,0.011757816524334436
-0.011503852890011304,-0.00013720884486258505,0.01067618872642249,0.012587396947562723,0.013643595406491196,0.014699787727407413,0.01610804722430183,0.01319094462367609,0.008815281515719094,0.008161437432678083,0.004791684049237234,0.002830176352163226,0.002377536310869566,-0.004361981964785111,-0.015678327876690237,-0.04027252931570333,-0.17204546641784896,-0.491568459478555,-0.8576649954454042,-1.0,-0.8508253838366415,-0.5639424494448664,-0.2942116747090845,-0.09645207674731043,0.024004348332973418,0.0947191752754072,0.1364138700358757,0.15990162456225343,0.1716706615376791,0.17981851680263292,0.18605505643123202,0.18826805536996266,0.18887158156303313,0.19415256771966322,0.20134477130445194,0.20481505612162554,0.2044126234860818,0.20139500479675398,0.1996849791343182,0.19465554099595808,0.1867591969212007,0.17735403122575488,0.16638967538104898,0.15104966563540448,0.13787237223209053,0.12741097738765497,0.11604432394367499,0.10417466039532662,0.08989086752264736,0.07465147207390103,0.06016648743549893,0.047793893576941526,0.0377851525843272,0.027575281206112592,0.02138901189788904,0.0170636405933505,0.01143061334729428,0.005797573825213549
-0.017028168534204344,-0.01404680758023565,-0.023078576673306594,-0.03237340864009675,-0.03263647920542929,-0.02535844092238801,-0.012819188639298632,0.004016729602652327,0.01611754220225915,0.015152997839670314,0.0020876301760996,-0.010188582642528496,-0.01922034387677713,-0.026235314604247613,-0.031934978654735345,-0.09366674085401938,-0.29271712181511444,-0.6161940706695148,-0.9008258199719805,-1.0,-0.8995985862805455,-0.6887989623192183,-0.4654603659826431,-0.2801778498013648,-0.14207011966894734,-0.038336139911737316,0.044878964455319574,0.11318743594336984,0.16281843369923482,0.20534678971248213,0.2362128299950781,0.2544518041829641,0.2701478106162661,0.28268712543551594,0.29303428497727124,0.29619104079957365,0.29075446403531696,0.279004290015455,0.27339236051952887,0.26602658266565643,0.2572578545419276,0.2492783100230869,0.24015879082501873,0.22007830261472675,0.2006993751503634,0.17956670634180433,0.15983705201135195,0.14028282532219444,0.12625278755487795,0.11441507628705697,0.10126187708771321,0.09284391863557367,0.08407513700496957,0.06951904104264474,0.04952638436812581,0.03558408717489441,0.024535495303711158,0.012083929084577661
-0.024756462468158484,-0.02573695998795272,-0.03274050343654764,-0.037783049975863264,-0.03253039506040396,-0.022445293033966633,-0.012220122050984016,-0.004166039926854983,0.001156674974801782,-0.002345127732943635,-0.02181497151136791,-0.05263057144602257,-0.08666780999966053,-0.12574771582122166,-0.16349697443501393,-0.2061486777784378,-0.3258395919664628,-0.5812579059865164,-0.8729552477743665,-1.0,-0.8771571674296564,-0.6066106913466197,-0.32373856376155336,-0.09451174635382939,0.07140233108673892,0.1929842185232675,0.2762565469467433,0.3289927856667352,0.3633100697173172,0.37437580174449864,0.3742355599751014,0.36814266707130794,0.35301498364917605,0.3344556504558401,0.318347710570481,0.3011890172622416,0.27499597788788277,0.2464915305602025,0.22274947423023383,0.20215892601899704,0.1847901093770874,0.16497003618172976,0.14718098996679568,0.13030231865081576,0.11125263499975671,0.09031192681724574,0.0716824385505789,0.05382334837536872,0.04114690441236871,0.0333029295959886,0.026159287542893882,0.013552904634486095,3.607631307020356e-05,-0.013480759487108989,-0.025316746040201607,-0.034071177354185425,-0.03246035216852261,-0.034141207425329695
-0.018148909732210897,-0.015423672419183906,-0.01806374478730152,-0.023769712624112482,-0.02785756599529912,-0.03867335420002848,-0.04514578867734114,-0.03969532054717178,-0.025643312830226472,-0.00835509242174407,0.01344679958658724,0.03618553197246019,0.025710387957245253,-0.04361286124263391,-0.1391666588359244,-0.2135999138612279,-0.31503037717301186,-0.5420757628620105,-0.8377637745504447,-1.0,-0.9034252987862902,-0.6356706303088083,-0.3594859041795068,-0.1460648933534224,0.00016126955314748584,0.10201726397549352,0.17074453394989178,0.21392275177821543,0.24355982521409414,0.25863374893507696,0.26416942748134803,0.26527663802319307,0.26493600422709407,0.2588041385870342,0.2483289685882808,0.23751314400659757,0.2285709612046899,0.22601609340637782,0.22644189084820932,0.22252434235768564,0.2107717384597762,0.19612348745964017,0.1847114757841682,0.18002743369522164,0.17662088786592348,0.1701484092165954,0.15234915529143553,0.12833290326072957,0.11513253817219919,0.10150630288792958,0.08353664891739705,0.061905010147445975,0.04325412496166927,0.02988337541788932,0.021707673222635282,0.018301137786752512,0.012510012475299486,0.002886512712470636
-0.037934922596005706,-0.03737733257802911,-0.0416987086468243,-0.04560188661995293,-0.04643828919092506,-0.048041386144072905,-0.04608978865132326,-0.040722912026995815,-0.037934924722552034,-0.040932010011555935,-0.04372000475891188,-0.03598333307780481,-0.017931108370255754,0.02611911017887296,0.07992738424123254,0.03371634155874093,-0.2218031797460954,-0.6291975524100121,-0.9393615143015371,-1.0,-0.8589969806695239,-0.6408374844679181,-0.43522345478993074,-0.2779117134583277,-0.16360374912356887,-0.07027561041556804,0.002072698412582031,0.058111332546847985,0.10913168735424644,0.15436699402348006,0.18872909066208562,0.2125664501645626,0.22908537701761597,0.24023736026013243,0.248043724712575,0.2572441168419808,0.2674203215403126,0.2658172798773694,0.26316872596288915,0.2653293991114624,0.26609604458307246,0.2577321166944824,0.24372237841542846,0.22824899783865352,0.21354227974585924,0.20462066933452716,0.19862649662997303,0.18315306501608608,0.1614066619672006,0.14635146247372155,0.13624494044563018,0.12502327453287332,0.11150151909395031,0.09965257305006425,0.08996419808052747,0.07853339909519598,0.06473282791345795,0.0473775473999981
-0.010339317128241075,-0.010180590400485827,-0.01041867963464527,-0.010974223951789474,-0.013513851851329648,-0.014386848785730669,-0.01335512695202374,-0.012561491407919163,-0.014307485730731137,-0.013275759659598168,-0.011450404249163038,-0.006291783276370137,0.0032318253951607516,0.010771331056453955,-0.012085310656535666,-0.08136957078664368,-0.24731901998313174,-0.5537401303720899,-0.8788128308217704,-1.0,-0.8510354619253786,-0.5572320018831513,-0.2766041958198547,-0.06724289796365433,0.07307161041457125,0.1714031786219143,0.23251321585416188,0.27132207209598513,0.2881471814069849,0.29068680885251513,0.2853694638884362,0.27505218864878866,0.2579096452781881,0.23957665154249524,0.2303704245680862,0.22029129751472853,0.200291653896816,0.18235539946512536,0.16918108209143723,0.15505428819913242,0.1418006171533167,0.13378485022954523,0.1236263017052433,0.11053126051932087,0.0972775507313242,0.08521425256623891,0.07370655601813476,0.06727809983277325,0.062436939857503836,0.057992601513371156,0.04791343087505991,0.038786639899912996,0.03394543633969002,0.029977278141594257,0.016247410000037463,-0.0004982602849672955,-0.006450509689042489,-0.003672790959800633
0.042866200185754495,0.03624398773981028,0.02010222967355163,0.004236396775099949,-0.0011441871423420755,-0.002661780826890932,-0.00804236316584981,-0.01756185459157625,-0.028460975539464913,-0.03301377869187552,-0.037428617155738454,-0.03522119687148489,-0.02721930912736723,-0.011905347479431182,-0.00818032943288064,-0.04694813331103418,-0.1969147174343878,-0.5070580492473312,-0.8493447868194882,-1.0,-0.867831712027874,-0.5859735859114372,-0.3286700910527432,-0.15800888783300496,-0.0582611451675996,-0.009697926274395786,0.010168849969953675,0.029483756936891436,0.05376538216832479,0.07239045201233688,0.10439804087240302,0.14385568292580433,0.17020683846781245,0.18552095362323442,0.18883203038118782,0.1991792357494925,0.21242384585007004,0.22497853674659832,0.23160070709965863,0.23215261215602165,0.22718593808905413,0.2247026263113007,0.22332293943758416,0.22649601888500487,0.2245645448150002,0.21338949028072782,0.19103938121218297,0.16041131927287458,0.13999265060002727,0.13599167147517818,0.1430278674341437,0.14233806609016933,0.12191943109162914,0.09198126310063967,0.06273298905796912,0.04659125203815241,0.042314370896582486,0.0391412156819708
-0.0036868948917819213,-0.0038466506126856983,-0.004405791675602756,-0.006003344048570693,-0.0036070165743785527,0.004141108777000137,0.0241104989499295,0.05190788350029416,0.0821016873340192,0.1091802957357538,0.12236018992863502,0.12323879430113704,0.11373333591395168,0.07866689394407429,0.030420825859517397,-0.013272203874647524,-0.13876014443348703,-0.4625040633797582,-0.8513470302698563,-1.0,-0.8175589606352003,-0.4962921720076071,-0.22734471452220537,-0.054409167663634905,0.05134877472861504,0.10822177481424122,0.13809614641108195,0.16022227811403958,0.18154972199350577,0.19448996402233779,0.19552835275136968,0.18961731613788718,0.18242827762451658,0.17747594715021328,0.17100582613579726,0.16150037749691015,0.15359241173628668,0.1425692797885675,0.13370287109281745,0.1225199547885684,0.11301447690478654,0.10031388704000371,0.08992973654563212,0.08569620659070451,0.08066391082589945,0.07443342735308527,0.06732429564042695,0.06093410092331973,0.05382495946236317,0.04599698336298708,0.03665127521328773,0.028903159610207285,0.020036758225680882,0.00869412580298969,0.002623432170123137,0.005339274551338223,0.00637768033989205,-0.0014503250043787688
-0.03727020299219046,-0.045427558120828056,-0.048179047620156616,-0.048858837255084914,-0.04963571260580346,-0.04995943503007047,-0.04979756887980164,-0.05271091267787425,-0.05264617372373241,-0.05507395857608114,-0.062454452180779114,-0.0669216039626586,-0.0693817711312301,-0.08485492831652298,-0.10016620947527638,-0.11991227195121129,-0.26023790457427387,-0.5981859668740763,-0.9378162820080589,-1.0,-0.813869369727639,-0.6456087529637372,-0.6055664644292825,-0.5655566648747737,-0.40040203251857365,-0.14292761704436158,0.09625829968019196,0.27122005299451807,0.3720546273029416,0.4174378449871503,0.427796425294571,0.4200926813513433,0.40170584655002967,0.3775574008751691,0.3520817108405755,0.32777164197170416,0.30378504071931695,0.28031658813056015,0.2590813104561545,0.24011239196549997,0.2241215088209607,0.20887483822483063,0.1971244622526776,0.18851383963284885,0.18025944224401189,0.16899456793521292,0.15912147348911326,0.14918381193598118,0.13905189599059511,0.12869341049537272,0.12134548093027755,0.11435352376364541,0.10286196138976228,0.09043168714370373,0.07787189153377064,0.06557106754243791,0.054014740536109246,0.04576023253304095
-0.03341210108544489,-0.03366028654946086,-0.03152586938567258,-0.026959238281020325,-0.026810323529691926,-0.03068203960946106,-0.033858827974836025,-0.030036753930100704,-0.021896227232104583,-0.019265446570326993,-0.021102030725146218,-0.022442239026399594,-0.021945864425088127,-0.02661177742923375,-0.032220796432197746,-0.07704336452547907,-0.25226352565677146,-0.5737151381565058,-0.8798288879114622,-1.0,-0.904200357460312,-0.6741811012673977,-0.40291246029225564,-0.16197310779806245,0.0024757074875049736,0.10711149468219662,0.17759683967468842,0.22524870522745305,0.25160587220651126,0.26317141848292497,0.2651567953360125,0.25766172362216866,0.24401148570062575,0.22847503611538056,0.2141297442522021,0.20345781738608315,0.19546621445564694,0.18921196854579475,0.18444676061871024,0.1802772490976034,0.1776960689794979,0.1754127691220933,0.17139209087229665,0.16186171776174374,0.15243059532780834,0.1462755039214374,0.14379367065308568,0.137340763101438,0.12388897310360997,0.11028826434723954,0.10120457271098562,0.09435460902334769,0.08859665924019926,0.08447676237149715,0.07976123321224154,0.07330835771830595,0.06591239242137527,0.06104792847472121
-0.011288498282479329,-0.008246980858694122,-0.011650582125041522,-0.017226705503319478,-0.02338214836443321,-0.02577193456338244,-0.03156529482475294,-0.032651559471084106,-0.028885855581799107,-0.02591675998065678,-0.025047750031156592,-0.02222348537092842,-0.022513156090580463,-0.014474852447000511,0.010798736943435628,-0.01802329390635878,-0.2199228080957629,-0.5851941631297487,-0.897384594425727,-1.0,-0.9240341680663589,-0.7695678870592131,-0.6095990355997774,-0.47149952033684,-0.36077420955685807,-0.2697460393085578,-0.19081099909152185,-0.12382493516307869,-0.07392935310641266,-0.035041322470746074,-0.005060622827625063,0.027454660813520392,0.05866647813844602,0.09270255018104813,0.12492824264295502,0.16207835280513808,0.19683871543385065,0.23000591893213207,0.26599735505353067,0.29872989670569106,0.3225550786423787,0.34160062410694597,0.35818416399132064,0.36911923862946094,0.3741882254501236,0.37259515469792964,0.36535330053784737,0.3573149817042579,0.3456560539522812,0.3257414322545359,0.298512769052576,0.27736710921343954,0.26295603012859337,0.24586551732443315,0.22225746304086053,0.1996632131916794,0.18097950590579318,0.16714774616569178
-0.021062941080146176,-0.02765257178349552,-0.032431288535729706,-0.02966466599589948,-0.023276251620094855,-0.0214150570877124,-0.022722922354452498,-0.024533809831401077,-0.02498653419458145,-0.024684720254562642,-0.02191808735527593,-0.014272111123171137,-0.007078857719512424,-0.0017970895971181618,-0.02468471871982835,-0.12800622212678825,-0.3393769380313029,-0.6107589202578684,-0.8572419135196794,-1.0,-0.9788223365291446,-0.7943634320332109,-0.5237857487998698,-0.26236414303201505,-0.06261276234379373,0.07441133274169934,0.1773306022416609,0.2462444447573976,0.28895118901888706,0.31239203306953467,0.3237103178761207,0.321748485444489,0.3131467048946175,0.30006804301881074,0.2841221291449631,0.2700878311966367,0.25866930982381936,0.24564093812136925,0.2279849373516575,0.20912165319665327,0.1954897748581748,0.1881959439854296,0.18296445222378332,0.17380941837761707,0.15866830688984224,0.14745079887595916,0.13693751290143563,0.12682669564825744,0.11747039060779543,0.10801346838699709,0.09604146043827219,0.08301304576326186,0.07129251323706885,0.06233866464007786,0.05595024105586747,0.04900847823024181,0.04055762958981203,0.03185529631844458
-0.014111480021947643,-0.015724126681739576,-0.016986198198698305,-0.01677585221051511,-0.020562071173531746,-0.018668960221309944,-0.008221816519314694,-0.0031735272426503605,-0.003453989629837761,-0.012849409140069734,-0.03234139196169064,-0.058494335755322334,-0.08156224677038292,-0.1046302134051534,-0.12426249921792622,-0.13288670318420642,-0.20489514567004663,-0.4683168859335721,-0.8279366452738615,-1.0,-0.8604002783650279,-0.560307847267007,-0.27809550998223614,-0.07349898469223441,0.06273473906037051,0.14974789893815035,0.20030111534069778,0.2301702173180518,0.24882087514918047,0.2554117252039373,0.2522565131867859,0.24566562890451527,0.239074847304786,0.23248406570505675,0.22694492446642223,0.21768963360094382,0.20324591371684578,0.18571704553631757,0.17302615086074755,0.16587443165132582,0.1605457040536947,0.15556746619723888,0.14806508610907293,0.14126390798209715,0.12857307320467623,0.11511088717655944,0.10431309917477198,0.09982575232104424,0.09744184877019647,0.0919027332021973,0.08019344083763608,0.06539908574542917,0.052427790720040474,0.04836109573231141,0.048431206515864134,0.04436452864189197,0.03742313322624996,0.02978055296317469
0.031115221915552733,0.03840612176125492,0.04332746150044251,0.043145200265635175,0.035854305981086174,0.02418886956465459,0.019449792450562633,0.013252521186389596,0.020361140333248273,0.03494294975667075,0.039499767026243665,0.02072569616978211,0.008695718514843818,0.00705526104452295,0.004685727353486021,-0.018098318676017893,-0.13037815044046927,-0.41599959025375316,-0.7987726524232145,-1.0,-0.8529070531045096,-0.5136980185589654,-0.2339091273387248,-0.06476005739030276,0.04733749228501682,0.12535010005776345,0.15597185605286923,0.1508682745429105,0.14448869755470456,0.13738009787188207,0.1388382656064855,0.14995691275734185,0.15834143006226684,0.15797685198112021,0.15834146342918598,0.17110052842714674,0.17583958746749082,0.1654500186227829,0.16180458260281483,0.15305556507288798,0.140843306023962,0.13100052088367614,0.11605412086651236,0.10912774905157803,0.10019645916453745,0.10457104022449241,0.09837378008262578,0.08634377670735395,0.0659292337825444,0.06410653801717313,0.06191923080373606,0.05845607826318806,0.04642611381598861,0.03931747520509375,0.027834305584622698,0.018538426494129113,0.009242534891040844,0.013434799104656517
-0.018118016088019884,-0.01711474058536203,-0.012782436038173407,-0.007994108934905904,-0.005941958213213159,-0.0037074086260122764,0.00395392948762507,0.014077858206809315,0.024612190634504042,0.030221389157323617,0.03003897637822176,0.01968704003331643,0.006416521484531341,-0.023453590920268715,-0.06855516968439411,-0.11981337209864035,-0.23126780274737418,-0.48965508137190483,-0.8247938836394139,-1.0,-0.8888655152215679,-0.6137414967955674,-0.3440897281721233,-0.14302550954810134,-0.013512092024338635,0.07126443141836597,0.12452916883729512,0.16028226276613358,0.18271897894128705,0.1963997592799267,0.20702529253173485,0.2104911575964201,0.20953347937526037,0.2089406044505544,0.2089863300849546,0.2099894222760152,0.20739007356643868,0.20091446443182268,0.19557907986796794,0.18996983125621097,0.18299259810993984,0.17368967994624487,0.16675794981687442,0.16165038087114747,0.15435384744532324,0.1448683384085268,0.13533721504607993,0.12430120851779268,0.11285477323652625,0.10204678268211632,0.08936905001103741,0.07737530960721556,0.06994199442425239,0.06301029768750686,0.05521209016109013,0.0449969133115738,0.03222797981638143,0.022423259547031716
-0.027049560436477875,-0.017270119677625893,-0.01602167872059941,-0.027673781568870244,-0.04494386578130416,-0.043487352639198194,-0.032043317071913394,-0.02205580306542834,-0.01643782603321447,-0.021223510687907725,-0.03766129222422477,-0.05076991834972805,-0.05326678980171497,-0.03911781321288028,-0.004993795696962693,0.01643774791016012,-0.08343741356923187,-0.36496056297964535,-0.7305456388929947,-0.9756551907889044,-1.0,-0.8414487281867437,-0.5753229361653116,-0.28547662733800117,-0.04827304166670811,0.10570112071432108,0.18955469517191065,0.241365022351433,0.2804829174704248,0.30898886698319483,0.3196008335135487,0.32709154725913686,0.32750762362586655,0.31856054843813003,0.3060759557817094,0.29109467475945766,0.2742408303835354,0.2567625471334712,0.23928430573167112,0.22284645402595016,0.2014148698783214,0.18580942199564493,0.17290883666902299,0.14835618805381745,0.12234703152753898,0.10694962182822734,0.09488138801431965,0.070744857614108,0.05451515394344536,0.05076983368788243,0.04889717094458445,0.041406546126557656,0.03329170213777587,0.02704948950609393,0.017270041881511107,0.0010403290565406875,-0.013524802364519037,-0.03058680719920306
-0.03732386063048978,-0.028156165794491796,-0.024894239703148403,-0.036877498755165286,-0.07052671610148091,-0.12807380064012117,-0.19698632583395745,-0.25697090534794875,-0.29803659596341553,-0.3227929620195317,-0.3359435149460351,-0.34346315943518196,-0.35190981541745847,-0.3679446368989696,-0.39640901540460516,-0.45011081500293204,-0.5577882635789433,-0.7337257456950002,-0.9196194244412063,-1.0,-0.9034121271295085,-0.6666332846893707,-0.3869322311840768,-0.1383746639851517,0.042438763487080616,0.18115571840711253,0.2794936594437644,0.34926460807464443,0.3980559587700087,0.43053800166752204,0.4504184475097121,0.46315691897021555,0.4707453861764418,0.471912958710858,0.4666251078844277,0.45666767090331306,0.44283021496447933,0.42408298058266436,0.4017642729265196,0.3771451500285733,0.3512558742190735,0.32691170695945393,0.3053145148121736,0.28512471873461664,0.2626350773062422,0.2373292022494613,0.2124012990071322,0.18864090125322117,0.1643310783061431,0.13885396777014092,0.11433824656280892,0.09236341783106744,0.07107507307416804,0.05267092144552853,0.036944972496647584,0.019914291662678198,0.0009951220090364666,-0.014490435608740663
-0.014512459709668976,-0.011308294907444028,-0.009500809654084156,-0.009500814667396594,-0.009172179503761578,-0.010158077474697966,-0.006132322413395274,-0.0015314602023796863,0.0037266522826561775,0.00438391759661377,0.0010154428892059852,-0.007939802653442707,-0.017552312413386898,-0.014923249747562404,-0.0009563455326981348,-0.03546280208869016,-0.20914557114027588,-0.5359705279199415,-0.8572086693712184,-1.0,-0.916116454146413,-0.6709558904427382,-0.3815139812698974,-0.13758565968376982,0.030838837710110107,0.14142408774197066,0.2111766599578416,0.2512700045352528,0.27386364007529335,0.28388697621964615,0.28692682829669997,0.28405129254813555,0.27821800272701264,0.2662228505875373,0.2557066055642158,0.24568334963286204,0.23565995332875997,0.22210371585563635,0.20904056774072918,0.1983598860694198,0.18439295804132141,0.1704260099599733,0.14890053082136265,0.12844305768480868,0.11077894207932473,0.09952327357780096,0.09048583540438455,0.07791557611519632,0.06468807156530026,0.05031038780916548,0.0356040563561146,0.02286951583162405,0.012681895945312707,0.003973131788702714,0.0010975972934663552,-0.0025173644399566234,-0.008761386175881864,-0.01722367607475678
-0.03814685780761164,-0.036348743177364584,-0.02984787100581793,-0.03579547718013834,-0.04478604866023245,-0.048520595302024266,-0.04658416459025594,-0.044371103572268554,-0.03773190863463606,-0.0290179708030433,-0.04077487245495097,-0.09485660051994312,-0.20315859647867923,-0.34742314574037425,-0.4613962193211389,-0.5168613016823514,-0.5615376750942939,-0.6903103151986993,-0.8856125428346947,-1.0,-0.9175634542410409,-0.6723291336165825,-0.3810342058923564,-0.14243756875120975,0.03529922156746282,0.17928700608891812,0.2892489368872241,0.3626952245978941,0.40820148224392916,0.43434351298705576,0.44250412447465887,0.43807774248339554,0.4343431802442864,0.42908722299435914,0.4140108382539622,0.39672114368123024,0.38385764096103625,0.3633867591419603,0.3253495071374401,0.2870356983569111,0.26739470077192773,0.2553612724245517,0.2337837594566489,0.2097166650884902,0.1810851242471298,0.15273010453076724,0.12976946305638037,0.10528739092016438,0.08619967325858342,0.055908352065367414,0.03184129334821973,0.020775980088259444,0.014966674583825345,0.004731245557957683,-0.0070256557225852855,-0.012696617478828113,-0.01822927856518463,-0.028603017173691354
-0.036312876742367946,-0.037409636872588456,-0.03996874709266383,-0.04435578690804913,-0.04910840885846835,-0.06007602504024152,-0.07689300515214689,-0.08530150239133931,-0.08639827637495072,-0.09700028258663602,-0.11418285881523836,-0.15988125897402322,-0.26407342875862244,-0.3759430533708773,-0.4552755081617665,-0.5192532010668472,-0.6132087945157673,-0.7524972474203389,-0.9159146869172774,-1.0,-0.9082373059743732,-0.6790147573862761,-0.43114658724473415,-0.21289131055599184,-0.012915322508837118,0.1654910713647295,0.28613475649520637,0.36363913834667144,0.4232298830868095,0.45869183826058446,0.4894011650061973,0.5025620751763601,0.49817525836208665,0.48172342284895264,0.4579605105718129,0.43639099028297623,0.3969076358568087,0.3618112295955839,0.3512092931639416,0.33987599620586045,0.3146505599018468,0.28576920758265617,0.2612747377530737,0.23312468028498728,0.21630762423597624,0.20314656629631048,0.17755543331024373,0.14465261606332588,0.11211538056662558,0.0708040845517032,0.025105721335294057,0.00828873096161764,0.0207186541338073,0.03022392740896534,0.018525143108960203,-0.01218415079898528,-0.04289344143599125,-0.05312987019457567
-0.014414099075654685,-0.01557361063513963,-0.016898767921458568,-0.009941696669359342,-0.005966227021457011,-0.011680966772404865,-0.01631901285241218,-0.011680962982025747,0.0038068170067786862,0.030309958942778346,0.07519968163994097,0.15330143392408144,0.24962417541338577,0.3076000354550124,0.28896487405051574,0.16887191714246194,-0.05267801907417889,-0.3950664090176916,-0.7706648802933154,-1.0,-0.9881565510840543,-0.7958427010090993,-0.5410815564542895,-0.30719191719910455,-0.12680418673558377,-0.0009968845918753456,0.08331631862236004,0.1383105653727875,0.1740899652978882,0.1928906500315598,0.204817204273133,0.21235405475794547,0.2170748860344773,0.216743677653285,0.21815161650368178,0.21632948523859694,0.2072190108513703,0.1942159080787903,0.187672905106463,0.18146121159210454,0.16713291141835993,0.1523075965192739,0.1398013770722259,0.12149762620247455,0.10534720487132274,0.09068759523960933,0.0813286033820343,0.07362607795288212,0.06815979028824284,0.05722727560503019,0.04438977196920753,0.03105534963098108,0.022358996904698974,0.016147338767212267,0.011012345399025318,0.0009908533907250854,-0.008036782892601846,-0.01640183532099802
-0.006727832661194841,-0.0035094095101349315,0.019796406010434614,0.027897952876985235,0.011028993816586587,-0.014274480115564096,-0.02792504120840447,-0.03524972064448468,-0.04623677027275823,-0.049566169708611316,-0.05644693892649325,-0.07375981667013273,-0.09440218865810206,-0.12059351794494987,-0.1485605964571356,-0.17541790111683417,-0.25820943052124473,-0.5014782842923399,-0.8361930561063557,-1.0,-0.8389676397223228,-0.4802814384722042,-0.14301156466588252,0.08716144838890331,0.24186828190673004,0.31955461863172824,0.3344260325004901,0.3231060899942679,0.30901153678394244,0.2929193960567673,0.28415183318516163,0.2783808953820563,0.2685036940986445,0.25252242511298684,0.24275614974736495,0.22943843010733964,0.21301329492170507,0.19348067647012077,0.17317134634484926,0.1541935741873042,0.13366218906543126,0.11879078874073755,0.10691591867606745,0.09559590844950473,0.08072461647735586,0.06818380490000527,0.0560869475590743,0.045210854322743896,0.03233716002549575,0.017132880366921493,0.002594499049310645,-0.005174107958305092,-0.01172194033292356,-0.01671604197330945,-0.014940360891564183,-0.008725474354316911,-0.012720757317308925,-0.0328081636541388
0.009050130511113462,0.013223789289439885,0.0075197936635146515,0.012945543814523999,0.02866629642021221,0.03353553811233088,0.01461500923593372,0.004737360668035034,0.0077980386078529956,0.006824183690267734,0.0034852666424643975,0.0005637073281284232,-0.011678997135702212,-0.026286757230176025,-0.03477320283006224,-0.051050426223635606,-0.17333847307549533,-0.470086383886482,-0.8347231768965029,-1.0,-0.8604606530555688,-0.5367259384912528,-0.23399577862076187,-0.041590164968902284,0.0724896223333023,0.13537272189308233,0.17140529548020733,0.18573481116092033,0.19157793854412172,0.19004761708327167,0.18768265045701127,0.18573494698877124,0.18656969402506976,0.18796089380961697,0.18170036744054427,0.1740486752438871,0.16444921166506443,0.15749305993599605,0.15220633436559927,0.14998052337260445,0.15401505198538734,0.15304109838037916,0.13481615878470474,0.10880041380531098,0.10657447547370594,0.11436523841122188,0.1101916645253023,0.09127103165570677,0.07666328960086942,0.0680377541593329,0.05676889413418106,0.051621400600216,0.05301258765090219,0.05217784485922402,0.04035251510734211,0.03562237811304494,0.03311818369497316,0.01684094968984894
-0.010656934243934569,-0.015387876485224153,-0.019223772383990104,-0.021589240700700483,-0.022995752719697202,-0.019671304698516315,-0.01660258037230758,-0.013597790627147634,-0.011743772382405777,-0.013405996149175836,-0.017817281821187164,-0.023571137616534902,-0.0291971174228143,-0.020502411339763094,0.014596081996559571,0.001490081951603984,-0.20142950759042336,-0.5824615952407195,-0.90902505178588,-1.0,-0.8643366219395927,-0.5900058114358959,-0.27284147854359353,-0.02146138226669978,0.1227687663955167,0.18785146447221074,0.21284885088858052,0.21719620344246535,0.2106111961429202,0.20230004975736654,0.19776093344687826,0.19411679789123037,0.18631710474731022,0.17212427729198032,0.1593378370196106,0.1532003513064948,0.14674320731735802,0.13958286193448888,0.13645019522497906,0.13689774802041751,0.1340207923272199,0.1309520416684097,0.12948162920321793,0.13037668798058114,0.12833085940954253,0.1286505176855635,0.12698827904575,0.12257700263891326,0.11643957934381571,0.11202823271670842,0.11042996474336055,0.10403672120041885,0.09150608557138872,0.07929506140486584,0.0752673437202451,0.07104785447676863,0.062225262651833736,0.05167649272962889
-0.016253422872409676,-0.010022533200912965,5.683658197177823e-05,0.009403181947358525,0.01068600028346923,0.021864963858344324,0.04092413702404215,0.05888375569919819,0.061999212490998004,0.05448548533509961,0.03505977018682812,0.013251665538562316,-0.02413366530748274,-0.06738336179978885,-0.1084339106050393,-0.18796938107094271,-0.39028992262334017,-0.7119144559035638,-0.9765428375351084,-1.0,-0.7921828578926323,-0.4936494738778526,-0.22443851476182433,-0.03897783493203336,0.07794297173920353,0.15546247321048165,0.2023775222396806,0.232982308148596,0.24562729435750136,0.2447110037125285,0.23316554341129322,0.23756378042870818,0.24544405909480413,0.25057529432875136,0.23683070599118475,0.21832133388981756,0.20384361394898412,0.1974295032131828,0.2042102178611131,0.21007454658783156,0.20622605346900388,0.18716676597181933,0.16590844571454236,0.13786945844745457,0.10891411384202666,0.09443649870505605,0.09223731350298132,0.09058799605860447,0.08234120875661849,0.06383183665525129,0.048071326961178835,0.031211300887060166,0.021315165175919668,0.016550376648307157,0.01141905090193293,0.004088599501133306,-0.00709036109635932,-0.016070158829134748
-0.0288008131067932,-0.033434206895310216,-0.03907485751739536,-0.04149227885960032,-0.04088792352404908,-0.03994781330255326,-0.04008211311555314,-0.03464291427198507,-0.026114790903178132,-0.024167423024507268,-0.04914744891407008,-0.11797688262044347,-0.23072296217606633,-0.36959040024674145,-0.5091964358134843,-0.6255012746902464,-0.7278387419382192,-0.8458897855893558,-0.9640078774315395,-1.0,-0.8900749651760526,-0.665455618542363,-0.40645604688912534,-0.17418207131070362,0.0030285707815296136,0.14055335169546526,0.24221975721370603,0.3104443488328464,0.3544951421278181,0.37732650072747065,0.38659309310966783,0.3810196858734665,0.3700069414277368,0.3617474160377158,0.36006876020738743,0.3598672993691944,0.3573824575656207,0.35207761206950144,0.34072928404806374,0.32535163384108096,0.3070868526842426,0.28486014015337924,0.26028320930945636,0.24403282569118045,0.22959537877327393,0.213479117892513,0.20051905045468887,0.18648451203545793,0.16929391195039525,0.1472013089793364,0.12980923487837018,0.11926651301091559,0.1111412553132251,0.09865124998680759,0.08159495712720694,0.059770975195927396,0.0392227998959979,0.019480497598689233
-0.013902297582072563,-0.012766093496221997,-0.0128923398256784,-0.016553435473892493,-0.016742802199638664,-0.013839175741380133,-0.005443905329332911,0.008506126905088115,0.019931282623006665,0.0062337329366798176,-0.025201196017147865,-0.044453501387137204,-0.04180237733750944,-0.03599512562466126,-0.031260936055700864,-0.048808941616175994,-0.17991448235827293,-0.4928114173173398,-0.8464232207081837,-1.0,-0.8740708286281794,-0.5967739281357162,-0.31808944585697696,-0.10258927564869397,0.050545639684521616,0.1623989029817473,0.24060772205631484,0.2852981104481184,0.30619152204826405,0.3103574412412057,0.30758027476363053,0.29609185806089655,0.2771554079242893,0.25821883453198824,0.24136522073615807,0.22994004961127779,0.21706306507671794,0.20008306797391232,0.1838605387370265,0.17098356960942837,0.1570334285633402,0.14333585384070055,0.13430928473701448,0.12414656005533387,0.10918650807557113,0.08873482177137079,0.06758877451644893,0.0557848232377236,0.04802075064986275,0.03564874854432317,0.02163559302480705,0.011725363409377007,0.005350008871218774,0.0015626753192304684,-0.0050651646558272645,-0.010304326542989333,-0.012702973581399784,-0.01806837144646585
-0.019287388219233995,-0.024805420966928417,-0.02737195019368463,-0.026473664116014716,-0.024548776657813676,-0.023949909702077204,-0.024420443736305208,-0.025832036050851857,-0.024933751278266924,-0.025746481204874536,-0.026131460393125222,-0.029168521043939473,-0.04127397252081551,-0.053080034892712694,-0.048716924375021786,-0.07399732097977205,-0.23124008825769385,-0.5331488842683989,-0.8392509496474426,-1.0,-0.9608185507462603,-0.7642231383870354,-0.5096228585910192,-0.28830247552407867,-0.130290000445972,-0.019372937518600142,0.0663921060984193,0.13543193166599224,0.18907219817804327,0.22936668654828157,0.2588814444271051,0.2805260387134629,0.29532616179619625,0.29938982056482916,0.2968660994305587,0.28942318933907185,0.28039766011398004,0.26948980159939895,0.25802597688260076,0.2481448339434867,0.23916200709899707,0.22992256922505977,0.2150795349481271,0.19835446372074103,0.18162941337471467,0.16738529825691773,0.15365437387597664,0.13906788798441255,0.1272617969006458,0.1188350093431322,0.11169150662781395,0.10523234871419555,0.09607833648282238,0.0840156343696079,0.07417721469245574,0.0635688575201619,0.05201946099128167,0.04213827628944817
-0.04003002421578735,-0.04139667359282685,-0.04159191434763904,-0.04204745217110359,-0.043804566736564805,-0.049987005665320744,-0.05669009313539027,-0.06469472252889079,-0.07250410899141875,-0.07881671495186389,-0.08656105162903276,-0.09463077215493912,-0.10810202734668224,-0.12196375099108762,-0.14610781490791977,-0.22674010095124558,-0.40974014526351726,-0.6626344212542344,-0.8898878180074711,-1.0,-0.9438373749859587,-0.7288842632985496,-0.4361617960181354,-0.16764868616987216,0.016718269746761834,0.14049742208880364,0.2203487538175221,0.2685066776247712,0.2971410134107204,0.3137359596435923,0.3202437933018875,0.3225864908575225,0.32043902099973753,0.31588349913850866,0.31184854965298087,0.3063821044760478,0.29629495708290543,0.2815223449413616,0.26967811344900294,0.26264969000572375,0.25262781001397605,0.23596766601684083,0.21475203497704243,0.19425230846649227,0.18195242381417023,0.17420800879522855,0.16347015463710116,0.14778625358491332,0.1319721659155931,0.11785012126477146,0.10197107085650639,0.08700300469643547,0.07730628658506891,0.06884611501578314,0.05563515906885272,0.04086234672055612,0.026935595052395223,0.016588113595874417
-0.03438783706819501,-0.03844979077171593,-0.036452111186817945,-0.032523337713071754,-0.031524498362506516,-0.033522176621753226,-0.032856282101135954,-0.02819503139343808,-0.026130758821408296,-0.024599205953297096,-0.02999294118602867,-0.0455082589918625,-0.07567325227432248,-0.12668082778907533,-0.19034047564144657,-0.2563973322790623,-0.3734610644875572,-0.6043928538428461,-0.875877128791813,-1.0,-0.8828032643152339,-0.618776007572351,-0.344561583868913,-0.12814581031659736,0.017285533543329422,0.11910085059691178,0.19374781437964725,0.24575430878404184,0.2817789352307042,0.30222184951115033,0.31407474148815845,0.32133263626740294,0.32233181675222977,0.3141411725248927,0.29809328359855414,0.2820452815499733,0.27085831193225934,0.2620686571518918,0.2526796807323278,0.24289095858937562,0.23010576965324375,0.2152562694802532,0.19807621073309672,0.1815619753632724,0.1665792737500867,0.1527286712563175,0.1373464784447886,0.11770253242074856,0.09912405651546694,0.08420799804321964,0.0704239750591276,0.05284428371082515,0.03832778006818231,0.02873889543622353,0.024077629814948803,0.01615348744996394,0.01162540205846394,0.005965309459369216
-0.02722508277664411,-0.03218202785141753,-0.03430643632818371,-0.029551812030530127,-0.025707651484871932,-0.024291380967468357,-0.03258667635021358,-0.041792435099145514,-0.06091208901313722,-0.07841315819135325,-0.09824092537295148,-0.11796755820807629,-0.1413360213594266,-0.17249415330077167,-0.20871031740179918,-0.2549416182691754,-0.3654111522756206,-0.594036862726222,-0.8704115404863677,-1.0,-0.8787063902600772,-0.5885742561430118,-0.2812439682249678,-0.056562102218732056,0.10347660436738261,0.21799254928652012,0.29952954278675464,0.34424344882127983,0.359417792217888,0.3659933797068361,0.374996710038024,0.38096532477877804,0.37671649084966335,0.358102733980313,0.32775392372831613,0.30499242097928186,0.2919424081260847,0.27960067829631713,0.25734483802024144,0.23195302126200842,0.20605536918852427,0.18157408562785068,0.15780089990243604,0.13797303704028296,0.12219169620372458,0.10873707188936547,0.08961734390010549,0.07191389800250975,0.05714419075881955,0.04176752311281331,0.02214204005650946,0.005247971404713122,0.0004933484573899471,-0.0027438395329785047,-0.0024403593318204847,-0.01296122184375271,-0.019435600139341747,-0.024493705602675074
-0.027250755546335055,-0.03231821761659562,-0.034953298672360036,-0.036878930233042936,-0.036473535864851844,-0.03819646920246729,-0.04589900999080549,-0.05937847974726512,-0.07387140217710164,-0.08846570748505868,-0.10539103352703019,-0.11785700073946168,-0.12434336881294561,-0.1402552151682708,-0.17866649675090904,-0.24130027780893534,-0.3638317198908023,-0.5948064110508741,-0.8732127793988046,-1.0,-0.8540578612157027,-0.527510355795113,-0.19690941371089998,0.03528172237466415,0.1875083112772757,0.2776078215621957,0.3239244242350198,0.3418630969752343,0.3426739272704925,0.33709978483805014,0.3269649381009357,0.3167287542004643,0.3043641241513897,0.2882496533400021,0.27152699331296903,0.2545002220545629,0.23960189694476008,0.22804804732029246,0.2166969218931898,0.20240653664577601,0.18406229914597866,0.16024530624774702,0.138353968806552,0.12335427328629149,0.11119235081103142,0.10105745420326569,0.09294948372169175,0.08585499292676413,0.07642954789202372,0.06507843077669626,0.05251111808913271,0.039437065558246,0.028085956754693754,0.02139689357505807,0.013897049970815417,0.00659990562861211,0.0005189402350944737,-0.004244473721335991
-0.019142896265872098,-0.02446604270001958,-0.02845839769495207,-0.0255972156667641,-0.024066803749316915,-0.02626260072213449,-0.02739377368887901,-0.03138613578924265,-0.03424733050570055,-0.036243506988105204,-0.04050202331362933,-0.038705455648429275,-0.04016931657508182,-0.05108177683997651,-0.06452273117315115,-0.08847694640791995,-0.21090976175531792,-0.5097374634927895,-0.8448962497898377,-1.0,-0.9208841179914378,-0.7116840487524713,-0.48944311779783306,-0.2951488626393019,-0.143039406082002,-0.03424732746051577,0.045134137293529754,0.11293799831196948,0.17588436327897064,0.22898294984566103,0.2639826633780334,0.28487587917225216,0.30104488462277007,0.3039060590379961,0.29186255624177165,0.27529437984967786,0.26730966173932014,0.2638495847428608,0.26291813174256534,0.255532381177383,0.24621676302840045,0.2390304842471075,0.2266542198990095,0.2118824101899202,0.19258591064397604,0.17568487525409568,0.16397389039496235,0.15512411243302604,0.14075155487044014,0.12558049301484747,0.1114075858869915,0.10076123822973194,0.08612253151729353,0.0727480718389951,0.060970580144246445,0.051322314130288864,0.03901252007558883,0.02736812325699831
-0.03104757353497327,-0.030798040320590046,-0.03152169539771921,-0.031546645293124474,-0.03404201321996865,-0.04013072262520766,-0.05106044871684576,-0.06668147841831915,-0.08559643638785126,-0.10386260723864632,-0.12315192860170002,-0.1409188670514605,-0.15948438487595254,-0.19234831919217907,-0.250265806969855,-0.31150244775498026,-0.3899068945102407,-0.5721188882149462,-0.8456862574342296,-1.0,-0.8642519579804848,-0.5322678076752364,-0.21206154895480825,-0.0023757621987136467,0.12309152052430085,0.19408467511821056,0.22899493482185612,0.2496566488936319,0.26545223878608265,0.2745106580083681,0.27857802009119853,0.279601042698223,0.27635704924264604,0.27116663047824086,0.2640298107679091,0.25736719057707264,0.24985620542179596,0.24122238285106018,0.2327130547082231,0.2236798998150435,0.214097605116612,0.20493959035200754,0.19615588720975843,0.18697297355957426,0.17666703977216786,0.16641112302203662,0.15613017339036608,0.14335395099943626,0.12950464023840333,0.11585493473133796,0.1035528631340999,0.09267308555907582,0.08074536212854576,0.0693664374226432,0.05793761140324875,0.0455355605479893,0.03173609628391934,0.020631634892947604
-0.0190663628088889,-0.018925536511323615,-0.019488840197773926,-0.02129140408866662,-0.023206635634379136,-0.022868652004630178,-0.0227278269960456,-0.02219268689343343,-0.01706664094132218,-0.007856653413169202,-0.0005618888375240656,-0.0014350134292056575,-0.016953980161066095,-0.06227163024922052,-0.13431826474617287,-0.20160430853679445,-0.30682902099681003,-0.5536959523688963,-0.8721865710155842,-1.0,-0.8181373759670911,-0.4877056950979118,-0.19571781209272496,0.0009026888456582646,0.12970181684030482,0.20608528705999757,0.2448969840771807,0.26492212078586236,0.2695695183629073,0.26382359299822417,0.2553179702634046,0.24641763757680252,0.23720775703404776,0.22949050926910447,0.22402649601433314,0.21816826777636872,0.21191554957266154,0.20467710142318685,0.19439693380064402,0.182539342531102,0.1718084922587933,0.15857090106378074,0.14381239513572416,0.12778664587668528,0.11125381504694522,0.0961010528883131,0.08427164733011125,0.0746954900312089,0.06692191896553139,0.05895113728980121,0.0492904916025157,0.03875669382529364,0.02915236456417858,0.02157591817650698,0.016393524862688448,0.010675986290334944,0.004057192411469594,-0.002026488863038556
0.04024451581600551,0.03132708282754364,0.023319594146910972,0.016950006268680214,0.01585807414759452,0.01585807414759452,0.0069406531164111565,-0.0036146716655441596,-0.01071221210718757,-0.02235947539836367,-0.040376322636610465,-0.060395037131065366,-0.08459948312389974,-0.1286406780745062,-0.17577568550627326,-0.22964429837515804,-0.3597661155601573,-0.6089086151874716,-0.8848024598186646,-1.0,-0.8706068416768368,-0.5941676245902695,-0.3057156419855246,-0.07859384466444827,0.07591422680366601,0.18037553824337674,0.24516354046322605,0.2935725163136427,0.32159866838364953,0.323964492920957,0.3106794153129002,0.29138859441445714,0.2828349981515196,0.2819252752990402,0.28356300706155974,0.2770114929582467,0.25244310540895315,0.22478080054756414,0.20548995868293407,0.19857432481057266,0.19675443881568763,0.18565319924206855,0.16545248776165036,0.14397787076114354,0.127780925242422,0.10667026028146781,0.08537762978383079,0.07027258755768785,0.06171914854115256,0.04497621206454115,0.025685452754272278,0.016040076375104552,0.011672349201148464,0.010580418390449457,0.01003445691626001,0.008578546875484632,-0.0032506914526777768,-0.009074317856719086
-0.0050384515277122075,-0.005958433362649343,-0.003789903594873945,-0.0009642445760108569,0.0021242657892950245,0.004095662721296047,0.008958426014841954,0.02026105450922064,0.040040692718326186,0.06750876161974653,0.09188836376269796,0.12487645674977806,0.16410725238849355,0.1734384979852555,0.15037320390339906,0.11837084597196426,-0.005104166153863539,-0.3585090480707477,-0.8138347101410665,-1.0,-0.8008888166394867,-0.4461041043816055,-0.1608443526125785,0.006527038102718863,0.09661975569577648,0.13512772440502507,0.1484674467892687,0.15825874752333818,0.15418458981728891,0.14748186410693875,0.14347330712297532,0.13900477519818616,0.12579646276896672,0.11212806312384713,0.10102252650551628,0.09504261168533668,0.09510832468249697,0.09169122477121708,0.08387137008949372,0.08150567011313038,0.07894287124352703,0.07585438443593766,0.07197726948559116,0.07013732160439924,0.06593166572719579,0.05528612409881111,0.049240532369888006,0.04253777057112106,0.03747786577995421,0.031037996068069333,0.025518096286956327,0.020852471483663298,0.018026812605770586,0.016712560682212853,0.01769826165435342,0.018026816615594677,0.014412593752130245,0.010009829959582595
-0.022747239910705326,-0.01637538742099896,-0.01012153239545986,-0.008823564564751751,-0.003867672419768092,0.003330160969067522,0.003802146325597809,-0.010711519491289265,-0.03171502986188343,-0.05437051058099979,-0.09177564619515732,-0.15136434557401054,-0.22381495282777947,-0.29414166737843894,-0.3645863359669264,-0.448954592373668,-0.5833531021666243,-0.7840659163632444,-0.9719164266727356,-1.0,-0.781823709611204,-0.4169772829594422,-0.08233585986210891,0.14445517941470334,0.3026900675469143,0.40216211457061934,0.45714897202377414,0.4744946525830073,0.4669428292767462,0.4452312220676926,0.4212777249163692,0.4027521583681975,0.387176407595481,0.35956496722929915,0.3201536877435313,0.2764945940506564,0.24841110712605677,0.22752548059112543,0.20911791128211404,0.1832763575011165,0.15177099384219966,0.12097352721558004,0.10114997663620057,0.08581034994580186,0.06952668774034403,0.05454098076520567,0.053007009455899326,0.05052908183397654,0.04238726513169174,0.024569656817704767,0.0040381336036964055,-0.010829517630477351,-0.014723426072754345,-0.018381338911675985,-0.024399200133915243,-0.029001095161251367,-0.0255791711754769,-0.017555360487623073
-0.0164203785285774,-0.011996839415630975,-0.018572368635679633,-0.027419440625931737,-0.02909321585027818,-0.023832793798697387,-0.025626120016437878,-0.02921277319968507,-0.02765855308144687,-0.018811479482357483,-0.007812409954076364,0.01418573704750193,0.03941183377792562,0.03367321859537879,0.0067733219643234975,-0.03698385135788957,-0.1829608161277087,-0.5095863919506699,-0.8696854772202923,-1.0,-0.8433828663329059,-0.5542997010331322,-0.26700830323241914,-0.04858069739815505,0.09906989678159817,0.1923231397686688,0.25831775575069854,0.29406490521105844,0.30649866615696403,0.3038684433538557,0.3000426560298731,0.28988047724503624,0.2772076703948088,0.2644151970213068,0.24241699169396355,0.21683204494695948,0.19830101023007823,0.18825830654036438,0.17618324605779567,0.16064102692902443,0.14725081915212315,0.13015434700340014,0.11461206805333152,0.09596149842002993,0.07766954550024895,0.06224686128789807,0.05100870673777491,0.04263984482360082,0.03809671041211198,0.02972790831923527,0.016935491775965754,0.00569730432412904,-0.008768858280604456,-0.017376819190501765,-0.020007031057529153,-0.02227857741929027,-0.026104344179701925,-0.030886543937434213
-0.020259069091950896,-0.021915785532862903,-0.020673249192576845,-0.019637800021446095,-0.023986687836716206,-0.025850488565625846,-0.016324367581905058,-0.011354218897320172,-0.0024493679824000338,-0.0018280967510269797,-0.0026564540711212126,0.011632729508463287,0.03793309783086125,0.04186779113971706,0.01287524892194803,-0.040760938334557476,-0.18448107238676445,-0.5154105773480095,-0.8771967623513807,-1.0,-0.8264600828585271,-0.5257649048333298,-0.24702221211899797,-0.03951839587181137,0.09964575491264187,0.19180073546501536,0.2638681233941902,0.31543349298084894,0.3365564584245001,0.34401188030812163,0.3351070286729121,0.30880648459989624,0.2777430642079694,0.24792213729910828,0.2158231827418994,0.19470003290415733,0.1845525955888366,0.17357675629547775,0.15825217828675822,0.1369219999834484,0.12118319217413312,0.11559171795846242,0.10937902005052023,0.09343309157859174,0.07417379721175506,0.06133416583295958,0.04683793794144012,0.036069299983109274,0.02944242989772473,0.029442432778882404,0.013496535999688272,-0.007626608796027873,-0.02440085713300089,-0.03102772505751718,-0.026885932694730677,-0.028335561966487382,-0.03620496947259211,-0.0413822081253517
-0.017509731852048543,-0.021556151198325855,-0.01750973091106716,-0.012278993147344153,-0.013660696336663064,-0.009614274637932293,-0.00724563855582601,-0.0026070647998309112,-4.104469863651921e-05,0.004597534326854331,0.003215824362469453,-0.010107746353821731,-0.03566927982173759,-0.0773178039347144,-0.1275526777891571,-0.21894288558231736,-0.42787710337550966,-0.7439898054428821,-0.9878610089175868,-1.0,-0.7994553975827332,-0.5125550937250386,-0.2540778115911122,-0.07267922641479375,0.05157549545865485,0.14306431810088563,0.22182173187029597,0.2792612831410751,0.31192895294919737,0.33117421135642566,0.34321482245872187,0.34518873341140305,0.33808275515606917,0.3202192970474387,0.29584194724843427,0.2653456228486835,0.24491607086591807,0.23346759450682875,0.22784210968881438,0.21659101960716848,0.19665488513976473,0.17385672191680154,0.15461147555413496,0.13931397882946045,0.1207596085269693,0.10595560158502682,0.09273067281807004,0.0778279606928441,0.06312262882278073,0.04239702151297357,0.028777362347095953,0.02028974940588798,0.007953105560103308,0.0013406727935994333,-0.0033966114151748514,-0.0047783100877831185,-0.0076404141218533025,-0.01701626761696111
-0.021011648144693397,-0.02314244277666016,-0.02519975805210311,-0.022260732419069472,-0.01807262679900358,-0.010063790904771785,0.0033087612438365884,0.01602004015168265,0.009480712786623853,-0.029093966730049752,-0.08442108206538992,-0.13284169524218753,-0.1641423614885311,-0.189417979646037,-0.21109341802263068,-0.2556197663096405,-0.39999884746506564,-0.6693599230669847,-0.9360031047023963,-1.0,-0.7972073723266536,-0.45929352126181877,-0.14231999488666805,0.07369844440040214,0.21815192335667052,0.29449325908694013,0.3238096968842198,0.3293204237761413,0.32189939367543635,0.30213468533652144,0.2817819287309683,0.2634864569130799,0.2482034519750261,0.23710865984063362,0.2238830311535793,0.20815917294221634,0.19317010067414694,0.1839856574802052,0.17810764432386075,0.16774751618164888,0.15525659721844254,0.13953270851930133,0.1279235875660481,0.11940042428207019,0.11447753224233918,0.10889342126820084,0.10441136725788992,0.09978238502230961,0.08839363735209907,0.07773962989351474,0.07142067200052635,0.06848164255652044,0.061501442863291046,0.05084745064859584,0.043059073307911484,0.036813636692141986,0.027188317359057374,0.017489545346254905
-0.026172497359664457,-0.023044284605303007,-0.016787847239884312,-0.01991606803947405,-0.03161287866606631,-0.04371774327154734,-0.048342037409994425,-0.049158093393215044,-0.043581716847156296,-0.04249363019096454,-0.047526009146537505,-0.059902867003308685,-0.08588065698976469,-0.11539470435405065,-0.15279733631709905,-0.2829586800512545,-0.5698036374203955,-0.883848513121495,-1.0,-0.8503897382575379,-0.5602828521519481,-0.27792650067798014,-0.07255173612921642,0.05842537807459366,0.14560759410465815,0.21361247928316815,0.2642080777537594,0.291954008903024,0.30079463987370525,0.30242684608734305,0.29535431469982487,0.29236213252781906,0.2871938158510989,0.27386484509497594,0.2484310305231948,0.23265396111681927,0.2261254688994324,0.2138845986593831,0.1960672215903857,0.17933796721327283,0.16954528432671997,0.15227202404319223,0.13200657049975315,0.12030973942983518,0.11568543974743535,0.10630073634290634,0.09324385169928194,0.08399519689495492,0.07610669545548358,0.067130043604364,0.05856139895503197,0.04672858026839211,0.03475974070131395,0.019254652072334916,0.011230104804637953,0.007557848722180625,-0.0003307026128653526,-0.01257155656755349
-0.013885344805701019,-0.015880285866886043,-0.017261399983063697,-0.01703121163805423,-0.01779849502705488,-0.019409788961168656,-0.02378331662897538,-0.022785848195767844,-0.004677930178048927,0.02892913083699102,0.06261295861777447,0.087933450463839,0.09783144834970045,0.08509449617563876,0.0586998351466749,-0.001762242132131033,-0.1868317207454164,-0.5573531837777976,-0.9111482390049479,-1.0,-0.7961315176323593,-0.48591934432868145,-0.21990187211154374,-0.042428323639214074,0.07166694568345591,0.1493932415355114,0.2001875761147177,0.2286539968894841,0.24185136261252693,0.2388589166030058,0.22251570117052313,0.2057120809911996,0.1961977419915186,0.19213111799695787,0.18821791530659623,0.1831538503855162,0.1742533022283143,0.16581307079655103,0.1588307730595503,0.14785862359507,0.138958110646429,0.12913679700624642,0.11739729456084426,0.10212830992624254,0.08916111136805924,0.0781121632300771,0.06790725231869565,0.05616777627971419,0.047881137793884476,0.0419729916355026,0.03499068949743175,0.026243637462620883,0.015655109475225065,0.007445170638819605,0.004989857632519358,0.007061520554779373,0.004682944606999357,-0.0022993465283962086
-0.021604999050159817,-0.027919773881958466,-0.03058381424727148,-0.03137316207209461,-0.029794466422448342,-0.02426904329886604,-0.016770250613225905,-0.01677025255492251,-0.018447614740975064,-0.017756936170933463,-0.02505838957033189,-0.03196517138735468,-0.02614375059625013,-0.02910378785240674,-0.046962764525421384,-0.08633144301779258,-0.21055489773021163,-0.5127760912172297,-0.8675873513061747,-1.0,-0.8224959492379117,-0.49837067826372444,-0.21173894121444833,-0.022986354636885732,0.09334362338065927,0.1573794478058273,0.18855869620648483,0.20957508592579402,0.2232899632181279,0.2298020594725595,0.22674333742804847,0.21973796946085894,0.21184437937090303,0.2053323328239046,0.19990547410348705,0.19497206107184345,0.18441450051765237,0.17168637790742525,0.1671476418949078,0.167739657423597,0.16468089809851114,0.1548141093157988,0.14287524132895768,0.1327124199281842,0.12689094632293194,0.12185880190221537,0.11692543857800491,0.1060719075400441,0.09097556126590244,0.07647131129502883,0.06542046660122151,0.05624430668111765,0.048548173155878505,0.044502783417268724,0.04252939832163803,0.034931949584753284,0.027531845570860754,0.021907716688600705
-0.0027837370087039214,-0.00021791325943716516,-0.0028824220019284816,-0.006829838526106378,-0.009000916798167129,-0.0053495581234302095,-0.003967960691027885,-0.008606174567091344,-0.0034745338430904635,0.008565088397478177,0.019815214508644603,0.02701923444491739,0.020308653400195595,-0.01956024795676163,-0.11252198955521094,-0.2591689545939825,-0.470454788538102,-0.7376941912875582,-0.9631903812310955,-1.0,-0.8143722657997179,-0.5198955083462989,-0.24762276635224684,-0.051632999094500816,0.0749804234242467,0.1636988777955411,0.2289300395726175,0.27501634804224406,0.3004772938319507,0.3124182958137177,0.3178459429665751,0.31656308133639205,0.30462205526739794,0.2836020233708095,0.25942396329851297,0.23386438031367315,0.21126538250368496,0.1937979998250188,0.1775149499739246,0.16577127055687826,0.1498828899224526,0.13764580774469598,0.13034305426438145,0.12757985187231832,0.12225081782736702,0.10577027680096215,0.09471751540716392,0.08613187620943921,0.07507906664118669,0.058105171028525825,0.04626289656899379,0.039157540925984745,0.03580228051265777,0.03175615025053699,0.028499517999633045,0.02484818943393005,0.023861320683538245,0.026032404836269684
-0.008543102100243742,-0.008310147379419056,-0.004466386538475501,-0.008193670030278745,-0.014599933698280377,-0.014949371061546106,-0.005631163682460484,0.002522262998896801,0.013005237304955255,0.02185752671896017,0.02150810490332163,0.012888758035794038,-0.00446638787112926,-0.03090679150317414,-0.06095799517510511,-0.12467126163983648,-0.2975244430114221,-0.6244769060178906,-0.9276677331577184,-1.0,-0.8180621570437411,-0.526752887015852,-0.2717830593651684,-0.10009452498171731,0.010442737805200447,0.09092876138275366,0.15941774007360365,0.21625896953549986,0.2501540050815961,0.2679751182617892,0.27834178565523926,0.28474807616111075,0.288009417515271,0.2782253081629497,0.25539563438435964,0.23000339891550595,0.21917092105771174,0.21346352393552437,0.20041803058412264,0.18842079201840645,0.1699007001646887,0.15207958698449558,0.13798579620248802,0.13041477341864147,0.11806803130118952,0.10630383300989302,0.09582082316640098,0.08452250641431576,0.07054517180213758,0.057849082497657606,0.04794850631427691,0.04328937463900516,0.039562105546970004,0.03327233873205172,0.023837661856599114,0.01661605022716102,0.013238183405175937,0.007647285097738241
-0.018566542080374906,-0.020369544126557927,-0.02254239147143515,-0.0231896268269637,-0.02397554680841644,-0.02369816063047778,-0.02244992670864951,-0.02550116232403392,-0.026194626358373038,-0.019444924708852004,-0.013573614503480077,-0.004835987276861714,0.02128443775062599,0.058639055173407686,0.08438966417023229,0.062429923907998945,-0.08546255718827053,-0.4196648018873134,-0.8104080192435276,-1.0,-0.8914514032962638,-0.6165623991602778,-0.33376818868588864,-0.10723737991424655,0.04948527885975895,0.1543833466854062,0.21457572837736064,0.24795420408139796,0.262794187582422,0.26750963835626984,0.26695495909388905,0.26302537540746185,0.25373290671009757,0.24504167530743123,0.2392627921337687,0.23376147427250024,0.22234241159295093,0.2057457030344371,0.18683745474733046,0.17259847157574051,0.15822062675953225,0.14000563727792015,0.11897051290712392,0.0995535001985232,0.08383495105567094,0.07204606458766716,0.06002597336853327,0.04897676268758891,0.03718787621958513,0.026832130278233647,0.0173085837754163,0.010189013201200048,0.0037167104241853724,-0.0030329869938130988,-0.011030919391520483,-0.016902231602457792,-0.02295846862258185,-0.026795621751030833
-0.01699145717389956,-0.017700443779558803,-0.019650150100861522,-0.01947290032305625,-0.02363819135023934,-0.027980736211085603,-0.03365262500050167,-0.03480473199481619,-0.027183128772381618,-0.020093269475552337,-0.019029794467891763,-0.017789065288579858,-0.024967548798335463,-0.03728617615793736,-0.0413628270867507,-0.06378451535143467,-0.20726598280485364,-0.5266639053383791,-0.8575824976370708,-1.0,-0.9208598510581872,-0.725800081986953,-0.5121296574461521,-0.3249581318072385,-0.1789064834277154,-0.07619183891544057,0.0041894971796382924,0.0711000854012744,0.12879404209253123,0.18028430455492195,0.23009080194638498,0.27192116816879763,0.2956722503842988,0.30072379435636615,0.29239314876022626,0.28548047434747587,0.2809606695691796,0.2689079145103685,0.25410781865249804,0.2432957018541843,0.24081425228325262,0.23124296842661535,0.21520206125831057,0.19535033490340428,0.18241128296124837,0.17753694212462048,0.17541005024326253,0.16769984274920297,0.1576853455571669,0.15343142119137723,0.14377142761080963,0.12684432089974956,0.10796751462714994,0.09157211466299778,0.08270979476681316,0.07677200798950627,0.07278398025965478,0.06861865746158483
-0.015842275757371634,-0.018397466252651724,-0.01921512668844054,-0.01676214256479815,-0.016966560152068186,-0.01962395780754325,-0.019521750309395167,-0.017988635886902832,-0.014206953308679474,-0.015842274405559176,-0.01584227530676748,-0.01809084312089105,-0.020032788701343885,-0.015535652699672194,-0.002044240188615609,-0.03740808659263177,-0.22158647567057563,-0.5626535597167839,-0.8783728120232384,-1.0,-0.9072978783733687,-0.6921501274371918,-0.4315216089414254,-0.17538860584949906,0.018806120525279742,0.15668444816779528,0.24795611429799486,0.3014107152484239,0.329517888200419,0.34352047349611253,0.34290724810850465,0.33432174661800557,0.3222612147483979,0.3104050048253292,0.29374510951666805,0.2704416796275967,0.24846716429300048,0.23078519783299384,0.2132054211849223,0.1937858530193643,0.17099350196396423,0.1459525857240043,0.12377348889487788,0.10752245376928726,0.09863033237531782,0.08769408309799015,0.07287401535514772,0.05928037675852179,0.0488551918955326,0.04078077284353807,0.025551819683792644,0.012367044875070426,0.006950024154457191,0.0060301590367962425,0.00327055647414697,0.0007153569667838434,-0.005723719584633774,-0.011447346239988684
-0.011368179331591071,-0.014136903330343486,-0.019278821251321222,-0.01710339530886896,-0.019278821251321222,-0.02798052592621013,-0.04083531167785597,-0.048745959367470164,-0.05111914751981145,-0.04914149012280714,-0.04182414761699692,-0.03411127797616911,-0.03589116999550492,-0.05942532596476262,-0.09067234252404961,-0.10609811800889922,-0.17017431035201513,-0.41718377933515416,-0.7996627039863803,-1.0,-0.8281408894080877,-0.4466510360167634,-0.1201395123179933,0.06338736637202451,0.17809165469232743,0.23504830068001653,0.245332064115584,0.2356416275857369,0.22516004989818902,0.2176448315949686,0.20914094750761905,0.20301016830526458,0.19509953871724736,0.18718889464795258,0.17868488022910461,0.17413632541704124,0.17374074035691328,0.16662120848276404,0.15297538475252032,0.14664687818585104,0.14170270935110452,0.1276613584858432,0.11282888094415877,0.10234729601597212,0.10353385569910846,0.10630259632870312,0.09918302825135987,0.08395505253721305,0.06694716851229313,0.05765216498915919,0.05646554738091246,0.052510247068181456,0.03866663080787376,0.02680066470393157,0.02244981553426659,0.023438644232768743,0.021856513970782022,0.017110132235620367
-0.0020379042499720237,-0.0038790689335845424,-0.0030096307239744296,-0.0014753267872448816,-0.0002478851484776359,0.0013375617852378232,0.001695566360844897,-0.0021401916826261245,-0.0035210631216098854,0.0006726974293624348,-0.0035210672128626152,-0.017432083916724142,-0.024336438144360744,-0.030115668018541486,-0.05159592816814314,-0.05839801510467755,-0.10033578192665125,-0.35661541512223843,-0.7877554619165261,-1.0,-0.7740489401861474,-0.3489951179227725,-0.040242054794548086,0.10756271567244513,0.17497005610265448,0.18847197419407932,0.1757883210355126,0.16591766003455266,0.15967808348218415,0.1500630705674278,0.14295411557820195,0.1356406029878553,0.1270484471354526,0.12142264697157072,0.1185585988572559,0.11697313645770595,0.11221680680634723,0.10848333421734217,0.10648873359663405,0.10326667227461847,0.09830575049376421,0.0959530791180642,0.09528823526341128,0.093702807392236,0.08884418743085863,0.08127494618810074,0.0759048459029845,0.07401253559229504,0.07544455964945244,0.07677429915132032,0.07636512640178746,0.07165993902807351,0.06286319680090438,0.054322240773437606,0.050691006701889176,0.046446105581707295,0.039695140781265764,0.03294423928284449
-0.035820015846001606,-0.03447792681059211,-0.028885884669792864,-0.027767476260485854,-0.034813448503859354,-0.04812250834837874,-0.060425010654231566,-0.06892490762712052,-0.07742482269873383,-0.09442463172678203,-0.11656913889377117,-0.14106228132313364,-0.1715949258401066,-0.21208127752849387,-0.2597254454496093,-0.35300103422190227,-0.5505117615769569,-0.8200480999886656,-1.0,-0.9624215462224369,-0.7433250494858376,-0.460256319003951,-0.20850242370830288,-0.02732011019568884,0.10207979448820116,0.200611578590837,0.2767754509059277,0.3284460541005854,0.3565181167121282,0.36837338445684653,0.3757549612517097,0.37955750323913834,0.3745246582331784,0.36322868933435964,0.3441038397010999,0.31849211767866253,0.2982488151433984,0.27968328848767077,0.26055846298604346,0.23997956183793356,0.22096665884773067,0.20788125700590832,0.1981511414752017,0.18394743152116982,0.16269763479277435,0.13552021625783597,0.11706646732373782,0.10331004924346752,0.08988910911788062,0.07590901493618893,0.06025130173057185,0.044034368106860705,0.031060810348657167,0.02121880850397491,0.012047865128097421,0.006679518035821627,0.0018703581806452528,-0.0019322411194104988
-0.006965867056773025,-0.005612347651339144,-0.015086982746047417,-0.017117262721415283,-0.01350787838358716,-0.0022285509960766753,-0.007868213079285981,-0.017794023539125563,-0.026366312363544583,-0.019598716079704072,-0.014635810354231685,-0.02704307466791265,-0.0525343596530115,-0.08862821442900241,-0.14479932315030067,-0.24947159159658364,-0.4333251249779251,-0.7159856614298676,-0.9650342528680488,-1.0,-0.7820827044991544,-0.4482137450260335,-0.1860816294601353,-0.02975010009886033,0.06883126003506086,0.14124459270161896,0.1987691943162872,0.23960042883148303,0.2603544094013715,0.2630615696226252,0.2702803675358846,0.27253609123578904,0.2580984954092703,0.23553983121875002,0.21997432596922983,0.22380928460970353,0.2260651351710725,0.22741874699706546,0.2235837407835426,0.21659048669644412,0.19628765720960975,0.1716987814299798,0.14846339061487834,0.1328979012230412,0.1338002192468325,0.14079339404551566,0.14237251798230344,0.12297210166535873,0.0995110560203149,0.09184104359326915,0.09364575100042552,0.0902619275853229,0.06364274507048491,0.03115826942901985,0.013336925511392976,0.019878935351549325,0.023713903903074932,0.007697265410394053
-0.011264516361421879,-0.0052117576506058765,-0.0052117570015436385,-0.016249142797590703,-0.02443817023603922,-0.016427163693984184,-0.0062798911422447526,-0.0020073568511581293,0.009030025699577744,0.015616850791115675,0.01098827243552425,0.0020871549208794156,-0.010730451877984918,-0.04099424600932974,-0.1033020738043415,-0.20335066655088663,-0.3895623026090027,-0.6806296421266927,-0.9473058665925083,-1.0,-0.7997261034181136,-0.4871187040597483,-0.2047749271869968,-0.026396418270110206,0.08593568772443143,0.15465229115584914,0.20432067295253345,0.23369428052676874,0.2506064331422071,0.260397760286902,0.2710790608029921,0.26858680719721767,0.2529208956196205,0.2347625435063242,0.2256833362946886,0.21589211299995187,0.19630968718047004,0.18313600843865568,0.18135568783601586,0.1738787193187762,0.16141717089501695,0.14681940806202126,0.1338237593034717,0.12189626967451947,0.11975994103032907,0.12225220502109933,0.11691160668803335,0.09287854552188497,0.08130709508947076,0.07578838888567134,0.07009168904609245,0.05976639657155289,0.053357576798914716,0.0490850493229816,0.04445647745801256,0.038759746463446224,0.03324107660713216,0.028434466970151437
-0.00992867486921229,-0.009207383333199355,-0.004814063122663407,-0.004092772368138025,-0.005273065147911116,-0.005600927810040326,-0.00022402286410496707,0.0044315843251765364,0.0056774480368889605,0.00607088363156564,0.005874156831490692,0.01118549534685502,0.011710070804802233,0.003316859476430576,-0.01537114421385104,-0.06330424368894665,-0.23313615638422958,-0.5727978851374695,-0.9055766096278829,-1.0,-0.8305613588495266,-0.5562084583625954,-0.3063801007292995,-0.12284378223406633,-0.006518932610763794,0.07006918653062001,0.1241006107454011,0.1558375219803979,0.17288632039287277,0.18390248503408962,0.1960333725234443,0.19983656059842667,0.20501672724079031,0.2086232635385028,0.20941011072055854,0.20652496170671394,0.21196740007318612,0.2121641318747814,0.20311523723492217,0.19321379544184314,0.18705000180123324,0.17996823311894586,0.17164051769970848,0.15898515078159708,0.14941158465460014,0.1388545035634125,0.1282318185302513,0.11374028546310637,0.10115046646994076,0.09197035594370184,0.08311806506651724,0.07551172092628267,0.06508572768255405,0.05603677702566703,0.046135375244750705,0.04095518059387318,0.034791422964209714,0.028234209733788214
0.0005215634569614938,-0.0023918343517852526,-0.002238493849523104,0.0007260134314246912,0.0029238361346202624,0.0038949683476758768,0.006092793390031255,0.00772838402402759,0.0058372325788571214,-0.003107404389156846,-0.013380959953422112,-0.012512052532668112,-0.010518676685055996,-0.014352088657738016,0.0026682755183761128,0.016213005333154628,-0.1128455608367234,-0.46659286845118236,-0.8427799169883404,-1.0,-0.9249173366298745,-0.750675056710392,-0.5629904051005417,-0.39340022125400104,-0.25764648927291117,-0.1547577654461022,-0.07394906966576548,-0.013380959953422112,0.030933326302231216,0.06747859695831615,0.09548825788459302,0.11572872699459603,0.13106247468947588,0.14220498445769128,0.1454761154337481,0.14368715096446236,0.14542495333045138,0.14966726603177974,0.15314297056790957,0.1600942548849795,0.17220784657431468,0.18416815156206326,0.19403285629975806,0.20737312834287402,0.22275800071449367,0.23599597350205417,0.24437832460019335,0.24652493724731617,0.2462184885993327,0.2472917574963372,0.25071636230676514,0.2505117637956542,0.24877394895414623,0.24366275378310182,0.23804048650192505,0.22710260019585854,0.2175957557198233,0.20808887381723112
-0.02103372964272268,-0.01550110939986032,-0.01755022820008133,-0.03414809239651186,-0.05320490141951656,-0.07400341576439852,-0.08568346572106493,-0.09900272913078574,-0.1133465767527927,-0.1245142408250144,-0.13301813849132946,-0.15084551866888302,-0.178099006079092,-0.2084260085544619,-0.2358843202792038,-0.2862928582202887,-0.41559267999420396,-0.6558509382413614,-0.9125026939303797,-1.0,-0.8393492667422005,-0.5348508712748867,-0.24305633474256552,-0.04224211636583709,0.08316401625766515,0.16830523627713917,0.2280372879888965,0.2737328285806347,0.30641641725709284,0.33131328095489293,0.3498579275984051,0.35723472886497915,0.35405854531519393,0.3403295019867849,0.32106758887731407,0.308158117890055,0.2990394909527833,0.29248233705000054,0.28028998248341747,0.26604855952245055,0.2467868714809036,0.22660298012490313,0.20939023544000457,0.18787441711784333,0.16420706197705073,0.14586732717448633,0.13459712590726264,0.12138027465480832,0.10867566549340286,0.09730298329815816,0.0856229458452653,0.0706643439447546,0.05293943844333524,0.03296054020281065,0.01830934044909892,0.00990797372589908,0.0016090379156260424,-0.0002351702158759318
0.03232751840352245,0.04012669081315845,0.0431399966098924,0.046330583365227065,0.04136747905804414,0.03604986150601959,0.029314201790708542,0.025591891136451283,0.025060105045068917,0.028427943014784414,0.03339107165814725,0.032150264485121635,0.02186953992189417,0.008043747806730304,-0.006313833103835918,-0.027229795475132462,-0.1383680428727453,-0.43119221911609434,-0.8280644779089635,-1.0,-0.7839286416060385,-0.37181202665886076,-0.05683124040836895,0.09667071782321934,0.17359892922525438,0.20621378000396445,0.21472207624800335,0.21277217498479473,0.2008960542911403,0.18653848690067404,0.1709400988170822,0.16367270979480858,0.16384999616144927,0.1620774245292012,0.1478971326892957,0.12556312815471263,0.10110205496715984,0.08249038812703395,0.07646377653356605,0.07025988398149743,0.07841352637165522,0.0945437356988893,0.10145655198788152,0.08160413475914981,0.06636027614451952,0.06281520859258312,0.0585611091429235,0.04508980593642134,0.025946380045112988,0.018856221957070266,0.003789632808955744,-0.01641731862077251,-0.011276960395188763,0.003612380242564921,0.01229782562423,0.009816264006568568,0.009107241572915321,0.00024455342693188454
-0.017405828903480487,-0.016706768327154793,-0.016613561766992295,-0.018850544093938704,-0.0219263996812313,-0.024303192737101683,-0.026959613649317697,-0.025095458273965456,-0.023604136248705058,-0.0248158318395082,-0.023837153182319437,-0.017359221713206214,-0.015774693394387394,-0.017592241135125246,-0.00873751554372536,-0.033111329800512186,-0.2067111186996013,-0.5453804269929098,-0.8657823827394017,-1.0,-0.943843553872093,-0.7906102157765872,-0.6048004823136973,-0.4160549247406085,-0.23905393762029659,-0.08344352635691105,0.04010334192475265,0.1375522965789455,0.21384264793281682,0.26561940487157737,0.3002459130194155,0.32061163155048705,0.3305383461570894,0.33147024042116546,0.32914018625797986,0.32019227685663143,0.30560531742237407,0.2876162909930985,0.2714446881559322,0.2546675201236783,0.23602594930749546,0.21929530546278214,0.20545409804201084,0.18895639363799563,0.17194604728779714,0.1574056461664013,0.14389051756226498,0.13456972077906657,0.12422361735328767,0.11508921307303285,0.10628106961112467,0.0990574330508417,0.09113473929121794,0.08102167768209993,0.07160765620966228,0.06373160038864883,0.05744006853192106,0.052593203699182904
-0.003034190281985818,-0.001219986675607195,-0.0013409340132113348,-0.003155134852011325,-0.0053321813937285785,-0.015612671417873775,-0.019724864290942737,-0.017910657455722376,-0.002671347346647187,0.003134101795196258,-0.00013146248222235742,-0.020087700307334786,-0.02722356139882477,-0.017910653765617533,-0.009565322526927891,-0.06000019071797902,-0.23658327225413212,-0.5609636064238521,-0.8756659026212866,-1.0,-0.8990089744843325,-0.6787651554798898,-0.46190829182557736,-0.283994580623592,-0.14103475285087555,-0.03085197506926549,0.056350719082515544,0.12383917202353872,0.1866109403341812,0.23946488765982638,0.27212072139693816,0.28699724622856293,0.28699727574940165,0.2811918847267095,0.27054850056702096,0.25446241840946965,0.24152104359930146,0.2306357509265115,0.22724923838896252,0.22821679863927144,0.21829912525846787,0.1943515994616849,0.16822697084908583,0.15746262505263692,0.15455991478087144,0.14548878097193887,0.14125566982084142,0.13581304562507548,0.13266841207978922,0.13012854243704688,0.11609862359918031,0.09952886463941014,0.0875550869805993,0.07219481154465886,0.06022104126605771,0.05562507472551777,0.060100057488668236,0.05477842445050147
-0.030848947055296467,-0.03706023854163333,-0.040930349530397654,-0.04379708458936369,-0.04427489028698943,-0.04671162208429563,-0.05258845140447808,-0.06247874508468769,-0.07093565374245162,-0.07633470797769298,-0.08340603404897713,-0.0884706490775776,-0.0896173535969416,-0.1043811750126267,-0.12903529010852138,-0.15755951327768664,-0.26778584306404785,-0.5465289493240563,-0.8774001746808131,-1.0,-0.8230751493893518,-0.5146126424412795,-0.2492476875456631,-0.0704100543553413,0.046457779001258394,0.12400358684505669,0.17522301650339883,0.2123947924683989,0.2384343735310223,0.2523378035782092,0.25907483330204745,0.26003041554236117,0.2573548552413334,0.2567814592492448,0.25467910834870394,0.2492802902684585,0.24206560936816462,0.23637990670027315,0.23227090306692416,0.222667266565846,0.2101969999635778,0.19868229227767306,0.18941333113823175,0.17961867148489172,0.16676609035267226,0.15458235847879684,0.1422553009308495,0.12954602214875177,0.1173145228248358,0.10613418728921512,0.092947059077085,0.07789658048226845,0.06470949891803876,0.05400695450257494,0.042492147689881805,0.030595084657112963,0.019892514002205153,0.011005590420806276
-0.015691349851670842,-0.018517122539979024,-0.018705503781620315,-0.0171042343098823,-0.016350697848047754,-0.018988077619831675,-0.019270653972633216,-0.019647422203550487,-0.013619121348581325,-0.01258300682761619,-0.01559715941046378,-0.014090082355682253,-0.011641083286698868,-0.016256505251477683,-0.02040095938383937,-0.05751272891666206,-0.22866059605836772,-0.5681291665462617,-0.8877234968223459,-1.0,-0.8998739965625763,-0.714597888699626,-0.5429799541284005,-0.4088510358115032,-0.3014715403825129,-0.18655648204178016,-0.061092010945153576,0.053351589038463695,0.14980479068331204,0.22044923308168474,0.2658500524147351,0.29467296900381834,0.31398249261180716,0.3276403900170668,0.3386609277672639,0.34007383431794624,0.33178496341284835,0.3160547448238898,0.29966534150730234,0.2827105778518085,0.26914680371227545,0.25351080035119855,0.2349548376324917,0.21479762986949427,0.20085717874274472,0.1926623851222959,0.17768583088004378,0.16120210887815017,0.14189264274650823,0.12305409182050328,0.10600520489928285,0.09423115224088129,0.08471770178343999,0.07699390383551383,0.07237844397226877,0.0635243966525747,0.05476450708441539,0.048830350150734995
-0.006366092452452965,-0.004978530624009396,-0.01191634431721104,-0.01746659763828393,-0.020102966532233656,-0.024681929049131232,-0.03050970045192848,-0.03425611982805343,-0.02815084181201099,-0.019686700058949194,-0.015940281046902947,-0.01816038091901729,-0.02273934125144264,-0.032036024688962245,-0.04285901707221004,-0.09100749068689959,-0.26251087671376366,-0.57457469876656,-0.8809473590277742,-1.0,-0.9107796767487623,-0.7213785020356016,-0.530172568799625,-0.3828127561847596,-0.2730562270464885,-0.18702707402188534,-0.11404108424799156,-0.035782436783513116,0.04608380539104173,0.12087357504419596,0.18095515924294742,0.22063950493956594,0.2488070567682681,0.26962049839399105,0.2869650913346862,0.30569730763312575,0.3131902687158201,0.30847255434861476,0.29764950225645953,0.28183131365011305,0.2744772034471339,0.26975944247785444,0.26198898934506304,0.24950098495232553,0.23548662282731353,0.22258218230061566,0.21148173136251155,0.20482143283840465,0.19968739884242406,0.19302698381313194,0.18178774024790526,0.16721825421647693,0.14931861892299514,0.13336160273797049,0.12434242372922386,0.11476828392132019,0.108801785425567,0.11074429967935744
-0.025395636088691605,-0.02989833577449194,-0.02943887639115109,-0.03054157588324914,-0.029898330727958618,-0.03182806170802278,-0.035595622932013314,-0.04156860444778508,-0.04496859300642443,-0.04129291121098654,-0.0329307606393949,-0.02824428289162636,-0.025303745866164913,-0.018963212992627095,-0.007844304438812583,-0.05608748978499453,-0.24896873864205765,-0.5818918882654565,-0.8794379331729253,-1.0,-0.9406379111465368,-0.7859836363310355,-0.5974222558835283,-0.3938825851058853,-0.21340633419418165,-0.0912820355972978,-0.04496858403480964,-0.053422639828346455,-0.06931990387630438,-0.04404966414667609,0.03332317466683294,0.13495556491701713,0.23732346609120655,0.31975073324710845,0.37323196448985557,0.4008909863744158,0.4046587057231171,0.38876143494644805,0.36514541743891454,0.3441021719624992,0.3296750976452796,0.31295075164402236,0.30082105667021797,0.2858426586807048,0.27362096876880726,0.2592858176167624,0.2409992263882739,0.222069478038465,0.20479377247845504,0.1828315465555063,0.15893959806338223,0.140745037659446,0.12512330311631661,0.11051247218489543,0.09590166816831862,0.08184221473887972,0.07017187541412008,0.056204291320167174
-0.03192985205959998,-0.03987247832971892,-0.044380456036244326,-0.041876015365720456,-0.040444915299704814,-0.04015869463155446,-0.03829825483068369,-0.03371872959817161,-0.03135740881303655,-0.03364717388534467,-0.034148063329343885,-0.010964187571797547,0.03805118371735237,0.07511689996489637,0.05107425031608209,-0.057117273585777464,-0.2805848570966147,-0.6116697067860516,-0.9052608889811975,-1.0,-0.8623990470162759,-0.5967864765558625,-0.31879552587779697,-0.09897710961433072,0.047925840431687475,0.15354172107590613,0.2263851081685399,0.2755436651106954,0.30638374998604406,0.3263474844021979,0.3355064759219722,0.3343615233883339,0.33228647594002153,0.33042607652756273,0.3248448433596678,0.30802943150161244,0.2842733605587626,0.2580126666517457,0.23640298874113513,0.21772691549173262,0.1921816160677586,0.16012477897810493,0.1335062044443448,0.11833639550819135,0.101663962994767,0.08141377212946328,0.06037648315937572,0.04406183958008373,0.030180115343217764,0.016226801008795762,0.003132177059871048,-0.011465070466324554,-0.022770789587210103,-0.03386183938645743,-0.03994403240517781,-0.04452356091242599,-0.04738576650235078,-0.05110663300514792
-0.018073982342630173,-0.020748180132195274,-0.023620466639918306,-0.021144357745573026,-0.021144356352686182,-0.023818554224880162,-0.03144497157375469,-0.03382204827907472,-0.036199113652433966,-0.03639719330502327,-0.03768477752769036,-0.04283508571072472,-0.04065611434377177,-0.040953230800799524,-0.05234333360580876,-0.05759265744028811,-0.121080242702716,-0.39018479979509096,-0.8039912375575751,-1.0,-0.7846774183132289,-0.3821622067096947,-0.09978565110732647,0.02193995987826572,0.06948132173886239,0.08374375175222047,0.09493578850299333,0.12009315240844946,0.15030182697663222,0.1698136019774631,0.1795199129049273,0.18060943711707045,0.17308209000191865,0.16535658164405995,0.16515848083847717,0.17625149740502075,0.18585881232310533,0.1899195826956436,0.1987345548285213,0.2081438414655721,0.21537400715378766,0.214284591728468,0.21626552725974668,0.21666158382181422,0.20784661168893653,0.18605675599216526,0.1601069646895284,0.13970376628213715,0.1212815154934494,0.10226487767603952,0.0774047254160817,0.0461067744279649,0.014412549304133564,-0.012428454630593139,-0.04115132858452608,-0.07027038375209514,-0.09364484645101881,-0.1128594521123383
-0.012030776061910274,-0.01362170833802297,-0.014470204235179295,-0.017015699203537578,-0.012455024634221806,-0.0019548744186781717,0.006848295437664588,0.007166484283865043,0.007802858649687984,0.0019694322300594807,-0.004712483641480529,-0.0005760627382988046,0.011621094864891717,0.014484764541494081,0.046939833912418266,0.11238019591703986,0.05160654377828815,-0.2988231501515033,-0.774087778754762,-1.0,-0.8802560203341805,-0.5982368302034369,-0.32183886491520614,-0.10982014979045622,0.022863675949746958,0.10272854243029705,0.15904777360296643,0.1972301291018478,0.2171697838285326,0.22480630283103167,0.22830639510883755,0.22682151715314675,0.22321537356963025,0.21738193966520133,0.20688175597596686,0.19383606151712876,0.1789873751044037,0.1618052805334962,0.1502445438682202,0.14048679915683113,0.12860778881761645,0.11322875273215527,0.09806186583020689,0.08194039076690031,0.0736675107048902,0.07313718764477783,0.07090987071124161,0.05966727465678549,0.05097015610615332,0.046727684728905504,0.042379132106745356,0.033257768414335184,0.0215909471775689,0.016818132780740902,0.015863587864896347,0.012045340006669717,0.006742237478798058,0.001651245878792503
-0.01433571936791088,-0.016108191144281105,-0.018218287964994452,-0.015179752928360025,-0.013154069276605984,-0.012563244548342319,-0.022607269708326303,-0.026827446621497112,-0.023113684198809426,-0.015939385119244642,-0.015854981808007557,-0.024717357567473997,-0.05299252388719922,-0.11156870566864946,-0.19816707235603787,-0.3000425904252361,-0.4398987627357665,-0.6624704441261094,-0.9104482740741736,-1.0,-0.8249475008300845,-0.486405034723699,-0.16550282989782256,0.038500946289526106,0.1624057037979389,0.22975999006135245,0.2545747613169379,0.2614115134671402,0.2628463581081353,0.25449037443523786,0.24309577477289623,0.2347398675720257,0.22705909366076904,0.21828111822535115,0.2152426551799608,0.21304813742359793,0.20519857063093444,0.19464808831968083,0.18587001729422928,0.1807213469021492,0.17295622434520594,0.16561305531476972,0.15801676387524677,0.1502515648462766,0.14333040669636757,0.13193593130106968,0.12248271742700087,0.1100753700352216,0.10028452260332231,0.09125330049177396,0.08180006749969844,0.07048995986809388,0.06551012059343408,0.06314677649915258,0.05420001774133121,0.044240372648523395,0.03571558653521574,0.02786605319906403
-0.023935975582514812,-0.02482393394472604,-0.026205201212110462,-0.02255470568121162,-0.022456045480528247,-0.03350620205703502,-0.04356973743672842,-0.04475367038060399,-0.037551345916149566,-0.02028547610073781,-0.0031182687436540914,0.01128640125660496,0.019179385882076405,0.016416832533602026,-0.005979476648700179,-0.049094823062326966,-0.11213998380057263,-0.2672372945425217,-0.5667749662720101,-0.8851568548583676,-1.0,-0.8525988975745199,-0.5720041770285836,-0.2947641840063689,-0.07681885005832301,0.08340847956419765,0.19440367105723988,0.26662465226231746,0.31733717917192356,0.3420027719300345,0.34417333773522085,0.333221846627235,0.3188171826473617,0.3027351669463993,0.29059975493530943,0.2803388020755287,0.25863307177903555,0.23110623047827458,0.2101897245935836,0.19469968138494476,0.17990036907685578,0.16006921833938725,0.13737683110004023,0.11537511455738532,0.09396533438473934,0.07936331613882934,0.07285162474365596,0.06268940019017266,0.04512752550303063,0.030229496929415765,0.02026464771331939,0.017798089641585454,0.012371672118426606,0.0058599912589283295,-0.004400874305258693,-0.012885816372089265,-0.019792161927727068,-0.026007881563291937
-0.011719262473873266,-0.011719262473873266,-0.024061913659335094,-0.02580031114553222,-0.028929431038822603,-0.03362311308782596,-0.031189355344825538,-0.02371422911279789,-0.01328382273609957,-0.014500702869924224,-0.016239103354141908,-0.012762300965591541,-0.017629824341120166,-0.04613961790747639,-0.08681818220071137,-0.15270359588186694,-0.3154182469000337,-0.616857547492998,-0.9151661420820069,-1.0,-0.8299851348430413,-0.5452353589911697,-0.27786880060660246,-0.08907808630952319,0.03365300848369175,0.11866089549897131,0.1755065968082218,0.21305616428479981,0.23895841558623038,0.2566901557835033,0.26868514640659236,0.2683374315642685,0.25199651034190884,0.23808933045233185,0.2285280609648343,0.22105285836217772,0.20888417189545566,0.20140896929279908,0.20088739702931327,0.19810588026263337,0.18993544994724024,0.17950499433988856,0.17359434695016052,0.1697699078256113,0.154819644000636,0.14160780290834674,0.13187282747862064,0.12474533971828794,0.11570563239568064,0.09884309851545293,0.07989450784897979,0.062162818144684655,0.04373572905152842,0.03712981355468156,0.03486989934727419,0.03382686085555592,0.02409180968636311,0.021831870232466837
-0.012824824776007361,-0.013751267002139472,-0.01550121384366946,-0.01920698000012758,-0.022089248803945107,-0.01673647066862091,-0.010971940017038863,-0.008089680156718057,-0.011074877543466205,-0.012618948965666682,-0.01683940984968104,-0.0232215636997661,-0.03248599891627588,-0.052147141846317156,-0.10351327459519509,-0.18586407296988813,-0.34088927128066826,-0.5947337593268451,-0.8804892042773922,-1.0,-0.8506374345679806,-0.532044791684937,-0.21715733904132814,0.0008659377129020597,0.153832204791845,0.25213837483656204,0.29743117167111677,0.31143084062291065,0.30896030341811925,0.29218135862723005,0.2698438119077214,0.25471182491945477,0.24153565999418658,0.21827164611962216,0.20056628442410596,0.19119885074673337,0.18286079710251787,0.18100790048022794,0.1761698645748184,0.17328755023154982,0.1654642368543416,0.15074401444194502,0.14045022667298138,0.13005338783723733,0.12017128926850058,0.10400994737229127,0.08527517423710003,0.06921682687593876,0.05974647403916125,0.04996738884938335,0.044408705263817135,0.038541251637428955,0.036585435855734094,0.03020327965016019,0.017233078669773767,0.008277470810981253,0.0067334117535269205,0.009512731561747447
-0.028807611237983494,-0.0303982951532753,-0.02939365621312866,-0.026882057403616075,-0.02545882099651759,-0.02608671894792055,-0.028347157876481878,-0.03169595453819014,-0.03412382871811847,-0.038770284181083164,-0.05212360384385691,-0.06669089094683141,-0.08109073812917174,-0.10696026656762454,-0.1511226623665667,-0.21387080530909294,-0.35376625199421213,-0.6246842303509897,-0.9151080162696806,-1.0,-0.8100394940873404,-0.4886389306328856,-0.19231300424351944,0.023140565772928886,0.1709483238063626,0.2566351849022447,0.2993742386519187,0.32001109213840123,0.32553677761294697,0.31938350527692333,0.3063650654554179,0.29284402571597995,0.2840535699607009,0.27790018556226526,0.2667653281162151,0.25110970487545436,0.23495187393520306,0.22143122641420718,0.2053570687416013,0.18656197967382,0.16822742976532445,0.1553347426471799,0.1417302164107832,0.12297692662268722,0.10334453522785733,0.0893632364851636,0.08107494173670339,0.07102854649865305,0.05801005064594164,0.04612177892677806,0.037373019727306715,0.028707985157419624,0.018787141844241906,0.009368646308569711,0.0017920015730413302,-0.0016405144653256194,-0.005910223102962679,-0.011686898613866438
-0.02207334403447708,-0.022807569301047773,-0.026906988494658727,-0.027885954272237463,-0.02598920481132542,-0.02354179176745854,-0.02029896587912903,-0.015342953146889974,-0.005492121443990304,0.012741134831146462,0.04198774116985774,0.07441613562756248,0.09307775290068154,0.08084060601001607,0.032871141033888586,-0.06251688918859133,-0.2624101284692378,-0.5822251596833741,-0.8894991482506828,-1.0,-0.8751815646749861,-0.6242595176923473,-0.36507871636721995,-0.15686508189030526,-0.025805651528189328,0.059915130376246184,0.12489425267838737,0.18106262324557493,0.22303597510368453,0.2484890405181729,0.25650427801954,0.2505081723686153,0.24438969599549323,0.24549100262689677,0.24390015336995882,0.2404738627535508,0.23398821447709167,0.22713546896822678,0.22181228281589738,0.21226730674775968,0.197705190806276,0.17726919059420235,0.1617280192700224,0.1477165118416817,0.13437805831961266,0.11840860440192826,0.10684450395044129,0.09613703588980135,0.08285976026173784,0.0698272186109759,0.06187307686558991,0.05275645059479481,0.038439023828053906,0.02607957715257581,0.017697149080138808,0.008947631242389169,-0.0028611387827211184,-0.011427084669601847
-0.0188892808255105,-0.019263323343866566,-0.024780434173949015,-0.027585747177279678,-0.020478957873100553,-0.014120252892380246,-0.008135587577002758,0.003833737347725728,0.022348797606332273,0.036749407637728236,0.032260887431909115,0.008602762962782722,-0.029829991588616392,-0.0786424533954921,-0.1286706055436734,-0.19085528165414906,-0.33467486908022825,-0.623807972963907,-0.9197677897643938,-1.0,-0.8170940968808839,-0.5196377034525855,-0.2451850645225207,-0.05470376075083645,0.07826806547883992,0.16373684458105858,0.2158224129947326,0.24714849842513553,0.2679078901119828,0.2773523910377923,0.27791352168282435,0.2740795511877324,0.26884297090906706,0.26706629685291156,0.27108719677581766,0.2706196677893285,0.26089452165663213,0.23798443728925925,0.21844070313406527,0.2026373149913144,0.18515078597863302,0.16841240833522172,0.15532094622650536,0.1393305601836224,0.12268565866617116,0.1049185985671327,0.08490728977723767,0.06283883861112145,0.05152404485253408,0.04750309357538954,0.04048980500440974,0.02487356597149295,0.014867977195850065,0.00888331402023251,0.0008414100394368183,-0.008509633304998723,-0.014681316669914343,-0.01683205145467451
-0.018539002443264348,-0.019322291605164202,-0.01795153605577907,-0.01912647028256845,-0.017559892442708357,-0.01893064799209349,-0.009727000097800429,0.013967500679217135,0.05489434293453774,0.10463322988003788,0.13831470642841692,0.1285235938404272,0.06840610711004896,-0.03087580867894544,-0.15071908335751602,-0.3003273636101068,-0.49517036938231557,-0.7319196337441721,-0.9416449671172532,-1.0,-0.8525458781845019,-0.5733038359153231,-0.2903403677552516,-0.08296458053197099,0.044907451610637694,0.11853659798557203,0.1659256368029569,0.2045026077010611,0.23583425160739227,0.2434713606189636,0.23661756786991012,0.22937214796173258,0.23074278881743082,0.2330927530910518,0.23465929269968294,0.23230945231460137,0.22956784539578892,0.2278055154366969,0.22310575723619663,0.21742692339485248,0.20509007166884835,0.1970613664702878,0.17767493164476925,0.1555470447611125,0.13968540922838488,0.13009014893512577,0.12029903634713604,0.11638254795095136,0.11462022573489304,0.1036541619822277,0.08309276824899982,0.06546875629897787,0.04804056954306853,0.037270342599066364,0.024541906300623556,0.014359141388650205,0.010442697514909375,0.011030171161488762
-0.025869212366749706,-0.028949541842240238,-0.02689598909590633,-0.01662821931241242,-0.0035601479345326826,0.0032539200853827473,0.002507174797227514,-0.013921257853133813,-0.03445679884408031,-0.0560191372115842,-0.08364876555979878,-0.10455773045733517,-0.11855923700530564,-0.13909483993845448,-0.16299087142613225,-0.197061326866362,-0.31794140655657654,-0.5877029500242232,-0.8881749988276854,-1.0,-0.8442099899685748,-0.5473789921034928,-0.2681892701619547,-0.06946053815879166,0.07064789913910072,0.16772531915982522,0.227372043148336,0.2659229788612492,0.29877983419426113,0.3206223122236257,0.3265029197981839,0.3212757611634029,0.3088610515078316,0.2923391665856175,0.27796429237742476,0.26004239407002977,0.24529403258908616,0.23082570112518525,0.21533059293212772,0.2052494667519124,0.19740864905805516,0.18630070058200562,0.1740727459544792,0.15185686039404953,0.13244142309574913,0.1181598010932155,0.10602513284635633,0.09137018305444332,0.07307483164930562,0.06318037505961467,0.06000677557898162,0.05319268335176873,0.04488508061282393,0.03135027367242057,0.01772215187217645,0.0075477165279550645,-0.004306900342481287,-0.009534123055402619
-0.024821845392436336,-0.03327433987065693,-0.037272131140768876,-0.03350278538480199,-0.026192521962257805,-0.021509386744189594,-0.021680721315417276,-0.02722052851838613,-0.032646103380666945,-0.03355988630848497,-0.032931668114488236,-0.03338855565782727,-0.0356730038293757,-0.04206947125553526,-0.051549991457115196,-0.07884926524696108,-0.20518012246233375,-0.48896599087705783,-0.8212978413892192,-1.0,-0.935521323331578,-0.6999929388228862,-0.4147211709003039,-0.16308886920345347,0.015270373704581947,0.13451933285768033,0.2141328733333221,0.26867389134034625,0.30591037074794764,0.3320103404380429,0.344232147565195,0.34417468769154924,0.33383784879198586,0.3224726705234646,0.31230687302361815,0.30219820084211224,0.2895767395234457,0.2707299009676518,0.23800531804304606,0.1908313890711126,0.1407445288773508,0.113616526493994,0.1064204509790114,0.10584932325384436,0.10293660112908168,0.09534073899444304,0.08111998482920635,0.06901231682030054,0.06084537574981018,0.052678406799711065,0.04159872966465366,0.034060031182817696,0.02823463920755876,0.02315175439743988,0.01498479241724296,0.007331858981005635,0.0013922930379894883,-0.003290848714362025
-0.00648774335778094,-0.015121905854133158,-0.015705294503968313,-0.011971603197855063,-0.007187811006315781,-0.006487744062632415,-0.00800455530404539,-0.00648774335778094,-0.006721100415378346,-0.008004552014738505,-0.0032207642432053505,0.0020297403748220835,0.0049466836239978555,-0.0019373064617103756,0.010897257814217283,0.005413402438202504,-0.14171747781885347,-0.505986133818923,-0.8729376913648377,-1.0,-0.8798214926678257,-0.6625671861798729,-0.45021452586956856,-0.27228003001164175,-0.14031733829267493,-0.05409228589527963,0.008797051344355381,0.056751645914784606,0.09957242938876336,0.12780856898161475,0.14647700577633968,0.1653788893797499,0.180080369441456,0.18836452078626326,0.1911647396912944,0.195481814008431,0.20178242683940295,0.20481613766361384,0.20621626215296088,0.2140336401750494,0.21963421331659502,0.21520040807670002,0.20714958324592625,0.1985155248326419,0.18743113954597201,0.1785635441030135,0.17634663396465028,0.17401314327184345,0.16444552317629013,0.15394444665628815,0.14496021051156016,0.13784293232622385,0.1300254640831465,0.12594171628004336,0.12360816543991061,0.11672412354761894,0.11007347583510238,0.10283945169017623
-0.02305514914677639,-0.018108374427016266,-0.015591595355258319,-0.012554104022967649,-0.004483051179113723,-0.0010116328344050864,-0.005264121569690926,-0.011078751086131171,-0.007607331618740081,0.004369069809952498,0.02216007493338891,0.030231119918465665,0.0183415422599295,-0.021406218837280378,-0.0868425340648217,-0.1910720675971455,-0.3793973068147537,-0.6591929102495474,-0.9211116008996297,-1.0,-0.8569769377411955,-0.6022616291880417,-0.359697014023621,-0.18057099889700526,-0.06158790905193782,0.02884258626105579,0.10070107566634785,0.1631866440423067,0.2183824556241618,0.2679371920472459,0.3023911489286377,0.3201823067368877,0.32929482381669883,0.3280797760333286,0.31870686847618485,0.3053419535983665,0.28538123440406266,0.2589983584335861,0.23530587869258643,0.22115977441985094,0.212741542131664,0.1992029078618559,0.17993647345917624,0.15902120473635026,0.13593610518368177,0.11545464994201074,0.09740322739686282,0.0851664377362025,0.07640105407074384,0.07188822986956553,0.06824323920426839,0.06242863326415965,0.056266835530210904,0.045071446112607993,0.033268645071565225,0.025978659250241145,0.019816872743116925,0.01565119093775071
-0.005801489018308274,0.0049686878305709075,0.015243691862337996,0.024899693991174164,0.026632806405075083,0.01784336614869582,0.013510556786411306,0.014872297141486744,0.03232738067296295,0.04470688617397577,0.017843392587725885,-0.06485175960546279,-0.1918657854112147,-0.34227751810791296,-0.5102679726831894,-0.6409947748261223,-0.7179951412391825,-0.7983380658054106,-0.9281983627309509,-1.0,-0.8644443431896782,-0.5450546354826923,-0.2124159521089293,0.01103466437331862,0.16813097893024448,0.27868026872724655,0.34639669815058427,0.38130703517873,0.39071552266209175,0.3929437739000661,0.3761075506338597,0.35097696550327884,0.3314173106279774,0.32114228771118886,0.3148287984114689,0.30319196904202966,0.28487014423039253,0.2672911201914708,0.24302734243862598,0.2167827072291438,0.19536602020601956,0.18063432862509332,0.16813097893024448,0.16107462842574036,0.15550387946666702,0.1477047584054819,0.13223025094382304,0.10685210584371617,0.08939698265369486,0.08617836311947054,0.0822168974884793,0.06921839008453555,0.054486774043695195,0.03517469424593696,0.009796694560495433,-0.006915642020576593,-0.01471473513783152,-0.021523467217766615
-0.003982158253333911,-0.0017265594690592302,-8.612705845816039e-05,0.002237823603041663,-0.0006329384267905811,-0.001589857669681474,0.0006657406584096162,0.005108580680023499,0.004698476845948254,0.003673201359503569,0.005040229780334621,0.02007754814435561,0.04591443326250854,0.07557898753193493,0.1118737589378552,0.12540739035393936,-0.008356648743809685,-0.3880489433005572,-0.8347253630241043,-1.0,-0.8084790179424292,-0.4791614042322324,-0.21101916320179007,-0.051007956849198156,0.045162521752016106,0.10257792396799008,0.13757400169083528,0.1627957761548817,0.1777647540462673,0.1851467909351829,0.18391646535643497,0.17639770894215065,0.1705195367824339,0.16805883557508125,0.16580318863085325,0.15568717831670348,0.14311043342862986,0.12991858414268184,0.1148812381469691,0.10011730617706535,0.09314541952261303,0.09123153802523559,0.09088978926167063,0.08507989344821028,0.08125219718659775,0.07797130395167486,0.0724348138223807,0.06881214679896447,0.06450601144416805,0.06115680015477477,0.05322802280149048,0.04420563522400554,0.03860079784449125,0.03497817670011036,0.03320103975302999,0.029099950319715438,0.026844340912880012,0.022469845795399252
-0.03934176004366779,-0.05126264073676502,-0.06544439228152234,-0.06133373274904583,-0.04715199693777716,-0.04016389049784106,-0.0428358114482333,-0.058456281000512804,-0.07017161092604136,-0.0730490965620884,-0.0681163041549019,-0.056812022512702974,-0.04345240928886326,-0.06338905404340558,-0.1634833472791431,-0.3585336232531086,-0.6076394026034286,-0.8499618117707767,-1.0,-0.9829405994329674,-0.7895354557605658,-0.5102166726837838,-0.2477517381961973,-0.04900178319805688,0.09589864641602788,0.20339207743127413,0.28437198526022267,0.3450038738839769,0.38878220438294137,0.41426824846231286,0.4169400175240262,0.40686903564616594,0.3914542058161794,0.3719287237153265,0.34130444175454694,0.31499630594958966,0.2899213658258923,0.27121791735774403,0.2506646753677059,0.22908375094565753,0.2107912515188336,0.1867439744628528,0.15796948602396313,0.14317115721313795,0.13515534655636108,0.12261785713021868,0.1074084243637194,0.089527067621157,0.06630190165505576,0.042871212757558064,0.02930606510477248,0.02827842140134961,0.024373292061879704,0.019851579405000135,0.015740941657354058,0.005053243332564796,-0.017966381548114623,-0.04324687909585665
-0.027499848491681644,-0.028172270057297628,-0.027393673419391026,-0.02555335865910582,-0.02654429707118793,-0.029587895982659776,-0.030437271890315202,-0.031074300296675413,-0.03231297936930851,-0.03234837473130263,-0.03015414511927116,-0.02856156705460792,-0.022651323904114416,-0.021589602945710187,-0.07421560315185838,-0.2180786228403268,-0.42776844454239604,-0.6555777733976902,-0.8722393148423715,-1.0,-0.939375452726102,-0.682510024335561,-0.3512537586905549,-0.07308303262881774,0.10287969652006128,0.20922849614103634,0.2691093989480659,0.30442914181573727,0.32591120483402236,0.3357500370076923,0.3346173572288295,0.32368165299090995,0.30867616232926876,0.2940597069796219,0.279514049402726,0.26242046146821996,0.2424955547197438,0.22331392590247465,0.21128113813742394,0.20289351932989436,0.19238247485075166,0.17974810338267388,0.1658750387444376,0.1515417744857946,0.1358638459582736,0.12050432414030128,0.10610024801138189,0.09251019119631874,0.08111437897190785,0.06869217526167595,0.053757292056192306,0.0411935703368484,0.031602674867442566,0.022648804280015585,0.01302251344861563,0.0062274727057493,0.00031722614101135514,-0.005380676446812733
-0.02498278718634646,-0.027883473297235496,-0.027013268312096633,-0.023725820045992267,-0.027786779347482707,-0.03010733162870533,-0.023048995216582976,-0.018214517504681695,-0.02556292617853021,-0.03648884616142829,-0.04316041156830559,-0.042290223545723704,-0.04606111058548798,-0.04934856622661711,-0.06578575888197545,-0.154643685816982,-0.3860226271178918,-0.701422936409917,-0.9373453767704577,-1.0,-0.8992496568235561,-0.6956215177254829,-0.4554455406791683,-0.24775594594043754,-0.1032046344556521,0.0025737365827435666,0.07944183647415243,0.13465176160020204,0.17400455156905334,0.20301149159070872,0.22312310153683154,0.23569290495331682,0.2490361301673885,0.26760054251714965,0.28384440627320057,0.29912144558211,0.3090804902301957,0.3148818617144713,0.31497864563952627,0.30269898159749253,0.2867451864156554,0.26576348874728756,0.24642551299946447,0.2256370999802554,0.20146462439545673,0.17874250348176657,0.16684966833892234,0.15853429841122288,0.14712493449214756,0.13165457513396042,0.1216954478855973,0.10951254416853928,0.10032700391831738,0.09452560883396252,0.0858235044073906,0.07412407191410149,0.05865369485585491,0.044827081018291776
-0.030253581967655856,-0.030640268074594083,-0.030594775264838642,-0.030185342753022697,-0.028297389066184637,-0.023657117613159386,-0.016514747522548813,-0.012943560221757322,-0.012647859734329978,-0.015491156874066252,-0.024021060091202914,-0.03930664902700131,-0.06230317969089449,-0.09594515969675435,-0.1371161691813264,-0.1902971083303875,-0.31938323916171896,-0.5783052605266781,-0.8717572239145156,-1.0,-0.8835395618350085,-0.6303486795610755,-0.37015343692743263,-0.1563141682099187,-0.005437241060143545,0.09441955824454816,0.162658595214796,0.20967557510405935,0.23974637787206615,0.25619196752703155,0.26574567965431584,0.27138658819321293,0.27270604623510203,0.2689755470036992,0.2622879374106681,0.2548726649401917,0.24684316736245823,0.23792657665039182,0.229123712410748,0.2216628249872632,0.21279171598102015,0.20196451609068192,0.19004535551902807,0.1789224801251097,0.1675263813782886,0.15572099169478568,0.14402945062695824,0.1335660821753427,0.12205639020328407,0.10950047464617117,0.09826376174050938,0.08732277985808817,0.07519905154561801,0.06275674031767474,0.05277100750472901,0.04415010895214089,0.03664374537479877,0.0280000837614348
-0.04010575216608905,-0.04189772128954365,-0.042006322541865544,-0.040703074378862066,-0.040214360045439095,-0.0404587159695828,-0.03991570059580963,-0.039264083141336045,-0.041001736313627093,-0.043852581108371085,-0.043743979027670674,-0.04466711410957308,-0.04947283777585046,-0.05232368588410853,-0.08360159706375207,-0.22736581440413647,-0.4995541898609697,-0.7848830078635638,-0.9635088261169451,-1.0,-0.9013334117415122,-0.689610359297931,-0.42760417403323986,-0.1895446224778328,-0.010294021263747798,0.12220264446679222,0.21698633764085282,0.28212185993778893,0.3244228698828464,0.3503249275367299,0.3646063057583283,0.37028110949457826,0.37098683497720697,0.36658842337234915,0.35570082579493,0.33878591959946713,0.3202414801961151,0.301317391603633,0.2828818475269774,0.2638489696402495,0.24427323211491012,0.22458862577098695,0.2045785528201557,0.18492127634035718,0.16491099132462483,0.1457967600402262,0.1265196364036977,0.10830141908846382,0.09111503005746993,0.07449868473459266,0.06000005264888224,0.048243631798831656,0.03738320503686135,0.02600689726791184,0.014494874589309467,0.004313234440504544,-0.0034791251409935094,-0.01083703829427801
-0.009160034651755206,-0.011006894578647038,-0.014700615274714843,-0.017316998795414172,-0.01423889835573836,-0.0034655431108227943,0.0022289357958475055,0.005307035561696006,-0.0008491592532098064,-0.002234309673225596,-0.0037733602299771588,-0.004081168589376459,-0.018394334791584848,-0.04194179894368411,-0.08380398379043993,-0.16537365319086308,-0.3300523370109966,-0.6016954357895284,-0.887649936690364,-1.0,-0.8522519443633881,-0.5566011007766976,-0.27695513289579277,-0.08688204312664967,0.042859869685495995,0.13504899823706282,0.19337913448135688,0.2224673000399616,0.24693827147719088,0.2624824864883128,0.2681770496233972,0.26540683233795237,0.26494515820701026,0.258635029564003,0.23816568674022628,0.2190814094342239,0.2080002384178086,0.20430643568326548,0.1932252862293242,0.1775269210915335,0.16583014144224736,0.15628800278924618,0.14890049435129296,0.13520293273899153,0.12704595663489776,0.1225826970154511,0.1141179058136849,0.09688051909371709,0.08056663157295157,0.07456428568390577,0.06794636889631864,0.05686521944237734,0.05055508001813311,0.04824651530115642,0.04609185274239745,0.035626322702564,0.028392802672724517,0.018542875875143413
-0.04098792060995463,-0.050399231841811526,-0.055104888168412185,-0.050869798943194156,-0.04475244462891592,-0.029223782636141823,-0.031106042513605842,-0.03816452795106977,-0.039576224280512204,-0.0452230100720634,-0.0729863783244866,-0.08333881617860521,-0.06592789478214856,-0.054634319882575874,-0.08004484291556577,-0.16662895078410755,-0.3261505431499338,-0.578373726804031,-0.8503603748014393,-1.0,-0.9496493857707926,-0.7614236633420148,-0.528493679913097,-0.3115631679175589,-0.13980671104907194,0.011715429868947538,0.12982737315509724,0.2215876250932258,0.2775849260936567,0.31617138718804416,0.3594633094110659,0.3749920922181153,0.37734498955351053,0.3759332268946621,0.39099119978732455,0.4018143092116403,0.38534451301610095,0.3514637556264613,0.3260532709697706,0.3124067575158147,0.3044071734091959,0.2752321500463183,0.23617518225768588,0.19900055962718238,0.1830013004479022,0.17735453787164313,0.1604141288548091,0.12653343210919787,0.08700589698229208,0.06253654700214811,0.041361062262868016,0.01736224929898323,0.00042185165290454477,-0.012283420997454993,-0.01369511922202331,-0.013224555674001721,-0.016047940752383034,-0.033458873519595
-0.025704314749833562,-0.029075574015428127,-0.03376245632910617,-0.036969260867583856,-0.03269351537169801,-0.028993352763118613,-0.028664445345967828,-0.03162457848845581,-0.03384467809068643,-0.03269351537169801,-0.028006636113644436,-0.025950986145823262,-0.01567274903848599,-0.005230068917258942,-0.004818934645820459,-0.03433804023495409,-0.16499527213311346,-0.46881992364553066,-0.8263378615442131,-1.0,-0.8946673609528843,-0.6307221613496838,-0.35099093760964295,-0.1288157332898116,0.027166957219655806,0.14187242281741758,0.22335864262537905,0.2814925254472856,0.3159453349809564,0.33567955185671033,0.34349083615617176,0.34275073946634216,0.33452838811918045,0.3172609320562319,0.2986778789180079,0.2783679335035148,0.2589625507099245,0.23906380271644215,0.21686271095123613,0.1906326112913307,0.1684315195261247,0.1472993748295758,0.12789397573932174,0.11350441272353419,0.09779921189081159,0.08012058285184807,0.0614552315614322,0.04731235114559071,0.03432060594811747,0.02174004187499114,0.010392866356599433,0.0022525116733492106,-0.005641183836409161,-0.016577239342943213,-0.02718438081180681,-0.03598255389425381,-0.040176060313354106,-0.03968272974387255
0.01602841347935842,0.012060087346413019,0.01642526021804155,0.018409445481553464,0.02079043308967008,0.02079042501801946,0.013911970184570665,-0.0030196407469363544,-0.014660129316085398,-0.019818976999388123,-0.021406315524216908,-0.022067706071750737,-0.02325821223552406,-0.025771499210596075,-0.03754426274256934,-0.09389475111425763,-0.268502497359413,-0.5831933930779989,-0.8964261289683194,-1.0,-0.8506587076207542,-0.56546801602427,-0.2956196757816159,-0.10037643992552953,0.0086208336968241,0.08044797055435683,0.14499991480704102,0.20161502114587013,0.23865293620184297,0.25558445027354254,0.26497620321211285,0.26920923509139955,0.26034656270783635,0.2500289268696542,0.24500230644445936,0.24791241093001087,0.2463250724051821,0.23442003346896623,0.21920813613249784,0.20862579858379973,0.20121826723116915,0.18706453100471498,0.16933926695409482,0.15055569650374925,0.13732774631709943,0.12621629592679173,0.11960233697676806,0.1045226532774971,0.08124167210337371,0.055315118649551714,0.039573943002635996,0.03203406886639803,0.022774626424832616,0.00981134969792162,-0.008575329619662406,-0.021538594995814717,-0.0348986924807834,-0.044290450464135336
-0.02903993318836592,-0.03570876000745866,-0.04038769552873714,-0.04038769716959838,-0.039204522994847314,-0.03963476173502648,-0.04227002262913818,-0.04469017974134209,-0.04942287315862386,-0.05324132135437656,-0.05512365337736133,-0.055876595375378195,-0.06367482452589815,-0.08147632467120548,-0.10153670003640067,-0.15859842420590275,-0.3305357018731926,-0.6267604081060167,-0.9065828553357412,-1.0,-0.8563514458057339,-0.5695912797230726,-0.272936720352461,-0.04942287972206883,0.09600086153781622,0.19528077716518494,0.2569132319022374,0.28993444860747136,0.3055309791064059,0.3135980830617269,0.3159642312261575,0.31171571329893355,0.29800160507035206,0.28434115956782186,0.2734238402548544,0.26067786641270463,0.24734034240255726,0.2328733545286861,0.22211723342411138,0.2076503505653597,0.19076315799430862,0.17634984597337866,0.16645416625021497,0.15220220996035697,0.13364770546430557,0.11670665326385422,0.10277735592858038,0.09196736206771547,0.07938256674362353,0.0675507232627159,0.055181084228091495,0.043456809046750186,0.03264677580521547,0.02189057265757867,0.011349499545629532,0.0018302924623355172,-0.005752816497664232,-0.007312461671423727
-0.0002668394747170614,0.0056010394771014394,0.010824100446754413,0.009985829495603185,0.00553655826909289,-0.000847182888714075,-0.008004702969183663,-0.011744675005519876,-0.0108419233382001,0.002828303526825085,0.016691979398572913,0.0451931041901942,0.12289440486642428,0.25205277780996266,0.38224177196835235,0.43086121859048215,0.26101577097691164,-0.20132275532379376,-0.771023092019858,-1.0,-0.7661867230377752,-0.3632374284815948,-0.07409903699747297,0.06550503785400924,0.12154027097152457,0.12895573088514845,0.12095998633240787,0.11567239939730611,0.10432346283516009,0.09149148308081752,0.08291534371679966,0.0742746513361329,0.06569847262491484,0.06066888134680765,0.05841201250714827,0.053188919567895135,0.05073857661012995,0.04931997626242177,0.044161408796777414,0.03693938365405916,0.03152289529110062,0.029008083913166945,0.026751199334627482,0.025010186061116525,0.022495368781102823,0.023140194632708392,0.022044003276082986,0.01888437293230378,0.016498531839827243,0.015015437496270458,0.016885424989958573,0.018819890740615224,0.014564071007570619,0.009663419029000413,0.011146508945997174,0.01269407662812247,0.01153339914508849,0.0114044386964314
-0.008338937900296241,-0.007899956776840428,-0.014704185954695446,-0.016240624281503177,-0.018874521695110995,-0.01854528156244276,-0.020301211078794453,-0.023922814032093676,-0.032592722715784755,-0.0300685706876769,-0.029080853638024488,-0.026556707469533144,-0.02710543795465727,-0.03314144566711622,-0.05102998598582984,-0.12148676832506725,-0.306299032984951,-0.6102940626351545,-0.8967299042691146,-1.0,-0.863037658445478,-0.5856011698773671,-0.3179322535385094,-0.13048590709636967,-0.004278352567909095,0.08966398370417994,0.16066971835688096,0.21016511553313608,0.24341807092927378,0.2587825077709878,0.26481862263072015,0.2725008410515772,0.28106105101742834,0.29017001574395784,0.28709705872988733,0.27864651399835305,0.26251391156687187,0.24780794829378971,0.23430924013683607,0.21576215425991627,0.19260579358280078,0.1775705935254027,0.16560817636775588,0.14782936322787663,0.12840436616641765,0.11567379681241281,0.11227165658766305,0.1049186615577128,0.09010297947667704,0.0729826265120205,0.061898281259822906,0.05553300327952508,0.04708260587549172,0.041266099397633614,0.035559331817842904,0.02754787326431766,0.015914846915192273,0.00439155778995813
-0.012134277604883587,-0.007623473652612537,0.005908934917301728,0.020305120792821915,0.029710616136229034,0.034701290891227456,0.047561916493211134,0.0620540535209846,0.060902387260110886,0.054472087606714584,0.04880956020152921,0.03681275266269763,0.007060640620962068,-0.04438173557005547,-0.10705315494025097,-0.1792262811284986,-0.29919489293871243,-0.535963588106228,-0.8441375898824364,-1.0,-0.854982652274821,-0.5120658873675505,-0.1899754502180503,-4.147749887277531e-05,0.10850583910161518,0.16119601677209727,0.17108145194310836,0.1700257315754497,0.1697378518234988,0.17136941583967075,0.16925795406820054,0.17588026120686773,0.1880690078634734,0.19987392887491306,0.20640024804805945,0.21062312951869408,0.21724543665736126,0.21647757500550066,0.2032330869450835,0.19200396750985138,0.18317429477880467,0.17434464308391084,0.15975647075927266,0.14459241271381543,0.13221164805386246,0.11416842435622093,0.09612509547781509,0.08268864200443275,0.06829241405660683,0.05216869723554677,0.0407477070500374,0.03297375468664936,0.022320591969252193,0.003797502070541738,-0.0076234756247518685,-0.008295290804291526,-0.0162611817924188,-0.027682152749569693
-0.017577163280124826,-0.012876573586695817,0.011732394847882145,0.03882990837579932,0.05348468310780913,0.05652625451314867,0.061503334036458024,0.06205635768261609,0.058738311775989226,0.05099615667536577,0.046019050493633765,0.02998173797296691,0.005925785187020217,-0.03444398394514556,-0.10135825895412405,-0.17850318617190442,-0.29269992458801847,-0.5285587194650345,-0.8401803249742519,-1.0,-0.856217861425669,-0.5293882869243789,-0.2232971098173853,-0.014259098712602107,0.10767972615869705,0.16878739950434038,0.1743175506589686,0.16242780885079663,0.16463981812847642,0.17514699015788415,0.18261264943048217,0.18178314595135223,0.18288912926345402,0.19837345012806998,0.2127517237003698,0.21966427401985728,0.22159993142499393,0.21772876590188744,0.20832764116479588,0.1972674454892301,0.18261264943048217,0.17182895491462635,0.16463979680173832,0.15053810969610093,0.12509952315117565,0.10187312716120418,0.08749483226216624,0.07809367553496747,0.06620390706837287,0.0479545799383417,0.03440583117190991,0.022516102692949284,0.017539009840428603,0.01505046208124713,0.0020547076367084913,-0.017853668521905768,-0.03555000457903905,-0.03693252903848477
-0.024693214329448453,-0.027588018817510506,-0.030965290201824612,-0.034342563109673284,-0.03820230081891398,-0.0406146349827712,-0.03410132867759785,-0.0309652891861349,-0.031206524633900046,-0.0273467846393575,-0.027105551476894207,-0.02445198091306273,-0.017697437573109057,-0.007324387972401594,-0.011907825930799455,-0.023487046215959977,-0.06932143692491496,-0.2637558122659587,-0.6265712930370053,-0.9449986957461195,-1.0,-0.8070138844307668,-0.5230818069945798,-0.2531415947608519,-0.041579574742452365,0.1096739835164071,0.21509306874783446,0.28143242787409006,0.3195472812551017,0.3422231634853563,0.34535912578440114,0.3386045454352536,0.33160876721886023,0.3250955797493832,0.30869165461928905,0.29277025523196964,0.2763664926122294,0.2548965997182038,0.23704538987842244,0.2170230417106503,0.1945881785862522,0.16178042583227623,0.13789831050026172,0.1210119571336052,0.09592364120190158,0.0703528807826002,0.05394899628009453,0.04164606462080046,0.023553522842731368,0.013421717323151602,0.008355804406464601,-0.0003286087403185247,-0.014561396558111537,-0.021557177059806747,-0.02565814704278224,-0.02831171601959854,-0.03241269273151837,-0.033618859813446984
-0.028241128278892972,-0.03067569966103437,-0.032379898174521304,-0.031162612214189114,-0.027023843799498976,-0.026902115257318053,-0.02726730074923007,-0.029214953923725438,-0.032623355258883144,-0.03724904578551093,-0.038344594318033026,-0.04163126037947256,-0.04041397549618633,-0.036275209908741834,-0.02811939946745056,-0.02933668515852126,-0.06889844628867715,-0.2326234165697244,-0.5560563720540229,-0.8850879158346872,-1.0,-0.8583077625692619,-0.5928185183455614,-0.3233113929418262,-0.09884367574302842,0.05745576918613629,0.16591602062922295,0.2435790130999408,0.296774433692287,0.32939786286344913,0.3496047615533045,0.36056040412723567,0.3620211197072577,0.3565433501184982,0.34887436929782273,0.32209404370504385,0.29300087823418086,0.2635424821701063,0.2382229238555555,0.22118090317816946,0.2030433458157669,0.17881937588443875,0.1493610487513056,0.1255021543185708,0.10529510053409723,0.08971382990220397,0.07632369295491756,0.06220317236851708,0.04905646504092053,0.031527563583235586,0.013633478922361282,-0.0051127128038396955,-0.01399889342117054,-0.015703096781364296,-0.02312853139212472,-0.03055396761845408,-0.03554484134827121,-0.03639694195132213
0.010342311242227155,0.0160587197846479,0.01703170287385904,0.022383222116457074,0.034545791825289204,0.05047868700767326,0.06629000870403512,0.07650656770475105,0.08416900736473104,0.0994938273117658,0.1198052233948624,0.14838724569752307,0.16054978943070042,0.13135966962784348,0.058749268697543426,-0.05813280255394565,-0.25224727142442743,-0.5527842465843354,-0.861346882695928,-1.0,-0.9000237123945066,-0.6476515533467916,-0.37934637294922646,-0.15810909387024694,-0.011185403225622184,0.08197971238468085,0.12406215823116838,0.13561660446414947,0.13026510006478276,0.13525168362246023,0.15398203065801597,0.18390211089010183,0.20664603798468087,0.2147949719723723,0.21929517252657316,0.2093218569789051,0.19095643078503863,0.17161785266020488,0.16565817654448536,0.1714961975364105,0.17769913937002485,0.16809077435050868,0.1489955064732637,0.13208943709506543,0.1201700848636264,0.10715617791235796,0.08854750826544358,0.07273613461777215,0.05716809348253645,0.03941079818613666,0.022991356724731595,0.021896724077937805,0.020802095141951846,0.020802091431144018,0.0220183383828461,0.0150856865995311,0.003409647398786717,-0.009239395416574597
-0.01991483872738952,-0.015670264437795622,-0.020150648859806233,-0.0302315159452222,-0.0389564751064882,-0.04886047728559234,-0.06000249019171426,-0.06660517210073622,-0.06778423850097211,-0.0729720587161708,-0.08641325020342973,-0.09714264113087956,-0.10905105169376977,-0.13581555860524575,-0.1822702387780376,-0.2608541752854098,-0.41943526603155035,-0.6758785838112054,-0.9257196621487498,-1.0,-0.8440111178423603,-0.5589755738561105,-0.2699918148813423,-0.05092381200970048,0.09993573290682817,0.20593260259116566,0.2749065750678702,0.3152299157056694,0.3372189527850756,0.3456493360027566,0.34541372776835133,0.3354506103910971,0.32236302910650405,0.3105138371639079,0.3013173458714616,0.2912952904626863,0.28268829459879236,0.2736096793693879,0.25946121351741774,0.2419525028536893,0.22149617115552062,0.2028081674621626,0.18046512807526657,0.15523342007461916,0.13436413364827182,0.12216095378735367,0.10866076311461043,0.09374567837241625,0.07723898619038325,0.06090907932457739,0.04882378272128507,0.04115995364257268,0.033672971034050814,0.025124819672086733,0.016871502359405936,0.006260045051669416,-0.0046461617689892536,-0.009657113930245641
-0.011432917675267957,-0.010899190149011771,-0.01282060740669408,-0.019118568643737573,-0.01730390253576263,-0.012393624161129158,-0.013461077070661574,-0.01837135316837885,-0.023815357710772287,-0.03182124917481553,-0.04804650964324477,-0.0777216903031702,-0.11326781068707499,-0.14593192917115372,-0.18596157017536613,-0.2913193795723774,-0.49648409739173854,-0.7520313466737116,-0.94577334945861,-1.0,-0.9185530858144679,-0.7302552611533393,-0.4715057385558271,-0.2101927319043184,-0.010258718954344308,0.12125148084706552,0.209850128974155,0.263329621594505,0.29343191162967275,0.3099774606576546,0.3223599172247186,0.323640787365015,0.31424729556242376,0.3077358497438177,0.30005025663580687,0.2891622138756207,0.2750717802421379,0.26727932713251823,0.26930747275161215,0.2603407939807494,0.24294128580899751,0.2289575162475277,0.21774934412058558,0.2023779815679276,0.1824166547437445,0.16619131345435695,0.15637079309748173,0.14857839876674084,0.1356621712015416,0.12690904589374,0.11580745946697243,0.10299793515970529,0.08762666077536549,0.0774858445115778,0.06990693506853951,0.0663843854390476,0.06243476806935251,0.05090627554429843
-0.011674987315296205,-0.008417559054086867,-0.0031242350238542675,0.001863702777564387,-0.0062798713694473115,-0.01584857076895902,-0.025010090471156782,-0.02399214724529629,-0.01625575124271483,-0.011267808782645038,-0.011471398243081085,-0.016866511277273014,-0.01900420633811021,-0.010657043410049088,0.014588043569541211,-0.007094228822970574,-0.16915160781794744,-0.49520028991501835,-0.8310201138733044,-1.0,-0.9643710336242829,-0.8079128066837689,-0.6446343144752085,-0.4975417404007384,-0.35411325135120125,-0.2245281615660397,-0.12415821846008732,-0.05697361149580826,-0.0008847515413891348,0.04522820641116956,0.09093410850889042,0.13114314389656448,0.167789360912006,0.19629189546679682,0.2314111184463782,0.2601174286135402,0.26836284359200513,0.27508118999619174,0.28994320643795934,0.2993085114580515,0.29757810207884167,0.2947277281195865,0.2913684555329355,0.2837338331995867,0.2756920074874473,0.2784405868135398,0.2750812396884706,0.26408741930688906,0.2500397350842844,0.23680643277312147,0.21899224773893586,0.19761528781326163,0.18611250668893586,0.17501681713577333,0.1602565580579594,0.14590346508972693,0.13287367750647136,0.12106545036730869
-0.04834064158523126,-0.043324366053692866,-0.03771091056213439,-0.04081622453280043,-0.06028415733844979,-0.08847084166517931,-0.11414940575004806,-0.14197785966492213,-0.17303101981614238,-0.20551751551281208,-0.22976291428448467,-0.25771077778032936,-0.30476854018808386,-0.37857969643859724,-0.4719783765733536,-0.5773200709437587,-0.7223138372352653,-0.8935829184445223,-1.0,-0.9353857647357688,-0.7141920898092671,-0.44188067331581343,-0.2114894231771148,-0.05789545168439059,0.05568747479544806,0.1457418388396485,0.22170286155495597,0.278673601888338,0.3203566580794595,0.3564261621889082,0.3824631519520406,0.4018117098073003,0.4122027132517393,0.41279974112926837,0.40503650950449144,0.39046548312129364,0.37111689856293534,0.3627563453265452,0.36383130526204077,0.35391812706317405,0.32907554019538104,0.3022024497133421,0.28154012611219487,0.26458021382902264,0.25000910733652915,0.23579632972356704,0.2117897100591878,0.1870666195574357,0.16998726431441966,0.14705560458553601,0.11910770103504349,0.0899653812376623,0.08315758647924147,0.08530741288938772,0.07372215341665138,0.047565867560717234,0.024992536711364977,0.01257129000789094
-0.024145073572079324,-0.0254720264721297,-0.031560386729319934,-0.038039028161802456,-0.04537626877074433,-0.045922667060068645,-0.04186376141268929,-0.02992120972255895,-0.009626675531924844,-0.0005721913216605822,-0.021022837267963126,-0.07207141947546084,-0.14044856850381027,-0.21561669321549334,-0.2809497677940852,-0.346048655687215,-0.4715617070623416,-0.6990939622344265,-0.9344329864114188,-1.0,-0.8235934112633154,-0.5112142454178,-0.2142115921546802,-0.015324744194782466,0.11487271276884325,0.19761226715642527,0.2539688395762443,0.287533076616512,0.30806184869474923,0.3247656160316775,0.3352249131418683,0.33147826910974476,0.321643304710471,0.309779078007102,0.29213835435677143,0.2714534133669875,0.24936358088794425,0.2366404918529261,0.232425417294,0.22625898389313728,0.2101013409736163,0.18707474270076524,0.16763873386024766,0.15624257569645175,0.14765642913468774,0.14195833100083033,0.13446487146894817,0.1207269798142474,0.10160322306300586,0.08076217984353318,0.06405816483113212,0.0503202922283908,0.04298303971197427,0.04204635965198393,0.03587991196215166,0.02682541584441274,0.019019820916506114,0.015507299269481497
0.008978879417667802,0.010176890881726441,0.005624406745598496,-0.0016835717445593775,-0.005756866646898235,0.002030317525442692,0.016766060848609737,0.027787915815574375,0.0325800274653848,0.028147324189310156,0.013890793858723483,-0.0006053475371516978,-0.019054979673420975,-0.035587782684360386,-0.027441176431288707,-0.01006976918777686,-0.05116214189104559,-0.2392529773907383,-0.5782955784129681,-0.8912193579651961,-1.0,-0.8996054363860073,-0.7030092606436598,-0.48616758284443395,-0.2593798755615313,-0.055834450749610756,0.09883096005841788,0.2089302296302272,0.2847656304211913,0.3344839934790993,0.35832477817849545,0.3677892279284603,0.3706645241599358,0.36072092172816844,0.3322076819622608,0.2960270927982458,0.26391988626133744,0.24091772110065812,0.23157311800432243,0.22450466559608426,0.20258071093581767,0.17011399367961108,0.13908483681437445,0.11153012172399135,0.09128343538274769,0.07666747291963395,0.07283382746216953,0.06504658023765174,0.05318608928357631,0.03521568156238321,0.024912659791284097,0.020000745350228416,0.01556803476375646,0.014729429845834271,0.013171986249248566,0.014609603295797727,0.014729422535436954,0.009218475862161676
-0.013570201225328163,-0.011439683455808303,-0.006850878566504898,-0.006768942459634478,-0.009636937614770955,-0.013734087189569418,-0.012341059110801491,-0.006195331584426142,-0.00029543437164993475,0.0020809108598027876,-0.0035731574066115357,-0.004392582852658593,-0.004802297763261734,-0.023075590901457502,-0.02807411031072483,-0.00013154965745417098,-0.08133709244072533,-0.43410220549095574,-0.8657770352733094,-1.0,-0.7785897022969611,-0.4387728154667364,-0.1500055564667282,0.03166231990507657,0.14417042937107455,0.2016127298474612,0.23045673955683382,0.2428301898592323,0.23807741689332435,0.2284900479837551,0.22299986818167303,0.21669025855838467,0.20046548809631667,0.1818644111542062,0.1723589652260297,0.16227997842519246,0.15072589794181662,0.14007329026540707,0.134828919408959,0.1274540010162828,0.1148347417682503,0.10303489234069622,0.09623363482504803,0.09074339502078231,0.08238517084302248,0.07189640912939844,0.06214516425595189,0.05313141122177295,0.05132869061602898,0.045592666867039104,0.03354704349512481,0.023386098711621013,0.013470997875025016,0.007816927108519708,0.006423881411923122,0.007407208447780091,0.003883661466638575,-0.002917606049373556
-0.021855813372259978,-0.021306758422925197,-0.020048503755668697,-0.021832937953553178,-0.023319964966116186,-0.022221855067446623,-0.0210551103287621,-0.02366312397930063,-0.024303692488855087,-0.022130343488125696,-0.023274214789002164,-0.023228457348592746,-0.01766925749818981,-0.03578813322454802,-0.09879256172997765,-0.1830953177270075,-0.3177973409565299,-0.5869263858458077,-0.9015134754669927,-1.0,-0.7929370662162424,-0.46421229696987937,-0.19309280276249222,-0.014169023034523894,0.10008060238897942,0.16715692937777282,0.20389800541169742,0.22730153700630165,0.24043332153118555,0.24507724546573062,0.2466100068082177,0.24519149314054664,0.23908337337207336,0.23091600635147916,0.22171941716697013,0.21302611360599402,0.20344029630648858,0.19307697360838794,0.18205005511312222,0.1711376378477119,0.16093427668506427,0.1510284201019264,0.14183173583427763,0.13371026227580668,0.1255202020791902,0.11678107900964399,0.1061888911941456,0.09664908356948979,0.08669748143133497,0.07850746349389173,0.07111801918122837,0.06382012936735874,0.05604178973068813,0.046776418459357434,0.0378999742064139,0.029092164133185765,0.022961005191709447,0.01847702694542743
-0.006232379240536343,-0.008024285480225088,-0.010248716984937581,-0.010928410653573245,-0.007591756091289835,-0.0015363492414119577,0.0023564106637896493,-0.0011038197346506604,-0.0017835105754612898,0.0024799932160310045,0.014652601726688731,0.046845165182341,0.0902835891320131,0.11617363942850029,0.13903600909938785,0.1520737152705103,0.009400452127694936,-0.4006374015133634,-0.8646179142047139,-1.0,-0.7693371925930544,-0.4230669857593241,-0.1434061900590569,0.035228633382873,0.139097768798129,0.18908591814186612,0.2165207376161576,0.23419275886155966,0.23549033088619753,0.22572747233037407,0.22078428335372122,0.2178801899934047,0.20824086591679702,0.1875411565049286,0.1659146594868718,0.15003461965417397,0.1362553446461525,0.12222904592490003,0.10764659319857356,0.09504140852204147,0.08299230244191581,0.0704489227093254,0.0591413251391647,0.05024358498118956,0.0388124491613797,0.027628476560835856,0.0156412395220193,0.006187380235478923,0.0027271554926886813,-0.0024631974101864546,-0.013214631784841812,-0.02334818615393037,-0.026314090113838638,-0.020505842123663187,-0.018837511131001124,-0.019022882602842295,-0.020258677019180476,-0.021556268838593573
-0.025759134242983792,-0.025252027118380534,-0.02557473283498316,-0.027971954831133662,-0.027833653159776144,-0.027925856501020932,-0.029032267410452908,-0.03295080550592425,-0.035809030670443734,-0.03709985142705866,-0.03691544122824312,-0.03405721395392805,-0.032028799520818864,-0.04281629894303687,-0.07421074071650588,-0.15387257093189532,-0.3464337821138466,-0.6582576752568208,-0.9422357549663828,-1.0,-0.8019984193056866,-0.49077406817862523,-0.21048415868864484,-0.017829853831714843,0.1086700307147996,0.18722527033650035,0.2332333743380743,0.26015594122658126,0.27633709436420945,0.282099660604991,0.28034784388847533,0.2738015364125233,0.26739365403097015,0.2567905978610317,0.24503506445011486,0.2350313027467414,0.22479705009606943,0.2158535422493716,0.2078782224064498,0.1978745282165348,0.1843211114059232,0.16740235122976208,0.1538487881399904,0.1421853093297301,0.1276174915530033,0.11217381042699104,0.09921954180378428,0.08561984451737507,0.07474008443779907,0.06671856851090277,0.059803474394048935,0.04597329741258434,0.031128876996407723,0.02080237001776452,0.01411779497881684,0.007525409567442694,-0.0011414900136837518,-0.007457257313773814
-0.012326471322064478,-0.010631218809243035,-0.007146530948310812,-0.008653423986461918,-0.010725400387391549,-0.009406869068805104,-0.010348675691121405,-0.01110212167142232,-0.012609013587126265,-0.013833365437764861,-0.014963526865371302,-0.018071492723906568,-0.013739181973905112,0.0035900709036357456,0.0370242166815614,0.020354227667398313,-0.16650052055719788,-0.5563146087317524,-0.9162722029367801,-1.0,-0.8064580355641188,-0.5040446300661995,-0.23120306162718893,-0.04208756617255666,0.08694006913354883,0.17754228576214676,0.23584040265285716,0.2659783122647798,0.27153492642060034,0.27238259851775315,0.27238262150547105,0.274831411141303,0.2787869077584444,0.273607016323387,0.2501558890295743,0.22538627818852638,0.20777437605426022,0.19204613349924549,0.16765330284825541,0.14523814004882343,0.12913326672391715,0.12348233396159851,0.11236899071136804,0.0942861506945711,0.07366056449200084,0.06612611582366754,0.060475263518361515,0.04973867172354153,0.03683582658653248,0.031279198063388275,0.027511979476151097,0.018188077769939737,0.002554084858269482,-0.011384665328318588,-0.018919119923172908,-0.022968891685658292,-0.02683029310818481,-0.028148822630855795
-0.04234199358771293,-0.0381329097231322,-0.041426976037146346,-0.040145950628833506,-0.03758389850358339,-0.037034884143335944,-0.03712639084063086,-0.04078646069393066,-0.05323071529450919,-0.06960955006920987,-0.0883674131055754,-0.10117769746154895,-0.12368721574045816,-0.16047103340489982,-0.2027450937783059,-0.2691756994589039,-0.4237228402081007,-0.6861487409827386,-0.9386022619726894,-1.0,-0.8126957689858155,-0.5078123128693919,-0.2340388250707815,-0.058537828054068056,0.058950657379274365,0.13983858281932493,0.18687069273673046,0.2221905037468096,0.25101373078937866,0.2774578883922342,0.29429437809375636,0.3133267102728956,0.3261370085875297,0.3293396390008305,0.3369343340449328,0.3467250055697936,0.35148296577836535,0.3455354150152945,0.32741803395222174,0.3110391649788027,0.2931962223494503,0.2752617332406204,0.25751035942460254,0.2294192138777139,0.19336734370581127,0.158413539942787,0.13325047470619425,0.10708086720634369,0.08365624705783391,0.05977412901743399,0.03634966520592258,0.014297655985831955,-0.0020811878619980883,-0.014159435390005002,-0.030080744355494408,-0.04499554700127699,-0.05771430476886433,-0.06649848288577928
-0.00900794023027557,-0.00846665169563028,-0.003162008532186528,-0.004461107951554757,-0.0072758122126902434,-0.008358392172072297,-0.00760058624179188,-0.007925359445153097,-0.0013216329642793145,-0.00023903938018032507,0.012318869652066067,0.023469413961203306,0.013942724521376475,-0.02676223125092689,-0.09247480666895617,-0.19055677567293852,-0.38423091474159626,-0.6834548804520137,-0.9422987919961243,-1.0,-0.8306850051556711,-0.554195509665775,-0.2978408157397153,-0.12083840218278424,0.001926105675256213,0.08431039091594413,0.14125411750552463,0.180010607463149,0.21281275591436982,0.23814528294627527,0.2526518378046123,0.260230047392173,0.2708393452794264,0.27657703892320834,0.27267983479951163,0.2589310057746342,0.2504867860578433,0.2358720790222029,0.22039107119670429,0.20880745246075663,0.20252840339735528,0.1964660418321157,0.1813098472583887,0.16517945074258797,0.14959014540947205,0.1355165427683632,0.12176776659087268,0.1109419001120781,0.10282258612998589,0.0941618704868108,0.0765158571560067,0.05973585395443285,0.04652835392548132,0.04154849511289446,0.03581083780169097,0.021845562394854582,0.013834478209665218,0.009395903803021547
-0.0204902882181411,-0.0253254793909527,-0.025579963836650624,-0.02481651540467395,-0.012346808803326616,-0.004712287307935518,-0.0054757393542090044,-0.01998132345737018,-0.030415151524247442,-0.035250348505750345,-0.01870890109979852,0.009538807573492658,0.0260802523978039,-0.0011495169437112285,-0.10014368982649814,-0.25716032562231816,-0.48314210653552064,-0.7450063453181046,-0.9534294840387225,-1.0,-0.8865000761109884,-0.707088199826574,-0.5220780710543763,-0.35768151205921267,-0.2072814269309926,-0.08691053066254921,0.010811209407021702,0.0993715579663102,0.17444439380512927,0.22712251787534476,0.2642773569251306,0.29201608947843233,0.3083030444356004,0.32891634985263907,0.342404095953417,0.3360419091688998,0.3159374306530251,0.29939609529027444,0.29456088488424054,0.29048917918994793,0.27827392992707245,0.2617323302043264,0.24875362579720872,0.23806523725531845,0.2350115323358477,0.2345025236871869,0.22126940582948726,0.1932761606906053,0.1635015587676576,0.14288838553061664,0.13856210116074494,0.12329314697839869,0.10140743559720607,0.08562946450494918,0.07748596224261557,0.06425281133991649,0.05534590350083982,0.04771140162591714
0.0597936328993396,0.04683472225992784,0.042929287342133235,0.048609882036776665,0.035828464085599976,0.020916792658081978,0.01754393871186383,0.0200292236019598,0.01505865652984342,0.004407466328290248,-0.011391799543558291,-0.016894905273570533,-0.027013536845170605,-0.051156225427900895,-0.08239969664603107,-0.12997508139394687,-0.2739439065175356,-0.5567340900729087,-0.8753818154358969,-1.0,-0.8343751387619338,-0.5112888125652542,-0.2391499884661565,-0.07387877481523478,0.0012121050703071809,0.0273075287144259,0.051982773896052624,0.0910371284901498,0.11642248795272143,0.13648228684247987,0.16346516174143397,0.1803296156216627,0.1908034336443431,0.19967937876466738,0.2153010534420324,0.2215143970089369,0.22968041470552977,0.22897029230035817,0.22382215400581554,0.21565626629684945,0.2122832390337956,0.20447239086281083,0.17979703465008623,0.14961868475397558,0.12867135201307725,0.13133411605103051,0.12867131951617056,0.12192561162373425,0.11340461938297346,0.10168832546189187,0.07346263886316738,0.04843237310008823,0.038668780389450604,0.04310679627882166,0.04860987662062555,0.05588819256539388,0.0525153602837802,0.04541451536264248
-0.009325142996662919,-0.012106515312611003,-0.018343527218406756,-0.020703479841917942,-0.015899295405353522,-0.013033640037769294,-0.018343530365298243,-0.024159119717846653,-0.020787764466999828,-0.016320714668668853,-0.006459488630362346,0.021185646969767904,0.06349623009226431,0.09813708340877356,0.11617386615631344,0.09737848802547336,-0.06520542945898015,-0.4306614079072868,-0.8405335007883142,-1.0,-0.8676733548987091,-0.6138943667928374,-0.3892782880868645,-0.2295597079909146,-0.12201296351826417,-0.047337214817279864,0.009638759183535938,0.059113495958808514,0.10462704931818043,0.13783505313721794,0.15722043565903507,0.1658172946244367,0.1789656892712658,0.1955697232218615,0.2067795228580297,0.20880234012810484,0.20382963822204564,0.2021439663182431,0.19683406411835083,0.1905127075104539,0.18326432015502173,0.17964007154974515,0.17728007229502374,0.1731501788770856,0.1643002869497046,0.1526690830694759,0.1449149044278875,0.13977361152950518,0.13260944643348724,0.11726968014263355,0.10133990946080279,0.0943443445117014,0.08903444231180911,0.0770660289831539,0.06956472767545678,0.06240056257943884,0.05818635535615227,0.05076937243110024
-0.022607997615514172,-0.019758833414230004,-0.01470804576506039,-0.012765435506896447,-0.011988390381235534,-0.020017847937510647,-0.03128499303580987,-0.03788986960274218,-0.03167351926592795,-0.024939128325039944,-0.026622724504442957,-0.02908336336464847,-0.03050794946596795,-0.05485532354474246,-0.10251405628306115,-0.18928406916262006,-0.37603395474033313,-0.6763608597439593,-0.9472906307492133,-1.0,-0.8141570199804985,-0.5366232650038919,-0.2848605296036708,-0.10419768357884393,0.007955759694533184,0.08630778189764338,0.15416962611490598,0.20998740435146765,0.24223461381653164,0.25648038236962656,0.26062472853916285,0.2612722052817232,0.2639918408844209,0.2676180122049307,0.26619347233366114,0.25013454699715754,0.22941341358396777,0.20726774029950845,0.1961301531380966,0.19315140166162412,0.18602851738507667,0.17230079565933146,0.15675980335313158,0.15235656890391258,0.15339269100787353,0.1501549516793031,0.14147792692070646,0.1300812381101506,0.11505833530519272,0.10223712796031346,0.0936896611386042,0.0878618512565388,0.0887683443004586,0.08384707724852064,0.0741340370706937,0.058463650410860095,0.05172924791245961,0.04875058178377165
-0.021724595754590893,-0.023177631074351793,-0.024860094604651807,-0.02401886108954294,-0.02463066566496317,-0.026695510080871353,-0.029907481403974312,-0.02853091709895641,-0.026466079391223855,-0.02164811978163113,-0.007653093582353632,0.021178193789609275,0.0719580380063063,0.12258510381467076,0.14292768024772998,0.07172862073301006,-0.1546392909173322,-0.5339577881858554,-0.8745794498449118,-1.0,-0.9099875667688625,-0.7181110642600199,-0.5122388854421832,-0.3324457041998873,-0.19410090054772725,-0.08596412940163027,-0.0013820985071700967,0.06469287146976525,0.11379036123693122,0.14843395613402943,0.18300104749631585,0.21412672109622208,0.232480924273946,0.2422698301465684,0.2493055794098132,0.25496480636705277,0.2516763396756127,0.2401284964871791,0.2282746764919539,0.22055064740947863,0.21909763090177548,0.22253902999792782,0.22353317462658281,0.21129705161891876,0.19523709583906856,0.18147149945445912,0.16671164644382766,0.1526400919186545,0.13849204319178343,0.12686776180033546,0.11899073498135046,0.11310211875015642,0.10683108750915644,0.09298895025727952,0.0774643325588336,0.06339274070120475,0.050009489328046865,0.0419795534371344
-0.01281216294009578,-0.013603389438299382,-0.01808700871059676,-0.02046069201644177,-0.021581596834516114,-0.017691397760022803,-0.0138011980568723,-0.007339508063812562,0.011254324800714794,0.05299159164876967,0.10072917509396599,0.11905931392923022,0.09149813791155209,0.022463387063379234,-0.051780105426910625,-0.14066156972130875,-0.3281168511777074,-0.6467825478746739,-0.9432296769605232,-1.0,-0.7903907185519776,-0.4675697768868385,-0.182596741875412,0.0005727612402416322,0.11127888359299559,0.17767626766750105,0.21545751453059986,0.238403240354973,0.25495321515856906,0.2660962151064107,0.2697885430738067,0.26978857526105465,0.27031612425582097,0.25627186233474875,0.23497462251046422,0.21506194934626915,0.19699544016577206,0.17754442869968148,0.15809332067184692,0.14305997680689594,0.13178494476774671,0.11596038201920232,0.10237755648549862,0.08958598202263633,0.07666256054514248,0.06261822620276228,0.05635432219661671,0.05173882372243976,0.0401341258658396,0.028331657487292095,0.021672168179785817,0.016331378352737236,0.01145213555672215,0.014353302979911688,0.015671988378448385,0.008485026520889826,-0.005691118122542188,-0.015647392090383842
-0.02834887926867201,-0.02897586388810459,-0.02879672396141988,-0.027677103689610363,-0.030588118445900665,-0.03439482532046746,-0.03618621502258194,-0.03847024720902522,-0.04115734405971029,-0.04111253875298231,-0.04070949458459611,-0.03918679871742181,-0.039858579078849765,-0.0778361670181472,-0.1847379150220702,-0.3378117645787341,-0.511845736389019,-0.7282018245119919,-0.9434371227329958,-1.0,-0.811904843723808,-0.48851286085563167,-0.18415572341185227,0.024183735994804244,0.16261412749192056,0.2434055109230218,0.28895160892461796,0.31559840742683964,0.3261676883794594,0.32142054215147897,0.31089627556331434,0.29831160160357656,0.28330881020368187,0.26808184333359664,0.25330281202121907,0.24049444356070213,0.22844747154063055,0.21756490460324085,0.20645818405790659,0.19338108486990935,0.18075192123961978,0.1713919941473991,0.16059883286490942,0.14667072389023006,0.1296076125677462,0.11684391960687172,0.10582681240777415,0.0950336183319155,0.08482261586627479,0.07389510015116794,0.06314670181730465,0.05468232883793277,0.046397106033173395,0.03708184897503375,0.02857267478810501,0.02275064664191478,0.01715252342062123,0.00609065600567799
-0.01787281621555802,-0.014957010354217221,-0.01579009444398952,-0.021954943992513076,-0.027869864292960667,-0.028119793044599068,-0.026620229430929832,-0.027453329505991716,-0.021788331602781694,-0.011624659380006128,-0.008042383705087164,-0.011458042224474125,-0.022038247645618434,-0.03511772946294528,-0.0896016635504466,-0.26038519890683415,-0.5568806062112776,-0.848294566929104,-1.0,-0.9855876902341114,-0.8429628891213692,-0.6108644642041136,-0.33586332097166355,-0.10151481797148847,0.06277008182431705,0.17823635680147185,0.2609622372823519,0.3126139590017256,0.3367735332914374,0.3381065544137844,0.3249437333587075,0.3080319581532117,0.2926197808751496,0.27529148232060635,0.2544642371618528,0.23938537616662536,0.22905499115458533,0.22280681557355098,0.2176416739027376,0.2125599019707982,0.20014677820902493,0.18306832452802912,0.17023873841945636,0.1639072134336307,0.1543267392227621,0.14116394866880924,0.1301670835967197,0.12108631946702866,0.10367483418035528,0.08576333380126454,0.0770159266225735,0.07118430489171061,0.06285342106206705,0.051939966397016785,0.04485868311563957,0.03711097060941948,0.032862230125013,0.025031203798646227
-0.005524822585872439,-0.007190610680629393,-0.009159268735119342,-0.0061305657072113166,-0.0071906111380398065,-0.010825054399883476,-0.016731027791473247,-0.023697041668141416,-0.021728389331281635,-0.023394171937113628,-0.026271448104189993,-0.002950424840621712,0.06792126603583723,0.1627198522869399,0.2328346771304479,0.21329943219300262,0.02673087649684247,-0.3557952349798139,-0.8044980176725318,-1.0,-0.8612859961840549,-0.5629593239291772,-0.272505672892784,-0.06004150361802086,0.0916966323184219,0.18301221757752584,0.23328901374571848,0.27644821114111356,0.31006686655262194,0.30976390716915314,0.296589023554299,0.28553435796119675,0.2694821066971836,0.2381349587164295,0.20890780920042898,0.19785301187312768,0.18331511841246173,0.16256840186947194,0.13727872901350635,0.12062088099948655,0.09578534715749305,0.07125283856606783,0.05656361178499972,0.04535738965521362,0.031273953566167356,0.0203706029970507,0.012950282694199202,0.00022971373891582597,-0.01521667822151349,-0.026120017812780234,-0.033237474788349736,-0.03611473631829287,-0.045958016299008315,-0.057315674209129135,-0.06594747709537509,-0.07003621389014607,-0.06201017242165552,-0.05201544385311379
-0.026132078749235524,-0.027967634431603498,-0.02719926348188243,-0.028138385304246342,-0.031638743517147516,-0.037913783467565576,-0.041926373785667964,-0.04068845348352399,-0.03484029185430901,-0.03411460495976163,-0.03304742543669627,-0.02877869236688787,-0.03560867517678624,-0.03868216288285665,-0.04038964491017969,-0.13647907016556676,-0.4301247085601475,-0.7960405482253863,-1.0,-0.9788703540287039,-0.8395383035689984,-0.6722049190230571,-0.4938143435206895,-0.3174302904453678,-0.16337215955102796,-0.03654778430079513,0.06995711044698791,0.15592977189408785,0.2201311544687475,0.2664467307922374,0.2968826898783849,0.3140003954268761,0.3230071576030133,0.32484293078541066,0.3239038099398433,0.31933629890298215,0.30998797572256925,0.29888923314375704,0.2895832742804506,0.2792957052245133,0.26712976944748423,0.2538966404722382,0.2363523327103657,0.21641743133178176,0.1993852254355719,0.1865791362785568,0.17338893425522395,0.15857646853944604,0.14487377914141636,0.13368968277860604,0.12109690514744469,0.10538790170563071,0.09104490264016872,0.07704340206400397,0.06731067428070686,0.059669603906029094,0.049723429147758146,0.037728237405796124
-0.016431452154419896,-0.01395918101750999,-0.01178358000329174,-0.014058073918434753,-0.02098043253606276,-0.03433069337534448,-0.04253863047614149,-0.04609871230311573,-0.037594102722461505,-0.029089482581705583,-0.018903722914183317,-0.011981364296555308,-0.019497069005337216,-0.0699314135869997,-0.18474403742105933,-0.36482501715908655,-0.5997888005352409,-0.8417744843104826,-1.0,-0.9998024597205148,-0.8563111703123578,-0.6435975574143663,-0.42702756433886047,-0.24200193465169081,-0.09059956617866657,0.03657400668174069,0.14238742046921296,0.22426935076437102,0.2882520776475401,0.3300830421316593,0.3512458238523925,0.3614316272689075,0.3668707192824577,0.35955272570052044,0.3426422736617826,0.3238529924667837,0.3069425645654212,0.2880543442690525,0.26827608239573697,0.25205786614333264,0.23831201710590635,0.22743395376568254,0.21200698481310734,0.19677762855214317,0.18698753326635625,0.1688904154455649,0.15385892531865242,0.14545316884996837,0.14515647223273584,0.13773963609893014,0.11806028918960894,0.09808426980043052,0.08552513481980839,0.08028387273424697,0.06782356823680566,0.0536821619272469,0.043694194473064475,0.03538735900271861
-0.03233046566590331,-0.03467541629321319,-0.03455617933016185,-0.0333638296642574,-0.03141632781643739,-0.02847520776325687,-0.027004646696843226,-0.028435463633980716,-0.029826533530336586,-0.03451643145752153,-0.03161505386989975,-0.026607196253635935,-0.026646942462558852,-0.018260771884348485,-0.007609135609945728,-0.09298125722494693,-0.38228432563513504,-0.7655047542600968,-1.0,-0.9920511042686381,-0.842172259802325,-0.6705540325425451,-0.5208748341654221,-0.392737262475554,-0.27497314186312855,-0.1513267420469829,-0.022513470923782954,0.09469432530690715,0.1929834623791982,0.26508052324055614,0.3177426894964891,0.3511284934515531,0.37012660234304817,0.3768036193888768,0.3753728756553053,0.36817901481378157,0.35546046753375554,0.3401587660543961,0.32330698571908667,0.30307660792615354,0.2796271365911204,0.25665468631185856,0.23662318264323728,0.2161150039720659,0.19850816212743974,0.18443851659368982,0.1707661933969066,0.1555439244415662,0.13805629793166507,0.12335061988697352,0.10971810612037482,0.09811254585836539,0.08658652459828928,0.07414626400198523,0.05979832512964367,0.04779533605275329,0.036825735098119435,0.026531793075696586
0.0019482057486113005,0.011172125057015087,0.003924758520404678,-0.010240538379142718,-0.0038167412328230874,0.013478103519796492,0.028961090462733954,0.03143180679989303,0.032420078258534976,0.037690881148056674,0.05020904492060565,0.05399742303323913,0.06239778822387879,0.11131751941297796,0.21623977063826444,0.2745481837053103,0.09122250393242468,-0.3315958522027357,-0.8173343270601432,-1.0,-0.7633089479647001,-0.3398315900779567,-0.012217095116296487,0.15216634105856391,0.2086629641589252,0.2111336151657903,0.2152514137476996,0.20438043272804546,0.17753207399671597,0.14640135469835255,0.1269652806644955,0.10769385907309324,0.10242299085327757,0.09682276749448004,0.0913872669338385,0.07458653655255917,0.06140952179064408,0.050538490516917625,0.0376908861734639,0.027643398534816177,0.0251726997865824,0.03538490268527527,0.04263226356830255,0.04180869480618767,0.041314571640384774,0.04675006717561908,0.05053844528825256,0.029619948990210913,0.010513270298593549,-0.003487316994491837,-0.018476171977163745,-0.029347224608870924,-0.028029517604731463,-0.02424112190317268,-0.01831146676793306,-0.014523076091781507,-0.010075831913560224,-0.012546521867331352
0.014200348591966871,0.015507681907320423,0.020301232411086542,0.021027530913333436,0.015652940610597087,0.00911627206025833,0.011004642993266799,0.017541312062966344,0.026547387121149384,0.05472767970597245,0.13563717463820577,0.2925177752161393,0.5157822286403944,0.7503751136520397,0.8824152466773009,0.7949696701762922,0.4194747383405087,-0.14064609222081248,-0.7029456343659071,-1.0,-0.9567128831561906,-0.7305448223355335,-0.4926108680417838,-0.3103096847129077,-0.20194587106298126,-0.14122714697737343,-0.11115846299672681,-0.0838497049040488,-0.05000428909836051,-0.006716989439553532,0.034972442877801324,0.06446007653376572,0.08741103918108363,0.09351191912230941,0.09075198437058334,0.08261746153206029,0.07332088236296011,0.05952125735499579,0.051531989341855516,0.04993413751197895,0.03657029027579915,0.02335168900124467,0.017396053913674523,0.02407797753176442,0.028726285951799112,0.02480426938619322,0.019574947204475838,0.012457236673851539,0.0035964228118769486,0.0012722752496776978,0.0037416804071839305,0.013183532683166648,0.012747754080404869,0.0008364897221054025,-0.007298030900478285,0.0014175328449846797,0.009697308569943565,0.017686567996318802
-0.033048656449996716,-0.035424123571529985,-0.03661185482979703,-0.036748902237041865,-0.03853050076908499,-0.04232211368715012,-0.047118734785011794,-0.05497603701563498,-0.0676299721855463,-0.08946603627515565,-0.11970761853864857,-0.15776090038366897,-0.1988292409766444,-0.2474346126853303,-0.29316224409040104,-0.337473977711039,-0.4547853583814008,-0.7026565392357029,-0.9545010502231469,-1.0,-0.8006444381045074,-0.4990512841015507,-0.2273805411841231,-0.03314001831816048,0.09655161649969285,0.18809848458509798,0.254474153443706,0.30001922689241994,0.3260577974518728,0.33884898001756514,0.34748275879116924,0.3533756841512886,0.35346725784941496,0.345015826517919,0.3308546593254063,0.3150028522026568,0.30106981930131543,0.2845786593542449,0.2668082885243358,0.2521444554090962,0.23620128510246888,0.21738057448076253,0.19782876892520995,0.18115490366180864,0.16694788646595815,0.15232965073695803,0.1344222351312322,0.11614933521285777,0.09942956731755656,0.08522243433886935,0.07284254398631365,0.06105658800895078,0.048356894935685436,0.036068373029863786,0.024921906711083498,0.01587684361862707,0.007517020193822928,0.0008474235650427485
-0.039083436137704985,-0.039083436137704985,-0.03947070839490752,-0.04361996816441709,-0.04882038222687155,-0.048488455556418335,-0.0466627854439043,-0.04433918734725113,-0.03980263844122379,-0.037755663626562644,-0.05263772038972248,-0.07349475767285166,-0.11493222077263865,-0.2253032881852615,-0.4203186999039945,-0.6342551083268337,-0.8099081765099465,-0.9448975969212589,-1.0,-0.8964894492470615,-0.635804494431592,-0.3275965702401571,-0.0771461451599624,0.09103796781450144,0.20528179155778006,0.2731079845078986,0.30707662068183245,0.31952467005940505,0.3223461623815669,0.3237290779276756,0.32157152334299643,0.31620519742722686,0.3084598873176982,0.3043105195205711,0.29711841884053297,0.2853345772694869,0.27266569243473093,0.2603837895329553,0.2459443860603093,0.23316477291756119,0.22121497391904887,0.20926514791363213,0.1936085162532998,0.1777305765149573,0.16401024537510275,0.14990266223322396,0.13413532927180385,0.1210788548487188,0.10979281804281059,0.0978982076534158,0.0798626255579549,0.06459325265137289,0.05845229444875899,0.05430302792752331,0.0448426308513617,0.03388851565211214,0.023321665958339007,0.014746504570081063
-0.02172142873940151,-0.019547766065925176,-0.019419901499390334,-0.02018707771338137,-0.013282483223303285,-0.012643168589058628,-0.016095462542534873,-0.016606915810375183,-0.019036310967975947,-0.02172143093377671,-0.02287219566620861,-0.036425655818069426,-0.08795439163893665,-0.19113996017668,-0.3105643733137882,-0.4110649628758002,-0.5113099516147367,-0.6767632044006299,-0.8831336860893907,-1.0,-0.9189351534637444,-0.671393152822492,-0.38037782142094206,-0.1367980626596203,0.034410359428067715,0.15869334941936045,0.2429552816353578,0.2992152074166869,0.33795770711877715,0.3665989808867136,0.3813034559297789,0.3784904736847137,0.37260878353594107,0.367749839977279,0.35982234455936807,0.33744625580149257,0.31072279963780647,0.2898812208762433,0.2699344946665779,0.2384800826091177,0.22288077061860048,0.21623187228500926,0.21329105841951462,0.19193785669176247,0.15971633007615887,0.13555013049889567,0.11138391531718662,0.09667971335192375,0.08542774536054838,0.08031313856102747,0.06842187982971515,0.05512417678920781,0.03862985230122281,0.024692784399660713,0.010372159219026886,-0.004715673171147651,-0.014305383419677778,-0.018908446265755573
-0.06016514883906074,-0.07135364889223014,-0.09800496046459917,-0.12264479293530044,-0.13898756189672945,-0.14439323680631233,-0.15093040269104063,-0.16626747093644406,-0.17469024799410365,-0.18789017057477564,-0.19857592958272602,-0.2130330490158575,-0.22723877203650727,-0.26130728172879814,-0.3251699790996239,-0.4068842151315047,-0.5469296910365817,-0.7454304634114209,-0.9346284025213031,-1.0,-0.905337421905687,-0.7009275604393684,-0.4732612755229565,-0.2820500325548577,-0.12968477465821188,-0.0019597826479058203,0.1060284891085159,0.19264544613247792,0.25877098737427606,0.3121995215975376,0.3505422459085589,0.37593650541997603,0.4007021051365774,0.4209419557426481,0.42949063045445296,0.4343935202101457,0.4297420882355207,0.4204392549705636,0.4093765547653556,0.3974336449313852,0.38159364578169985,0.3592166341687512,0.337719494657342,0.31949096877259,0.2977423714801131,0.2742338765630923,0.25688528414846573,0.2441882157613432,0.21979963395273194,0.18598262806794824,0.16083979565330586,0.1478913308537016,0.13569696323866348,0.11771981842424664,0.09911419792077204,0.08427992250033202,0.06630276234376871,0.040405779047047424
-0.025145007510433103,-0.026426444538475244,-0.03155220077594398,-0.037318671823252825,-0.04039412279357283,-0.0420599986012669,-0.044430664858026936,-0.053080347053089685,-0.07005943314048212,-0.09818705815077346,-0.13105608067698626,-0.16386103377743805,-0.1837874511019818,-0.19737075056126113,-0.22011634497675145,-0.2612507516772517,-0.356397091405103,-0.5676419566688813,-0.847315691098952,-1.0,-0.8759560856408891,-0.5557247069943115,-0.22178218063590346,0.012721499768150006,0.17373468871864575,0.28156779949091987,0.3430764365302529,0.36985837417932244,0.37511212827045726,0.3672956277382468,0.35665961363207077,0.3380788377847007,0.3140519925061341,0.2950868001041979,0.28156786066965056,0.2695863733278103,0.2512619057728498,0.23261710638376681,0.21550977438207353,0.20237500678716944,0.18789475066191846,0.17033896326926337,0.15675567910466673,0.14419749045756383,0.12862799291564467,0.11126441380027266,0.09588710159361256,0.08332895118321636,0.07083490843528789,0.06256957014504855,0.0554575426972384,0.04674373372135457,0.03604369607346554,0.025792197937293072,0.014835874939018596,0.0020855449288693473,-0.007525236007668838,-0.014380927441457157
0.002884277867102364,-0.0015888944777711132,-0.01456108623322573,-0.017133160474135763,-0.00785133051475991,-0.0050556012044746705,-0.006509383465376265,-0.007404014405141454,-0.0030426731668141433,0.004449883397785813,0.013731718475048565,0.029052331267934273,0.06886352046775164,0.16056377757848803,0.25103401539981346,0.20048687108129648,-0.06712084981022706,-0.48100237752618535,-0.863233411888503,-1.0,-0.8362824284148928,-0.4703786269598415,-0.0911641365499559,0.19579009756479418,0.39417601663502005,0.49113224123245264,0.5142807029792047,0.4922503698665709,0.44528227986138974,0.3777370636686909,0.30605419286734253,0.23962732367193632,0.18013404481690315,0.13059344555042565,0.08642078631212735,0.05097086925916418,0.026480226319702854,0.008363910658947541,-0.007404013125669729,-0.025744018828027383,-0.04240657739082502,-0.04721522109107239,-0.04039365105912679,-0.03692694801090444,-0.04654425588294678,-0.052247557391865554,-0.05403681500649018,-0.05403682865418857,-0.05269487094254056,-0.047327046919797694,-0.03245377156105918,-0.029210737229910428,-0.03580864195670703,-0.04710339526234709,-0.04766255852521959,-0.04106460603147861,-0.0339075516895079,-0.023842925148903654
-0.025573369097537744,-0.02871015274252343,-0.027835470378248107,-0.026809986231167815,-0.02807676390540489,-0.028499023436893943,-0.028740309602210152,-0.027624340152388547,-0.02677982200964052,-0.028227569369130148,-0.0305801697560329,-0.03320420856678822,-0.03806020744247841,-0.04071444360304362,-0.04119700857183546,-0.09898656262445622,-0.3061654015354612,-0.6323615784029609,-0.9092735012759184,-1.0,-0.9076146724627631,-0.7135556125817724,-0.4877981751304733,-0.2733195780457215,-0.09500516881371532,0.03595611499610383,0.13892738646493882,0.2180408025366725,0.2738092037494627,0.3059312699685617,0.3236964513818482,0.33226248294375277,0.33337818460662344,0.326652171478114,0.3141955838563274,0.2978780053264092,0.2800828759456623,0.2619558158970554,0.24500506018293522,0.23004519646296073,0.21562781205130033,0.19819454658219263,0.17988662083433132,0.16417256599477775,0.15126334296705826,0.1385956766522961,0.12683279526792177,0.11844789443153235,0.1075295781216397,0.09456009106697065,0.08255579284460988,0.07362797835131243,0.06684159076824481,0.05984409504483934,0.055048415409903025,0.05013208993161839,0.04461249474646899,0.03912310887412041
-0.04276160570285539,-0.0479661566535008,-0.05727429344363025,-0.06648237351073118,-0.06848413458775642,-0.06678263767228497,-0.06087748078828831,-0.04696528133679197,-0.031751969386352594,-0.018540393383007715,-0.018140044540017615,-0.024045211432471535,-0.03545520562133349,-0.05817511377791182,-0.10091253174986925,-0.19979918779706834,-0.39517049799751713,-0.6678086717863314,-0.9104211395850828,-1.0,-0.9161259671884656,-0.7128479687863618,-0.480545096195872,-0.2808701145595024,-0.1278361660178208,-0.005128652368293367,0.10416709339598769,0.19684822048035802,0.26320641568001074,0.31264948957582583,0.34617878918745454,0.3612920539881723,0.36179253951306145,0.35718860739678937,0.3457786179945809,0.3283636099326887,0.30924685082754066,0.2936332119004146,0.27711869345856394,0.25970343475008983,0.24388961275285617,0.23117832199646757,0.2165654870213985,0.20045137649419334,0.18053388510861498,0.16512042925159645,0.149406629165366,0.13669551943150882,0.1272873189559458,0.11857961997765823,0.10767013002514901,0.09355778753737415,0.08094667882730505,0.07013723167301425,0.06443228570874539,0.05792657265202094,0.046216287757435935,0.033405093450930005
-0.025866887728442978,-0.03252968786682536,-0.04630958561151451,-0.05600093074233574,-0.05531951695311182,-0.05592521707240692,-0.06410228880465174,-0.07462652357526568,-0.08022934439013381,-0.0800021941402119,-0.08424215041609036,-0.09272206296784727,-0.1076376882842989,-0.1306548010249629,-0.17464461881618099,-0.2471786102923251,-0.3889145819188051,-0.6324088573568862,-0.892561766443148,-1.0,-0.8848391569131175,-0.6187804337302405,-0.3311454398488047,-0.10445774186769483,0.046894022922048084,0.15425643192734576,0.22747175403149467,0.2741115964708987,0.3045485287428261,0.32423393508215204,0.33460654153996217,0.33339519674218465,0.32688382112830616,0.32150824296471453,0.31325539750166037,0.3037913550829961,0.2980371900894894,0.2896330281682032,0.2744145250716976,0.2545775250700759,0.2397374979218599,0.22504897203458515,0.20718039808921634,0.19112910006430653,0.17704628353646237,0.15804209694351581,0.1338893253545968,0.11533944850162954,0.1055723573604054,0.09588097988911008,0.07513530496671703,0.05484394902443872,0.04681826305144198,0.03750549089033258,0.02531559927192803,0.010172819085486758,-0.004667060220561951,-0.014509831536223884
-0.011020615329849834,-0.009957672282974506,-0.0134122385365914,-0.023775929189809617,-0.028559173280793868,-0.028027702475219494,-0.02944496113787084,-0.030419327708869175,-0.032545208988713055,-0.025813239736682838,-0.015892428169123878,-0.01562670186630959,-0.025104604620223583,-0.043617530028938256,-0.08799542250506437,-0.18082600354079711,-0.36719602132388857,-0.6403713682142455,-0.8964520855443132,-1.0,-0.8952117691194262,-0.651177869376065,-0.37702828774819186,-0.14229423161015348,0.02937124342303796,0.1556845466506085,0.24293490910904314,0.3052945155903212,0.3548099458572636,0.3864322204372124,0.39484729432674165,0.3893553354364728,0.3808517478207637,0.3747400631251162,0.36747661897146816,0.34790081605257395,0.3170754028321297,0.2856299611213614,0.25639885436946397,0.2269906120634405,0.19988543464600017,0.17286883581579945,0.14815533430471173,0.1337170353948318,0.120253003652998,0.10129719679389793,0.07605224537972577,0.05408469088324259,0.03495168360895681,0.015552970300937916,-0.000656903056278373,-0.012260719605020617,-0.020587099373547593,-0.030507905367109234,-0.047514998677657745,-0.0553985051034318,-0.06124468375361364,-0.0726713106973468
-0.03302490448975156,-0.04115074843976384,-0.04024787328726287,-0.04521367041476998,-0.06597972081355084,-0.06327109830354762,-0.04024787328726287,-0.03663638888850722,-0.05017946312102758,-0.04792228555602402,-0.04476223578601917,-0.042956485481017236,-0.023996192571768767,-0.015418903860975549,-0.11744341881362644,-0.35489857292899235,-0.625308512419411,-0.8271000464297444,-0.9548564722799263,-1.0,-0.9268673926598908,-0.7485503591296104,-0.5192211609692444,-0.2709315934488572,-0.049276590916026285,0.1154974744917219,0.22745362791188212,0.31503214337201724,0.37462160279211426,0.40215926694214676,0.4048678540821539,0.3854560928321271,0.37236445470210744,0.3683015975720941,0.3597241377221011,0.3371523502820668,0.3231579519520334,0.31999787860203116,0.31819205166203773,0.297877577371992,0.26401988442194196,0.22023062669187438,0.18230993513182664,0.15793243865178588,0.1412293234917597,0.13581205489175588,0.1416807743317587,0.14845228934177135,0.13490922395175,0.11549753344171537,0.08886277097168085,0.06358237870664141,0.049136417531621394,0.057713694636634644,0.05003928973662269,0.04552494050161492,0.03243330237159521,0.0342390232016004
-0.016609966470679503,-0.024167363435815267,-0.021913402405389346,-0.018598754524987784,-0.0178032417660919,-0.02841011083571783,-0.033315792707623235,-0.02933821996866996,-0.02164823170874981,-0.013560490377102658,-0.014356003656314197,-0.006931192832360149,0.010702751457232639,-0.009582910105960865,-0.12413719020036654,-0.3501969868802776,-0.6174908695039666,-0.8267104179339096,-0.9529320612081326,-1.0,-0.9543904197623777,-0.815175278755579,-0.6029063198413854,-0.3695545908465457,-0.15940511049403008,0.020646676961720248,0.16158573453246558,0.2676547299354826,0.33341754159070514,0.37597773671565926,0.40077148129068024,0.40169962451669616,0.39639612654053885,0.3889713105629821,0.3806186304468155,0.3684206840508248,0.35754842820490135,0.33752786479147906,0.30941955132492815,0.2789246599633691,0.2603626580768509,0.24087248759273436,0.21541593580005336,0.1899593332642076,0.1663589537514378,0.14739908739608876,0.137322497058871,0.13268194584407672,0.12393121097221153,0.11411979172806429,0.10735788445449708,0.09966793544124339,0.08892851251478322,0.0710294066464633,0.05962697987257977,0.04225820984750529,0.02462427507225589,0.01693428800162866
-0.019269118824720866,-0.02124059069371868,-0.023894493214145624,-0.02222632395328795,-0.0219230198992399,-0.02207467366135342,-0.016463566446131762,-0.011004112848432836,-0.00804691653990401,-0.008198550637669935,-0.01358218978912014,-0.022529624681747806,-0.03898380859654078,-0.06870750988496457,-0.12095145245625263,-0.21580976673080435,-0.3852805382236361,-0.6389924864521942,-0.8927815744461927,-1.0,-0.8958906327275742,-0.6462719780793708,-0.37216292851354804,-0.15166112991677483,-0.002359975647858411,0.10372040008007957,0.1765892450449957,0.21988586319102055,0.23982819525851526,0.2572681673773781,0.2731157622700594,0.2797126373020494,0.2787269213933751,0.27713458118243606,0.27114438597557455,0.2599979119608949,0.24907898914969162,0.24415024303772853,0.23626440472260626,0.22284312196277115,0.21101429045960268,0.20191516652470848,0.1928918498065234,0.18113880701244284,0.16726266244473148,0.1517940851279747,0.14011688656584584,0.12707482496576922,0.11350203881824338,0.10030826099283145,0.08961677833937692,0.08362648134059845,0.07361752274422412,0.05974135041508085,0.04889824870130267,0.04146729532858323,0.03760019726844722,0.029259386099721098
0.010011005124969129,0.0049371711360432936,-0.004417727061493955,0.005095718924155063,0.017304655694525627,0.02317128425651056,0.019524443249503982,0.018573110563550547,0.00921822869294272,0.005888512287811985,0.00683986311479811,0.020475797704696642,0.03347750727888708,0.05757825138014364,0.05012606511649717,-0.03866615304872725,-0.25462163579549646,-0.57538454513657,-0.8894861059743299,-1.0,-0.8542865813204649,-0.5780801381157757,-0.33818157377346636,-0.16868326814106643,-0.039617507503919916,0.04790625095467087,0.09293663342907835,0.12274546556062116,0.15207864465261123,0.17760649300078757,0.1956820631707518,0.2078909491462308,0.21835578042682807,0.2288205536561207,0.24039526782958753,0.24911602506486816,0.24467631933947606,0.23547996711594732,0.21978285564809552,0.20678098885162177,0.18997395579003065,0.17538657241156946,0.16650731576426425,0.15588394637077266,0.14985881114035005,0.146529065709567,0.1322588456338514,0.10958509935212281,0.09024107915074239,0.07628806107864211,0.0696286185931632,0.061225102062367656,0.04568641744240969,0.026342431104290298,0.016828978466929295,0.017463205901441754,0.007791199428958083,-0.01852934190249427
-0.02514939370298852,-0.023154509510302283,-0.02190770413196336,-0.02245629960540051,-0.024800289273589536,-0.027692872513208802,-0.032181366131168045,-0.035123827124564994,-0.0347747206029584,-0.03337829755974311,-0.030435843413571043,-0.02325425189400996,-0.016371895323800248,-0.01741920956300066,-0.03322868341357952,-0.09372369388624514,-0.264286757211408,-0.5755382286601017,-0.8905811272133086,-1.0,-0.8448488226084068,-0.5496546230356988,-0.26997215715145106,-0.06739112029089518,0.06262571742825702,0.15229625024879834,0.21453650194203788,0.25687771994384007,0.2861525582454736,0.3022611021414045,0.30610141538839125,0.3058023286053784,0.30300922080279663,0.2988201068769148,0.2899927741097065,0.27702611434956387,0.2624634729809225,0.24555697479927485,0.2259570887550716,0.20860177780624106,0.19174513959460654,0.1683052446245225,0.1466107407531571,0.1265620662874594,0.11115153762602276,0.09289829682172035,0.07654011223608544,0.061927562206053985,0.04746459817248382,0.03360006942109058,0.01913710843073148,0.008264956942152861,-0.00041281569588822234,-0.010088008366992238,-0.019214606705863252,-0.027194152225840006,-0.032081621084650694,-0.035971659639561115
-0.01056719436599575,-0.010567193794430885,-0.018768975072069097,-0.03144445360032521,-0.044865552592000514,-0.0374093837758734,-0.01802335803803909,-0.005347878747696493,-0.009821579237181953,-0.011312812162112242,-0.006093495781726501,-0.003856644679636476,-0.01429527639253904,-0.022497056050743473,-0.04784801767977461,-0.1417957167181936,-0.3513139592462803,-0.6585078510936282,-0.9194734304367157,-1.0,-0.8836837030628214,-0.6353938777422544,-0.3647350948181069,-0.1492518611475532,-0.00012856636826479888,0.11991571971616667,0.21237214963054737,0.28096881006920027,0.33614445686986416,0.36895158502876296,0.3689515606419954,0.36895160941553046,0.36298663046644725,0.34434626329635637,0.33017952669431594,0.32197772026782373,0.31228468739413634,0.26978459952185274,0.22057388289673702,0.19522288697381404,0.17061761401494252,0.13259116890409312,0.11171393767644199,0.10798584717168654,0.10724018517455391,0.08636293565682714,0.06921377054716392,0.06324884037161572,0.06175759563434492,0.057283910196067545,0.04088033392323438,0.008073216433546384,0.007327598637429891,0.00956444288074155,0.005090751345772291,-0.011312810161635219,-0.01876897354789613,-0.025479521138517567
-0.034122689885351096,-0.03803657466610508,-0.038321229623956614,-0.03928190814735834,-0.04159465881352349,-0.042484180545146515,-0.04152349785313428,-0.04219953253497915,-0.04639807227358467,-0.04860408844685017,-0.054759578218285275,-0.06386829231105148,-0.06486455687279516,-0.07301259800030697,-0.09855965512925449,-0.11876966801974766,-0.18562615455067358,-0.43593710878106995,-0.8138406598977012,-1.0,-0.8123462741713803,-0.4386055086210557,-0.13118739178227534,0.04550726268089101,0.14819371796605774,0.19622771639205971,0.21369781831889556,0.2227353214279465,0.2265069023519009,0.22412299072534653,0.2210275473089628,0.21611739101878094,0.2089656339065285,0.20234761456700553,0.19967897016853686,0.2003194910679552,0.2001771135657034,0.198433700605978,0.19619214424908613,0.19245615770069466,0.18526873951511116,0.1732068705778556,0.15716009902175082,0.14314126198768684,0.13097273220298386,0.11827036459889932,0.10361097331653293,0.0900190575796255,0.07646270286939698,0.06454307803885709,0.05287252490690046,0.04365709438521346,0.03248470688301271,0.022201798036793088,0.01113615753332349,0.0022409318798722673,-0.004697335403528364,-0.011315372807030192
-0.035639231626883455,-0.042254291650095095,-0.04685607670205189,-0.05069088208339478,-0.046376723605274596,-0.04388409229321365,-0.03966578652455802,-0.03065396975138359,-0.00879550401589336,0.019965640723478797,0.040673672601716365,0.039427344967733376,-0.0017010836592247728,-0.079164400819309,-0.1933463253548709,-0.355367895654045,-0.5621602325166594,-0.7864004261703105,-0.9503391989572354,-1.0,-0.919085586034108,-0.7450803320509316,-0.530426990433468,-0.32296363270014095,-0.14656148318673645,-0.008891380110884257,0.1049069099983724,0.19627171108707822,0.26683268405557237,0.32272526928519696,0.3590603449025338,0.37928887538553435,0.39731247699067646,0.41035069505141414,0.41284335031938013,0.40143486388593935,0.38235680091253427,0.3636621419324431,0.3456384308145923,0.32924459734098327,0.31400115836849724,0.29549811012447247,0.2716262743427293,0.24545344878544081,0.21352855946194693,0.18438385102322727,0.15466389057759178,0.13251782906871426,0.10922124529388692,0.08659575539824485,0.06905137228050884,0.05649230882476387,0.04307040386288138,0.026772462454866648,0.01440513750001488,0.0028048235866050568,-0.013780762076985724,-0.03199615323191394
-0.04706107121505894,-0.049240752082326575,-0.05292546431978036,-0.05344445031849281,-0.05334064615181519,-0.05251029357150597,-0.05001921366305742,-0.04571173026094574,-0.04820280779430276,-0.0554165473950176,-0.05889367188324267,-0.06205939495519531,-0.08063865130872024,-0.1514267435715226,-0.2962723144136606,-0.4991904563694458,-0.7067800930042275,-0.8699979024726271,-0.9675123961160379,-1.0,-0.9769574320729821,-0.9078826263303124,-0.7894003433764933,-0.6210975832969019,-0.41682947732132747,-0.21245840004450262,-0.0343462212271831,0.10811222488941995,0.22654182514648658,0.31772504681937036,0.3845168765893778,0.4315357337569546,0.46241511566936283,0.4809421975957211,0.48670311825488083,0.4875853095827549,0.48296630759318904,0.47720564027712503,0.4642834703315896,0.4435243343948063,0.42006694248287635,0.3947408412283856,0.36967446731561465,0.3433107740783426,0.31580506083423837,0.2907908755991832,0.2698242516670152,0.2511931470655593,0.22778748781377284,0.1981024919260795,0.17137546668809794,0.15014938142446063,0.13089536948643288,0.11049965422044264,0.09036338761876686,0.07173218168007268,0.05600725173241101,0.04324045077389586
0.0020997235792342187,0.005579236000988297,0.006053715810348693,0.008900588542988195,0.011272983507441593,0.01190562370684974,0.023293122802104917,0.05002210420854329,0.08734781745996104,0.1188215819913919,0.12657146899978045,0.10332193860976951,0.06836864685807097,0.02281865047705026,-0.037123867235649984,-0.12047409818132612,-0.27088420387209466,-0.556837525016395,-0.8698346963919161,-1.0,-0.8560748084557304,-0.5506693249162387,-0.25554265080020266,-0.05404697658061935,0.0645727974969249,0.13289782472724462,0.1686419109448762,0.1876211740800009,0.19647817225206937,0.19821788415245448,0.19094248579851494,0.18097838734902938,0.16880008834470972,0.1608921219128537,0.1499791332445733,0.14602510104046226,0.14159661284069092,0.1387497462315743,0.14254553571827444,0.1474485125724948,0.14317825620387142,0.13700995812734892,0.12641328071368402,0.11486758244606954,0.10253116047323083,0.10031691637334515,0.09889350484131262,0.08703147898968834,0.07263894132861445,0.06647073034219511,0.06615437554252807,0.0569811368765529,0.05112922625848613,0.047966037508491134,0.045751798851736906,0.036578530248538785,0.029461352839484332,0.025349192223722793
