-0.005489076509397834,0.003241299873625455,0.016261605696828923,0.02205675106556268,0.02604563301456643,0.026948791131287807,0.019272081469686352,0.006703347816098432,-0.007069578098443583,-0.019864085207473185,-0.03536803738950007,-0.05471036392043892,-0.07352584611172927,-0.10415751017865832,-0.14743326847477087,-0.1979341447447581,-0.3105263120196126,-0.5611471451180804,-0.870172174012051,-1.0,-0.8136505895986773,-0.45066309918629505,-0.1324560435237251,0.05012946215990966,0.1439060186535645,0.1734840491511577,0.16768879585875007,0.15700170686672316,0.15346440053170754,0.15504478888700501,0.15843155317820318,0.16926938628390503,0.19214913166603015,0.21736186540261798,0.23820944933809676,0.24475733936964372,0.24114475282772582,0.2287265129967394,0.21299675234148302,0.19666480514096965,0.18808482714272456,0.1798060801920108,0.16625889443730896,0.1457123762194781,0.12539156084745123,0.11568274714541298,0.10680183201942924,0.09641563423017337,0.08347054317079333,0.07233174538237225,0.0663107570966833,0.05855880626440204,0.04463534806509815,0.03041082644439469,0.0232609404562063,0.02168046254722197,0.02009995708325708,0.018293654627304607
0.05424123258992222,0.05256783827202237,0.05089449075509553,0.04475866195206712,0.032626509537295595,0.02579346962074997,0.03639166058013048,0.04796599219755452,0.04489811608774551,0.03848340028652986,0.03360266083192391,0.035833865310586466,0.048384324822152325,0.06888351264593176,0.08324685464814714,0.0849202532206809,-0.03165989200616068,-0.3701056021005794,-0.8093722508716944,-1.0,-0.8113246853546022,-0.4462456796327923,-0.15883831753969488,0.002505329115651609,0.07139364028716977,0.09412388580474186,0.09105605649590585,0.0903587475258087,0.09593675127685573,0.10179370584559866,0.10751104034794068,0.11448362800211072,0.11392584549646845,0.11601760222140346,0.12494233504337546,0.1296836820544947,0.12675514945988242,0.11978270646326533,0.11587810128475207,0.11713317574195585,0.10555882710599616,0.09342667043659074,0.09077711418747779,0.09914412406868225,0.1015147635371706,0.09677346758165827,0.08659366030248249,0.07836607477451904,0.06721008854559453,0.06456055782428505,0.05214948011962111,0.03639166483476439,0.02342281313372599,0.019239318829708533,0.01826316966239717,0.02188887082418757,0.02900081263013911,0.026490723280606285
-0.013233130791691953,-0.009199608882979597,-0.014831315981008763,-0.0228983576941684,-0.022289529663852798,-0.013537547346480019,-0.006155447253385629,-0.00090424708041747,0.006173431378628325,0.0056406953149246855,-0.008134153009206009,-0.024953172250721356,-0.04633844148295758,-0.0850755060740101,-0.12366048541461466,-0.14740502878678466,-0.24200295083720827,-0.5242725998255753,-0.870242654075076,-1.0,-0.8172735664977584,-0.48926491058742455,-0.20410289497645276,-0.017038341971353364,0.10320652623345412,0.1830401211161757,0.23342116582033057,0.257165755631454,0.26287356739424644,0.264319657827642,0.26363466468936286,0.25313229104582474,0.24476072234024096,0.24019451008116974,0.23638933939047083,0.22390820194242056,0.21020937940939324,0.20122905175143704,0.1929336429294346,0.17695171426687165,0.16104585260998322,0.143009111712815,0.12619004661283315,0.11302394388987577,0.10754445388538571,0.09970567000440665,0.08988822448461295,0.07892913302214463,0.06325161634303528,0.0497050810699032,0.04460606076675055,0.03813720743558577,0.026264935749500763,0.013631655002310821,0.0016832884471792663,-0.0036440036924008574,-0.004785570688854688,-0.004557254735421485
-0.04538430786763135,-0.04349985137321228,-0.0436140619664356,-0.04452774061430027,-0.04858215395224559,-0.04921030960157877,-0.04464194859412848,-0.04195803406308267,-0.04538430960989476,-0.04252908049571151,-0.03915991852126228,-0.06725530021306018,-0.15154163780856061,-0.28630847220826533,-0.4348364556668093,-0.5647489260669633,-0.6692502198287884,-0.7869429285767364,-0.9267917641439049,-1.0,-0.8816224841657251,-0.5969560450473759,-0.280027041157899,-0.042072245963003546,0.11519374688504364,0.21992347228689588,0.2810819635232493,0.3167720203766141,0.34189785608293755,0.3558884821398491,0.35908632996672674,0.35691638967470285,0.34989281016470614,0.34446779217735923,0.3395566443287956,0.33424594669726676,0.3276218890940207,0.3200272374530098,0.30883457492543626,0.2911323145315074,0.2734871167487367,0.26138109005184373,0.2503599498723191,0.23248636226384306,0.21272837042885023,0.19234216022304151,0.17281236308025222,0.1488855112373989,0.1282707718248122,0.10737042665618211,0.08538516709396915,0.06071595075082273,0.04061508147701931,0.028109191389747577,0.018344289333826112,0.010749372868777144,0.00024215161141121397,-0.009979559714398786
0.02317899211605688,0.039947087696275536,0.055412795467818354,0.060459495142103435,0.061436266751658884,0.06615736264421158,0.07022728574198601,0.06485500215378939,0.05557558742477412,0.060459495142103435,0.06876212336069763,0.07722756837102365,0.08097189762097613,0.0941584732925413,0.12378745384087664,0.14495111355276616,0.020411431992182247,-0.340510257271257,-0.8111564424473833,-1.0,-0.7833185260793812,-0.3895123300466694,-0.08801134416730451,0.08259989169486194,0.1446255793084067,0.15211423780831165,0.14104402711454436,0.1467418797157869,0.14364877789712,0.12492714158126805,0.1036007644167509,0.09253051398734195,0.08585580533830543,0.08032074469401868,0.07608797003582599,0.08146034302921636,0.0897629464130345,0.08862335801174726,0.07559961899973472,0.06420385916074237,0.06045948520819302,0.0633898248716354,0.05671517582606138,0.05118009034699858,0.053947613218709146,0.050691649905713565,0.05085446669744537,0.042551831028418356,0.028714090012507704,0.005108526111505612,-0.008078028450499935,-0.006775641883562901,0.01096921847664779,0.017155504689611925,0.007062090440176139,-0.011333961961764269,-0.007752435844416783,0.005922509799756395
-0.014030036414433579,-0.018135995631765663,-0.02343052497157679,-0.024835191458665213,-0.02721232489930486,-0.02732037804309174,-0.0252674017657066,-0.022458054899379618,-0.0177037900026932,-0.023214418116976488,-0.034127618366623494,-0.04233954729127859,-0.04374421718052623,-0.05725064638488246,-0.08707288766610696,-0.1260795503417319,-0.23002543060849306,-0.499398345234988,-0.8495924824757198,-1.0,-0.8183654873853202,-0.46817185820036505,-0.17826860923727006,-0.012841474513839313,0.08354052521933023,0.13594559854414323,0.15236953577716852,0.15593523452056166,0.1672806099216048,0.19342918833881548,0.22476429044052285,0.250372624118781,0.268417186699569,0.2841928447617305,0.29326915234050466,0.2934852937837237,0.2849490857851088,0.2682011722702941,0.24475387198239376,0.22065843768242294,0.20239762478932094,0.18824279166826297,0.17235917175358692,0.15128911887866,0.12211508645700876,0.09402155258568724,0.07295149063833575,0.062038280182211095,0.04799154953624866,0.035565598469266844,0.030919383030694823,0.02789395170731572,0.014603607243524875,-0.004197344921593951,-0.01327367915061534,-0.013813935797125174,-0.01629912011344556,-0.025483508053280368
-0.025571077055300526,-0.027621743592726226,-0.027199547459718972,-0.026174214651050572,-0.0255710777453672,-0.02472668869966384,-0.025932958140608312,-0.03190401260978702,-0.03799568475316452,-0.03841789330737192,-0.03124056410673756,-0.006994472505426121,0.029073146703555514,0.04957979735639014,0.03793925215541879,-0.019117512095481768,-0.17979343371168194,-0.5011441392541576,-0.8545229627450144,-1.0,-0.8577796358079814,-0.5705653914440917,-0.294389622908636,-0.09312244315499422,0.04372936424176581,0.14107602853259102,0.20669759327297188,0.2459617466942454,0.2612209426528261,0.2642968955344307,0.2641762093136089,0.25796400460425584,0.24939952269555715,0.2401716346078984,0.2337784741744246,0.2248520366532172,0.21242733280606318,0.199098056438219,0.1872161903205824,0.17847066435922856,0.1741280214087787,0.17026791724170257,0.1602558631471499,0.14083472969805938,0.11990582816692795,0.10187199740039243,0.08999015336488943,0.07792732416242087,0.06502016249971632,0.04970046885578957,0.03697424819578335,0.026057452284182974,0.01803573449788971,0.006877676555313678,-0.0037375252559669237,-0.013327401159245874,-0.02068566906235633,-0.02744079936971673
0.03164766632906752,0.03342546488419852,0.036625470281617535,0.037336585906844216,0.03698102402620332,0.045514400680849984,0.058492195074791364,0.06773666294649937,0.06666998815265016,0.060981090271020444,0.060092193705473314,0.049069938126707804,0.03395879685708638,0.01369207476262206,-0.004974641921114388,-0.03981919229644088,-0.1583973248142936,-0.45422122964326944,-0.8344894674735271,-1.0,-0.805867042540011,-0.4293321908963908,-0.13759729379909758,0.0016031440971094114,0.055114381616868185,0.08569226942904587,0.10951455202152419,0.13120351757052454,0.13813685762623207,0.13938126183205266,0.1486257839441281,0.1491591403251813,0.1443591498571722,0.13067018288561832,0.11751465907970554,0.1216034932422124,0.12231464954771465,0.12480354474394373,0.12711462916765026,0.13138133919112058,0.13209246295240237,0.12747015308003395,0.13244793262441862,0.127647953004483,0.1105812647836306,0.0952923263015785,0.08195890493855529,0.06862553239186278,0.053869928594716905,0.04640328368630525,0.03342545946016178,0.021692092324197148,0.031114323508106178,0.04000325390733862,0.03662544587345219,0.035914343808317366,0.04284770556017185,0.03626990840097664
-0.02151453898702333,-0.03030990979985374,-0.04625152736023223,-0.03800586307927268,-0.023988236992885017,-0.025637369626432028,-0.02591222809580101,-0.02646193724196745,-0.039929853440039,-0.054222348385891,-0.0756610603765326,-0.08830439337392569,-0.08308214145681368,-0.08445640077799835,-0.11249165666152203,-0.14877259315329794,-0.25101877858357946,-0.5091080585547887,-0.8381102024439228,-1.0,-0.8757659029186579,-0.5970616050621825,-0.30653955337384775,-0.07923417260967573,0.09832239850932958,0.23547533829376785,0.32232962458670816,0.364657305654015,0.38004927603772437,0.37152870912949054,0.3522889123913796,0.3385460816916391,0.33717178674727033,0.3270022938941722,0.30116572468108127,0.26873278672243006,0.24509516541645518,0.22860388732071352,0.21898396520286864,0.20056867893476862,0.16511235384535858,0.12800679407682208,0.10931662744593788,0.10519383760798921,0.09557387986696027,0.06836319976261837,0.041427340649087215,0.025485728283756403,0.024111460056775724,0.02218746672741073,0.016690370070698613,0.016415504550907782,0.015865800228714182,0.008169847691444916,-0.006947203737697483,-0.017666564185916292,-0.014643154790667414,-0.011344891007872731
-0.011259219063074864,-0.007685369747653506,-0.006240619770385402,-0.005176067491341532,-0.0036552853983354058,-0.002970924727592203,-0.0007657866037846388,0.00501320634537513,0.020145048229032313,0.03466855778773163,0.035504990809848966,0.02501154675070433,0.010488046471888541,-0.01977562685555685,-0.06615965498005627,-0.11885502353234202,-0.2349676267091849,-0.5144879636323283,-0.8578819987310574,-1.0,-0.8349174792735741,-0.5179856630934893,-0.2420393990729611,-0.0638784925704124,0.04736720144991222,0.12234221549538031,0.1661410293063229,0.19899020230374367,0.2264405246609241,0.24757957966940097,0.252750237973632,0.24674312808751658,0.23389245673340134,0.21974913472305363,0.2097119384576456,0.20378075657857483,0.19556841228986024,0.1826417386896321,0.16880242566373604,0.1594495651293842,0.14834778062538362,0.13929904043408578,0.1339763033985607,0.1316951595486839,0.12051731711926923,0.09823769018585396,0.07687054492008658,0.06637702894184458,0.0628031323570165,0.060978233980905405,0.05664399941890819,0.0472151041588511,0.038926808663382995,0.03314778439461631,0.027596896782557785,0.02516363244191104,0.01558269093015224,0.012541109344358366
-0.010721165574409407,-0.011343173406451773,-0.011438867438429262,-0.014883834980657156,-0.017084779286034406,-0.016271390506612256,-0.015457994428138626,-0.016127849549884166,-0.01129532666417746,0.001384061772040419,0.013202214412847402,0.03535528528206061,0.06712567105285519,0.08071419257268979,0.08339360430081018,0.08750844165412472,-0.024357487031350693,-0.39540893833320695,-0.8445473474471215,-1.0,-0.8034948659327249,-0.5024421825502234,-0.27253871438545185,-0.1174196810384679,-0.018424491719240932,0.03908732825983649,0.08018787840767234,0.11640806084352819,0.14698225762012077,0.1667430322503066,0.17502055369921,0.1718625869597287,0.16506834955677613,0.16334585515641847,0.1640157212267412,0.16219752166335255,0.15899177825249117,0.15554681280874058,0.1569822501124171,0.15329805095729493,0.14502048279446206,0.1389917582324514,0.13650372763418708,0.1300922408124643,0.11832193053450074,0.10621663466820512,0.09779557299247878,0.09090558371256574,0.08674291129545926,0.0854031908332961,0.07980512782644257,0.07210174976710738,0.06411132628957342,0.05722134284890157,0.04913520252985424,0.04167106986037299,0.03372851648207809,0.025068212336118407
0.03144467774623197,0.042748153440180306,0.040079288344521305,0.0334855466900918,0.033485575429361494,0.03584046639851233,0.03505550354044176,0.037253413433686364,0.05656356584254253,0.08356635138656324,0.10633037246311437,0.13066437194446776,0.17116857899976853,0.22831429849254575,0.2733714572914079,0.2342800918939589,0.022810038408672944,-0.37155758482095563,-0.8139633499937787,-1.0,-0.8271510727965519,-0.4696785863184051,-0.16197094261073408,0.025635901344812174,0.11684896433198382,0.1451076847010635,0.14416568807842559,0.14479366028083335,0.14510772302008976,0.13411819031844077,0.11967483924281876,0.11590695812958934,0.11323813374789574,0.10491747332672317,0.09282895095183431,0.07979854212150808,0.07116392433840132,0.06865203073889198,0.07163493701935512,0.06347122653987995,0.05106877554232661,0.049184892464251305,0.05467964923531924,0.048242934160639656,0.026734869463599754,0.00962262096064033,0.0027149201480722884,-0.00482074089220781,-0.0060766894881668365,0.002714920372597833,0.008052679078659999,0.0047558313027344845,0.0030289046775973587,0.005854786249356783,0.009779605628955275,0.01339044699026949,0.009936599877026787,0.0019299507901369272
0.05018680127986978,0.046303097536864936,0.04100717412039611,0.03465202939584128,0.026708103876146586,0.0261785039941013,0.03394589801511384,0.03871224578653225,0.0429490313778974,0.04965719601182563,0.042242883839173385,0.03977146170861941,0.03818266744848241,0.04559699308613181,0.04948068067114007,0.019999909619224623,-0.11681201801743207,-0.4368646915559302,-0.8345909767586234,-1.0,-0.7978724250327378,-0.42591973863763744,-0.14611637606264033,-0.02183806768694049,0.028120353172604293,0.04595004531149837,0.05795417106388745,0.07507773720805296,0.11109017909720652,0.14092411009446576,0.14727923327502515,0.12803720297069215,0.11744535613775453,0.12097594302340649,0.12415350999968504,0.1170922715963948,0.11585658342161298,0.13403929546988044,0.1592833213254222,0.1605190418161972,0.14163014991321254,0.12150553751945291,0.11850450204185649,0.12026977394068702,0.1116197520492575,0.09061254679407349,0.08055024059719366,0.08143289809060437,0.0856696109709849,0.07684301449288235,0.06854606637081484,0.05460006720292789,0.03465203747483957,0.022294817755592753,0.028120355865603724,0.04542044542945309,0.051422516384645914,0.0369469281067114
0.007667906755435157,0.011820180456007984,0.014341194038429768,0.013599716793886107,0.018493455296590938,0.013599732629682762,0.006036653424054107,-0.0037508452141849116,-0.011313919753909196,-0.008496302548476208,-0.007754828131753379,-0.009979257037563527,-0.021101410332858842,-0.040083222137534874,-0.06173436898949306,-0.1189764394153436,-0.28017394529117495,-0.5724655600520715,-0.8789916376126076,-1.0,-0.8554125526477993,-0.5444375392277879,-0.2475489827273606,-0.043493990315355724,0.0834469026392355,0.1476588410657431,0.17924597076188956,0.1970414427289907,0.21483700518635848,0.22670062300100371,0.2336705090997141,0.247313835183744,0.2581394391501881,0.25561843461679296,0.24197518092497633,0.22388304566784445,0.2093500916747887,0.20579092850876585,0.1882920655375355,0.17420385310677938,0.16767885335479518,0.1657510668131416,0.1500316406404961,0.12541457802359327,0.10895372890056405,0.1048014925272262,0.09471736580532579,0.0846332571814787,0.07143493508152159,0.05008042663477082,0.0474111176034403,0.05067359938137909,0.04563153149591555,0.02546335949335466,0.0130065530963045,0.011226995266988058,0.01196847816717338,0.004108813719368924
-0.038568166770866136,-0.04179443980933824,-0.042643468209916206,-0.04162464241842443,-0.04677537280874396,-0.055039183733316524,-0.059850307253389176,-0.061095542230157646,-0.06460484142902044,-0.07037818067313902,-0.07405728762441786,-0.07581194240460037,-0.08554740267196921,-0.1089804994913024,-0.1504694810238569,-0.2423340348321244,-0.4297973035151321,-0.6871077764984104,-0.9107400515461916,-1.0,-0.9210980170523373,-0.70086177271485,-0.415137325174178,-0.15148829300001238,0.04276812851515184,0.18229118549944434,0.2763623386384261,0.32928471980914675,0.3529440082222098,0.3586042067696204,0.3542458273626685,0.3469442563389804,0.3377182918593753,0.3253226471395736,0.3100402878978695,0.2924372284628698,0.276419174932004,0.26023127565654736,0.2415529685965672,0.22072375182653692,0.204592412537932,0.19649836619284952,0.18897033417637357,0.1769707198872244,0.16497118849009307,0.15246225801255217,0.14170795813835524,0.13151960351608333,0.12048228266224681,0.10672805158508997,0.09353982102120335,0.07950264494875664,0.0628617615187109,0.04723971769549323,0.036372214955574994,0.02957997393561494,0.022165200046205535,0.01175052603834292
0.033584554127810015,0.04605083984013833,0.04921391158486098,0.05386552708390568,0.05163275119021799,0.04437625508145861,0.03060756028682647,0.01553637693429974,0.005302869954073071,-0.008093724559553877,-0.019443605826757224,-0.028188591050370002,-0.018513287268410613,-0.028932848735461248,-0.07749549876925897,-0.16122415198997012,-0.31863443808651465,-0.5919632340162662,-0.8820364242648693,-1.0,-0.8664069816553996,-0.6012664650143555,-0.34933490509732945,-0.16941102342535524,-0.059261237995181675,0.02465350164451047,0.10373063019542356,0.1692251929468948,0.20401916379733714,0.22764918705740608,0.25704741245234053,0.28253814095103763,0.28625943789173575,0.2842127370633732,0.2795611215643285,0.266908698341568,0.24681379477396956,0.2427205066538027,0.23713850447447646,0.21760172391995103,0.18820356664695156,0.16029404395752075,0.14243185951533088,0.1346171495642519,0.12940741105213416,0.12996561354079797,0.12345341769333916,0.1245697545487318,0.12289519249736372,0.10447487368844502,0.07303009506267376,0.051632717129250515,0.031909983561200075,0.01609457090772166,0.00734957362084957,0.0021397896941085536,-0.0069773257912568235,-0.015536268946106695
0.011750654036319565,0.012259646974199944,0.013913860434050839,0.014677359546771643,0.005642744605295174,0.001825293688832246,-0.001992162080580801,-0.014844231729887478,-0.024896839432247683,-0.02515134075413799,-0.013062754354471417,-0.001483163319160281,0.015059113956082164,0.020912526918166367,-0.015862215027518483,-0.11995135016979018,-0.30840628047936725,-0.5917883471153137,-0.8843310753367574,-1.0,-0.8819135141762293,-0.6342890710750407,-0.40333374292398455,-0.22467674031532017,-0.08673944450229268,0.014168384079511692,0.07982849441906095,0.12716479881833515,0.16368527505285796,0.1867171589036239,0.19626082307720213,0.19371585838780023,0.19982380470124553,0.21000371004717422,0.2101308185166809,0.20860383970303978,0.22667322876275658,0.25085048648871683,0.26573862309836016,0.2563220984531694,0.24588777428550238,0.23087226520586593,0.2195473431618717,0.2042774463193777,0.19180705722354693,0.17882781495479919,0.1666119999751105,0.15185111159993728,0.13301829525116138,0.1159670473616091,0.10171517521847681,0.09280778327612982,0.0809736508820899,0.061631973595676875,0.04916163885288743,0.04381719359334298,0.042926498658013366,0.03529160070744761
-0.000965909481059174,0.008132016133644943,0.016207706292545757,0.01743439304997653,0.008643140294204222,0.005474199504174725,0.005780867294952037,0.0018963588398965526,-0.01026828444810057,-0.016197272001781456,-0.002703716768496246,0.024794512035129012,0.0768265501822276,0.1632060046692461,0.27146154765351443,0.28342179344029333,0.07283979950739176,-0.36120406871181826,-0.8274464121008736,-1.0,-0.8138501598053082,-0.4629169454857776,-0.15951547267981783,0.02336338372252172,0.12333857277363103,0.16688616474519619,0.18661533933416943,0.1967354926075161,0.19786006774760928,0.19213552954626567,0.18344646092142605,0.17710856686590984,0.16790840370972182,0.1510413360404765,0.13192539255110364,0.11853393736124553,0.10422254195605764,0.09471576325006942,0.08367551381817775,0.06977305766290039,0.05576839632435629,0.047181545358240616,0.04391037131516564,0.04074143676286475,0.039514771837484114,0.04288816977701165,0.03849250480317973,0.023158942167345202,0.010892058998715953,0.011607634071044665,0.009154263675047425,0.004349728066319679,0.0015896863708227832,-0.0012725809754878482,-0.0008636855846066096,-0.004441521375659306,-0.012312760817719705,-0.020695132802287203
-0.015790534540674375,-0.011015777736851105,0.00015919723291975266,0.00965790954902714,0.016972433858127026,0.02093447857813717,0.02484571871334531,0.027588673465554214,0.028198195202893548,0.02576001526729108,0.02052812248780027,0.02276309338281924,0.028807747935647925,0.02108686133712813,0.009403937767451954,-0.019397001118464815,-0.16761806694713627,-0.5067268147542483,-0.8713872776592159,-1.0,-0.8408589759160626,-0.5536109258869005,-0.2890694474195196,-0.0999077211064724,0.01336596543998382,0.08122869713918014,0.1233381753528086,0.14838033822547267,0.15945377260299531,0.16600640171438943,0.17235583728290757,0.17901004456849062,0.18632459057438105,0.1901342370376927,0.19333431527054246,0.1921152779949468,0.1930804008304851,0.1945026192507907,0.19262319366222364,0.1902358400082137,0.1876960385048412,0.18180377291008648,0.16763178888123897,0.15290114349160122,0.13791647207841196,0.1227794148066902,0.11145202879461215,0.10007387229268865,0.08732416247589384,0.07254267220741452,0.05791355539930164,0.04760208130985638,0.04043992736158144,0.03180470081553481,0.02220435453349138,0.014737441266317522,0.007778490159543066,-0.0014154659372069126
-0.015302053660138823,-0.02164621152537749,-0.025029759343628694,-0.029343790969689598,-0.02951296652983748,-0.02418387476825347,-0.019869848626421553,-0.018093484598359647,-0.023422575876041102,-0.024522229759769698,-0.023168807051590287,-0.01986984886837283,-0.022661280209845782,-0.030528034085199808,-0.039071493749764125,-0.09346215670691625,-0.2859022652747089,-0.6168127656427796,-0.9077983061048459,-1.0,-0.8891883686412708,-0.6783933740987332,-0.46133893609220017,-0.27321397373935946,-0.12425253835930228,-0.01674006979392201,0.06015119009840647,0.11259640992525861,0.16064293227636328,0.20234537079932058,0.23618101447650733,0.26113492221242957,0.28067496426551003,0.2910794009011432,0.294124554531771,0.2927711965052335,0.2922636020784317,0.29268650452480877,0.2876112209450836,0.2797444054528039,0.26536429766685504,0.25073044428377816,0.23601185762725835,0.21917867615281683,0.2018378796050645,0.1849200887362348,0.16411117417195026,0.14169501145843622,0.1257923475036826,0.11065092034031311,0.09610149053304227,0.08239803079059851,0.06894841987782842,0.05930530778124318,0.051946055746001515,0.04500976293503699,0.03697380091676287,0.028345758956353592
-0.02626860431536861,-0.031158555583265843,-0.03660737283396617,-0.030110709472924498,-0.02214706629961944,-0.019352802456907084,-0.015650406401992847,-0.008385328989553471,0.001534302097290431,0.00642426908376382,-0.00915374570511662,-0.0404494894474335,-0.08166486321092811,-0.12909764784127212,-0.17534281997907594,-0.2233345252076148,-0.33852811164754826,-0.5844923913687101,-0.8716726490860908,-1.0,-0.8804746084174676,-0.6106186044558367,-0.32071487909634305,-0.09053665351576157,0.06908570689646637,0.18637533083292493,0.2675489481997744,0.32434203303728804,0.3568949122680756,0.3738700708338485,0.37617542221882505,0.37282227374415144,0.36541730899640174,0.34655607474759287,0.31707691779369923,0.2924875487943608,0.27299769085384207,0.24610293636820924,0.21934779267751295,0.201185004568541,0.18644520443302873,0.16527856764726662,0.14502013420692392,0.12559992820794355,0.1056208783387333,0.08717867255731115,0.07160060235378934,0.05644165439627813,0.043518124546333595,0.032131506986812684,0.0198367329711843,0.009917100818674217,0.0019534477879569936,-0.004613067859864878,-0.013624563803924905,-0.01949251768712927,-0.02794516176846308,-0.035349952812625374
-0.027531607322099878,-0.029291541073809015,-0.02872836187591379,-0.029361937231832478,-0.036401651834296826,-0.04470854023775657,-0.044145349495282336,-0.04132946343951373,-0.0407662931014117,-0.04048469987800324,-0.03675364336355741,-0.029361935084003827,-0.02478611349785548,-0.019013538767405778,-0.025419689155812573,-0.09821046228442049,-0.31531638471202483,-0.6528699949828262,-0.938261438581637,-1.0,-0.842098098084189,-0.5893013804561482,-0.3551610461625215,-0.18099784760007018,-0.0564648887105107,0.03230601431955601,0.09904280497944584,0.15148893178202058,0.18689894563827944,0.21386120574885742,0.23744429563064617,0.25905636611395216,0.2738397504556295,0.27806361873715535,0.27806361873715535,0.27693729739140915,0.2714464163960369,0.2615907180116002,0.2494823082051543,0.23617721418628285,0.22026735385519627,0.20618782155449222,0.1934458366606062,0.1819006734401795,0.17239708149383634,0.16148542463033283,0.15085542542509736,0.14557563302976315,0.13902858736377335,0.12896185192718634,0.11403757002585806,0.09911326235058592,0.08623053454071197,0.06968710771349991,0.052932463416530635,0.040331358899666304,0.033714053462772536,0.024914360809633083
-0.01361904374306637,-0.016885486503707612,-0.01956563573067757,-0.01939813181419104,-0.019816903423997265,-0.024088397353432007,-0.032798898072585785,-0.0356465815610704,-0.03229637801817114,-0.024925953988741104,-0.019481882814170258,-0.014289080969953521,-0.01604793402087605,-0.02090571880882829,-0.025177214654791124,-0.07618396163613793,-0.27032834434083153,-0.6190828149253256,-0.9232800823083794,-1.0,-0.8699286011952555,-0.6619654529831823,-0.4614566280120244,-0.2920209891977651,-0.16370804324892063,-0.07325252203693251,-0.0075049423289503805,0.04341803193176548,0.08923200226325444,0.1311933473792049,0.1693019395110774,0.20272019966406832,0.23195077949418813,0.25188453197144556,0.2632752097072267,0.27190203928173845,0.2817014774046785,0.28488409973112483,0.2899094101562153,0.2906631832105676,0.2827902902341387,0.26587171174615576,0.2496231514794897,0.2378136995785316,0.22566918745949927,0.21302210545632183,0.19936996545671956,0.18580170294795068,0.169636958843219,0.1551473216206785,0.1430028810520283,0.1293507308309429,0.11100835084580758,0.09593246045646878,0.08186153607020635,0.07072214838723938,0.06904704661578975,0.06594812290422143
-0.03312187972106046,-0.040512735532691996,-0.04385954294081444,-0.04772930569263895,-0.04947242067912303,-0.050274259444314774,-0.053202709810370806,-0.05790916537310689,-0.05672383637550132,-0.05843211008019832,-0.0656138219397812,-0.06896062296593726,-0.06923953616993672,-0.08409103991386344,-0.100093003718421,-0.13174835683318384,-0.29898350563228765,-0.6487949782361334,-0.9646490799057373,-1.0,-0.8091277410801463,-0.630736157723238,-0.5555024066251302,-0.48595183913428813,-0.33039472725981855,-0.10957555060638054,0.09534682002985474,0.2462317453737233,0.34025599666618783,0.39115532697835936,0.41046923350870895,0.40736667884517963,0.3930730142731846,0.37232981957108974,0.3490411903425185,0.3249864528511915,0.30368504882311503,0.28276765196672915,0.26314012709920914,0.2451508955477143,0.22946293299830992,0.2189693294686661,0.20906834682772146,0.1981564436937086,0.1828517565171833,0.16901133068816213,0.15991221234027475,0.15192883190127024,0.14143524539020344,0.1299307213674914,0.11811237478468481,0.10535261157732553,0.09430115611181729,0.08534143692823222,0.0732789588581937,0.05989165264210734,0.04974660658823884,0.04294838283374767
0.0011120321359519639,0.005137705059426349,0.011908167791476522,0.023344730000401222,0.034598327948881194,0.04402201810506838,0.05372028654798267,0.0725677952671033,0.09370261894031479,0.10687764240231024,0.10239446042907609,0.0974538266308278,0.09168974828330277,0.06781018574549635,0.03395788534463777,-0.0066648404526137885,-0.13631009665137728,-0.4635794999200322,-0.8513243716628387,-1.0,-0.8238767708666129,-0.505849035608415,-0.23073085992519218,-0.05305159784058603,0.053171353290608916,0.10834152397292837,0.13569794481350317,0.15317314272079746,0.1630543433224699,0.1655245876438679,0.17037367301493245,0.17650375525252407,0.17348454417634024,0.1680864138898617,0.1656161137394436,0.15655831302383177,0.14402378241219785,0.1319467036255781,0.12956786257591155,0.13094029621158212,0.12471878837065101,0.11492900220651403,0.10010715664078927,0.0860172630261776,0.07366572877667496,0.060948229717419804,0.05445222733329175,0.048688199231884825,0.04566892674377888,0.04017938201976487,0.03212803058991409,0.028834294264572267,0.0281938321201718,0.025998018138597607,0.01913607606777608,0.009986810668510687,0.006144122243500818,0.005229200449040988
-0.06290583485462137,-0.0651036228086943,-0.07012714133449496,-0.07860430977210837,-0.07640652095590322,-0.06541758204767073,-0.06018476540911978,-0.06049873758007938,-0.051288965183052024,-0.031194909400158934,-0.007437899342244237,0.0174703658615135,0.05075113837665853,0.0842411814163231,0.10067230404643378,0.048867289832521144,-0.15636409009911678,-0.5236042239739928,-0.8716911665620231,-1.0,-0.8854014689028413,-0.6477261019806557,-0.3920510421854822,-0.16578321556982292,0.01757502871200404,0.16252428978989963,0.28130969355367985,0.3689072369592412,0.4183050952736215,0.4408060562911064,0.4486552390044545,0.4501202844113604,0.4486552390044545,0.43337566292087437,0.40668816029553706,0.3762332916406943,0.34159201931915306,0.301299215159315,0.2606924845215246,0.22751617484219702,0.1971656448761332,0.16064055159868532,0.11992913741923131,0.08026426897999034,0.05336753031542199,0.031808293555332635,0.011400272283004585,-0.017484936393845532,-0.044276983326494254,-0.06594087043615708,-0.0861395625589752,-0.10100079071113165,-0.11094317180930009,-0.11607132732162492,-0.12507177380213813,-0.1313512068757435,-0.13490952998363337,-0.13585139907924051
-0.02276522511435266,-0.03062193959912671,-0.03624299576895654,-0.03375184542625369,-0.02864178864164028,-0.02404273931050601,-0.026086760249333575,-0.027747530640715987,-0.02928055138750086,-0.026022884620208537,-0.018230050050824096,-0.01669703283390416,-0.020401823407714507,-0.026853268605660334,-0.060707393190071623,-0.17581171740053894,-0.3947136896298789,-0.6675265411574139,-0.9002267013792212,-1.0,-0.9170257280069158,-0.6955679496047431,-0.4256294650806527,-0.19018379769294852,-0.0229568499846621,0.09304159224237134,0.18495903645518202,0.2488988050415384,0.29009850433773604,0.30996359989109373,0.31826743006369645,0.3203753766548779,0.31341289193210864,0.29878548017036854,0.28249716811821624,0.2685724052202033,0.2552863905451781,0.24519401371132846,0.23478223694754427,0.22219871622560197,0.2101261682636091,0.1967122232149014,0.18444807660445295,0.16924557198527795,0.1519991246894238,0.13826577971078155,0.1284927640792054,0.122105114029464,0.11131011415032792,0.09681029712254113,0.08486551171436617,0.07368718544611536,0.06397806400066851,0.057590510770079734,0.050116975832038904,0.04162151473792971,0.029101865610981086,0.020925759264535212
-0.015396111794686121,-0.01832690894291866,-0.02311625275693056,-0.020971768694370226,-0.014395352715431466,-0.008533766256747809,-0.005602976332905105,-0.004387756538669845,-0.006532250415495616,-0.019542109926478497,-0.043417348702542706,-0.06815043170162176,-0.08294735608498705,-0.10167590137457495,-0.12183412342487457,-0.13384328608177187,-0.21583431159147562,-0.48782564263605444,-0.8415222077807544,-1.0,-0.8566767596348197,-0.5608807663778962,-0.28231356343271885,-0.07765763276542513,0.057158951268923126,0.14779938487169048,0.20577215485793166,0.24430154771707271,0.26210078675508897,0.2633875111063646,0.2610285280940812,0.2599563043282395,0.2561676838123062,0.24558820227801637,0.2291470831009224,0.21549384342148173,0.204485430506656,0.19562160470417772,0.18690069205407372,0.17846564060388428,0.17396226240266652,0.1607378668658467,0.14594085088267064,0.13872107593136124,0.13457502423003667,0.12699784426471053,0.11334459586147835,0.10026320071494785,0.09032709008008735,0.08053390132139263,0.07202741946639056,0.06509358422911926,0.0578737961921226,0.04715131426754346,0.0359285316241563,0.02613539084631484,0.018772630771351263,0.009622856531043382
-0.01858935800594083,-0.016354127447890294,-0.015200459874607445,-0.008783183176555378,0.003907166702885704,0.020202724279578328,0.035056197024482406,0.042771363802099616,0.04399711743075962,0.03779614783362706,0.026836321225209375,0.010180245727234484,-0.01570519153773236,-0.052117826601878456,-0.09797612980356604,-0.15234293056662415,-0.2747041489571886,-0.5364419623612032,-0.8536288095361957,-1.0,-0.8712941803753271,-0.593764809957404,-0.326186794664069,-0.12833216385085602,0.0008787957137554684,0.08091461416388543,0.13607442142642986,0.17486667270130102,0.19707483958547825,0.20176168796060312,0.2038526962862601,0.2067368279705987,0.20846739579419032,0.2086116234130624,0.21142365297388452,0.21293786768324846,0.20897208728696684,0.20269901556631778,0.2001032923760452,0.1983006224289371,0.19137860822480032,0.18106760724067497,0.17299197074619357,0.16592576398094333,0.15669632990732427,0.14126598466617032,0.12821511467433705,0.11884154646920217,0.11228004288264798,0.1022575555658645,0.08826928785279937,0.07673257998369216,0.06267219261823125,0.0513517852767138,0.04450187903905333,0.04053616875828891,0.031162594710194256,0.020851666763066004
-0.03706387354051221,-0.03315722127542437,-0.035701926792089674,-0.0467409125368502,-0.07322731799489507,-0.11896029398836824,-0.1699979427895003,-0.21429723123189223,-0.24820263047803554,-0.2715708994947645,-0.285871470480865,-0.29680271913132394,-0.3112826957060505,-0.3361560890808005,-0.3775163206678993,-0.4388761812861885,-0.5377971405756552,-0.6934902233061144,-0.8800046402824527,-1.0,-0.9636931657951212,-0.7731999128795752,-0.5074039022867199,-0.24605212539564836,-0.0394652117236321,0.11819913179328079,0.23536259861402284,0.317187398545296,0.3719522229447541,0.40922690953422597,0.4344589216285068,0.4496558032153217,0.45739736256879954,0.46155465930418293,0.4590818925154467,0.452128604996371,0.4405875802999986,0.42571364276963586,0.40628797515202825,0.38661116770419457,0.3688341629124341,0.3481896430492592,0.32396131546805856,0.2958620682408671,0.27138270580637924,0.24944812434073155,0.2289830450584957,0.20661826809712555,0.18113537861496593,0.15421892405482043,0.12977569118347992,0.10583416059942759,0.08375612814673628,0.06597897463764567,0.05042396422368159,0.034618050177603964,0.015192233842666254,-0.003086661320064644
-0.0166297830369913,-0.014908312468679272,-0.012121165132948988,-0.005563183980690045,-0.004825404426351441,-0.0049073867408358845,-0.007940455384133,-0.0031039483954628513,0.0038639168175352368,0.009930050352536322,0.010585853845045725,0.0024703525286529594,-0.013514739426079654,-0.016137934325518778,0.0018965326011590475,-0.02761441197148584,-0.2145993729694077,-0.5565163909279832,-0.8702336136045686,-1.0,-0.9089254844353347,-0.6580826018799859,-0.36281045205986506,-0.12483669448747416,0.024521586772104,0.12617062789864208,0.19953835412519386,0.2476577884506731,0.2723322666769069,0.28356291586723753,0.2878255860462446,0.28618610982877835,0.28462856840561673,0.2785624323695535,0.2675777876471045,0.2548715918534072,0.24692001514898976,0.23773887630059037,0.22232745170856374,0.20527665094155476,0.18240561856388027,0.1552718159647148,0.13371234055081715,0.12035043630497012,0.1147760991154539,0.1065786179856388,0.09272480484651253,0.07624778774159705,0.06042657412919096,0.04378569243779048,0.026980831111048532,0.011077690207524147,0.0036179948847028806,0.004519735316417224,-0.0005627154893786319,-0.010563646219346214,-0.02130235181416097,-0.031221306169666587
-0.0464212215219814,-0.048798377114956354,-0.047666398713426816,-0.03985574523895257,-0.028309555873037833,-0.025479599939874274,-0.030686705853777297,-0.03917655444215417,-0.05377909537836733,-0.0781166530284839,-0.12362230236789037,-0.19912538841374844,-0.30111710699831645,-0.39767554614685907,-0.45970806512507406,-0.4972900530160972,-0.5592088767374103,-0.6960640370617625,-0.8851044637906079,-1.0,-0.9381939873926433,-0.7157608078255037,-0.4422756120743052,-0.20387982565914176,-0.018461323316656838,0.12914909575226902,0.24823359071971962,0.3418486351141878,0.40727745107032554,0.4413501098337332,0.4533489242654049,0.4574239943602922,0.45934838674017486,0.44904745831752757,0.43116235170811384,0.41780488586383113,0.40625869736133724,0.3901845917990418,0.37207286830090164,0.350338700637052,0.3197751223360565,0.28400443941628917,0.2535541143007228,0.2294427901804774,0.21008591712035882,0.19220058947520868,0.17771111673650858,0.15450545891662462,0.12813025915487958,0.10300020895511293,0.07028591840227899,0.04062802712374519,0.011649330311548379,-0.004085174563895161,-0.012461840119786578,-0.015518184135152607,-0.012914638733133492,-0.009065893690726981
-0.0020457512777978,-0.006858068094336339,-0.013625388713086868,-0.01031691994678454,0.0011123340203858202,0.00772927078904481,0.008180420429455267,0.008030036197390894,0.006977345045048958,0.0050223408608641345,-0.004000755270996206,-0.011068845690780394,-0.015881167472965755,-0.023099644989610563,-0.03347619214355285,-0.10731518927903501,-0.3183056878042866,-0.6465969263058531,-0.9181908799719363,-1.0,-0.9097702185954764,-0.7434440172845204,-0.5700507929768607,-0.4222220019431729,-0.3017634161656403,-0.19258365084871826,-0.09618673777157548,-0.01197115872262328,0.06562746598691964,0.14021839956163695,0.20488407771671613,0.2484958167052155,0.27767044939918356,0.3024838935265449,0.32353786936251666,0.33271137780144455,0.33361383598296385,0.3324107376801876,0.32609453270626537,0.3071460400158053,0.28684412896194045,0.27075281750517965,0.2584212921412052,0.24383401246361305,0.23511163533039967,0.22669002054974965,0.21210259419458988,0.20007178229065622,0.1826270524704907,0.1561592687264628,0.13570686648814045,0.12096914451861343,0.11540488209549175,0.1081864756257938,0.10141911489989586,0.09420063509141406,0.0920952436193822,0.08623020050900114
-0.009609462748178947,-0.007272131056632972,-0.004934799699363278,-0.00047262122269882314,0.0008022856632109029,-0.0051472858821183945,-0.013859156166472144,-0.017258910293331643,-0.009821947441885172,-0.008759523183246475,-0.006209708287043166,0.04584903063986454,0.16781519371335504,0.29849328031229433,0.3350406596637111,0.22306122684024962,-0.039357327433849836,-0.4396783385541674,-0.8323497099812478,-1.0,-0.8954569954898218,-0.6398394324405818,-0.3735957597807556,-0.16004863127099517,-0.01662145685037678,0.07580936920084563,0.13211780479764307,0.16314057305684965,0.17461475934103948,0.1852389085124001,0.1950132072794292,0.19012609679351833,0.18162675256196348,0.1803518758216966,0.18098926751470562,0.17248993884219224,0.15974087581773552,0.14784167875665183,0.13891738598436898,0.13721745179008382,0.14125471187166316,0.13657996674282596,0.1219185108127616,0.10980695617412496,0.10258245756475402,0.08898340410459253,0.06518516557283985,0.05519835363784308,0.056048328514506404,0.054135951167940205,0.035862261492231824,0.017588577651164,0.003989556281525541,0.001439740564825904,0.003989559198845817,0.005901920013930452,0.0010147696579758112,-0.0074846161453929845
0.006050418304390215,0.0020312448187929013,0.006678410299527199,0.02112233300606344,0.03041669174989242,0.033933440408175024,0.03431024202394047,0.03983662484663688,0.03142147817570166,0.02137354302468973,0.010320796539545467,0.010320797497557894,0.010446395800784047,0.006427219441149453,0.0034128386084421474,-0.03539734413142232,-0.20822231846478015,-0.5450807633625613,-0.8829414272128471,-1.0,-0.8457641685118178,-0.5384239718605188,-0.24891649443427927,-0.05762840953860147,0.04913098933854042,0.1119306352860298,0.14935933009661823,0.18163849351692188,0.20462315832358222,0.21341512193848175,0.20663274650339952,0.20776312452634793,0.21831356976778057,0.22007202073791604,0.2070096055999106,0.1925656599010761,0.19043044180362256,0.18879762075112336,0.17761922518809428,0.16531049758671335,0.15375525825537206,0.13730181634591326,0.11883869428744417,0.11582426603312174,0.10992103944211308,0.10062676308735284,0.0842987748212437,0.07462761637767414,0.06834767630804332,0.059932506644809855,0.046995794233385124,0.037701418245332456,0.022127138592121218,0.01823355191360093,0.016977551637115704,0.014842373776184095,0.014591171421657225,0.014716770682895805
-0.007992129035537362,-0.0041723907116539794,0.005152249669085619,0.013578143742589765,0.01335345513060454,0.0039164785845777796,-0.009003236305077243,-0.02360810946486328,-0.037201873319933076,-0.051469707295540366,-0.060794362672316325,-0.06360299517270619,-0.064951130272283,-0.07910665850313403,-0.10258683868309557,-0.1374139488701728,-0.24740024725659163,-0.5146699930861666,-0.8491205833198627,-1.0,-0.8333919314567224,-0.4751249893260322,-0.14426700380762036,0.07042488358000096,0.20344193350742906,0.27208504741540274,0.29241968642986926,0.2935431929016063,0.2869147734473294,0.2696135635166998,0.25399750360838114,0.2480432099742054,0.2474814841596605,0.23770745498657955,0.21939511116844548,0.20568890531891765,0.2050148480521256,0.20377905126012688,0.19097162042453267,0.17097411287342576,0.15052719724935934,0.13266422037219935,0.11210495958522396,0.09424204440604216,0.08188406963072384,0.0695260948554055,0.05334834340919654,0.036384206671613815,0.029306478546675566,0.024700320012076622,0.020431207249200965,0.011331231915246601,0.009758411631350017,0.011443580505821031,0.0005461099866466693,-0.011474829085715635,-0.01394642331240039,-0.01439580482095266
0.051279883720268524,0.05380016181131025,0.05800052789848835,0.05615233114174449,0.05178392293462147,0.04220699844474708,0.04338311899339789,0.03767054811767914,0.03615841765910828,0.026077412945242445,0.015492366453921262,0.012468061964038626,0.023725179537248047,0.03935071813309252,0.036998492414405344,-0.0018133415165609912,-0.14294729537495238,-0.4556268629638942,-0.82711181208357,-1.0,-0.8429054440614075,-0.5080483355843094,-0.22712380238213253,-0.0577628585990059,0.04069483979204975,0.10168483552273032,0.15427407857423542,0.18334103368163984,0.19695045130350622,0.19728625872833622,0.1840130381228655,0.16855552114214672,0.1547781382934076,0.14755335750294343,0.14335299654197012,0.14738534101402256,0.16065871540563761,0.16183481032326436,0.1443610647182664,0.1361283387804214,0.13696836996297757,0.13680028170718936,0.1272233315862909,0.11512609312194111,0.09731641706319767,0.08169087334114838,0.07581028597650877,0.08253093528093342,0.07160985324866811,0.05430412413259101,0.041198884132607506,0.0257413671518887,0.008267653585670817,0.0023870739103384313,0.0035631861289064197,0.0020510390101699137,-0.00315747182598884,-0.0034935065659634575
0.046452245590124154,0.05420772795132686,0.05835604005568406,0.0634061543541882,0.0680955312665726,0.06863657956613883,0.0679151653249229,0.07188306746506781,0.06629193238109904,0.05835606756978566,0.05204343570229614,0.06340613234290692,0.09767458270356866,0.15502926278233745,0.1988570255081289,0.17054030454422736,0.004969330214461659,-0.3523254440508562,-0.7927670443942229,-1.0,-0.8279365815823898,-0.4590993080860419,-0.16871789000102297,-0.013788153360237037,0.05565061696478228,0.09785497065649965,0.13609141670525174,0.1550293068049,0.1580954342649996,0.14186291773087023,0.12959845191303443,0.11769462993337293,0.11498925636785404,0.10038006082267363,0.09136202237274328,0.09424781140529477,0.0996585695419732,0.09857640690899687,0.08036001909568967,0.07080093784901341,0.061963243329451495,0.05925782023854972,0.058356007038762134,0.053486294450239794,0.05114160049122727,0.04482900989489015,0.043205724674273256,0.04500937033371954,0.04013963298250575,0.022103583596746666,0.0055104153141387925,-0.0038683306003257953,0.0042478932741118886,0.008576548019114,0.005871136191797567,0.00027996774698060134,0.0026246376311542187,0.0035264522066468782
-0.018107151074030662,-0.018895825636298765,-0.01731848703905354,-0.01396664195594542,-0.009234634999614674,-0.007164377620761969,-0.005192706630053504,-0.0011507788244543517,0.007031660355078111,0.013045258023461695,0.017678699270255484,0.04074723019806886,0.07751894931146823,0.1231633279336232,0.17787731663978762,0.18280665146196146,0.011172162705619153,-0.39351451323012937,-0.8333935288914807,-1.0,-0.8535046730811663,-0.5704714168304568,-0.3155346700540173,-0.1336472646061159,-0.014558146749722464,0.06637900007411364,0.12207889665075777,0.16111818221011906,0.18773574566034149,0.20449502446428633,0.20745255557669043,0.19907297633066648,0.1936507597603909,0.18980598856416908,0.18270803180005823,0.17432845255403426,0.16644171896254292,0.15372436646029852,0.14248574342068707,0.14426028374427097,0.14199284964139566,0.13390893688204633,0.12414917564815446,0.12060009500098666,0.10788274249874223,0.0861943334028483,0.06795631912067561,0.056126308967361295,0.046267946118350736,0.040944409365926866,0.0366067383748188,0.02556537270579836,0.011960846291279524,0.008608991432829779,0.01008774946953827,0.014721180189041077,0.015411265167380178,0.009890574813376398
-0.016638141777683864,-0.018693904303902945,-0.01940278679629497,-0.01635459170051786,-0.015291269854386828,-0.018197685315613926,-0.02705871565946123,-0.030886674954375345,-0.027696702927558235,-0.02613716587805219,-0.030319569393023327,-0.03436018786642444,-0.03747927926790057,-0.032020892565503396,-0.03166645158965838,-0.10865114184640315,-0.3490332712014506,-0.7009929352835147,-0.9668955416028927,-1.0,-0.8093812452338799,-0.5042780033624288,-0.202223905518767,0.0119298122301661,0.138961773742987,0.20247790805876578,0.2228228373747335,0.22792683933429375,0.2240280232049267,0.21899496134792756,0.21580495796039437,0.21254408368015623,0.19964236294954163,0.18581911298419407,0.17809231701323686,0.17582392937275687,0.16894770523150748,0.1637019787890013,0.156400460081666,0.15306871490872287,0.1494533823501757,0.14612155066491236,0.14356959294129235,0.14165557706680118,0.136197186038788,0.12995904216637985,0.1263437269102967,0.12138150999230643,0.11237868325214707,0.10663670483852981,0.10153272883266558,0.0987680546161464,0.09387676914948526,0.089977857856566,0.0833852643570808,0.07445330850962639,0.0619060633597849,0.049075282731731444
-0.011770531778166213,-0.012503732453310924,-0.013170287781070473,-0.01750286922744299,-0.02156883223537437,-0.01696963063873034,-0.0025721256503117764,0.01582470127822897,0.017224469875313925,-0.011303942327320293,-0.038432584465586374,-0.04529805336564633,-0.04043223516466515,-0.04329841049207788,-0.037032817824879,-0.05223019952650077,-0.1909399408635702,-0.5152167717203463,-0.8632902126005347,-1.0,-0.8625571813965982,-0.5798724527794258,-0.2959223078393249,-0.07635936634979028,0.07414807132538585,0.18092996918084464,0.253117750888743,0.2977766236748869,0.31677311261294333,0.31530670588261556,0.3054417736503917,0.2915775987113378,0.27184782815301417,0.2515847334144586,0.2385869363754199,0.22565581268442053,0.20899195186650038,0.19339458289883743,0.17993021328270947,0.17013181353933896,0.15893371171572132,0.14386958867318694,0.12507280675883511,0.10887551851800426,0.09261160388219605,0.07981378775972367,0.07128189208521796,0.06021704305155497,0.0473526083596156,0.03375493508771583,0.023690002375149857,0.01469156738197381,0.0067596066316566806,0.002626976144818725,-0.0029720483558927156,-0.005638257439571019,-0.007837875360573019,-0.013103630084051817
-0.021005117236828533,-0.023080426946767173,-0.027061634674044436,-0.029094593722188356,-0.02714633858203991,-0.02566397625721641,-0.025240443795208834,-0.02473220354859672,-0.021682770145192924,-0.021428651960191395,-0.02591809702662398,-0.035024035268264225,-0.052558308916047375,-0.06653488791551554,-0.07424319423048968,-0.13646036617119472,-0.3386544637425111,-0.6421158345877858,-0.9009362016542668,-1.0,-0.9169459561458848,-0.7026388611740242,-0.4543213548563912,-0.2450116121322467,-0.09419165589203986,0.011225703121948065,0.09470423049949389,0.1602673140588709,0.21342037960021767,0.253020530408812,0.27872902321604104,0.2942301872740284,0.30422542932591723,0.3047761352403929,0.29960895650290714,0.2909265100188793,0.2794064684027699,0.2680557570704702,0.2581876264453044,0.2479380995142244,0.23421564774517892,0.21731679554969408,0.20334028632918902,0.1911849563576924,0.17886025475188938,0.1664931482117648,0.15552377115963437,0.14629074281262086,0.1332458602817942,0.12037044242389135,0.10906209467541655,0.10300550810533907,0.0970337107286564,0.08729242275198547,0.07462874011221393,0.062388600272074136,0.05192729160355408,0.0407883620086944
-0.02856086946225648,-0.029712926160257256,-0.030736976886540906,-0.03201703744729694,-0.034321149156128994,-0.032273049390731195,-0.03022495089071052,-0.026768782694773875,-0.02651277075133962,-0.026896789299179567,-0.03918538198647312,-0.05877033235513034,-0.08168345401654314,-0.12046931448371036,-0.18050430544740456,-0.24757963202601116,-0.36355312591661954,-0.5871802894726281,-0.8626492857044649,-1.0,-0.9005387395192079,-0.6451670364179323,-0.3720017689074512,-0.14978277100512383,0.0057447988665062285,0.11992639052379599,0.19929022290046694,0.24652442266795585,0.2719978206704747,0.2952949859763737,0.31398401897176165,0.3221764281563698,0.32076838397889257,0.3155200990682147,0.305535429970354,0.2954229679059255,0.2803182117846346,0.2626534121516287,0.24946865492073414,0.23551597911781705,0.22514744521543706,0.21349890305455552,0.20402651260615778,0.18981788644149317,0.16984891267438368,0.15487212498528857,0.142711574122064,0.11979832761010825,0.09470907785658467,0.08242051132041835,0.07934839161958027,0.07051595131100931,0.050418961870958075,0.029553949254375312,0.018545397725388546,0.014065196729344183,0.00612881214194149,0.0015205752269213811
-0.031186928218243908,-0.028507962140051146,-0.025634160888564902,-0.023880651852320384,-0.024465154121350346,-0.028995048772944666,-0.026413496380378054,-0.020471056103431674,-0.023734527422860564,-0.027874748848543185,-0.021834893585630462,-0.03649615483215655,-0.12558416192940444,-0.2874425799855149,-0.44915432561165336,-0.5499323732596655,-0.5698546194275564,-0.563473649449881,-0.6636673851429393,-0.8797876235486144,-1.0,-0.8415511660825978,-0.48018206557106746,-0.11681661739835196,0.1446026228806061,0.325408237038001,0.41736993652968424,0.4481533849197489,0.45385236435896964,0.44566957166938376,0.42438367731167437,0.40007840192979915,0.3799129104091298,0.3641313516531197,0.34849597788527015,0.3262846336374836,0.2997388379133204,0.2760665235569547,0.25648560554538186,0.23393383669195225,0.20704699814326308,0.18181608265011598,0.15926393335429684,0.13895241140018771,0.11903054567468628,0.10315151044519479,0.09107175124949335,0.07904070056847094,0.06749676475630066,0.05483247366238901,0.040901802797708595,0.027555586553878006,0.02107731249067889,0.015134894505278773,0.008948901252215594,0.0017400291908925023,-0.0049330417784456924,-0.009755180273361735
-0.021920346564048145,-0.029873835733432476,-0.034944184837200916,-0.02848197860757708,-0.02003139032225439,-0.016551743526442925,-0.01804301774553881,-0.02520116220665328,-0.04180406891876998,-0.05701510713025135,-0.07341922629248478,-0.09867159263401959,-0.11915180806920106,-0.14539841814173232,-0.18039395081520124,-0.23537258767481467,-0.3465231516407444,-0.5714071736012575,-0.8533583026823394,-1.0,-0.8925288952474368,-0.6132626267555913,-0.3176916334451928,-0.09071803104520303,0.07938728932087503,0.20306450106662036,0.2792194231611938,0.32027957596889944,0.34692381194854754,0.3580587933196513,0.3587547478549932,0.3532866757793191,0.35269018838624944,0.35259074551017444,0.3385726729850085,0.31163013264333256,0.28687482598516567,0.26410794005694943,0.24084383974835818,0.21370238938833505,0.195309849496151,0.18367782360805254,0.1647882270657752,0.1462963049630091,0.12422527650534598,0.10682697124433442,0.09559259552955003,0.08425883760418362,0.07004195212545924,0.04200586167407104,0.021625022382922292,0.01446688550499444,0.007109887141113775,-0.002533702850660796,-0.01625348769680949,-0.024803486819243704,-0.024008139883412775,-0.016849997081120376
-0.020460129157509416,-0.02317507153752482,-0.027000671778838393,-0.030332648186592506,-0.03057946104465877,-0.030085836269812774,-0.03125819546305446,-0.030641162376602277,-0.02897517558465501,-0.0321220348185672,-0.03934132032987062,-0.038971091629905946,-0.037490225776946724,-0.04791804832194263,-0.05199048307091262,-0.07870800884290041,-0.23740929406346903,-0.5707290648833806,-0.8953506252718514,-1.0,-0.8808505957692254,-0.6632224394736478,-0.44460817635022376,-0.2578331785531278,-0.11616202572088456,-0.01268552083391934,0.07480985996483425,0.14441134196945565,0.19741462914795208,0.23838571419279597,0.27108826728073104,0.2949055574782807,0.31119511574714714,0.3119353735943325,0.30082888534485747,0.28237978987083345,0.2660286036903727,0.2576370568796265,0.25337948989623016,0.2470241039827773,0.23616439847019963,0.2253663359298007,0.21425968201389667,0.2034616044129133,0.18877614899446402,0.17045018885895294,0.15052000538834898,0.1346622039546694,0.12158104717423529,0.10942551391447193,0.0965294667775875,0.08622497724127551,0.07616727797215309,0.06376492432403123,0.04729007568460156,0.03420895655562857,0.025076846920861883,0.022547041481705502
-0.03280784130930875,-0.03425716280686377,-0.03442123731646883,-0.034311855978710296,-0.03600729424660742,-0.04101157012685142,-0.04869574801907128,-0.06173966652673904,-0.07858466286201722,-0.09737123759656237,-0.11774394268161895,-0.13535464676003814,-0.14853527233332722,-0.1726814842273403,-0.22239572690870593,-0.28586531649295355,-0.3733993543741651,-0.5524321302710528,-0.8206112287388501,-1.0,-0.9168690219267059,-0.6192645865188483,-0.2946434028755145,-0.06075520945723965,0.08229073754658062,0.1700154614852695,0.21981213522161933,0.2501658794510793,0.2712767462902956,0.2830081204491128,0.2888331326419567,0.2909933468997331,0.2899813738768594,0.2862350125821232,0.2797540494289853,0.27176914335817387,0.2621706977767463,0.25210740779100116,0.24133316831111018,0.2302309667002309,0.22082392135627119,0.21182720245249048,0.2011897384526592,0.18882947207823672,0.17813728987688632,0.16908582607326914,0.15959697708478415,0.14611539472856075,0.13181372015664475,0.11879722248959554,0.10799563058352436,0.09445959700895588,0.0809234699902765,0.06755135073540866,0.05683177606040197,0.04840923784528677,0.03872883510400888,0.028665558467422435
-0.0030975797293471435,-0.0008455440038724646,-0.004098484156280358,-0.0043487101537458125,-0.005850068323895526,-0.007851881329940231,-0.018361376938596193,-0.020363190163176594,-0.021614321898789455,-0.02937133918407487,-0.0336251802668448,-0.02436681573819461,-0.01986274428724525,-0.014107536729969058,-0.0023469008628079855,-0.06240121106008341,-0.28860583794997385,-0.6359202811879704,-0.9121705516354914,-1.0,-0.929186321568828,-0.7712931393597389,-0.5876261995073135,-0.4132187116171754,-0.2823501364389126,-0.1842615244530274,-0.09993514389732776,-0.014607987413685774,0.06671555748122293,0.14178348609399286,0.20258838337281398,0.2546354188181979,0.2966736031798074,0.32970358519780807,0.33946248738738305,0.33620947336990903,0.3241984716424353,0.31343882280870156,0.3014280168892139,0.2921696558571349,0.2854134411611471,0.2824107256949904,0.27715588271836566,0.263643705079515,0.24687854139575968,0.23061383495179205,0.20984495740459644,0.19508169261141542,0.18857577646674506,0.16505442605957138,0.14678798856044606,0.126769894776925,0.11175626150100297,0.09974542061580352,0.09774361962922225,0.09749343296818255,0.08848527258342795,0.0792268835787795
0.014939723278219661,0.016020614453821056,0.021605111226059816,0.02106467250858051,0.01764190037684486,0.01926320553676856,0.03367484237863615,0.03889904575651252,0.026469023957702353,0.023586731765374354,0.04286224286508469,0.07114504210566934,0.09564486650839829,0.10140948387059696,0.0770898762423274,0.005031733254917776,-0.17277182982352154,-0.4898286208131185,-0.8425536031766111,-1.0,-0.8620094739534657,-0.5577437154185946,-0.27275278095129457,-0.08774314937222286,0.02322639714908362,0.0978066103858013,0.14410409033701968,0.1875191132081967,0.20409254889003842,0.19112204165556348,0.17274708678746725,0.18265518948403994,0.1976072293177156,0.1997689731951186,0.1938241995172888,0.19796756393400633,0.19580573211648952,0.17707053057221636,0.15473265340840356,0.13833935205716455,0.12068511039170667,0.12068509939919243,0.11546083006623072,0.10969622369654627,0.10627346255732485,0.10158966217125655,0.0947441838628706,0.07168553853384833,0.04574456803495537,0.014939726026348217,0.0019692531434802388,0.01097650693274759,0.02250582684913018,0.023406556212843318,0.020344088467984286,0.01800219651933581,0.006833179615765557,-0.004876267073866193
-0.018387368204271542,-0.02140590697326714,-0.02401951095116862,-0.024645310465130545,-0.024571684409590407,-0.02516066417390596,-0.025786462791617712,-0.027406159832236,-0.026743559389881353,-0.01978619962577185,-0.01223986502672275,-0.010141615653846857,-0.012976091076492452,-0.037308427380425,-0.09580180063345047,-0.17075013349023216,-0.28140485100729445,-0.5160776772751304,-0.8337231362871909,-1.0,-0.8631349408757515,-0.5468150143609647,-0.24698622010695495,-0.03671943327610667,0.09915164138521854,0.18249261861093527,0.22762317423036077,0.2531334655816736,0.26395606644224084,0.26241012810218844,0.25769823262765285,0.25247098613309243,0.24613947338420408,0.23943968068383595,0.233218499916362,0.22902212754188475,0.2239053994487749,0.21676397768269068,0.20564697656498304,0.19287351870577243,0.1777807374764025,0.1616206585198799,0.1454605652233545,0.1297052902054006,0.11693168894616214,0.1069925899970745,0.09491842237358969,0.08155580550002872,0.07058597583088573,0.05980020009746593,0.04805730804827865,0.039296182967824896,0.03281733027533921,0.02453473108776293,0.016252171335194306,0.008816265064453328,0.002705568640923387,-0.0017854253644872203
-0.0010358438741558966,0.013156768901345183,0.035234150753069605,0.04567211196595285,0.04822524689666876,0.05858816078434535,0.07593469612545456,0.09162921888492366,0.10679811710693676,0.1168605988370133,0.11550891302229796,0.10206716635119709,0.08569676860894741,0.04972713275247267,0.011129252780331183,-0.012374904596695496,-0.10864448889909809,-0.4142737081362416,-0.8243576968003028,-1.0,-0.810464456476298,-0.4642854509366573,-0.17885698480180373,-0.018682738129209724,0.07090345984261957,0.11460778609101889,0.13728598987256316,0.14960129351304063,0.15380664722454396,0.1520794131939728,0.14712331129820666,0.14254261098779156,0.1348079526712899,0.12857519395720196,0.12406961428724587,0.11701085844674441,0.10409473631309954,0.09328128645300306,0.0909534080529889,0.0865979596910723,0.08359418797946448,0.0821674731683556,0.08306859093522813,0.07998975356960057,0.07195472724634466,0.06587215940893876,0.06339413137207203,0.05738664751749895,0.0492014853040003,0.047699636105822577,0.0514543163788078,0.04822529730090477,0.0371865909101065,0.030878741339880823,0.02734937945734155,0.021642284229437432,0.015634837032490537,0.012706207726807285
0.020785198139824868,0.0201779401905089,0.020785193508015876,0.016838079366883446,0.011372836563792557,-0.0013793904676741985,-0.021114964357705043,-0.039636053034838505,-0.04677123203950336,-0.055576340298028694,-0.06225608742022904,-0.06635500678507249,-0.08001808831785027,-0.09504752571153842,-0.12161462791997149,-0.1843131102999967,-0.333393051710808,-0.5961812544076015,-0.8831047762210248,-1.0,-0.8524386434843325,-0.5665775104351055,-0.3166937684358212,-0.18294681928441217,-0.12009648767849057,-0.06999847110840648,-0.01944502772189899,0.027920384092203203,0.07118680199828603,0.12158849849292697,0.16956117245392205,0.1994682443334918,0.21252403549429072,0.22132919701861942,0.23453680035084282,0.24820011810587903,0.26049671871890373,0.2706682453677608,0.27734798091043866,0.28448311591291814,0.29131488595385197,0.2884302879516629,0.2673283590691859,0.24379745397115288,0.23180431095585355,0.22664280829083638,0.22345467858197812,0.21677501714824407,0.20311190319280337,0.18170631291300543,0.14496765626486136,0.10807724302700066,0.08697531414452363,0.07103502688133344,0.06784698054503698,0.06450710351008006,0.059193649719368725,0.048718684000022244
0.04038223132559418,0.060074535439157056,0.06843946486963536,0.06983364901794226,0.07227339551093617,0.07000783231294268,0.05502076877001206,0.025743715148977896,0.010930866802750079,0.006225632878305813,0.019992843113303453,0.02940334020541917,0.0313202815997928,0.012673563757193723,-0.0064959571901692425,-0.06592148269443335,-0.23130234300096697,-0.5327876161253453,-0.8699969898066421,-1.0,-0.8198081256951255,-0.478938478289439,-0.19313750699828064,-0.03176487627171938,0.0422991833538686,0.0945797463854021,0.13326734495110557,0.1667267968254989,0.19286722189892638,0.22109878229562868,0.24270808097306915,0.24619344829720444,0.24305666024108585,0.23225197900066324,0.21674209440826114,0.1986180779837496,0.18851049147595567,0.19199585880009096,0.1916472157286695,0.1731747689107524,0.15156554467061747,0.137101217105952,0.12228837407667459,0.11706035499217401,0.10608147982285018,0.08830605330025619,0.06303715083417603,0.04892139190362647,0.038116742564906235,0.025917978198234264,-0.005101816242084318,-0.017997675673694338,-0.022528654856617227,-0.02758243681199462,-0.03124206585614869,-0.030893537099160755,-0.03228768801652768,-0.0486689091230132
-0.02455614220435272,-0.02179528998237637,-0.013857838632179664,-0.011959758115032476,-0.021105075143162535,-0.03180338017890051,-0.038360405692527466,-0.03473678871765534,-0.019034437531718,-0.0009163499589095381,0.015131127169878269,0.03531983735259081,0.055163506250536364,0.04912414657716938,0.017546852305594052,-0.04267423403064674,-0.1912426880654156,-0.5028744855411396,-0.8512595595240444,-1.0,-0.8697228642380925,-0.5858729947154024,-0.2951201100042487,-0.08460469582379941,0.05499088754930306,0.16007599057394362,0.24255673731266167,0.2927697296105204,0.3119231110398428,0.30709166076841127,0.2963934929418848,0.2867304987308666,0.27793021164487536,0.26861229091705247,0.2504941533543546,0.22961512350459065,0.21011659834095667,0.19234355767849284,0.1785391664942786,0.16076613754033417,0.13747148793152886,0.11296883525263307,0.0991645845706514,0.0984744141872221,0.09985484862223576,0.09174481387930951,0.07707770971580863,0.05550857973373164,0.038080700368358464,0.027900066661248914,0.021688140974985844,0.008919192702225662,0.000809193084857552,-0.009371457453248605,-0.018861882404086025,-0.023865930109323114,-0.03301125006458302,-0.03628976721209126
-0.011159994107427514,-0.010884320492813045,-0.01639778385701357,-0.02191125391728075,-0.019154518988602716,-0.016673460718205812,-0.014192400165058912,-0.016122111256954653,-0.00592220171999702,0.0037263579498872357,0.017234347006907406,0.03625578319523925,0.0613420441807783,0.06134205716708938,0.04314763147413431,0.00014261171418799507,-0.0944133100616643,-0.32322216385758584,-0.6862838133173104,-0.975188977384743,-1.0,-0.7932455645654127,-0.5021341301351995,-0.2407957877856593,-0.04947855694032785,0.07981215627174781,0.16141146016331995,0.23143250673597318,0.28022649282649037,0.30200469235105576,0.3094479783575351,0.30172896699410806,0.28959957063275976,0.27057802730736147,0.2515565099545854,0.2366702236404705,0.219027203209322,0.20441651238904396,0.18484364821286112,0.17161140236896638,0.15479532425506148,0.14597374910793182,0.1363251537256921,0.12033613480583051,0.10793081829286828,0.09442281462624814,0.07870948210440101,0.06906091269478344,0.05224484107403408,0.03763415025375604,0.031018014345497592,0.02081809486589553,0.01144521023100352,0.005380396796818505,0.002347995761237097,0.0004182770094469263,0.003726361196465007,0.007034434020460888
-0.018990551006598626,-0.02110821874892361,-0.026402386273942497,-0.02534355442134727,-0.020314093451174447,-0.012372839816474874,-0.002313918439450319,-0.0007256669050834995,-0.004961000324222776,-0.00866691931925403,-0.015549341007471525,-0.0057551238381218,0.02150984105634566,0.04559832541492334,0.03448056617654519,-0.004696296492095344,-0.08357943400020004,-0.28555202110714034,-0.648732072104876,-0.9658532356993529,-1.0,-0.7715573421357513,-0.45999495300719206,-0.1958158657475247,-0.013431673922354488,0.12104020344553129,0.2147470064184339,0.27033590475921676,0.2949537877689118,0.30765986013142993,0.31030693450525443,0.2920420155717182,0.2764242190820733,0.265835849481675,0.248629721841615,0.22930601161460246,0.2073352750838323,0.18721742331664565,0.16974662188825004,0.15836415881774446,0.15280528821169295,0.14089340545941578,0.13030509594660103,0.11071661579111906,0.0919223132283614,0.08159865346884883,0.07709864626137393,0.0617455235600647,0.041627701836669855,0.027333439529558072,0.021245128211080683,0.014362714409358537,0.009597967317206031,0.008539130958042032,0.0037743778571311636,-0.001519791921172114,-0.009725750420754464,-0.02613767831079369
0.020650023397142885,0.024329382592095716,0.021827436480309735,0.011083740230571452,0.003872227101676717,0.0049024506398566,0.006962884245338685,-0.005841251222747382,-0.015260372066730492,-0.018203849451998055,-0.015554725898808776,-0.007312987267231162,-0.008196013402412097,-0.013935812376999283,-0.03468732394464284,-0.10268164976414873,-0.263248494735661,-0.5537709263128923,-0.8729898118187569,-1.0,-0.8507669587910883,-0.558038715896436,-0.30563470116636865,-0.14212428980974506,-0.031155148681811278,0.04773007977101697,0.09526718611343488,0.12897003784888886,0.13941933480233668,0.14530634184436764,0.16502759900306999,0.190488743258351,0.20903266366886,0.21094594140654932,0.2183046687770401,0.23155025950019992,0.24111661226630604,0.2411166302274763,0.23037286886849587,0.22551611455154644,0.22242544618215304,0.2253689766449239,0.2168328766038993,0.202409787482014,0.18033369517639283,0.16090680363678678,0.14736679341101996,0.13706466130595005,0.1217584932879462,0.10439196350914125,0.08290456651937213,0.05450003100038964,0.030216344731201078,0.02168026265134673,0.021385892541957913,0.025948317162151586,0.020355716151849914,0.009759178015050678
-0.009095808459644842,-0.012841129800715528,-0.014981311470222289,-0.004280395923665576,-0.0032103050389189806,-0.004280395923665576,-0.011771038200759884,0.006420518939310448,0.023006933941825018,0.010165843324865883,-0.02247195080791963,-0.07062607507398319,-0.12092040298412204,-0.1797754448474844,-0.2386304079623512,-0.32530801954392585,-0.5147140760665228,-0.7897277271126621,-1.0,-0.9684321430830218,-0.6859287401236376,-0.30711634708379304,-0.00963084733964351,0.1663991967150098,0.24665604096109656,0.2776887056025691,0.3130018059691489,0.3226326069790671,0.30123079584650986,0.2712682182617321,0.2380953795068701,0.2086678716999382,0.17603006772359073,0.15302311725615855,0.15195303019946382,0.15462827409069915,0.16372405782176852,0.18191550278624752,0.18566088623317464,0.1792403463933406,0.17174966699781477,0.16318897054425696,0.14125205463452245,0.12359556570006243,0.12359557444989526,0.12627078334179925,0.12627079209163208,0.10807925087899184,0.08025686490726917,0.07490640337429702,0.07276616801207768,0.060460149360422634,0.05510969657728332,0.04922420901562948,0.021936846885130288,0.005350430788886616,0.020866757640977354,0.037453181393324764
-0.01639647803047978,-0.01361209530631563,-0.015044062687849271,-0.018464876096791115,-0.01926041575169246,-0.016714693619380744,-0.014248525118819681,-0.010270843379587228,-0.004940732303421036,0.009697165671853004,0.03491572716161656,0.058145475618670596,0.06625996638500566,0.05345184123023553,0.0281536507139386,-0.031591247938913825,-0.21194020172259162,-0.5653177000403817,-0.9066833537599506,-1.0,-0.8185369849940959,-0.5233929532498606,-0.25561548126527833,-0.06739046262758296,0.057429447878084794,0.13921110134454792,0.18742091741755376,0.21613991091343376,0.22735707205022185,0.2302210276720067,0.23252808739206882,0.236028376193608,0.2314937911193644,0.2166171559438571,0.19863803971920227,0.18853465096828984,0.18511381886235206,0.17747661681597238,0.16888476936818766,0.15870188508653416,0.1493144221339661,0.1364267868852776,0.12934647103183572,0.12624382493334493,0.12139099559894496,0.10786676503330986,0.08941023872888845,0.07222656325088882,0.05806592668961262,0.047485244364352364,0.04215511660121213,0.042632482991446674,0.03284734820947549,0.024255508043279455,0.017891215076030934,0.011049582417706332,0.001741780045222553,-0.0033496596684079605
-0.014181475797649407,-0.00945818756445328,-0.002373254968903274,-0.003048010009492745,0.00876021696314886,0.023267458200008702,0.03473830175421592,0.058354755699499126,0.08703186458501716,0.10390073273556774,0.09276728636212077,0.09816531095846413,0.10356335914736611,0.08601972022785365,0.03473828995793661,-0.04623236996210338,-0.22133153498856423,-0.5539861396159251,-0.8974366676089935,-1.0,-0.8046575153000276,-0.482124747453612,-0.19670283838378994,-0.021941161959253972,0.0779226676049662,0.13527687751181608,0.15956804324466464,0.15484479728146935,0.14809719969045743,0.14910936764017954,0.1572064438556256,0.1636166049449463,0.16867730313820523,0.17002679749101177,0.1659782043339853,0.16631560937893175,0.16699038801207985,0.15248316643568552,0.13662640332136744,0.14269919082248647,0.16327924708511707,0.15484473436797971,0.1241434232741829,0.09850270027503817,0.09006825047139047,0.08197120571268923,0.06645181618657278,0.05633048271354451,0.052619361447047236,0.05093244238882874,0.038112092685535684,0.024616968281187642,0.016857275484175968,0.02124318521405408,0.021243193078240286,0.023942205376411965,0.01888153863989783,0.0026874196317970686
-0.013176104527282401,-0.020771541431365618,-0.025737789469360683,-0.029535513068653946,-0.032164701420016935,-0.024277129674500818,-0.0020750809242394844,0.018082049672249825,0.020419095461302425,0.008441665275060146,-0.011423315038241294,-0.047355561845329054,-0.10578201952454483,-0.18933189547208273,-0.2755110369797585,-0.3757125602845844,-0.5387222813060035,-0.7870348921841739,-1.0,-0.9655282709236264,-0.6693053710439039,-0.30530833681831826,-0.03683881049877777,0.1378562444718382,0.2538327517028949,0.30992231183390573,0.32219177854907427,0.30641658049717446,0.28859661407652587,0.2684394165657651,0.2544170182974097,0.24331598594403894,0.23542840338929436,0.23338338795246602,0.21877687133044355,0.19920407218383993,0.18109185716749682,0.17846265749218018,0.1729121248442895,0.1542157091182528,0.14223826040190454,0.14106964485684842,0.14340669476370235,0.14282242816918753,0.13522704479652156,0.1293844117937841,0.11477780458013247,0.09900265594184857,0.08410393190214485,0.07826126595699677,0.06686811677757393,0.05576710913101115,0.0472952682173544,0.04028409790778599,0.03210439852698929,0.010194475353107881,-0.007625590924222863,-0.004996401543409544
-0.017527639098300588,-0.021259172368272575,-0.02454112362856524,-0.02364196389777189,-0.020989425570659335,-0.01950580300886321,-0.01955075904905402,-0.01968563343752955,-0.01775242606199219,-0.012986853229572309,-0.011503231327555458,-0.005973362596349365,0.02262011200558857,0.06645455118217698,0.0972960442012573,0.06915205082771454,-0.1029484962302731,-0.46805436412301776,-0.855909442505832,-1.0,-0.8421526751607256,-0.5426401625524687,-0.2536937036059693,-0.035735728551770575,0.1087154722110695,0.1990816496368845,0.24822095433833025,0.2696659131590055,0.2715990769891108,0.2676430193475984,0.2628322466865458,0.2557736429856648,0.2451637377542217,0.23324970753100494,0.22061648622941912,0.20978162265661793,0.1979576813346283,0.1845603195122754,0.1696342543896527,0.15250508598376342,0.1320489832264404,0.11186259823644258,0.09707125476339341,0.08268458294954752,0.06551047565772855,0.050224609144787755,0.039569432498660746,0.03318531851075783,0.024957939577545787,0.01812428630067156,0.010346478325835993,0.0012649161551789123,-0.004714525513741476,-0.008266231488998677,-0.012672144453754792,-0.019056216875563428,-0.02638442486173445,-0.03222899511118604
-0.015608693611635678,-0.01981712571783308,-0.0238342698038199,-0.019817124258743435,-0.014652227702934733,-0.011591547975366106,-0.008626514765713092,-0.009582975749986488,-0.01876501557104409,-0.030338229009585018,-0.038468156859991574,-0.039233315141964854,-0.04325046615862749,-0.050328282403155414,-0.05214554937282804,-0.07003142624550977,-0.2069017154903155,-0.5216734355647893,-0.8583476553381564,-1.0,-0.9117185865138943,-0.7036877949735242,-0.4924056381070116,-0.3167038841336042,-0.179259822477235,-0.07070094411950532,0.0173892731778443,0.08214181269349431,0.13704301957866874,0.18237947946668268,0.2268551465011042,0.26463557643198443,0.2897906787650382,0.29581641550365967,0.295146775066134,0.2901731937060805,0.2810868471850002,0.27037444447389986,0.2560274611325857,0.24684542167630047,0.23546349525484597,0.22207295101146052,0.20466519446964734,0.19490916082017282,0.19156156561383647,0.19098771149325294,0.1830490732133397,0.16698046914668918,0.1488075893410542,0.12948695460338355,0.1199222951516017,0.11121846357156373,0.10653176258093339,0.09495848530722054,0.0860633495657928,0.07611613431845861,0.06836878852721798,0.0606214077178259
0.015110182860990041,0.018016175251268918,0.019392700234270942,0.030863720371458327,0.04707615631789282,0.071241796650128,0.08898360317530223,0.09647799195436725,0.09754871491805016,0.10504315036147041,0.10810204551132216,0.1061137706635718,0.11177279435411264,0.13257356135923595,0.15306844351580962,0.10351364212288273,-0.07528157224761287,-0.4207901887725595,-0.8178399029695215,-1.0,-0.8473594754377868,-0.49925238229032637,-0.20543986375973566,-0.04056257798992806,0.047534978924281775,0.09525445256016864,0.10963154441703879,0.10947857866058636,0.10550193563637518,0.10779615132990146,0.11727886162107207,0.12844399924292757,0.12951467554225524,0.12125555130963848,0.12140849840034883,0.12798513930505442,0.12569094227727023,0.12202018410160871,0.11620825998471276,0.10932565956848915,0.09403090383309899,0.07368893610218702,0.06757103847446648,0.0749124894956922,0.0857717142703849,0.08898362184104432,0.07170063792225904,0.04554665507895842,0.028569523343674134,0.028263624495817912,0.030404888432198324,0.02551058269607603,0.012051233463825332,0.0033332522098576244,0.006698088351311418,0.014039549142886514,0.022298694957767574,0.03392266685210083
0.012123374279027505,0.01713547881190387,0.023764404784319952,0.026836342088144283,0.03475870918024926,0.049633330769113373,0.05351372688853621,0.055777225108384045,0.0614360125877004,0.07032851200677323,0.07647236194989437,0.06725663389781492,0.06030431034037875,0.0625678480234706,0.0654780205571738,0.027806427552509862,-0.13258106548669882,-0.4661301457996488,-0.8476967399475802,-1.0,-0.817786205558659,-0.4714656158536595,-0.1875528119135457,-0.017787616403652593,0.07582567283732251,0.1231982734057128,0.13532433184447154,0.1401747098372444,0.1354860028893881,0.13079716768598879,0.12077296108668882,0.12125802355049362,0.12788691129289206,0.13467752927507312,0.13710279226504207,0.1409831439883154,0.14211485116854256,0.13661771006961526,0.12335987538995237,0.11155715904102682,0.10622167912120514,0.10783850796010311,0.10282642932498062,0.10395813650520778,0.10072448869322284,0.09797595267409771,0.09571243965553337,0.09231714053025385,0.08035274327060071,0.057717386171304196,0.03168677434287768,0.012285057656207852,0.011153288814661927,0.028453165994136755,0.03378861878297818,0.03006995536979071,0.0258662467579677,0.01972235488514978
0.03624690752310867,0.04829986223444149,0.05309016358647084,0.057880422507234144,0.06143451721082318,0.0558716085084748,0.05401731032227712,0.0683881059429075,0.0793594358225533,0.07858682847223425,0.07024243241661587,0.07966843916016594,0.09465743475401134,0.09682082585493886,0.09388483683286254,0.055408028068693986,-0.10081710918688429,-0.43366559251948295,-0.8252317630178171,-1.0,-0.8428480177420629,-0.5049021061246979,-0.21099381398347372,-0.03282590617585365,0.08152278920679988,0.16079427593194523,0.20653401150135392,0.2273948059851176,0.23125801246177694,0.21086054854478298,0.18752723704326615,0.16295766703287276,0.15136825504463985,0.14039696288167497,0.14116957023199403,0.13807908425569648,0.1260261059714381,0.10562880235033804,0.09017616502710533,0.09017622160212672,0.08337708267841246,0.06746096863627145,0.05262655485917933,0.04953606416829669,0.04860889385956483,0.04814533699270959,0.045363887356120514,0.02620274088031707,0.008895912627698047,0.001169647299825805,0.0034875279884352853,0.004723729922290481,0.0028694252535382695,0.0008605932804231697,0.002096793151647378,-0.003157065398731471,-0.011655949826552842,-0.015055509269916606
0.016735867745646,0.038516656883566196,0.055655671494884366,0.06243985178514242,0.06761724579587948,0.0736873176127186,0.07672234807412805,0.08975511504380719,0.10118115020406651,0.10243085773533252,0.09100482802208332,0.09296866581480871,0.11903431414137948,0.14152925669055208,0.1499202777304323,0.10957207319776462,-0.06503146572312511,-0.4049558469687839,-0.8136146435590039,-1.0,-0.8286111775102769,-0.4522668338064535,-0.14608461037507808,0.01834264176939424,0.07797208284044464,0.09778902465337172,0.10439470097506803,0.10296644045214924,0.09207607516086852,0.09457544120030947,0.11260712544721453,0.135102155148549,0.1499202123663109,0.13295976981118093,0.10439476633918944,0.08814837778737725,0.08261386145230426,0.08029298304039469,0.08564891370175418,0.09136187953528772,0.09600369082920804,0.08386362345367145,0.058155102898446734,0.03869521259872405,0.026555073050303385,0.02030648909438735,0.029411590010883393,0.04512233320526252,0.04851440973286626,0.03619578119516168,0.025662417032241782,0.014414953247294398,0.006559579947914171,0.011915519120226972,0.028697470643444228,0.042622896354690035,0.03405337679325819,0.023877109081376167
-0.01750229694633008,-0.02298158330210667,-0.021033393278908817,-0.01591939263955149,-0.01433648641724027,-0.021155156142148218,-0.023346866783737864,-0.023712153515969885,-0.02310334755846071,-0.02614739313463916,-0.022981586552707496,-0.015310581661024971,-0.015432343363335505,-0.016284677020902555,-0.012753579643487839,-0.05366559497452048,-0.245319069335302,-0.584426666162992,-0.8909007122957274,-1.0,-0.9018591080817213,-0.6860970195938195,-0.4329546710506886,-0.1957619619953042,-0.010927149929485883,0.12739446477602148,0.22797011986776264,0.2894598373488408,0.32404040506446646,0.3435223740234339,0.34754051786181206,0.3399912779230409,0.3337812706648342,0.3286673288555472,0.31588235545321375,0.2893381645736814,0.25828881183756464,0.2305270016130692,0.2131150301202075,0.19253724833044178,0.16976778143952148,0.15442574797320754,0.14346715900865023,0.1293426854477414,0.1113218448428402,0.09634517890940741,0.08356010891779224,0.07004454161864668,0.054215504994015985,0.043135154094962366,0.028158432436943975,0.014277577476823297,0.006971859549558567,0.002588429907691439,0.002344906038698821,0.007945960597987599,0.011720569422456062,0.0022231403892301388
-0.01875779323574189,-0.01565078775189607,-0.012870832826354137,-0.013606702234386241,-0.01360670613221269,-0.008537381707237729,0.0026642031680931596,0.013620493147586786,0.011985219619630625,0.002500675316375758,-0.01769487217801449,-0.03960745899717629,-0.06004826958113997,-0.08923783831789937,-0.1262766940449155,-0.1807313027753166,-0.312779724350828,-0.5921641297154757,-0.9018837978697801,-1.0,-0.797880797635666,-0.4483427405736253,-0.14344715714168105,0.04501762364635123,0.16332960090402593,0.22416177714183874,0.2482002678180263,0.25408722557689206,0.2535966058499104,0.24566558549275433,0.2335645968093255,0.22334408424915977,0.21377779784787432,0.20462024813013555,0.19505392181510725,0.18499697577309732,0.1741223967090227,0.16749952931655585,0.16733602266901432,0.1639019440194712,0.1496750296511885,0.13552994843416225,0.12228424358453571,0.11165493447020906,0.10184338809761134,0.0948117341294193,0.08688061398790613,0.08483647156213014,0.08377351869813891,0.07715068124097922,0.06562197081316355,0.057282168869500126,0.05433868999006724,0.04812467403315775,0.040438868744353255,0.03471542262224686,0.02915549811533555,0.021960335004993062
0.015283466293239109,0.015459486296537367,0.024436518548132932,0.042742588150365614,0.056120111086229746,0.04872726020691677,0.0393982376248606,0.04784715750522894,0.05770430185670021,0.056120111086229746,0.05383185104335239,0.07337007677985209,0.11526291275034048,0.16261239030464714,0.1944719786792734,0.16226021066783078,-0.004430776761362316,-0.369497250411676,-0.8109560631308754,-1.0,-0.8070837949108921,-0.410510125995893,-0.09525710786145128,0.07759457834058257,0.13620927166126087,0.14166600991215444,0.11737512056756115,0.09836497095213544,0.105581791087364,0.11297464196667698,0.1133266819732735,0.10417365254255023,0.09449245569407076,0.08674760240091277,0.09009193950043509,0.10170936175558848,0.10945419893756725,0.11103832526332086,0.09185213416302461,0.05788033260078461,0.04063036422196573,0.04960741392733877,0.06896958743818178,0.07354609678315036,0.06034460727656715,0.04080636811408478,0.037461998792204014,0.03781403074321093,0.03640588682800407,0.03218139600805974,0.02126814506278161,0.012819201686943577,0.009826846862292245,0.010706944193587,0.008066646158010532,0.009474804170499194,0.014931431657035664,0.0166916209492321
0.00041152102836526205,0.006951025532418524,0.011296060535371988,0.016738329954108528,0.024375076238814963,0.03446961358145029,0.039253525210655664,0.03288958648856355,0.022356145738330505,0.014368317435191518,0.0006309640282267355,-0.013676938500243294,-0.01854864942400355,-0.03241766796135157,-0.06454469358373695,-0.07367367770977992,-0.12449762319827141,-0.3977956437726109,-0.8214160728482343,-1.0,-0.7475944286646267,-0.3241933280986115,-0.03096932742392472,0.10377101384157611,0.16245121355939907,0.17254585267114847,0.16196847444498702,0.15709673339221275,0.1535855704066609,0.14774826542475594,0.14107709645985309,0.1328258709425831,0.12334572445407017,0.1169817803757089,0.11303174612017432,0.11079338266283306,0.11070559341128286,0.11219781786194649,0.11149557883731313,0.10846720852886496,0.10631662361053558,0.1033320675838251,0.09986485814300913,0.09319366775302965,0.08823416958632013,0.08498636364288058,0.08366965342008742,0.07831513575901695,0.06949338723205388,0.06260271835692972,0.055931527966950216,0.05088425661749798,0.046451402903513926,0.04302803988205062,0.040877428182375435,0.0368396261003673,0.03354794427809471,0.027930090999988607
-0.0360911048138233,-0.034082437696023864,-0.03483568788925768,-0.03835085597094137,-0.04111277174219695,-0.03584002231428234,-0.02981401903616193,-0.018766351331806604,-0.02077500824857893,-0.02554559209999499,-0.026549931336824893,-0.010982756698900384,0.017138577176125446,0.052541361087029795,0.07664534263406905,0.06308683030213874,-0.020523933640398565,-0.23595348467088104,-0.5904831927567481,-0.9121207244335235,-1.0,-0.8523637019893459,-0.6060504682501104,-0.37605818806319297,-0.18774542303103123,-0.027805356730167735,0.08945060188568241,0.16904403813667596,0.22955521905044443,0.2770101076784165,0.31843865139009614,0.3450535730309263,0.363382519855838,0.377443424689002,0.3776944700414065,0.3616250545703495,0.3485687992392173,0.32973768780016804,0.30914874152898786,0.2925772599895647,0.2777631944627444,0.2521526759595177,0.20268925205720975,0.15171927272138225,0.10577101343625826,0.07011720265028153,0.043000177986420904,0.02441999487667275,0.009354997940995993,0.002073574081337983,-0.003952435163420921,-0.022281519028545877,-0.03734652549159701,-0.043623605206383774,-0.049649610601698486,-0.06195269600050827,-0.07802202986334841,-0.0785241821592645
0.012664764134059685,0.01928234550904986,0.028163842523890443,0.034955589443441674,0.03512973639164202,0.03721948383030841,0.03739362546526284,0.04383707848841338,0.053589265081665394,0.055156608868452174,0.04993222167542548,0.0445336769077066,0.06229664437115818,0.09399140488335885,0.11593390973011054,0.06456057063750043,-0.125782128757412,-0.45910034399713867,-0.8389155606235373,-1.0,-0.8401344617430377,-0.5000250043421219,-0.20380006781608517,-0.023209518485859084,0.07257133556796223,0.12655700108823364,0.15006683909528032,0.16539177053691073,0.17810446587606044,0.1800201248122316,0.17531817846380593,0.16138638010181094,0.15111165702553137,0.1453647864819363,0.14937016629054425,0.14797695882546597,0.1476286968085408,0.1537239037545039,0.15738102154618666,0.15180826607131642,0.14519058640127677,0.13561247237078225,0.1188944291025001,0.09521039101479392,0.07884059913694509,0.07483526183430449,0.07257130368848673,0.051847838105629276,0.02433262825984355,0.015102818752241565,0.01336134927023811,0.012316472894281952,0.0027383907432629454,-0.004401640110352881,-0.009626049884674729,-0.011715816168760237,-0.010845079186232887,-0.015721190747141737
0.0005133462365138644,-0.005025829440367371,-0.006272148106869599,0.0009287865842067507,0.015192170217095466,0.019346556793925267,0.020869817647846147,0.020038934839947994,0.009791473159748923,-0.013334593087721247,-0.04006112773698578,-0.07024966484358429,-0.10431554520306362,-0.13907389444659812,-0.168016083047457,-0.2171763418108795,-0.3368228408445486,-0.5844252120190631,-0.885755127529126,-1.0,-0.8169309613014837,-0.48181146092650684,-0.21066786016001546,-0.049616177570963996,0.05147376763947657,0.10658861575700435,0.14148543596221616,0.17139705649560866,0.19106106536042292,0.19355374547180312,0.19299970952420234,0.20615532123864785,0.21778762562390008,0.21903390652924348,0.2155719212360726,0.21335619994814606,0.2126639042901063,0.2097557690434465,0.20629385135067188,0.20615545643944036,0.20421684607585908,0.19756978361267383,0.18164448226309723,0.16045714916899062,0.1464706947843822,0.14093155211550695,0.14328570211486313,0.1383004432926971,0.11835936575378528,0.10160336538488784,0.08720150656529706,0.07418440806277649,0.057843854379109085,0.05493575293264743,0.0690606698288836,0.08180074190755425,0.07404594555114871,0.05562816689138067
0.023379286251564373,0.03535274816471553,0.0371135511897292,0.030070336403558117,0.028309525320195233,0.036409238038072944,0.03746570373638272,0.03183112331187336,0.04221989607896726,0.05524981697513719,0.06475815868244382,0.06229303444742468,0.05648237909264676,0.048382698608165894,0.04556541914037683,0.016512159826243863,-0.12628903399833305,-0.4323176204699423,-0.823215977978702,-1.0,-0.8265613747926406,-0.4553841400976214,-0.1461861081809875,0.02830956292582489,0.10015035320754666,0.11335635440621794,0.11652579985124255,0.11335635440621794,0.12480154183540995,0.1443464661575273,0.16336314957214054,0.16934997655737757,0.16653263799502763,0.15772861212549366,0.14311391478448335,0.13800766122320302,0.12885148549313194,0.11723014255017924,0.10103077620898472,0.10032632606539187,0.12233644983378766,0.12444943495273529,0.10191109176576663,0.07426647890081921,0.07215353138750123,0.0707448943397231,0.07514689115779166,0.06634292438281858,0.05771496269908756,0.04450890777808819,0.04186771935726611,0.046269732292033086,0.03693747088722783,0.027781292471040345,0.01281446004313314,0.010349337151172203,0.015807827871772782,0.030774657613563582
-0.044985277273817084,-0.044037487743145046,-0.04012785353261648,-0.040364800915284486,-0.045222218265801306,-0.05233062536680307,-0.059794456737148734,-0.06619201689713364,-0.07377434911921939,-0.08716182191914974,-0.11369990960591543,-0.15125597070319624,-0.1927217946235168,-0.23087024015417712,-0.269374058828711,-0.3476852934188219,-0.5223150990506987,-0.7807055775864425,-0.9888635433121252,-1.0,-0.8071249199778133,-0.5272909365705728,-0.26700464890886877,-0.07057552749978234,0.07052642159576851,0.17632330972938465,0.2498952260064758,0.3073550653590667,0.35438924543700034,0.3795057574693823,0.3869695137491935,0.38531087567983363,0.3797424683967503,0.36979074223153174,0.351782741148763,0.3330639937782471,0.31576681567143106,0.2963370663858164,0.2772628436204863,0.2584254340334647,0.24195751105449073,0.2199214364197848,0.2026243350011742,0.1895922992519553,0.175612397283859,0.1593814408596044,0.14480932700659077,0.1329619578731903,0.11696805747322805,0.09433954088898858,0.06803840697557469,0.0515706182009602,0.045409992642275736,0.039367850360950966,0.0275204812275505,0.015436193469559056,0.009512515293542608,-0.003993453565114998
-0.006212998362713137,-0.0003894278424419945,-0.002841456694376355,-0.010504047976898594,-0.009993207739810748,-0.003250130442623831,-0.005702159294558191,-0.014692934219398079,-0.02470537520157456,-0.027566085984286698,-0.02685091413327316,-0.019392657776653163,-0.009380201987993282,0.030771785902087255,0.11066717443503545,0.1291596555037471,-0.05985115234167435,-0.47261009352162053,-0.8698383054168471,-1.0,-0.8529802356800751,-0.5729383262766775,-0.2927947727026235,-0.09765335131661143,0.019328967708473907,0.10075683039019179,0.16614456776670003,0.21937426834126536,0.25942416630761045,0.28884865747850236,0.30151754601203995,0.29559176068703524,0.28435322208983355,0.27148004772557555,0.25768733775072356,0.24266861354472652,0.21916993263607454,0.19260615380647197,0.1708443014547069,0.15235185779184804,0.13631143012266164,0.1200666542796668,0.1035154247533561,0.08410345171421206,0.06632627029984432,0.052022677421853646,0.0427254090699793,0.033632454603215,0.02944357264680281,0.02127016002494127,0.01544658463411638,0.010849039060208515,0.004412449540213709,-0.0038631406753507455,-0.009278034719864313,-0.01346691998825305,-0.012547407366672777,-0.013569087840848468
-0.005019273006542141,-0.0008544378603490736,0.002893917841901297,-0.004602790722592507,-0.019387959609587956,-0.03583906804574071,-0.04333576241019983,-0.04187806636968979,-0.03583906615240275,-0.0252187267315865,-0.02605169792616862,-0.03229894827878577,-0.03771324163685549,-0.05624676149275642,-0.11871928016563163,-0.22908750857331828,-0.4085923508646659,-0.6736848085022326,-0.9308640828647076,-1.0,-0.8067518112863709,-0.48439263585140996,-0.21201172073134858,-0.04208631461168195,0.0676571293099311,0.15366105937969055,0.20134836561879726,0.21821611348595016,0.22279738547598188,0.24070618143262384,0.2702766668869755,0.2954739960596305,0.2985977310495406,0.28360419085358574,0.26298816396436975,0.2409144486079956,0.22717048117086383,0.21509242393615102,0.20822037963077047,0.20488851378582157,0.18885394064708128,0.16386487864979798,0.14928797883151224,0.14949620056677299,0.14470666140136954,0.13137910714135195,0.11159614895362292,0.09889338107301687,0.09139665641515042,0.09035549472538386,0.09493675156871191,0.08389996962404314,0.05328843608020243,0.029757104203512443,0.018512062656823765,0.02226040983905332,0.02038622110123488,0.013097761725402213
-0.0009636622033773334,-0.0033895101906741905,-0.006501914989992648,-0.007463103394409217,-0.0055865098639629965,-0.0031148803438670824,-0.0016502200627516498,0.0005467734137002537,0.0015079588506174604,-0.0056780443019202095,-0.01469486931467645,-0.01652570051379007,-0.017258033272729578,-0.018127680955072636,0.0058104077871089415,0.003613412303230999,-0.17219241082148148,-0.5542401151244365,-0.8988020658532528,-1.0,-0.8959192149345554,-0.7182833681196732,-0.5343757386350819,-0.3709282310364012,-0.24318257000735757,-0.14550803094269782,-0.06778902994778296,-0.010667052406976902,0.03286090412154955,0.06915719737037493,0.09918290053511705,0.11950519638949858,0.13273296513938573,0.13726426544466402,0.1364861410285159,0.13611996417551897,0.13854582298546056,0.14678458432852617,0.15744921565329567,0.1648183223316668,0.1731028096978375,0.1884818241685026,0.20848351278832009,0.22367929918545792,0.23438966770509484,0.2433148332958031,0.2494480861129582,0.24949397971249787,0.2524688636090453,0.25855651329248064,0.2635911126612597,0.2648269553507134,0.2633624713739718,0.2547576225520077,0.2404314014454659,0.22830217442633177,0.22038385274139566,0.21338094525954607
0.014162618435849829,0.008089802348693777,0.006971127337039633,0.019596205416098616,0.0187971565380693,0.006971126118074243,-0.0016586880673919284,-0.005014724682525559,-0.012366039514095324,-0.009649249071384402,0.003295466416729257,0.008089806005589945,0.004573941696059231,-0.0032567943562082863,0.00201696919602228,-0.011247365492850558,-0.14325150254956187,-0.4585599925043582,-0.8448234045689126,-1.0,-0.8251665832432076,-0.49260009833110013,-0.22155920438254598,-0.07373359923349353,-0.010927741187673813,0.025988667140325716,0.06082755123478062,0.09614587879605165,0.12682964631372617,0.1485639844829982,0.15991065066892746,0.14840416349291077,0.12842772944220013,0.12363338253954712,0.13034540579223344,0.14968261439293296,0.15543574096026397,0.14680595359203635,0.13929484489235905,0.14664617160884136,0.1639058341108046,0.172216038009196,0.16598336070609465,0.15815259052279623,0.15367793435893368,0.14888356795283442,0.1431303438682723,0.14009393033935003,0.13322208609657626,0.1255511369033653,0.11468392393597528,0.10685317325612309,0.10173924288363387,0.08543848681874906,0.06769943448444683,0.0569920473830058,0.05123885255361302,0.04484639814317825
-0.031393003283168144,-0.03919799931216362,-0.04614373258192761,-0.04521285750033925,-0.04335111161042033,-0.0440671728717511,-0.046931383731011855,-0.04922277008121932,-0.05351909206778751,-0.061037658393120364,-0.07313899172119111,-0.08158846731417464,-0.08395145352307043,-0.09612438670982949,-0.12004069951263413,-0.1433125594593119,-0.2516518944378528,-0.5383598470082,-0.8802052004222629,-1.0,-0.8114634104973419,-0.49711504654174604,-0.23489612017855416,-0.0626845747941698,0.05202742679380702,0.12950477552538833,0.17805343960162018,0.21378471193728898,0.2387750425622881,0.2545999303446443,0.2589678835271246,0.2540986942989252,0.2431430413261848,0.23848867731359713,0.23791581007196594,0.23440708937980778,0.22495509896280821,0.21428592519229986,0.20812785304255496,0.20755496301021556,0.20483388919388384,0.19545362113562922,0.1789842349157298,0.16695447865563914,0.15900627614327553,0.14919635765379752,0.13967277022694816,0.1325122259857651,0.12141333341190871,0.10429963108013166,0.08618335409872947,0.07665983504400474,0.06684980260098568,0.05524970246979548,0.042002620414269734,0.03276552928268354,0.022024695827877805,0.011856712521672095
-0.015573177255869491,-0.020572803455096936,-0.030872042162189563,-0.03607165586526762,-0.028872194962091913,-0.024772490507341677,-0.025472442671327165,-0.02447252059667059,-0.02637237299613576,-0.029972098871546872,-0.031871955084492656,-0.02547243885784655,-0.030372076548684533,-0.03757151914715328,-0.046970819902476084,-0.08896775449139786,-0.26445527297575616,-0.5943302057646261,-0.9003073917746974,-1.0,-0.8957078826353242,-0.7083215724398043,-0.5280358289173336,-0.38644674843646537,-0.272854692842013,-0.1744616455919207,-0.0745687655677876,0.01762435540415503,0.1021181444337362,0.17581287024150252,0.2376084504471062,0.27930559664703425,0.306503706496687,0.31470319015040754,0.319702766965061,0.31850288122080767,0.3110033695611718,0.3107033920235395,0.3096034499792784,0.30390392557681617,0.2882050522948395,0.2683064690797344,0.25590739752426506,0.24430814403776893,0.23600871668405618,0.22440948760383597,0.20751067976505405,0.1899119487447393,0.1759130091917023,0.16061408155362608,0.13931561536604142,0.12141683358926655,0.11101755126898956,0.10321811088427327,0.09361875646121116,0.07961979860346718,0.06502081245163074,0.052321806069512054
0.021937902088446003,0.02261387742302527,0.019064898636682256,0.021599896374522726,0.02362786620579937,0.01416392535364186,0.012980929846770335,0.02751483265943202,0.043569798567061,0.03799280096572145,0.025486880874789015,0.017543933509154744,0.012473940611564325,0.009600961651660526,0.015177932183049612,-0.0007079818838978382,-0.12475333451638142,-0.44179621285684684,-0.8235654671162879,-1.0,-0.8713918099919706,-0.592543930523237,-0.34969112403530517,-0.20367576995379824,-0.1066703394813938,-0.0343387950387414,0.010783958447577312,0.03934481350905248,0.05911764375686741,0.08446748707456503,0.10998638610007998,0.12435131054763997,0.13415329320698804,0.15257425528454113,0.16693907660848029,0.17640306128817665,0.18772609673012997,0.1933029808954866,0.2002320426019676,0.19786603611968143,0.19212000859142975,0.18045907829344557,0.16524910733494588,0.15663016916618921,0.15832010750263736,0.16153104705988033,0.15798213014770981,0.14987018894843074,0.14767323301778085,0.1510532025019359,0.1387162762446483,0.1206333327714711,0.10440938849874043,0.09917040950177675,0.09697344325876477,0.08362254368724616,0.06418759798310002,0.05793468176517266
-0.035869375866519594,-0.03550647750168593,-0.03078879443381651,-0.024347344695241305,-0.016363574094852375,-0.007472559917896434,0.0007833901219093685,0.007587740474334758,0.007315549962836554,-0.010829371392869595,-0.045576911926605415,-0.07832851603828975,-0.11761231043912494,-0.1740432268338809,-0.248618998151855,-0.35023127521467995,-0.5216096446798125,-0.7594896805189387,-0.9568148968443412,-1.0,-0.8580157034862917,-0.6112450077768123,-0.34723731798921637,-0.12940660149541106,0.027184272589502654,0.14685048064362297,0.23322075338742854,0.2947323212804023,0.3341976701349276,0.3576953283155771,0.3708502010146295,0.3886319636385893,0.39788587635338024,0.3973416171232785,0.3860918067387208,0.37429769283573605,0.3548828425031937,0.33592146033380627,0.3141474816312221,0.2920105601024776,0.26932933505530604,0.2500956461175664,0.22559983980456955,0.19302956316890799,0.1623644595685545,0.1409534236921306,0.11727421659383165,0.08724419650677065,0.059935948669715675,0.04315186361464653,0.023918174676906892,0.003505140227752726,-0.015184160766939665,-0.02842995324588434,-0.03840966381485081,-0.040949955223207435,-0.051201839263046924,-0.06444765527016444
-0.012846502858926715,-0.011595556033421535,0.0007575498379302367,0.007481387614050669,0.011546969355460698,0.010765125310260864,0.008263229922672144,0.0054486010847915505,0.006543179448572437,0.003884917335837779,0.004823126369605191,0.016238017997454474,0.037347760330234306,0.046886222602789435,0.07831627298990258,0.147743828317609,0.09551678988694817,-0.2381733129359213,-0.7213515262409481,-1.0,-0.9321361292895367,-0.6708448256881054,-0.39235272733709115,-0.17062226250466767,-0.0226977202890032,0.0694032984568715,0.13320163778669733,0.1776102809163971,0.20153466250652768,0.21294952548083407,0.21982969611882244,0.21936070882097794,0.21873519329620014,0.21638967331664916,0.20841490260765042,0.1984072793794149,0.18277046099223915,0.16728999022784738,0.1424273284042367,0.12491407458374251,0.11459382557307338,0.10896456095099875,0.10552442006149709,0.10239702998807089,0.09332763836912147,0.08160004541767996,0.07409433146966005,0.06424311143471603,0.05564285298619324,0.04344613728379525,0.03703502687994243,0.028903877289749243,0.018270816682762103,0.016238028416924625,0.014205227995038639,0.012954275091509202,0.01326701375153615,0.01311065223612529
0.07731960243269434,0.08877872289537785,0.0911379295351275,0.08709359879923453,0.08625099047829707,0.08776759393853878,0.09299156912574286,0.09383415688096218,0.10411365345805272,0.10680987052102833,0.10866349982878462,0.09737294113343899,0.0693994153239442,0.031314911002545666,-0.015869436447130583,-0.09574572298580096,-0.2669580103609366,-0.5574797922480977,-0.8709182829146243,-1.0,-0.8490111041075123,-0.543829954932989,-0.2809448375335532,-0.1410764835445146,-0.07501838400432252,-0.015700918381943766,0.05322195870320441,0.10192294174705697,0.12669469886873047,0.1383222885530202,0.14607405271302995,0.15096094035556504,0.16039784917743624,0.1668015613616831,0.16814962362030506,0.1563535081586842,0.14472595960583076,0.13208725638899058,0.11928000682910112,0.12720024535214663,0.14540002158371895,0.1531516726322789,0.1443889183340276,0.1332668340017177,0.12382994574556466,0.11574123285948337,0.11085431436837109,0.11287647973631756,0.1019229314641979,0.09231749686499557,0.07529747819618415,0.059962516784932064,0.04951459725910112,0.046986854559161274,0.05221084002922442,0.041425848383013095,0.024911329924751997,0.01345226794582946
-0.01487652906167198,-0.026068024212379252,-0.030708399273393205,-0.02825173036692036,-0.018970977879699744,-0.013511712788996058,-0.021427647377470764,-0.02579505791265845,-0.026340986964310985,-0.02743283915463427,-0.02333839078008014,-0.02988951279149254,-0.071652891297109,-0.15709037870239137,-0.24853309040623708,-0.32305189270998935,-0.4243214408728309,-0.6178519911928552,-0.8643383738113746,-1.0,-0.88399142231849,-0.5692645752277488,-0.22287453377743272,0.01815203325177908,0.16336853185009173,0.24089005037160507,0.2621810989010223,0.277740131272552,0.28920456094070296,0.28401826096712374,0.270643020488371,0.25726787461732686,0.24389263413857415,0.23133631798480553,0.21905296399167049,0.20731555324134424,0.2018562721855897,0.1966699722120105,0.18984589927462991,0.18738922090738622,0.19039188036052215,0.1868433155076608,0.1761977912429522,0.16609809669180217,0.157363269708445,0.14589885896183571,0.12870213877344241,0.11778362396578768,0.10795694833989632,0.09785731055337138,0.09103321869444911,0.08066061874729064,0.06974209447886505,0.05827762696763065,0.0539102371278792,0.04763206485983861,0.036713545321798456,0.015695361980113526
-0.013559396609212872,-0.015520157117350889,-0.014985405128817457,-0.018015671005928054,-0.016589664342197757,-0.02015468313577893,-0.025323956688642114,-0.02799772219893214,-0.025145702932673826,-0.014272398456378592,-0.006072856892149381,0.0014136805978649653,0.017456279598402832,0.021199569129202032,-0.011242133043236567,-0.05830039600261984,-0.12674879009664558,-0.30606956391280693,-0.6358344915443792,-0.9443862475105488,-1.0,-0.8087377411544313,-0.5169408538935587,-0.25134632226413794,-0.04724882496482373,0.09125222846819953,0.1835862324166272,0.24330053469142543,0.28518951184917524,0.31727476923822817,0.3318913619462106,0.3276133608849374,0.3105012853742722,0.2989149523262215,0.2935673975504505,0.2778812273727794,0.2520347720111971,0.23082290688129325,0.2151368554795766,0.1996289442543218,0.18216027957325126,0.16522646301500227,0.14080601988477315,0.10872083376129285,0.09178692218228031,0.08323089630454313,0.07075329818839955,0.051858722235537134,0.044193937670701934,0.04294617251416963,0.037955129704433564,0.020843045285571717,0.003374453354773283,-0.003933842999217931,-0.004825096932065081,-0.001081827444708192,-0.009816125637156553,-0.0183721718367172
-0.01338243616840767,-0.016351868821352086,-0.012520342546879053,-0.008114087897416302,-0.01041300384132296,-0.0190339408712584,-0.022578099210849963,-0.02142863887641377,-0.01807605345753168,-0.019321302859200248,-0.030720100843344526,-0.057923940463330784,-0.11616323453015125,-0.1999781776137653,-0.28944461244730685,-0.3605196923573799,-0.4703885318024609,-0.6851450306045137,-0.9248068876165629,-1.0,-0.8147461819770377,-0.4712504698259803,-0.14968923470412013,0.04418625760636063,0.16401760321280798,0.2270464614335471,0.25348405890137066,0.2603808769558571,0.2647871258213101,0.272641814996538,0.2709175427040977,0.25932707273789357,0.24534200838992032,0.2417978643881558,0.24189365150022993,0.2380621670172641,0.2321232826485825,0.22695065346645182,0.21507282216402523,0.20108775781605198,0.18767737443048133,0.18231323358926577,0.17283016350877733,0.15635449868923892,0.14093256509509008,0.13135376004008037,0.1299169429314576,0.1227327739682593,0.1137286498756522,0.10022245852298628,0.08298054894440754,0.07033648852420647,0.06248183063151027,0.05750084345234656,0.05290300993523472,0.046102025916619965,0.03614004113078198,0.02636963838972521
-0.013049228842846898,-0.012566849262236064,-0.013370815366824083,-0.016104304570906662,-0.024787157417580134,-0.03250523783797628,-0.026073501637622423,-0.01481795259106897,-0.008547010047393002,-0.009190182996310947,-0.01578271893534449,-0.022857637731929496,-0.039901733881155456,-0.0702917083583026,-0.11965538927118076,-0.20921748812856616,-0.35827355747920847,-0.601554783885459,-0.8707223790410523,-1.0,-0.8702401945825942,-0.5613562988292078,-0.2383211401969878,-0.015621922761976204,0.1324689368874316,0.22733726605306107,0.2762185880169466,0.2945491139536885,0.2882782462815519,0.27975620911259735,0.28088175359395995,0.26978702798492077,0.2546724699770751,0.22798057238657027,0.21109716356385275,0.199680784788059,0.195178580017911,0.19148044105290543,0.1797423956880083,0.16125104316788913,0.15112100861213765,0.15079940913477827,0.14806602833480445,0.14452850119559532,0.13922228430970005,0.13230809688170553,0.11687196624119803,0.09661203135318316,0.07763829975054812,0.062202148976517435,0.05802152355020559,0.054805622733053456,0.04274608526958736,0.026184393369781272,0.019913435096790298,0.027149151534812992,0.024898035727390178,0.021360579055512276
-0.02059806498322344,-0.02255383714542417,-0.025487495787028278,-0.027541056650276417,-0.028714519469633236,-0.02988798335113143,-0.031305915533288674,-0.03228380360590411,-0.03120813161187745,-0.033897319563004416,-0.041915976054629774,-0.05228159429777552,-0.06230492048854943,-0.090125823196334,-0.13593992761958593,-0.19231527336015752,-0.3300992095332189,-0.6192114747054539,-0.9258275238417952,-1.0,-0.7815894728575467,-0.4418225468936279,-0.1446920065385211,0.06125102017228644,0.20015996799266964,0.27971078818888706,0.31833731819869376,0.33222322771397417,0.32953412367201584,0.31344793306696805,0.2956015787694496,0.2808845478767582,0.26983430091893107,0.25795318749762286,0.2469030764938917,0.23423941129597076,0.2196689049302502,0.2025560229806862,0.1858831734571089,0.17038362477632868,0.15424842271967062,0.13733094079459182,0.12109795375438116,0.10706524780393788,0.09200572305201336,0.07723961273066363,0.06428259258208487,0.05245015072714696,0.04511601354964139,0.03729286223449734,0.02844296009492006,0.019250840252867198,0.010938772517091183,0.0015021668490465853,-0.003925107917831898,-0.008032229113257482,-0.013655075971523904,-0.019620177574446358
-0.022341465105263074,-0.01903235138382247,-0.012230283315970746,-0.007910050539199477,-0.012046445144924242,-0.011770686486112195,-0.004233244349879519,0.008267825600124193,0.020401245850638423,0.029593210492655272,0.02573259347601348,0.0005465719354485391,-0.04109309421894816,-0.08521462546207399,-0.13007162156876909,-0.18255802166561,-0.3274242224037886,-0.6193606795307125,-0.9176407686016859,-1.0,-0.8210326914285209,-0.5252350423656159,-0.24956787144958734,-0.059568976943441244,0.06424703175625396,0.1462398516350214,0.20267884742932468,0.2388033908882029,0.25783087646709985,0.26840174167471215,0.27465230960240783,0.27483614917569665,0.2679420978697369,0.26527640162117266,0.27033198988661455,0.27474418451729893,0.2640814892665488,0.24615701869150802,0.22225778442045804,0.1974392849753341,0.17730885170021105,0.1650833966791846,0.15524805803380232,0.1431145452352969,0.12914272644741015,0.11305666282319562,0.09926864995478268,0.08134415694386522,0.06452281355206381,0.05009137900404757,0.04034783674798812,0.02747905820431871,0.011301200995265968,-0.0006483894976555021,-0.006990856879482373,-0.007910058251532076,-0.005336297214277489,-0.008553489746831405
0.04256267191751538,0.03385409825633684,0.029089018724289387,0.031060784588346404,0.028760403613274203,0.023173778783892193,0.023995331601023337,0.029581953923806484,0.03171804238296427,0.025145532114954895,0.022187888332067092,0.014136578732003581,-0.010510310333692683,-0.032528204566600986,-0.058982510581965436,-0.10597588517889597,-0.2375904833189526,-0.5246453429587826,-0.8700298410048011,-1.0,-0.7905031192295717,-0.4163631596540678,-0.11484885412654233,0.0494637797503479,0.11699629060701389,0.13490641072787102,0.1322774096285859,0.1311271915684623,0.1299769735083387,0.13277023704435187,0.14032866533677385,0.15150190998234014,0.15117334500330223,0.14476509466542203,0.14903721142536488,0.1556097743319504,0.1470655408120647,0.14328623141509686,0.14624391781016535,0.14476513477100383,0.13474205805358389,0.13375618264135197,0.12784091011516954,0.11518887240404628,0.115188822272069,0.11978958422221342,0.12077547968723625,0.11272417384707102,0.10138656650082215,0.08561254987871598,0.06770244981064975,0.047327716357178744,0.03681171446663714,0.03648308682262764,0.03599015663630827,0.04141246889698496,0.04552029815421113,0.04716341882806661
0.03881774077631198,0.03604103341770902,0.03195762793135582,0.026404183313731268,0.019217405903643747,0.03261098197863404,0.044371160476921016,0.050251257201169165,0.06380816182117281,0.07916171282844346,0.09190198219848503,0.11150234447987033,0.1441696481715332,0.17994022661056988,0.1863102915279472,0.14580285887062014,-0.0051196561105357466,-0.34665619859855784,-0.7857040984185746,-1.0,-0.8235978158826026,-0.45135506590089636,-0.15244881353291725,-0.00511966109393885,0.05743803211955513,0.07556831041904116,0.08144845697732034,0.08732849888413435,0.09467869454049109,0.11182901652010634,0.1279992326777577,0.12669257441723228,0.11656575113672225,0.11395237481483418,0.1113389685925275,0.10300881163289688,0.09745538694888474,0.10104879932509325,0.10055872149709578,0.09320864045901044,0.0850418045692885,0.08161177306382593,0.07556839513689392,0.07099494172296188,0.0711582976766923,0.0714849597501221,0.05890807125082648,0.04812787897282891,0.046984544273913735,0.045841182166281504,0.04028776744907558,0.026894196357488385,0.007130538546135287,-0.002832964910316837,-0.008223047967882478,-0.009366401354559281,-0.010673087023801762,-0.011326428612572227
-0.020117903868031906,-0.026815055502434695,-0.0313650347244239,-0.030495940321180852,-0.03126278346120429,-0.03320547635390785,-0.034841420136287334,-0.03305210023896756,-0.030547061273455908,-0.0317228946484644,-0.03305210023896756,-0.03136503316464565,-0.03555713686481184,-0.045066073845438426,-0.04828685683559397,-0.07226369323481928,-0.2035999106466211,-0.5014948711007939,-0.8360465920043231,-1.0,-0.9153907397054376,-0.6685659888202687,-0.38411569297516845,-0.1365258895754079,0.04036099378370831,0.1612169987384422,0.23938415024986232,0.28892268253320624,0.32501552699294517,0.3460271625466056,0.35425817476627475,0.35170191034334525,0.3427042109614777,0.3246066155267618,0.3061509698750588,0.2911207719568886,0.2782377023873965,0.2596290736848723,0.2290574199726557,0.1892838232753219,0.1460333186404107,0.11270075759878277,0.09521651688511595,0.0909221728401779,0.08611657715847655,0.07947050553216974,0.07164861690852606,0.0617817903680722,0.0523750422595352,0.04261046230296621,0.03376610160136095,0.027068937878676712,0.017662220965704724,0.005341518526027038,-0.00529214413544812,-0.01071121776068037,-0.01004661496542879,-0.009586500658612175
-0.0159921661913061,-0.013820443235308759,-0.024027544587577745,-0.02989120100683737,-0.03618919731816691,-0.0368407159671397,-0.0472650019502235,-0.05812361607755333,-0.0652903238268815,-0.06463878951414354,-0.05790644841581746,-0.05443168750921766,-0.0629014142820987,-0.09113383424774128,-0.12066930456446708,-0.16106333549065832,-0.2807254791510486,-0.5467618535570414,-0.8512373374544527,-1.0,-0.9109599742595492,-0.6664240807575127,-0.39669542273784014,-0.1766997830660052,-0.024244715838926467,0.08390712307007266,0.16556405397709092,0.2252865445870457,0.26003414321053353,0.27871103203277364,0.2910899594608274,0.31215571866843733,0.3345243480938309,0.34625162112028035,0.3382161931220856,0.32323127463822166,0.30911519388146314,0.29326154209559496,0.27024117472851605,0.25438754382766815,0.24939276592656912,0.23419066411720413,0.20487223093083767,0.17425080221656614,0.15470532628746353,0.14558410697188504,0.13298822595355286,0.11279115827790663,0.08868494738089332,0.06631617176035805,0.05328585099345294,0.03960400113506493,0.02375041722551257,0.018321089929484297,0.012240249205738296,0.005073564952057896,-0.0049163746123871655,-0.0031789941590872673
0.006567156232528343,0.006567155736699006,0.012407467945307718,0.02611950781882801,0.03983153920127092,0.054051420806542856,0.060399622966306174,0.05836819430854722,0.06166926339825884,0.0659859893006469,0.06877919428430808,0.08630012514611816,0.11626348860808276,0.16933420479908387,0.21859601556076574,0.19548862316538232,0.005805378419138118,-0.3870196621032934,-0.8268211720139668,-1.0,-0.8016823549274591,-0.4372974549416964,-0.13893277849283625,0.024088095027607823,0.09620328084900204,0.12007237023759385,0.11042315848763928,0.09391792807148724,0.08477655662777497,0.08655402943270056,0.09594933689607274,0.0934101036317837,0.09341005603216741,0.08706190940528977,0.0822372995636778,0.07792052606167343,0.08274511607011195,0.07588914500353076,0.05989174696035165,0.04795719829942106,0.04313258449117439,0.0433865205108343,0.04998860315737186,0.05075037948327408,0.052781796241128956,0.053543584466935246,0.04643364961425132,0.05481321299898383,0.05735248592961978,0.06090746327254847,0.05659069770381349,0.05252788798791188,0.051258247555959216,0.055828921377911275,0.05557500519142482,0.05151216770908037,0.047449354026544065,0.04287865640478385
-0.005998042871973625,-0.006128677269523709,-0.003581297985434613,0.0014481471828270006,0.0009256083470992982,-0.001229868927590542,-0.0021443128865359135,-0.002340265199039275,0.005301879098832128,0.011115133454830818,0.016471170159564417,0.023721388938707545,0.04579872617919738,0.07669395874043244,0.11405569038421476,0.1254862995629309,-0.003711931822497383,-0.3762828452231957,-0.8261244754595602,-1.0,-0.8215520309094203,-0.4988838702651758,-0.22833931999908735,-0.05570465956949949,0.04651722607725818,0.10595632684703088,0.14312205831892083,0.17035952974159732,0.18721152695127188,0.19720514430524155,0.19988315966834266,0.19348204977605218,0.17930806792947873,0.16441568981272126,0.15259313608984634,0.14508161364083683,0.13430421879780155,0.1252250457141591,0.1172562851872357,0.11229214320556627,0.10745862814828273,0.1021025814793302,0.09387251130400905,0.08472802874386123,0.0783269108801956,0.07421189572097286,0.07284025322960747,0.06591656389739715,0.054355367651170834,0.04821547972215157,0.04795421391631708,0.04651722209157061,0.0373727514884855,0.0322126731059248,0.02881616780898179,0.02326417676776286,0.01980235402293934,0.018822594297575396
0.021535479392623572,0.03105945565958366,0.052576595646056996,0.061042331999312006,0.05927864320363241,0.045521813557987775,0.03846700994563788,0.0472855292590182,0.07074269571053213,0.074270094826172,0.0740937087271795,0.08573415271414188,0.10125475725258878,0.11377706716167163,0.10919143754919948,0.04834375437478033,-0.15201267144459876,-0.4936425026783175,-0.8522027519287937,-1.0,-0.854671845212619,-0.5389698396056578,-0.25289654444326687,-0.07388066803070227,0.022770074464167688,0.08326499485747464,0.1146588523677396,0.12788660981352942,0.15063835563368722,0.17021545301190943,0.16721706690435256,0.15451848389875072,0.14922741751171192,0.15152011931547452,0.155929389734305,0.1531075673010561,0.147640023336832,0.13793966500668203,0.1333540999670519,0.1294739501777077,0.12876844883029906,0.12471191832303254,0.11218968374893203,0.08538141818364807,0.07127179481573778,0.07656291501347824,0.08626328410576853,0.07603379438399192,0.05645674543540118,0.04781462836422385,0.045345424768460194,0.031588568217464724,0.019771778489536096,0.016773490586509756,0.01218787106354416,0.011835133842515258,0.018713556064309054,0.013069718824552814
-0.02639866108370127,-0.02886763907915318,-0.028397356403216913,-0.025458098422145845,-0.02651623108010606,-0.026868942414478982,-0.025928380649695926,-0.02581080796297403,-0.023694539059964114,-0.023929679052773694,-0.0286324990863436,-0.022166123950260724,0.013928014482802372,0.0649535767608169,0.08282429154322399,0.018042980050486483,-0.17477268930320153,-0.5158449083507667,-0.8611487020708264,-1.0,-0.860796249006896,-0.5678108727680824,-0.2728264546072322,-0.05414528022535087,0.08776230044369764,0.1872270258720834,0.24612983306071962,0.27187776046994305,0.2745819380935671,0.26353028758649966,0.2473055662053452,0.22649551138719515,0.2101532339096076,0.20168817623301535,0.18828514552684425,0.17358894036647787,0.16477108526536519,0.16018580922180134,0.1580696129573534,0.15277887119996994,0.14560703102264672,0.1363189515358018,0.12679573115937495,0.11691979944857517,0.11057095238478878,0.10469241579688214,0.0998720777797049,0.08729201149035477,0.07271326198791601,0.06248464046528018,0.056370998858686384,0.05072756011528793,0.03861781506308599,0.022980920796260015,0.010400902932617875,0.0018182532886977718,-0.005118403850742098,-0.013230766334864084
-0.04030319315805858,-0.039523124201150804,-0.035771409285664156,-0.03350551366617568,-0.033171205684560556,-0.03714579088781003,-0.039634556795061344,-0.039968865909996855,-0.04100894916375091,-0.04245763408388894,-0.04327484081661803,-0.04175186674499272,-0.04152899815721047,-0.06277633354195325,-0.14620579556415747,-0.3070092890388954,-0.5072622508646841,-0.7089266227030224,-0.8904941232829618,-1.0,-0.9609594517783624,-0.7535750940723187,-0.4552579317787674,-0.17176218846522123,0.02990226950546671,0.16466726918558064,0.2513650458778855,0.30942397954279277,0.34983832967319733,0.37494897406549266,0.3859439951496888,0.3851267714171539,0.37572866222674983,0.3611676530724066,0.34174072829537433,0.32190490152205503,0.30195755602247565,0.2821960025341582,0.2624345215783457,0.2448645739913692,0.22684887789562438,0.2097246788174163,0.1938635607792689,0.17826241737175413,0.16410996568429972,0.148285966155527,0.1325734490867619,0.11637789273515464,0.09999655343884856,0.08320664760909055,0.0650794962530274,0.049626808749885225,0.03644001856621211,0.02418186657585823,0.013818172947459316,0.002971603234354207,-0.0047918680931546935,-0.010512311822297171
-0.025278616998730793,-0.026993419787245728,-0.026548016289068884,-0.024009216689193823,-0.018152157630571684,-0.011114783038843449,-0.007507009947349581,-0.007796527656891869,-0.008687335332711477,-0.009377705998624164,-0.015257031495092603,-0.027884224745201667,-0.0452549482642462,-0.07028660583673921,-0.10836867015958754,-0.17150464864051937,-0.31632737320789966,-0.584126503708822,-0.8768008488315507,-1.0,-0.8814775746909529,-0.6309829082312074,-0.37781595123985706,-0.17181634411760574,-0.025144994590345904,0.07117379522768441,0.13978791059255108,0.18800293167755933,0.2184463314424021,0.23597272535938538,0.24646211363463355,0.25142845504667016,0.2509161921022207,0.25082722011713215,0.2512502936473994,0.24817678120943093,0.24171863704350557,0.23534929091939394,0.22889110326764986,0.22125234086655218,0.21327943343445713,0.2049949935970959,0.19610918837274047,0.18622125245612386,0.17510838625506553,0.16361697600210293,0.15183609152541674,0.14012201213772976,0.12704945751633073,0.11433325830783722,0.10146106459616236,0.08890074030484872,0.07787711787524593,0.06767736689554149,0.0582125099449195,0.048725371947933985,0.0405076502279345,0.0328244235772019
0.0325769542707136,0.04808393202087443,0.05543780147478762,0.063431106875951,0.060713413865618286,0.038491992853711285,0.028260534821090928,0.02746119355038309,0.04184919009687642,0.044087313463083866,0.03401573880498401,0.029059868775486376,0.023144810682322336,0.010195660858754672,0.0007635142218999155,-0.052791685740790725,-0.20418521137126497,-0.4967415020880403,-0.8323004431236108,-1.0,-0.8869742505483448,-0.592661830247657,-0.3181701196213371,-0.12361251655563427,-0.0049916621733985525,0.06055353292986859,0.08229542819552464,0.09572412937243661,0.11890475308063479,0.14816037434824578,0.1780553730326079,0.20059661932405495,0.21722283191004593,0.22057996574517041,0.21946097966396133,0.20922947773346667,0.192923075794391,0.17837516416935684,0.17293969035294282,0.17421862077794226,0.16942247560286347,0.14464320837358235,0.12226194544625835,0.12050339660171774,0.12050340635680093,0.10819374003651394,0.09556425331422849,0.0936458284114798,0.08709136851385668,0.07526126696015338,0.06087329967890957,0.05703648401620329,0.06518967523065795,0.06774753120311526,0.058635147047452596,0.033696001321192555,0.014192300146096992,0.011154850141806479
0.013068700846031345,0.027635255772871653,0.04306880435021292,0.05763536324515101,0.05434060404713025,0.03838673468121833,0.02659476762884425,0.02520750477504369,0.030756643488396927,0.03197052163270942,0.021912676796661538,0.01636351824281944,0.010120712389685968,0.0035310881777038433,-0.0021914894758070158,-0.0342725692680434,-0.18097861990746647,-0.4945071356976016,-0.8501737705921731,-1.0,-0.8529481799022396,-0.5439295712457249,-0.25918731917373744,-0.0807467610788647,0.018964673790624324,0.06474523152914684,0.08763548394442294,0.11087262217620983,0.14884984686394268,0.18595983584721046,0.22324342646264453,0.25116262378183196,0.25445737239825866,0.23017976718563246,0.20382122801132774,0.1885609186465562,0.17572851371272646,0.153705243043658,0.13306932517193962,0.13324272575381876,0.13827166007613603,0.14520811719665866,0.14347396323555026,0.13029473597477415,0.10775123181528604,0.0997743182955182,0.08884939383351761,0.07775107937123193,0.07358921144787481,0.06613253141852661,0.04792435396304213,0.02988957444403828,0.031970534859702,0.037866490609204634,0.039253795789381436,0.033357816231292164,0.025380889484531752,0.01740398390095946
-0.046057786464546384,-0.04519726135057756,-0.044336706951968514,-0.04380714068486357,-0.04241704576943668,-0.04470079076619597,-0.049334469095715726,-0.052445655136595055,-0.05360407875823572,-0.05456391818538446,-0.05188299015732122,-0.052114678113057936,-0.05803917491289391,-0.06402986913706768,-0.09798821273349473,-0.23931527252750398,-0.5103196794828169,-0.7951584251536522,-0.9661079527897984,-1.0,-0.9260602014960501,-0.7628548091437426,-0.543615919579523,-0.3208678495566227,-0.13128450937985095,0.020965050703569608,0.13339792944208806,0.21511610000375408,0.27594975771509206,0.322452118385794,0.3536634213542952,0.3736213116380195,0.38689374071602295,0.3920569822832021,0.3878534044353303,0.37904949639445723,0.36859052550842675,0.3553180964304233,0.3389348549431573,0.3221873044528785,0.30183230636908126,0.27965682963505095,0.25489961901813096,0.23176433315140735,0.20998602884562165,0.18966408807157084,0.16818373579366153,0.145578061635726,0.12681181789307847,0.11171936256204287,0.09679231495756144,0.07792655190925232,0.060715714371236046,0.04565614670099665,0.03218535356821062,0.02079969952666558,0.012194248443571674,0.003688090467538903
0.035181722643008076,0.031431070328361836,0.0396467914094834,0.05214896760803521,0.04929133994507008,0.022858134209834454,-0.0028606700588529313,0.0016044012193598,0.016071221511002425,0.027144601587949017,0.01928607783435594,0.0103559355333614,0.010534535559423899,0.011427561573403276,-0.006254120959075917,-0.04661834805720584,-0.16199586121275378,-0.43740198932727287,-0.8126467172102125,-1.0,-0.8340786985409404,-0.47812376522588157,-0.1905723558101261,-0.039474232581652294,0.02714459613875599,0.07090227277481063,0.0932276111579942,0.11108790802066759,0.13162727883838432,0.14091469816135538,0.12091111379884356,0.10215783587803327,0.10537260910119313,0.12626915272506972,0.13412764105890812,0.1237687033174575,0.11948228089518541,0.1289481939849549,0.14555829338978732,0.16020372984221243,0.1664547934201197,0.15752459049685275,0.14216475394017766,0.13377047915113432,0.13055561874088603,0.1312700733370663,0.11716047783177641,0.1114451680139159,0.1087661267540307,0.10269362233323821,0.09483505771069743,0.08929832884672381,0.0784035937516822,0.06054329688900881,0.04964854544638811,0.057685669226043686,0.061614951537314076,0.04750533151065555
-0.014776162721102116,-0.013138896030631186,-0.015390133973787105,-0.020506586966666962,-0.018869322129925654,-0.013548215922884584,-0.021325212701854487,-0.029716194392569787,-0.03135346693692374,-0.03483265441010928,-0.030330174621208753,-0.02459974608279635,-0.027055645142855578,-0.041893358353896515,-0.054172842726944316,-0.12795212167164058,-0.35113252672790696,-0.689124805568462,-0.9458677855308686,-1.0,-0.883754358841492,-0.7020178596178189,-0.5191566655555687,-0.36730065817906865,-0.2449146777379678,-0.1350127975167893,-0.030739490610873464,0.06749641949680711,0.15539724682227055,0.21597617564033736,0.2569079993959169,0.28617411763351147,0.31165416287297776,0.33089221419976,0.34296713580113936,0.3530976565922058,0.35565598143388066,0.339180887967038,0.3147241576783011,0.2980444561697613,0.2924163862884391,0.2892442123451051,0.2776809856839418,0.26151287920934774,0.23705612394404318,0.21485065657502975,0.19755700605856047,0.17780743462753532,0.15764859715998064,0.13554548376495096,0.11518190088457736,0.09891154034226986,0.08417605856392794,0.06606381353298062,0.0508167429648349,0.041300139960988434,0.033420813404084614,0.029122973658108488
0.005135538339050276,0.03542926928165908,0.04449925993997734,0.027084894036829177,0.01620092295733811,0.022187107604511036,0.01910331266242248,0.015475315845642337,0.017107921469717097,0.025633713020607962,0.029624506475075505,0.03470368707534106,0.05102966583269121,0.04903423589828711,0.031982702607260875,-0.025339617557320098,-0.19059478214129805,-0.49897504011507127,-0.847806845080938,-1.0,-0.8421836756853238,-0.5272737921873397,-0.25227084701892083,-0.07994094149294806,5.635912241682421e-05,0.040508499692680125,0.07189063715193629,0.10109605013035196,0.14553905472031975,0.19360995373829248,0.23369937653789793,0.24530897963446252,0.23369931012355727,0.2161035611215185,0.19905178984577152,0.1872608534610718,0.17438140817094955,0.16476720180161872,0.16367889213921816,0.1633161259414369,0.16222774986469568,0.1596881540300345,0.1502553473631795,0.14590174343470358,0.12939433730223568,0.10780775056950223,0.08930505840036834,0.08876082608577061,0.06753703875798878,0.0488528915410952,0.04232246351026777,0.04304811213092646,0.03161989766778089,0.020554507514964664,0.01910331266242248,0.013117139084306333,0.004047137356931297,-0.017358032377925135
0.040188161393357826,0.04271332610616693,0.04325443283034031,0.048304776013655314,0.05497842010871494,0.051912154174811175,0.06291463005094297,0.07283491449104289,0.06363614420472517,0.051371047450637794,0.04289368675960665,0.04740291771566955,0.07986933492376913,0.1337997264823088,0.17853118266216922,0.1323566981747444,-0.06749207946868412,-0.4184907724955639,-0.8153034708384526,-1.0,-0.8468677215761581,-0.4928032468863019,-0.1896019678007781,-0.013922515151289188,0.06634167782559207,0.09538100598595219,0.11017132248363584,0.11955045067185391,0.13037259616147895,0.13289776087428803,0.13397999633494967,0.1336193245557787,0.1310941598429696,0.12748671564486913,0.1256830265642912,0.12820821328941517,0.1267652840372677,0.11017128946516354,0.09898843917789522,0.08726446565721738,0.07481899449199349,0.06435759782464147,0.058225049447597786,0.05948767582863208,0.06219316542486924,0.0556998902378674,0.052633618800884914,0.04938696194660848,0.044697381343263294,0.043615181652613334,0.043434807241476824,0.0457795920400707,0.04505812741399696,0.04523848256435796,0.03982740706800608,0.032612667254930505,0.019084993647517298,0.003392897872618838
-0.041412574843198276,-0.046525531194438335,-0.04652553871236687,-0.047880773135111694,-0.04812717888120653,-0.05096087221378812,-0.05404096189505389,-0.05379454487206625,-0.05533462260363647,-0.060201160052406756,-0.0664229394418504,-0.07196710725836804,-0.07769612590163959,-0.09155656987620141,-0.11767587216146723,-0.18285101239750357,-0.3534265709163068,-0.6282327204485975,-0.8929364580493736,-1.0,-0.8949691254942418,-0.642832116654463,-0.3543506746915058,-0.1152117733519119,0.04717106992324095,0.16526239811050294,0.24423617743063647,0.2925932980536909,0.3176037021214678,0.33423615670448525,0.3425525493904217,0.3410739532783892,0.3304785456654359,0.31674142579051906,0.30362005433411754,0.2924085675137935,0.2859403523065409,0.2748521294424336,0.2597597074834152,0.24158728041982697,0.22316841565894766,0.2077679089886727,0.1921209796569637,0.17555000669348397,0.15768536362401103,0.14031356587740615,0.12324980773448661,0.10544673649969377,0.086719689294487,0.06891666316726537,0.05517938541584937,0.04224292492963002,0.027766416783554577,0.016862860556952176,0.010086647094621145,0.0004151365138321431,-0.009995589425759246,-0.01868146198631182
-0.0033378302815919945,0.00029682535878953207,0.003931482701488262,0.008586391029321348,0.003166289781265186,-0.0018074483321565927,-0.003911725184548951,0.0002968240820516299,0.0061632893766978185,0.014580390463374785,0.02427281944718071,0.056155767364340296,0.1404546125255183,0.26938977504114536,0.3839762128566131,0.41254342234512764,0.24624260345016824,-0.19304175540420518,-0.7536074407335195,-1.0,-0.7759257803427438,-0.3671226502926045,-0.07756140456119012,0.05551811630474893,0.10417162210518707,0.10723242345503634,0.10098334346116572,0.09862399018315511,0.09416033938175752,0.0874649293268439,0.08032311917269377,0.07350012287530708,0.06565688410437204,0.05813253701041544,0.053541385568781276,0.05411524739814687,0.057749926141404714,0.057239841869232665,0.05283996084300712,0.04620829332619029,0.03811000269164235,0.03275367425861037,0.028481350292277274,0.026249542401126858,0.024272805828643086,0.022551128901793716,0.022487374690664676,0.020829453920449718,0.020893202295062634,0.019490358680030444,0.019745422216675593,0.018215048778826206,0.01866139634941759,0.01662088805625641,0.01164715492819215,0.009734180348858918,0.00635458702918168,0.0016996751143230591
-0.030125484774238934,-0.03043197240091088,-0.03181115347067725,-0.02935927080381191,-0.027826841334082014,-0.031198185861712618,-0.0380941187303098,-0.035642234024943334,-0.028439812000798346,-0.02001144991728391,-0.015873891674038926,-0.017406319105267687,-0.02001144966247127,-0.021390636592928402,-0.021543877730731634,-0.028133325903002254,-0.06491162553214054,-0.22152601488081547,-0.5482400656866286,-0.8832286535349836,-1.0,-0.8513539974391331,-0.5729126809580468,-0.29707479135683895,-0.0768645889520663,0.08557295012806138,0.2028040275234604,0.26946454765068323,0.29995983972129037,0.3209541183093746,0.3440939438059869,0.35436123801984903,0.34823154664144423,0.33137464257669,0.31482445954698796,0.29643535279575534,0.2774333910627459,0.25490661624401956,0.22379832241955372,0.19314960459938416,0.16924364514351445,0.1577504289619804,0.1419663798915357,0.11836692946659988,0.09997783902337634,0.0907832448777373,0.07653161049788927,0.05630354740910792,0.03883385359461328,0.021057671134196126,0.005733363186639762,-0.007445525258709573,-0.015567406085868117,-0.018172535114195844,-0.015414161253281575,-0.01878550680016275,-0.030431970872035027,-0.044683566520361456
-0.032654149683204584,-0.04009153944016558,-0.04450560757949058,-0.054180267011363074,-0.0689341299321014,-0.07697620965591757,-0.08066468691637552,-0.0842926975784448,-0.08477640084805424,-0.08677182073300477,-0.09820005948408551,-0.11458656668241103,-0.13248476835795278,-0.15818316122563122,-0.19410042397974248,-0.258981379225769,-0.4002911555163129,-0.6457851022117603,-0.8996249743948332,-1.0,-0.8729586289141892,-0.5973518439411937,-0.30445211362653946,-0.07274353300996171,0.08586066449723209,0.19796619543104826,0.2699815451431902,0.3164196565656797,0.3482856277102512,0.3639462848291643,0.3658209412429615,0.354997257785143,0.34205781897496806,0.3286944498323265,0.3173268474052584,0.30384269265333863,0.2880611023376482,0.27753988470052215,0.27022355912424395,0.25933971900178493,0.2401718811063304,0.22118547252354168,0.20256164214983624,0.18363553781918715,0.16150465949768952,0.1367737469629795,0.11373585490690215,0.10091690653100717,0.09311670058012059,0.0781209030066093,0.06131112224018822,0.0463758060238155,0.03446381603718811,0.025333367059875957,0.015174941633706909,0.006286351670574422,-2.172717002100681e-06,-0.007439564318806834
-0.018544334831859518,-0.016014482728839225,-0.02044172120176296,-0.025248440641586756,-0.02195963416200641,-0.014876051670412139,-0.014496571638428372,-0.01993575198096815,-0.02436299138880818,-0.03144657356876369,-0.045487258712304156,-0.06433462776884913,-0.09886712992888763,-0.14617533060617136,-0.21511402399481133,-0.33174033950463083,-0.5199619766363153,-0.7515691150828583,-0.9382716304075268,-1.0,-0.902600529839044,-0.6845283067640567,-0.4129488743796769,-0.16578175695797878,0.010169470258190769,0.13767409285122212,0.22457474717994558,0.27795466825873155,0.30287372281323705,0.3160289474850034,0.3170408310781702,0.3160289474850034,0.31349917866744326,0.3138786898633036,0.3140051802986697,0.30477119901301475,0.2899713593429169,0.28111690919800325,0.27631029259897216,0.2635344395088991,0.2397537589829266,0.21635258965281443,0.20408283791837287,0.19535487820882538,0.1862473474687745,0.17271263154602884,0.15044987613421165,0.1322348844611934,0.12198890988552606,0.11718220353453043,0.10896016567668534,0.10099110868957246,0.0872034418134161,0.06658519170308487,0.042298599297850445,0.030028807673646872,0.027625454498149057,0.025222091350210734
0.03363902082888084,0.04647605098397596,0.06170939660531081,0.06051122059473504,0.05041275387870554,0.046647227191691475,0.05212432795917141,0.04407978251690854,0.03791803958412964,0.03843150031958283,0.033981360188986225,0.019946164467575852,0.008307259407286494,0.0077937751722471395,-0.007953003016370329,-0.07248055656950111,-0.22840796638024857,-0.5174988935530156,-0.8526313170209442,-1.0,-0.8267861170579502,-0.4851497183508076,-0.1993106325780004,-0.03277127703831435,0.059826588873696594,0.09525684703856942,0.11990400676637429,0.14472228525846184,0.1705675478870189,0.17826975135811124,0.1666308972135919,0.16081131347742447,0.16406343687241817,0.18015255908972547,0.18631431768889514,0.17741392776296652,0.16115371811415807,0.1570457397912381,0.15773043417783963,0.155163015613708,0.14660499899173143,0.139929748324327,0.1361642164151827,0.11870586208858007,0.09936464780906064,0.08310444860451276,0.07677147202058551,0.07882544551565474,0.06787112387169894,0.06051121537260479,0.06205164457813669,0.0642767368374886,0.04630489566478148,0.026963762328281037,0.017549929944355114,0.017892248415939466,0.0083072554906888,-0.005214437391843173
0.02955908022350304,0.04241952645818236,0.0509327594398259,0.05165729037667924,0.04260062603409678,0.038072343600253925,0.05020822297658941,0.06506111270846594,0.07176296861052778,0.07556685550390453,0.07792156446952841,0.07918944387157338,0.06995166337392705,0.05002711787429184,0.025393032862979514,-0.03999590353037506,-0.20337774860804006,-0.5007988476740302,-0.8514722190106315,-1.0,-0.8286496713440124,-0.4846779901179782,-0.20319663797935933,-0.04832798443546424,0.024668521268467213,0.061981878332371884,0.0904197176038653,0.12628403766278748,0.1592502505534458,0.18026165877495884,0.18732578014544732,0.189861638424434,0.1884125323396621,0.18533332006910067,0.17971816109742209,0.16613326129525358,0.14566525127638053,0.13950661673269782,0.13298595988144715,0.12718969028108787,0.13099349980510047,0.12900103972875382,0.1257406394601475,0.11306130385414889,0.10219333980134886,0.08480457521133619,0.06940829832958596,0.05890252790223161,0.047853480852666615,0.03118928588418935,0.021226979976072834,0.018509979291702307,0.020683579010241256,0.02104585414983844,0.02756662567353952,0.03100814209720971,0.020140194623559135,0.0018457729250597919
0.05975100217307963,0.05839697091439661,0.05674204025031859,0.06215817905556025,0.06998141212022489,0.07058320634084504,0.0674237878301317,0.06637068810803277,0.06486621403190707,0.06817605240921377,0.06682203492104036,0.05779520423479567,0.0424495640681435,0.022289588497209568,-0.010808835439843848,-0.07911197800417329,-0.2379846883122218,-0.5217293803821466,-0.853615957640531,-1.0,-0.852712979423984,-0.5281985821881282,-0.2560384323077688,-0.10438717002410453,-0.0214906094131337,0.02755526382924411,0.06366263936117636,0.09224758254518681,0.1233902877243865,0.1424971360322023,0.15754196859685682,0.1712327194109598,0.18025947206431672,0.1841710863015641,0.18868449016926178,0.19244576716297343,0.1864277790550732,0.17604698137252367,0.1760469630118442,0.18116217487067163,0.1858260077853024,0.1855251313307567,0.16837410850224407,0.1408421870074448,0.11752285718817568,0.10909776564051271,0.10714198606290823,0.0981151324258142,0.08397303020853379,0.06652113551564535,0.049671044223716806,0.02755526382924411,0.011006026614783128,0.008147525870144268,0.012510502412222544,0.014917662081566157,0.004386335515888877,-0.002233345542008788
0.03763303652401683,0.048445238067080225,0.0607778922037186,0.07057642689893305,0.07125220479749901,0.06821126868395008,0.07023854052684998,0.07327945086839976,0.07040751206209059,0.06652183682353476,0.06449458559823416,0.06348090586438565,0.06804233322950828,0.06584614654976592,0.04827627168623946,-0.02217195318051507,-0.1860444146298811,-0.48659085049188155,-0.8391691176755618,-1.0,-0.8401830912102006,-0.5024711852525963,-0.22456305900416365,-0.07910497315233882,-0.009839289379377019,0.04405275131079921,0.07851664066888887,0.08713263233741067,0.08510530379611261,0.10064785011834103,0.12497539057073082,0.1467687291112994,0.1540331031298913,0.16873104949590823,0.17261672473446404,0.1660279585192437,0.148120233364433,0.13933523923427163,0.14018001444007736,0.14491037210524194,0.1481202849084313,0.14085581811064246,0.1295368076270538,0.1214276274762572,0.11872457773479132,0.10774339692488759,0.09710009733266708,0.08983565115247756,0.07969923008518003,0.06821126868395008,0.05165508901747162,0.04557321679037375,0.04219443553994041,0.04016710699864236,0.02884811970985293,0.0180359130123897,0.009926757344992303,0.003844892205194202
0.024736294904007836,0.02629443041355943,0.04464583793954117,0.06299726923502118,0.061439072981196226,0.06195848933950697,0.07269231936835566,0.0803098678138797,0.07719355982000144,0.07390423628926987,0.07044170706569886,0.07407733633989479,0.07875176135593712,0.0636897381049603,0.038932672643815086,-0.02235411045972405,-0.1779948017002965,-0.4830448517465915,-0.8422825122333991,-1.0,-0.8462642940698484,-0.5225178539228443,-0.23079858364418354,-0.05265124380702579,0.04014454994889885,0.07182670290879509,0.08481118749718639,0.1100876719576977,0.14038479209972263,0.14627107065135042,0.14471295362918637,0.1429817524027296,0.15129186479618584,0.1649687707155197,0.16964319573156206,0.16306440077099857,0.15648551073244202,0.15302300263731392,0.1504261162838571,0.14194295137877247,0.13034346791558812,0.1177051728642252,0.09693006090812784,0.0789248561244513,0.06957604306714174,0.07044164896248087,0.06905665840149537,0.07061484409109886,0.07909796145718695,0.07788612376793363,0.0635166433364461,0.03772076364606696,0.01936936404325131,0.02006186856743783,0.03235384334953189,0.03858641443934726,0.03460450847329596,0.02698692041194145
0.059407929493087624,0.0703359004978696,0.07549637485638738,0.08687963688843366,0.09158474149688216,0.09310258200757211,0.09568281918683101,0.09249547173551424,0.09188834294044344,0.09325435957558659,0.09431680255168787,0.0899152252947489,0.09006695655523102,0.09204014829297731,0.07807656572811393,0.02677573847771735,-0.1400278180316892,-0.47363620913839505,-0.8485262834897681,-1.0,-0.8301611607139917,-0.5146163747784567,-0.2553791957519823,-0.10542258809342937,-0.01860576130473837,0.03770372337475903,0.06654145666675466,0.087942061341522,0.10706611826490316,0.12861851439994465,0.14971554078491686,0.15821519573180465,0.15062620619300365,0.1357520137890923,0.12846669052439783,0.12194032919182747,0.1102534379317005,0.11131586238478884,0.11814580663790755,0.12907384710398806,0.12877031049097204,0.11662812357282756,0.1082803388090189,0.0924954254279819,0.0877903208195334,0.07974614213003925,0.07655879467872248,0.06836279674443475,0.05652413254704656,0.0481763755677573,0.043623043896570034,0.04453370930465684,0.047872829693234836,0.049845905662150275,0.033150391703571765,0.017669075135342813,0.010383753028336669,0.013267522189858322
0.04979255947169024,0.06220653794328101,0.07911835713567095,0.08793414207464147,0.08001797138884192,0.08811402210976532,0.1048459557778634,0.11510107192372836,0.1203184602308629,0.11438131025984127,0.09926862076876941,0.0667043621965762,0.04493490378896344,0.03288073753471631,0.011111258542723578,-0.06769064295938824,-0.22475474822197636,-0.5088384258936995,-0.8440164649026333,-1.0,-0.8425772489682667,-0.511357163562201,-0.2283531613213163,-0.06247318878223778,0.026763688316482858,0.0796580740893944,0.09908869682030162,0.11618050583117526,0.13093332546863956,0.14694560176704244,0.15738057599135927,0.1607989882938795,0.1582801408420183,0.1449665920306005,0.13435170483615186,0.13129317336557514,0.12949404366425707,0.12715519700921554,0.12733509900101136,0.13309231404522923,0.12913423968066542,0.11546085395064803,0.0971096761055237,0.08325637740537449,0.08091744841281308,0.08523542556599238,0.08523543105516036,0.0708423495312718,0.0569890453419546,0.05177158018646816,0.0526711450371272,0.04817333725133598,0.04061699250580006,0.03306064776026413,0.031261487868522085,0.036658874227892324,0.02424489026713357,0.006973249937502011
-0.02227388088692258,-0.02177205461952334,-0.025535757067528635,-0.02938309575815306,-0.02787761348710218,-0.029801284108314403,-0.03448500141311153,-0.036074119567934666,-0.03172495664337665,-0.024783016250978198,-0.021772053702470207,-0.03691050519955744,-0.08441682018140731,-0.181186175629178,-0.3032141612696744,-0.4185504392179824,-0.5484395918805645,-0.734115502602004,-0.9337586193103596,-1.0,-0.8483645300100229,-0.5549632584375007,-0.2634024675294728,-0.05355441416738906,0.08863004338267207,0.18874489542453338,0.25515351088061783,0.29906351794751124,0.3258277560874391,0.3381224510947122,0.3393771609598476,0.3385406196684233,0.33469340346420007,0.32214777464966,0.3012382640008919,0.2836742856714147,0.270877559734406,0.25590627147361844,0.2404332789134985,0.23073127397491497,0.22203288177899827,0.2073961651231,0.18548298048846443,0.16808625733983168,0.15303141293902264,0.13881289547843584,0.12141617232980305,0.10661223111466074,0.0980811451355889,0.08929911514204993,0.08093533537982292,0.06755323672425921,0.0577675327448528,0.0479819206302473,0.038029017609597114,0.032341616749682445,0.02707243039587938,0.011264904507870505
0.04610988006131969,0.06368547526346334,0.06619627575058103,0.06243013794545221,0.0649409001300626,0.0670930140516225,0.056153084745683805,0.03481123683088942,0.020105073963553655,0.027637510991520634,0.04216431416071724,0.043240371121497194,0.03337649604044507,0.03534927488690623,0.031583041325509154,-0.023295984053577135,-0.18829190817410313,-0.4926387285044051,-0.8450476663248045,-1.0,-0.8376950732481048,-0.4860028081701159,-0.18757455693013458,-0.028317604179066154,0.040550216408027105,0.07067990706613406,0.09166300001803619,0.10314102483375263,0.10780393924243022,0.11318423772579689,0.12125472922514094,0.13865098388039906,0.1573026852894035,0.15353654201248793,0.1427759888200487,0.14187922863186017,0.14187922863186017,0.1449280206648072,0.14923225945150054,0.15963421362697014,0.1585581429867233,0.13972705452064593,0.11982000485005687,0.10511376811359986,0.09829874525514912,0.08664139357201406,0.07695691101982165,0.060457323532377136,0.06207141307738713,0.06798971952194342,0.0805437930907597,0.07875034384761054,0.06368552450954416,0.05005541313120159,0.04539247683537696,0.04001220571094409,0.041088254464043905,0.040729548747232475
0.021820203432425037,0.05072529808328528,0.07439026487428228,0.09332229297442297,0.08892729645266212,0.07472835144768027,0.05816282621539508,0.04785168340587059,0.04649939384254036,0.05393695291842928,0.05444403894150584,0.04345677455815058,0.023341525967861227,0.00035268590799152923,-0.026354951740360448,-0.08602446763417079,-0.2442419494319764,-0.5513808035327352,-0.8781258217483051,-1.0,-0.8292748363889423,-0.5018530158364009,-0.2099276913704987,-0.036666112600422754,0.048865850294727196,0.08740606932721155,0.1227344994348424,0.15873903048711793,0.18815148449777033,0.1950819833370653,0.1977864696323884,0.20285749489664268,0.20049095592771152,0.18595387793366297,0.17412130686412364,0.1758117448884101,0.17784008898071635,0.17158577360281038,0.16414822999881104,0.16228888019888685,0.15924617839775274,0.15400604538059295,0.14251157635634115,0.12121321042183358,0.09670292147276294,0.07354507680591817,0.06272680671494496,0.05190853662397175,0.03585016445961788,0.02790547036633546,0.02790547552363198,0.031117163881203357,0.02824356983297475,0.01962274642991677,0.006607002575221597,-0.003535141429286381,-0.007591990779415139,-0.009958492075906879
0.07894387714644284,0.08651474342519158,0.08146745817438864,0.07692487167656242,0.07944856050005564,0.07978505200097999,0.08214047710808646,0.08617828272299508,0.0853370770697301,0.09257149291252494,0.09324451697934406,0.08230867922701754,0.07389656623003336,0.07103640130497972,0.049669547748214735,-0.01611357180584772,-0.18132858500527121,-0.49914119134435253,-0.854974539736773,-1.0,-0.8317573910080679,-0.49459846111912975,-0.22254818559362843,-0.06826897036484132,3.777031967713948e-05,0.03587359383548698,0.06380192899785053,0.08987961223634326,0.11545267885180015,0.13496890871686149,0.1497743089001951,0.1539804500951887,0.1506155453521879,0.14960600411883793,0.1526344122277931,0.14674595212245298,0.126388455006671,0.11494790823512514,0.11360197303015561,0.11107830473914762,0.10872292069701157,0.1179763060778377,0.12100460125812414,0.09728232259425268,0.08012153323566172,0.07524249116876029,0.08096272348956278,0.07843905519855479,0.06935397973220715,0.06683029090871394,0.06632558188949461,0.05555801811979744,0.04159385182189599,0.030153305050350136,0.03183573432280467,0.028807359579137992,0.011814800571645297,-0.0021493907502225166
-0.0223861283472333,-0.024132559043902848,-0.02436370376461975,-0.02364458058705132,-0.02212929892081026,-0.02176973929098586,-0.022206348336425118,-0.024697577121570165,-0.02518554382466281,-0.02490303439403719,-0.026854927064677316,-0.027651094564565087,-0.024903039095540744,-0.042855295526482526,-0.102567893279342,-0.18446997205587914,-0.31488697257104703,-0.5679133684411296,-0.8754639661007843,-1.0,-0.8333702388111178,-0.5224549192374818,-0.2424101985662112,-0.0450640070451627,0.08250253768641218,0.16173357945797476,0.20503475315898836,0.23236114554770412,0.24820729372277117,0.255912042522611,0.2608432301966474,0.2613824863855919,0.25598932270369196,0.2473341931694815,0.23760037573458265,0.22629999224088643,0.21515374283969657,0.20580517287466396,0.19553202402676378,0.18412889700873944,0.17126183462016054,0.15934514042860942,0.1493545331382758,0.13928684626434618,0.1293219656014587,0.11928005550434649,0.10797973469736431,0.09644827543833663,0.08674018463088397,0.07805937861859856,0.06835125646778886,0.05954204925911467,0.05278746179014626,0.04546783508674455,0.03709524084142923,0.030571801227513427,0.023431978826021587,0.016138044272373298
-0.012892779002361845,-0.011587657327753569,-0.009474603447505156,-0.0091017114050341,-0.007175107812384962,-0.007547999143795394,-0.0041298261961609925,0.001028511433493262,0.006994776528383488,0.01165593251073647,0.017062852668334075,0.0439732396979585,0.08847179280826131,0.11706026774229022,0.13328108130760968,0.13427542848483806,-0.00941245556382734,-0.4053610016605551,-0.8587980893683982,-1.0,-0.7771340774174221,-0.42655390000576293,-0.1416028358387093,0.03663966001094263,0.14676738704302442,0.2039443369110822,0.23240845397846097,0.24502481591117745,0.25012094000255625,0.24645421842086823,0.23924489041544927,0.23166276185735962,0.2191708184684666,0.19549208251877445,0.16789796993126724,0.14695377215006644,0.13415117680324115,0.1214728483073061,0.10848368582191892,0.09692398652339582,0.08374847685419991,0.06976498236087765,0.05832957266718477,0.05056096419396981,0.042233044914372214,0.03508596410409829,0.026260859858916498,0.016130618058772483,0.002582229146196756,-0.00941245556382734,-0.018299705322484865,-0.028927120711243075,-0.03675785502525648,-0.03731716583163913,-0.035949904332040115,-0.03570130805692469,-0.03980313427127837,-0.03837370711148593
-0.01093781210510373,-0.01093781592619499,-0.016030910257708034,-0.01795126208232169,-0.01761729042703734,-0.021708461195241995,-0.02863841427833547,-0.028471427813844753,-0.022793878747053388,-0.013275630250156318,-0.00818254037658308,-0.014611518144990808,-0.027552995094599683,-0.053936921442684735,-0.10086023801052724,-0.18919649072239808,-0.3637818040137762,-0.6368042362595766,-0.9071560008321737,-1.0,-0.8521335909326901,-0.569508236678381,-0.29055793667232555,-0.08324310693905396,0.04600466813193725,0.12256828132126438,0.1667363872980464,0.19712812444264852,0.21783462817818114,0.22660145466037154,0.22868880982596232,0.23194507247195803,0.2296071759945346,0.21933748884526266,0.206479486181655,0.19996698126881693,0.20322322353565925,0.21466183854448953,0.2257665003666432,0.23219555264633052,0.22810435608575985,0.21608126695757374,0.2096522350570398,0.20005043390196764,0.18669149126876838,0.1718295860727206,0.1523755443465106,0.13233711001755832,0.11805964837213632,0.10920935906721851,0.09935709811692726,0.0827418418898488,0.0664606305556372,0.052183235142463744,0.038740768549076904,0.02488085537755597,0.015279100075578953,0.013108284634654944
-0.011774222463131302,-0.011877130615124177,-0.006834636858242999,-0.00045433339701906483,0.0012950877220836588,-0.0007630698232375443,-0.0113625947609958,-0.022167927760935322,-0.03019475144990639,-0.024020270179671413,-0.015170184610725817,-0.009613155980883461,-0.0004543302572840221,0.014261512125917922,0.030109334173136056,-0.009407340069364589,-0.1907315093753491,-0.554922915515276,-0.9024433584115759,-1.0,-0.8299956551993259,-0.5463818314839265,-0.2795415775533494,-0.07773826625745396,0.06015848237277178,0.15401085827835195,0.21822568640998374,0.25825705702556684,0.2790445645604943,0.28552774065545844,0.2869684018003299,0.2842928954221059,0.2757514597404317,0.26268212424110293,0.2517738558127224,0.23438218522845455,0.21503541419203953,0.19455675611379206,0.17726815675150592,0.1670801937776807,0.1588475196401053,0.14330836808466973,0.12293256772642103,0.1047177339675991,0.08485644199079716,0.0720958805945074,0.06756794937950246,0.06159923770969448,0.05151421408897913,0.04070883477794773,0.029183165711036175,0.02352320616612188,0.008395746088689886,-0.0047764824526568385,-0.0073491805617089834,-0.011671315488539067,-0.02412318049023213,-0.036163411314086166
-0.04366503793973737,-0.04144756267169196,-0.03519832305661957,-0.03318244011583315,-0.04396742023977873,-0.0541476326945499,-0.05606271995067576,-0.055760332127883484,-0.05848178024843007,-0.06523498194957963,-0.07632235965060219,-0.09255018042102325,-0.112003509229219,-0.15484113858014403,-0.20765746844426594,-0.2796247723526478,-0.42043471240731317,-0.6623399026415517,-0.910595271750906,-1.0,-0.8565698549572273,-0.5706177700784437,-0.29051066324259306,-0.09738834560754764,0.023967850481189157,0.10571219895335503,0.15903251185364337,0.1985439897066352,0.23533392718180646,0.2647659903308662,0.2882511003968471,0.30820846452033124,0.3237308123682661,0.33653166904225984,0.3416722935509638,0.3487279330475957,0.35245731648805056,0.3548763268131148,0.3557835233403482,0.3432849506997135,0.3174815752518282,0.2856305263796439,0.2550897276131517,0.22747200831467915,0.2045916877328739,0.19138755606296398,0.172740515850991,0.14250224713725504,0.10399866155077699,0.07083731336902126,0.05541572276521614,0.051686308572336616,0.03334175535972544,-0.002742616935685656,-0.035601505026451166,-0.053542868581124586,-0.06835961127114722,-0.07420568256277645
-0.01685314780040211,-0.009172323002219809,-0.010789340736576301,-0.0008851241782781203,0.0011361535568534897,-0.003917016575819035,-0.01584251437899652,-0.021906324710518458,-0.011395719119263858,0.003561672896841278,0.012253140435414424,0.02680627777587887,0.02377438634654422,-0.026555238715240903,-0.1251931588205415,-0.2741609092473543,-0.48336293989168627,-0.7406712977536947,-0.9468406120569584,-1.0,-0.8957029007500276,-0.7087350529953697,-0.5215648578780188,-0.3501610264465436,-0.21291639487248612,-0.10962942134076165,-0.024331843082299985,0.054699819896589154,0.12423149049432361,0.1747632441041869,0.21882705457985055,0.2634971790524855,0.29543329988040923,0.30877384989159407,0.3136248885715696,0.3243377113017752,0.3364652305452133,0.33222036644050756,0.3158483239009672,0.3023057053704923,0.29078448463272527,0.2802737923870104,0.2618802591069612,0.24207176596157676,0.22671000405328598,0.21417806892786487,0.19335898532522758,0.18385905394106727,0.18527390536730146,0.181433488127179,0.16223140192656674,0.13534849673700974,0.11836983037449492,0.10098684882344813,0.08744436971467469,0.0823911773132582,0.07531674203213544,0.05611469455977358
0.032094438821339014,0.042680022156029035,0.03791649757645845,0.022567435781863585,0.016480737992420537,0.027330942792037696,0.041092174773040016,0.038445758075709206,0.018068570002187645,0.010923331448672063,0.033153003743331695,0.05644123437146033,0.050354554151413745,0.0035134231143890493,-0.08725772173511827,-0.22883978079221476,-0.4574884510991051,-0.7456807372195413,-0.9632148140563904,-1.0,-0.8459790805680597,-0.6133609740861853,-0.408000732063134,-0.24974622058028884,-0.12430724803331143,-0.018716256866881536,0.05538269580356235,0.11122149251470219,0.14774173195954987,0.17447024807213987,0.18770225249650982,0.20728557617524995,0.22554573103646675,0.2430118897324286,0.26894646238795306,0.27529786948930557,0.2599487000821573,0.24592280490891125,0.24512901957641395,0.24115935499927568,0.2308384414453531,0.2218407142783503,0.21840041561684162,0.21204900851548908,0.2014634647119411,0.18664371392861184,0.17499961398776945,0.161767591994003,0.14562460211556452,0.11995464214026898,0.09904815842870374,0.09216753475159162,0.0802587694223309,0.062263315088325354,0.046384951067163116,0.04426787393136717,0.06305721901424884,0.06173403262732901
0.01063792207468694,0.015928364392202743,0.027666517915401638,0.045687026451240016,0.05213469225988396,0.03890868356531706,0.004686201264345048,-0.016310197941357036,-0.015648895804239723,-0.010358459516018182,-0.015814218895275626,-0.015318241740737513,0.0015449947543614087,0.005347487323344328,-0.034000083624157615,-0.12162287861331965,-0.27091255509044904,-0.5367577172310911,-0.8555058649739848,-1.0,-0.8588125449526965,-0.5539517348383505,-0.29686868548860856,-0.1437764924829478,-0.049706041773372754,0.015267055634683889,0.05891310576342335,0.09065567391855534,0.12636608453056952,0.15579422083579164,0.18257709184624554,0.2019202658162185,0.2146504430050812,0.22820718930631262,0.23663885200512957,0.2501955781298992,0.2503608233524026,0.23746536058811277,0.21713025122449656,0.20043219122582795,0.19282727922753629,0.19150465162426766,0.18026238761410074,0.1668709268882965,0.15546351853793533,0.1516609717447112,0.15314895554102345,0.14521334124487548,0.13132587246932592,0.1209103591596843,0.10222852925603843,0.08172811414053321,0.06007039230599475,0.04287649575750651,0.019896204327027222,0.01047261001765361,0.008488695094356832,0.011299230832205794
-0.019240944966439574,-0.021191926679407416,-0.020736697844533098,-0.021972316487568637,-0.023207935130604172,-0.023207938106837883,-0.018720683936907876,-0.015078848111509198,-0.008380483139957484,0.0020247458833386744,0.02459109749158887,0.07915369959152178,0.14925920207073334,0.1847021454862055,0.15654279993573667,0.05639213086183424,-0.16803610537223604,-0.5404778964124715,-0.8781932147621457,-1.0,-0.9013443447061533,-0.6929142694327289,-0.4729740269626654,-0.2845751950439482,-0.14111249999434586,-0.039401095947626634,0.034411081406474246,0.09111973848951642,0.12948921647930928,0.1638916209703937,0.18983977567095503,0.2059029296391811,0.2139019664680763,0.21838925387261607,0.22300662253179493,0.2254128320875592,0.22502258832364186,0.22450237441781054,0.22034025046675246,0.2067483863647263,0.1921810319022552,0.18008485619325887,0.17429693084803893,0.17403684770499295,0.17065514778878374,0.15979460907626417,0.14568241995568157,0.13560228940476443,0.1281885467921362,0.11960423162022048,0.10458160863975892,0.08656745807739645,0.07154481922368845,0.06601704845112351,0.05710751426936356,0.046637223289072924,0.0320698648582902,0.02146951643323013
0.03872317061503033,0.03872315453338332,0.04012871728509592,0.04030441999981488,0.040128711924546916,0.034506439475500486,0.037844667762533556,0.03485780738109537,0.026424347782310172,0.020274935025812846,0.024667363519512642,0.028532721392898603,0.02220760860195682,0.019045050866348678,0.002880879541203317,-0.053166572418599664,-0.21006443834554303,-0.49434374373354245,-0.837656588203589,-1.0,-0.8271145754158238,-0.4570959475339046,-0.1498001922597594,0.03679049971916086,0.1260448253246336,0.1629412160948335,0.17471300315080834,0.18384928700984188,0.18947173099645645,0.19210704121363362,0.2047572935982622,0.20352741211907252,0.19087720261883598,0.16381972430787928,0.14256030156892302,0.13412695722194143,0.127977421172817,0.12657192810824144,0.12481492240324792,0.12059815373987504,0.11708417449318197,0.1105834474365798,0.10408260244789953,0.10689372795132474,0.1118133718001615,0.10970499282902406,0.08528292122512661,0.06595627659301992,0.052954618778953425,0.039074527799527206,0.03239805782408855,0.02712712111734297,0.02220759520058431,0.015355401068230677,0.0037593750229452097,-0.0013358455677089,-0.007660956892875565,-0.020838267292151973
-0.013626299800952294,-0.013481447428617522,-0.01311931629061799,-0.011888068018333404,-0.012250200675525347,-0.014422991059813865,-0.020724076127269404,-0.0217380409382036,-0.0068906541983095124,0.02939490463960781,0.070822811015732,0.09168169626467623,0.08233866514640324,0.049094885835098856,-0.006021539688084077,-0.09945148295003373,-0.29666902445642984,-0.6199063761936017,-0.9193897370392521,-1.0,-0.823569430145711,-0.524593813235251,-0.24510131860415624,-0.050418852921659194,0.0710400544256461,0.14860893616440957,0.19822118615932632,0.22958184305964996,0.24623991711636553,0.25145467820382106,0.2526135689988678,0.2521064791450647,0.24283583008732498,0.23247885791276277,0.22704688877114376,0.21900748605217102,0.20372552852254092,0.18750199431927952,0.17381341440452433,0.16171817674889338,0.14730528124829634,0.13564461880187026,0.12499787089492037,0.11420628815540267,0.10298019207924375,0.08958131718537489,0.07495116943592608,0.06220405128861253,0.05575811457389132,0.054092306284326,0.048805185233681346,0.04380774710657888,0.03294380882334088,0.014040531903428202,0.0007865316173466873,0.0009313841277898605,-0.002255366682491118,-0.008846165299026766
-0.027573636963734036,-0.03073434780430253,-0.03641290840306677,-0.03984146052554313,-0.04043074951053759,-0.03919862314293735,-0.03930574282069362,-0.0434843206511329,-0.04675215076084099,-0.046645014738417846,-0.046216439593858225,-0.05130571611102807,-0.05955571613588323,-0.09560928247249914,-0.19321650794139356,-0.3375372359100051,-0.5060186635269209,-0.713768323292221,-0.925964360082351,-1.0,-0.8467322667634416,-0.5466794874444038,-0.24491308094740255,-0.024895075408186813,0.12692631212747568,0.2273725539293822,0.28110427332435867,0.30976481667176975,0.327121937590199,0.33483601887080205,0.33413981451638725,0.3265863032431505,0.31640786462147896,0.3031221609940656,0.29015796350192286,0.2728008687349606,0.2541043742827733,0.23621185438049863,0.21874766935618054,0.2017657696862354,0.1874621594331341,0.17390859940499598,0.16265859134735702,0.14937278311407565,0.13560491181389078,0.12585492575177729,0.1184084916601629,0.1082834935613013,0.09590848862061849,0.08524779733390767,0.07464061848654105,0.0659620253379927,0.0546048681821971,0.04083698380627872,0.026586980791589453,0.014104839828483502,0.003872705707198742,-0.0016987090623422339
-0.005149757860367416,-0.001462257849019234,-0.006120151637582908,-0.008449096441619425,-0.007284627828170811,-0.010972131072867222,-0.01931752163943085,-0.02611029584702452,-0.036202401581292246,-0.03406752952324353,-0.016406341875468362,-0.01543595018849819,-0.026886608778551594,-0.047264886983619546,-0.10626488716519046,-0.25104814561023214,-0.46201275975256334,-0.6939378523095601,-0.9101416579866353,-1.0,-0.8608457805639302,-0.5369274530330669,-0.21611379195962216,-0.01077804905141581,0.1178964155590142,0.20756099183117255,0.2628736654917569,0.297614061098591,0.3214859000834392,0.32924900431576604,0.32129175809807514,0.30285418906323863,0.2900449316320025,0.2902389732855912,0.2900448981880774,0.2661731595350046,0.23046257238218973,0.20251498912992638,0.19222880829814487,0.19009388189371781,0.17825511700378857,0.1582649304668792,0.13866281051518461,0.1217779425922338,0.10489308303026428,0.0905311495700863,0.07073515518442869,0.05540289222207883,0.04919239295035288,0.04783381292137804,0.05074502299389767,0.046281174516851965,0.03948842905013145,0.027067371979810587,0.01134695673218783,0.0006726142090294807,9.03742847708744e-05,0.005330506429909165
-0.03617977345945512,-0.0364350566508891,-0.036307412811050536,-0.03611595153953584,-0.03624358909583399,-0.03694561585256802,-0.03723281135043458,-0.03627550140226658,-0.03646696357142991,-0.03984945082231558,-0.036817976500972606,-0.03302064856590886,-0.03515863800077332,-0.02644711547517628,-0.013459605327776195,-0.10488282566273692,-0.4034360202986099,-0.782498616771009,-1.0,-0.9847151551066862,-0.8473723295426209,-0.6940427983935042,-0.5493943481486258,-0.4111264418127913,-0.27244392234670645,-0.13232572520593108,0.0018254298670470925,0.1123311663809862,0.19982898541617533,0.2667448272766674,0.31601456311415327,0.3495844962310012,0.36812431559206205,0.37555928784981296,0.3761020995667551,0.3698157728578787,0.3587746372637066,0.34479817628821036,0.3278854132896808,0.30944098884378984,0.29070971898299786,0.27172320093906843,0.2513324444660533,0.23145227053358142,0.21227420145327436,0.19411726872929772,0.17771521753271413,0.16418536906581796,0.15014489497124428,0.13128592920699322,0.11217171525960472,0.09679097276788845,0.08488837455562757,0.07247517944044533,0.05977483730042253,0.04825516881238008,0.03868206214951101,0.030385307710759125
-0.025040930043264888,-0.023891336627776098,-0.021592149398227626,-0.022323706924060785,-0.021383135439108643,-0.024413880493418433,-0.0346557124596891,-0.0393585961901281,-0.03267004905845801,-0.017725330870680314,-0.015217130678440069,-0.05722953890124607,-0.15389996681640575,-0.3137984552678709,-0.4990922861274495,-0.6412231988349869,-0.7236801554021984,-0.8080182134879423,-0.9269490611961813,-1.0,-0.9052108904259333,-0.6431044023876654,-0.32623529530868217,-0.07593656853736887,0.10078741438656552,0.2295423265092668,0.30761036080518667,0.353385353098822,0.3732420907395626,0.3790946163118527,0.37303304828262546,0.3618505650175832,0.3456516749909264,0.3281987087824024,0.31879302262998466,0.31910662457819516,0.3224508702440684,0.3152397600157108,0.30457984463020665,0.2878583357069387,0.26810625959161766,0.2510712507542853,0.23706701317729834,0.2217042929783901,0.1997573603451069,0.18000515668710318,0.15795384312230235,0.1425909953807114,0.13297619024574683,0.1254515418405201,0.11395554590714525,0.09483040584861162,0.07476474691648245,0.05260890574607892,0.039022772214368645,0.024809635665962546,0.011432531836921148,0.004116925888631553
0.022557307006169904,0.026544745449593742,0.030384509915918526,0.036587211213949276,0.038507096826481985,0.028759992533805834,0.018422182194622515,0.017240722790423713,0.021375836337403375,0.010447297422577429,0.0048353430051118656,0.01960363821945099,0.049435619970913114,0.10304458544078175,0.2135117854477532,0.28986398074971825,0.11840360725946417,-0.3265660398912595,-0.8244058996310537,-1.0,-0.7803955759570211,-0.38667326864014384,-0.06634788376406806,0.1282984125642019,0.21247805859640564,0.23595968985478696,0.2285755223938168,0.20981974677553902,0.1935744738262161,0.17969221881348676,0.16226546393082958,0.14956476294466797,0.1418852204945371,0.12372021287788904,0.09772801586897362,0.07262188525178796,0.05238929776928621,0.04146074308406544,0.03658719093772737,0.038950118757779144,0.039983899679051804,0.03895011425195206,0.02698780568042118,0.017831445733782477,0.017831460377720525,0.01118571236634361,0.0015863203502967892,0.0017340016493648661,0.00010949014594845769,-0.01140978491290156,-0.014215762825669826,-0.013625033123570426,-0.014363442435052743,-0.015397226735695716,-0.01539722786215249,-0.012148200983124515,-0.015101861884646017,-0.015249538114658616
0.010903213279147611,0.0011829937333784567,0.007615489476924531,0.022767594483819265,0.025769432690691926,0.01962282717632553,0.01018848845578844,0.012618542933363442,0.020909325371011075,0.05979019810252385,0.15141767998868877,0.3269540056736163,0.5826825911385539,0.8106777717229897,0.8845794152977474,0.703755247143096,0.26706002017362235,-0.27570090254595114,-0.7757204657653373,-1.0,-0.9293850650099902,-0.6968151065054238,-0.456240403120902,-0.28670772332096234,-0.1907916706159943,-0.13704429281099223,-0.08915791309105085,-0.044702137073590005,-0.008823115632703089,0.02190993592600976,0.049355263818788624,0.06793803126876423,0.07965946919874883,0.08051717900125839,0.07508525824125697,0.06593681015876685,0.058646643182525354,0.05006998128253662,0.038491478995049684,0.024911765410380284,0.03091544073381284,0.03491787423130545,0.0347749342275567,0.031058374195684982,0.02648416105756759,0.023768210490381785,0.021481096289133722,0.023339375214756816,0.01847926244351213,0.013905046034456437,0.008759045078368508,0.007615488863623599,0.016049211509453622,0.023482320670069393,0.019908715906325154,0.008330213618838221,0.003184215933688596,0.013619155668987661
-0.03294835207943136,-0.032703899743183024,-0.031970545404494344,-0.030014930719592145,-0.028425991702127586,-0.035392871436830245,-0.04785991855753073,-0.056171281969636215,-0.06216036253893533,-0.06827165959740436,-0.07694969250244219,-0.09039454763310788,-0.11325079601512683,-0.15896335152040436,-0.2254542267765721,-0.29842304321860585,-0.42761626146044923,-0.6652228242204519,-0.9228756146617941,-1.0,-0.8286390304399068,-0.5377413897828771,-0.2695777196074005,-0.07291624130335518,0.0587211037976041,0.15747976487018678,0.22837057257940138,0.27750561165033927,0.30158426522912857,0.3149069065406807,0.32725166641571807,0.33262969390978747,0.3317741437748655,0.3215070935863365,0.30745099847649676,0.294372763442721,0.2794612036397625,0.26259398776602844,0.24988242623026954,0.2456044833116031,0.23362633285323023,0.21321456377776496,0.19243624936698747,0.17899153307925186,0.16432442227497127,0.14452376501597536,0.1293677882550151,0.11531177858697851,0.09734451017851768,0.0796217548500871,0.06935480078358654,0.06556575586227589,0.05664326060827842,0.0430761756381611,0.027675733858184864,0.01557535356036037,0.00384166812100351,-0.007647578999900831
-0.02569422204058901,-0.024144629530386104,-0.027889474348521206,-0.03260281671001766,-0.041642102320912616,-0.045838899859675486,-0.04706565530528652,-0.046871973633945165,-0.048744373183750654,-0.045838907439948916,-0.048808966588715974,-0.05991435710911224,-0.08438496547471713,-0.15799065606450385,-0.32463663031427986,-0.5467440389677134,-0.7334695814327562,-0.8632479862229568,-0.9675233190852941,-1.0,-0.8886231637775095,-0.6434645074765964,-0.3587920385827917,-0.11492493200970078,0.0610829679765051,0.18711677075420396,0.26814751351495625,0.31967111715610813,0.34427052952783543,0.35453676672391643,0.35447212215210544,0.3482739448160574,0.3393636366100396,0.33193866782208176,0.32483646707677294,0.3172824820350366,0.3063706784325638,0.29397399022843684,0.2842891296833425,0.2731191419678442,0.25891467983503913,0.24328976542473482,0.22669618303335876,0.20558290809099083,0.18498616814068938,0.17123356610704613,0.16671388871660112,0.156641479112125,0.14069353892987504,0.1245518772798482,0.11209051418281656,0.10072684290090854,0.0896859699827433,0.08206712812153998,0.07289868886441064,0.058564892106343074,0.044037434522686075,0.03073674565011861
0.019536098072787462,0.018050605611012717,0.01788555453000922,0.018215676835242833,0.012108673532463655,0.010953297081164208,0.014584480033969371,0.012438787025035624,0.006992009448448721,-0.004561746881359921,-0.012814425567749557,-0.007037550471539916,0.01144846543159467,0.012768896740752603,-0.014795070013583132,-0.08147667676125345,-0.24438480549359012,-0.5279479157200747,-0.8423739339033409,-1.0,-0.8935401466999245,-0.61031002415266,-0.32922243590460515,-0.13000253052018673,-0.006047235566279672,0.07912049008250821,0.13771441697829834,0.17864785050977752,0.21099839618196867,0.2412031846386912,0.24945592501371236,0.24136835909695772,0.2329505046933499,0.2388924946836755,0.2519318095702212,0.24714521491547004,0.22288225530326014,0.2035710043743881,0.20291091083812052,0.2040661651711086,0.20637695584225738,0.2004349658519318,0.1869006110280253,0.172870954404812,0.15537530313552836,0.12962691149122357,0.10850003068792323,0.08984891358177204,0.07631449329237903,0.062285012922398644,0.04627476850617663,0.024817808201999234,0.002865678288439717,-0.00885313793503407,-0.007862819056207638,-0.015950438911172597,-0.018096140103292156,-0.005056899967001459
0.03151916663971923,0.025876280293851896,0.02644058241469146,0.030014382026527363,0.031331027673899434,0.026816751308542216,0.027192960374209915,0.03452869569428603,0.044497791175078176,0.04619065736577993,0.041864453969686105,0.037350131693680955,0.04562637246143334,0.06424786612616665,0.055971599533674796,-0.01136671205709184,-0.18874130165344055,-0.495715101645171,-0.8472669356267252,-1.0,-0.8609978003896588,-0.5419867909149578,-0.26623706361433525,-0.1172647240559613,-0.04484781317573555,0.004057149813625509,0.05126924732963869,0.09076940870947761,0.11841949240732681,0.1394862474387733,0.15547445841700896,0.1639388094564262,0.16939355683647372,0.17766974308533168,0.1930935744685094,0.20644843102486,0.21115094391616387,0.20099369512247445,0.17804595788983038,0.1539696795426481,0.15904821211819692,0.1609291943193945,0.16055301394788177,0.14983159215705008,0.13083380047476872,0.09754085625579165,0.07967172046466832,0.07685026437936492,0.07741461528026791,0.07553358716842239,0.07835510638086671,0.08663125245790772,0.0824931822888027,0.06255497411072543,0.04543826792859949,0.026252489359519595,0.023242934480213338,0.017600065350838974
-0.06265761065353763,-0.0851034259867934,-0.11293101387148347,-0.12054419199263464,-0.12264438458443046,-0.14088977568708275,-0.17016134609917566,-0.1894568815555866,-0.18761915697026105,-0.18919438952018594,-0.1903757078048538,-0.19405106085978338,-0.21531568706387205,-0.2671643358474134,-0.3406713649074313,-0.4420059458087437,-0.594270677639712,-0.787880740460066,-0.9539273774417916,-1.0,-0.9001096859684332,-0.6959982116490665,-0.4670772832204707,-0.26453893491479946,-0.11647506484120852,-0.00673996187166007,0.08776885293755543,0.18017777551660477,0.2540785586490106,0.30185803622808677,0.3420243797390508,0.37444626306776785,0.3967608093555983,0.42065069231871866,0.44624698176267313,0.45596027638400727,0.44821578416318636,0.426163826026478,0.3993862423267861,0.381796969177627,0.37602150362733616,0.3752338673282651,0.3630264658498781,0.34622498919265926,0.33165474289420666,0.31065272086052703,0.28348135104987343,0.25434111476155885,0.23058265402829492,0.20774286736107248,0.1809653637578151,0.152743817554829,0.12780396645010608,0.11533400885917079,0.1022077410832993,0.07621772159588734,0.0440584985050836,0.023975374807462323
-0.028883451615079204,-0.032933983935248205,-0.03536430643420882,-0.0369845162554172,-0.03624192166956019,-0.035634344281131713,-0.03806465383484559,-0.047583433568841316,-0.07229172050693052,-0.10820652285926707,-0.142501153363119,-0.16882970017737062,-0.1834792179892632,-0.1917153360737206,-0.21014534922187575,-0.2454525948981786,-0.3421253501214415,-0.5651067073473751,-0.8528975896992251,-1.0,-0.8624840040323367,-0.5363477957463568,-0.2066348054308912,0.026541361656176134,0.18903585328610834,0.29002920025187434,0.3422133608662717,0.36698894755309447,0.3741449418663867,0.3655038412309595,0.3453864168967376,0.32351340998110173,0.3016405963811504,0.2812530548024923,0.26356585717240516,0.2496590029876855,0.2356171592220637,0.22400559739362938,0.21381178517951074,0.20078254277807667,0.18923846193183028,0.17904453925160616,0.16284235128581162,0.1438047745574912,0.12280937942514088,0.11106275897448845,0.10026134175541498,0.08635448757069535,0.07325767443336265,0.06515662187525495,0.05516521808704206,0.042541006565498855,0.030794451704096566,0.021613209785573524,0.013107088374851188,0.0031832829390632898,-0.005930414134054619,-0.008090704827207485
0.03980935353765482,0.030862227276736508,0.016080070209726557,0.011801015177828167,0.0199701179459327,0.024249156658544057,0.008299988089458206,-0.0066766817122736,-0.01387326753927262,-0.015234779722051547,-0.021264348298134915,-0.021653361528113355,-0.016596298580902443,-0.016596297097330893,-0.017374307979786514,-0.035657515872311196,-0.16441807324208985,-0.4610346452180216,-0.8360360522709303,-1.0,-0.8226157352560114,-0.46881492168616284,-0.16850259495471115,-0.004148152278579022,0.08454485725509323,0.1356988730507307,0.17109825508013093,0.1991066735528212,0.23431170770938792,0.24695430091294573,0.23372808253084032,0.2115549070149731,0.19852326200857656,0.18724202966349973,0.1677918488417594,0.15359316711257068,0.15884468994226703,0.1642906911990932,0.1648743045090684,0.1668193498889589,0.16176223427495803,0.14347900709600322,0.1230563273214624,0.11060814133360007,0.10088303311987133,0.08396132109083854,0.07268021930005797,0.06665064033897376,0.0615936018706934,0.052841004478337526,0.030473240751045936,0.02016461417592108,0.012384533539224278,0.005382461559625776,0.0032429288511761625,0.005382455625339583,0.0011034005934411936,0.0047989387475150195
-0.030382390203960677,-0.032832273752493125,-0.032597357213360614,-0.03313431354477186,-0.03531572558309629,-0.038369699979335994,-0.04300098430304308,-0.04467897859826845,-0.045081718117145786,-0.0468604049715108,-0.04635700975471131,-0.04467901136379512,-0.04931030592672929,-0.05259917843149275,-0.06360695166070872,-0.14750750194290693,-0.3755479086059112,-0.6892340517023068,-0.932342595046664,-1.0,-0.9091862799160902,-0.7291036032685302,-0.5183465286310428,-0.3144686746139488,-0.13915095744751707,-0.003937030549608435,0.10251596006314775,0.19014104557975123,0.2557844519054243,0.30085576018877874,0.3304223229565559,0.3467326089452503,0.3537798839519206,0.3523370212195965,0.34602775693558196,0.33592601400192657,0.322267048900102,0.3042117692576836,0.2832702399021904,0.26702702494658404,0.25531469254959427,0.2406823783298256,0.221284875270242,0.19977279979888996,0.18091197968335443,0.1635950384188585,0.14688226070058213,0.133995267789804,0.12208155846591663,0.10708018973653008,0.09540119626292438,0.08852136128890602,0.08177570933797217,0.07211039502814441,0.06167315767556018,0.05251121196054148,0.044893042704291536,0.037845411372518754
0.004926397711734115,0.002604364528404431,-0.004490759277703243,-0.0026847311178570337,-0.0029427343675746346,-0.006425792014311708,-0.008876831373351352,-0.010166851311818676,0.0015723426738236616,0.014859554804815859,0.02621176076633068,0.03975698697068648,0.08632677083026108,0.16759837995215732,0.20023613592215417,0.08774582560250106,-0.19618806184883697,-0.5800997784863995,-0.892670679604448,-1.0,-0.8733202991041012,-0.5822928459596957,-0.24675711205997047,0.026727773169572793,0.23403462756100377,0.375679613080673,0.45437131368533834,0.47501174684108244,0.4622403483518331,0.43553684719145175,0.40006113911182584,0.349105051063194,0.2892478484393854,0.2297776206791347,0.18540067207645128,0.15327906626519108,0.11806140964970586,0.08929386674809868,0.06723447328102512,0.050464142989275027,0.037821947346303286,0.0249217514055174,0.0018303400197343534,-0.02435708969933573,-0.040482361192449176,-0.0434494098798315,-0.04190138250978335,-0.03828931536644493,-0.038031315068630785,-0.04435241682598792,-0.05157657079202113,-0.05493059040709013,-0.05299555865444948,-0.05273757410012042,-0.05364056136692048,-0.053253555016392354,-0.04989950785022444,-0.045126433462915456
0.04106303057906733,0.045858175426875446,0.05493474028366561,0.06007242757435167,0.04945455235033259,0.03438405382126785,0.02753383196717376,0.04054926132749584,0.05853109108197838,0.06503878094325227,0.06675135730689129,0.08250688847142318,0.11333287113975997,0.14912534302774808,0.16316836052898742,0.11384664822887477,-0.06408790623145016,-0.4134502971461965,-0.8220660307429088,-1.0,-0.8254913924713418,-0.45849075663825106,-0.14611946968509307,0.021711139472422133,0.0975774131256323,0.1340548131485101,0.16539467218151024,0.1770400075332392,0.15511931850025362,0.12874585986141393,0.1302872747292203,0.13576742086232232,0.13525368557343853,0.1397063611287729,0.14621401963987357,0.14124760879565534,0.1165867578706279,0.08627448959105943,0.06863518399185378,0.07240278511149004,0.08627450526614606,0.08918581820396282,0.07445784121766051,0.0499683085393319,0.03198648139736379,0.03284275129158224,0.038494192158753174,0.03609659622221919,0.027191307811896874,0.023252428939535556,0.029931404391077818,0.032842756516611116,0.014175894126661419,-0.007402322348207407,-0.01990395959745667,-0.019561461567324148,-0.0097998902002112,0.0015029753691975884
0.05624002579501,0.051247314492902186,0.05494560348944459,0.0677047696396494,0.07990931232876773,0.08730589596365936,0.0852718553514332,0.08083388034654822,0.07103331718454324,0.07602606233749196,0.0830528368190532,0.09877072443540102,0.12724773870930592,0.1710728652970692,0.20324836038894833,0.16238178601312353,-0.03399891402105642,-0.407714860602561,-0.8298784917703904,-1.0,-0.8141608693189631,-0.43360308104159645,-0.1297853973471694,0.035714379408577517,0.11337900405393954,0.13242536022988574,0.11707730997590239,0.09932544944901023,0.0987706510919124,0.11356389734699109,0.11855664814174663,0.1181867938539617,0.11134489574003155,0.09895560080303212,0.08268303894933647,0.06918412473091408,0.04884339702566383,0.04144675979360744,0.04144675979360744,0.04126185239603884,0.055870199716259165,0.06715011232772201,0.06844450078244652,0.06733501126258039,0.06844448385702606,0.05439087847583539,0.03441994299849506,0.03164623189289508,0.03405013102426128,0.0445903407019611,0.049213211820801024,0.043850668798135574,0.02665349097130147,0.0022445748472693476,-0.01143917906703981,-0.01088443853846186,-0.0036727157562325852,-0.011624103390028864
-0.04996322229701179,-0.04442633759080484,-0.036121010011063555,-0.030353419718490305,-0.019971757920461658,-0.015126986776421188,-0.016741912870213833,-0.02320161248715944,-0.03612101354255866,-0.049963231813461746,-0.06472825135238032,-0.09033633776558436,-0.15654828500951423,-0.2982003952199102,-0.512754412314387,-0.7333075042984493,-0.8899551224657681,-0.9753147855962343,-1.0,-0.9810825917189188,-0.93794109813328,-0.8629628160655686,-0.7342305999444617,-0.5369783072899454,-0.3044293114089028,-0.09541181739553448,0.08269131763027661,0.22872671420818783,0.3281599506564595,0.3920647012230059,0.44097384866812983,0.477194294659266,0.49795758970597337,0.5053402231892822,0.5009569463382169,0.492420804922491,0.47396433541161864,0.4619678605276406,0.4490484422608495,0.4255167738553008,0.39321824722122284,0.3616119852229545,0.33946446543102665,0.31962396150393296,0.30093700357505626,0.2776359187520115,0.2571033595510074,0.2340328392775666,0.20980902043360786,0.18743074576307678,0.16297621010631463,0.1408285570840873,0.12260303278081733,0.11452846773744756,0.10829942783460555,0.09053521344309282,0.06746490253155116,0.0510849795004086
-0.029544231375283624,-0.040837304364453215,-0.056617669811084834,-0.059609192744307954,-0.05758991082826704,-0.059833571853083675,-0.06349821385818616,-0.06731241455413409,-0.07217365158532878,-0.0795029310319218,-0.08705657589645469,-0.09834965352054266,-0.1192905171338363,-0.1546656107312717,-0.20193211711563977,-0.2741780920178909,-0.413209424561217,-0.6494658993262886,-0.8951464518227468,-1.0,-0.8807872111101774,-0.6117724726034947,-0.3170319963710931,-0.08331714770051156,0.07321530352973785,0.18068674944801164,0.2519604742058566,0.29817987808260465,0.32517813336463197,0.3376679725866483,0.3378921006967668,0.33908871625911274,0.34791371952251876,0.35105490839146813,0.34402471894489434,0.3259259815822026,0.3034149251322859,0.28232472188152047,0.264524974119385,0.2540545879488577,0.2426866488343319,0.22585915121660255,0.20222586607913484,0.17956484934052105,0.1601198099435033,0.14389063836139473,0.13125136822966754,0.12010783104197721,0.1061971477480335,0.09146375474608133,0.07067246807808095,0.04404768510725586,0.022732947584908358,0.013160004831692728,0.012187731869226866,0.00740128559248478,-0.002844744287326564,-0.015110048096857906
0.019407532484438234,0.027270808526258287,0.032018476570254764,0.0427006781791695,0.04729993031889812,0.045816296361843534,0.03706283836148066,0.021187906586374348,0.00902206423050472,0.019259181084223323,0.029051192813044868,0.029941371376637535,0.023710089745287398,0.010357334905018854,0.0007136871306549822,-0.047949673911540334,-0.2043253692591648,-0.5117363494564879,-0.8514881137013699,-1.0,-0.852229751879189,-0.5308751772572298,-0.2464607927269651,-0.07969955556815378,0.015698429485400935,0.07459890557774759,0.11050286182358929,0.14373648154906205,0.166584559463348,0.1861686055539921,0.19373521613983402,0.1953672003654535,0.18958099217279895,0.18839415381147842,0.18691044290222034,0.18513005861543375,0.17355767844292636,0.15708921884875482,0.14151109624918318,0.1352797965114322,0.13542806982779354,0.14284631656527,0.1505612095206737,0.14907754387741767,0.13260916576204987,0.11539895029845382,0.10427165261784245,0.10456846179337712,0.09388621039186013,0.08424255119490354,0.06495527354039225,0.048635209480787644,0.03795301692507333,0.03201845620055384,0.029051179233244247,0.022671547333329246,0.019407531352788183,0.018517351657545457
0.03568612115073437,0.03357822170664616,0.031470300825047946,0.028835429869548613,0.014431380663038328,0.016012313955092925,0.029889359493927098,0.05202241486393646,0.07714162962672798,0.08346538959183386,0.08803246887822687,0.0913699837005106,0.11297607291848634,0.1310690097947588,0.13264991896961464,0.07292579322290905,-0.1076516198600341,-0.45756544112672487,-0.8533253283390952,-1.0,-0.8067755761277076,-0.43420279985509624,-0.1317170470219509,0.04886053756107227,0.12983941853376205,0.1482835554175886,0.15004018786190396,0.16128233966788444,0.17076793406083451,0.16128237182414945,0.15267502934082705,0.1405545720314439,0.13756835904488673,0.13282556720778918,0.13387956382438643,0.11701626108413073,0.10067994593341864,0.0890864708542016,0.08487062909100518,0.08030351228896968,0.07766862257564909,0.08522188805171176,0.07942522822307697,0.072750171781622,0.06308890771298739,0.05799483011829577,0.056062581592070844,0.054130311628335925,0.03867231805915902,0.026551841991954615,0.016187964872956213,0.00845897110301761,-0.0010266102264498162,-0.0003239750686538493,-0.0003239743987316618,-0.0013779294801532682,-0.00506676958544014,-0.008228631480094024
-0.031056478162642544,-0.03305034029338381,-0.03785037848507618,-0.03718575624931078,-0.03415804211862896,-0.03881038199747435,-0.04604737254107693,-0.04848431003678569,-0.04626890483730755,-0.043831961708915776,-0.05173356716579584,-0.05756745975131906,-0.06591213993948977,-0.08297075423013478,-0.12690965612607769,-0.22039988329330584,-0.3988137747904775,-0.660230648797372,-0.9071748259687875,-1.0,-0.8932914249359184,-0.6516644284272145,-0.37924451822040667,-0.14337750335731075,0.03392864667460913,0.16522855594938107,0.2619682373895247,0.3347067230709661,0.37894100286393195,0.40279304517654024,0.41313180329762006,0.4174887782346134,0.4137966221140225,0.4017596235839902,0.38056545061931246,0.35368553026494676,0.3254022156733754,0.3024359375478306,0.2795438125675704,0.2534019809701959,0.2257093320497423,0.19845974546867676,0.17002862927493373,0.14425606736337523,0.12350506488559933,0.10556022002173768,0.08170768203302455,0.056895082515278236,0.036808709595755634,0.018863968373261354,-0.00033624381831390846,-0.014736342129018852,-0.022490255257777633,-0.025739514639860992,-0.03445342571874347,-0.041764254470241936,-0.04781968498467878,-0.05719823512696715
0.024501359776516875,0.027755617927756458,0.026720177486013588,0.0313057203959345,0.03337661481868954,0.02864313959584742,0.031897400003631886,0.03515167169414077,0.024205499663764233,0.008969634117631228,0.0024611121737898567,0.013259347942291642,0.027016017289862283,0.03988513563425847,0.08884707335192152,0.1568907743209829,0.07582994145898832,-0.2969318669930769,-0.8028217361090166,-1.0,-0.7445407780020457,-0.29752342474735055,0.04254770063853136,0.22537846403512293,0.2764113458195285,0.2512647165289972,0.20452159877737575,0.17952290856940034,0.16339931770200064,0.14490912574414533,0.1228689373757215,0.10215992996491435,0.08189470369705665,0.06207328113759722,0.05378969893348729,0.050387497186602084,0.04742911720047421,0.0493520860799427,0.054973089740510434,0.05290219983084516,0.037370487147092596,0.02035954610901308,0.014738553731169762,0.015478161138698588,0.01991579430114713,0.01666153163681778,0.015774009968726816,0.009709243217568716,0.01621776741795497,0.022578352535785374,0.023317971226038618,0.02361382456915661,0.024797188297641153,0.017696982233012623,0.009413400593038919,0.010892609202598142,0.008525871591177084,-0.0077454456794232044
-0.02171471308713817,-0.02530475257551057,-0.032811192299476724,-0.02938433913929986,-0.024652016566767274,-0.018287860857365185,-0.021225164430034676,-0.02073561260955798,-0.019593328036751585,-0.019593328036751585,-0.02318336436175078,-0.019430144964969642,-0.003927709602783547,-0.024652017683251932,-0.15780980247017748,-0.40960234056412886,-0.6757554199379695,-0.869127466530814,-0.97535964207404,-1.0,-0.9344006729138972,-0.7844353109476369,-0.5721338296659795,-0.32621564434494554,-0.10444876689620879,0.07293174785363314,0.2173494434355563,0.32146050058214853,0.3808594613748415,0.4055002003942318,0.4190445943655234,0.4281829766418557,0.4304675364834296,0.4198605630365756,0.39260890528919773,0.3558923396506983,0.3291303155062984,0.30971146157956203,0.29192447353991186,0.27185287802200897,0.24688573247952628,0.21881803460607807,0.20119422600963469,0.1982569722135729,0.18797635765313248,0.16186683691650522,0.133309624531776,0.11307484957066628,0.10018341155559583,0.09055563385967955,0.08255961486832215,0.0757058817523366,0.06509892021465224,0.04975968336895254,0.0414372995365967,0.03882636889943943,0.0375209154900305,0.0239766793152374
-0.019297058642922024,-0.0263576098154435,-0.0304828767160919,-0.023263658278464803,-0.019376389628128505,-0.019376389779405437,-0.020090377269048956,-0.0212010266434638,-0.017948412871337506,-0.014299137895186085,-0.008190569890912365,-0.008111234216120958,-0.009063221771399774,-0.02754758987251096,-0.07816143403702915,-0.18486326577344064,-0.3756574709359619,-0.6493520550638844,-0.9095611598595263,-1.0,-0.870688806770524,-0.6133358491985768,-0.3455115265222263,-0.13655003152568038,0.004264569511362903,0.0967659169371985,0.15856581168753273,0.20648255998559484,0.2393262198961045,0.25812797244881486,0.264236636665218,0.26748923111171613,0.2692344392656692,0.26939316144430153,0.2659819029095134,0.2618565978870779,0.25725528123632485,0.25376459384015454,0.24448274467518802,0.23004429327734827,0.2156851351967586,0.19894597706492373,0.18664945213210443,0.1703863830823768,0.15674117467219745,0.14968058401639642,0.1424612905454105,0.12548420405320662,0.10652374868531136,0.08811867571677352,0.07256955633745613,0.06193904789943883,0.054481797022912754,0.05091185987724904,0.04194735341144817,0.03068215957509961,0.018861660793183407,0.00894516011591866
0.02819689387220699,0.033293071104475366,0.03082217287978494,0.014452568141835069,0.005032328439732613,0.0011715673379999211,0.007194356729845234,0.005958917040874175,0.008584232564026963,0.01151841684383578,0.01893106204519275,0.029277893882202075,0.044412040084432586,0.05661205383541211,0.043485458550821636,-0.03712714194086143,-0.24653487715243907,-0.5708394504874276,-0.8855678213884903,-1.0,-0.8670362661032646,-0.5966294916404152,-0.3387297962869733,-0.14646375112773558,-0.014580311665855578,0.0769968193047305,0.14046778628431855,0.1742880593779889,0.17783993641008258,0.16903741184077858,0.16563998391103504,0.17490579924714453,0.18587032854812577,0.19204753877219877,0.198687964376084,0.20918927829725298,0.21660196825963718,0.2204628188834243,0.21691088531108574,0.2192272637581199,0.22123497016143343,0.20903497996888928,0.18741463110414402,0.1611613557245957,0.13506266137463563,0.11699430262247384,0.1035589080786117,0.09923485149838647,0.10077916347777886,0.08796146168620157,0.06649559019392888,0.051206976042599946,0.035300659715612005,0.026189272279260815,0.019239917844709322,0.0073487763841511376,0.0003994349067391018,-0.0022258812053745705
0.02087116552281577,0.03968116754966825,0.049630250319316005,0.038748463420767536,0.01698478765043492,0.0003511476276598013,-0.005711581280746896,-0.009287041571778428,-0.0035352231303092583,0.007191146478299999,0.016052069292710622,0.025223888345235188,0.024446631742523796,0.010611161614612806,-0.02421069092312515,-0.09229984129244283,-0.24713266333115297,-0.5289730081315661,-0.8568262380628439,-1.0,-0.8585364288271039,-0.5507368475333699,-0.2648547769361517,-0.07006981345765985,0.05367208994670976,0.13171042861611676,0.16995227020399095,0.1875186445919169,0.1924931741193878,0.1988668902710926,0.20990413181024217,0.2190759935492375,0.22451694391380608,0.22327330678899715,0.21176960646922033,0.19404779641245806,0.17974598844892029,0.1746159094220244,0.17243956342537356,0.16435584622705648,0.14849946339986042,0.133575808416271,0.12455945823317115,0.12191670088530504,0.11196763234448087,0.10652667249402992,0.09968674419463998,0.09222488350225692,0.08600668839232996,0.07341482456011011,0.05615934996750401,0.027711179195147203,0.02071570851074406,0.026156625674724265,0.03377390069270828,0.038126644858363076,0.03361842945181299,0.019782975924196176
-0.02159330920668134,-0.01759677801772656,-0.012484926457587626,-0.013042582256719008,-0.016295575481703146,-0.022522737045028225,-0.02716986675491832,-0.02586867095366284,-0.015923808493563594,-0.009231930751373197,-0.0046777481054400445,-0.005886010843966657,-0.016481468900694088,-0.03488410105603146,-0.07020233427814089,-0.14269769592150747,-0.3035819384237294,-0.5814794815506367,-0.8742492751763622,-1.0,-0.8695085430032566,-0.5811073934204051,-0.2979123243715565,-0.0919509161156483,0.039655920535960065,0.12906682440549466,0.19273265291009825,0.2326052920888671,0.2529598194992989,0.2641129808529947,0.27545207284413586,0.2866980634033498,0.2906015632551331,0.293111173149963,0.283630911137059,0.26513525907593255,0.2491491034819655,0.2400407254294863,0.23167588844251555,0.21466729582687202,0.19775169121548528,0.18539025294480402,0.1739582410060084,0.1631768615278339,0.148306108274266,0.1302752034073835,0.10908418095548757,0.09114617335072546,0.07757652621966107,0.05787271066921968,0.0369605558165741,0.01800024446764831,0.007404795626919107,0.00238589059904491,-0.004305978990531671,-0.01360023947369627,-0.026519269740444256,-0.039810077629175905
-0.032872737785842626,-0.03981152578372147,-0.045005922969791064,-0.0468666060166922,-0.04814582424541842,-0.047021661844452646,-0.04461828412893305,-0.04628515285520687,-0.04954133980903821,-0.050781787888207974,-0.05496832292237777,-0.06264363229473507,-0.06671388310778709,-0.07795553334499636,-0.10497416614766258,-0.13199289803219028,-0.22049153445613823,-0.4836613862915596,-0.8423845846840053,-1.0,-0.8085827027352953,-0.4473005345918487,-0.14474633056910274,0.0382595869169444,0.14583045005571812,0.19758031180728858,0.21963709983817262,0.23405731076201466,0.24153880727083085,0.24165502446598353,0.23960062618031655,0.23607324197205437,0.22897919051163185,0.22331968121155646,0.2178151592561902,0.2131248104415094,0.20847311520948927,0.2045580061922834,0.19843320847077223,0.1898275175050939,0.18029166933736906,0.17087199173803858,0.16207253162140509,0.15230389936268737,0.1394730430935578,0.12311460445244314,0.1061358550751148,0.0891570940410969,0.07372890585554542,0.060471496344467794,0.0505090891064501,0.04279498335698478,0.03395675891913962,0.02465333931337537,0.015117322123651567,0.006317835779466511,-0.002171515595818485,-0.010195699487822145
-0.043212011240276606,-0.046607940680652736,-0.05129754066970666,-0.05722691880364749,-0.05889793403273431,-0.055987148059473656,-0.0535614886961487,-0.05286074477756523,-0.05587933776054686,-0.058143281675481634,-0.06590538966459802,-0.08390917180022206,-0.13980721817354794,-0.25451443568165905,-0.42754409422678596,-0.6274182376221903,-0.8157575309367332,-0.9469050608692405,-1.0,-0.9873866061762918,-0.925020106327649,-0.8154338204574587,-0.6562567837612547,-0.4601554910013872,-0.25801815034076764,-0.08213037587506077,0.06238501275367596,0.1792482520447974,0.2716382804754544,0.3425752665582129,0.39701756964448937,0.435881957178433,0.4584138064056434,0.4705962353269327,0.4786275286305644,0.4788435110410574,0.4676854197508197,0.44946606142162054,0.4319475933806635,0.41588400685483295,0.395238951336442,0.3706590057473515,0.3496907660226161,0.33147146032070995,0.30904752335780655,0.282095849868501,0.2567612025840707,0.23449914717445103,0.21223719701941737,0.18690283918509853,0.1625922006111385,0.14065336887833302,0.12340420785250641,0.11025171319607709,0.09483524502186065,0.07526816750291673,0.05834242092784147,0.04567505123674492
0.0015627366429060217,0.00919146925852449,0.009062168605421304,0.0029850457995308894,-0.0014111764059774195,0.004019447079376721,0.0037608447869254364,-0.008652020931355423,-0.027142012290980823,-0.0439511011393746,-0.0784743952428234,-0.11351485645386808,-0.13640106416317263,-0.13989223702667378,-0.13484942476609718,-0.11597153730299138,-0.18346642299313912,-0.4491802908148952,-0.8291941212892269,-1.0,-0.8374689212501096,-0.5319329297197944,-0.2813473487705414,-0.12644491387422732,-0.01847886261559791,0.051084898616365046,0.09310764243473757,0.1281481825453753,0.16331805486895343,0.19292790442958294,0.227968349860709,0.251113135206342,0.26068143087573353,0.2591298230384953,0.25706101258884434,0.2569316488160667,0.256285177110388,0.24400164662542262,0.22706321372914948,0.2092197551607471,0.19150556568561067,0.19111763216646388,0.18387670091317382,0.16318865953633857,0.1428884096593826,0.13732851313578284,0.13900940584620566,0.13448389876751277,0.11948501511758396,0.103580979556177,0.08172916918173864,0.06013593644362873,0.05470528928839667,0.05651552999167849,0.056774158912742435,0.045395681714763846,0.041128740437460454,0.046300762616608225
