-0.032831788249791084,-0.027795693455787408,-0.022311149666911684,-0.021501528519092726,-0.027694363438226222,-0.04007305874297014,-0.05415032406042647,-0.06318265669509512,-0.0642286089265327,-0.05977215910805358,-0.049833318608707884,-0.027212919782244573,0.01377399606055983,0.06263352999769833,0.08727270568257643,0.04514729132661639,-0.09523406743585316,-0.3335301045930998,-0.6237754531796219,-0.8774284883534197,-1.0,-0.9500316573192423,-0.7658952616013422,-0.5294071485438692,-0.3079479738990321,-0.1298955836632587,0.004180729813539374,0.1038730728450778,0.17942655423526016,0.23743787969722502,0.28028508666588425,0.30902105003457203,0.3251222494987115,0.33004622809219186,0.32596337257034697,0.3166528344965857,0.3066689057368257,0.30034931931613595,0.30010898564144195,0.30389664687703843,0.3057810834737438,0.3003379964316296,0.2861075647976734,0.2649858292820494,0.24004691882087187,0.2144407241331872,0.1905570111059926,0.16988282633725557,0.1541580684097115,0.14557484646217586
-0.05594821212400376,-0.05811201868073535,-0.06123550677521345,-0.06335777967436035,-0.06353043971526953,-0.06295815345466396,-0.06278862696896305,-0.061961272252068045,-0.058742372733014574,-0.05298578467486571,-0.04615492004002912,-0.03982910881474722,-0.03446094892103848,-0.031705466959293764,-0.042165107321209386,-0.09148554493233059,-0.21232487038749814,-0.4189183931663166,-0.6783472634169523,-0.9051915287905846,-1.0,-0.9138196066653295,-0.6823096045068135,-0.3965833880221433,-0.14292186251887498,0.03676467024200897,0.14563048695302672,0.2083241381621107,0.24708194086336988,0.27289496255447665,0.28978125670838883,0.30049523941679246,0.3077538751205598,0.31373087224896223,0.320204722437878,0.32751623266245444,0.3327241689359454,0.3310395686538311,0.3203759243989225,0.3033435513905851,0.2844471440635893,0.26680578784872755,0.2515560958400617,0.23823431095325057,0.22527634162364615,0.21133365573358323,0.19620458319128486,0.18074191368443926,0.1670189510965542,0.15855738673186925
0.0016414003498286711,0.0033900083348085645,0.0049371345817507935,0.005210286612022692,0.004553798791186991,0.003239634081060127,0.00103445683579503,-0.00252313664961682,-0.007649797576910135,-0.013516017163143414,-0.018514574000559045,-0.022034076676185357,-0.025845198322453414,-0.03418840467990187,-0.054748588919829366,-0.10343368228822006,-0.2079148134694922,-0.39345813898732596,-0.6456733620087993,-0.884755824555217,-1.0,-0.9307620398610905,-0.7105738745232485,-0.4303601254915508,-0.1721778870962958,0.0237200753717987,0.15381958824619477,0.23338817365410244,0.28095768440840363,0.3094246271305921,0.3245633071812645,0.3283331257687632,0.3223620677548038,0.30961990776150217,0.29455151212543706,0.28129944073145735,0.2713422900376119,0.26351353292939184,0.25600001728872585,0.24755396303315402,0.23754255156675275,0.22586934085303378,0.21265059393175004,0.19755154621092694,0.18036827630642985,0.1624205305672562,0.14593685132705772,0.13231772128634986,0.12225798466716058,0.11675811254346571
-0.010978383470043124,-0.007012658686254033,-3.830910964352949e-05,0.009298245837301716,0.020864167067720967,0.031759107958245734,0.0366661339509082,0.03349944560096624,0.025872934927820123,0.01999629511296129,0.020067684521612478,0.025916214254529054,0.035184654788178914,0.04779930141663735,0.06450574360985607,0.07245474475707313,0.026283225518714464,-0.1406701722473542,-0.4470912567604334,-0.7929085838475024,-1.0,-0.9548550363603917,-0.6944480381898145,-0.351717048717434,-0.04801581419204819,0.1621561013225317,0.28074405130774166,0.3324031717586091,0.34153943812501686,0.3254544106822625,0.29587852095015155,0.2618556236818849,0.22963317481233042,0.20152775622418992,0.17766199034593413,0.1582660712506395,0.14295458500850833,0.1295529527281278,0.1162862048979678,0.1041607604590654,0.09528236903478704,0.089400987337187,0.0837559753975643,0.07642988399259833,0.06803404064830737,0.06056825219765489,0.056639183583087824,0.05789818999458735,0.06269120338931804,0.06679250312833959
-0.04355612480487933,-0.04377335597311615,-0.04486449966418186,-0.046636308671068064,-0.04625947217450578,-0.04091656685919295,-0.03239147015357665,-0.0263406300081754,-0.026465754518448285,-0.031408944000036514,-0.03824770338480434,-0.04610532020618343,-0.05556787521887438,-0.06933784489839777,-0.09730560945351785,-0.15980553143520443,-0.28032702004173166,-0.46644169301584243,-0.6905235403540745,-0.8902134707941947,-1.0,-0.9946779575446792,-0.900668949516301,-0.7602504063722756,-0.5916216912596671,-0.38873865719917633,-0.15107667573168002,0.09678143109711049,0.31450923625557214,0.46930109751649796,0.5510465772117523,0.5717327085049546,0.5540591662731966,0.5193555938458286,0.48145687670993653,0.4460881929237757,0.4138206584887095,0.3840317621066509,0.35669048796633884,0.33213401423556643,0.3104422010479017,0.29130974881298427,0.27485931915184086,0.26193970500755126,0.25237413103974954,0.2433731034270625,0.23137040606352183,0.21580514272645773,0.2003717722622251,0.19066974057860042
0.02985376405596569,0.023570629068242765,0.017187213499776206,0.014402761193993958,0.013361138966470384,0.01049767332535985,0.0053957039804445935,0.0006724154078158402,-0.0025961293219773237,-0.005052414272979935,-0.004012251911472923,0.008891015047577801,0.04584331524081551,0.12009226331270893,0.23658733140267843,0.36513620398376945,0.41160281408406607,0.2472943991995665,-0.16757651653741604,-0.6747968086091659,-1.0,-0.9827654940394429,-0.6921093981962967,-0.32114779667724874,-0.02489692364247884,0.14422708267234688,0.20859202829265658,0.2143449335887244,0.1980516489276755,0.176892744241431,0.1539009473743587,0.1285536618623282,0.10432903541009328,0.08772533785733937,0.08161349216987056,0.08147221258593325,0.07972772523902724,0.07359881363992643,0.06634543063258087,0.061948724530269304,0.06186695458138176,0.0659434969982856,0.07274550178303914,0.07721054757951869,0.07146555187279853,0.0527615101944657,0.028988216653106223,0.012502382372164896,0.008586459253220588,0.011170651126684857
-0.0020287371774351582,0.0014190294622226938,0.009219956091166336,0.021345603159093875,0.035454118034984015,0.04711652260016879,0.05276254425760947,0.051877717789846026,0.045705573246049944,0.03637380059946517,0.028513624763654006,0.030124290378663276,0.052267876250436406,0.10794182287041916,0.20131168183446566,0.2991963682261241,0.3080262295899857,0.11585543048708634,-0.2885011010071617,-0.7405812475818795,-1.0,-0.9462072637881697,-0.6565236273128832,-0.30582972936419595,-0.028944096343499634,0.13067117871899503,0.19466110281765048,0.20498164176915043,0.19418490060087018,0.17831880105293457,0.16353135434582217,0.1512760161031199,0.13897287271601008,0.12387687527744567,0.10824262365115862,0.09730040189715995,0.09330028054653368,0.09404419973246866,0.09564508140385697,0.09424444339647649,0.08655494614851618,0.07257166337545137,0.05760173092836584,0.04814134375268115,0.045051658065779404,0.04339256767387724,0.03864619518983668,0.030503603841113367,0.021901261936853718,0.016486867991655888
0.12118488481374476,0.11496733115579656,0.11292915118910252,0.11986994219133637,0.12942547763510118,0.1343115244576219,0.13385541396800502,0.13062650595247186,0.12396683992497644,0.1100367634241932,0.08781097614798254,0.061120209438223286,0.03434029915428698,0.0075634122481225904,-0.028248162369416636,-0.09501717951333319,-0.22126150539246608,-0.42162986957082577,-0.6715182773628802,-0.8960399576679462,-1.0,-0.9362114140047312,-0.7444170275264241,-0.5109612396957245,-0.3021819542101646,-0.1423983885391673,-0.030743521415973085,0.04323496571514702,0.09418428862678599,0.1344090454387262,0.16806088658972418,0.1939339706956935,0.21250529145037275,0.22726998798660009,0.24080199813713205,0.2537357427632839,0.26656481346033806,0.2784686009023603,0.2843393087893122,0.27677666520814576,0.2537962947084715,0.22328359605012543,0.19789711053708803,0.18548887109739745,0.18455198907646406,0.18740722829071788,0.18591453244130715,0.17600602858383124,0.16076971533120044,0.14921883368786235
0.1037822457955214,0.10451911970408036,0.1069964832121754,0.11258351028631206,0.12232273674621985,0.13583665518200302,0.14994568100521036,0.16007053419346476,0.16391702819309695,0.1614313896518178,0.15139180099166547,0.13215952535293712,0.10535694021615678,0.07346405221953409,0.03134211799591132,-0.03966537453063361,-0.16772595679871224,-0.37272829330382273,-0.6361008979364849,-0.880422841648556,-1.0,-0.938789994412272,-0.7354194165470793,-0.48267850060480266,-0.2567932786548333,-0.08891695049217768,0.02186252114561253,0.08890218178938158,0.12617484424561037,0.14379513444191977,0.14964516704749273,0.15119324224352457,0.15368280487820174,0.15896559942444163,0.16669666143196138,0.1758355645891521,0.18667886536306452,0.20060324133460197,0.21533530997741598,0.2237038800185594,0.21993795008488567,0.20477001393113062,0.18434126394845501,0.1656279578229904,0.15232396146753877,0.14437288038510446,0.13983302433054232,0.1371423980398,0.13619736878393474,0.1364998474579457
0.12290395825147898,0.12109290553747208,0.12007679317938373,0.12155382290376415,0.12715133819543717,0.1378752171869807,0.15264144849815456,0.17021868186594746,0.18988287460216943,0.2087207630337213,0.21977746330921444,0.2146633992293029,0.18880635743177626,0.14154219925745562,0.06921020413657465,-0.0392743606061108,-0.19910532580461607,-0.4177924620673119,-0.6729214454633994,-0.896359256115415,-1.0,-0.9403103241057623,-0.7548166655451752,-0.5259679272338673,-0.31966391160925534,-0.16076368982995295,-0.045889938584110355,0.03624920372005517,0.09380975848317435,0.131816913930656,0.15650928850261392,0.17482038789737864,0.18921495726472987,0.19700909970697486,0.19496531243727172,0.18246622201346158,0.16276663079545114,0.14235390815369464,0.12669198250214084,0.11813533483702203,0.11858923647412363,0.1292312550341429,0.14663747495864024,0.16363858351984942,0.1756414010344732,0.18433215163482838,0.1941426126562142,0.20622488652225507,0.21745533300365688,0.22404594526333474
0.1358198444484434,0.13404136531563007,0.1380261963253513,0.15277628513457492,0.17439106832402912,0.19537834380758146,0.21255333116971506,0.22606581560310593,0.2337246813359418,0.2312480915783838,0.21697869744801881,0.19101950329696374,0.15025313781160776,0.08969535839515909,0.006717337764158035,-0.10272809405843283,-0.2505629467707552,-0.4494509901123844,-0.6863856332890585,-0.8995356113068211,-1.0,-0.9397129395791497,-0.754210306750891,-0.5264528954493719,-0.32076004265064,-0.15889612582734455,-0.03795894808135326,0.04879594772196027,0.10616327138531562,0.13965208077365865,0.15675879570283952,0.16505122994966057,0.16987923833988558,0.17355973285617127,0.17639531558674143,0.17866904107852608,0.18151631909305335,0.18550158289406968,0.18886278470234139,0.18871210581939296,0.18466540191264233,0.17914509845895255,0.17292577994712624,0.16370075979508972,0.1513732509714332,0.14126585662501118,0.13890884344763205,0.14359439877206867,0.14972289064862385,0.15314574963534153
0.15344875730479465,0.15359430796590284,0.1589524381545977,0.1712769560963112,0.18590329953232987,0.1964997070198851,0.1995092437088317,0.19478306222553693,0.18532684997255872,0.17640222887418286,0.1715704725653198,0.16816014866162435,0.1574360119444243,0.12869096279630807,0.07107009155219066,-0.028651425213794292,-0.18585898478102053,-0.4071637035080287,-0.6678264926154273,-0.8961794733263256,-1.0,-0.9334852987572826,-0.7369356646912896,-0.49987831566944996,-0.2930205303102483,-0.1390479624130438,-0.029364892766351732,0.050288611422618854,0.10942576699611575,0.1535716119945841,0.1859350606315516,0.20828898311890975,0.2215756743639904,0.2254832185065751,0.21866976506500224,0.20123891577711456,0.17665658895943712,0.1505969339658453,0.12909019445576803,0.11659140089521813,0.11301870882405918,0.11363392786600877,0.11345996092057065,0.11152829871800858,0.1113030329158555,0.11652642104149809,0.12574733331158855,0.1323726584979009,0.13185157067220948,0.12793356675703313
0.1358077387431843,0.1323104230807692,0.1263851713742257,0.12082472005821841,0.11921259823543724,0.12388806451981403,0.13496793977984892,0.1505387135244674,0.16726703593462136,0.18164676528117776,0.1913536286980413,0.19546968222805594,0.19339128821653462,0.18091990854568246,0.1443643537705107,0.05960244557255737,-0.09850251425595613,-0.337233999435291,-0.6236781703048792,-0.8768090444722563,-1.0,-0.9459657825617674,-0.7522031703297404,-0.5061566125404547,-0.2825800315787853,-0.11398205675474507,-0.00024147784233623717,0.0718262124576024,0.11732123243618368,0.1486413730819048,0.172013805290624,0.18711073312655144,0.1923566746115855,0.19020691169285867,0.18561706579651893,0.18140964390668898,0.1775586293160621,0.17334926193351258,0.16811009841310876,0.16058184438121112,0.14946281963614977,0.1349360927761576,0.11890360636211751,0.10393007615220633,0.09257127269099805,0.08693680047336347,0.08724715024043231,0.09073897743860164,0.0937205339862916,0.09485156631233362
0.0759995710102981,0.0728706836775754,0.07146215316961138,0.0773096228398558,0.09275149188379635,0.11576442377285939,0.1414691820101058,0.16511722196008566,0.18412109093788975,0.1980307279988974,0.20688904015111537,0.20889000842484132,0.19940418968726828,0.17137418063623497,0.11436794689114575,0.012913785739484127,-0.15024053001454096,-0.3805028101989731,-0.6497045720613555,-0.8856417068605559,-1.0,-0.9478768131222263,-0.762075045151095,-0.5229175073583812,-0.30061594965778066,-0.126880048733744,-0.0019237886376800692,0.08767506205777097,0.15498500034139184,0.20605397017210936,0.2405750644658214,0.2566876285079262,0.25553658029394477,0.24259973622612865,0.22553149624929614,0.2101931598923084,0.19737615512797968,0.18415909668209193,0.16926585973835398,0.15491707765590235,0.14312886199167865,0.13299786023959181,0.12217657553227536,0.10973670562692868,0.09763871898109325,0.08923799584052705,0.08568345914225371,0.08487878709154964,0.08450263733022562,0.08410596181811829
0.09786215240497627,0.10839940741566195,0.12613473050119994,0.14657756431814076,0.1650969964806888,0.17768526976875407,0.18238895132297955,0.17978851020701792,0.17228869883255438,0.163089638705923,0.15529989690009602,0.1510256647657572,0.1493807456392006,0.14304513692001788,0.11575398196781085,0.04308356848910697,-0.10148358113515939,-0.32986290716590316,-0.6130734666550672,-0.8695453353319195,-1.0,-0.9556550088892293,-0.771827443810764,-0.5311260980773256,-0.3050533799885799,-0.12905202095553203,-0.008340643959218049,0.06862726002360565,0.11762573942911428,0.15054877561740504,0.17415232509752782,0.19107083291296206,0.20011549725144534,0.19958271895490817,0.1913891628704339,0.17937679408466584,0.16587173285321857,0.15280808752932107,0.14333056377773945,0.13942961498365408,0.1387956220648815,0.13644991671500176,0.13039546845628447,0.12379698944282572,0.12086134318250344,0.12219135415244563,0.1246191126550853,0.12477325403795395,0.12236735985907572,0.11993944537675277
0.17399163465433645,0.1737435804422855,0.1746004051686489,0.17838706963792605,0.18532132441345697,0.19332141243444337,0.19888570515716159,0.19827939744371914,0.19065546995105867,0.1790231979400755,0.1650389898320357,0.14622665219802464,0.12031807306875349,0.08579847661599728,0.03451435466185005,-0.052409321886866325,-0.19806352492996476,-0.41293985062771327,-0.6713754013193136,-0.8987151300892066,-1.0,-0.9265524866425175,-0.7143959454135,-0.45131578707158576,-0.2167146000049671,-0.04945238212736267,0.05157852431605708,0.10906866497239737,0.14418553272912693,0.16489007675099515,0.1714275850968465,0.16614350228315244,0.15531400727413,0.14421559077095983,0.1328383803890993,0.11719496272779287,0.09637133868676277,0.07750313751222322,0.07031576065015988,0.07758105371578379,0.09336336624548282,0.11022566307045376,0.12680110650738027,0.14569401878224275,0.16500575458629696,0.177917121257909,0.18068046450318134,0.17638540821294138,0.1710055732344299,0.16812209221741947
0.14616561363957375,0.14526366560836432,0.14466966668966255,0.14704654740453751,0.1540611668967862,0.16432268948281908,0.1740857710016532,0.1799291353422397,0.18187745405348085,0.1829886633409172,0.18458463664932478,0.18306194811176926,0.17223521635667335,0.14643016587072372,0.09769478075497337,0.009729678397371905,-0.14057514408306698,-0.36573391152627793,-0.6395077463083468,-0.8835436885560363,-1.0,-0.9404444127259851,-0.7436056050553683,-0.49843320093540516,-0.27913914990901784,-0.11620548390236841,-0.007210457862040072,0.06234768094918291,0.10636058377878169,0.1344056729580576,0.15212890881430313,0.16213636328802888,0.16557992122826137,0.1649494576139917,0.16432034764593964,0.16552532703703446,0.1653950376573533,0.15808023401488622,0.1405180735951884,0.11651071109740577,0.09563694417359048,0.08707431087763694,0.09332437592177072,0.10942935047693114,0.1283197657971409,0.14603910395998565,0.1610782586173344,0.17128953160599564,0.17504704064466525,0.1747549995095761
0.1031819221211423,0.10706941003499233,0.11272609911648183,0.11836664077493673,0.1232686781204456,0.12768330860763852,0.13275242117980685,0.1388375272056092,0.14406975963150584,0.14554814758248993,0.14151049786182174,0.13091365372602612,0.11088254932536654,0.07585306376631604,0.017748500604745334,-0.0757888479868682,-0.2212531778551652,-0.4282013641157705,-0.6755928739213227,-0.89578455941317,-1.0,-0.9422458047518721,-0.7573812790277464,-0.5275334397031011,-0.32009359176276597,-0.16051329305909487,-0.044194078261361854,0.04155817912399422,0.10522081082228005,0.1512747804431982,0.18403351495736323,0.20753160079365868,0.22376620877878303,0.23337196876425664,0.23705282518688883,0.23554062002464737,0.22982790559689095,0.2223991431333733,0.21678648820379057,0.2146894495271802,0.21411638537155578,0.21095046984882723,0.20246435262412438,0.18981376886453907,0.17704228532937233,0.16772943053590522,0.16304265271446325,0.1621428452123969,0.16327824204241864,0.16453620229900595
0.17330512208676116,0.17672701992293605,0.18028938857363577,0.18169212943524682,0.18026394844275778,0.1749812992232379,0.165534400920026,0.15404026550373134,0.14352918113135593,0.1353908512835586,0.12850479651221045,0.1196647258448695,0.10339119065164944,0.07100065220073228,0.011800797772558156,-0.08574465705663598,-0.23514695239957137,-0.4437920082928989,-0.6890222668497613,-0.9027745477457387,-1.0,-0.9413020158887604,-0.7635164482700152,-0.5419378658811291,-0.3348748619297278,-0.16608881086555422,-0.037811724449391564,0.05458427309622877,0.11549910024778068,0.14887438178886853,0.16273805066242783,0.16986941164119712,0.1804289154716392,0.19560415642250684,0.20912812141314388,0.21381204804840692,0.20818804145623923,0.19818109670029374,0.1913839576283174,0.18974114632250316,0.1894813835693826,0.18743823162716164,0.18441257509236067,0.1821976769072159,0.18043017566698266,0.17783975551959788,0.17497212679651208,0.17395439052321496,0.17552318128343805,0.1776141922384978
0.17173061876263523,0.17417518915222807,0.17732971197238404,0.17799186242387727,0.17450167530273147,0.1684458045108074,0.16154711506871955,0.1529517672825518,0.14177423902772224,0.13014283830930892,0.12074030399548588,0.11201230254791268,0.09796676353750007,0.07071703373228264,0.019246113852078126,-0.07277251618331392,-0.22232274813591205,-0.4342097828865729,-0.682467137980625,-0.8992615457671449,-1.0,-0.9432453885945246,-0.7641333947515961,-0.5401922744830366,-0.3346239186179629,-0.17271009567110548,-0.05132913416506785,0.04165845069148959,0.11407653665485405,0.16753739939546797,0.2013940329001929,0.21580678054966224,0.2141258940465988,0.20508579440287059,0.1998695349820324,0.20445025607762626,0.21603521092486633,0.22695421745940414,0.23113428691089946,0.22743876377029965,0.218414607916786,0.20659087599772158,0.19192664149925948,0.17344019765416033,0.1530922587559271,0.1364848036759123,0.1283975089903843,0.12816848272416642,0.1309738973148134,0.1329381644632419
0.17946633097323117,0.17363012315679524,0.16470988553101834,0.15899423194011789,0.16266553527617325,0.17672583355258367,0.19588293815066754,0.21219659931002557,0.2200303873399763,0.21652052146700806,0.19901841332227158,0.16668155559560358,0.12336786345473466,0.07284184003491254,0.009063886532141399,-0.08600604462346624,-0.23221896414418622,-0.43621285204285704,-0.6759989256202553,-0.8906524970237731,-1.0,-0.9601721874591772,-0.8002820260353112,-0.5940237067554641,-0.40253150306936136,-0.24848006302067915,-0.12882515588052443,-0.035775450694737324,0.03586608240202286,0.0912886009896815,0.13561268221057535,0.17166722570132228,0.20104617218078413,0.2245767992917951,0.24061674986782208,0.24640658577140492,0.24187866785858228,0.23001100436913507,0.21375273671038156,0.1954511133320001,0.17952866908130027,0.1716816443393487,0.17315865347017112,0.17872843072452962,0.18229964932675052,0.18256978639723645,0.1828120626499401,0.18671469430098575,0.1939395949299414,0.19977582482682024
0.08817094356833416,0.09756913330060106,0.11522738698341528,0.1362242631068368,0.15462660765589248,0.16784102502191536,0.1757855342101433,0.17869623328430365,0.1773101101085087,0.1720210264614325,0.16106708737731354,0.14172532952725453,0.11181904291450478,0.06842756681719252,0.006011475524902328,-0.08605155474404855,-0.22492921105012104,-0.4244293369977972,-0.6684369642951576,-0.8905833876172091,-1.0,-0.9492289817805616,-0.7727511788126401,-0.5512106396604262,-0.35053831935216234,-0.19575972788559406,-0.07998447664521743,0.015663356533273578,0.10454400020256238,0.18512401545824336,0.24475156230950387,0.2730311517725888,0.2710995550079888,0.2500539905144724,0.22326183349695425,0.20007703335966803,0.18513755382756342,0.17918492448305448,0.17872762949546162,0.17905776693390416,0.17870408618743922,0.17884167391969652,0.17934986667607472,0.17813042525353454,0.1745072996950301,0.1704831807888726,0.16855804032664848,0.17017992026813902,0.17456061116338265,0.1783515353043276
0.09686006079352188,0.10944720065351954,0.13239350504214972,0.15705245158742215,0.17414223947715124,0.1827312452583378,0.1887426438189049,0.19618951348143734,0.20246557737996634,0.20202397977402342,0.1916893092066976,0.17055201111312662,0.13682018354519784,0.08641091438457855,0.01329742512971226,-0.0909686852445,-0.23889829010911773,-0.44128006239432654,-0.683311389965864,-0.9003631302631496,-1.0,-0.9338380945424978,-0.741760213006363,-0.5124080383030484,-0.3128637684627314,-0.16335095889488674,-0.05660022433045179,0.019965687064035946,0.07629080297052662,0.11910312031917569,0.1529881233857455,0.1817520952295813,0.20787834422223755,0.23062487557088307,0.24692953216032523,0.25456478985698516,0.25380621696224676,0.24699030679329645,0.236723761748619,0.22371177456681982,0.20644098404968556,0.1841638347599233,0.16010025674550574,0.1399385944472343,0.12689205497680667,0.11989686781098134,0.11608536949246505,0.11300472192010472,0.10971128717413828,0.1072611926438669
0.058450480409577656,0.0664877812810652,0.07963927054530136,0.09541796040776133,0.11192265666085702,0.12687876527673853,0.1385085544591172,0.14679928430839667,0.15341575607699254,0.159009997131421,0.16073445068062941,0.1543906130080621,0.1382437609430652,0.11142354502135415,0.06715489636854508,-0.012689533889499921,-0.15402280748410935,-0.371874632266053,-0.6413336089785426,-0.8836067493095864,-1.0,-0.9425295809779205,-0.7500139361219477,-0.5087803935639834,-0.2891439574416152,-0.11967163864088859,0.0009298424462774961,0.08461419553386025,0.14342434878973973,0.18575525735494178,0.2154372664399041,0.23380934150021268,0.24295655675105465,0.245982959050124,0.24450978594843487,0.23778823082873612,0.2254266949887613,0.21018707145923182,0.19678266499928612,0.18741673080863988,0.17862885174839072,0.16428235594636564,0.1432744171613445,0.12228665602963439,0.10923472668311629,0.10596782330735267,0.10780211009494191,0.10860544501367794,0.10636102734094414,0.10372470587028913
0.1505250512472783,0.1566524429961067,0.16724247201567477,0.1763863405307963,0.17648950092367766,0.16572540670228889,0.15051417193421354,0.1390540631696242,0.13395630598717226,0.1306688619312792,0.12164138828309895,0.10233893666834411,0.07238197832855374,0.03148999053679041,-0.02442011992409043,-0.10647439867526115,-0.23451285124944832,-0.42657082320244943,-0.6690556209805517,-0.8927227364421458,-1.0,-0.9394855109770577,-0.7491441394605604,-0.5171271366124429,-0.31280128428972537,-0.15921024558784397,-0.049162593899886343,0.03148523859783356,0.0936071305112892,0.14405668518692694,0.18509324481588868,0.21433652275475362,0.230042198291818,0.2359898019466917,0.23801373536195133,0.23775508900136447,0.2332165489725549,0.22372754838236808,0.21162895390951939,0.20014672346560333,0.19077532818328985,0.1821330741759273,0.1720694476462257,0.16127585953081708,0.15369200829444302,0.15352769148581172,0.16171502905863666,0.17435760975165976,0.1854998930115511,0.19147518770963898
-0.01570899850903618,-0.016902962365419973,-0.015951168469495538,-0.010496426765145239,-0.0030289289985263933,0.0013804678675289847,-0.0011428406655809716,-0.012149973840368292,-0.029948251568575474,-0.048328732476033566,-0.058621763819193776,-0.05742476970726442,-0.052792349712002785,-0.060520375708581826,-0.09517889361141296,-0.16801615043673127,-0.2925545954214859,-0.4805805375086075,-0.7156818510933979,-0.9254485926981207,-1.0,-0.868004886836022,-0.5594276034249556,-0.18309290621127206,0.15066604196150035,0.3825868970990614,0.5074180824073423,0.5513188280233574,0.546402684876521,0.5146790279958642,0.466729680964198,0.4086172804037279,0.3459821303577879,0.28426085742804985,0.22904055147838018,0.1849331332416486,0.15249812290724904,0.12831647492588905,0.1095427346003224,0.09637675517426185,0.08929037887029254,0.08633406289305601,0.08394372092836204,0.07904166757790058,0.07047692994749294,0.05919811257165316,0.047290185013299416,0.03704799716370059,0.030286832981120893,0.027343920187661633
0.19210441534695558,0.1903321191158828,0.18552221830672427,0.17918376988006135,0.17561470889518513,0.1768667406237207,0.1811836582879251,0.1867926751545509,0.19204758676159636,0.1922222234206991,0.18206232286405755,0.16052930402876253,0.12903865867664507,0.08525609929163591,0.01969717923983212,-0.08140488993952458,-0.23111848843302052,-0.4359991926224786,-0.6789791959867175,-0.8975191210958342,-1.0,-0.9345622090140965,-0.7382246758284936,-0.5027757597741104,-0.3043211570494231,-0.17166903451602208,-0.09679740293841559,-0.055005464224417246,-0.021599128405483004,0.016537638705820545,0.058759140118050016,0.09724351261727343,0.12546371854532726,0.14281238583053055,0.15367321712148224,0.1639962365650145,0.17875226084089263,0.19967299430656962,0.2230193658151587,0.24118065523715077,0.24901360802684672,0.24723186952209514,0.23901914962120482,0.2266060164171231,0.21156508773851393,0.19665542985053933,0.18659694840386465,0.18452781508678867,0.1879195416536785,0.19127544790987738
-0.016118980744335192,-0.012441363715960238,-0.00753543119069407,-0.0036453705721470452,-0.003179979460289557,-0.00894978622573965,-0.02082185259755679,-0.03491435055245224,-0.047028611627966115,-0.055407454073175176,-0.06150907925051875,-0.06965729722851056,-0.08522015263186891,-0.11253966745225161,-0.15652412888749698,-0.2280672718307519,-0.3460765010569463,-0.5267701965251351,-0.754779514348752,-0.9526648248039591,-1.0,-0.8224467166991967,-0.46641284071034883,-0.06573885617124531,0.2584635072622257,0.4572238142770522,0.5437779577240333,0.5567557246536673,0.5328241680211768,0.4965551781480261,0.45983528670200313,0.4241037586593395,0.3849218800922985,0.33805962201275574,0.28430901217816235,0.2296719397297221,0.18052244421670863,0.13973538675967617,0.1080712931831125,0.08605529020690975,0.07216858393524034,0.06244191087589737,0.053890207267142345,0.04580142811917851,0.03806694683139303,0.030826044506998735,0.02460821066119604,0.019638246751279776,0.01602007252447866,0.014102313057623515
0.07545308186063046,0.07417261406514916,0.0739602014006142,0.07870132361683815,0.09006913697592818,0.10597770763554877,0.12271851311411265,0.1371695079950757,0.1486957362430794,0.1595628871008743,0.17260841702099738,0.1884880621899163,0.2041749963062917,0.21093894690386228,0.1911839368438249,0.11788192601069841,-0.03796236477883913,-0.2878395846506817,-0.5973255870100641,-0.8727877564442367,-1.0,-0.9246052695406264,-0.6953182423985532,-0.41978289161130156,-0.1860375947961428,-0.025684440359749473,0.07130860088300496,0.12664963895153536,0.15717187061289953,0.17322679617023384,0.18083207824775163,0.1829757412350375,0.18136369888864748,0.17722145247228047,0.17058445442064663,0.16039203352760387,0.14635511495100884,0.1305610016046804,0.11605383579153175,0.1041236784135151,0.09438939179150084,0.08654908563644373,0.08051784852540961,0.07602339461701059,0.07346283208579356,0.07394745760380847,0.07744505971496458,0.08202104783377925,0.08544998140475264,0.08696064092291263
0.10019257294927413,0.10598534153342913,0.11547883710027512,0.1255254095521449,0.13421140263249925,0.14190758350870122,0.1501721962866627,0.15983647754810543,0.16931355558196326,0.17357130835892093,0.16669315522739517,0.14828565376165154,0.12442773026977498,0.09805292665463504,0.05884174963309834,-0.017135318568786806,-0.15860957779547827,-0.38068725456130476,-0.6565396558568314,-0.9004609730131432,-1.0,-0.8959007715938552,-0.6345802409906567,-0.3311254055322552,-0.08657438079697191,0.0594968084450766,0.12153000735748418,0.13554438070293284,0.13259509785364307,0.1298867384470381,0.13306110856036135,0.14028267532673966,0.14617248259293686,0.14571920837178973,0.13724110726206923,0.12403084868508478,0.11341076316723805,0.11214174802195848,0.12056454287264079,0.1312953528971124,0.1353982505194832,0.13081994051898796,0.12449998396143402,0.12472621770431348,0.13142726306602118,0.1359101575029387,0.12998913187037756,0.11392651239372666,0.09558507544947172,0.08386227455989186
0.11078252280456766,0.11086338963714008,0.11132214624442253,0.11329624574591383,0.11880741257759908,0.1295425100488897,0.14498559419947515,0.16206984622257412,0.17721886683494995,0.18835010483373277,0.194909246007064,0.19641866379387732,0.19020435163964294,0.169123055894711,0.11990276499743212,0.023270150583421873,-0.14011798086409805,-0.37467419305061345,-0.6493663463058598,-0.8884541462094675,-1.0,-0.9386409289649575,-0.7421605716593859,-0.4970353676128099,-0.2749065034061205,-0.10444944843343548,0.01597184134862274,0.09718468340604225,0.14879018015127143,0.1779157280565383,0.19079486379360663,0.19369605633959006,0.19179434424386346,0.18754417574579482,0.1811586620116354,0.17276950545419337,0.16415423600985235,0.15821320574850356,0.15609136287600225,0.15530815842763804,0.15195393526909645,0.1444238090976076,0.13430797909026923,0.12436682059063492,0.11615078545725167,0.10912346793383933,0.10209906032919532,0.09543567011637197,0.0907622651340318,0.08872781780988102
0.14751284208022805,0.1458196031895572,0.1454021470109163,0.14940237880187213,0.1580770944315959,0.16828489982605116,0.17571683293195628,0.17812717896960478,0.17692555503865756,0.17545440633015438,0.17552539022818392,0.1756256850045282,0.1716338732889868,0.15693647481657216,0.11966022928261284,0.039235534290442464,-0.11021830212316817,-0.341262469895177,-0.6240070147184397,-0.8757895458516055,-1.0,-0.9537412857634647,-0.7762145201744189,-0.5481227825006583,-0.3333954581069434,-0.1590708071420312,-0.029203810945300373,0.059781125863836125,0.11556730375231973,0.1498478171020492,0.17373058795419694,0.19260571225683215,0.20701436409880228,0.2168091299229228,0.22197971936254293,0.22135334736293616,0.21332871821283195,0.1974169920858465,0.17529316697959454,0.15146021283784467,0.1315619205828864,0.11880650279644052,0.11252135252968076,0.10969473130166844,0.10672562430400205,0.10067682940122272,0.09104573632290164,0.0806582790679243,0.07338797579326312,0.07041872180674076
0.08288878984767148,0.08879961126413463,0.10030470671734043,0.11694122387211063,0.1368923353298619,0.15555899393652597,0.16719133369096734,0.1690701329212882,0.16305765640708683,0.15272244942804317,0.13981802122497508,0.12345912083983733,0.10182100936745257,0.07262587527487162,0.029018110088114113,-0.04705008770776651,-0.18293154020447783,-0.3941089841990566,-0.6539945480767243,-0.8859685803173045,-1.0,-0.9538110321911081,-0.7809416999339732,-0.5572193803759834,-0.3466339703741216,-0.17706075283574715,-0.04901205178480675,0.046768595102190856,0.11832081976214867,0.16938407581185133,0.20164270335549464,0.2185149132644625,0.22581849433563664,0.2292013898875888,0.23264512256701214,0.23853033446754032,0.24629605618168515,0.2516228401424928,0.24975914324505796,0.23993004602711232,0.2251255795939359,0.20802261101231945,0.18944798021404716,0.1705704577543084,0.153582541454258,0.1398096756871953,0.12895290649667804,0.1203198874475055,0.11391107968821783,0.11038600429204892
0.15991407271614164,0.16297507356972424,0.16694457414171618,0.17019154584248983,0.17207142302871192,0.17192488848847917,0.16879689507450393,0.162825760690232,0.15607168399496543,0.15022067561698754,0.1448750285464588,0.1393473726068107,0.13318524744316357,0.12133295828960931,0.08872758446715612,0.011189370323215934,-0.13547004996710946,-0.3592460149749541,-0.6314961306343749,-0.8765976669405529,-1.0,-0.9526629742808091,-0.7688062685813583,-0.5325450561969904,-0.3171744287181752,-0.156119531590781,-0.04880112395747947,0.021355875032872642,0.07130170396235258,0.11133814613545848,0.1455268410836028,0.17357994394680698,0.1929877968907919,0.20324080508658676,0.20810039579105738,0.21204141968303605,0.21538817269346408,0.21388564388739104,0.20309299580699244,0.18380264283771083,0.16292348061906556,0.1485491450805955,0.14346207023992957,0.14275429591693106,0.13930347069880591,0.13147480801616765,0.12320005318191353,0.11812613921038904,0.1164714396347065,0.11641780556559028
0.08648030247820168,0.09162579323223678,0.102307525943268,0.11790650639971396,0.13519662587816464,0.14982419822351875,0.15896503946057688,0.16282784227112504,0.16536680475934482,0.17118492578074662,0.17990053711414727,0.18528680922920965,0.1789132913061202,0.15186579791204635,0.09341010856415181,-0.00992470898759824,-0.1718479574347292,-0.3963177271281315,-0.6577958164016632,-0.887821912019087,-1.0,-0.9505203084357526,-0.7726793531263112,-0.5440251123444446,-0.328504311279873,-0.15311684316479757,-0.020363580635101325,0.07533064372508211,0.14098848732917582,0.1839029287272851,0.21141317195101492,0.22890212181556915,0.23765006648330486,0.23746295153987734,0.23076810537840986,0.22094046976351958,0.2091072678618899,0.19567023908819653,0.181853231572703,0.1683632785568291,0.15529505108820188,0.14305026363936124,0.13196787959327608,0.12233908781178657,0.11503976625920576,0.11097981069765732,0.11040342798042688,0.11292271269460095,0.1171203427178483,0.12038421612969506
0.11660838374936833,0.11904043545374887,0.12291305140980918,0.12699525773682024,0.13142077445550965,0.13851924115739817,0.15072771649967726,0.16633877805733702,0.17924260767576997,0.18426197187523152,0.18052161520179014,0.16892146725327845,0.14844765086470063,0.11522422186577731,0.061684900303214656,-0.02727142367425267,-0.17415565451973253,-0.3927935312715688,-0.6590769441398597,-0.8949515784544112,-1.0,-0.9244651090560924,-0.7117442516046095,-0.4586546310553561,-0.24263221722018408,-0.08980863486034264,0.009846275357668037,0.07563926607162548,0.12026870310480293,0.1483616179894091,0.16245318168004685,0.1666933835108073,0.16600442395658266,0.16437785526743617,0.164010754711169,0.16512202572131282,0.16648498344114757,0.1659932129928552,0.1614317480402175,0.15203465476720437,0.1392950783763522,0.1264791272739351,0.11809172405437264,0.11821544929718704,0.12731241317425374,0.1415059687450227,0.1564168961667818,0.17076435691977662,0.18431920913402675,0.19356359254298483
0.15883144118354084,0.14906973078811886,0.13607414120036423,0.12422524741987763,0.11391555719379703,0.10737433635594079,0.10954103066642502,0.12231774531678011,0.14118440214386394,0.157556185903369,0.164305952170272,0.16049216336835806,0.1496840646983385,0.13075089918979566,0.08995087384380684,0.0034118599060221034,-0.15197856772846002,-0.3827713140580375,-0.6576619078268378,-0.8962928602231995,-1.0,-0.9202457604274287,-0.6990630106709464,-0.4349769012832436,-0.21397956632227916,-0.06963775515490003,0.010904760581032066,0.05763348164144377,0.09289547160537319,0.12427267800144227,0.149929055408882,0.16536748251351718,0.16932130425747458,0.16858292183604334,0.17429123257827014,0.19053408910311598,0.20974600650632652,0.2203998568547776,0.21649069233738152,0.19968086430705903,0.17574838558371325,0.1507918340281944,0.13001841334890865,0.11780401910573206,0.11561177195841033,0.11939364270907632,0.1217877324192731,0.11781204446896659,0.1084847232076928,0.10041954798455492
0.11265815814734931,0.1080225216944309,0.10180492075071412,0.09876181320916923,0.10248025272986289,0.1145757050614505,0.13379459553081208,0.15414499614110733,0.16699098291045966,0.16682942634665082,0.1540075297422348,0.13128776973243897,0.09968229929424365,0.0574213871084922,-0.001857772806777116,-0.09256230921251148,-0.23461898146223917,-0.4387688160018125,-0.6834225907648022,-0.9005599033881381,-1.0,-0.9338279462405921,-0.7380229664646444,-0.4975783922297145,-0.27928447785477084,-0.10649219051944582,0.021828649076592967,0.11135815387516836,0.16871659310719797,0.2015203510835623,0.2159455393942089,0.21652165826296976,0.2097737917117155,0.206177377925996,0.21504723588313596,0.23586883903869033,0.25724025313329224,0.26686210546665895,0.2617376080347329,0.24684056943912963,0.22595533382538718,0.1992802135958623,0.16924894572805185,0.1420349833565511,0.12212234301675216,0.1096591834759416,0.10289481714354844,0.09997124508450633,0.09906927791120389,0.09885891997517537
0.1585959859867828,0.15529041722194717,0.15051464725713276,0.14840862943216246,0.1524831287918125,0.16192824413623158,0.17282539267624877,0.1813684374481145,0.18489630724664985,0.18246434865171116,0.1752195966461841,0.1649368676411688,0.15144197848518415,0.1296953173529274,0.087125881503529,0.0032035571291742157,-0.14521532560957714,-0.3684431256495791,-0.6398469863478679,-0.882670123539527,-1.0,-0.9430759695329056,-0.7496180696792003,-0.5062704564297003,-0.284523583412736,-0.11467274221565611,0.0031285922079365303,0.08076147995440602,0.13077260701285706,0.1620195508990498,0.1798602240276164,0.18855755868667304,0.19246579922370244,0.19437007199729472,0.1943665092751561,0.1916372348398517,0.1866191986263784,0.18039545977574337,0.17217342390818705,0.15939019095885762,0.14137231306950832,0.121194743578193,0.10349067551176185,0.0922241313934111,0.09000311892431018,0.0961234301269861,0.10444138836296794,0.1072693212645773,0.1031960638664661,0.09810455731789618
0.11139732294336185,0.1167690979746151,0.12456613569149823,0.13110376161770815,0.13323713332568468,0.13023760149648358,0.12508918022182214,0.12295992372146998,0.1281762766772647,0.14034068950466622,0.15218032001329898,0.15428643494052355,0.14330568723539802,0.1208963088597684,0.08237175450253192,0.008700990142688462,-0.12827040250127367,-0.3451275965300275,-0.6175215499267976,-0.8678913254604682,-1.0,-0.9658563778626086,-0.7992907748677136,-0.580761187336029,-0.3780260705181723,-0.21961936891679637,-0.10554489643471258,-0.026401016221985856,0.02818514716768734,0.06885916178187067,0.1044581770876224,0.13866299543368998,0.17129120578524493,0.20265274765844635,0.23313852916650032,0.25964112290138913,0.27664214379559615,0.2811569135863463,0.27505170214419866,0.262359072972796,0.24558719733834372,0.22627682338887123,0.20828240150348015,0.19617931868031474,0.18899470016344466,0.18025797638771565,0.165737002206988,0.1471758639471141,0.12954346279021997,0.11855828181992077
0.07968831160322411,0.09060497745097364,0.11039899577753716,0.13127936784447317,0.14327493455488635,0.14282208007985522,0.13362862761057012,0.12090142454795376,0.10922479473392215,0.10280989284519791,0.10275035554722053,0.10615255223041482,0.10959922531308545,0.10863840325518967,0.09068824726855702,0.030306724502076925,-0.10427825863436267,-0.32879752415341756,-0.6125483032054192,-0.8698241379897653,-1.0,-0.954359614959416,-0.7661356626418606,-0.5160217944326717,-0.276741744543746,-0.08614669641364604,0.048115490835982204,0.13372173798806938,0.18319679901764474,0.20986640228669143,0.22553187762083524,0.2373224121581992,0.24660896607932417,0.25158246821376595,0.25050164343177156,0.2425406800665619,0.22707566750308042,0.20419061480796186,0.17643751520397394,0.14879890242091676,0.12565547878842295,0.10856121488470387,0.0973361298361458,0.09099432171361835,0.08760376118456502,0.08643050139570338,0.08961406488925562,0.09890728904731527,0.11133065581165366,0.12016022662300471
0.12239963215312831,0.1260790232585462,0.12843756849064436,0.12537311178921695,0.11821044507957763,0.11167067045758092,0.1077129585708299,0.10314620948112212,0.09434575655279887,0.08190463587679271,0.06831852158485911,0.052768894546080754,0.029582255156666418,-0.00969721423215843,-0.07394032011113032,-0.17289191854015665,-0.31799607086013804,-0.5143330039267995,-0.7403746733884355,-0.931801783320494,-1.0,-0.8900955012169961,-0.6281700217280606,-0.30642618013578743,-0.022597651836342592,0.17006970596780818,0.27113573076409087,0.30963762092581504,0.3170874063480966,0.314010964206504,0.3077841787530546,0.29596633470138534,0.274001336356073,0.24258965018397238,0.20783394508527703,0.1755279433655768,0.14822706867364321,0.12784654416026306,0.11679493977672578,0.11427447863668909,0.11480952246611892,0.11300113450714795,0.10762994260534396,0.09984965452722884,0.090473191281579,0.08140744858291332,0.07688615000904925,0.07980976210271436,0.08765617841232591,0.09406382389925819
0.12724665068923152,0.1381532289757004,0.1528723698430715,0.16466404067776597,0.17260980354001232,0.18048180816043813,0.1906852210484289,0.19935544953291173,0.1996727362720269,0.19041057063154035,0.17850306970966145,0.17175839612378732,0.17033972492759225,0.1635810975044103,0.13046405436789274,0.04393965461766288,-0.11866367616388507,-0.35903826357062313,-0.6398353696923523,-0.8824866580035552,-1.0,-0.9523746121370028,-0.7744611458072866,-0.5454476103207944,-0.33472500243961895,-0.1743020422844322,-0.06410304572043739,0.01042601760298197,0.06336135371957535,0.10197840366417352,0.12851870081546735,0.14504017411683848,0.15598128798769448,0.1657094271131995,0.17424543913134696,0.1779467698852967,0.1754348776409315,0.17033204600849203,0.16680472464653068,0.16446387812549715,0.1594523946216665,0.15040139841826983,0.14157470018894183,0.13842493073952705,0.1413559317219192,0.14576809409294664,0.14762653367291712,0.14753415145926102,0.14833364897605664,0.14998466516832257
0.18783322360782298,0.19093404079992538,0.19675006269661016,0.20443520828787806,0.2113354918288569,0.21429736318827683,0.21284016515793464,0.2081862708901123,0.19936961185878116,0.1836884333781754,0.16181581313610158,0.13859039737916354,0.11521933387195424,0.08178864105952838,0.02036215345145007,-0.08500472198812185,-0.2433053609339386,-0.4545529469469742,-0.6959151692273632,-0.9050792881774669,-1.0,-0.9389383921468902,-0.7562336613984115,-0.5294149175594216,-0.32201477062935524,-0.16041749818625925,-0.04390153797489962,0.038981053933822014,0.09919116010688815,0.1426216292852268,0.1724915062095693,0.1930424012149764,0.20781693490523265,0.21698257022808487,0.2204894680118177,0.22122672254758274,0.22139956578579753,0.21882277076488307,0.2096576687525582,0.19297748516701965,0.17178895511446296,0.15005379628488102,0.1301179816210478,0.11443629716710237,0.10686039599132613,0.1085968556928166,0.11482277242302588,0.11886357262251158,0.11876613878650846,0.11732435195938856
0.1691220412922451,0.16679482503480522,0.16471044189913167,0.1673067544885257,0.17591748259892526,0.1864371755481645,0.19356069550771676,0.19467193906970243,0.19013668962662264,0.18195221511411774,0.17203576022615252,0.16064549818563886,0.14415897282362283,0.11364894226279829,0.05648203229951242,-0.04169317001459716,-0.1952763562290994,-0.41023833434460377,-0.6638404014877956,-0.8893116217699235,-1.0,-0.9515160655237627,-0.7778193213274409,-0.5576905056342579,-0.3557815913539534,-0.19756470107726565,-0.07973307579490009,0.01040860894508127,0.08183394333355261,0.13658379996421424,0.17349524476139053,0.19309956068674072,0.19969700966951692,0.19935828720548365,0.19646153769623692,0.19257896894381193,0.18774303026833805,0.18162330836940768,0.17371232347744242,0.16354734659705208,0.15178210048860125,0.14134103755476904,0.1368462559970414,0.14174546614149683,0.15502972403149565,0.1704403354008022,0.17984923666879551,0.17917228469394872,0.17163503225843768,0.1648992354262607
0.11449742144295534,0.1148323768402034,0.11925590365557436,0.13014619417826354,0.14495906124828917,0.15896331232633473,0.170159876391108,0.17919265954081018,0.18532466838760064,0.18580059169281588,0.17933880902688573,0.16677449361765964,0.14711583879114387,0.11451958670582932,0.05802452505444297,-0.03797125551394981,-0.19033121212003795,-0.40584145011575673,-0.6612969137436836,-0.8892123853788045,-1.0,-0.9442519195399867,-0.7548715327320603,-0.5171160467993461,-0.30429499020988804,-0.14651482197797122,-0.041176475258635284,0.02665037929477237,0.07230498096903774,0.10668385941945188,0.13486851490161994,0.15713598696148837,0.17219842536060315,0.18100686496251622,0.18703062915088253,0.19270106931881412,0.19761878394615331,0.2011010527170994,0.20392774702144406,0.2064721900865826,0.20744479494068507,0.20488001256234634,0.19692668745592862,0.1831878644180731,0.16690463872288006,0.15366468259793067,0.14634041809734732,0.1431578709081314,0.1414001503225553,0.1403660803538595
0.11926983282354132,0.13016708507246397,0.14611235588471674,0.16181230922482576,0.17538643944717006,0.18676719698513802,0.1955953784099281,0.200111799551046,0.19903109505563912,0.19433769380297822,0.18945908020545374,0.18441927192059018,0.1745606519355552,0.15148780870339648,0.10179591433277652,0.007270374609395016,-0.14968626344376607,-0.37452264778450434,-0.6411864643658207,-0.8794298870622933,-1.0,-0.9554735079815772,-0.776656366038771,-0.5424810190036982,-0.3226463740831541,-0.150505862260048,-0.03044332336583122,0.04755023764858735,0.09880064707612043,0.13684533830789652,0.1686226908001929,0.19514906894329173,0.21436963665659306,0.22335423910661792,0.22101749367358386,0.20940373098225556,0.19193104427504515,0.1715993077745489,0.15099164214901833,0.13282761233908197,0.11978774819702187,0.11349490467235501,0.11362398555404885,0.11763181082128372,0.12143488189122954,0.12154572421020796,0.11730640907690512,0.11088887482898084,0.10520106799532764,0.10206933044465544
0.13848921171183728,0.14614588072436713,0.15916492371013846,0.17416549108459542,0.18819774699268307,0.20078035799408947,0.2131408394024557,0.22418927577804387,0.22959237630019294,0.22595558888434414,0.2142586823531855,0.1983012480171287,0.17930080623194938,0.15038307442253782,0.09617871584105366,-0.0020265577216988383,-0.16046869673928368,-0.38430578936122267,-0.6490556232644391,-0.8848966747207425,-1.0,-0.9454889030821537,-0.755594380070029,-0.5138489563091136,-0.2910717211572002,-0.11912850721908202,-0.000789052531762386,0.07391203701676907,0.11848880088473501,0.1460091942734459,0.16533536900536683,0.17862050151942127,0.18367597949057157,0.1789180136644641,0.1659396261189812,0.1484765056344443,0.1296705573227213,0.11120700887224247,0.09553947699534406,0.08684816906579179,0.08851316628096019,0.10010030404750155,0.1160973856977138,0.1285591855825488,0.13329902940100377,0.1322742491393258,0.1290324171587218,0.12456007116756283,0.11891003239681792,0.11444356199167012
0.16151894158381894,0.16597623040950815,0.1721976561108213,0.17599713073002743,0.17493822764850284,0.1701525881144608,0.1651289872905259,0.16286767244760847,0.1623469772383542,0.15852285169164676,0.14727872084327823,0.12911550813422737,0.10730319067229686,0.08163984966834698,0.04188651275176371,-0.03398697859721928,-0.17289959925494364,-0.3882350762712981,-0.6535306091013285,-0.8902198468957089,-1.0,-0.9337837567919289,-0.7302362337819832,-0.4793089569804758,-0.25723643327482243,-0.09624486597192297,0.007307671474029656,0.07196419033706142,0.11439858852798605,0.14317812460907284,0.16156001593459354,0.1719669942740482,0.17661235424734437,0.1768550756751421,0.1742473943245641,0.17097873655526558,0.16888013412990174,0.16896668176867366,0.17144020935130505,0.17499986880332458,0.17637900933247913,0.17190967691728637,0.1607998535419076,0.1465615865995698,0.13441526182239077,0.1273924724929795,0.12479027922859287,0.12351906506357582,0.1211320491361447,0.11855601743920482
0.09008345211498085,0.10694157246855036,0.13621983231616688,0.17006164426439577,0.19915963819332475,0.21633718529108892,0.22092992835823405,0.21763458501443544,0.2099207759704825,0.1971832041095612,0.17756022498997495,0.1500301822100495,0.11376505784244785,0.06682483760708365,0.0033071737165223792,-0.090807515693524,-0.23605652381991052,-0.4441217468281847,-0.6919887539680437,-0.908064790150371,-1.0,-0.9190873774348773,-0.7002881287431809,-0.43252320120510485,-0.1967026106287586,-0.03124781792221092,0.0644845524065513,0.11026771291924624,0.12780151013870591,0.13355499528344608,0.1376493764946974,0.14444297976380815,0.1550462482056282,0.16897872680646464,0.18330645429616924,0.1940074839143751,0.19883601717847726,0.19651606152931203,0.18656711829060663,0.17226403388813274,0.159056817647103,0.14854023961297105,0.1370033548482707,0.1206091419343845,0.1015845255276972,0.08896599650540647,0.09076222684215214,0.10477200219199247,0.12046973291557284,0.129441862785696
0.10798556262537082,0.10796084145759839,0.11142226130868275,0.11980478851381222,0.13049349413496256,0.14103400715570488,0.1518786701252757,0.16407419172385004,0.17706674149241383,0.18908112371891078,0.1972763037916473,0.1977527078061522,0.18716439574210736,0.1623319497255247,0.11535216303443017,0.028612474745889748,-0.12266784024573842,-0.3519321059307326,-0.6312608377621189,-0.8797837258495574,-1.0,-0.945493474591671,-0.7555443058307403,-0.5180345476155073,-0.30464871801051,-0.1422454855905691,-0.026404922406513476,0.05508982258744215,0.110300059927269,0.14296890994395406,0.15597803737932542,0.1551114776241577,0.15102030012021422,0.1537514260232362,0.16430065298091967,0.1751363983992643,0.17889457919675777,0.17436831262641775,0.16570851413820786,0.15821749898928433,0.1538817580270099,0.1501544159425704,0.1444685114953283,0.13846601779387996,0.13557187768543227,0.13677850064293473,0.14072529813762732,0.14560040554410555,0.14986672072368665,0.1523647908022995
0.13496932978647,0.13926132505512323,0.1480371270022225,0.16095298540526407,0.17441836152028628,0.1817358702099343,0.17878596969018806,0.1683419563761122,0.15650237267307018,0.14570106902040758,0.13324096993691253,0.11570990930132513,0.09157170622900893,0.05765294775061867,0.004643888428216746,-0.08287365472689183,-0.22281043510735563,-0.4256497614486272,-0.6720403537025267,-0.8941851018800165,-1.0,-0.9416827251587923,-0.758036197737861,-0.5365191408221419,-0.34348994104511954,-0.19645321584775466,-0.0831971508461862,0.010003934864917982,0.08707803494793326,0.14713364964251718,0.19104598033675485,0.22152514753237373,0.24017731461542058,0.2467229837996362,0.24071237775396054,0.22350182619319192,0.19881402766673628,0.17188408899300328,0.14838707686090927,0.1333165858228195,0.12951429857880958,0.13681913215832128,0.1527563238431732,0.17304935682141218,0.19212520018875717,0.20630584330969146,0.2166511020018295,0.22589729310643775,0.23378635574154122,0.23820395515796494
0.11782732438567997,0.12579568330731064,0.13867209519732981,0.15222801185941814,0.16283203721526524,0.16860394088383998,0.1697062924289589,0.16784903858553882,0.16539326469195106,0.16407831278207183,0.16359796827805498,0.16040700737304886,0.1479540258717311,0.11795690522261905,0.06013046121056527,-0.03986133399729447,-0.19870102102592954,-0.4215852552968949,-0.6793589032356532,-0.9001335533049014,-1.0,-0.9409393109339192,-0.760061301170775,-0.5359113121901613,-0.3321287044128078,-0.17354872871494875,-0.05805713073897236,0.02348830425689249,0.07855252354791639,0.1142829468055308,0.13846709083268224,0.15818536716460435,0.17882225530631768,0.2016775188891247,0.22183659170285677,0.23180028251933063,0.22919638054558486,0.21977766011652686,0.2120255343833477,0.2096631449481471,0.20983913540725868,0.20754767989086853,0.2008231157077511,0.19117465329278635,0.179687380742596,0.16528210595316592,0.1472890009399217,0.12761684203297408,0.1102777068138775,0.09994096392881203
0.12708698753998138,0.1241522978815617,0.12175211266864866,0.12365401505940411,0.13060855331864274,0.14000874321197782,0.1485701798146187,0.15517055471960564,0.1605281148239379,0.16516096509097244,0.1694797833749092,0.17392659054884246,0.17614045905533,0.16804139795068193,0.13489779182637307,0.05489346839191118,-0.09673973556526866,-0.3307931111722101,-0.617404951082557,-0.8741424167388884,-1.0,-0.9452755232133458,-0.7488698852772782,-0.5001135836043401,-0.2735442332599284,-0.10088944147237643,0.01744119657848909,0.09341085105514428,0.14185065697538532,0.17561079397372392,0.20061315097964239,0.21597915290330533,0.21968793434123887,0.21240129631574642,0.19758394150317063,0.18025748065139602,0.1643944633474649,0.15046606282908156,0.13681968608320005,0.12324721953388636,0.1115194765887295,0.1029428164009556,0.09703492811470521,0.09225530957343564,0.08755512447482067,0.08419312639378074,0.08580365821665462,0.09489171199589373,0.10863346683351853,0.11910736044542457
0.11189309035382933,0.1136006391661878,0.12378547619756643,0.14412409327272654,0.16656892757446976,0.18109568641799795,0.1842456217662857,0.1801363501652482,0.17533464816219055,0.17347582869534833,0.17395549452783707,0.17333388135984903,0.16585884833319472,0.14216586607751763,0.08883668946016324,-0.009352800895598716,-0.16655031736595194,-0.38830983537702435,-0.651256101852672,-0.885725259588892,-1.0,-0.946190561155093,-0.759586935206917,-0.5237089085381682,-0.30809081398821486,-0.14285625348605052,-0.029456000644934817,0.04245808510265848,0.08507422278696408,0.1089932849602745,0.12305614691821341,0.134278021900677,0.14673202149864747,0.16071349069022922,0.17352926509067537,0.1814745001416383,0.18297146271863501,0.18115264611739915,0.18162149243937825,0.18631167275580474,0.19049761669180723,0.18725933549983717,0.1750318055525022,0.15951730568016362,0.14854449184654622,0.14612214087648162,0.150104489589647,0.15478534360254034,0.1564446376814902,0.15599916642689463
0.10978453364908586,0.11610899277273393,0.12556023117633083,0.13776509013761357,0.15305808170794097,0.1665438204684511,0.17127594397429113,0.16674819157066367,0.1604274291206044,0.15871787248325275,0.15815090266994952,0.14845267254061195,0.12260446162414294,0.08082564641728719,0.023085617754973118,-0.06235452509916787,-0.1990924291723242,-0.4038503212504554,-0.65694380976534,-0.8868628222366663,-1.0,-0.9477383350920039,-0.7651258066432632,-0.5359099779688034,-0.3284072169301235,-0.168495050625247,-0.05293662392794549,0.030592905934117974,0.0928867127179784,0.1400765732500143,0.17383144305391884,0.19331753833624493,0.19965322461942125,0.19890032101775024,0.19883334112090448,0.20309995932855718,0.20960999924669532,0.21368786705186305,0.21149857579357903,0.2021225459599956,0.18852000742941186,0.1755314146429997,0.16586904444579695,0.15888420042212228,0.15381672722754758,0.15364341355130023,0.16290580975126398,0.17996465851866258,0.1962704105483138,0.20509073667494798
0.12054031084384756,0.1267379738849085,0.13691173827482336,0.1481225098643185,0.15721317388788236,0.1624654371090372,0.16683272550633715,0.17620500143066015,0.19263261371328833,0.21120457192626754,0.22327267406591267,0.22120939239587978,0.20098621524855262,0.16117284889857084,0.09790834600303594,-0.0017100968295362489,-0.15883993871501972,-0.3846874067361329,-0.652595671718839,-0.8878775404579252,-1.0,-0.9460451278483324,-0.7648428600664969,-0.5402609849873151,-0.338389608124112,-0.1829286514461179,-0.07000662600478959,0.012213782023977373,0.07453349020532592,0.12346290105476318,0.16004025627296659,0.18174982443698573,0.18812839024005718,0.18453753548326923,0.1783539818795587,0.17309471644861435,0.16819327640920784,0.16296478535343054,0.15951796068145108,0.16103796941455137,0.16691054874771988,0.1724301548458834,0.174138841259908,0.1715471555792301,0.16415085812889066,0.15184211203086503,0.13754058700673918,0.1255541056352244,0.11806698794738088,0.1147587587952938
0.13912038678856725,0.14513192199438693,0.1576966980096162,0.1752043957717604,0.19108336630988962,0.1981414501937774,0.19566026119594637,0.18833081435534435,0.18000879717089258,0.17086839998062947,0.15863057592896998,0.14082101595260457,0.11588455906005425,0.08162120696327818,0.031279575987928916,-0.05035678410534848,-0.18601445906231703,-0.3921901466023907,-0.6503712853661651,-0.886625185859733,-1.0,-0.9352807438416189,-0.7279517661915924,-0.4720645579417282,-0.252917334138115,-0.10799767778898475,-0.028951391103065084,0.013873615199117112,0.0454008419953554,0.07552489402514675,0.104884282283637,0.13210135661690908,0.15522391065425928,0.17207627972738015,0.1817282122608647,0.18533217265086419,0.18589355535971125,0.18632706219459272,0.18735903000921755,0.1877028307914988,0.1852915986623995,0.17904256850204575,0.17105308850861473,0.16518192594664505,0.162616257582342,0.16084707834465767,0.15665408801493166,0.14929147456028266,0.14136703189513128,0.13646475055180804
0.10730278676921964,0.1049656581049725,0.10386728136017453,0.10838686894324366,0.11835038732081024,0.12865250541667794,0.13530022576217873,0.1386556606333955,0.14114293098727698,0.14439044277479685,0.14760022142302248,0.14655216496416615,0.13472871369099587,0.10589402249913797,0.052972093475223886,-0.03730234996684025,-0.18470413083903814,-0.4011914098625944,-0.6634160281772935,-0.8954647813264265,-1.0,-0.9320703192186327,-0.7384337165910293,-0.5127300883907241,-0.32265825944919546,-0.18452727640093244,-0.08525512652840121,-0.009463128060434822,0.050482856482197025,0.09695680156301806,0.13189247965887987,0.15871188068993247,0.18088136257608328,0.19963896639862364,0.2138006235280543,0.2216432839294589,0.22224286503951943,0.21666221179760695,0.21011893213660152,0.2096059879086198,0.21611551469173984,0.22232057442921266,0.2207501638398476,0.21288334999150013,0.2071909958998188,0.20722878011952675,0.20604739737022545,0.19601309762959215,0.17973652191010847,0.167530003096083
0.16016144567652899,0.16203965943439366,0.16491437706803738,0.168232213720644,0.17114111485616812,0.17188863323657558,0.17055888286210466,0.17091545057528446,0.1760549795572249,0.1824354225550483,0.18113712901481835,0.1655088021893783,0.13502102555085785,0.0904126273095459,0.02634545489417248,-0.07119505446404507,-0.22029801186545034,-0.43004625082792275,-0.6788359726747122,-0.898940774934675,-1.0,-0.9332006968268618,-0.7332817417398698,-0.4880121123583966,-0.2730888421014454,-0.11809760558354472,-0.016105138947293575,0.05138819762829205,0.09850021212237896,0.13294620113815295,0.1593845766365578,0.1800952052420687,0.19424255156070924,0.19941665184150192,0.194729532593679,0.182679426132431,0.16864980874724445,0.15870734931589692,0.15639479197489936,0.16028710802387997,0.16541899865960208,0.1677465419667719,0.16597831189639037,0.159781870632972,0.15000107835743093,0.14082778964140819,0.1376169800061116,0.14124326113706487,0.14725209269456008,0.15104644587342986
0.0946756175659436,0.09542738270644786,0.09771725783512425,0.10193075189577283,0.10706977783021401,0.11191748388110508,0.11725441958967653,0.1259500545031537,0.14043629256823306,0.16013547789985247,0.1812466861090579,0.19849233399964164,0.206754415546163,0.2004905797432439,0.16880366007427677,0.08942362469955585,-0.06636334131665314,-0.3104228589860229,-0.6080784693800125,-0.8714766275890916,-1.0,-0.9471422800710657,-0.7504557041096137,-0.49537434584767204,-0.25812287752927415,-0.07828605230953584,0.03756480097372436,0.10222231759860495,0.13543737570879866,0.1549156184057887,0.17148770286350515,0.18856109882408884,0.20418904032682697,0.21428512013420903,0.21603909679599703,0.20919413722719013,0.19498524479052132,0.1760718835263985,0.157319236823041,0.14317206935006976,0.1334147918970176,0.12397144783755323,0.11190024436648074,0.09747184091248673,0.08275883470960567,0.07066960227824945,0.06393845091453516,0.0631690628465239,0.0661405877383869,0.06911713384187518
0.08377366810038873,0.08767236113349244,0.09210640938076822,0.09626445442227433,0.10362842395401697,0.11696503813882493,0.134409866149877,0.15182228745816012,0.16680866732834912,0.17854770155094257,0.18635094000314711,0.19080474708215386,0.19273662950623213,0.18684503956124698,0.15596757901282599,0.07262311851410481,-0.08977568001218335,-0.33654688964042506,-0.6292503453751024,-0.8821455737531054,-1.0,-0.9410543918012247,-0.7456608131872856,-0.4993035565078063,-0.27344834145163394,-0.09924427673693142,0.02266810841738515,0.10282108137250869,0.1519619746900753,0.17959417320567292,0.19390889064170394,0.1992610969557255,0.1956212101888378,0.18293543382311728,0.16563559731839647,0.1511772900756872,0.14462845523974807,0.14613719784709023,0.15210033039818976,0.15668529422445046,0.15423890682948538,0.1432598998217046,0.12810520117230548,0.11586591644144578,0.11062518396083851,0.10981982019014705,0.10746402613858855,0.1012169451763907,0.09394755285884517,0.08942335018055268
0.1917588203363102,0.2049624829172375,0.22011761492120283,0.22661931871003574,0.22232791586564232,0.21130963797921784,0.19924140584489045,0.1916487788688471,0.19112991780894148,0.1938552302072249,0.19174516124182012,0.17828751736155954,0.15009908348374476,0.10373517252232256,0.032854793915254865,-0.0729335771597051,-0.22663841472283103,-0.4350391146850397,-0.6790814394800696,-0.8962792981475456,-1.0,-0.9429946279848376,-0.7595194342320073,-0.5317038082246826,-0.32656831700872185,-0.17149008801136306,-0.06699103536218999,-0.002076584685118253,0.04047008749157696,0.07815106445326678,0.11888131828458837,0.15893754642303784,0.19002433688744494,0.20561180937441384,0.20449313415809497,0.19183539086015175,0.17608202828850136,0.1645758303877661,0.16055206532952104,0.16226856296312556,0.16532733737861957,0.16598006416676955,0.16319470575873551,0.15887419508331865,0.1554044094285294,0.15296705550098594,0.1501924848253167,0.14708135446871884,0.1453697518745413,0.14534835433283458
0.14918200696711265,0.14699890178278488,0.14961508185481068,0.163843860831852,0.18660342005187328,0.20656385046448494,0.2157079238342535,0.21327586964740497,0.20163772284605752,0.1842745818683251,0.1639894782696229,0.13926716419485574,0.10569601904346623,0.06064904258774837,0.0005493973661057175,-0.08686356382850502,-0.22212153612047073,-0.4195282423553238,-0.6624372244750318,-0.8860476636899407,-1.0,-0.9527859162143779,-0.7742324910916035,-0.5450037067661723,-0.3350283494449633,-0.175009158533814,-0.06430127153802992,0.01180009146785825,0.06890334594922781,0.11667415434073986,0.15723472620964535,0.1878745146928191,0.20688294569455437,0.21723321767393775,0.2235984009666863,0.2266324274524913,0.22287414542531866,0.2109362047569245,0.19491134901115909,0.18031562407458993,0.1695268767322876,0.16331827873730784,0.16378255609029402,0.1709902486659463,0.17838640388550892,0.1774240156519001,0.16655326077065263,0.15134796712520535,0.13798237750754724,0.1303216695648723
0.1146540230995443,0.11422566607553702,0.11676877372515475,0.12561995329588677,0.1378059795647987,0.14545103454645428,0.14465805585114078,0.13718546625582353,0.12490610757235875,0.10847333893029737,0.08973544736713096,0.07022502679150908,0.047464803510551705,0.015401866971533796,-0.03388028562408128,-0.1126663493935914,-0.24048373831819023,-0.43392001329662244,-0.6769367339237977,-0.8982070095510473,-1.0,-0.933450963959566,-0.741588923625536,-0.5162458698936893,-0.32391901334921736,-0.1805585103795377,-0.07547001828145097,0.0031907571170058284,0.06287993794978945,0.1088540232813345,0.14459687727941953,0.17357035352043748,0.1995767939447381,0.22272214762215467,0.23936866529536366,0.2487766551738494,0.25559897080048527,0.26445417584883113,0.2753474204922274,0.2849698876029265,0.2899966527325087,0.2880945554137778,0.27736168769639785,0.25673824475653884,0.22818652429733724,0.19852769707743448,0.17600413146548133,0.16340999108982218,0.15752665487453957,0.15499908070620444
0.10939481623871922,0.10809449786456443,0.10691512190264543,0.10644022330571161,0.10830661631740204,0.11804219018622447,0.14012001735825153,0.17067145486730073,0.20076192155589676,0.2257010471506584,0.24583379190260118,0.2597923638560311,0.2613553197174029,0.24233986321562395,0.1942046222108165,0.10274128771010888,-0.0555661653214494,-0.2977701922710613,-0.5984300357492085,-0.8694027610404795,-1.0,-0.9397436434310648,-0.7364571536459474,-0.48540510550987837,-0.2565594486274584,-0.0752765697711303,0.054295617414087276,0.13201035922729706,0.16418734867405377,0.1651488347127438,0.14830407123248077,0.12018856545008746,0.08474197353816156,0.048596612156230616,0.019763793225339145,0.0022907377227845377,-0.0051350684632835404,-0.0035896110621705473,0.009546169318905987,0.035362427857272054,0.06877481950427057,0.10202961453694452,0.13041080484706624,0.1535364475511012,0.17267488455423066,0.18812829820443153,0.1993287217293224,0.2059681351719095,0.20853502354630024,0.20879733935815242
0.108822618493709,0.1138889118700552,0.12154893309779423,0.12645355376841935,0.12461417926177969,0.11925197300650572,0.11819951800382894,0.12450660476068166,0.13290269118532283,0.13533381080673798,0.1275580509187351,0.11089346182775521,0.08822959960976638,0.057033592399608445,0.0057278619432270285,-0.083309811456889,-0.226692190765915,-0.43068062448951533,-0.6751171724238305,-0.8956067271931311,-1.0,-0.9345477931481809,-0.73215561338436,-0.48030994967204,-0.25334013971762587,-0.0819084612282158,0.036437424182760206,0.11699054234840763,0.17291586190073135,0.21015469748407062,0.2317282296358237,0.2416114485132774,0.2432976941039127,0.2385624471982233,0.2287802816636156,0.21587850401106903,0.20281240707222287,0.19364300592545636,0.1901061126761713,0.1881659191904637,0.18213088959006973,0.1709709601299737,0.15815542707884764,0.14825213853211527,0.14374467741378946,0.14229316821349342,0.13899409729522968,0.13267737470695498,0.12670015319870157,0.12369966046039522
0.1466008929331204,0.14876437183676064,0.15534419575317773,0.1667802610011367,0.17997259671941168,0.19142473661861978,0.20013722718385482,0.20662089669376638,0.21012022627880353,0.20772846300027362,0.19612148045628672,0.1733733126268919,0.13869078582392763,0.09029897228850549,0.022990746187693423,-0.07425101693137405,-0.21872425036831858,-0.4242346308471634,-0.6743605766409889,-0.8991065377287754,-1.0,-0.9254483038282162,-0.7174732946375941,-0.4715579500836231,-0.2624776240408501,-0.11415997907531841,-0.01758597472808571,0.04394020233275639,0.08462347303097255,0.11506775861431165,0.14116826949447536,0.16377145074481383,0.18079588125901258,0.19066464015107293,0.19549985217395416,0.19990066974899007,0.20491642139307548,0.2067985005212406,0.20314289804847213,0.19473000908257282,0.18051718820219306,0.1581876373650704,0.13135517297358873,0.10928338766203054,0.09785001476564727,0.0954732943459214,0.09884493541299716,0.1083378941337226,0.12345284318486166,0.13608857886632414
0.10528243042191295,0.10318913370537432,0.10409986493125181,0.11283099935697262,0.1292159577636132,0.1490468543764028,0.16813484367031786,0.18436420342447446,0.1959949834387108,0.20035143484471804,0.1959458830551013,0.18305288945331186,0.160105912856176,0.12200703838087662,0.062479611937380525,-0.028095773843601245,-0.16818045016199681,-0.37532448923968187,-0.6351207752915189,-0.8770249337728179,-1.0,-0.9474971052008067,-0.7568316053427424,-0.5224578335567812,-0.32102089452928373,-0.17828348843935532,-0.08439059642572344,-0.018454305949173112,0.03722822120068535,0.09016293214168715,0.13693087917915767,0.170301529343018,0.18696001809956972,0.19001027627325234,0.18641708637832152,0.18108717887075979,0.174680973106263,0.16839936719322557,0.1664714546386828,0.17161895322069123,0.18104501406548695,0.1885989687426607,0.190527357885434,0.18789007562170518,0.18387443957034116,0.18122386580490485,0.18198239581339612,0.18696219420538954,0.19433184139929183,0.19987518738296298
0.11733847727761847,0.11729257331149111,0.12189082622256894,0.13517861789160207,0.1558120378149275,0.17785860030504078,0.19482886032144842,0.2020002981016772,0.19696297868275212,0.18004267933361903,0.15342894179950284,0.11849961444554427,0.07360356976467179,0.014077677337137327,-0.06595699477901037,-0.17333560983115262,-0.3177999036089896,-0.5076391967354508,-0.7289000034759028,-0.9220951297746106,-1.0,-0.9152870621037732,-0.7061545856441163,-0.4617213988394255,-0.2534319855849877,-0.10512995959775823,-0.007730774665666759,0.056375520186967995,0.10120169363352408,0.1357838840888752,0.1645442239518709,0.18752441941108286,0.20283209140122113,0.2100399040360399,0.21146848631695292,0.21071637006776026,0.21021391317155844,0.21007038174790663,0.20852106203129678,0.20353421249004391,0.19578205195681733,0.1896189113369583,0.18943065937334067,0.19498152216763476,0.20027737190975808,0.1984649544412512,0.18937537207309077,0.18022726309493278,0.17712296957870285,0.17825961356365425
0.11003301145969081,0.11363771516598062,0.12639629369851235,0.1522831583526999,0.18414783760476444,0.20750538046640724,0.21527445165156145,0.21187279142888532,0.20445776760407702,0.19633046670598,0.18718683710258716,0.17383094025934914,0.1488666694827048,0.10234891409539607,0.026943812578603454,-0.08227369595001735,-0.23440349933480434,-0.43968502903181084,-0.6844119105783978,-0.9035189001588168,-1.0,-0.9200353843694216,-0.7046806254433238,-0.45211649917767666,-0.23966025375184102,-0.08994272944620865,0.009114797965476646,0.07541717754098246,0.12128601505669222,0.1536708840446455,0.17653203744553794,0.1923051354551685,0.2020769198760907,0.2059277753997537,0.20390435320428574,0.19719419275601968,0.1889526843689426,0.18187101695418822,0.17436500683623496,0.16198024169116257,0.14289669709718433,0.12209831842570369,0.11048901080981466,0.11495324967312014,0.12729212147887442,0.13059959065644347,0.11870488232371142,0.10144064792471043,0.09015282121273778,0.08638690138763679
0.10377398801347962,0.11349454861790408,0.13093166651752652,0.1507486615404193,0.16507247307612855,0.1685192767262247,0.16267688961145005,0.15452675359188375,0.15057194450264813,0.15247086004782961,0.15661290098763297,0.15577637141280043,0.14194437273239682,0.10817518650286453,0.0464672420755392,-0.05525837426165066,-0.21103864692253888,-0.42629232188016936,-0.677780282407508,-0.8983146213819091,-1.0,-0.9380329498562776,-0.7487571142144775,-0.5136190320925141,-0.2975495975015156,-0.12636635062916662,-0.000342426095509699,0.08886179983291612,0.1505666671064298,0.19330471144332056,0.22446120611385464,0.24873013536051544,0.26582868564703127,0.27171392452019455,0.26377070250033113,0.24393504349766967,0.21752259207817964,0.1906048069656853,0.16761860119261132,0.15034128107633057,0.1389254205059889,0.13243903051698871,0.12815237519101208,0.12268525303764506,0.11474362015136776,0.10599894318828379,0.09987709283835397,0.09930431502259174,0.10374581448323408,0.10845655901597256
0.10288955056990227,0.10430629892157967,0.10498098924471351,0.10459676527294531,0.1061464567623513,0.11348727731800864,0.12805343838197977,0.14720961318387604,0.16653541734397706,0.18386997664078505,0.19970960116812425,0.21371366286139223,0.22146272449857723,0.2137754482483822,0.17661672505883463,0.08940621124043518,-0.07210724224877198,-0.31793526610532336,-0.6146933737116993,-0.875426296305884,-1.0,-0.9450425279451627,-0.7534411745904898,-0.5125134828950736,-0.29219090147899446,-0.12029198963783869,0.005101134421692729,0.09399543597644311,0.15262648977557158,0.18447183839584466,0.19486420494734458,0.19168461864151864,0.1832164075444238,0.17496204591608996,0.1672679575085565,0.15748910152118845,0.14483117820313726,0.13178134660835653,0.1218242281570954,0.11687014623643335,0.1160734790821134,0.11649600021915978,0.11478236195279823,0.10900495548993881,0.10060146968443962,0.0945646281588491,0.0962137736694296,0.10663599853103395,0.12080987330407389,0.13071342425784063
0.12082631348992733,0.1278257318999415,0.13762575388754897,0.14576085085376828,0.15072380347410938,0.1538064500100209,0.15696012210102,0.16142164985558025,0.16760214166137805,0.1750972838417064,0.1827108583948432,0.18835290394262816,0.18852829454081693,0.17688597146613647,0.14100637748930436,0.059728896762002444,-0.09247116389345547,-0.3274150512129286,-0.6152869367362187,-0.8729106181798472,-1.0,-0.9483917838120682,-0.7555885027551993,-0.5073479794182354,-0.27714566865031254,-0.09921941325420139,0.02311215378733756,0.10009198392818731,0.1443110950329519,0.16668424892952602,0.17610217856807367,0.1794597279830311,0.18079759268306528,0.1809924477701746,0.17933923032225194,0.17521457327989426,0.168294494862199,0.15851288218223133,0.14629001572634567,0.1323283739760213,0.1173581743310222,0.10233780988515205,0.08899027980538014,0.07988505055551705,0.07717569194065226,0.08094688659599578,0.08894402400635813,0.09802628860572872,0.1056596920129999,0.11005881747163723
0.08885312167107096,0.08060296800659475,0.07216106018553477,0.07148843905267767,0.08099981272776302,0.09876201477154675,0.12090354603497636,0.14239134670259923,0.15826296912021193,0.16537488666270592,0.16163051541127238,0.14421240133719637,0.11052413143910843,0.058854656231912134,-0.014809815675687293,-0.1207792381916084,-0.2741210713659782,-0.48231553763189783,-0.7226717652208788,-0.9262590982324507,-1.0,-0.890934675143647,-0.6345871856407619,-0.3301899590471235,-0.07017829392677384,0.10503103671571039,0.20260612445593348,0.2495650439360896,0.2709784553954322,0.28237751369864833,0.2902090432432975,0.29364692412157195,0.2873527003972506,0.26664574519428824,0.23206706428559237,0.18987398873029873,0.14922490868998164,0.11798880679425218,0.09889168870742832,0.08862333509985659,0.08131675724842485,0.0737762215751755,0.06759603172519599,0.06632642734393135,0.07098143495793977,0.0784226852665011,0.08418354456634133,0.08681840715156734,0.08812958952740557,0.08919129189352207
0.08509028935297125,0.08764429048160485,0.09353407376263632,0.10465840176433841,0.12204652655700028,0.14337547191870184,0.16370409257337695,0.17977356610379866,0.1926094910705009,0.20411588943293452,0.2133379671725499,0.21801723298038708,0.21624327064868687,0.20285084216951824,0.16399205161407712,0.07595579229110563,-0.08707011830030602,-0.33295509951621854,-0.6260632843289318,-0.8810417959034988,-1.0,-0.9367440013890469,-0.7291303095167755,-0.46569682546270397,-0.22522747701048532,-0.045497754923469816,0.07036341399432004,0.13581276680044643,0.16882894175800567,0.18486204056536373,0.1922671552434237,0.19310619778023091,0.18767632099316509,0.1772538390927145,0.1633752970755383,0.14599329869555083,0.12479637558600638,0.10330369086931583,0.08836053964467651,0.08404242453998165,0.08829605966304525,0.09518091426898218,0.09841200758470958,0.09399131230498428,0.08269901487885913,0.07092909611136719,0.06660211118836377,0.07230769671384062,0.08305429365639687,0.09096260744795928
0.12357543741272461,0.1290489290132315,0.14192586792286807,0.1612879758171813,0.18118191811839704,0.19549753715139148,0.20293217391280913,0.20474478548397224,0.20070427684341968,0.18958886298177952,0.17130370418607033,0.14746794839176616,0.11931284278808053,0.08280601629559703,0.026545003715847247,-0.06530553257038192,-0.20983129266141443,-0.4170975665481114,-0.6675213983673923,-0.8927231046893316,-1.0,-0.9408416811153897,-0.7528175988351685,-0.5225499787809783,-0.3184206847653717,-0.16409514154287808,-0.053688848049793694,0.027352958468203105,0.09120120736754839,0.143600018894788,0.184399793712405,0.2113728906344981,0.2238587763280865,0.22408073267488302,0.2162912033468082,0.20429080020037263,0.19012822921949507,0.17608753165633556,0.1656789758307896,0.15985714182334923,0.1548518438205903,0.14725453581568823,0.13897142862743467,0.13515083955800158,0.13889950712080865,0.1484142687680822,0.15827609894555694,0.16344007376718242,0.16296386782028494,0.16054682348988344
0.12916445438232022,0.13421013308490415,0.14327675744585652,0.15638912752654666,0.1736223684864452,0.1930218028029618,0.21141403124284758,0.22627882938115562,0.2358395369136185,0.23800680618773037,0.22994793103888694,0.2080396302710559,0.16834835599784248,0.10821625077831735,0.0261535487142542,-0.08303389283860851,-0.2326402397144468,-0.43521403757661026,-0.676625302640861,-0.8946573798293477,-1.0,-0.9418566125585407,-0.7525128724319489,-0.5164237671510318,-0.3040557309632463,-0.14106677577504498,-0.02198780506132113,0.0661358906409142,0.13235106537906224,0.18095377759859063,0.21403226562791872,0.23390880116043314,0.24338027313071417,0.2437624647894723,0.23405329261381225,0.21397359501293292,0.187476025520805,0.16119339791099074,0.13999813017049825,0.1253445692382947,0.1163143580527864,0.11095573980565393,0.10732480266109938,0.1036615752483513,0.0988845082835438,0.09447746216424781,0.0940609239333694,0.09899590354035627,0.10608331225943937,0.11082271754297758
0.1625530453937567,0.16197813482019294,0.16145865601299123,0.16107924637524496,0.15990279556390566,0.15792772998089435,0.15834503967646532,0.16643714109246577,0.18392267948419921,0.20419098759706447,0.21647041980392953,0.2142942849403181,0.1959776373457904,0.15799090606087374,0.09055794422143902,-0.02165291300994823,-0.19332680101613897,-0.4248620786638876,-0.684747741239432,-0.9034150112854095,-1.0,-0.9373213851970807,-0.7526504586919791,-0.5253126795179073,-0.31961823541392353,-0.16111984535693616,-0.04892300321132221,0.026354177154701106,0.07486131835968264,0.1059604040597178,0.12680268309153922,0.14179653398471728,0.1541792768012371,0.1667196339196569,0.17983180066723514,0.1903146333645598,0.19328151479599318,0.18604836136215744,0.1718376114080336,0.1593326237904234,0.15590268721563724,0.16114470049462956,0.16882394676081042,0.17368034212126565,0.17330040789628287,0.1658053964467511,0.15159197016133424,0.13674269747275278,0.12853967684912165,0.12701110605619403
0.07200391262028946,0.07598713660733539,0.0853259109539415,0.10113131101178888,0.12178095557192857,0.1426310869161711,0.15918990365840457,0.171025322202619,0.1820786546429965,0.1956560406834204,0.20929777824470394,0.215853355709531,0.20823835259387044,0.17993811401492393,0.12028038911198602,0.012653658003584518,-0.1586835933166673,-0.39435182801893004,-0.6623311236606108,-0.8917217962656016,-1.0,-0.9469193136010267,-0.7643086045070011,-0.528276258242888,-0.30699336416649414,-0.13347036157786316,-0.009954799404154122,0.07557975874668589,0.13533405500691653,0.1769825358622773,0.20615552858211916,0.22744952698092818,0.242582956116152,0.25075195720306115,0.2508303260050853,0.242452102413503,0.22698329684135093,0.2079708976560819,0.18869202761106,0.16922031557614273,0.14743160310517073,0.12288093753985851,0.09829027227252425,0.0774357046076071,0.06370560310241535,0.06017064459012251,0.06814039347690713,0.08497413864282555,0.10380287225849605,0.11612170601645036
0.11089224256516096,0.11260217737675055,0.11655270596613025,0.12151838083679115,0.12405875633256146,0.12305543730943018,0.12220632315049243,0.1256534893360259,0.13305385630463218,0.14047092884945342,0.14490930756347575,0.14578692887682485,0.14256019531017108,0.13168475765597598,0.10217628111881355,0.031222361336389018,-0.1106121350088012,-0.3379473518231975,-0.6214961827927283,-0.8768376935032012,-1.0,-0.9391684845013349,-0.7339813137499774,-0.477762406984092,-0.24944308806227494,-0.08097433367991055,0.032229566560266425,0.1059815740153597,0.15140174300774453,0.17512267258827552,0.18474008479462023,0.18808935086340373,0.18917326048872413,0.18791174256378668,0.18323324485977194,0.1761241269083828,0.16930605602920953,0.16336910156288695,0.15555052570611744,0.14352866219028257,0.12941857399613987,0.11933952197917118,0.11820307384532473,0.12501653014786618,0.13399116430356536,0.13961957415217982,0.13988211546418322,0.13554914975064242,0.1289962744820151,0.12404116995651936
0.13238310034037598,0.13943953638192183,0.15483326510103038,0.17402100037840398,0.1890106889949161,0.1984411974713936,0.20624633237385195,0.21171032035656745,0.2095069035380882,0.19696255021423967,0.17496378923890354,0.14411964471647598,0.10381573625350905,0.05287614985413452,-0.013188155109109312,-0.10709130676078242,-0.2484123844224824,-0.4488289113145358,-0.6881542482351138,-0.900684621009156,-1.0,-0.9405511446751792,-0.7559123339799835,-0.526329080855667,-0.31720339507807177,-0.15368052257131654,-0.03370861762278942,0.054291919937104145,0.12208059727363921,0.1751440976966959,0.21192439691458573,0.23154853727241959,0.23853754960602291,0.23747697039983076,0.22889418569384037,0.21394099280801543,0.1977538786459867,0.18533253530658483,0.17867523178130335,0.17829291588500482,0.18299670371230906,0.18844053139187783,0.1882302202326171,0.17674667815217648,0.1530139087253544,0.12400700514758234,0.10120574293397525,0.09121737317193343,0.09138821483663927,0.09427431889487607
0.12742663198391704,0.12808731048545977,0.1293661632621443,0.1340850120681097,0.1466586599903375,0.1676392555245542,0.19070122732196637,0.2061813136228352,0.2079669703723551,0.19671738526247978,0.17751217726877128,0.15554725200463904,0.13298092589469765,0.10662355307358136,0.06546797019939778,-0.011252316946708729,-0.15045317812991674,-0.36736676055954093,-0.6369414810299178,-0.8809061384146418,-1.0,-0.9409964746164159,-0.7361927663690023,-0.47285849458260615,-0.23159335035631362,-0.05302518842320245,0.05920721145763374,0.12153871634895014,0.1548750338359663,0.1746936036936694,0.18763525145680984,0.193980880392062,0.19226252966994503,0.18289511841434936,0.1699704985885507,0.1595248589710503,0.1543426226574104,0.15116245142790846,0.14490861154541887,0.13431525295331279,0.12179387922024648,0.10958064164605082,0.09845319871787636,0.08992046282010925,0.08687176406927881,0.09079973532228035,0.09918468289046727,0.1069966505956391,0.11121810251041717,0.11249258188761768
0.12404366986924578,0.1254307492970187,0.12751137217140437,0.13142969690171752,0.1396800205143105,0.1528366824389411,0.16800597615074997,0.18009823847257309,0.18384118111284878,0.17606629991134118,0.1578470385074939,0.1333095678000575,0.10491967054501963,0.06890754006054325,0.013368461919250275,-0.07953705518078784,-0.22702452716571392,-0.43480779644193374,-0.6797990784065447,-0.8967712665804626,-1.0,-0.9433753951193571,-0.758290330002491,-0.522156852098381,-0.2998806850567401,-0.12069279099885336,0.009962413782894208,0.09651567089961155,0.1484305532259661,0.17716868386106815,0.19245486196760433,0.20056458565420557,0.2048974159247842,0.20677375919119706,0.20576426018521193,0.20065766635279517,0.19146013139080179,0.18068360539628311,0.17251359525515605,0.17063066471535096,0.17542172782417323,0.1822154193384238,0.18390398612943407,0.17695287887552813,0.1646817933724501,0.15382149056405964,0.1479228929923291,0.14547277117587154,0.1437752191978927,0.14239356410565737
0.12960556373468057,0.14732790758528497,0.1762548892029476,0.20198490037503067,0.20869433292657022,0.1914823493662026,0.16210964330937871,0.13941444975234119,0.13295507830010675,0.13841798058578464,0.1459739737801771,0.14749837993943885,0.13721047290463143,0.10841032315606236,0.05024250493580638,-0.05119159238776884,-0.20813274542644322,-0.42354019073311033,-0.6746082287380637,-0.8961456807167476,-1.0,-0.9384680917831862,-0.7463150408932591,-0.507612334397025,-0.2923477119680998,-0.12994581086898985,-0.0197726463302149,0.051729250554619965,0.09911804707859043,0.13133819286817713,0.1505182168529956,0.15640412449450616,0.15265729390843574,0.14770810980575091,0.14947441066230782,0.15989390598657105,0.17456110019112597,0.1879031011062675,0.1974348739387479,0.2019370786411121,0.19862002400242582,0.1861106256393724,0.16865130870826814,0.15396663857866877,0.1480165949011464,0.1517867320844779,0.16139993500459018,0.17217865806233407,0.18159009835399684,0.18749900296397568
0.1522754568741838,0.14445924471269883,0.13832413153212453,0.1424925869326308,0.15853337259072323,0.18346309550154763,0.2126100657096985,0.2408146260797362,0.2645887952193607,0.2827778982569247,0.29456428064141993,0.29830576144905846,0.29130605127477893,0.2674909174631679,0.214416572771648,0.11323199533418876,-0.056630699049679746,-0.30373951283948114,-0.6000949418306599,-0.865886183332729,-1.0,-0.9518095105492779,-0.7618966755652915,-0.5230520742588064,-0.3115338463196594,-0.15716521188309093,-0.05591049608182357,0.007323763851754958,0.04545603331560453,0.06688405085330601,0.07772358280392574,0.08266995092287989,0.08357554456099936,0.07987869803461793,0.07189208992358785,0.06255236696809713,0.05614645048289038,0.05665578245117716,0.06681440640093855,0.0868173927267127,0.11292703039341606,0.13842495791832993,0.15716501038591313,0.16596372221485506,0.16388216581561793,0.15177947284627558,0.13360209965453318,0.11596072799125215,0.10435743032229897,0.0996115685276241
0.12428396720230422,0.13368425950956364,0.15854223196307707,0.19694238593422622,0.23358284472035923,0.25463509359571446,0.2601103167570817,0.25726579077074285,0.2485209122591556,0.22923170754283348,0.1964714389594932,0.15535470644086183,0.11134862126127727,0.059858932704100344,-0.012009306603187725,-0.11771773581755102,-0.2683495202380148,-0.4692141343608731,-0.7029284356450825,-0.9086704002699932,-1.0,-0.931836493556947,-0.7440598078414835,-0.5226847004199905,-0.3302816632279819,-0.18312294208248744,-0.07424335579893136,0.0038690928879834482,0.0564611979071365,0.09087985544196665,0.11600882959184926,0.13820632908236272,0.15982272979253287,0.18093478322155068,0.2002318246880563,0.21596364457806055,0.2280335259351724,0.2373638353104106,0.24328308026537465,0.2428969010649938,0.2328859097765017,0.212153995115876,0.18393903763710123,0.15559076567075042,0.13505164810911904,0.12508893926140938,0.12175090843063605,0.12065011294158788,0.12126380798073888,0.1229545315505617
0.15797382822953374,0.15585580232184987,0.1603748107448381,0.1783387691062089,0.20552153186106875,0.22963030126614226,0.24034479324820435,0.23514613045125488,0.21853669577093646,0.1977095170450817,0.1775973080091665,0.1577238274416848,0.13213087745204843,0.09212496962378493,0.028782124663104428,-0.06919672526602473,-0.2179533803123205,-0.428059294849665,-0.6786560180091021,-0.8998455737494353,-1.0,-0.9336927391085819,-0.7416057518800324,-0.513909396130625,-0.32160421460459665,-0.1850969874544892,-0.09049189233042411,-0.019157815514281144,0.03823985066509537,0.08397886599821754,0.11878661819062275,0.14426252058027633,0.1628324639617437,0.17637623329872346,0.18537653408368726,0.1894773899093894,0.1881718993326627,0.18144007836559561,0.17082215200771855,0.15943673023544166,0.1513753849178082,0.15066909929737787,0.15826542173859684,0.17071332903728753,0.1833733589095102,0.1927928489354161,0.19557524823985703,0.18910310961054635,0.1757904519715103,0.1646189126875855
0.1607880270629641,0.16610224635074897,0.17495090856516465,0.18368335942771333,0.18802717443619305,0.18556652816631314,0.1773795979939857,0.16842399086552934,0.16516542714639854,0.1699878077893359,0.17890939534211966,0.18569683389299688,0.18506565799222155,0.16980549440170434,0.12579196474799403,0.03159573083162533,-0.1327373074685252,-0.3692440021448726,-0.644710951711127,-0.8846704025487481,-1.0,-0.9461280643673677,-0.7596506654016211,-0.5258385924569993,-0.3160500934451523,-0.1590621573249174,-0.05217333334523714,0.01813385068021356,0.06321150056941997,0.08916115301631737,0.10185848033026754,0.11136831863321565,0.12700295718889218,0.14985280235315265,0.17440689429938372,0.19520920365862104,0.20940554462566052,0.2151098815015708,0.20974559775150434,0.19199885245335946,0.16572671710776196,0.13899740402945276,0.1185458197817568,0.10672597605039968,0.10347839999238452,0.10905086516377008,0.12269698749087908,0.13959847787059462,0.15285821122344687,0.15918152942953429
0.08208384852413156,0.08472925439322161,0.08898405616510408,0.09578755257608942,0.10747603911500794,0.12471110420414078,0.1448728614114096,0.16259214544625428,0.17296774007562585,0.17587435724630068,0.17645762805790305,0.17946450450471801,0.18306906044533455,0.17776558843540816,0.14705695886444728,0.06703291480932864,-0.08819907410838125,-0.3274579031692405,-0.6169602289621785,-0.8733542957164612,-1.0,-0.9524470243692229,-0.7705854733708056,-0.5403485392366313,-0.33138759712105453,-0.17170005467934682,-0.05948756532503198,0.018660347573082447,0.07672039475593179,0.12319639616416594,0.15903911795769998,0.1816654973656397,0.1922721435900126,0.19725476981625908,0.2015890319866175,0.20370584864280927,0.19893324389788505,0.1871032152450056,0.17497823708830118,0.17011678527553417,0.17369773338902744,0.18138995635993513,0.1885854928665137,0.1908806820101487,0.1827911538920358,0.16186429333212524,0.13283714759366969,0.10465326717215837,0.08444074391335585,0.0746266418960149
0.16288802529357954,0.15816046456499688,0.14901208319863232,0.13866548928370118,0.1346865055262467,0.1432705980049264,0.1624789216483801,0.18393781438371645,0.20003597609171028,0.20856235542304954,0.2121833829123564,0.21412346129665413,0.21259439830348112,0.19795840877036264,0.1537359734208829,0.0586169630836742,-0.10819737894816243,-0.3511226763758007,-0.6357895664536188,-0.8825551333091134,-1.0,-0.9459928125366095,-0.7584000696307494,-0.5205918807441521,-0.30191160282730806,-0.13143336111137363,-0.01046155858497262,0.06904443501637218,0.11769987394140588,0.14627887570872272,0.16255483229652326,0.17113412985364213,0.17484662846469629,0.17405474889885125,0.16768803139315547,0.1573106090310827,0.14791046421027165,0.14336121151824674,0.1419324825292452,0.13780960901438905,0.12790689833240568,0.11505303779077065,0.10415715740449884,0.09847028436856696,0.09882700142880085,0.10287839454368693,0.10558755328439311,0.10311559468371184,0.0966427372105118,0.09128062839155829
0.1192130690086445,0.11904203712405367,0.11833770731723528,0.12074077676555162,0.1310869015598429,0.1478918310471874,0.1635293636337374,0.17231830457470557,0.17629365414245243,0.18236099013267948,0.19362870779202063,0.20370408692164008,0.2010859547434986,0.1779503607914791,0.12886755740237435,0.039724101631845865,-0.11377840771883946,-0.3451494569536004,-0.6261208410413759,-0.8766210098390596,-1.0,-0.9479949912404086,-0.755834126363873,-0.509611291109428,-0.285046349052462,-0.11643290400935728,-0.0030285421762229186,0.0718265425248177,0.12450772687461127,0.16262164035239807,0.18626191949711268,0.19540734526904366,0.19470657689661994,0.1909379226924031,0.1873073062899027,0.18206191070994363,0.1724377339647444,0.158154149977054,0.14153109380757847,0.12606553922016564,0.11487272129126595,0.10902103424936549,0.1067573578543815,0.10512735087711529,0.10272558633016222,0.10065610122486152,0.10158756349103974,0.10757650483431795,0.11710738245785103,0.12458350422892235
0.10074184900347491,0.10633562304519367,0.11998723964747228,0.141345422005752,0.1640838799254706,0.17984614658199502,0.18450202354900702,0.1797311185686943,0.17083200985441188,0.16344115730981676,0.15998485475384716,0.15769279527162858,0.14946637714848549,0.12646082810270665,0.07877186458017839,-0.007836864534060723,-0.15309566451912265,-0.3697732398901906,-0.6364124915791303,-0.8792009835877841,-1.0,-0.9469490038357481,-0.7569089142690903,-0.5181153042839316,-0.3011683657305063,-0.13198090336329737,-0.009147918929534454,0.0755902134250313,0.13137930844532808,0.16739286085101895,0.19079683158497832,0.20549181624479596,0.2126749419549095,0.21245705065366616,0.20636212991674607,0.1982662893780161,0.19090584527087795,0.1824346601653119,0.16887848442984585,0.15016548795407,0.13226715944989034,0.1219798896657797,0.12030794445441186,0.12248960492229892,0.12353438262961176,0.12222396226588633,0.12056300189172457,0.1209057455772598,0.12368803769025348,0.12661081635254912
0.09683189957675294,0.09644365797359032,0.10022955382603004,0.1101593259211246,0.12249874733719138,0.13325302502270592,0.14182708254993004,0.1479057318709339,0.15004908640139084,0.14853033780737185,0.14583222225947615,0.14227488559579748,0.13219060909389332,0.10642643552729988,0.05700751990370068,-0.026116464522979072,-0.16256397655944713,-0.3716631643074001,-0.6370988992796839,-0.8817270973618931,-1.0,-0.9355183666893904,-0.7259084086335149,-0.4668509333465072,-0.24140233391648575,-0.08302770404027336,0.01616001227930361,0.07956793673523488,0.12683484938246145,0.16670037331311374,0.19867541848177964,0.21973925955582554,0.22948807159189322,0.2304491279669931,0.22689639521150476,0.22398399597990915,0.2258102829743938,0.2321913711756452,0.2371738268559701,0.2319630503612061,0.21029043534591887,0.17339490096480004,0.13189615653655085,0.09903356010471608,0.0799148490947319,0.07096296451605244,0.06804596494541122,0.06965231330168956,0.07397311070650191,0.07761900060877854
0.01959800761992322,0.027580199888721024,0.03626112744209417,0.04172978435214257,0.047635281134401665,0.05778528548725245,0.06999636184210985,0.07916745995379125,0.08297036059521966,0.08265934300436376,0.07996014849482863,0.0739759590336625,0.05987336765432653,0.029787433931566357,-0.02582759164209146,-0.11884922862012144,-0.26331553083579834,-0.46664572271234805,-0.7078428490214721,-0.9180705861404518,-1.0,-0.8938309875403754,-0.6294845556278281,-0.304975051507995,-0.018174835386261523,0.1792318859543472,0.28388198954312693,0.32110127960576934,0.32275138442286866,0.31031445235815197,0.29044054836668864,0.2631275581510846,0.23117272545920153,0.20133048777587376,0.1794760857031541,0.16737706937699626,0.16378086121834257,0.1664772409177659,0.17232697995971025,0.17752417092028777,0.17930934467834625,0.1759575884291612,0.16575535864516786,0.14831556005599317,0.12640109750668904,0.10426737071109234,0.08369273737921444,0.06382844127041085,0.04577661245487405,0.034417987736020825
0.09150756609205354,0.09218420015107272,0.0955851128896319,0.10371775756786533,0.11589388121185971,0.12917230755514852,0.14176135421329003,0.15370255606380548,0.16424517517474663,0.17107916653640218,0.1724785791574382,0.1683809777025166,0.157543048803292,0.1339767415831305,0.08617304163380105,-0.0029115674797717986,-0.15361929958570403,-0.3763199019456806,-0.6456717532059401,-0.8856095355793443,-1.0,-0.9413773390344957,-0.748744019892984,-0.5100751286114096,-0.29737318942319557,-0.1391593309760708,-0.03272462794109301,0.035161655040947766,0.07736777559763455,0.1054538150095755,0.1296349341674413,0.15441826109032156,0.1765177869777792,0.19121676083265135,0.19945368198239954,0.20572926898141458,0.21163559703755572,0.21502102551260852,0.21426829575392395,0.2106444628439007,0.2059740875843464,0.19900616019500428,0.1859076646606928,0.16597415811344624,0.14567410034363393,0.1343459949796985,0.1355752187159611,0.14453612033018526,0.15375392860980405,0.15891347297870828
0.05900977604597791,0.06768134340774981,0.07755257532383751,0.08255018088880693,0.08550732272106931,0.09224572179425905,0.10217671110736959,0.10991622592278631,0.11084477278279359,0.10250930802041351,0.0851782025261249,0.06255534324546042,0.03892729868609364,0.012428435508587094,-0.029589749463231278,-0.10806150874946467,-0.2435642498952859,-0.44367204823686024,-0.6850614761823967,-0.9002405658309113,-1.0,-0.9356834503079493,-0.7395805750483329,-0.4943201980016734,-0.2713304756950002,-0.10130423778600557,0.016815615534673048,0.09674183078451325,0.15392206725468174,0.20242939599238094,0.2518546208200091,0.3016692584019136,0.34018006801037853,0.3539636216364836,0.34059827941459014,0.311956128789826,0.2852442380815558,0.2695111715754397,0.25979899046460414,0.24518487956404686,0.22065875761396048,0.18999881562697105,0.16109616509873753,0.1406740716004142,0.1305444187444979,0.12657213633861153,0.12259858208865378,0.11692034538042878,0.11275472377087857,0.11163713462753186
0.09852398059933469,0.10539704544798785,0.11852673972974721,0.1356440270487149,0.15245131748494142,0.16533287922849974,0.1733773209767123,0.17732529376899372,0.17752253973849555,0.1733603897925535,0.1651280964064303,0.1545721118173306,0.14170829320573167,0.12060010665193373,0.07700079290325496,-0.011068004416934622,-0.16626907718459374,-0.39472773819802515,-0.6641556066297937,-0.8964811042679817,-1.0,-0.9329133150588478,-0.7358825807969234,-0.49355887767778694,-0.27289758535263603,-0.10040498444923035,0.023917486810277073,0.10909033259390621,0.1647619900555388,0.19819601511765125,0.21363306665950463,0.21426393654894363,0.20526310769030742,0.19346100738892316,0.18397618433756124,0.177972626410161,0.17296083268402557,0.1661571942995403,0.15938926528917674,0.15798091809248654,0.1624976863900179,0.16536340989060586,0.15813841486911231,0.1396887336850562,0.11674369389287277,0.09819334793535857,0.08838401623399053,0.08577471557285218,0.08703044997834222,0.08904950680587893
0.15975600875133308,0.16031555207212458,0.15964048397186004,0.15704191031979894,0.15613431875057524,0.16258993404593047,0.17839696207002106,0.19903521551771347,0.21526468694793738,0.21888585494448787,0.20842794591610506,0.18796310063212823,0.16124471331194556,0.12712025789772827,0.07600623061416956,-0.011581129014681365,-0.1595508499132656,-0.38020268001846735,-0.649337894246056,-0.8899613592769966,-1.0,-0.9267170140446617,-0.7129570857582459,-0.4561400417669132,-0.2343532080949807,-0.07549390045537552,0.02821875764923517,0.09376136520843495,0.13224490154304,0.14968773054844206,0.15299839801965592,0.15157552597500396,0.15365225066602387,0.1606144214492097,0.16574146450671945,0.16078361829396165,0.1432718374809676,0.11686013563552705,0.08879718859000585,0.06878781763752341,0.06439424819681004,0.07411521364660217,0.08890918479860671,0.10195764342613145,0.11344438021607488,0.12664473366485104,0.1424297431789226,0.15694643861153237,0.16521178819956045,0.1674231996829437
0.13255847973940146,0.13207501827834522,0.1357515545982621,0.14623575378410072,0.1588601852999149,0.16581373328121526,0.16496583976854506,0.16117861655363871,0.1595245730691325,0.1599154844574622,0.1582905211409056,0.15146301512321542,0.13918303224735537,0.11967072754202582,0.08252796206101068,0.006087291129912886,-0.13645263074848868,-0.35880902923449753,-0.634013794596104,-0.881219956348367,-1.0,-0.940905745352062,-0.7428787368274096,-0.4957580113610309,-0.27480281512918575,-0.11064481758541085,5.9786455199826976e-05,0.0724454071717249,0.11940148377835573,0.14824936061992466,0.16335638577598305,0.16941650937583505,0.1714060809171242,0.1714932617533291,0.1681590102812785,0.15989808947953776,0.14876879718446298,0.13937131496279123,0.13532165002188978,0.13752964432992978,0.14437324172858856,0.1519797275018734,0.1558295868839028,0.15411784145681282,0.14928527796739138,0.14539646980529622,0.14461491547726282,0.14676813464875885,0.15053449505553523,0.15360727647532368
0.11664337604082171,0.11432176291105145,0.11531646621360547,0.12295056325061142,0.1344256806432844,0.14624375247460378,0.15896247670004235,0.17422798207417114,0.18999120946651452,0.20157878413346025,0.2067973180154491,0.20649451744357164,0.19937358622585102,0.17855922283672912,0.13165007987451222,0.04004136711055609,-0.11841705720315068,-0.3535303820364129,-0.6360087230481202,-0.8846633985964589,-1.0,-0.9348103186402774,-0.7315451026642698,-0.48239832301086344,-0.26213588826429585,-0.0997850359154569,0.008609446871171985,0.07837346012130471,0.12323448505162989,0.15100663374093337,0.1653937934730238,0.170209581132979,0.17051584232476943,0.17007280852522824,0.16963523854945575,0.16821344151692516,0.1653260019420311,0.1621835354852262,0.1602676848820711,0.1577281783322124,0.14911277530154354,0.13194719095135887,0.1118012612481702,0.09681583963471584,0.08918640969676435,0.08600135948417093,0.08596053672376387,0.09043786819785775,0.09854105805750198,0.10514165271966093
0.1007832908463394,0.11029638737519143,0.12593468219726658,0.14352013360898414,0.1576697679702551,0.16150601189457248,0.15147848960663862,0.13254405770531383,0.11614443765584212,0.1112394600996459,0.11748955103517275,0.12624354392466555,0.12502939687900502,0.10173411017636251,0.046779437438806394,-0.04926250425358053,-0.19829745243843713,-0.40769276615149863,-0.6590629339089973,-0.8875843702842465,-1.0,-0.9413719184087982,-0.7440774350966964,-0.4976887034146738,-0.27866049480894195,-0.11408228912917494,0.005520341626139835,0.09695261387919377,0.1682215891306751,0.21950613010478578,0.24990534472343928,0.26153559360626744,0.2589032671855477,0.24666111740290403,0.22965286823600387,0.21328369973051442,0.2017509648548053,0.19635607906189256,0.19554060797671408,0.19594000712507617,0.19353082150700313,0.18446135036775083,0.1667917939881081,0.1426069497136588,0.11769955122433111,0.0982784064067482,0.0866288067699242,0.07951489934567955,0.07277657221646038,0.06736873329735993
0.2255557557076876,0.2164985680170082,0.20235833410670662,0.1891038677671464,0.1824290300176913,0.1861797170369014,0.20143024503764495,0.22529648720909184,0.2517630044052001,0.2743837417238308,0.28665375460443776,0.28141428072284225,0.2532003509541746,0.20011543552107128,0.12021509651066632,0.005372557073481876,-0.1596793629116908,-0.38528928025563736,-0.6516640651000232,-0.8892696056080099,-1.0,-0.9266527333104453,-0.7044476285525663,-0.4305348821377203,-0.19171609027227965,-0.027077863623839283,0.06278906250636178,0.09211988730047939,0.07635865796095244,0.03199292918275423,-0.021676843957018403,-0.0672844825110122,-0.09577463571658566,-0.1064656395008039,-0.10130973580584123,-0.07949008395606125,-0.03782035509459196,0.022464653319752764,0.09120891034264784,0.15426106066619066,0.201593257938004,0.23074711084514352,0.2440933628277586,0.2435770585849248,0.23039688970094507,0.20881354899644364,0.18640950165916542,0.17043360315239084,0.16378811776515612,0.16313544914947337
0.23379907066661546,0.2248071402267458,0.20895924920463874,0.19254382874381307,0.1844374455335966,0.190403739903166,0.2088928570679293,0.23217880175328107,0.2511469740793878,0.25908469796353084,0.2524797548898727,0.22966042543490503,0.18858307690124268,0.1267446643643443,0.04168780689693696,-0.07314362491843207,-0.2313084788527119,-0.44351766043116136,-0.6925500972620572,-0.9106205620683858,-1.0,-0.9050107046118235,-0.662993822829326,-0.37072783459886177,-0.11070959763958113,0.08234318177121283,0.2061296511734835,0.2684348796752716,0.2803208418371139,0.25675255329413044,0.2134297747763053,0.1603289076699731,0.10039838512824129,0.03663975470328007,-0.02190119980107188,-0.06412402384359575,-0.08509384799577341,-0.08776224705753566,-0.07745400229797901,-0.05617493488295846,-0.022014027323783724,0.024858181011702923,0.07564518838467449,0.11668051618092125,0.14121020546302626,0.15389094702840278,0.16250643616240112,0.1689377523349257,0.17107265749630887,0.17011731869365737
0.09062584798314484,0.08822543233848505,0.08760350495741706,0.09397656020491899,0.10975070443599733,0.13136154738858152,0.14946660836553177,0.15421981125935716,0.14055767050643211,0.11056086767151402,0.0734871424881574,0.04091060297245498,0.01867388845849788,0.0014116113025793833,-0.027999428999428037,-0.09492694278690013,-0.22504111338932173,-0.4283339810799259,-0.6771373210001324,-0.8974908450316631,-1.0,-0.9424059705150862,-0.7636916513094119,-0.5482765489673561,-0.3637025012596177,-0.23161790945234895,-0.13745191364932016,-0.0572260968256124,0.021488215690849743,0.10013144224312885,0.17991094932040289,0.26286130668320734,0.34569537021003216,0.41863984678641114,0.4702264306169748,0.4925798259095205,0.4845621743932583,0.4517250333716597,0.4030284761020433,0.3461178482468444,0.28437608412401466,0.2203703742611203,0.1624213508635629,0.12083094641349723,0.09606948697254591,0.078938752859964,0.06248500852839729,0.046293433385917064,0.03225810633851514,0.023459960611186777
-0.010744629557864992,-0.013769703681856253,-0.017205815516830654,-0.02110825939228067,-0.025492002116294894,-0.026580533522597555,-0.022115514386119365,-0.01581567331207366,-0.013891523715143045,-0.020605504249166278,-0.036169167725777655,-0.05536201785903669,-0.07065200450925276,-0.08095238222991567,-0.09771590091462655,-0.14447115921986187,-0.2520470822058679,-0.4417224320969537,-0.6915667171813594,-0.9156438615668957,-1.0,-0.8853079630830737,-0.6158642472258036,-0.30002585227850675,-0.03051656761384747,0.15503185946866074,0.26043133410168523,0.3049992847663237,0.31230001363762433,0.30676561323424667,0.30578824617822237,0.31208928049493934,0.3181428823832722,0.317748356066591,0.3093866208640044,0.29241375772165973,0.2673462916314273,0.2389755687682466,0.21534942820209954,0.20244395263655332,0.1993863838531965,0.2000800407319327,0.2002357928306158,0.19916465469538508,0.19402488843484353,0.17951199902173007,0.15602907650507108,0.13213654061382807,0.11615443620720979,0.10941021211163757
0.08478042398277262,0.08900449352269754,0.09895171920870766,0.11366219951859254,0.12991089610993298,0.145420561176466,0.15894003130220502,0.1674848368427031,0.16618080862372725,0.15355713603814827,0.13580542944042964,0.12119113377690409,0.10998568239733872,0.09259549059426635,0.05463074458990583,-0.021326174737585628,-0.15685446204558373,-0.3675910231917737,-0.634012905157909,-0.8793209870125802,-1.0,-0.9427250513085468,-0.7471340534185107,-0.5048035390649489,-0.28921067938609735,-0.12740283879182213,-0.014428113105647178,0.06414133594886863,0.1202498233236855,0.16184163852255695,0.1946019773359603,0.22066653004022416,0.23689355953929053,0.23907291430487743,0.22903034073497464,0.2146560259418537,0.20231440968102257,0.19285037003427927,0.18558509387158742,0.18115533081862947,0.17896960855849298,0.1763834341658954,0.17112688512389787,0.16165726079907322,0.14744279327022305,0.13140926329715158,0.11880587458931748,0.11238169382965006,0.11069875117859408,0.11077332518610153
0.052003499135953354,0.049874973018419644,0.05000700087597803,0.05798558538927561,0.07383900635139394,0.09015976038351527,0.0999829987812383,0.10310333620637643,0.10361029672180451,0.1047223083831307,0.10637406835391344,0.10555722825523922,0.09747987884226875,0.07683529099151276,0.037372302162504964,-0.033652814160616384,-0.160166287952582,-0.3641264082637684,-0.6300221231277259,-0.8788406956798452,-1.0,-0.9349737891279394,-0.7260273361683961,-0.47209154889251514,-0.25041842039279066,-0.08517222002606994,0.033698688921647756,0.1215482744271936,0.1867947038665462,0.23417122542305793,0.26807829615036644,0.29072265692261673,0.3014798365784951,0.300035181103958,0.2877843298842803,0.2655049281099637,0.23381927710831016,0.19721572278310712,0.1645510633041155,0.14397401623624176,0.13676941730655426,0.1362332657775333,0.13438742714305002,0.13006555415827714,0.12791734311329198,0.12993855817930697,0.13211120051185843,0.1297271944845972,0.12300163880102548,0.11705430964432906
0.17956713307495434,0.17635548369830617,0.17309563575558903,0.17097822496623127,0.1686606414697259,0.16685524504143381,0.16934307649886965,0.17717552690211683,0.183564522804467,0.17728518148409614,0.15271408432193126,0.11580515878537234,0.07744556086067314,0.039538147759072356,-0.01126036232771099,-0.09679836691289209,-0.23629443941494452,-0.4367178690487276,-0.67811036808,-0.896469594655511,-1.0,-0.9342119481945266,-0.730102772246597,-0.4744119984951868,-0.24331244395508955,-0.06903579680902078,0.051913828352306374,0.13595746565292005,0.19457858373008874,0.22972770019422914,0.2428280021101854,0.24402244674687612,0.2465709262254843,0.25402280968598717,0.25858565915886794,0.25036695577306134,0.22695332960364425,0.1968686216170401,0.17204016174501818,0.15576649736914283,0.1413400296893552,0.12111605695342156,0.09344195309835529,0.06360875108707262,0.04176971056079282,0.03695849602122442,0.04976985087769254,0.07196175089516206,0.09295938578534749,0.10521336378409159
0.0602892829702057,0.0676785340472174,0.08419614923959726,0.10903600582057965,0.13619760269892972,0.1578004773068729,0.16928632942002045,0.17071187762337522,0.16565102740747556,0.1585910201294389,0.15078373768593906,0.1390594929398429,0.11859679432929222,0.08524470854245132,0.033153819010967894,-0.05131097176366144,-0.18982680291119983,-0.3971210201659743,-0.6533234943998393,-0.8863752655904896,-1.0,-0.9435614625524007,-0.7530210895999399,-0.5140058541326338,-0.2958250977770477,-0.1249413313173517,0.0008462335236171788,0.09157307936558158,0.1547737631567873,0.19471706250161816,0.21537308534685895,0.22195881878664428,0.22006270373863956,0.21431527670975614,0.20816685237927246,0.20475862795604918,0.20612981674177253,0.2096371439580503,0.20829048704627243,0.19826439912518637,0.18378523929504909,0.1720184306404091,0.16537124949237983,0.1611973665267663,0.15649992678225633,0.1496136325334106,0.13889773095436883,0.12366827410300264,0.1071096271563133,0.09600670321826975
0.08972522346882443,0.09197937772870801,0.09863591525450237,0.11229950685653846,0.13229003373668496,0.1534299351745277,0.17072984624870965,0.18327588945719905,0.1919591751065501,0.19640497019999,0.19572256628429385,0.18915740440934048,0.17377240927321516,0.14317925371037074,0.08828557017982398,-0.004376108315374104,-0.15380330691625413,-0.3730306516150816,-0.6411334853930964,-0.8831768485720959,-1.0,-0.9431484279207484,-0.7553802236722983,-0.5267078645999789,-0.3246213364932732,-0.17033537048427536,-0.05710125476895272,0.027367212244684348,0.09129389369270191,0.13910200021438945,0.1737352942019925,0.1967960772949688,0.20868629702910027,0.21072446428860453,0.20650346377017628,0.20061696389216405,0.19644145453788606,0.1941675061546471,0.1905192327966158,0.18223012566698563,0.16950780904661109,0.15487186697857924,0.14126520731841874,0.13178378396993753,0.12813769679461734,0.1294495890270491,0.13318322490116338,0.13675778152594845,0.1389441707071966,0.13988268560771192
0.12527574137758332,0.12672879257716713,0.13463554835939537,0.1503259604744705,0.1687615423162283,0.1851198221422088,0.19886038614984164,0.20967680325670482,0.21377524984964555,0.2065462622340329,0.18651281995546343,0.15437953676335905,0.10948736819260466,0.04877750117818634,-0.032479239028984135,-0.1412101535923324,-0.2882701975001706,-0.4839361052980787,-0.7148380382856758,-0.9178162544339014,-1.0,-0.91205230458615,-0.6946025372625306,-0.4386463168165612,-0.2154045713032834,-0.05027822892650426,0.06158642709276892,0.1332940377688458,0.1747125484540479,0.1924353085093214,0.19374563807622935,0.18816759018578438,0.18480311719104406,0.1872593962244093,0.19220812331134685,0.1937961323545255,0.18901047750456146,0.17911981265307814,0.167170033714458,0.1546703132263166,0.14160762005264393,0.1305956375630171,0.12743648587508066,0.1336385516318833,0.14191680994198488,0.14287710952966484,0.133795960650347,0.11948397135173086,0.10696338777867458,0.10037612156551683
0.18647494891372804,0.18099539480604035,0.17927394619571735,0.18726735382621765,0.20121131478644844,0.21383422797438806,0.22135636132283132,0.22358063008652157,0.22097431322147962,0.2136671823345014,0.20150700328665808,0.1820937413259348,0.14938077037231368,0.09723515872390685,0.022094657798875858,-0.08298527706666967,-0.23339570022760783,-0.4407616854695564,-0.6855849239094963,-0.9011494506662889,-1.0,-0.9374689514401318,-0.7505360858360388,-0.5246773274513091,-0.3290461600780391,-0.1873037458775008,-0.09103781035565649,-0.022534728988262004,0.03287144343894388,0.08332058331031042,0.12967643693926054,0.1674489346635344,0.1923909571612052,0.2045247176115898,0.2064666603493915,0.20087889904822087,0.19112532619487085,0.18139319240654245,0.17452325979758923,0.17013060368246732,0.16552436886042887,0.16000339417598397,0.15706249165277314,0.1596684375552618,0.16516034952748518,0.16760889644652258,0.16356881521700645,0.15394943073141734,0.1428164025366733,0.13542124108351533
0.11135548504482941,0.112051241907906,0.11230167704189035,0.11454417367273678,0.12367172402232264,0.14124578687854467,0.16519707931172972,0.1921887596246972,0.215778427009063,0.22684435289245683,0.22098548945062846,0.20287574543456566,0.18117722519331544,0.1595308197020201,0.12816672458049358,0.0599009055044808,-0.08128637659405512,-0.3141107379873398,-0.6074973573115757,-0.8717436969789121,-1.0,-0.9411970439365738,-0.7361958797135786,-0.47903442907176125,-0.2501736585308366,-0.08460300453740312,0.020209466674479107,0.08412697761024927,0.1267459493752031,0.15712629915630097,0.17572488562154628,0.18299487759363292,0.18302680540856264,0.1807450915408736,0.17787929610561629,0.1719178021957894,0.16036665824416874,0.1463814635783337,0.13767748886911238,0.1383650896899399,0.1430929408876791,0.1417569388650667,0.13048036207964037,0.11450419313502241,0.09932161991979586,0.08383158745167134,0.06446545316201358,0.04223982736249404,0.0229393529265986,0.012106139936565391
0.12462653673805729,0.13109546054399543,0.1389475531236935,0.1434910974380532,0.14559995345919788,0.14979696976680137,0.1570640953668512,0.16272861091498655,0.16275284421596856,0.15798335696173602,0.1495482749874374,0.13372956007189368,0.10468034602232765,0.059777694692446315,-0.0019747053425077134,-0.08898192050768802,-0.22203578215897646,-0.42037456495663544,-0.668924181177627,-0.8954725814889625,-1.0,-0.9314676496735776,-0.7314595974895898,-0.49088791566749945,-0.2784488181497744,-0.11636838262271615,0.00019947623523344814,0.08082766039378415,0.13319775250069774,0.1658888720206302,0.1889329370613921,0.20966234503564302,0.22902027538786823,0.24282246667468269,0.2469180832262351,0.2402565708244878,0.22438742318822644,0.20303288311206466,0.18185949486247932,0.16635442035852002,0.15837146709514835,0.154817869694273,0.15025494984271967,0.14149236924529482,0.13093388593240735,0.12457733062856897,0.12607937918195497,0.13376112664408799,0.1426647721726664,0.1482599336130421
0.10409464567914413,0.10885624654288659,0.11891838160846036,0.13120571761909927,0.14034556035084927,0.14469094217096148,0.14716445584865515,0.15035568232031704,0.1539003747989889,0.15640006759627276,0.15737236400227417,0.1561949632498618,0.1492762289403676,0.12798291396297354,0.0786931993379531,-0.015434456142974454,-0.17039839309766222,-0.3916535255447267,-0.6552647448710948,-0.8905054106391646,-1.0,-0.928843944198584,-0.7139348630776516,-0.4496791769836732,-0.21645875683902796,-0.04876642698669172,0.05425002427834301,0.11022642618982188,0.14083824079290072,0.1627038874281511,0.1815799374438355,0.1942874311482809,0.1975728665221409,0.19327097743835117,0.18506085564548402,0.17535047950429314,0.1670375510302023,0.16383671821319476,0.16670839135722698,0.17159685967525892,0.17137350404098634,0.16052507381587314,0.13951389955368435,0.11517518259845212,0.0965024477038907,0.08913250847318256,0.09250100122949552,0.10141850807673153,0.11006926919767933,0.1149559129947255
0.059539172663085095,0.050142142020623316,0.03702303053278241,0.03176376458439163,0.04541763383969496,0.07802545778311341,0.11598763987203568,0.14221456466800014,0.14946029450286039,0.14346015938079387,0.13406734474254706,0.1263285653481912,0.11978095403458397,0.10900180944783834,0.0798987348297588,0.007739309619274277,-0.13574106489789423,-0.3621479795632844,-0.639608179580083,-0.8847780054996861,-1.0,-0.9401705063776491,-0.7465190405851645,-0.5099033640908495,-0.3049381733993318,-0.1567547201516566,-0.0533156941867731,0.025213959071838682,0.0893750118951476,0.14129555750408662,0.18159177269103677,0.21294788440893425,0.23887827093895692,0.25983185113279117,0.27107785279859786,0.26593685150446866,0.2430120550516918,0.21022694184087604,0.18068811297309664,0.1639847132073329,0.16072586012613763,0.16524328022939164,0.17224100107583876,0.1791017207249697,0.18440772946576148,0.18800280918377468,0.1911019606144962,0.19357957016370636,0.19360406998876903,0.19195731387109669
0.10408770005164186,0.10914025954231457,0.11734953368847506,0.13225781791271748,0.15842255027297983,0.1911570387825469,0.22065476781346977,0.2415258309181639,0.25093823770295853,0.24347060449283714,0.2152223097437205,0.1706110526052299,0.11844998374482227,0.061247134785362395,-0.008583600480571848,-0.10596249132866091,-0.24955377913377014,-0.4510478476218889,-0.691599072360225,-0.9045529356395957,-1.0,-0.9300687980153136,-0.7309621755700325,-0.4910961521461987,-0.2844075136958111,-0.13818332096878422,-0.045272912319041396,0.013527603596680052,0.05611069887214538,0.09279947346621613,0.12598608678341056,0.15463530402313877,0.1777555351414156,0.19476590816569544,0.20572153471003846,0.21227395363758556,0.21797186712200087,0.22513790595605337,0.23035582897898219,0.2262226199863715,0.2082561044658775,0.17925949559579063,0.14927563186753448,0.1304093036677735,0.1282491408172489,0.1380986614632946,0.14999631357152374,0.15743436784317952,0.16062026299762922,0.16189217449306795
0.16352577534555066,0.16595191617439087,0.16657835667806548,0.1599632795291665,0.14372792573791104,0.12203379647464375,0.10513201175978085,0.1008940085550349,0.10719939053337717,0.11654804250086942,0.12386941814242892,0.12588165418160935,0.11781827865823837,0.09251442956831926,0.03839658928223436,-0.06077564774184754,-0.22020700648734315,-0.442509605089524,-0.699001587812752,-0.9161660944956846,-1.0,-0.9018480576254455,-0.6622532520329693,-0.3793481863949263,-0.13930510012551586,0.022935094594284097,0.11591594009641287,0.16385727550427873,0.18801602769427922,0.202821727065439,0.21573051931606754,0.22669757563017892,0.23085123254747744,0.2237309062477515,0.20573647772812426,0.18392636972320686,0.16822349229320535,0.1631516980526585,0.1649830851656444,0.16709049489048,0.16375798421921897,0.15048189854664204,0.12672442538525827,0.09835871839273934,0.07477974019063487,0.06267112132180266,0.06112698839240211,0.0632566355814526,0.063734075573658,0.06282016053108863
0.04716675910830259,0.06346088254653771,0.09303269834006593,0.1299762980439003,0.16733533648521678,0.20055142574936377,0.2284107727260785,0.25055131118640667,0.265259028110323,0.2700908579895801,0.263628063587559,0.2452157419507187,0.21412784683658395,0.16918084509068937,0.10455072301375248,0.003996719319532417,-0.15512616954077985,-0.3834943441623566,-0.6547874077512976,-0.8926953906078079,-1.0,-0.9285019258932372,-0.7204984440742032,-0.4696785144834089,-0.2510995060399527,-0.09241815996823904,0.01167050431993817,0.0773656213645939,0.11913794482541133,0.14601279341138035,0.1626463735426595,0.17134774856581125,0.1745153093538103,0.1758503778656008,0.1772811016161053,0.176282780947612,0.16927284536818465,0.1558913585221971,0.138775646282667,0.12153727556521025,0.1071050049640344,0.0968112542906262,0.09145041326122136,0.09154499429162544,0.09491317184973717,0.09614935416906169,0.09014938317431816,0.0763855874344866,0.060202602746186926,0.049465104704191715
0.13205050552746214,0.12685068865626772,0.12204815663753699,0.12239582361053356,0.12761515919421235,0.1352751686982414,0.1448426621461445,0.15682230221455118,0.17050144759637142,0.18474561415019358,0.19844838921518293,0.20804198575586622,0.20625664503131538,0.18431239365376628,0.13303754869190454,0.03937185102441303,-0.11557066431014834,-0.3441527335767833,-0.6234979753904708,-0.8761868176422732,-1.0,-0.9410189532817892,-0.7370264231219065,-0.48158369128560263,-0.2550147718062255,-0.09075641328308126,0.014525938162490966,0.07750854657762907,0.11386239402807607,0.13442736448851647,0.14633639427268338,0.15594615699203845,0.16833116728902814,0.18277967452801736,0.19293476583552782,0.1936524418605111,0.18533667108783114,0.1716319987992337,0.15612231826947892,0.14117876676603214,0.12805633147930634,0.1179947851445907,0.11200002316597882,0.10901532822677992,0.10643428169901119,0.10239460851726845,0.09678777417862408,0.09117427312540448,0.08753279881569603,0.08622729858456277
0.07745905363113012,0.08111530556448168,0.09211748289611896,0.11295302260851862,0.13899871589472257,0.1597868148145558,0.1674314607728313,0.16229792990444278,0.1517624062673338,0.14632854058238798,0.15416647200012346,0.17382000748470688,0.19179995600074964,0.1895819273890255,0.15158464363440718,0.06337288023447898,-0.09330176099191541,-0.3286893802256098,-0.6152144773405126,-0.8721675218505496,-1.0,-0.9493700271579141,-0.7565171624815304,-0.5067430734494923,-0.27258575352761977,-0.08730472109853568,0.0442402524308201,0.12816978890606648,0.17364129690558075,0.19132255467307577,0.19220590266936846,0.1855430714066638,0.17746483058963916,0.17063852924896927,0.16472288474668137,0.15840266878059805,0.15176380044264037,0.1457646216954542,0.1404203064237112,0.13554012656173464,0.1317908329472414,0.12941874831079936,0.1272462495685513,0.1232270282763011,0.11570985065647452,0.10551303523937648,0.0963833987264625,0.09191573040853333,0.0922269846687106,0.09404476416021032
0.09558624393303462,0.08464031804911576,0.07041174736898517,0.06106619715687707,0.060007990340654675,0.06712672202376638,0.08095614709063642,0.09843842872757205,0.11620195858003171,0.1324956296800909,0.14630539172454454,0.15633516048900742,0.16126291873692827,0.1575958262010943,0.13334886509416952,0.06332341312946836,-0.0832312691681912,-0.31905462894805936,-0.6109267337293257,-0.872106748850016,-1.0,-0.9444083482635302,-0.742196399047625,-0.4823492388990739,-0.2446952489900693,-0.06779393466606674,0.04719601580516831,0.11675627439878827,0.1573638663809901,0.17951819042619221,0.19014181922788573,0.19433219847205696,0.19504984751396934,0.19394219511811836,0.19226317354898487,0.18923571797453512,0.1811725550439797,0.1665251692352662,0.15110372250849768,0.14299994500420513,0.14291250368968642,0.1444601347897262,0.14296457371270951,0.1397793693126409,0.13835267344678934,0.13888532121088262,0.13850531352906587,0.13578428556777167,0.13230718009126524,0.13010754622680434
0.07062026916062497,0.06847309578372646,0.06887669966641714,0.07538334114081635,0.08521313170735145,0.09247442238017102,0.09678319254906176,0.10522011030046664,0.12472861514240216,0.15466074986800774,0.1864582468620634,0.2096117628960419,0.2184634200685766,0.21192210621955992,0.1838240139604592,0.11277936372903806,-0.034324173162260975,-0.27697721868636893,-0.5844070497718429,-0.8627969946008671,-1.0,-0.9450821093737611,-0.7439958918259701,-0.49384735082110875,-0.2724331455239174,-0.10912653113363076,0.0020769257516875797,0.07900177611400758,0.13512441738534856,0.17479114265754245,0.19806367467031488,0.20655914108444592,0.20354870531735608,0.1922246591529465,0.17693595511808713,0.16327285226624508,0.15396832829339063,0.1469758491610383,0.1396354043024783,0.1326071789360026,0.12763559724687853,0.12365371645488211,0.1182844589478912,0.11185199825251173,0.10750396997941417,0.10781936931503491,0.11164530499201061,0.11489684815459654,0.11523051154846016,0.11419013836237159
0.11714952469455679,0.12512427495070047,0.13733307220800653,0.14950025567666464,0.1595654203940856,0.16639318874206155,0.16818407048498346,0.1643317064999824,0.1575718695985709,0.1517023576204527,0.14648626228655393,0.13723405743022501,0.11969144897656772,0.09063623179076649,0.041212421128716016,-0.04712463248295975,-0.19648603857726762,-0.4169463318060038,-0.682335598785903,-0.9122839498675744,-1.0,-0.8909621581568695,-0.6341904219599281,-0.3412006465711632,-0.1031722220540509,0.04917198666988891,0.1304731263687368,0.16730104449221841,0.17688218004205697,0.1672350742752406,0.1474564212607949,0.130337030668582,0.1251156317231327,0.13215088590335702,0.1448871499687932,0.15460540435905362,0.15549775983017047,0.14841277471639552,0.1383043855872368,0.127853780094583,0.11732348181010076,0.10900913758026551,0.10545240548475204,0.104569013543414,0.10212542088267723,0.09859351284111638,0.09960936289513078,0.10856381659794193,0.12137961330541293,0.13027543687777415
0.10898154694622329,0.11031995980055712,0.11571504343764849,0.12843661416756427,0.14597906354423001,0.15969747706269102,0.16429163727461094,0.16252077216893943,0.16004576579636834,0.1600030754727671,0.1617427914735197,0.16119912593027583,0.15148810420026082,0.12438050140356453,0.07131856880912565,-0.019573862481337637,-0.16666460731186936,-0.38361181125018573,-0.6493302504545712,-0.887871471558424,-1.0,-0.9368607076474729,-0.7388913823981634,-0.4956643211856164,-0.2803067342233403,-0.12141189239894794,-0.012949450790040576,0.06301763286533643,0.11977900663893154,0.16453607946643486,0.20314014858609988,0.23765204665029635,0.2622012398936521,0.2690831421061995,0.2588831597099833,0.24006393183372018,0.21999567875222428,0.20105414828808205,0.18324800141718134,0.16499916956566896,0.14325508342409635,0.11808123994002441,0.09582102354998152,0.0837874540114048,0.08293091623307777,0.08796386955464307,0.09356191674397242,0.098841319258691,0.10500708032155258,0.11011315540036819
0.08315311682522557,0.08311201464019903,0.08549973836437985,0.09263050827637281,0.10402009540099569,0.11708130507350119,0.12980188072082513,0.14178798398330725,0.15349753779780098,0.16537235468701328,0.17721546876352726,0.18769182050116637,0.19425583166589644,0.19212241187209642,0.1696291122052258,0.10260913672674607,-0.04155482089547304,-0.28085123026113884,-0.5844280519889438,-0.8606942233303126,-1.0,-0.9498055414863186,-0.7496684542773996,-0.49166686680794125,-0.25566790453528837,-0.07870870723469342,0.037591775151306274,0.10776540131168635,0.14792971721272524,0.16897667072334702,0.17646274153714023,0.17425563786410428,0.1673425318197006,0.16121803500535153,0.15903495858898656,0.1602270138822865,0.16232906414382747,0.1630735074769697,0.16072888953573256,0.1538310787439747,0.14166625993933354,0.12563769011182827,0.10943937895479884,0.09679964277181538,0.08959334502342066,0.08785334120442793,0.08965868083931433,0.09148045186235142,0.09105601902289054,0.08961365058591096
0.08208420827440838,0.08214421472304415,0.08722911425586749,0.100247485856541,0.11896804796385102,0.13909368590327964,0.15712395249543007,0.17155069093750452,0.1821055707053779,0.18754678466180466,0.18629936221857804,0.1785660346096124,0.16407623250808057,0.13684358259705262,0.08325982170150219,-0.015888929120476247,-0.17999144728330693,-0.4140704271558179,-0.6856633521681249,-0.9137611803379833,-1.0,-0.8972318605284881,-0.6506821078570918,-0.36314841022424027,-0.12428762662266421,0.02942292573111716,0.10841841694051339,0.14222813662644113,0.15598187821698406,0.16183690822313423,0.16330675822014967,0.16234481080377564,0.16065240899473837,0.1578959443497502,0.1528358094625504,0.14563932492845677,0.13751701265854685,0.12973246383454604,0.12325881918442054,0.11761379012267911,0.1108555770769662,0.10229764813871908,0.09505543632887771,0.0943531731108092,0.10173453868843833,0.11249260796439052,0.12127007803258642,0.1278007141902132,0.1341104254453977,0.1389309446120572
0.08788558002105415,0.09040469767461694,0.0952867061687732,0.10297887849025558,0.11350835919597559,0.12554443332787196,0.1383880111161096,0.15261164185984874,0.1673347467876107,0.17988765734865442,0.18899623368009338,0.19546406282330578,0.19875254522316776,0.192774385335176,0.16323074699182893,0.08712020601799203,-0.06274420042149746,-0.3003657655933059,-0.5969876308583567,-0.8662318015724575,-1.0,-0.9431831439862658,-0.7348100331060987,-0.4717319676941575,-0.2396134033931957,-0.07570247637163358,0.024344737332406358,0.08131389692257356,0.11361878369482362,0.13201066424381416,0.1423217040128732,0.14883025097809044,0.15448237660824835,0.15944422453712873,0.1620180374990997,0.16227788501725127,0.1633980466566306,0.1676100834440553,0.17286529347114837,0.17532953708671303,0.17249944141133047,0.16313320026811906,0.14714899906795384,0.1266879139330456,0.10568391616637854,0.08754246060928193,0.07369002914987664,0.06389627507880577,0.05731299959922862,0.053740774145756766
0.059102696613012,0.058028336833975375,0.05329987431872572,0.0457781020265532,0.04076683944805274,0.042033500102620074,0.04813780556914706,0.05516305218295619,0.06060747328645949,0.06475087744569387,0.07048593869608194,0.08252389930192361,0.10592572519940499,0.1424841858996846,0.18191323427301173,0.1891463528761592,0.10406121319097088,-0.12225123284975731,-0.46548360766322655,-0.8065819390782762,-1.0,-0.9784047533039792,-0.7875980024457198,-0.5280539457389122,-0.28066295448988354,-0.08143800423913433,0.06415721797948173,0.1625861410635168,0.22356780265827583,0.25751793359849634,0.2734764750835039,0.27734034150127956,0.2721512227344566,0.25944109839399093,0.24055175658841407,0.21784047831292025,0.19440007021158678,0.1723420993893374,0.1522465162626258,0.13381800343944586,0.11647420199731601,0.1004064556695363,0.08684802319741909,0.0764806049784542,0.0687606131408739,0.0630838721613092,0.059315786901042195,0.0575076566176078,0.057559818474324245,0.05839114218924187
0.06752507368337875,0.06560581015846453,0.06663837342199826,0.0743585408471002,0.08898238597713945,0.10886104684002817,0.13054879150174573,0.14865461226969964,0.15896527647478506,0.16226676210732305,0.16367751857791013,0.16695925509540033,0.1694417846514995,0.16147530689399162,0.12701535057005015,0.04341454728680547,-0.11308010371013436,-0.34996595612925,-0.6343643034209809,-0.8837318285128115,-1.0,-0.9376956086917866,-0.7382787953898561,-0.48977389623564954,-0.2631065012116518,-0.08821075938117887,0.03289830688624797,0.10898156271688805,0.1521411077090156,0.17467690583866133,0.18598751829036053,0.19189056241678284,0.19581399547602224,0.19914964286464412,0.20166793605723915,0.2028692267700666,0.20272851316623014,0.20120746681896562,0.19795142696352153,0.192967102734405,0.18666042854293813,0.17830809294165836,0.16562692496316495,0.1472457511202858,0.12486521546804413,0.1022908028252922,0.08255123870577709,0.06621734946396948,0.05334017173085456,0.04578006585494389
0.12259766902973968,0.12448721702292258,0.13055095759927915,0.13874533458075639,0.14420485662220744,0.14465330312912097,0.1404994544865697,0.13378879107470903,0.12816280267704241,0.12553107772934896,0.12258428842228894,0.11280706640652122,0.09089093342719672,0.05403880759627269,-0.001369720963796571,-0.0863654683312423,-0.22156782937922775,-0.4231184355328135,-0.6727275468694902,-0.8977576900778809,-1.0,-0.9293937551073548,-0.7272846236304251,-0.48562546673011736,-0.27541552795775676,-0.11979778200439088,-0.012097493492651204,0.06133548829488329,0.11191944136051346,0.14625345276892565,0.16555620619029657,0.17116207666477876,0.17070250742494877,0.174684754990535,0.1878644058457172,0.20653986544461841,0.22239608682759512,0.2287162262489979,0.22542683279510764,0.2171820116932455,0.2069776152553202,0.19492996243136626,0.18293477069401415,0.17660985868680606,0.17910761964577446,0.18518394733451551,0.1867750433339327,0.1827662187428282,0.17807958945429206,0.17587479814415838
0.0704698565608261,0.07574592916133771,0.08678573887090524,0.10209772283703546,0.11822367409101744,0.13228764315312064,0.14420488259964084,0.15584516423028977,0.16804232373493194,0.18026510815662405,0.19233976258096677,0.20380087082737822,0.21206094373010057,0.21143780717408173,0.1914997303004718,0.13249836543918286,0.001588478680036256,-0.23045391601527448,-0.5438107612766739,-0.8421665081858098,-1.0,-0.9557619529203211,-0.7535633508654584,-0.4947263019734686,-0.26299303069262164,-0.09297838186209555,0.0165198598067997,0.07978447340546237,0.11198972571411205,0.12537616792157652,0.12849686975550112,0.12712856144891627,0.12607028822119326,0.12986893382288076,0.14089613844841353,0.1571396229562365,0.17299091609900077,0.1818608214742826,0.1790200141110253,0.16489766822213506,0.1454146061553518,0.1267688815845028,0.11141838429441352,0.0996523612666806,0.09095963221398348,0.08364770139691305,0.07695917024363816,0.07283704634245555,0.07284497079526563,0.07471738596303547
0.10534838199726194,0.10413916287034201,0.10379342068326608,0.1062950097735978,0.1118440444341022,0.11943239750743943,0.12843945810802823,0.13836910130188526,0.1473427453921005,0.1528949487229991,0.15472205109997414,0.15542864892073693,0.15767825913433628,0.15908338998026722,0.14594445510288678,0.08948464799455512,-0.04655558087059986,-0.2806181323663203,-0.580808680834222,-0.8563707210809387,-1.0,-0.9593499258947311,-0.7700818202783869,-0.5190438263842292,-0.2843719239121072,-0.10541410797756376,0.013612091947463722,0.08618433512232641,0.12834466359885655,0.15234488676145963,0.1661377485407584,0.1740204080122443,0.17707691217669283,0.17462183242864507,0.16710570629685365,0.1576010953702566,0.1494291084110867,0.1441504514520588,0.1435859592355112,0.15000230910976398,0.16156107358790617,0.1710584025511181,0.1713085303443176,0.1602096624209315,0.14108911755243647,0.12042804484484369,0.10520474411713479,0.09955257091311336,0.10187251289289073,0.10587242888665004
0.06494519950468744,0.06340014250018067,0.05996038156263337,0.053913019106861075,0.04616134550010137,0.03961997131606069,0.036459885032426566,0.037417867120396055,0.04341821445540838,0.05489513548418228,0.07033318025244971,0.08748375299044797,0.10561378555118713,0.12527441523783558,0.14170471182255423,0.13066184633774586,0.041275636457938705,-0.17543506415725152,-0.5031289545502502,-0.8276073895210742,-1.0,-0.9499615881456918,-0.7301639356304309,-0.4558119935333657,-0.21824432912923747,-0.04930553474928467,0.06183948509108793,0.13716822326652237,0.1907713732983743,0.2270317520728631,0.24703517137855505,0.2532409093816246,0.2498239290029743,0.24130699906594685,0.23135630563061,0.2219758010486176,0.21321908756436314,0.20363223747136638,0.19127377746059035,0.17507470178629994,0.15605006939296973,0.13690144409843752,0.11984771585406578,0.10484157919335302,0.09021524797751167,0.07504710258402263,0.060239137265633735,0.04751040567256198,0.03827985703391897,0.033437986591218445
0.11721404957721636,0.1122119143934771,0.10661928574401366,0.10440894264638452,0.10702406984014508,0.11516408830672763,0.1288517134362034,0.14543114708157692,0.15969772800015436,0.16714378235805222,0.16702452637377865,0.16189058360937883,0.15350756662316048,0.13700125817439462,0.09694910466960652,0.009923047262798208,-0.14589965538125652,-0.37574119813586465,-0.6489656022012337,-0.888742221869241,-1.0,-0.9349088941897066,-0.73252066804722,-0.48335877337024574,-0.2622420141625187,-0.09868501308650741,0.01004685737631931,0.07812505026550753,0.12044290180162498,0.1485003589154567,0.16852374970825376,0.18280761338768006,0.19222427761247488,0.1963285931134293,0.193809277215219,0.1851639435362828,0.1733479944193152,0.16155535868692059,0.1524973109588182,0.148819771841406,0.1514672503330615,0.15803885077829327,0.1639285548525496,0.16541816471252677,0.16234488656274737,0.1567353190995879,0.14849977351945787,0.13555371568370436,0.11937186678250764,0.10744979118358086
0.04225935337094918,0.054557515281536996,0.07530915622169701,0.0979188030131697,0.11714946888737042,0.13146777838013732,0.1423428341935813,0.1532247624316322,0.16661346788756423,0.17941445036891188,0.1836905983615894,0.1740242777899729,0.15043634586137922,0.11283349692637355,0.05543251911161178,-0.03556595678642478,-0.18025721666086156,-0.3916123783727806,-0.6493615460757709,-0.8831997703403213,-1.0,-0.9501124786150685,-0.7659336506320212,-0.5288692626322375,-0.30830326654521895,-0.13427594266936918,-0.008909345283149961,0.07549728392514178,0.1295017322705453,0.16354056170754777,0.18403236782340127,0.19396726631066,0.19699150635744658,0.19826144741021196,0.2017085294746471,0.20751639884287637,0.21223424488196854,0.2124718137907959,0.208269371982986,0.20218442675565806,0.19698371587505,0.19404109053581456,0.19196618989822017,0.18679589608477046,0.17479487249062511,0.156798456405097,0.1392472272951935,0.12816593168352913,0.12331158584966948,0.12144406887389153
0.1036720281758229,0.11005723963696064,0.12022044370787274,0.12948280670938986,0.1346263754916506,0.13774825679938835,0.14527339221446092,0.16236335806643779,0.18767526200738952,0.21154392032052446,0.2197821274670731,0.20228742404276912,0.15887245558884733,0.09559600415090991,0.01462471472474739,-0.09307163010479227,-0.2449166498094832,-0.45158771176314183,-0.6931498676752222,-0.904357590241462,-1.0,-0.9391227154746106,-0.7621568585565166,-0.5513088651005174,-0.36472512907298266,-0.21606080922819895,-0.09644241987197065,0.0027561649700605104,0.08360981416154861,0.14478120829781288,0.1848666392287283,0.20412677550886246,0.20642486745267208,0.1999278261487978,0.19355972214547598,0.19289297971705527,0.1998988161566212,0.21270738529994163,0.22553157950662697,0.23231146092679478,0.23053394480279854,0.22207542425814059,0.21187999137298338,0.20368994758799477,0.19628138138473578,0.1861867177512447,0.173633911703469,0.16289023880752135,0.1570918392465456,0.15541580135822147
0.05481843556963205,0.06303035023312796,0.07932637927828161,0.09937325907572299,0.11675368473062477,0.1289655383710312,0.13715462292116604,0.1411448017003119,0.13839670492984482,0.1294108852649476,0.1209119758135987,0.11967901692898242,0.12485478460967908,0.12698832426999135,0.10962699743711672,0.04790414134857489,-0.08887086185922596,-0.31720414351807275,-0.6072080158602455,-0.870623022496452,-1.0,-0.941654007116056,-0.7329204267545124,-0.4648959305647388,-0.21855628836322655,-0.034933300859118964,0.07930938258535639,0.13745810341082765,0.1603877252508836,0.16637037682744105,0.1658392550172311,0.16307930734683138,0.1608442961364276,0.16269764971952147,0.17173929020549394,0.18745508941790984,0.20436099704771493,0.21485582308301465,0.21334456719862707,0.19864836891175783,0.17510096641512762,0.15052637637880115,0.1310534619979992,0.11851816638279988,0.11226101987393829,0.1099251945144389,0.10636826177276178,0.0965426677735016,0.08168030491810278,0.07015944272250511
0.11413379525272253,0.12060825115565399,0.13005989927908854,0.13790283647440307,0.14268189823652708,0.14690691853366494,0.15373949573138795,0.16455801398513448,0.17863319676037895,0.19388715988715988,0.20846083873228513,0.22033604118701833,0.22352316327153893,0.20575831872761854,0.15117952245808117,0.04371752001074837,-0.13021752477081888,-0.3717220688172536,-0.6491265310114305,-0.8878705397010962,-1.0,-0.9438557934171787,-0.7552059718432748,-0.5145301348628989,-0.2902292907927433,-0.1133680359318332,0.01192099647871432,0.09219269536699547,0.13814303694633778,0.16138487338909732,0.1710183152116359,0.17370837511840545,0.17440754446183268,0.17438662567387608,0.17162985772010314,0.16584379838524915,0.16016287866605391,0.15631505119512912,0.152234200034649,0.14536587385932573,0.13552530572600072,0.12505164577630418,0.11737388694036378,0.11463449832314772,0.11552747114387259,0.11501467323025186,0.1078921343133525,0.09385028564108462,0.07826034076017471,0.0681946571031583
0.10933667655567524,0.10406436999466111,0.09889121965745638,0.09773637857007136,0.10089357730630069,0.10712695483460989,0.11522426886765053,0.12512736740532168,0.13768247905889985,0.15313961437447082,0.1707787044805075,0.189505045628816,0.20726423772369185,0.21758116176198872,0.20423109860876537,0.13919989947155234,-0.010030632776006312,-0.2585130886459388,-0.5718643018744249,-0.8556873891263403,-1.0,-0.9544093425666558,-0.7595896085691977,-0.5055650224467588,-0.2697650565415264,-0.09008712950472075,0.02799489315359509,0.0960006074361964,0.13082944213466846,0.14757829309528947,0.1571226960149348,0.1660853603319022,0.1759157578522897,0.18362141908438118,0.1859407893959495,0.18241274504949814,0.17461674923316056,0.16419445906758293,0.15184482471997446,0.13764196691803646,0.12254124408316724,0.10908947156934917,0.09981172456511359,0.0951754702255097,0.09323002649714636,0.09073483990944578,0.0853900400592606,0.07815473680147185,0.07227394291808374,0.0695270176351229
0.14446997444642629,0.14353716904621708,0.13917111026700676,0.13133431791237807,0.12354653558971697,0.11985098896182435,0.1223547977138647,0.13047984448441008,0.14192734115171302,0.15381686737783698,0.16301040432211464,0.167016004138385,0.1644914766774617,0.15222983737433518,0.1188950014625812,0.04141212980119309,-0.10777624279513279,-0.3400144615888202,-0.6242857213194618,-0.877586576604529,-1.0,-0.9441473346300576,-0.7506612165400883,-0.5082820441290182,-0.2887852370749887,-0.12101607593168842,-0.004616910992313052,0.07001281646543608,0.11295282230457696,0.1341497264067229,0.14374878750046896,0.15021747287419082,0.1582203693866669,0.16883743826022277,0.180752935322739,0.1908047012916618,0.19535880839266853,0.1929210906267382,0.18542855807140887,0.1768337186899263,0.17041329683226206,0.16640005279701206,0.16194181821641096,0.15432635401363687,0.14384179556764162,0.13259653330416066,0.12145509659555834,0.10977552482467522,0.09821170481474052,0.0904265983191066
0.13390512086946624,0.1374720000190344,0.1440251373495446,0.15352425196852099,0.16459442033047467,0.17255807790089003,0.17324800603995577,0.16846756993419168,0.1646942433147435,0.1662935062626975,0.17185931843979793,0.1761694989986383,0.17259882452080233,0.15298266587658205,0.10645866258786367,0.01783965964522673,-0.13214300185798247,-0.35511254705129175,-0.6282827812517783,-0.8762956371498359,-1.0,-0.9470582612355148,-0.7528027798028568,-0.5045403572614269,-0.2778758657224072,-0.10846198928378292,0.00035308655676847455,0.06257776770378498,0.09854864321450377,0.12486761125815608,0.1473384802771948,0.16255293255346084,0.1655296482331357,0.15657662545970935,0.14243922780113502,0.13128439763407715,0.1278583660768373,0.13229564252693893,0.1407672043634715,0.14814135675957843,0.15162946946447498,0.1522084378859176,0.15306826458028325,0.15604800944446878,0.15914942666966164,0.1582345665207751,0.1511075812141734,0.13916719946178574,0.12632511521970785,0.11781319567844575
0.13406698845659273,0.12730878046255348,0.12584406157978292,0.1377211539447632,0.1577582828025429,0.17532120577276397,0.18467230943376461,0.18564072647774027,0.17947391898273732,0.1669796901016043,0.1483991139433593,0.1225208054803023,0.08687757881187794,0.04008380522780543,-0.02006259700785259,-0.10489053306876285,-0.23690907078035048,-0.43343125189995046,-0.6771043366101512,-0.8977479266258254,-1.0,-0.9342979402849888,-0.739135197371738,-0.5027327263820484,-0.2952935761778569,-0.1420498861342998,-0.036688145966930666,0.03801950889712374,0.09610175654400707,0.14228945873693813,0.175591361498585,0.1973035312077699,0.21279428414307558,0.22506891466248694,0.23106984317254348,0.22718313574774712,0.2147727948484731,0.19886801583160918,0.18500412684829284,0.1764603430674986,0.1716870723855883,0.16702156536705173,0.16304023311537685,0.1643600785778121,0.17247883338003478,0.18210900974303218,0.18595717238789283,0.18161448837918967,0.17283848400189541,0.16604075428854057
0.2124670742085078,0.2017931077861973,0.19042601269606965,0.18991857850253335,0.2020977515124752,0.21820879325166737,0.2274989587253933,0.2234753678383069,0.20500371803150966,0.174895583287957,0.13768555056357765,0.09744080072748341,0.05450608694217146,0.003673060367186618,-0.06218057736126639,-0.15109585267025158,-0.27866714629841405,-0.46311338525462814,-0.6945517780259862,-0.906320924605525,-1.0,-0.9249243517664154,-0.725035217591709,-0.4924088582536123,-0.29265642484447413,-0.14332993681000478,-0.035545229040157035,0.044445681127847025,0.10684459988476323,0.15739960511126583,0.19839978578968887,0.22818035754140034,0.24159172955513775,0.23617684998076507,0.21796555227460304,0.19714919311031098,0.17960697920932508,0.16635931331275322,0.15830705546101714,0.15679685675765093,0.16058290337484682,0.1646772107491982,0.1636772414606915,0.15701631829703902,0.14902537767560084,0.14393155061182716,0.14337395606259568,0.14722428048100497,0.1535479636516788,0.15845887660039487
0.15484299735115048,0.1478662543285916,0.1404327276309989,0.13902334254684331,0.1430024452508357,0.1467910767327153,0.14597316043029254,0.13947017466432063,0.1299738105934414,0.1222529084967174,0.1181332431892762,0.11291534636928244,0.09756110010261979,0.06332572884124416,0.002736660214001655,-0.09363685660626447,-0.23879765036029002,-0.4412524449692049,-0.6828688998344306,-0.8988990714394112,-1.0,-0.9391583467879486,-0.7521850214188581,-0.5225243921570693,-0.31822100539673626,-0.1639798353957269,-0.05213564988103557,0.03484893959968998,0.10927388686222905,0.17288358893156042,0.2187235594794855,0.24087467777831223,0.24487588492948614,0.24514486353745962,0.2520907529046064,0.2657886533572336,0.2802232951618256,0.2881697603010042,0.28364213654452536,0.26443918665241845,0.23381035264142505,0.19972344877029727,0.1707712128922036,0.15003361776092225,0.1341138353656449,0.11927745260522278,0.1058637618375461,0.0967751576664049,0.09370455732228279,0.09430561460285795
0.12938324352074557,0.1382099685007293,0.15384523379777684,0.1693168229698533,0.1770044268214747,0.17666713604925494,0.17401394388538788,0.172720843948718,0.17142052066396407,0.1664411470258031,0.1552034085707878,0.1370762506482758,0.11146845610803563,0.07492512785845254,0.018867687973258954,-0.0715030111886987,-0.21470441174620725,-0.4211037127948828,-0.6699759141467216,-0.8931831882861234,-1.0,-0.9428866850339812,-0.7573266712070825,-0.5265298583424789,-0.31762891635117174,-0.15552531918256718,-0.03646597576985731,0.05091691167846053,0.11477023487787391,0.15938305274851433,0.18851234269656186,0.20593485676257206,0.21364165285657394,0.21304912441459245,0.207749852656842,0.20235736562634432,0.19849942907913806,0.1940377450015775,0.18739488174213462,0.18048294799538273,0.1764316610669986,0.1758808749963529,0.17568392236395095,0.1714462417071051,0.16195366925831914,0.1506475302324426,0.14208310914559016,0.1377295796190323,0.13609745265818315,0.13558500652271058
0.1106820581638122,0.12319174399000887,0.14614610611986203,0.17754633939535167,0.21085543220499886,0.23336658866625246,0.23631075365983092,0.2232799291817139,0.20578113203651952,0.19240130532297692,0.18206640646691866,0.16623807370144691,0.1372999189867422,0.09375895186764072,0.03519516028590136,-0.048729940100642445,-0.18168063346851482,-0.3847839158636902,-0.6432330477553396,-0.8830325216642854,-1.0,-0.9369602272145766,-0.7312895268126448,-0.47685678648418406,-0.2511250906156939,-0.08387139981346088,0.02929441338366899,0.10476698751394642,0.1563751546494007,0.18943160017515942,0.2036257507097889,0.1998690415240261,0.1842969477928958,0.1671963268107113,0.15700383370274196,0.15388287784373042,0.1515455216153788,0.14609104895147026,0.13962231542950126,0.13543435267266518,0.13315624233312817,0.12942674032777576,0.12201245891666578,0.11165614404818881,0.10050669745318683,0.09083163981025409,0.0846992854801198,0.08321078670713908,0.08541337067539409,0.0880936512161177
0.038566211981214786,0.05358010980684527,0.08039590275404473,0.11430056795102833,0.14874776392119826,0.17843147058216274,0.2023320301959731,0.21971710431341226,0.22669227427387345,0.21976471663780645,0.19960400513602697,0.16906089841150038,0.12925573008496002,0.07825823809416185,0.01069621921579084,-0.08467439866804034,-0.22581148844133292,-0.42685461618591697,-0.6722983533247597,-0.8951291294732467,-1.0,-0.9355124586471568,-0.7405514381166229,-0.506408286386172,-0.30544902663276974,-0.16148952937507474,-0.06448927796136683,0.006080956918002255,0.06594344959728789,0.1194445055471066,0.16243994692300287,0.19086886879485196,0.20642205760730775,0.21511981517556406,0.22155167486719896,0.22536718557457344,0.224275407780015,0.21866822428812424,0.21099498182706092,0.20266075770572398,0.19391884553885455,0.18537343629010955,0.17707118282685405,0.16751702120151526,0.15710740151295058,0.15017870403287245,0.15038952566837163,0.15710055898345918,0.16675006690673067,0.17402018428492216
0.10555387605777834,0.10253867747295153,0.10063552747124435,0.10557360685213307,0.12082168917229034,0.14307561069570826,0.16376702331180196,0.17597902529464632,0.1773316611591917,0.1680685249626751,0.1500347882253387,0.12677417470649502,0.10111650941659758,0.0706144383426538,0.024585824423348997,-0.05561887612881801,-0.1927456867801456,-0.4003497021424031,-0.6569363315618129,-0.8890911952258506,-1.0,-0.9388987939522103,-0.7423680576301119,-0.4980903723583579,-0.2779684222634901,-0.11015970459880968,0.007776957593964544,0.08908474001737703,0.14690038411455048,0.19028557197026505,0.22266006530044954,0.2417099794629571,0.24378456201161247,0.2314529761737157,0.2145590095246374,0.20085888896607657,0.19002005433433866,0.1791189843246008,0.16818655598181956,0.1590181685660487,0.1528425092923993,0.150016640586795,0.15035898306489653,0.15287354643370255,0.15479973547624495,0.15245126514713875,0.1447812063818492,0.13470427527378429,0.12611974437751447,0.12139138070041632
0.19874888194036266,0.19669172528111842,0.19510068761455562,0.1976289642858839,0.20490791036626738,0.21290581973674916,0.21673212108239473,0.21291633264961343,0.20065708094143636,0.1844707351220395,0.17145287589099217,0.16314914091394087,0.15114405464923553,0.12119060966833363,0.0605457340103849,-0.04144164768879817,-0.1971764563974339,-0.414230035769246,-0.6721942044673102,-0.9007286269059109,-1.0,-0.9156153847346045,-0.6938796391129135,-0.4415974426642995,-0.23754470873842107,-0.096897635546506,-0.0019026625065124536,0.062149295508704724,0.10166803165945511,0.1247872232446094,0.14321739353288487,0.1643923234343349,0.1854129287640627,0.1969902442707039,0.19448209867087962,0.18298950518875845,0.17073020089608992,0.16062721236944458,0.14911460216877076,0.13167952314652662,0.1098780617578665,0.09167120272468314,0.0831270248326579,0.08234269372351136,0.08368908068457447,0.08520455795779339,0.08935759009441095,0.09863726072272,0.11148303784542928,0.12133467717977517
0.1604597553843243,0.16460791894978416,0.17635362811512587,0.19810424057723772,0.22475427649637406,0.24422236549178897,0.247336653743341,0.23658652469858868,0.2240078442098373,0.21911105180768153,0.21847073057356156,0.20853125130505895,0.17827214099079766,0.12627277803040432,0.05383413582017592,-0.04745095501503386,-0.19784742909760938,-0.4121062031772328,-0.6691426705139947,-0.8962914990939456,-1.0,-0.9329708482880733,-0.7321098027756837,-0.4837344107028617,-0.2592615610376545,-0.08730022349654186,0.031948207387573146,0.10541894572140723,0.1405583996527551,0.1480829701273315,0.14106140341685078,0.12883049667899668,0.1140290245880723,0.09574486247212993,0.0741827829791258,0.052720060714573545,0.037667277077190274,0.035829402557566364,0.04947517595582279,0.07382842421967799,0.10004639869809623,0.12023153528665963,0.13210064792631768,0.14003059032904244,0.14997413293476256,0.16387373682069442,0.17989125273481868,0.1956731221098243,0.20904450855774348,0.2170469480575169
0.04281719726774589,0.05394499276078496,0.07430608692655373,0.0996064650099606,0.12533332940505493,0.15059007519525944,0.17680676584465146,0.20234590577218928,0.22264740192333962,0.23571610581697905,0.24350265749737018,0.24815528516431246,0.2482162451848638,0.23553748633989355,0.19269196606463732,0.09465695687617127,-0.08070186459814609,-0.33454595289246386,-0.6283648670953625,-0.880529995084112,-1.0,-0.9468335436274073,-0.761282051595336,-0.5276483194187064,-0.31553808354185714,-0.15340187035206584,-0.037908409078351565,0.04532465766152468,0.10709571434183315,0.15139068628655383,0.17883832476293826,0.1907302811832207,0.1908899968432375,0.18421718388908107,0.17402201131517053,0.16161783148726822,0.14825547582420373,0.13652532515573332,0.12957225001602188,0.1286399622029083,0.13082127173679778,0.13053722877371354,0.12502782234241433,0.11699795705733164,0.1103387367237295,0.10549468553397769,0.10066941702241741,0.09522421539564975,0.09028145445934894,0.08736754421896568
0.12489201544383864,0.12769654573256764,0.1375596766464192,0.1561655687998516,0.17864978417291652,0.19674438037820655,0.20482139340863156,0.20325110297600538,0.19636351193899518,0.18767768537825846,0.1779011771822123,0.1658407683109526,0.14832491174101528,0.11837569040165528,0.06409541776313533,-0.030453169053376385,-0.18223347027778128,-0.3991064965448371,-0.6578548847441545,-0.8883374777506816,-1.0,-0.9473615761177168,-0.7671075790832285,-0.5418895388671027,-0.3374754924600503,-0.17774470472821216,-0.059545675683324265,0.026297517626384274,0.08652846260209612,0.12595853139345076,0.1480124072543449,0.1550650496714569,0.151692842206461,0.1460760354409021,0.14581739288975193,0.15390949091822684,0.16902939124782945,0.18699789762281363,0.20166833142394802,0.20747120564442992,0.20285834981256762,0.19105120796728983,0.1779813355163592,0.1692928397205477,0.16685644143018694,0.1671382390410009,0.16483694221721398,0.1585099646348416,0.15117091884750564,0.14652963990619428
0.12043727737909675,0.13289068365406473,0.15278236636220277,0.17495827710788844,0.19627428273915246,0.21341441568361808,0.22303091508735948,0.22378502737680492,0.2154936133229081,0.19807590258642152,0.17226310314457488,0.13884307531870832,0.09636070392433349,0.04042114325293228,-0.035447157242125035,-0.14064864819313191,-0.2880125276157104,-0.48488168212747695,-0.7124656816139372,-0.9108299326428884,-1.0,-0.9381322521896631,-0.7584365625838748,-0.5380835191203582,-0.3394436455440474,-0.18575898710363398,-0.07313842218306378,0.010753169507404823,0.07609710316002065,0.1284621599781198,0.16983368851253489,0.20020087245740487,0.2196394535908885,0.2292742618057154,0.23037096438335172,0.22431442006173033,0.21453136794024424,0.2067805010706388,0.205107015048304,0.20769283964678253,0.20868824186551926,0.20392083698750393,0.19354619446973914,0.18056638974041175,0.1686981517604423,0.16084420506425748,0.15845811273393387,0.16192871171120668,0.16977903951671278,0.17676053020697757
0.14834738814126772,0.1491481608080893,0.1546083601951861,0.1658098695551536,0.1809800881777626,0.19886018192857852,0.21729823619667674,0.2308640473914962,0.23309013915031054,0.2210774959250867,0.19667367118117435,0.16322833326097613,0.12165055286002503,0.06912236188732196,-0.0002451306302621754,-0.09741590246773685,-0.24017688350018448,-0.4416869466786561,-0.6839161918869526,-0.8999393084652316,-1.0,-0.9377749353542641,-0.7498479816076062,-0.5203142663874364,-0.31640114778908623,-0.16250698071698916,-0.05508963268460051,0.017313765480367314,0.06568282307973179,0.0984629533195933,0.12180375141244203,0.1410785543949528,0.16047083044041274,0.18100285628043175,0.2002644813608377,0.2141507606205541,0.21920637293776513,0.21464760893122806,0.2032783890183167,0.19023718700364292,0.1798897161999652,0.17392812485893858,0.1724732057568375,0.17486813542390978,0.17745331695896266,0.17389389638432093,0.16184005639445495,0.14664063356319085,0.1354484967008653,0.1305205049881791
0.1295392165998679,0.1323474462168666,0.13956548006389338,0.1526853225066872,0.1699560300477305,0.1864417895132877,0.19829835393389608,0.20552946558907967,0.21030199034231992,0.21329971042593568,0.21115950933761088,0.19788972083320297,0.17001232011378936,0.12760095141236935,0.06646998435307229,-0.029259447137025864,-0.181797175138409,-0.40102971866838255,-0.6614505138273503,-0.8913418929247341,-1.0,-0.9414882365511457,-0.7533539786380669,-0.5214799172338065,-0.3149225058000223,-0.15893758097204225,-0.04903679406845388,0.02876263374315829,0.08700732769346213,0.13268261754969995,0.16794043566587788,0.19356318425473606,0.21096441882229003,0.2206836275677156,0.22079047621428566,0.20952820110383893,0.1895977584141411,0.1678416842436016,0.15036380444771597,0.13881938051319512,0.13109025218531298,0.12442904397107313,0.1179454676484411,0.11273333104871963,0.11075564802158905,0.11371058853231056,0.12188612946241449,0.13432366901575624,0.14860449774914725,0.1589762918013469
0.04998936564395863,0.060781380697137025,0.08081655557885899,0.10671456218957134,0.13218430926649233,0.15045834744101647,0.16010780575255443,0.16628439991495347,0.17422016511846022,0.18216218980223492,0.18287639196553768,0.17189839043295488,0.15069487933076334,0.11995435467511875,0.07109019073871181,-0.015840885329062932,-0.1648688859171836,-0.3861342650517236,-0.651917332726427,-0.8871535690667586,-1.0,-0.9437513212691563,-0.7519112752927541,-0.5065392376582761,-0.2789067747166302,-0.10079261593486186,0.027069489850501803,0.11545745149845374,0.1741548819172338,0.20957755049508178,0.22706762241309286,0.23150115118199435,0.22572357410730212,0.2107169147628545,0.18879740211781063,0.16561260289818147,0.14780436512117145,0.13924841348388914,0.13939139107112947,0.1443953151681569,0.15028026635350133,0.15500648451583945,0.1581624009727,0.15942096421368857,0.15699908648194671,0.14833510517555357,0.1333742955782896,0.11661650650860117,0.10421184969270816,0.09865778883482702
0.15403080135349395,0.15291138093928341,0.15727639547570438,0.17213858380682667,0.1924878976274649,0.20576922817911344,0.20422146693753646,0.19188330451964658,0.17873026017287452,0.1708714333586897,0.16667524794498448,0.15834875517266714,0.1355339866925659,0.08941320429568139,0.014211515345108769,-0.09573386401045894,-0.24976326569668533,-0.45531689471875325,-0.6951046251183184,-0.905897759322148,-1.0,-0.9317848393812527,-0.7397887953537952,-0.5109445350774695,-0.3135868155168723,-0.17018534017095724,-0.07266111880480607,-0.004855717159997143,0.04623933575222082,0.0884671446326366,0.12567977970092667,0.15910889642005197,0.18806286366249575,0.21018746737710636,0.22273458260699538,0.22516802176046105,0.220947541762755,0.2166386577108195,0.21726901543828084,0.2209720876581255,0.22036310578249396,0.21049330080647835,0.1935389452072567,0.1751888453938836,0.15931826866180568,0.14716112899385075,0.13928780717598563,0.13637329632838638,0.13773452855099722,0.14018548712585818
0.09693320473691146,0.10428093421171963,0.12161490881560613,0.14717515310588486,0.1722745139382385,0.1870393184967926,0.18813972563723488,0.17984116138101455,0.16766368896790526,0.1538600929714419,0.13905931448664963,0.12459231148663294,0.11172675139779796,0.09941606335876091,0.08060266501615658,0.03526363561961915,-0.07265957730177461,-0.2767747168188006,-0.5644695123039357,-0.8471498812677302,-1.0,-0.9554935966700507,-0.7536227866870451,-0.49731499566534915,-0.2732266221172602,-0.11355455401968333,-0.008270935332396659,0.06369660078052082,0.11336714787338627,0.14148847883793553,0.14973729735181524,0.14586812269120178,0.1388860838179168,0.13434630260798014,0.1342934709831062,0.13849020472567627,0.1456861857420369,0.1551338462714872,0.16663769388493668,0.1780883502763709,0.18425051278489646,0.18036404898037794,0.1663482012207501,0.14653041417158055,0.12721641073918288,0.115085920745511,0.11479081122232511,0.12528832650011773,0.13921366483305084,0.14824563751349631
0.13688866352233506,0.14412082867123607,0.15374055092340289,0.16084064215503074,0.16345881434176565,0.16206704592359542,0.1592608170185217,0.15935041440410766,0.164905166848184,0.17295643132103702,0.1764567133022531,0.16977353020355104,0.151160613424716,0.11955740517447266,0.06861731699164253,-0.01778505957199547,-0.1626459313783371,-0.37971662279458424,-0.6458625541774089,-0.8851057873662702,-1.0,-0.9415591596458011,-0.746992378644565,-0.5032225311648538,-0.2837438890756013,-0.11962091267747926,-0.008150438214374514,0.06633760206290464,0.11675938535120278,0.14880071048928814,0.16511369971216233,0.1698229451282087,0.16851791838485092,0.16565178588335885,0.16217002890440005,0.15611940519381043,0.1470819381202275,0.1386217666096144,0.1348090433470225,0.13612180830229093,0.14013403306137057,0.14529787765141172,0.15278431837604192,0.16382616359063323,0.1755116565943187,0.18086047889132328,0.17444289325290313,0.1577623205828573,0.13860678901312004,0.1260957419820969
0.1506135916387953,0.15692020542264393,0.16915447355291485,0.1837472972514941,0.19354514329624248,0.19306367169392377,0.18375397889330752,0.17321522299840955,0.16896555413273376,0.17261236497838425,0.1796997543968782,0.18418774619670092,0.182621648060606,0.17317803212240454,0.14869381470060275,0.08831258697852,-0.04242239684087312,-0.2695432715270586,-0.5698847402749632,-0.8518101894803722,-1.0,-0.9601852176694533,-0.7769087975293605,-0.5438572649350373,-0.33181822813851786,-0.166206385022349,-0.04589569376320142,0.03759730913799847,0.09403303829513242,0.13307279818878326,0.1604344446655635,0.17559054584204786,0.1768983431218622,0.16835948824832822,0.1585758386054189,0.15378974908274548,0.154285817213597,0.1573928219930612,0.16087958071782157,0.16094889768763165,0.1514252741295655,0.13149409821052074,0.11080935081523809,0.10001424720248665,0.09826288703415967,0.09551975132992672,0.08562222484721052,0.072150903929105,0.06185892603253721,0.0572307625358825
0.13800892319794703,0.13686568811978453,0.13469142114948934,0.13522364091548228,0.14288215990473674,0.15621628775206592,0.16926910159044634,0.17832817794025066,0.1828350703721408,0.18136187063438952,0.1718758042795499,0.15613064412771632,0.13973399913812043,0.12450573615983225,0.09828717729242803,0.03215137009725954,-0.10778037552868458,-0.3358632777007719,-0.6202331056022226,-0.8756195623307418,-1.0,-0.9428725254677214,-0.741833174929148,-0.4862067043750259,-0.2522581623109699,-0.07460860535730114,0.043244832827384616,0.11232652686454248,0.14866314416394916,0.16688179668474057,0.1772486760248792,0.18590250816315326,0.19450242089338352,0.2000859302297428,0.1977310914201686,0.1859650291267134,0.17045984900639966,0.15962159182955518,0.15589558928964425,0.15378386844336112,0.14711087777961793,0.13584366609074303,0.12303174137551963,0.10838358482500317,0.09033529312607577,0.07186892324586626,0.05908225526684334,0.054900498872107066,0.05668714357768891,0.05935158180386475
0.16335895526831906,0.16432599607826062,0.16672334798450875,0.17096069177793832,0.17879275093921,0.1919194349431536,0.2074633338671867,0.21902800746009762,0.22185913460374113,0.21482537428823273,0.200490839137664,0.184299843774783,0.16997680803172532,0.15241082580589477,0.11465569237011951,0.031932032844976144,-0.11999388735437226,-0.3497982110756276,-0.6281147846547412,-0.8768185602806271,-1.0,-0.9508846433813987,-0.7702534594755809,-0.5482757953152332,-0.3550075511952037,-0.21137221005023796,-0.10699633649914117,-0.027685447341612213,0.03244285556436681,0.07477379991998012,0.10355908633804013,0.12629922302609664,0.1482569143135875,0.16888317751971993,0.18352749849336214,0.1881625551532092,0.18362128388876844,0.1754904491333208,0.1697309702238862,0.16876863315815951,0.17034673518804014,0.1692490196495844,0.16177783221403855,0.1489261020989371,0.13514290673479007,0.12566388494133296,0.12465964947173513,0.13282620752914234,0.14544360916566523,0.15462542372220167
0.16060742598810676,0.1608798523278484,0.16221555531297038,0.168020080939115,0.1803169695962586,0.19459983857856125,0.20353155158190403,0.2047278444106786,0.20211262072935957,0.2005008195551192,0.20038101310016326,0.19780089746927856,0.1873275086008803,0.16182635294405429,0.10847417793557301,0.008371698870194027,-0.15617873098091362,-0.388355570008971,-0.6584115463657402,-0.8926492171079063,-1.0,-0.9361559280329123,-0.7409105157872824,-0.5016931311539127,-0.28928553651584593,-0.13057573842750136,-0.0210416062344021,0.05316306279508339,0.10231721086747796,0.1318675396499035,0.1465718791601823,0.15361387844927465,0.16131131392184578,0.17329520537174214,0.1852183953526986,0.19078994969560498,0.1898038983643055,0.186703624713608,0.18280762157232808,0.17372474905440988,0.1546335053955367,0.12673551412429318,0.09787017819616015,0.07691331218767383,0.06868858234987453,0.0730549703393775,0.08498839137491607,0.09622386366147936,0.10136062293227409,0.10190604314527227
0.149763148512394,0.16095813113628943,0.17412974127391417,0.18087679158319356,0.18104581409110138,0.1784021159371845,0.17210944671313377,0.15839544792834062,0.1393095726322737,0.12260161548346343,0.11186390727675485,0.10221167260334586,0.08622240445370169,0.0575987655396849,0.006416592353935476,-0.08438241213960174,-0.2329652250051089,-0.4442183546777761,-0.6911516666446801,-0.9050442107322195,-1.0,-0.9322085331102763,-0.7376478973956205,-0.501777748232546,-0.29715340767492954,-0.15126016704191683,-0.055153140827468555,0.012378268828885267,0.06633097292932259,0.11166401064021629,0.14982938398064063,0.18314576106400318,0.2126288593867376,0.23608120101684107,0.2503410052454809,0.25415000172244745,0.24878592706328764,0.23762274672933548,0.22533188614206995,0.21559206623979643,0.20849283739773575,0.2002549245304238,0.18645062598009235,0.16697345826536358,0.1476359924964483,0.13565228086035305,0.13437662418899304,0.1428759114999573,0.15675517987475956,0.16770766988024186
0.22727381117999185,0.22513026792224666,0.22065243272051172,0.214922381742491,0.20887783774954205,0.2024267886680432,0.19592026719207598,0.19006521992435943,0.1850458338219491,0.18033668360951774,0.1742055297884083,0.16398168600349985,0.1462180595966833,0.11429403509951933,0.05634504254480374,-0.043552118554222904,-0.201372959210332,-0.4217784119177139,-0.677514619620299,-0.8985715943039351,-1.0,-0.9424120076657693,-0.7646393668789695,-0.5466592960673132,-0.3491152674543103,-0.19190454624826764,-0.06944037079832888,0.02860419353451901,0.10665520074864063,0.164766127066161,0.20395598227691528,0.22676854664713444,0.23609585547887918,0.2351544648058184,0.22626796723213238,0.21072040056698382,0.19155898610743766,0.17415597900661325,0.1615717780448582,0.1509753259521415,0.1380876717876135,0.12422803496605007,0.11450215064600984,0.10974216260438802,0.10564407191270725,0.100113959144064,0.0961907949958102,0.0963740590845819,0.09874965722171224,0.10038131132464638
0.09191795360111732,0.09443846597926753,0.10177560390579397,0.11369508873286892,0.1274108046667021,0.1415013595506645,0.1560386048268651,0.16938044033418476,0.17799595052563366,0.18057702426774988,0.18024468742212454,0.18048481410852343,0.17937531352661898,0.16742737641079913,0.1283189516853352,0.04043790193856955,-0.11797552329875262,-0.3536953369886526,-0.6350534246616154,-0.8822426601491129,-1.0,-0.9414779525002431,-0.7424545803742277,-0.4897104034361043,-0.2614012709314267,-0.09360487879036772,0.015205310189230888,0.08267459355244432,0.12577344980854116,0.15499391596360176,0.17505419047376605,0.1879278180980615,0.19529465321219863,0.19826028877256077,0.19652757474232196,0.18948468183928016,0.17775733566358137,0.16329530267222808,0.14817481177498734,0.1338278556234881,0.12225412518337445,0.11628598712816815,0.11647809634270909,0.11942818275755991,0.12066655486238062,0.11804744977711844,0.11268438062911633,0.10760866228186079,0.1048495031021533,0.10404096519695101
0.1389814518155745,0.1363368219017333,0.13286666223115512,0.13148526953460174,0.13331764409098276,0.13637745262764553,0.13882881530983263,0.14125188900612554,0.14465343169495773,0.1483151341585052,0.1494169446492747,0.1435110566383577,0.1262045048191396,0.09400259603814398,0.04000533837622654,-0.052262736251148606,-0.205070786563043,-0.42753751470388435,-0.690379368643557,-0.9145208467618786,-1.0,-0.8934007100108726,-0.6341522927385578,-0.32581556409916496,-0.06420910398651514,0.10716693171605501,0.1931466672709549,0.2210400206805022,0.21845935409935863,0.20248615704525263,0.18076793934574503,0.1590783097282234,0.14370704745860252,0.13561246211415545,0.12780110892355698,0.11336989854188693,0.09402357521584705,0.07835582222772722,0.07366716332493699,0.07988450407824933,0.09087661781372271,0.10030447734367032,0.10565661866288754,0.10877274197915483,0.1128039962918569,0.11848579357045529,0.12400577069820881,0.1273178520003717,0.12786357117560496,0.127139509559379
0.13379733836684546,0.13534393682528853,0.14403711763873486,0.16161605886785202,0.18076805239202437,0.191375134542176,0.19026171704007722,0.1823636548891397,0.17347634086915423,0.16377744279778303,0.1483165027470288,0.12226377033097252,0.08339982541598019,0.03041608575607086,-0.03939369298577896,-0.1339174262789748,-0.26941295971407314,-0.461214408708388,-0.6960780851224488,-0.9078724868828882,-1.0,-0.9195384495868502,-0.7070548120624744,-0.45836622682898454,-0.24731379245110427,-0.09355487908918284,0.015572333837706188,0.09402730610733492,0.14644870576149732,0.17379903134119315,0.1790308809479606,0.16737420938214126,0.1470126889531721,0.12990782069975532,0.12727977115786412,0.1415934772873133,0.16344277313993474,0.1792217611401217,0.1836272411050063,0.1829875979855981,0.18624330662782965,0.19466815124595116,0.20093130757726266,0.19774141552253197,0.18632218683225252,0.17516663188603315,0.17155758737808896,0.17599834195940833,0.18362077051299022,0.18892894284307346
0.12692655071164474,0.13779449436294963,0.15548998668049124,0.17345033744949478,0.18671065259608274,0.19517156107835407,0.20140037629587565,0.20600027832261092,0.2071784761318156,0.20353997596811402,0.19474463399186348,0.1802965361437382,0.15843333317461092,0.12436312847312621,0.06911066038076832,-0.020713612243703324,-0.16346659892922524,-0.3743276202379546,-0.6373936418459322,-0.8800283279310471,-1.0,-0.9438877042374177,-0.751549431165934,-0.5134392215793829,-0.2997624732191255,-0.13536239216773482,-0.01733549914838239,0.06455792353629519,0.12066993358012862,0.15967331095083678,0.18676366566658428,0.20286531626328647,0.20641020558323772,0.19838154209522707,0.1852669029056876,0.17480266081157794,0.16958508469578368,0.16672125871175886,0.16375014659482653,0.16153174223374045,0.15991839215104597,0.15487721138460253,0.14176593758903103,0.12013477644501933,0.09555577943299993,0.07624578478062449,0.06770369873606412,0.0704983840619798,0.08024920457676817,0.08872667815719265
0.17949539833510886,0.17811710321148994,0.17638778073772893,0.17420009933214664,0.17144239936085268,0.17036434164217132,0.17376540250829564,0.18215775279519267,0.19443937543057926,0.20879485552956367,0.22176055815138737,0.22807731925714594,0.22150122981798476,0.1950594404118066,0.13948199441705167,0.03990571411028725,-0.12300339054223476,-0.3583197725628776,-0.6382453056014493,-0.8843608218942288,-1.0,-0.9390553537995302,-0.7426253969893999,-0.5010987435969795,-0.28912895909345104,-0.1373929094272119,-0.043106598976605924,0.011259064813314993,0.04470292168968432,0.06972407367759657,0.09127984447942368,0.11105715264106235,0.12981799793563745,0.14586272298308267,0.15494642948269483,0.15387086644701392,0.1444266055098688,0.1333375406149575,0.12675412350821558,0.12552718443433414,0.127576490886482,0.13201526428344376,0.13778215578780448,0.1412993947406841,0.1398470652858009,0.1356298410372624,0.13321411088244509,0.13438879789751468,0.13740927572032896,0.1396575626965229
0.14032098275894267,0.14614987062699622,0.15831796799332135,0.1729973796365664,0.1834206356120992,0.18644481582758063,0.18499499891710788,0.18531507906654243,0.19265412779656965,0.20692413640971002,0.22122700805129938,0.22567530773244876,0.2126916068821224,0.17847823566061533,0.11887429696138116,0.021778018042737737,-0.13385108816241142,-0.36110307258443014,-0.6353417261343369,-0.8800591997730951,-1.0,-0.9485563229583454,-0.7623720519976496,-0.5245510459553311,-0.30304354697835195,-0.12606643319751745,0.0029807888781943517,0.08683225006223462,0.13060735631366274,0.14457539110784776,0.14297979110330403,0.13780064290899996,0.13273481328726416,0.12507152961870205,0.11400594722299773,0.1043606619489976,0.10265950795634912,0.11199094639367656,0.12989231630623566,0.14992731864589964,0.16519358300539264,0.1702430433910481,0.1619464587698965,0.14226978154334952,0.11988256428707919,0.10520914056523331,0.1028245307540379,0.10970521844923704,0.11928883455244357,0.12569760269334404
0.12433531412722114,0.13346878073735444,0.14587650241945277,0.15650137195348615,0.165089991106694,0.1735733340796159,0.1830107463890923,0.19417579245657457,0.20689349375296728,0.21648032630959435,0.2148482290888159,0.19744767681993874,0.1653343432379739,0.1186493493253848,0.050555071150913455,-0.053219869562384337,-0.210502980552512,-0.4296190582094396,-0.6852256991836503,-0.9051301323698788,-1.0,-0.9280425767822706,-0.7299779739887736,-0.49143002418420034,-0.27950730673191093,-0.11888970897276245,-0.006909421179872022,0.06832907730328093,0.11949217569490568,0.15556982295043478,0.18120397403654487,0.19913864059301456,0.21144054209562377,0.2191573606768281,0.2221984673197397,0.22007534486009162,0.21291981201136925,0.2017771896207442,0.18802720272569698,0.17192378312437137,0.1522796632433713,0.1291528407646873,0.1063121182279375,0.08953081133726261,0.0824587907103323,0.08465076842602956,0.09185865223868789,0.09716809919912162,0.09592279613282845,0.09162649546967075
0.12367203273080024,0.11935720789692822,0.1153087628423185,0.11639399707136319,0.12345066878565795,0.13279400772232197,0.13902869903425122,0.1375906957699724,0.12659009207714067,0.1078700665980189,0.08648642691653938,0.0696572117668704,0.06272056117732688,0.06037626486898138,0.041808528620922054,-0.022959182021568825,-0.1602268058318614,-0.37738976287924636,-0.6438009289844745,-0.8821821094816358,-1.0,-0.9526203668461273,-0.7748865218591856,-0.5453455742900745,-0.32922435356826973,-0.15605623603134783,-0.030282566065504512,0.054528511977720386,0.10866888380007135,0.14267991156186063,0.1657432867149743,0.18448197011991832,0.20133956715868068,0.2154820953331951,0.2246979710564567,0.22584754599728546,0.21794606877726447,0.2068024268900144,0.20262439734463017,0.21096466881768047,0.2269664871345457,0.2388874616132297,0.23758085580246588,0.22256670587433497,0.2002156507231819,0.17891102343205242,0.16510015990996765,0.15997611433264122,0.15968042324754775,0.1601769963601631
0.24363410519080683,0.23377857494017804,0.2181727767823598,0.2040740020060366,0.19812471388424785,0.2018228192186703,0.21079524299284638,0.21793191881983215,0.2175808997462869,0.2083416240888076,0.19102811253503812,0.16410073717553558,0.12322512117940118,0.06307987144658833,-0.023081242846629452,-0.1435723163246246,-0.30559535623381684,-0.50942589868424,-0.7348336870873953,-0.9249418335505376,-1.0,-0.9143796586142843,-0.700114594026507,-0.441598966412564,-0.21467411971262576,-0.054397781330231744,0.039840703289548474,0.08768872656360459,0.11245369335154723,0.13025442695023565,0.14719093660832108,0.1626925649922282,0.17362101354548504,0.17700357861629262,0.1721185047281714,0.16168495774450448,0.15155494331666788,0.1477132563776399,0.15084763520658762,0.1546085602574189,0.1514428324252736,0.13996607203474817,0.12550288387443187,0.11419450379517947,0.10959008081716237,0.11347748249977713,0.12429508702037825,0.13587209205158637,0.1426494687232749,0.1446609300267554
0.05357783949931273,0.051369525631871006,0.051831873643399036,0.060375503602733124,0.0792462696469625,0.1062353120859847,0.13509031046063918,0.1586388229348034,0.1738166383731958,0.1830910026262557,0.18981340227344645,0.19340974814011272,0.19082922159785265,0.17931463252310406,0.1499360519185803,0.07766926430725263,-0.07202386468323622,-0.31444671810214025,-0.6134315160434719,-0.8766316267204718,-1.0,-0.938390146034552,-0.7359126142452113,-0.484338192830289,-0.2583636166084174,-0.08745338773647761,0.03168966305052414,0.11184490631870325,0.1623041939677229,0.18842025480855762,0.19647778218392611,0.19619159727230703,0.19634305954970988,0.19798917483809028,0.19577976300038563,0.18668975873022037,0.17372824521343735,0.160936832999351,0.14921181632854735,0.1380351229183878,0.12858581489498844,0.12343888227762043,0.12251340894868618,0.12043560173417361,0.11116657827831879,0.09618332563252807,0.08465552018471588,0.08378302624537144,0.0914345165278506,0.09890741783463768
0.14503456424376593,0.13990070967447993,0.13376363138167077,0.12840348346977504,0.12224010559280206,0.11683067699639198,0.1179689944246978,0.1280989560471334,0.14209863380921176,0.1519952205279883,0.15382204528723992,0.14892549701444174,0.13950973612529793,0.12327103764010809,0.08963064680083217,0.01740267866238757,-0.12174109005301752,-0.34491278705458706,-0.6265000540076913,-0.8811586905494933,-1.0,-0.9304108762354754,-0.7182998194599794,-0.46263186203706275,-0.2415709428756553,-0.08418045349531056,0.014509953542022225,0.07163636340048472,0.10351562888643163,0.11968091497926123,0.12296619153012182,0.11533996100625334,0.10376675966735409,0.09977441777893842,0.11201120386609258,0.13884753058506769,0.170092460897539,0.19525340967522198,0.20903483347248464,0.21184478863134928,0.20690850982135123,0.19656194937583302,0.18230628790316375,0.16792105998920928,0.15915323517355784,0.15746045039741868,0.15605374967747798,0.14700557781859047,0.13150637385156164,0.1193583461432611
0.13188365473260258,0.1384199807091971,0.1502189736967795,0.1644788029951038,0.17512342362460348,0.17563315037708108,0.16575298471572616,0.14995246103013118,0.13115240125570254,0.1106442606607142,0.08933258371807778,0.0649863585350562,0.0319484545957327,-0.013388885819570413,-0.07042286298799956,-0.14398351875611692,-0.25566677311013863,-0.4325591935252533,-0.6681358440083129,-0.8922692022233123,-1.0,-0.9323020393008148,-0.725668843810745,-0.4731697404847532,-0.24948829357913907,-0.07947980636661481,0.04377214910721309,0.13251975972861166,0.19305452043054094,0.22719851188025852,0.2376148021879149,0.22999590299060496,0.21120228401057708,0.18768927536586158,0.16631614229358566,0.15337070396702562,0.15025690919679868,0.15293054861981278,0.15675701396775377,0.15983091916728198,0.16305258405296597,0.1689086708028759,0.17832682512731945,0.18804477208710643,0.19312052151466844,0.19233370839636774,0.1894504433195609,0.18938768963698538,0.19359841196186928,0.19827444351270176
0.15856357337240043,0.15189002067377602,0.14193058794765678,0.13183128613312162,0.12366529885722687,0.12126568087499681,0.12885866700707463,0.14606272997274083,0.1674522916470325,0.18602468746287198,0.19616934093011573,0.1948114178148992,0.1802378076404217,0.14877450386899033,0.09044831775532428,-0.011733075354224227,-0.1751627964736386,-0.4038363594578734,-0.6686789899387001,-0.8969855265886536,-1.0,-0.9350243675712288,-0.7400724207555179,-0.4984562395950258,-0.27833450305734625,-0.10881141409911398,0.007808100128855281,0.0799390150836989,0.1194987924219383,0.13745998992893788,0.14095160243402202,0.13531112082790173,0.12671891479872627,0.12046927619610982,0.11815624212035226,0.11793696243311555,0.11754139013548547,0.11746578174354763,0.1205174714620784,0.12797539076027176,0.1377460511766534,0.14635495621989122,0.15227607644815835,0.15762221607288654,0.16636638722022787,0.18126200033252407,0.20219016091565925,0.22484226812178534,0.24220031483080876,0.25049899911903717
0.11917481566303866,0.12536513761624085,0.13710124092275702,0.15270743849525828,0.16990577219264924,0.18634211543844073,0.19935641644516958,0.20607202549188489,0.2044578672656292,0.1951261004629071,0.18266703484185903,0.17330689473943817,0.16792067921175738,0.15556598853541734,0.11404284244007937,0.018036636319543792,-0.15006270080943637,-0.388368969269072,-0.6609132874094455,-0.8927816525557573,-1.0,-0.9457350015108485,-0.7670395235401518,-0.5409593148569178,-0.3305147919391576,-0.16218968487499485,-0.03698500449451646,0.05197626877125312,0.11070595545283161,0.14317145804551576,0.1535924164795325,0.14924519852014195,0.13955242484714292,0.13147750296104532,0.12700787866272542,0.12538446753006982,0.12641324516631203,0.13127010606801,0.14135693727049442,0.15631238987461255,0.17214693374030016,0.18237779267405413,0.18287826033657545,0.1753656406997109,0.1654726307105548,0.15836751509530947,0.1562511826366963,0.15851931366225527,0.16298528014556454,0.1665701258275189
0.12241424126631106,0.12141674984655539,0.12176483429553374,0.12693633755362424,0.1378951391111186,0.15144260392630232,0.16284519469995243,0.16953973418228582,0.17209749617585912,0.1717057903741559,0.16878409830049027,0.1646840685893376,0.16052653912347814,0.15103993261019868,0.11988173870722484,0.04110986574936126,-0.11182910162802265,-0.34718482046881594,-0.6308666910595756,-0.8801059543858688,-1.0,-0.9467414258987842,-0.7566692841946696,-0.511369906482449,-0.28168459506297416,-0.10120512300537915,0.027301012882686933,0.11446113322823273,0.17157453395013963,0.20675680770786176,0.22571621909481848,0.23198628001093052,0.22713368416966143,0.21328765326707025,0.19582521766082214,0.18113279055260056,0.17139112153784478,0.1644771099805347,0.1586699511590636,0.15382198287214766,0.14791989476233677,0.13656827614680692,0.11810203536403277,0.09663734481483464,0.07788551475134847,0.06435068957234617,0.056085439844897535,0.05294640021640743,0.0538250431187202,0.0557164010086036
0.10363612887907167,0.1052988957588534,0.10934253900418915,0.11421002314476458,0.11710537066650557,0.11806429032419659,0.11962912694305669,0.12329018320033014,0.1289999570972775,0.13689964532935672,0.1475818038844042,0.1609557312397476,0.17482840427467294,0.18280735853668248,0.17086954314990171,0.11394486006444,-0.02126914583433105,-0.25620216284895014,-0.563541045302646,-0.8498164525419062,-1.0,-0.9590734490848345,-0.7675434110169624,-0.5182085027569132,-0.28973650157389225,-0.11603861536782221,0.004466620034188458,0.08610978830048405,0.14133393162019964,0.17814840783312583,0.20194265749117996,0.2162049734004544,0.22256495604350007,0.2213278407043208,0.2124323569138341,0.19685093979745236,0.17779708491339383,0.15976308108138781,0.14563015800215695,0.13488986995144636,0.12473238942757742,0.11275514587457976,0.09882779737092429,0.08503044210229145,0.07477408954195358,0.07111458132747954,0.07450587891477516,0.08262162920483165,0.09190087002421363,0.09823993495505588
0.14736025947456433,0.1531314235589492,0.16721156477901558,0.1899757218010409,0.21452246205196834,0.23145817457358486,0.2392074418453279,0.2437200360045776,0.24836374412670573,0.2489188607063909,0.23929465725524607,0.21948702732802644,0.19480760844075692,0.16596530749224428,0.11980151573516282,0.030067496374680203,-0.1294921929376539,-0.36492601775207406,-0.6424374513873863,-0.8840099852408368,-1.0,-0.9489063674799383,-0.7670972495439742,-0.5356656809379309,-0.32453303986542376,-0.16518744694374932,-0.05689333260539519,0.015212805400939826,0.06531465384516802,0.10077138698335447,0.12446317703497589,0.13915401738505664,0.14688670977006765,0.1464466245073108,0.13661241034241275,0.12200922915461972,0.11175337899784159,0.11120819421604526,0.11755871874574507,0.12436161222101436,0.1284342143041027,0.13139907944213453,0.13573192633553646,0.14066764746652172,0.142564923751872,0.13908720760935725,0.13174034910502894,0.1237418637188943,0.11724232786624329,0.11349300494187732
0.0575891902264717,0.06647694210942752,0.08239642930204716,0.10143362746919317,0.11997153667416319,0.136810310149924,0.15221213099444045,0.16588991799047556,0.17721541399978227,0.1873682813383265,0.19925254055342695,0.2127672551639626,0.2200800659115907,0.2067106787110594,0.15591687092205336,0.0508126500261525,-0.12310910079329992,-0.36622145661196037,-0.6450544514617415,-0.8851639390341133,-1.0,-0.9469172872488726,-0.7588700030015213,-0.5166344822663149,-0.2936175910124018,-0.12524798495796016,-0.012900899618453934,0.0594012365262113,0.11034740776506445,0.15052200400900867,0.17983284812144038,0.19548262910029326,0.20008548747678004,0.20026445402675083,0.20002768710722413,0.19825106697644262,0.19138997757148973,0.17719025751951425,0.15762928711788007,0.13911524255709504,0.1274440661585272,0.12211864174085224,0.11805842225321421,0.1126841312565384,0.10854747601742745,0.1092614600823077,0.11568963058530726,0.12603119444451324,0.1370425680141326,0.14441617803612772
0.11060194427784616,0.11209052190285769,0.11492172652248155,0.119486749440593,0.1253708044689683,0.13136699221813225,0.13811738385233163,0.14754872355189957,0.159078111603192,0.16894171128806793,0.17374084686636854,0.1734086193516371,0.16975638120180386,0.1609086698273305,0.13446042093315372,0.06438640641905204,-0.08072524147608695,-0.31493181461133607,-0.606491133775221,-0.8690465645780925,-1.0,-0.9506654740038378,-0.7608332606463815,-0.5197080863115593,-0.3009394371705935,-0.1339534944500874,-0.015123414228143974,0.07049280422608678,0.13468285018684958,0.1821851829263892,0.21401480745042087,0.23088696446823254,0.2339077053886726,0.22550278315952865,0.21020207638848734,0.1927380532447194,0.1758944618051255,0.1608271021155681,0.14886126421995635,0.14245000589075635,0.14303274193166543,0.14696790147877728,0.1462078410775372,0.13538148391812868,0.11636428710619193,0.09509572636978406,0.07642181505814301,0.06250697875969452,0.053791570718269906,0.04981549963663946
-0.023871714946439644,-0.02551427709551212,-0.0276947469272575,-0.028972896752824568,-0.029669019288667473,-0.03270161334843251,-0.040733265868535276,-0.05268130675664316,-0.06352997566028927,-0.06787878833481666,-0.06489592201319225,-0.060543600191283325,-0.06473662240458548,-0.08671990962485764,-0.13448590303481556,-0.21823084914086224,-0.3505866213795695,-0.5360933149870885,-0.7510544599187009,-0.932276141255992,-1.0,-0.9092998638575813,-0.6833280438845589,-0.39548253789875526,-0.1226722840327677,0.08810062634856741,0.22508354542449802,0.3002830163255587,0.33480315632665997,0.3476277135412365,0.3501830878287302,0.3470139322365007,0.34001138650012364,0.331307691959921,0.3227509642840669,0.3143895766800559,0.30467155479596886,0.29282216022490615,0.2811584509585929,0.27359835711713326,0.2707574118667497,0.26827180889345953,0.2615366423040407,0.2501175711930954,0.23615742224951755,0.2210313180565037,0.20526421248936608,0.18992801516647048,0.1771286184057162,0.1696554374265899
-0.06608614776118776,-0.0667812368779627,-0.06736319177305189,-0.06686636438563047,-0.06527878121797506,-0.06383505786506778,-0.06374660374728329,-0.0649718407613552,-0.06664410844350308,-0.06828163962390063,-0.07009718500526645,-0.07278002727975821,-0.07810643211763073,-0.08992435604223593,-0.11575104043708209,-0.17073651022720265,-0.27851608032296915,-0.45526331951735205,-0.6798427381950815,-0.8858723219351713,-1.0,-0.9906150479183284,-0.8746438800689516,-0.6863574731385378,-0.4540694484645788,-0.20402568308631241,0.031475891750298336,0.22155390744165546,0.35052580568838926,0.42170630183509655,0.45001653461545194,0.45252212068515413,0.4428117144531845,0.4289140645907286,0.41391933465865366,0.398733866419857,0.38421447893705335,0.37099568784520476,0.35869242736711304,0.34641754925320384,0.3340818929697903,0.3222888095363184,0.31069079408560596,0.29759633218793546,0.28175103712321536,0.26361746302355066,0.24460602919665086,0.22627973138788646,0.21099210447019237,0.20205263669118642
0.02192774937722742,0.02160618743660983,0.022464702754269473,0.024787487395362143,0.026867354526816777,0.026684260244959287,0.023291540607614195,0.01822973954237959,0.01721884726954502,0.029926403133803434,0.06920874830397453,0.15007216233552947,0.277825887644562,0.4234405605112936,0.5149381137218798,0.47103534873784925,0.25382664992213405,-0.10424320453761984,-0.5099829238142768,-0.8421036114495677,-1.0,-0.9527089071634067,-0.7515266494376931,-0.4913215055883998,-0.2546912927086969,-0.08217354733771219,0.023516483951589173,0.07887866720277913,0.10359365653711057,0.11195830744906829,0.11204963875462694,0.1096602421785566,0.11016040606784137,0.11575031395729668,0.12372348554650557,0.12964128789872356,0.13156891636032708,0.13080698017375827,0.12972874068370346,0.12956280774496495,0.1293595368562199,0.1265495470794008,0.11934653593944058,0.10890150807881326,0.09882257923155562,0.09265677889032227,0.09148959966525794,0.09359122545812054,0.09626508002838718,0.09781757283719336
-0.07488379508929642,-0.07701717586644113,-0.08182709710166944,-0.08750894448827523,-0.0910955028842141,-0.09162861627316145,-0.09054780606718082,-0.0907128012657938,-0.09468348619869948,-0.10215246869369013,-0.11026780446445866,-0.11778229780576732,-0.12719479819823618,-0.14227178601836105,-0.16764378586963716,-0.21562190835991743,-0.31125359582865814,-0.47801500179159956,-0.7023998979354547,-0.9107399464319778,-1.0,-0.9097911949483898,-0.6651230439657978,-0.34925226448217844,-0.044831848797463165,0.2009209589957121,0.37606645829774654,0.48880948465443175,0.5532966715044632,0.581847079044032,0.5838990655210996,0.5675501316208089,0.5398279402010173,0.5053448791230996,0.465336571451172,0.4197123541997319,0.37063708540090595,0.32249133512283373,0.27824040996417587,0.2380321570596802,0.201419775226244,0.1686227630811211,0.139132777006219,0.11054519000975623,0.0798779450929504,0.046353171080738026,0.012354642795044984,-0.018350440447821897,-0.04217876883376642,-0.05554276834507694
0.4998039144035281,0.4646008548289494,0.4038840503551859,0.3327106470330838,0.26509677622825706,0.20747564068649357,0.15832745382442057,0.11565719662075503,0.08209666952922216,0.061350579844259574,0.05206058646617924,0.04674088434156707,0.03782188877437253,0.023084392215954704,-0.0006088945044393521,-0.04967362465906475,-0.15579736652705423,-0.348941249081048,-0.6192757470834925,-0.8809342928243781,-1.0,-0.9014532872124265,-0.6423033153288744,-0.3551896557556691,-0.14051403803075294,-0.02440585491464508,0.016300695974978144,0.017516646856634423,0.007665442898756465,0.0020102206584130516,0.0035973457125386236,0.007455357942947641,0.0073493190769588585,0.0039189037112421716,0.006619799153266617,0.022795135961944032,0.0470574506755713,0.06848004928202067,0.08547025197789046,0.10500868379933183,0.12870367100501223,0.1499119836558902,0.16577170565428495,0.18157369134112505,0.20046299226314512,0.2174868433797831,0.22713201477288347,0.23056018171724935,0.2321394656559563,0.23339793764179015
-0.08892247174039535,-0.0900477544869994,-0.0914493020900369,-0.09210326184666093,-0.0918876836404345,-0.09173061164791808,-0.09259953268716958,-0.09443069220923954,-0.09608250897045942,-0.09678034097980985,-0.09756042279762533,-0.10086701344390436,-0.1094239785370533,-0.12738469016937046,-0.16424189459561833,-0.2368007174637794,-0.36212013048191694,-0.5407569341666073,-0.7427288147632707,-0.9132892377921448,-1.0,-0.979142254366172,-0.8589426331176073,-0.6648226084379347,-0.4283240951482923,-0.18407746552169849,0.03573432846354904,0.2104283682414044,0.33526049107135836,0.4176153095705995,0.4690410472624558,0.49950607560337845,0.5159717365549911,0.5229363966429019,0.5231166903036534,0.5179023085611761,0.5073802078405502,0.4907664938357344,0.46776113916873757,0.4393399480525424,0.40705288645205717,0.3719689610016843,0.3347023853517124,0.2963014488263816,0.25856257056177695,0.22302185136714897,0.18972385683288764,0.15817639159526284,0.13063272185001806,0.11361343609015699
-0.049429955391896235,-0.04907422202741437,-0.04856585227656995,-0.04716872138624775,-0.044414073082207135,-0.042904351993107825,-0.046668151258965555,-0.05622588848517104,-0.06765284137706246,-0.07608389165941762,-0.07922787684360648,-0.07863028688005225,-0.07785630397213054,-0.08028987984550245,-0.09253038100080521,-0.13239866168166345,-0.22948693110823185,-0.40535329832148076,-0.6405669247547066,-0.865001646938566,-0.9970125618262764,-1.0,-0.8999074340692627,-0.7540695038886877,-0.6116395529698717,-0.4958148184464444,-0.40343483578122274,-0.31148241649734326,-0.19150521697065734,-0.030371310075960316,0.15708971543929187,0.3360318749639454,0.47373489583313055,0.5567617963076262,0.5915401031350935,0.5936328483471782,0.5776561468235235,0.5536687068854056,0.527710310896875,0.5022852979215718,0.4771042805433639,0.45186276241337026,0.4284553532727213,0.4096978044215443,0.396606874512444,0.38762398154144956,0.38011930437812863,0.3728195396678404,0.3667938742397646,0.3635723192662626
