-0.03263383586851977,-0.025880843448754083,-0.00266743200580807,-0.015329292792869098,-0.012796920635457143,-0.02334847129134233,-0.04698394476052357,-0.07061941822970441,-0.04698394476052239,-0.040230952340756604,-0.047828068812993625,-0.04909425489169931,-0.01532929279286939,0.05895362382455703,0.1332365404419842,0.13956747083551427,0.03700639846031836,-0.17740111086725427,-0.48508432799284423,-0.8256883831647905,-1.0,-0.8712710819982108,-0.6024175712862783,-0.35719953404352545,-0.18753059949690373,-0.0613340536525256,0.034896088329140255,0.0977833302382124,0.14632046325528086,0.19612378235105507,0.23073286850235586,0.24381679131565306,0.25943308628636186,0.26491989262742177,0.2526800938665951,0.2421285432107114,0.23579761281718026,0.21722688366282342,0.22482400013506068,0.23368730268600352,0.24634916347306474,0.24044029510577017,0.22271369000388438,0.2087856431381168,0.18388398359022967,0.16024851012104882,0.14463221515033925,0.12817179612715934,0.10917900494656736,0.10411426063174267
-0.0397024860752618,-0.04423085631481237,-0.043947833174840745,-0.05724992075352077,-0.04762713399447591,-0.043098763754925266,-0.04875922655436374,-0.052155504234026616,-0.046778064574559845,-0.04224969433500895,-0.033759000135851445,-0.02668342163655321,-0.027815514196441033,-0.026683421636553406,-0.010551102658153627,0.0002037766607793183,-0.0569668976135496,-0.22904496671647928,-0.5185776389077573,-0.8406579721958068,-1.0,-0.8579223837340938,-0.5499932074446406,-0.2364035683557498,-0.013664357197845074,0.10039396821084096,0.14171534664674204,0.16718742924421537,0.19775392836118308,0.21671647873930233,0.22718833491826365,0.22860345061812287,0.23737716795725242,0.23879228365711225,0.23992437621699952,0.24699995471629796,0.2634152968346692,0.2645473893945568,0.2512453018158768,0.2283204274781507,0.21586740931938642,0.20115020604084646,0.18699904904225007,0.18275370194267124,0.17341393832359775,0.1623760358646929,0.1496399945659558,0.13775302268713532,0.12473395824842666,0.10945070868994293
-0.0042873575237899995,0.0067970302206420054,0.0066924605249398346,0.001359406044128131,0.005751333263619862,0.0021959636097457075,0.0018822545226391623,-0.00031370908710683706,-0.002300533305448492,-0.013175781658475933,-0.015894593746732945,-0.018404266443585195,-0.015580884659626083,-0.017149430095158777,-0.027501829969675595,-0.042664435846492134,-0.06901599916344336,-0.1769319251280993,-0.4420161037331406,-0.8055003659939372,-1.0,-0.8499424866673662,-0.5527554114817549,-0.26769842099759666,-0.057304193244797984,0.0821917808219178,0.1570636829446831,0.1943950643103637,0.21991007006169724,0.2391508940708991,0.2534769423820985,0.2509672696852465,0.24887587577120263,0.23204015476315057,0.21583185192931179,0.20213322179232526,0.20338805814075178,0.19408135522325723,0.19355850674474617,0.1837289553487412,0.18048729478197326,0.1683572100805196,0.15737739203178994,0.15298546481229827,0.134999477151522,0.11858203492627914,0.10362856844086644,0.09934121091707669,0.08511973230157928,0.082087211126216
-0.007283137534116817,-0.017666429334283775,0.014225109766227496,-0.007653969384123052,0.012741782366203595,0.029800047466477072,0.0353625252165654,0.025720897116411682,0.01570843716625079,0.004583481666073176,0.006437640916103399,0.017191764566274432,0.025720897116411682,0.026091728966417486,0.030912543016494126,0.05687077251691014,0.10470808116767558,0.11434970926782972,-0.16154918713658606,-0.699997033345201,-1.0,-0.8390589770974252,-0.4938145247419024,-0.1507950634864153,0.06725406431707563,0.1803577785688868,0.23153257386970588,0.25044499822000804,0.24006170641984123,0.22856591906965862,0.20038269846920656,0.16626616826866142,0.15106206241841766,0.12992464696807912,0.11879969146790159,0.09506645306752119,0.09617894861753928,0.08876231161742074,0.07800818796724848,0.06428740951702913,0.05798326806692747,0.05946659546695127,0.06354574581701701,0.04685831256674951,0.04685831256675011,0.040183339266642734,0.0272042245164349,0.036104188916577004,0.04203749851667261,0.0501957992168032
-0.03343228724908142,-0.0436810856658192,-0.024597116200169904,-0.04262086513994986,-0.04792196776929637,-0.041560644614080114,-0.02389030251625723,-0.005866553576477109,-0.01752897936104006,-0.03131184619734259,-0.028131184619734496,-0.03555272830081993,-0.04615493355951371,-0.05463669776646955,-0.0556969182923384,-0.07018659881255417,-0.14334181509754101,-0.3158043539722941,-0.5812128922815956,-0.8522759400622001,-1.0,-0.9098812553011032,-0.7483743285270009,-0.6271557817359356,-0.5317359344076914,-0.38507209499576067,-0.1468758835171057,0.11888606163415297,0.33693808312128926,0.47264631043257055,0.5200028272547359,0.5005654509471306,0.47052586938083163,0.4256432004523614,0.38959570257280235,0.36945151258128434,0.33835171048911605,0.3160870794458589,0.2917020073508635,0.27120441051738853,0.25318066157760893,0.24151823579304577,0.22243426632739705,0.21077184054283343,0.20441051738761737,0.20935821317500802,0.19734238054848827,0.18002544529262193,0.15846762793327746,0.14539157478088843
0.033760207201698034,-0.004010935645167542,0.016673261628115273,-0.003111622720241979,0.01622360516565307,0.010827727616100633,3.597251699670698e-05,-0.00580956149501783,0.004082880679160219,-0.003111622720242294,-0.007608187344868852,-0.013004064894420972,0.006780819453936909,0.0319615813518467,0.09626245548401068,0.21452210511169545,0.3867405302349013,0.46048419007878116,0.1034569588834133,-0.6240871973812018,-1.0,-0.7837152415554517,-0.398359653224938,-0.0737076873268829,0.09806108133386086,0.1565164214540102,0.1488722615921442,0.127738407856399,0.11200043167020442,0.10120867657110058,0.0967121119464733,0.07692722759811584,0.051746465700205836,0.04050505413863782,0.037357458901398924,0.054894060937443895,0.05579337386236914,0.03870642828878732,0.03690780243893683,0.030612611964458934,0.03555883305154874,0.03510917658908633,0.037357458901398924,0.05354509155005644,0.061638907874383676,0.03555883305154948,0.0067808194539368035,-0.008057843807331789,-0.005809561495018039,0.018471887477966607
3.0613182035409444e-05,-0.009663561129422286,0.010235007194096719,0.0015612722838450586,0.029113136116411708,0.034215333122442834,0.0393175301284729,0.03217445432002958,0.03370511342183923,0.024521158810983476,0.009214567792891754,0.007683908691081394,0.010745226894700926,0.029623355817014727,0.08217598497913293,0.19748563731542865,0.36585813851444476,0.38065450983193466,-0.06221619029153955,-0.7030521342490084,-1.0,-0.7831566272436918,-0.38620570017449707,-0.08211475861506057,0.09033950018878122,0.1541169627641669,0.14442278845270898,0.13064685653642533,0.11942202312315729,0.1132993867159206,0.09238037899119364,0.09033950018878217,0.096972356296622,0.0780942273743076,0.05921609845199369,0.052583242344153146,0.05309346204475605,0.06125697725440576,0.05666499994897847,0.06533873485923122,0.06176719695500948,0.04901170443993215,0.026051817912792888,0.017378083002540276,0.03217445432002994,0.03115401491882414,0.02656203761339626,0.021459840607365846,0.008194128391685008,0.0061532495892729355
0.11391078734657263,0.06900508931244348,0.058402355054386526,0.09769484083424813,0.10455543358946223,0.10954495559325425,0.09769484083424801,0.09332900908093035,0.10330805308851423,0.09894222133519658,0.06276818680770302,0.04655224029537955,0.021604630276418894,0.00414130326314757,-0.007708811495859407,-0.012698333499650117,-0.0788095000498956,-0.24096896517313812,-0.48296078235705225,-0.794805907594053,-1.0,-0.8297325616205976,-0.5509430196587187,-0.32516714898712873,-0.18109470112763368,-0.06758307554136343,0.019109869274523468,0.0496706915477505,0.06838139906197027,0.10330805308851453,0.13324518511126662,0.1613112463825966,0.15320327312643509,0.17066660013970772,0.18251671489871443,0.19000099790440114,0.19686159065961495,0.2062169444167259,0.22929348368426378,0.23054086418521205,0.1987326614110376,0.16006386588164961,0.12451352160462972,0.12950304360842274,0.1326214948607921,0.14883744137311702,0.14571899012074724,0.14883744137311658,0.11141602634467619,0.0964474603332997
0.07651410756345232,0.07749142404784957,0.07358215811026046,0.08286666471203344,0.0833553229542316,0.09654909549359325,0.11805005815033084,0.12831188123650053,0.1234252988145154,0.11902737463472901,0.13026651420529536,0.1038789691265724,0.07846874053224592,0.05159253721132537,0.038398764671963716,0.019829751468417412,-0.04565045298619129,-0.18003146959079885,-0.4355997302606521,-0.7898769558546151,-1.0,-0.8436293624964576,-0.5450591765131316,-0.3002413971716482,-0.12872235415994926,-0.015842300212078296,0.055990461391113,0.08140068998543824,0.10974286803295479,0.12049334936132387,0.11072018451735251,0.10632226033756496,0.1141407922127423,0.1126748174861471,0.12147066584572101,0.13515309662728095,0.13319846365848656,0.13515309662728128,0.17131380654997538,0.18206428787834514,0.17131380654997627,0.1630066164326009,0.12489127354111094,0.11902737463472846,0.10778823506416188,0.10045836143118317,0.10827689330635994,0.09899238670458672,0.09361714604040264,0.10583360209536782
0.10921999044077355,0.0631724974061853,0.11446590736876477,0.07599584989683059,0.09289935999813466,0.1010596752194547,0.11796318532075893,0.12379198190741468,0.1430270106433828,0.1622620393793501,0.18266282743264944,0.19315466128863054,0.15468460381669674,0.12029470395542188,0.0859048040941469,0.009547568808943556,-0.08779333418822444,-0.24808524032128473,-0.5004721325235211,-0.8128956295683197,-1.0,-0.8490341684055914,-0.5739149695153958,-0.35125493990510853,-0.1874657558200546,-0.08429605623623028,-0.012018978561687106,0.04452034832888346,0.09056784136347265,0.1185460649794248,0.11679742600342773,0.129037898835407,0.15468460381669674,0.15993052074468758,0.15526748347536273,0.15410172415803072,0.12262622259008456,0.09464799897413173,0.09639663795012812,0.08415616511814929,0.07541297023816416,0.08648768375281317,0.11679742600342731,0.1337009361047325,0.14186125132605118,0.132535176787401,0.14127837166738683,0.1599305207446873,0.17100523425933561,0.17683403084599192
0.11448315459224505,0.09090163430188472,0.08628785859290115,0.10166711095617895,0.1462669428096868,0.1503680767732284,0.161646195172966,0.1677978961182776,0.19240469989952266,0.19035413291775283,0.16574732913650694,0.15036807677322853,0.1421658088461466,0.08577521684745859,0.01759386470358936,-0.0505874874402788,-0.1413250763836206,-0.26077060307175115,-0.49863637295712443,-0.7918674513502989,-1.0,-0.8446695511308884,-0.5622039493920088,-0.3453564910697821,-0.19515245965509598,-0.09108618533024504,-0.0018865216232295697,0.06373162179342524,0.1037176779379506,0.11755900506490072,0.1257612729919824,0.12371070601021196,0.129349765210081,0.12986240695552415,0.1380646748826057,0.13140033219185168,0.13703939139172047,0.13447618266450712,0.1508807185186706,0.1493427932823426,0.14062788360981873,0.1262739147374258,0.1370393913917199,0.13498882440994955,0.11191994586503157,0.0934648430290981,0.0914142760473274,0.11294522935591679,0.12012221379211396,0.11602107982857307
0.126868721026899,0.09868819658733896,0.11207394569612991,0.12334615547195386,0.15187893646700842,0.1522311930225019,0.15998083724338133,0.15328796268898567,0.1402544701356895,0.12299389891645868,0.12228938580546991,0.13426610869228256,0.13567513491426125,0.12123261613898656,0.0817798819236033,0.031054937932394597,-0.07532654182694418,-0.23419424835496394,-0.49098927731045255,-0.8101337165884663,-1.0,-0.8453593721379158,-0.554395457299462,-0.3081681250088086,-0.16092488481210748,-0.07356525904947174,-0.0024094348395824246,0.056769666483493776,0.09269983514393215,0.1240506685829422,0.15082216680052507,0.1624466331318435,0.17477561257415006,0.1768891519071177,0.18182074368404066,0.15610601513294223,0.13391385213678858,0.11172168914063486,0.08671147370052543,0.07191669836975707,0.08600696058953693,0.08776824336700904,0.09058629581096468,0.08671147370052551,0.07121218525876825,0.0803708557016249,0.09657465725437224,0.11418748502909688,0.11348297191810772,0.08001859914613037
0.1047055113098775,0.10399518111999242,0.0966077471451832,0.08439006787915314,0.08481626599308391,0.08453213391713009,0.10001733205663353,0.10740476603144192,0.13425524720911286,0.13752276608258598,0.15116110572838745,0.1528658981841122,0.14704119062705143,0.14633086043716612,0.14689912458907425,0.11564459623411356,0.014777709270377318,-0.17331772501129575,-0.4672523575859021,-0.7996868864522988,-1.0,-0.8577918959849296,-0.5834623766511634,-0.3241918573429687,-0.15001889478305205,-0.03778672478114769,0.03495108666312414,0.07629230371445835,0.09703394525911455,0.11081435094289235,0.13496557739899856,0.15627548309556233,0.1548548227157916,0.13851722834842597,0.1388013604243798,0.13610210570281542,0.13567590758888393,0.12942500191789155,0.1277202094621666,0.12587335096846472,0.11720732265186172,0.10214832262628984,0.08865204901846553,0.07515577541064197,0.06506908671426809,0.056687190473619725,0.060380907461023973,0.07345098295491677,0.07458751125873374,0.06989933200548956
0.06652288890600491,0.052915350843410675,0.046239954812704105,0.048550668823332754,0.06138796888238478,0.08757606100284981,0.11350740712213438,0.1301958971989016,0.14919510128629784,0.1530462913040132,0.16305938535007353,0.16896454337723743,0.17050501938432397,0.1499653392898409,0.12403399317055681,0.06446892089655726,-0.039256463580580485,-0.22000564841202752,-0.4985750596934468,-0.8123186731366671,-1.0,-0.8762484274307438,-0.6030706821741267,-0.35402706102852605,-0.1743048602018034,-0.04798582762073511,0.026984004724126695,0.07910344296387589,0.12916891319417717,0.1717887493902288,0.20311176153431487,0.21723279159927145,0.206192713548487,0.1905312074764444,0.16793755937251348,0.15201930729928934,0.1563839893193664,0.149195101286298,0.12685819918354793,0.11273716911859126,0.10888597910087597,0.10323756707489302,0.09784590105009117,0.08629233099694499,0.07088757092608314,0.05702328686230704,0.06652288890600522,0.06780661891191034,0.06369868289301361,0.06421217489537596
0.05994696540833685,0.08055497621388634,0.08998996911281275,0.11258429421287362,0.1324474371579821,0.14188243005690854,0.14585505864592987,0.13964782647558346,0.13244743715798166,0.12052955139091676,0.11481889779419786,0.10811508705022436,0.10935653348429383,0.1222675763986137,0.12226757639861387,0.09495575484908962,0.01674462950272539,-0.15606471411971587,-0.45252212257545643,-0.8016168598357319,-1.0,-0.8649306279732647,-0.6009991160901395,-0.3633862686092829,-0.1749346999175689,-0.03887217074357744,0.032386854571998885,0.06888537973363545,0.0989283834381113,0.12375731211949675,0.13219914787116788,0.1465999265063711,0.16869767303280445,0.16000754799431943,0.13915124790195577,0.140889272909653,0.12599191570082213,0.11332916207331452,0.0991766727249254,0.09743864771722871,0.11034969063154883,0.11357745136012902,0.09818351557767006,0.08626562981060444,0.08527247266334909,0.08998996911281235,0.10091469773262224,0.0984318048644836,0.09197628340732363,0.08651391909741889
0.1311729434750392,0.13184666172606682,0.12847807047093,0.12443576096476501,0.14532102674661454,0.14127871724045096,0.1554268005120262,0.16553257427743706,0.14329987199353286,0.1278043522199017,0.1291517887219567,0.12847807047092952,0.08401266590311904,0.0732331738866805,0.05032675335174817,0.013945967796267476,-0.07026881358216071,-0.2393720945900444,-0.4879741292191624,-0.8140537627164321,-1.0,-0.8376339015023913,-0.556693390823959,-0.2872060904129913,-0.08172202384962703,0.03617867008017201,0.07053830088257053,0.08199151115003765,0.11904601495654567,0.14060499898942241,0.1439735902445602,0.12780435221990155,0.11163511419524369,0.10691908643805154,0.09883446742572347,0.10894024119113387,0.07188573738462553,0.038873543084281835,0.03483123357811749,0.048305598598666774,0.07525432863976315,0.09546587617058505,0.0806440746479825,0.10220305868086033,0.13656268948325836,0.14936333625277967,0.14127871724045055,0.13386781647914872,0.11837229670551802,0.12780435221990233
0.10717964051961902,0.11797734143991592,0.09928901292401791,0.10551845576265007,0.11174789860128251,0.12129971095385285,0.13749626233429718,0.14289511279444558,0.1350044851988441,0.1304362271171805,0.139157447091266,0.14787866706535088,0.14455629755141414,0.11922323000764148,0.09970430911325964,0.05775939399980016,-0.01865510482075865,-0.18975713478853284,-0.4704973587162379,-0.7981660520283073,-1.0,-0.8475862985481253,-0.5651848898634523,-0.3168377686966367,-0.14407455397189384,-0.03983521047210945,0.025366291238911612,0.06523472540615972,0.09015249676068998,0.11050201003355624,0.11507026811522003,0.13043622711718098,0.13085152330642302,0.12171500714309468,0.11548556430446205,0.12379148808930614,0.13126681949566443,0.1325127080633906,0.11673145287218889,0.08392305392205723,0.055682913053589765,0.04654639689026163,0.05817469018904325,0.0876607196252366,0.09762782816704925,0.11008671384431375,0.12129971095385295,0.13957274328050814,0.14081863184823412,0.12296089571082132
0.07063061057352088,0.0863342530234483,0.08434645018168477,0.09011107842279803,0.0986586306423784,0.09488180524302871,0.09845985035820218,0.1054171603043728,0.11456105337648192,0.11953056048088964,0.10979032655625125,0.10521838002019625,0.09945375177908376,0.0750037768253997,0.03822942425278488,-0.014844911622286081,-0.10290457751238506,-0.25179101036042956,-0.5024529487067371,-0.8087733666224052,-1.0,-0.8598598996557134,-0.5803748201038444,-0.35197627358528255,-0.18659107715060516,-0.08342410966310784,-0.017230275032400905,0.04856599902995209,0.09925497149490703,0.12688543099541236,0.14517321713963147,0.1632622229996745,0.17956220630213057,0.1817487894280695,0.18492927397489028,0.18492927397489062,0.17956220630213063,0.16703904839902414,0.1572988144743856,0.16306344271549794,0.16485246527308461,0.170219532945845,0.1614732004420878,0.14298663401369252,0.12986713525805682,0.12390372673276816,0.11972934076506588,0.12370494644859234,0.12290982531188703,0.12867445355299892
0.12365788392569611,0.14142322596404827,0.14364389371884279,0.13587155657706323,0.1436438937188416,0.14142322596404827,0.12976472025138058,0.11366487902912441,0.1092235435195363,0.09812020474556728,0.10367187413255113,0.0942340361746777,0.08757203291029637,0.0859065320942004,0.037607008427434696,-0.02956819115508073,-0.11228806502115252,-0.2671796409180257,-0.5236667665967174,-0.82290174655519,-1.0,-0.8395567547161439,-0.5891764653631368,-0.37710269478032193,-0.21776978337386257,-0.09063655441191246,0.00318665822812874,0.06258952066886528,0.11644071372261615,0.1414232259640476,0.12698888555788743,0.11588554678391838,0.13365088882226914,0.146974895351032,0.17528840922465452,0.1786194108568448,0.16807123902157445,0.1408680590253492,0.1353163896383647,0.14808522922842907,0.1519713977993189,0.14641972841233386,0.13365088882226886,0.1425335598414453,0.13753705739315883,0.14364389371884187,0.12698888555788743,0.13087505412877648,0.13143022106747565,0.14197839290274603
0.13119950002232084,0.1249497790277224,0.1428061247265754,0.14191330744163247,0.13968126422927563,0.1195928753180662,0.12896745680996557,0.12093210124548052,0.11423597160840988,0.08923708763001585,0.08834427034507435,0.09191553948484489,0.08834427034507425,0.06468461229409368,0.0486139011651267,0.0012945850631664044,-0.10628989777242179,-0.26476496584974035,-0.5160930315610928,-0.8111691442346332,-1.0,-0.8450962010624532,-0.5915360921387454,-0.37190304004285735,-0.20092852997634145,-0.09200482121334028,-0.02638275077005575,0.04772108388018282,0.10218293826168459,0.14771661979375983,0.16959064327485462,0.18253649390652346,0.18075085933663768,0.14102049015669066,0.14191330744163277,0.14325253336904595,0.17048346055979674,0.18387571983393644,0.1843221284764078,0.18209008526405115,0.16200169635284217,0.16244810499531293,0.149502254363645,0.14280612472657458,0.11021829382616809,0.09504039998214435,0.08164814070800445,0.10352216418909985,0.10173652961921331,0.10307575554662733
0.1414483821263486,0.1488443759630211,0.12110939907550086,0.11124807395993863,0.11371340523883038,0.1272727272727272,0.15993836671802833,0.17657935285053963,0.17781201848998604,0.17534668721109503,0.18089368258859864,0.13651771956856698,0.09830508474576238,0.05023112480739511,0.03482280431432926,-0.009553158705701684,-0.12172573189522494,-0.2788906009245011,-0.508166409861327,-0.8015408320493077,-1.0,-0.8761171032357481,-0.6351309707241921,-0.4107858243451486,-0.26718027734977073,-0.16671802773497832,-0.08474576271186475,-0.003389830508474914,0.04591679506933722,0.06995377503852071,0.11679506933744255,0.14083204930662602,0.15624036979969258,0.17842835130970833,0.2000000000000011,0.20431432973805955,0.19260400616332918,0.17842835130970774,0.17103235747303597,0.1550077041602467,0.12788906009245005,0.11494607087827481,0.13220338983050883,0.14761171032357495,0.14576271186440665,0.1426810477657929,0.13775038520801255,0.13158705701078652,0.1574730354391376,0.16240369799691906
0.0643324448752129,0.05403440755997106,0.08674582020838441,0.11097649624424615,0.1236976011630723,0.1279379694693481,0.13944754058638287,0.14308214199176164,0.1309668039738307,0.13460140537921045,0.13581293918100296,0.11037072934334913,0.0982553913254193,0.06493821177610921,0.026169130118730954,-0.03501332687182037,-0.10407075357402572,-0.2421856069784368,-0.4820692997334655,-0.7994911558032486,-1.0,-0.8461352071722814,-0.5941361763993239,-0.370608189968502,-0.20826266052823053,-0.11012842258299134,-0.0483401986915448,0.007390356190937371,0.07039011388417724,0.16610128422583048,0.22364913981100204,0.2369760116307259,0.22667797431548506,0.18669735885631258,0.16186091591955454,0.15035134480252046,0.12309183426217625,0.1297552701720379,0.14247637509086616,0.13641870608189985,0.1358129391810045,0.12854373637024497,0.14065907438817607,0.14429367579355598,0.12612066876665884,0.1303610370729345,0.1249091349648655,0.12006299975769323,0.1358129391810035,0.1406590743881758
0.07146416824479257,0.04986876640419966,0.10344197481643977,0.1329280042526332,0.14414100136217192,0.1358350775773287,0.13251270806339138,0.1441410013621723,0.1649058108242808,0.1599222565533746,0.15078574039004589,0.13708096614505505,0.11507026811521984,0.08392305392205676,0.03450280740223899,-0.03734343333665623,-0.13078507591614416,-0.2524668593641001,-0.4846174291504725,-0.7981660520283075,-1.0,-0.8318050433569231,-0.5473271537260392,-0.31351539918269916,-0.18975713478853296,-0.0863483836672318,-0.019485697199242858,0.030349845509816266,0.067311206352371,0.09472075484235376,0.12379148808930555,0.13085152330642252,0.1574304794179216,0.18068706601548298,0.19273065550350632,0.2002059869098659,0.194807136449717,0.18733180504335775,0.17611880793381876,0.17071995747367075,0.16365992225655415,0.14289511279444586,0.11423967573673549,0.09098308913917459,0.09389016246386922,0.08599953486826802,0.08599953486826784,0.08849131200372017,0.08143127678660417,0.07644772251569845
0.02907642470566328,0.05770265905910217,0.050607267638164345,0.07262744791004026,0.08608422474285353,0.09733898354847852,0.11104042905097937,0.11055109171160442,0.11324244707816675,0.1169124771234794,0.13624130202879314,0.12425253721410488,0.10957241703285392,0.09097759813660362,0.06993609254347753,0.0442458822262893,-0.02988872468902703,-0.18990203466465838,-0.46760097475998164,-0.8049990702590557,-1.0,-0.8453694007574942,-0.5703618160287356,-0.3325438690924768,-0.15858444494465757,-0.04872821225496502,0.03078910539347615,0.08388220671566604,0.11691247712348003,0.14749606083441855,0.17440961450004439,0.18493036729660794,0.18639837931473263,0.18493036729660722,0.1878663913328578,0.1881110600025448,0.17318627115160667,0.15508078959473068,0.1396666634044181,0.13477329001066746,0.1428473561103558,0.14137934409223094,0.10590238698754229,0.07776548997347818,0.07042542988285272,0.07311678524941562,0.084860881394416,0.09317961616379095,0.0748294659372282,0.07482946593722804
0.11055398959236855,0.1051333477883784,0.12512196444058976,0.14138388985255954,0.15561307458803145,0.12478317432784054,0.10343939722463179,0.0966635949696441,0.09158174327840392,0.10852124891587213,0.10682729835212504,0.07972408933217733,0.06481732437120535,0.030599522983521133,0.00044720294882892836,-0.05240405464007021,-0.10965958369471085,-0.22688096270598584,-0.47114863399826745,-0.7946931916738955,-1.0,-0.837719535993062,-0.5602504336513464,-0.32309735472680184,-0.17978913703382646,-0.08391153512575958,-0.017169882914137742,0.03771411535125741,0.08209562012142305,0.10513334778837913,0.1498536426712929,0.1800059627059854,0.1844102341717269,0.17085862966175325,0.17695685169124076,0.18542660450997495,0.18203870338248157,0.16814830875975806,0.15832339549002686,0.145449371205551,0.13799598872506547,0.1440942107545537,0.13088139635732873,0.11766858196010363,0.10784366869037232,0.10343939722463162,0.11258673026886415,0.13867356895056449,0.1440942107545537,0.14782090199479686
-0.010736347668200055,-0.003828771043438582,-0.03392606919418202,-0.0018551777220783877,0.00011841559928134326,0.006039195563361575,0.010479780536422522,-0.004815567704119481,-0.012709940989559673,-0.04527423079200387,-0.06402336734492534,-0.049714815765063904,-0.026031695908741482,-0.01270994098956036,-0.0418204424796229,-0.09066687718328874,-0.14938127849375496,-0.2697704710967275,-0.4848921431249891,-0.795239692908879,-1.0,-0.8337247626754039,-0.43604570842132406,-0.054155400738124616,0.22165426592196397,0.3825021216128214,0.4343089462985272,0.4274013696737661,0.4081588347905039,0.38644930825554213,0.3509246284710582,0.29270362549093254,0.25520535238508846,0.19895794272632222,0.15603228798673788,0.1165604215595337,0.10669245495273273,0.09386409836389206,0.07363476681994889,0.060806410231108214,0.0617932068917875,0.06228660522212865,0.06327340188280886,0.06376680021314873,0.05143184195464668,0.04551106199056599,0.03021571375002513,0.027255323767984268,0.011959975527443299,0.021334543803903233
0.14045956296463186,0.1505969813020957,0.14327551250281617,0.1308853345348062,0.1168055868438836,0.1342644739806268,0.14102275287226876,0.1286325749042581,0.1466546519486378,0.16242396936246983,0.14383870241045268,0.12863257490425747,0.09822031989186752,0.07738229330930349,0.05091236765037183,-0.020612750619509127,-0.12480288353232812,-0.26165803108808394,-0.4734174363595422,-0.7865510250056331,-1.0,-0.843433205676955,-0.5432529849065123,-0.3089659833295815,-0.15634151835999252,-0.07129984230682683,-0.04314034692498312,-0.04482991664789479,-0.032439738679883104,0.008109934669970594,0.0458436584816397,0.08920928136967786,0.10554178869114733,0.11117368776751495,0.11567920702861016,0.1168055868438844,0.12637981527371123,0.1393331831493589,0.17368776751520668,0.1990313133588651,0.19227303446722352,0.1860779454832182,0.18607794548321793,0.16749267853120148,0.1624239693624692,0.14665465194863794,0.12074791619734192,0.1314485244424426,0.14778103176391086,0.14496508222572682
-0.018443307988307314,-0.0056403946142415465,-0.0013727568228862916,-0.009908032405596966,0.011785793033792694,0.0007610620727913773,-0.014531306679564447,-0.02662294708840435,-0.03764767804940492,-0.04155967935814762,-0.042982225288599255,-0.04084840639292217,-0.04689422659734212,-0.06965496148456946,-0.09526078823270058,-0.1233560703591225,-0.1845255453685477,-0.2890826712567501,-0.48468273669386247,-0.7891075658105322,-1.0,-0.7773715618843055,-0.3164666804179458,0.07331090452583063,0.3083866195329792,0.4140106548690202,0.42681356824308564,0.40618665225153505,0.3763131877120494,0.33505935572894924,0.31692189511568997,0.2966506156067526,0.2756680631325894,0.24686150804094184,0.19671676399251822,0.1504840212528367,0.11634291892199473,0.0942934569999936,0.06619817487357159,0.04557125888202143,0.052683988534279635,0.044504349434182515,0.034902164403633584,0.030990163094891634,0.029923253647052464,0.016409067307761004,0.01747597675559959,0.013919611929470112,0.007873791725050329,0.008940701172888666
0.05344016342660023,0.06264965422548215,0.042765526364260224,0.04653304532743914,0.06683578640679141,0.07060330536997056,0.09613871167596041,0.1026272165569899,0.110580867701479,0.1095343346561513,0.12272065102727685,0.1342325145258789,0.15034912342392184,0.16709365214916025,0.17755898260243513,0.15934930761373803,0.06955677232464261,-0.11086552468980845,-0.4206393061067318,-0.7938329900704946,-1.0,-0.8308802598750868,-0.5047805629510581,-0.22472832002143467,-0.050794527888012544,0.03041643642939623,0.07834764990539331,0.10869710821988929,0.1273253964267178,0.12565094355419407,0.1384186467071889,0.13548835418027197,0.13193014182615903,0.13004638234456914,0.12565094355419396,0.12251134441821168,0.11016225448334813,0.08923159357679913,0.08065002260511364,0.07583597059660767,0.06683578640679175,0.06013797491669631,0.056579762562583395,0.057835602216975784,0.04716096515463568,0.04988195107248713,0.05532392290819013,0.061184507962023044,0.06620786657959521,0.06244034761641664
0.06834277007255012,0.06689984358676909,0.08998666735927185,0.08854374087349043,0.10239583513699145,0.09835564097680387,0.10672461459433608,0.115382173509024,0.11855661177774385,0.14135485025308997,0.1381804119843702,0.1110533940516797,0.07700032898723905,0.07324872012420704,0.07151720834126936,0.03746414327682877,-0.023715939720303517,-0.19051824147663501,-0.45313086188885077,-0.7942386831275737,-1.0,-0.8202113598716386,-0.4571710560490385,-0.14347883804016076,0.05131623754032979,0.11913378237205588,0.11567075880618058,0.10124149394836694,0.09200676443936605,0.0839263761189896,0.08969808206211569,0.1049931028113984,0.11018763816021176,0.11624792940049308,0.10557027340571096,0.087966570279177,0.0706514524498013,0.06343682002089333,0.08508071730761467,0.10499310281139874,0.11278490583461771,0.10095290865121036,0.07180579363842601,0.07844325547302108,0.09662412919386627,0.11509358821186781,0.10932188226874229,0.08075193785027024,0.06141672294079947,0.04814179927161087
0.08337404929408394,0.0845037406906368,0.08351526071865291,0.08309162644494607,0.08408010641692991,0.09043462052253894,0.10822726001824437,0.12700837948593405,0.13717560205490875,0.14734282462388365,0.15087311023811148,0.1507318988135421,0.1552506643997532,0.1456482875290545,0.12799685945791772,0.08012618652899461,-0.025499959048687272,-0.21585295936782614,-0.4871201059650538,-0.8071051940386195,-1.0,-0.8555407126658181,-0.5695875779134036,-0.31823124218041865,-0.1508957040660427,-0.03594960446680033,0.04157546762163248,0.09862488314754615,0.12983260797731613,0.14988463026612736,0.15355612730492346,0.1459307103781928,0.14677797892560707,0.14296527046224186,0.14042346481999815,0.13265683646869803,0.12135992250317054,0.11147512278333367,0.11500540839756118,0.1237605167208449,0.12037144253118678,0.11232239133074873,0.09975457454409946,0.09170552334366054,0.08393889499236042,0.08619827778546586,0.07829043800959688,0.06925290683717504,0.06289839273156572,0.06784079259148401
0.1160993617820046,0.11166729237058381,0.10228173361698617,0.10853877278605105,0.11740291160889338,0.1317419597046681,0.1429524882159099,0.13878112876986626,0.13591331915071145,0.12574563050098017,0.13565260918533367,0.13513118925457862,0.13904183873524384,0.13252408960080142,0.11974930129729257,0.0905497851749887,0.008686856046385453,-0.16259959120677522,-0.47571225962541336,-0.818024444166354,-1.0,-0.8586951987652782,-0.6018958828682275,-0.3740353731281042,-0.21265590455929673,-0.0841258916280821,0.013901055353939889,0.08116422642139086,0.10593167313227389,0.11662078171276047,0.13095982980853468,0.15416301672715155,0.16380928544612716,0.16354857548074925,0.17606265381888045,0.1763233637842579,0.16824135485754824,0.1593772160347064,0.13721686897760016,0.10906019271680654,0.08976765527885551,0.08507487590205676,0.08272848621365728,0.08324990614441247,0.08481416593667895,0.08403203604054582,0.07047511784090436,0.05822174946815138,0.0438827013723776,0.056657489675885034
0.057921685606458766,0.0654947976927255,0.07243681710513561,0.08526903480686475,0.10378108657329323,0.12923515775213212,0.1454332030477571,0.1344942633675946,0.13196989267217293,0.11387856935498157,0.1136682051303627,0.1006256232040153,0.08421721368377191,0.06360151967115839,0.034571256673804826,0.015848840682758165,-0.04452569178275318,-0.2172347201945458,-0.5079580786173197,-0.8216111375235081,-1.0,-0.8702052734103838,-0.6238687663821145,-0.3884711990340089,-0.21702435596992756,-0.10111366820513115,-0.01002595894531851,0.05161075886790331,0.10819873529028193,0.14900939486627207,0.1744634660451112,0.17488419449434753,0.1757256513928216,0.1782500220882441,0.17825002208824395,0.17530492294358543,0.19423770315925015,0.20349372904246477,0.20685955663636058,0.1870853195222215,0.17151836690045164,0.16562816861113386,0.14879903064165334,0.1283937008536584,0.11387856935498163,0.1065158214933337,0.09831161673321233,0.09179032577003887,0.085689763256102,0.08169284298835017
0.11152231876256449,0.13339108931710578,0.11825117124088486,0.13633496227637182,0.12750334339857586,0.13170887619752547,0.1367555155562658,0.11993338436046448,0.11614840484140966,0.109419552363089,0.1178306179609889,0.099746826925503,0.099326273645609,0.10058793348529356,0.10395235972445378,0.07493418341169619,-0.01842864472500139,-0.19590212884070454,-0.46127124845446876,-0.7930877862916462,-1.0,-0.862479077474326,-0.5950071914610883,-0.3565534817606057,-0.17319225172637234,-0.06384839895366456,-0.008335366007520611,0.025729449663978013,0.05979426533547565,0.08923299492812785,0.10941955236308978,0.1405404950753223,0.160306499230388,0.15862428611080837,0.15189543363248742,0.15904483939070363,0.1636709254695483,0.17502586402671452,0.1678764582684983,0.13843772867584603,0.11614840484140955,0.09638240068634336,0.09806461380592271,0.12245670403983473,0.11194287204245937,0.09848516708581916,0.08460690884928218,0.0879713350884423,0.08544801540907293,0.08965354820802252
0.06033399630701665,0.07101618096638188,0.06567508863669852,0.08932849752529477,0.11094720457400982,0.11628829690369287,0.1315485607027863,0.13129422297280127,0.11476227052378382,0.12442710426320924,0.1414677321721974,0.1541846186714417,0.15189557910157742,0.14273942082212185,0.10738647635422152,0.046599758887832146,-0.06912390825529499,-0.23215439317561204,-0.4979373210098244,-0.8087380270513632,-1.0,-0.8639293144580836,-0.608065558093283,-0.3687337541774996,-0.21231605023679004,-0.08006043064464526,0.019385621779447946,0.08017233924583791,0.13053120978284705,0.15418461867144212,0.16664716744070143,0.1765663389101129,0.20021974779870771,0.1882658744894176,0.17224259750036952,0.17198825977038434,0.16791885609062632,0.14426544720203138,0.13994170579228796,0.13103988524281682,0.11705131009364723,0.10738647635422163,0.10229972175452327,0.09238055028511265,0.08169836562574725,0.08576776930550552,0.07864631286592891,0.08576776930550588,0.08856548433533995,0.09823031807476548
0.08509828461573182,0.08219522737389447,0.09735563741460228,0.08896902760484895,0.10348431381403693,0.09025927526788793,0.10412943764555586,0.1260636479172178,0.14735273435736068,0.141546619873685,0.13961124837912628,0.12832158132753596,0.1218703430123419,0.0999361327406798,0.06251895051255088,0.02703713977898026,-0.047152100845757904,-0.20907818255714367,-0.47390151539588227,-0.7983988026501683,-1.0,-0.8296873084788633,-0.5226083646756013,-0.26488139398357724,-0.11134192208194502,-0.02037946183769977,0.028004825526259557,0.06380919817558957,0.10670993297163392,0.12283802875962074,0.12896670515905542,0.1254185240856982,0.1244508383384198,0.11735447619170555,0.12025753343354291,0.12219290492810121,0.12283802875962081,0.12767645749601678,0.12638620983297788,0.1147739808656275,0.10348431381403732,0.09283977059396623,0.07606655097445987,0.07574398905869967,0.08896902760484911,0.10896786638195266,0.11928984768626369,0.12187034301234145,0.1338051338954516,0.15896496332471052
0.1385481281832782,0.10287560197388036,0.09544382568025546,0.09544382568025617,0.08999385639826456,0.06472581699994029,0.06918488277611493,0.08355298361045661,0.10634376424423794,0.13210725539546977,0.13656632117164474,0.12517093085475334,0.10386650547969663,0.107830119502963,0.10931647476168797,0.06373491349412415,-0.03188727481717975,-0.2087635506054445,-0.48423472522246025,-0.8122237856477551,-1.0,-0.8369963732931694,-0.53377990051329,-0.24394062506193312,-0.06359618700330967,0.006757961909669373,0.02608058027309278,0.03846687409580034,0.07067123803484,0.09792108444479702,0.11724370280822054,0.1410253869478193,0.14152083870072743,0.10882102300877972,0.10981192651459667,0.13706177292455254,0.17174339562813457,0.18165243068630058,0.17322975088685927,0.15588893953506827,0.1276481896192957,0.11228918527913846,0.08801204938663101,0.07562575556392312,0.07314849679938237,0.09940743970352209,0.09494837392734745,0.09891198795061351,0.08305753185754731,0.05977129947085844
0.08618554081665047,0.09677214452831392,0.05866037116632647,0.0766575974761537,0.06712965413565655,0.07612826729057133,0.09624281434273133,0.12535597454980535,0.14441186123079927,0.13858922918938457,0.11847468213722444,0.10788807842556061,0.08353888988873473,0.05177907875374458,0.016313956319672373,-0.023385807599065004,-0.10649064673562166,-0.26423104203940506,-0.4997829746239123,-0.7972665389216493,-1.0,-0.8470235763664667,-0.5564213044813113,-0.31240008892747334,-0.17053959919118505,-0.048793656507056964,0.05495505986724441,0.11159338972464279,0.1481171725298812,0.16135042716946055,0.1798769836648711,0.17087837050995694,0.16187975735504437,0.13382525751913543,0.14017721974613337,0.17881832329370415,0.21110746461427743,0.22857536073852192,0.1957568892323663,0.18569961570628568,0.179347653479288,0.162409087540627,0.11953334250839028,0.09412549360039771,0.09042018230131588,0.07506960691940452,0.0761282672905706,0.07189362580590493,0.07718692766173742,0.07348161636265522
0.12140641945242567,0.11988432047793915,0.11531802355448145,0.09515021214254481,0.10999067714378191,0.12254799368328997,0.1309195380429621,0.13929108240263374,0.1488042009931701,0.13814950817176963,0.13472478547917638,0.1229285184269114,0.11588881066991419,0.10941989002834909,0.0953404745143556,0.06014193572937063,-0.027569017675374865,-0.19519016724062602,-0.4657432599554805,-0.7948971631880374,-1.0,-0.84798036492323,-0.5665823170151663,-0.33065697596986465,-0.15675716813485913,-0.0353697749196148,0.03198310470138303,0.08278315797484762,0.11018093951559217,0.13130006278658374,0.14671131490325176,0.14214501797979479,0.1432865922106589,0.14652105253144138,0.14975551285222377,0.14728210201868377,0.1391008200308228,0.13225137464563635,0.13510531022279704,0.13015848855571882,0.10542438022032448,0.08887155387279065,0.07022584143533932,0.06356665842196378,0.05386327745961712,0.06356665842196402,0.09286706368081614,0.0941989002834909,0.07517266310241807,0.06451797028101758
0.07434484514521617,0.0961681852074123,0.08889373852001359,0.10798916107443622,0.1120810373360977,0.09889610271518749,0.09662283812537509,0.082983250586502,0.0888937385200138,0.09844144979722565,0.13526833615218223,0.140724171167731,0.10889846691036065,0.09662283812537509,0.0838925564224277,0.06161456344226792,-0.0047647625802469265,-0.1702584247185709,-0.45668976303490083,-0.8049538981941194,-1.0,-0.8799716296579192,-0.6294578718606225,-0.39667557786386004,-0.23527379198719817,-0.13252223252768955,-0.052503318966302046,0.004328295779002335,0.032971429610634914,0.05343081091894499,0.07298088639132873,0.11389964900794729,0.13572298907014382,0.14708931201920508,0.18164293378434926,0.2084674559441331,0.22847218433447986,0.22619891974466785,0.2130139851237565,0.20210231509265889,0.19209995089748563,0.18027897503046234,0.14572535326531763,0.13617764198810645,0.1520904941167916,0.15299979995271656,0.12481131903904573,0.11526360776183472,0.09434957353556313,0.07661810973502835
0.05533579529696852,0.05205155527011062,0.07613598213373386,0.11956093359996522,0.12795399144637915,0.1118977068706308,0.10168007123151739,0.0983958312046589,0.07431140434103473,0.06591834649462097,0.07759564436789355,0.0874483644484671,0.07759564436789322,0.08890802668262593,0.09803091564612013,0.08744836444846692,0.027967128406486446,-0.14865200192675515,-0.463574128946563,-0.8146228962618046,-1.0,-0.8759287100964837,-0.6142842546234809,-0.35701878585295516,-0.15084149527799398,-0.012538498591426299,0.07978513771913157,0.1312382314732372,0.16298588506619574,0.16335080062473545,0.17174385847115048,0.1805018318761041,0.19363879198353573,0.19874760980309183,0.1954633697762337,0.19181421419083616,0.1805018318761048,0.16444554730035535,0.13342772482447582,0.10569414237545446,0.08854311112408528,0.08343429330452969,0.06263410646776357,0.0692025865214793,0.06993241763855837,0.06226919090922353,0.05825511976528637,0.06664817761170072,0.09292209782656316,0.10204498679005719
0.08354983710668448,0.10038901947846651,0.10657484157422388,0.104512900875638,0.08595543458836769,0.07564573109544041,0.08183155319119716,0.08973565920244089,0.07805132857712307,0.055713637675780255,0.05365169697719492,0.042654679918071606,0.03749982817160821,0.017224077968850834,-0.032949812363396516,-0.09274609262237714,-0.18690805119111484,-0.33296218400758926,-0.5563390930210191,-0.8302335491497927,-1.0,-0.8577260917975995,-0.524722668976041,-0.15838453819401524,0.09970170591227111,0.22513643174289022,0.251598004041404,0.25469091508928254,0.2450685251625495,0.2316659106217442,0.23888270306679427,0.2395700166329885,0.22444911817669513,0.18458493133737522,0.15090656659381133,0.12959984604176122,0.11241700688688222,0.08629909137146587,0.07289647683065968,0.08733006172075809,0.09385954059961286,0.09351588381651517,0.07667670144473376,0.08114423962500128,0.07117819291517204,0.060524832639146584,0.04265467991807233,0.05502632410958541,0.06980356578278131,0.08080058284190429
0.07926239566994671,0.10851950880557837,0.1255861581346971,0.13249408762505402,0.1381829707347602,0.12436711175404547,0.14793534177997056,0.1637829447284373,0.1759734085349499,0.1483416905735212,0.12355441416694396,0.12477346054759542,0.12924329727665007,0.14143376108316336,0.15159248092192426,0.10689411363137606,2.4380927612820697e-05,-0.20355636464115381,-0.5111624013588314,-0.8179557404894059,-1.0,-0.876469966760668,-0.6188448316496957,-0.3725974627581343,-0.19949287670565038,-0.08043268019537297,-0.024356546685412914,0.02074816939868463,0.05853860719887574,0.08860841792160741,0.11298934553463388,0.11705283347013745,0.11867822864433927,0.12070997261209167,0.14387185384446605,0.14956073695417235,0.13818297073476046,0.12355441416694452,0.12517980934114623,0.1296496460702013,0.13574487797345736,0.11827187985078898,0.09510999861841421,0.09998618414101947,0.10567506725072548,0.12314806537339397,0.11745918226368811,0.11014490397978018,0.1060814160442754,0.12396076296049424
0.1388202594193948,0.1531589164387187,0.14212918027000776,0.15867378452307426,0.17025500750022154,0.17356392835083365,0.1625341921821232,0.1603282449483813,0.1630856789905591,0.15646783728933247,0.12282714197476392,0.09690726197829345,0.08698049942645361,0.09414982793611608,0.06271507985528996,-0.020559428218477865,-0.1407835524574258,-0.2896849907350226,-0.5224124238948219,-0.8279361157681109,-1.0,-0.8582678902320661,-0.5858334068649086,-0.36579017029912797,-0.1953807464925446,-0.0812229771463873,-0.004566310773846232,0.04286155475161089,0.0875319862348896,0.12779052325068374,0.1432321538868787,0.1448866143121858,0.16584311303273633,0.17963028324362568,0.17466690196770537,0.15812229771463837,0.179630283243625,0.17301244154239867,0.17466690196770537,0.15426189005559082,0.12779052325068502,0.1140033530397954,0.10297361687108485,0.07981117091679152,0.06547251389746797,0.07760522368304935,0.0974587487867288,0.10242213006264861,0.08698049942645451,0.08918644666019576
0.1288680331134625,0.13867052863909785,0.11653586132314708,0.11305755645921255,0.13803810957292842,0.1475243955654779,0.15416479576026246,0.15732689109111309,0.14689197649930788,0.1399353667714379,0.1348760142420776,0.11748448992240286,0.12444109965027197,0.1089468325291077,0.07795829828677706,0.015032601202860766,-0.08615444938434118,-0.2433105873275882,-0.49469716613016634,-0.8074283943512324,-1.0,-0.8627650626411089,-0.6028408264452364,-0.3818103628188199,-0.22054350094546804,-0.11239984063039639,-0.04314995288478008,0.01661364886828574,0.07795829828677647,0.11938174712091237,0.15353237669409267,0.16048898642196258,0.1563782624918578,0.15258374809483785,0.15100270042941302,0.14910544323090255,0.14436230023462743,0.14088399537069293,0.13487601424207754,0.12918424264654746,0.11685207085623235,0.10325506093357759,0.09282014634177234,0.09787949887113191,0.11368997552538293,0.1393029477052677,0.15353237669409298,0.14752439556547767,0.12760319498112263,0.11653586132314747
0.09145431212843409,0.08163318754419513,0.07966896262734749,0.0911269413089591,0.11698923604745562,0.1258282481732714,0.12877458554854285,0.1327030353822386,0.14907157635597057,0.1520179137312422,0.1369588560354092,0.12910195636801758,0.11993557342272737,0.10651336982426794,0.0705025796820578,0.026307519052981065,-0.08074273891522475,-0.23820810308252538,-0.4873372967027231,-0.7917921588141332,-1.0,-0.8651232223764498,-0.5832569468087909,-0.33052667417437287,-0.17011497263180062,-0.06437419794149289,0.0014273367729087847,0.034819160359321706,0.060681455097818235,0.08425215409999258,0.10323966162952015,0.1300840688264416,0.13826833931330765,0.13990519341068056,0.13532200193803576,0.1484168347170209,0.15529162192598842,0.15136317209229302,0.15103580127281857,0.16052955503758226,0.15987481339863358,0.1582379593012606,0.15823795930126,0.14612523898069862,0.11993557342272793,0.10553125736584347,0.10651336982426803,0.11502501113060835,0.10193017835162267,0.10684074064374192
0.07168637903270654,0.10438607856565585,0.11271524731461473,0.12443778110944552,0.13924519221870651,0.14047914314447732,0.15251016467075143,0.16207328434548235,0.15960538249393832,0.14294704499602073,0.13893670448726284,0.1494252873563226,0.13986216768159213,0.13091602346974723,0.12073592833213063,0.0602723329693174,-0.043379544795504835,-0.21150535843189627,-0.4805066602501241,-0.7976320481734448,-1.0,-0.8722860791826318,-0.617166725279337,-0.3679086382734579,-0.19392155773965025,-0.06651612465372368,0.018318001493080573,0.05903838204354623,0.07816462139300695,0.10623700495431322,0.1361603149042767,0.14973377508776536,0.17626371999185636,0.18397591327792973,0.17718918318618543,0.1626902598083681,0.15096772601353672,0.12937358481253217,0.11610861236048665,0.09451447115948207,0.0852598392161947,0.08001554778166482,0.0815579864388796,0.09019564291928142,0.09852481166823977,0.09975876259401116,0.09081261838216705,0.0834089128275364,0.0766221827357931,0.07569671954146402
0.09407771979942732,0.11097735448951548,0.11213486371486393,0.13736856482746188,0.1473231441654597,0.14755464601052906,0.15774072719359616,0.17440886003861536,0.18829897074279728,0.1764923766442425,0.16746380468652405,0.14500812571476243,0.13482204453169525,0.13574805191197395,0.11236636555993366,0.05124987846153122,-0.05616697765081247,-0.21914427657988586,-0.47240729508614365,-0.7955838708034512,-1.0,-0.8585523726624112,-0.5782036382829988,-0.34346076738231746,-0.1635838337631566,-0.03834133558044451,0.03388724008130353,0.08435464230649951,0.10171728068672704,0.11005134710923695,0.12648797810918636,0.14454512202462255,0.14940666077108714,0.14338761279927464,0.13019200763030087,0.10773632865853969,0.0998652659261693,0.08597515522198715,0.06328797440515602,0.05472240613757655,0.05680592274320456,0.06467698547557435,0.09546673086984511,0.11282936925007275,0.10356929544728484,0.09824475301068097,0.0961612364050543,0.09963376408110017,0.09176270134873027,0.07764108879947801
0.1173550254777904,0.11768250350401573,0.134056404815237,0.14158839941839982,0.13110910257921762,0.1320915366578909,0.1180099815302399,0.11211537705819968,0.1297991904743194,0.127834322316973,0.11931989363513781,0.09934373403544682,0.07511036009483685,0.06528601930810413,0.05611663457381982,0.03024587050208861,-0.04343668539841051,-0.2055383083795095,-0.47996489435559087,-0.8028582282128884,-1.0,-0.8470677617531877,-0.550045191967621,-0.3073839745353108,-0.11711924129891024,-0.018875833431577293,0.033848128790558325,0.06561349733432868,0.09213921745850862,0.1206298057400348,0.1275068442907486,0.1297991904743204,0.138968575208604,0.13536631692013468,0.1307816245529927,0.12521449810717755,0.12685188823829988,0.12193971784493293,0.1275068442907489,0.13045414652676826,0.1392960532348284,0.14027848731350193,0.1225946738973825,0.10785816271728178,0.09050182732738661,0.09377660758963054,0.0891919152224893,0.09770634390432473,0.09639643179942697,0.08100496456687797
0.05271505323050682,0.06262762435320482,0.10624293729307566,0.1225986796455268,0.17216153525901678,0.17910033504490488,0.1696833924783416,0.1612577070240483,0.16472710691699283,0.15679705001883426,0.1384587934418437,0.1211117939771222,0.09434785194583824,0.05915822446026088,0.019012311413333382,-0.024603001526536206,-0.10638171328879376,-0.25953093713447584,-0.5172577863246185,-0.8101742630003375,-1.0,-0.8409032334807006,-0.5455086140243075,-0.26498285125195903,-0.06474891457346268,0.04577625344461839,0.08592216649154484,0.10227790884399622,0.10673856584920946,0.0943478519458372,0.10029539461945654,0.10872108007374982,0.1111992228544234,0.12061616542098691,0.15035387878908021,0.15134513590135065,0.14787573600840606,0.16472710691699258,0.14738010745227167,0.12309430820166188,0.11169485141055868,0.11417299419123411,0.11070359429828949,0.1007910231755915,0.07452270970044236,0.04230685355167445,0.046767510556888624,0.08493090937927474,0.10624293729307475,0.10128665173172541
0.08793943710437707,0.07393506774113527,0.07473531741903477,0.08833956194332677,0.10794567905186471,0.10114355678971852,0.11474780131401052,0.11994942422035725,0.1399556661678446,0.13875529165099604,0.1595617832763829,0.16196253231008162,0.14995878714158878,0.13475404326149798,0.11514792615295995,0.070333944190587,0.0023127215691293337,-0.1753427069245615,-0.47783708517057566,-0.8071398276262202,-1.0,-0.8635574299181357,-0.5774681700690633,-0.3321916437928653,-0.17334208272981316,-0.06690887556917867,0.0007122222133298633,0.06233144741159254,0.10594505485711544,0.11914917454245792,0.14115604068469362,0.12195004841510677,0.09754243323917063,0.09954305743391904,0.12955242035515108,0.142756540040493,0.1475580381078902,0.13315354390569936,0.12675154648250353,0.10714542937396501,0.1167484255087582,0.12275029809300562,0.11154680260241168,0.0955418090444222,0.09874280775601983,0.10354430582341703,0.10234393130656773,0.11474780131401006,0.11194692744136268,0.11914917454245737
0.09588084913315552,0.10591479002888107,0.10329724022999576,0.11507621432497833,0.13863416251494193,0.15259442810899532,0.1464868119115971,0.11943879732311934,0.11376743942553562,0.1089685981275801,0.11158614792646471,0.09064574953538455,0.07101412604374836,0.05443631065081077,0.03480468715917274,-0.021908891816667383,-0.10436171048154315,-0.24134681662318813,-0.4856514645191147,-0.7910322743890219,-1.0,-0.8433832703667199,-0.5598153754875214,-0.3399411923811872,-0.20382860283917104,-0.12486585057280868,-0.060299622200313506,0.022589454764377185,0.08322935843854534,0.12641893012014588,0.15259442810899543,0.17397108479988946,0.19273019169189806,0.19447522489115404,0.19665651639022458,0.17004476010156122,0.15652075280732225,0.12118383052237564,0.10853233982776517,0.08322935843854463,0.08977323293575708,0.09500833253352649,0.10853233982776497,0.1303452548184733,0.15521197790788085,0.16306462730453497,0.15433946130825174,0.17004476010156183,0.18487754229524384,0.1805149592971014
0.08046134907090903,0.0957832948523547,0.10450095365903969,0.12325712866736094,0.13197478747404517,0.13382398782697916,0.13725821705385427,0.1272197008522179,0.12854055824716937,0.12299295718837065,0.12589884345726512,0.13355981634798822,0.1285405582471696,0.11427529838168606,0.07808380575999546,0.01838105150815459,-0.07407896613850055,-0.2582064869948397,-0.5345298540188427,-0.8314585964040987,-1.0,-0.8626308309249713,-0.5913267220017875,-0.369158508170826,-0.19956041865896135,-0.09996777107956431,-0.022037184777382833,0.044798199407199375,0.08151803498687067,0.09129237970951692,0.11638867021360948,0.11770952760856129,0.13197478747404554,0.15205181987731894,0.1879791410200195,0.1982818287006465,0.18639411214607715,0.16261867903693653,0.1528443343142904,0.1605053072050132,0.16552456530583193,0.1729213667175644,0.15363684875126202,0.14650421881852,0.14254164663366292,0.13567318817991197,0.11427529838168582,0.09868918112124983,0.07887632019696662,0.06540357476845395
0.09983051018792154,0.09342831052690155,0.08230870058933906,0.08652067405053665,0.09359678946534919,0.10690662560273405,0.11752079872495182,0.1106131622485875,0.12206973006304496,0.12459691413976381,0.12577626670889885,0.12375451944752432,0.13942306072317948,0.14195024479989768,0.13234694530836744,0.10387400471067146,0.018960619732927172,-0.1576053077604781,-0.45210649216741516,-0.7899067637554635,-1.0,-0.8470211238893026,-0.5703787069578449,-0.3176602992859876,-0.14412699268464563,-0.02838196197093477,0.04810747608441432,0.09646093141896349,0.11111859906393096,0.12746105609337827,0.16418946467502116,0.16958079070535434,0.17631994824327019,0.16301011210588595,0.15323833367590725,0.12543930883200344,0.12004798280167032,0.11347730420220209,0.10589575197204591,0.08736306874277634,0.07860216394348572,0.07540106411297554,0.06933582232885115,0.07152604852867285,0.0656292856829966,0.06108035434490309,0.049455307591997746,0.06529232780610095,0.07994999545106916,0.10572727303359887
0.0975111901672328,0.0639771385247934,0.07782815985536688,0.10407220027118894,0.14380276145625295,0.14781226763089264,0.15218627436686327,0.12776473675769556,0.1306807412483412,0.12594223395104037,0.13323224517765805,0.13505474798431225,0.13432574686165025,0.13104524180967253,0.11063321037514395,0.03846209923163224,-0.06104655401169414,-0.21851079650662864,-0.4762126933675493,-0.7977021884613701,-1.0,-0.8567512793969702,-0.579366352224184,-0.3486374969017464,-0.17950923644422523,-0.05667254727572328,0.009666554886494283,0.056687127298176154,0.07892166153935884,0.09022117894061571,0.09495968623791698,0.09568868736057852,0.10917520812982058,0.12193272777640092,0.1339612463003192,0.14890576931488544,0.14489626314024576,0.13068074124834153,0.1277647367576949,0.13724175135229688,0.15583127998017154,0.15947628559347968,0.13140974237100378,0.11682971991776925,0.0982401912898952,0.10224969746453441,0.11391371542712175,0.12703573563503281,0.11974572440841648,0.11464271654978364
0.06761364919491379,0.09922991802353141,0.09640703687811991,0.08737381721280087,0.11955466227050075,0.13762110160113805,0.1483480499537049,0.13084618685214944,0.10148822293986175,0.11503805243784077,0.1336690679975615,0.1325399155393961,0.1127797475215119,0.061967886904089296,0.026399584471895776,-0.0001354982949802872,-0.07748244167927712,-0.21749734649172525,-0.48567105530588967,-0.7984462862175659,-1.0,-0.8628079763329642,-0.5856010478534823,-0.35017276032610123,-0.19943090716108625,-0.08877396626092515,-0.011991599105712293,0.032045346762718946,0.0885029696709651,0.10882771391793351,0.14778347372462294,0.16415618436801396,0.15963957453535416,0.14608974503737512,0.14100855897563236,0.15230008355728197,0.16359160813893145,0.16641448928434419,0.17206025157516838,0.15907499830627175,0.14044398274655073,0.12520042456132446,0.1257650007904071,0.11899008604141757,0.12181296718682988,0.10318195162710903,0.0986653417944497,0.15060635487003549,0.16076872699351835,0.1602041507644377
0.08331773076202952,0.09455158210073018,0.10466204830556135,0.10878112712975126,0.13049990638457204,0.13012544467328258,0.11589589964426185,0.12151282531361209,0.1432316045684333,0.16757161580228477,0.18367346938775558,0.18816700992323623,0.16682269237970485,0.13986144916682275,0.09230481183299076,0.044373712787867406,-0.03051862947013732,-0.22111964051675856,-0.4941022280471842,-0.8060288335517709,-1.0,-0.8558322411533436,-0.5806028833551791,-0.355925856581167,-0.20539224864257793,-0.10765774199588166,-0.021531548399176773,0.018161392997565882,0.06833926231042943,0.09904512263621128,0.13312113836360256,0.16270361355551446,0.15184422392810337,0.13611683205392272,0.13162329151844213,0.13312113836360256,0.12825313611683262,0.12862759782812214,0.11177682082007168,0.1102789739749116,0.13199775322973253,0.14135929601198333,0.13049990638457298,0.13162329151844318,0.1379891406103733,0.11552143793297177,0.10054296948137109,0.08856019472009022,0.08743680958622002,0.08481557760718958
0.09722280138442957,0.10973270505817195,0.10295650723489455,0.12745506859597253,0.1649847796171978,0.15716608982110883,0.14882615403861463,0.13683749635127856,0.13683749635127893,0.12693382260956584,0.12849756056878373,0.10869021308535931,0.09461657145239975,0.06751178015929281,0.043534464784621404,0.004962261790584353,-0.06749093031983752,-0.19988741086693854,-0.4620741420291084,-0.7961928193152918,-1.0,-0.8545723697927537,-0.5600683874734178,-0.2848505066511005,-0.0992869354905973,-0.008068887869563883,-0.003898919978316662,0.004962261790583625,0.031545807097285695,0.06177807430882794,0.07741545390100442,0.09982903131645951,0.12693382260956584,0.13110379050081344,0.1462199241065848,0.14048621825612004,0.13631625036487233,0.13683749635127843,0.14361369417455558,0.13840123431049645,0.14621992410658505,0.14152871022893188,0.11807264084066568,0.11963637879988356,0.12067887077269501,0.12380634669113104,0.12276385471831934,0.11546641090863598,0.09670155539802311,0.09930778533005342
0.08247238408465346,0.0839023343938802,0.0678153934150789,0.0653129803739318,0.09641439959961438,0.1017767132592144,0.1049941014549748,0.10213420083652121,0.10535158903228044,0.1049941014549747,0.11035641511457515,0.12072355485646895,0.11786365423801545,0.09534193686769445,0.05959317913702513,0.023129446251743103,-0.06695742322954377,-0.21674471812104654,-0.4777106495549301,-0.8126765094912967,-1.0,-0.8309083759339371,-0.532048761305547,-0.31076395095270626,-0.18671576162728473,-0.11164337039287991,-0.05122796982804961,0.004182604654488467,0.04922603939513107,0.08497479712580006,0.10535158903228194,0.12036606727916298,0.13609552068065664,0.1514674865048445,0.1704143281020993,0.1664819647517257,0.17613412933900624,0.1707718156794058,0.14324527222679082,0.1414578343402569,0.16147713866943247,0.18185393057591348,0.1797090051120724,0.15468487470060446,0.13109069459836292,0.1568298001644445,0.17684910449361949,0.15718728774175134,0.12501340578414905,0.11035641511457481
0.11774222994453781,0.12340805932752905,0.1271852789161896,0.12120468123414421,0.13473971809351157,0.13568402299067653,0.13159203510296122,0.11459454695398717,0.12844435211241087,0.14481230366327427,0.1614950235131928,0.13536925469162162,0.11050255906627188,0.0777666559645448,0.04377167966659756,-0.005961711584103419,-0.10479895748739487,-0.25462866783760635,-0.4988888679043372,-0.8035845813896405,-1.0,-0.8520588994441198,-0.5684526619955061,-0.2999553029015355,-0.1369053239910107,-0.04090099277921641,0.008517630172429397,0.050381813946753735,0.08878354643147181,0.10483672968328049,0.12277852272941947,0.14040554747650333,0.1561439624292563,0.16243932841035744,0.15551442583114614,0.14009077917744778,0.1243523642246944,0.10829918097288566,0.10987302246816144,0.1205751446360332,0.13505448639256662,0.1265557423180796,0.12844435211241095,0.12875912041146553,0.11711269334642797,0.09570844901068344,0.09130169282391289,0.10641057117855628,0.12026037633697889,0.11522408355209744
0.07134693353759028,0.07134693353759052,0.0699433347101971,0.07435464531057656,0.08478137945692764,0.08478137945692768,0.08678652063891834,0.08598446416612218,0.09981993832185738,0.11846775131437019,0.1413263607890635,0.15656543377219204,0.17020039380972837,0.16217982908176634,0.1553623490629978,0.13912070548887415,0.05370169113607252,-0.14039597528062037,-0.4630231914629121,-0.8111157006564835,-1.0,-0.8578354901968653,-0.5937583965287008,-0.32807718991494333,-0.13037026937066723,0.006781387477492289,0.07375310295597916,0.10202559362204694,0.1086425595226161,0.11325438424119441,0.12869397134252256,0.13831864901607757,0.1631823996727616,0.1691978232187333,0.1734086197009138,0.15877108907238216,0.1587710890723817,0.13150116899730918,0.11144975717740316,0.09641119831247336,0.10603587598602798,0.09941891008545907,0.0837788088659322,0.07615927237436786,0.060318657036641674,0.04788678170829989,0.03826210403474515,0.04728523935370291,0.046483182880906665,0.05871454409104951
0.0534764471148282,0.07234693518113151,0.07586942628684175,0.0688244440754221,0.06781801804521814,0.0821595889756092,0.10757184623823142,0.11939735209311478,0.12493269525923066,0.1407839052349249,0.15034495252185293,0.14053229872737436,0.14531282237083848,0.15437065664266386,0.16091242583898216,0.13323571000840378,0.027812583344655653,-0.17171137714305962,-0.49100003522491215,-0.8223658056691986,-1.0,-0.8578423232338486,-0.580068738897864,-0.3284622313471532,-0.14856357844839407,-0.026031209271197345,0.046179858395857205,0.10606220719292703,0.13575177508391104,0.1438031833255338,0.15059655902940336,0.15738993473327212,0.16317688440693884,0.14657085490859195,0.11990056510821644,0.10203650307211554,0.10430096164007185,0.10455256814762258,0.1153716479723033,0.12770036684228814,0.13172607096309946,0.11235236988169524,0.09448830784559416,0.07637263930194288,0.07184372216603016,0.0939850948304925,0.08995939070968179,0.07561781977929107,0.06655998550746561,0.0640439204319581
0.11813428759350361,0.16328327926602268,0.17833294315686402,0.1883660524174228,0.16774243893738258,0.16272588430710327,0.15102059016978356,0.12593781701838333,0.14210227082706256,0.1499058002519427,0.16439806918386318,0.13987269099138339,0.13095437164866355,0.09583848923670352,0.05068949756418418,-0.013410922711615439,-0.11597159515289412,-0.26814041893805335,-0.49109840250605,-0.7909768904050031,-1.0,-0.8472737812559226,-0.5730354614672883,-0.35397924261173125,-0.19121991460709367,-0.08865924216581471,-0.012296132793775852,0.026721514330623534,0.021704959700343696,0.04232857318038375,0.09695327915454337,0.12538042205946368,0.15938151455358254,0.17777554819794203,0.1655128591017033,0.1437744557038235,0.13206916156650367,0.10865857329186347,0.1175768926345829,0.1231508422237832,0.12593781701838241,0.1342987414021827,0.12370823718270284,0.11701949767566351,0.11423252288106335,0.11757689263458328,0.11757689263458303,0.10977336320970345,0.0997402539491435,0.11590470775782288
0.11861085406346994,0.11588917315333944,0.09320849890225559,0.09729102026745057,0.16351858908061664,0.16941556438589897,0.1725908587810509,0.1689619509008766,0.1657866565057252,0.13403371255420782,0.12269337542866524,0.12133253497360035,0.09456933935732102,0.046486309945021356,0.017001433418612894,-0.025638234173426377,-0.10048445920200431,-0.24518716092392162,-0.4769836517700018,-0.7881625024948745,-1.0,-0.8702665432837994,-0.5985520657558124,-0.36857002884982015,-0.19801135848166648,-0.08188630631611471,-0.022916553263296613,0.02108395478380776,0.05646580661549908,0.08912597753706053,0.1294975777039904,0.15943606771542146,0.16714749696078998,0.1644258160506603,0.1657866565057256,0.18120951499646212,0.18574564984667966,0.1630649755955948,0.14310598225464072,0.12949757770399092,0.1322192586141209,0.11951808103351352,0.10908497087801416,0.12360060239870826,0.15489993286520495,0.1530854789251174,0.1213325349735995,0.11588917315334006,0.09865186072251567,0.09139404496216867
0.08606357649090018,0.09024074409278907,0.07631685208649487,0.07422826828555108,0.12435427950820867,0.11878472270569061,0.11043038750191544,0.10346844149876819,0.10068366309750915,0.08745596569153036,0.05821579247831357,0.05473481947674075,0.04568428967264955,0.022709867862264456,-0.003745526949693455,-0.05456773277266581,-0.11095949539815528,-0.23279355045322456,-0.48272741196619484,-0.8022807335106327,-1.0,-0.8391790473273099,-0.5314610339882228,-0.3184254862919303,-0.19032567983402865,-0.1165290522006722,-0.03507428396385354,0.02340606246257889,0.051253846475166474,0.09024074409278858,0.1208733065066352,0.12783525250978198,0.14175914451607552,0.17935365293306862,0.19327754493936314,0.1856194043359016,0.18422701513527162,0.19466993413999154,0.2078976315459705,0.2204291343516355,0.21903674515100566,0.2273910803547813,0.2127709937481733,0.20580904774502637,0.175872679931495,0.13688578231387255,0.11182277670254465,0.12505047410852407,0.1159999443044332,0.11321516590317303
0.08465516642948967,0.07366399407633628,0.07539944234262405,0.08291971816320241,0.07655640785348257,0.06267282172318463,0.08754758020663449,0.1349831661518181,0.15696551085812221,0.16101489014612622,0.18241875209700092,0.1945668899610111,0.2136568208901705,0.19803778649358503,0.16448578667869992,0.12399199379866539,0.0458968218157416,-0.1068226256175307,-0.42498814110351557,-0.7859613804912493,-1.0,-0.8206703458169919,-0.528536554325318,-0.29887890041998083,-0.1455809702312784,-0.022942626080316997,0.09043999398377998,0.14597433850496921,0.14134647646153686,0.12225654553237802,0.12052109726609077,0.09564633878264146,0.06556523550032932,0.026228408131153732,-0.0021172468848707493,-0.00848055719459033,0.0013536496477036012,-0.0160008330151691,-0.01310841923802307,0.020443580576862876,0.0528386148808903,0.08234123540777236,0.0996957180706441,0.11357930420094206,0.1257274420649521,0.14539585574954023,0.14423889023868197,0.15696551085812194,0.15465157983640518,0.14944523503754384
0.0772110027855153,0.07938718662952711,0.0889623955431762,0.11028899721448467,0.10419568245125431,0.07677576601671283,0.0737291086350971,0.090703342618385,0.1094185236768799,0.1115947075208922,0.10854805013927657,0.0815633704735376,0.06502437325905296,0.05719011142061288,0.03368732590529232,-0.0072249303621176155,-0.11342270194986229,-0.2627089136490261,-0.4690111420612839,-0.7841225626740957,-1.0,-0.8459261838440121,-0.5530118384401137,-0.3014449860724253,-0.13126740947075355,-0.00809540389972146,0.05675487465181029,0.09505571030640657,0.1472841225626743,0.17470403899721484,0.18036211699164445,0.18427924791086384,0.1890668523676885,0.18297353760445761,0.17252785515320446,0.16251740947075238,0.15337743732590567,0.12726323119777197,0.13814415041782818,0.15555362116991694,0.1398850974930374,0.12769846796657455,0.1189937325905295,0.10027855153203351,0.09853760445682519,0.11420612813370475,0.11464136490250693,0.09287952646239579,0.08852715877437392,0.0924442896935933
0.1093874608081975,0.10556387034751007,0.10228650709549163,0.12522804985961997,0.1356063668243454,0.14543845658039914,0.14816959262374907,0.15090072866709658,0.16182527284049164,0.16018659121448142,0.1574554551711333,0.13506013961567462,0.11266482406021706,0.07934496433136343,0.03673924205512581,-0.019522160437856043,-0.1041873777816634,-0.22872718135835945,-0.4728907436337236,-0.7880638430361498,-1.0,-0.8208374755563329,-0.5215049652053289,-0.2740640396779465,-0.12822137496313066,-0.04683352087134287,0.013797699290996331,0.05094114948053793,0.0667817385319599,0.08371478200072102,0.10720255197351915,0.12413559544228144,0.14106863891104143,0.15199318308443652,0.14106863891104143,0.13451391240700533,0.16127904563182174,0.16291772725783096,0.15090072866709708,0.13724504845035296,0.15199318308443704,0.12959786752897823,0.08371478200072154,0.06678173853195914,0.05968078481925338,0.07606760107934475,0.07005910178397794,0.06295814807127169,0.08589969083540026,0.12468182265095032
0.08361660753781554,0.07693677913518475,0.059866106550685264,0.07842118544688037,0.09103863909629403,0.11404693692757502,0.13037540635622816,0.1311176095120759,0.15783692312259795,0.15561031365505423,0.15412590734335913,0.13408642213546665,0.1333442189796189,0.11553134323927221,0.056897293927293306,0.012365104576424545,-0.05443317944987954,-0.18654534119079155,-0.44186322680244217,-0.7654638027520905,-1.0,-0.8545281814538287,-0.5539359033354624,-0.31717309662000814,-0.17392788754137928,-0.09005893093057486,-0.04330013211216257,-0.005447771163922854,0.0116229014205763,0.07545237282348878,0.11701574955096697,0.14076625053809913,0.157094719966749,0.14373506316148918,0.13037540635622868,0.13631303160301034,0.14002404738225002,0.11256253061588008,0.11701574955096748,0.11627354639511907,0.13928184422640214,0.15189929787581524,0.14150845369394566,0.1415084536939455,0.13185981266792343,0.13557082844716348,0.12443778110944634,0.13779743791470683,0.14225065684979374,0.15709471996674884
0.09345491523908522,0.08395632885223532,0.07892766547096201,0.09010247298490359,0.12027445327254262,0.13759540491915037,0.1577100584442442,0.16162124107412268,0.16497368332830523,0.13815414529484757,0.12474437627811896,0.09177869411199434,0.06887033870841633,0.030317252785320926,-0.030585448165656573,-0.1015454758791787,-0.20100126275325175,-0.318336741649627,-0.5233944595304366,-0.8128219741414954,-1.0,-0.8256730027825271,-0.5245119402818309,-0.2781074345994413,-0.12333635053136305,-0.03729033267402075,0.015231262641500761,0.05937175232156616,0.08228010772514444,0.10295350162593486,0.12753807815660428,0.14988769318448508,0.1621799814498203,0.16385620257691105,0.16106250069842665,0.1543576161900618,0.15994501994703178,0.1571513180685473,0.15938627957133497,0.16609116407969918,0.13983036642193858,0.13927162604624205,0.12977303965939252,0.14541777017890886,0.16217998144982068,0.16720864483109335,0.13983036642193858,0.1213919340239368,0.1236268955267245,0.14430028942751547
0.07894003387432189,0.08644383937568399,0.06714833951503998,0.08912376991188393,0.16308985271101828,0.1732735887485801,0.16684175546169844,0.15237013056621473,0.15129815835173602,0.14486632506485472,0.13897047788521397,0.1309306862766113,0.13093068627661156,0.1089552558797686,0.038741075831314115,-0.031473104217138885,-0.12580665909139732,-0.2501554359711015,-0.4709817121540229,-0.7856055571039604,-1.0,-0.8209806401818068,-0.5138606007332308,-0.24479557489870019,-0.11294299251763536,-0.032009090324379284,0.032845228651673476,0.06714833951503923,0.10037947816392617,0.11967497802457043,0.1368265334562528,0.14165040842141502,0.15880196385309778,0.1518341444589762,0.15772999163861645,0.15022618613725608,0.12932272795489144,0.1314666723838527,0.13736251956349285,0.12610681131145113,0.11270715863044872,0.08805179769740373,0.048924811868876164,0.06178847844263925,0.11806701970284934,0.12932272795489247,0.0869798254829234,0.05482065904851742,0.05857256179919904,0.06607636730056016
0.06952805014273347,0.07786707211120786,0.09221794712672257,0.11839859749286397,0.14438531711555216,0.13527057217326596,0.12887085763932077,0.10230234578627306,0.11161102147201227,0.1073445451160482,0.12247114310537466,0.13158588804766086,0.125767965744074,0.09803586943030895,0.0683644656820155,0.005724835546728962,-0.09880383517438368,-0.25627559885813805,-0.4984950974308074,-0.800833126473874,-1.0,-0.8372921062430198,-0.5694737495345675,-0.3386961648256197,-0.18044867816805393,-0.05303617971949909,0.028996524761077728,0.09047257043564638,0.12945264986967908,0.15466364651855546,0.17444458235075153,0.1833653965495849,0.21866079185801207,0.21730327665384205,0.21400645401514268,0.18666221918828418,0.1680448678168053,0.1335251954821895,0.12363472756609159,0.10908992180712461,0.09822980017376227,0.09590263125232729,0.10113876132555571,0.09784193868685635,0.08543037110587066,0.08174568698026558,0.06564943527367506,0.06817053493856289,0.07495811095941406,0.09221794712672272
0.07189569198070844,0.08347638900242514,0.0848388239461569,0.07393934439630433,0.07802664922749941,0.0725769094525736,0.09131038992888132,0.11413117523638304,0.1318428295048915,0.13661135180795153,0.15193874492493012,0.15977274585138587,0.18225292242295502,0.18225292242295468,0.1669255293059763,0.13388648192048883,0.03817542712335495,-0.1413253767132631,-0.4693315894166071,-0.8201585874274512,-1.0,-0.8538788522848038,-0.5742390800839277,-0.3395596610261875,-0.16176190086923473,-0.05004223548325595,0.025572903893839073,0.09471647728820942,0.1441047439984745,0.15670726722799036,0.1594321371154526,0.1492138750374675,0.1328646557126902,0.12605248099403296,0.13422709065642194,0.12332761110656945,0.1090220441973899,0.09710073843973932,0.08415760647429109,0.08381699773835788,0.08654186762582122,0.0906291724570156,0.09028856372108286,0.091310389928881,0.07121447450884232,0.06474290852611767,0.05759012507152752,0.07496117060410318,0.09846317338347108,0.11038447914112139
0.08033862728238335,0.09582848616660757,0.1075249102220427,0.11526983966415497,0.1154278994486873,0.11337312224975982,0.11937939406201044,0.11795685600121401,0.1255437256587937,0.13234029639370834,0.1370820899296956,0.14783015527793272,0.1481462748469983,0.14846239441606415,0.13739820949876122,0.10799908957564124,0.022172626574275395,-0.15374791361084503,-0.45627434120682014,-0.8096960194223872,-1.0,-0.8604332102574492,-0.5885703808608586,-0.33583278539274836,-0.14884806029032507,-0.023506651155733436,0.05583936067978369,0.10041221991806194,0.12775656264225393,0.13455313337716898,0.1388207475595572,0.13139193768651053,0.13850462799049174,0.13818850842142577,0.13834656820595845,0.13265641596277408,0.13202417682464235,0.12048581255374073,0.11179252440443124,0.1016766981943255,0.08697713823276512,0.07939026857518583,0.061371453138435075,0.05489100197258647,0.049200849729401946,0.05789413787871125,0.06674548581255393,0.07670325223812689,0.08065474685144929,0.08855773607809418
0.0831846345596872,0.05718102992207858,0.0396958474933418,0.04552424163625427,0.05224931180115292,0.07063117025187672,0.08856469069160586,0.1141199573182214,0.13026012571397882,0.12622508361503945,0.13519184383490437,0.12443173157106699,0.0961864368784909,0.058974381966051884,0.008312186723814828,-0.047730064650341825,-0.14815777911282985,-0.29610932274060164,-0.5364184966329831,-0.8184231055477349,-1.0,-0.842185020130378,-0.4911363575226654,-0.16250459546461332,0.04911094572420066,0.14953866018668796,0.18809572913210804,0.2015458694619048,0.2069259255938238,0.21185764371474944,0.21544434780269617,0.22889448813249336,0.23337786824242615,0.2140993337697165,0.1827156730001895,0.14012356195583026,0.10066981698842432,0.07242452229584898,0.06480277610896426,0.06614779014194384,0.06659612815293735,0.05538767787810581,0.04373088959228232,0.04104086152632149,0.049110945724200765,0.062112748043004665,0.07332119831783568,0.06166441003201105,0.062112748043004457,0.0710795082628696
0.06038235645348569,0.06933874697382535,0.06336781996026625,0.07232421048060546,0.08616590492112984,0.1081497725619622,0.13691878453638495,0.13909003072313408,0.1401756538165087,0.15673140599046828,0.17030169465764924,0.1681304484708999,0.1678590426975567,0.1678590426975569,0.16188811568399736,0.1255197420559527,0.032427561799094236,-0.16759849315514727,-0.48297200178042304,-0.8203293780465294,-1.0,-0.8675539826083177,-0.5738929358505325,-0.29841607590676816,-0.0989328324992134,0.02319976550541138,0.09783635317490472,0.13257629216288705,0.1333905094829178,0.14234690000325714,0.15374594248368886,0.15130329052359623,0.14886063856350407,0.13529034989632316,0.12307709009586038,0.11764897462898849,0.10435009173515165,0.06445344305364017,0.05414002366658346,0.05386861789324006,0.06581047192035895,0.07612389130741605,0.08263762986766282,0.08345184718769293,0.06553906614701512,0.04301238695949548,0.03269896757243775,0.05006893706642934,0.06961015274716924,0.07802373172082142
0.09171938791410829,0.08922616636020898,0.09358930407953411,0.11914482500701255,0.15093339981924156,0.15467323215009274,0.15031009443076743,0.16121793872908027,0.15872471717518075,0.14688191479415386,0.13877894474397764,0.11010689687412342,0.08704459750054551,0.07956493283884483,0.053074453828653646,-0.012372611961231142,-0.09215570168604213,-0.23645089911802417,-0.48203322217720784,-0.7943092218032233,-1.0,-0.8466668744351299,-0.5618163119020182,-0.3339981924143749,-0.18752142612273,-0.08498768971857881,-0.01704740237479421,0.030012154455075584,0.07364353164833101,0.11633995075887416,0.15436157945585482,0.17056751955620708,0.18272197463147086,0.1746190045812952,0.16277620220026873,0.15529653753856748,0.14719356748839177,0.13036432199956424,0.10886028609717348,0.1222613519493876,0.12724779505718803,0.11104185495683601,0.10044566335275956,0.08984947174868355,0.09732913641038504,0.11166516034531139,0.12600118428023854,0.13192258547075225,0.12662448966871362,0.11322342381649891
0.0892385284571483,0.1052256904644115,0.10401911219971356,0.11095693722173333,0.1305638340230945,0.14685264059653283,0.1664595373978937,0.1727940732875641,0.186066434199255,0.18908287986100242,0.183954922236032,0.17460394068461274,0.14685264059653283,0.1025108893688394,0.031926060883938394,-0.03473738824068899,-0.12040444503432812,-0.25704943351150594,-0.490823972296964,-0.7912619602070491,-1.0,-0.860941854993424,-0.5767926736567778,-0.3306507076581538,-0.1731922441149156,-0.07304624814488667,0.005682983626732624,0.06691683056021412,0.11246516005260672,0.15258388735385311,0.174302296118438,0.18546314506690545,0.18938452442717765,0.19089274725805155,0.19390919291979952,0.17007927219199154,0.13810494817746413,0.11487831658200486,0.10130431110414027,0.08773030562627483,0.08592043822922593,0.08471385996452624,0.07747439037633157,0.08350728169982731,0.07777603494250661,0.06812340882491345,0.056962559876446224,0.07596616754545761,0.08531714909687622,0.08833359475862426
0.12596733309831987,0.12722633496164248,0.1192526564939308,0.1276460022494168,0.12638700038609338,0.12177066022057738,0.11757398734283506,0.10876097429957585,0.13268200970270835,0.17422907119235953,0.18723875711336144,0.17129140017793953,0.16751439458797074,0.1410753554581933,0.10834130701180116,0.038256869953501055,-0.07589263232109689,-0.2743952594383182,-0.5383659834483233,-0.8262577428614595,-1.0,-0.8568934548689799,-0.5841097178157163,-0.3541320441154267,-0.19339947289788756,-0.08554497993990479,-0.006227862550570491,0.044971546557888674,0.0714105856876666,0.08651860804753954,0.10372496684628416,0.11253797988954338,0.11883298920615756,0.12135099293280308,0.14317369189706422,0.15240637222809802,0.16205871984690592,0.15744237968138922,0.1305836732638365,0.10624297057293014,0.10540363599738155,0.12764600224941688,0.13813768444377347,0.13436067885380468,0.13771801715599918,0.14359335918483887,0.12177066022057707,0.09113494821305683,0.07938426415537762,0.10960030887512395
0.053209893860756474,0.05632705225916049,0.0578856314583623,0.0703542650519787,0.09607082183881184,0.1163323514284386,0.13464565701906184,0.13464565701906184,0.13113885382085735,0.14906251461167966,0.17010333380090736,0.1864684153925284,0.17516871619831445,0.15958292420629333,0.1362042362182632,0.07230248905098133,-0.05043562288617736,-0.2444787331868281,-0.5238540546437878,-0.8297252224871813,-1.0,-0.8807686912610465,-0.6193170305949109,-0.3664375555243856,-0.18408378921775043,-0.04731846448777371,0.018531506678511868,0.07580929224918562,0.12217702342544524,0.15217967301008462,0.16153114820529652,0.18023409859572065,0.1981577593865435,0.20127491778494785,0.2024438521843493,0.19971633858574567,0.17984445379592,0.15802434500709214,0.14438677701407412,0.13581459141846328,0.12217702342544554,0.09568117703901166,0.06879568585277669,0.05944421065756458,0.037234457068936265,0.034506943470332535,0.04268948426614264,0.061002789856766944,0.0902261498418041,0.10503265223422369
0.07965124199627675,0.08816584169656262,0.07198810226601862,0.10008628127696297,0.10093774124699187,0.08986876163661969,0.08419236183642886,0.08305708187639098,0.10405976113709672,0.10945234094727772,0.10888470096725925,0.11030380091730643,0.11143908087734457,0.10377594114708728,0.09923482130693392,0.08816584169656262,0.014656464284092155,-0.15989282957177398,-0.4505244993415396,-0.7933790472730586,-1.0,-0.8492915853049372,-0.5546864356750392,-0.2961264247763519,-0.11249489124018064,-0.010887334816766354,0.04502520321511345,0.09951864129694389,0.1355637800281557,0.1452136596884799,0.1338608600880977,0.14124017982834622,0.14237545978838398,0.14067253984832642,0.14720039961854642,0.12364334044775463,0.12165660051768844,0.12449480041778287,0.12137278052767893,0.11399346078743049,0.09213932155669619,0.07425866218609489,0.07738068207620007,0.09242314154670589,0.10576268107715399,0.1114390808773447,0.10349212115707752,0.10831706098723971,0.09327460151673451,0.08504382180645782
0.10252104180537241,0.09009966909463105,0.1015273319885128,0.15220653264833578,0.16164677590849955,0.13531346576172879,0.1556845170073438,0.17704927806981863,0.17158387407709277,0.15518766209891433,0.139288305029166,0.12140152832569832,0.08612482982719441,0.05035127642025965,0.0006657855772944165,-0.03709518746335752,-0.12305108662168629,-0.27260441405900787,-0.5145727544642433,-0.8027486013534334,-1.0,-0.8544215118301156,-0.5816481671022441,-0.34812636014031395,-0.19360448361869506,-0.0818121292220252,0.007621754295310857,0.053829260779267404,0.09357765345363891,0.15021911301461793,0.18847694096370038,0.18599266642155213,0.17853984279510748,0.18947065078055964,0.19145807041427806,0.1601562111832113,0.14028201484602484,0.14276628938817365,0.12835749704371396,0.12835749704371371,0.13730088539544721,0.1517096777399062,0.15121282283147708,0.15419395228205537,0.12935120686057264,0.08264684546818654,0.054822970596126556,0.06177893931414208,0.06774119821529716,0.07916886110917877
0.09164266229183092,0.10356536502546677,0.09641174338528448,0.09068884607313872,0.09927319204135776,0.11739570019648636,0.15888670570954389,0.16985559222449065,0.17367085709925456,0.15220999217870768,0.13551820835161538,0.1159649758684495,0.09736555960397612,0.09021193796379329,0.07018179737128317,0.04299803513858899,-0.021384559623051712,-0.18877930600332116,-0.4696781824078154,-0.7996985940748947,-1.0,-0.8726655348047541,-0.5760286907918597,-0.30991396577707503,-0.09864367333702245,0.026306251311496796,0.08591976497968394,0.11501115964975853,0.1178726083058318,0.13599511646096094,0.1469640029759067,0.153640716506744,0.15554834894412595,0.14314873810114367,0.1264569542740505,0.10594990557219428,0.11358043532172266,0.12454932183666875,0.11358043532172221,0.10499608935350352,0.08448904065164753,0.08687358119837436,0.07352015413670121,0.06159745140306369,0.058259094637645434,0.05778218652829967,0.0811506838862287,0.08735048930772035,0.08591976497968361,0.0844890406516473
0.08963881678043754,0.10149665096304868,0.09604845687914626,0.09508701086433974,0.09893279492356524,0.11335448514565952,0.1335448514565905,0.14123641957504138,0.1572605198218122,0.14572316764413704,0.12457135531839886,0.10053520494824178,0.08226773066692251,0.0627183283658626,0.043168926064801334,-0.0074672307149966375,-0.11386725635355686,-0.26545524468801235,-0.505816748389579,-0.8019421209499089,-1.0,-0.8561035797839932,-0.5926673717270785,-0.352305868025512,-0.18853956350351064,-0.04816844534179443,0.050860494183251365,0.10438098900746767,0.13162195942697782,0.1431593116046535,0.15277377175271672,0.15501714578726467,0.15790148383168387,0.15886292984648978,0.16142678588597278,0.1598243758612955,0.1486075056885562,0.13450629747139747,0.1268147293529467,0.11880267922956077,0.1280966573726881,0.14892798769349108,0.1514918437329755,0.14732557766881432,0.11720026920488466,0.10822677306669228,0.11079062910617654,0.11303400314072401,0.11207255712591807,0.10502195301733842
0.08496202099513513,0.08602884697448174,0.13776990697277533,0.17297516429120116,0.19484509686779963,0.16497396944610465,0.10416488862336792,0.07322693522232655,0.09669710676794407,0.10256464965434811,0.11696680037552311,0.12443458223094755,0.11163267047879175,0.10523171460271429,0.07589400017069223,0.014018093368609269,-0.1054664163181718,-0.2542886404369741,-0.4927242468208608,-0.794635998975848,-1.0,-0.8501109499018532,-0.5642015874370594,-0.33323376290859585,-0.16467525817188822,-0.04572416147478071,0.01668515831697482,0.05349065460442096,0.086028846974482,0.10149782367500298,0.1351028420244094,0.1292352991380045,0.11536656140650417,0.10256464965434836,0.09723051975761762,0.11750021336519592,0.13830331996244813,0.1473713407868909,0.14790475377656495,0.15697277460100775,0.1681744473841435,0.14737134078689054,0.11750021336519616,0.11376632243748436,0.09136297687121259,0.11269949645813862,0.12550140821029282,0.13083553810702442,0.1345694290347372,0.151638644704277
0.13031638465056453,0.10277304286367667,0.07990687232361889,0.1012139857813996,0.10693052841641411,0.13083607034465608,0.15889909782563547,0.18696212530661488,0.19787552488255183,0.21294641001122627,0.22645823805762327,0.22853698083399307,0.22334012389306962,0.21866295264624125,0.19683615349436717,0.1412297842265003,0.03885170249033306,-0.1409595476655728,-0.43042447927493643,-0.7791335800108108,-1.0,-0.8482517773250745,-0.5712593023739256,-0.3254479690683091,-0.16798320375836828,-0.06820355049266316,-0.01675466677753371,0.025339874443935817,0.04456824512534817,0.06171787303039096,0.058599758865837806,0.06067850164220678,0.067954101359497,0.06639504427722165,0.052883216230823794,0.04508793081944056,0.03313515985531941,0.035733588325779796,0.0357335883257804,0.05808007317174554,0.08250530079407951,0.11420612813370458,0.12408015632145775,0.13031638465056442,0.1339541845092092,0.11888329938053453,0.09913524300503136,0.0762690724649737,0.06535567288903638,0.07522970107678893
0.0928324193987479,0.0908878777272204,0.07209064156911604,0.16089137790222932,0.21015310024760597,0.20107857244714145,0.20107857244714267,0.1868186001892692,0.19459676687538277,0.19913403077561367,0.1582986556735244,0.09931422497050749,0.08829515549851487,0.06431247488300249,0.02282891922373835,-0.05171184485150223,-0.15736527567119238,-0.29153865100662657,-0.5021973320888289,-0.7971194856039109,-1.0,-0.8223985273337742,-0.5482181516483252,-0.32005859552237065,-0.21116426191680096,-0.11069627555451947,-0.03421096980775034,0.033199808138554575,0.05523794708254053,0.0779242665836988,0.08051698881240281,0.10709239165662045,0.12264872502884452,0.12718598892907693,0.1660768223596366,0.15829865567352486,0.1783922529459814,0.1719104473742209,0.19524494743255796,0.18422587796056578,0.19330040576102972,0.1647804612452858,0.14014960007259644,0.11162965555685132,0.07533154435499584,0.09607332218462782,0.09218423884157209,0.09542514162745235,0.07273882212629167,0.10449966942791551
0.1307674332055298,0.11042833279961212,0.0983114219194923,0.1151885477882314,0.16884915311447932,0.1848607853489247,0.20390164530339905,0.185726278983219,0.1688491531144803,0.14288434408565004,0.1312001800226765,0.12124700322829161,0.11215932006820155,0.09571494101660843,0.03686137388459504,-0.007278801464415483,-0.10291584805393866,-0.24226032317532498,-0.5019084134636207,-0.8065621727352198,-1.0,-0.8403164244726986,-0.5560017656070153,-0.3145290416389006,-0.17215533879748468,-0.11416726529976427,-0.05704468543633921,-0.007278801464415483,0.04291982932465485,0.06845189153633711,0.103937130542405,0.10956283916531791,0.12946919275408766,0.13249842047411792,0.14937554634285713,0.14201885045135532,0.15110653361144513,0.1424515972685022,0.12470897776546867,0.12470897776546899,0.10263889009096366,0.10263889009096337,0.11259206688534797,0.1372586354627365,0.1346621545598544,0.15240477406288708,0.1571649890515062,0.15629949541721155,0.13466215455985336,0.1039371305424048
0.11569678345266053,0.12299421880954535,0.12785917571413505,0.14731900333249576,0.14934606870940834,0.14488652488020085,0.142454046427906,0.11610219652804338,0.11123723962345293,0.12299421880954554,0.14488652488020093,0.14123780720175805,0.1513731340863213,0.14285945950328863,0.13596743722178573,0.09461530353276949,-0.01930577064971584,-0.21714735143638006,-0.4879632857918952,-0.7924285054041569,-1.0,-0.8560783582392105,-0.5844515977329322,-0.3379604479003677,-0.18187641387810194,-0.07403653582635385,-0.010386682991300246,0.027316733019272812,0.06339849672831652,0.08569621587435447,0.0861016289497374,0.06137143135140337,0.08853410740203169,0.1144805442265128,0.13758908952331517,0.15218396023708586,0.16758965710162152,0.16475176557394375,0.17975204936309652,0.15542726484014588,0.12258880573416309,0.09623695583429989,0.07880419359285144,0.07758795436670426,0.07029051900981972,0.07312841053749702,0.08123667204514676,0.11812926190495557,0.12583211033722322,0.1217779795833979
0.054557834709337096,0.07115499191420502,0.06477146991233307,0.06434590177887445,0.07838965018299446,0.0851987403183245,0.11456294152693855,0.12945782619797447,0.14605498340284215,0.13456464379947206,0.12307430419610245,0.13116009873180703,0.144778279002469,0.15116180100434115,0.14520384713592682,0.12009532726189434,0.032002723636053804,-0.16290748148778675,-0.4680398331772927,-0.8038130904757853,-1.0,-0.8616903566260964,-0.5889011830794121,-0.35526427781087877,-0.1986552046982731,-0.08417737679802632,-0.016937611711635242,0.02774704230147255,0.06264362924504249,0.09541237552132065,0.13754362073367987,0.1558430504723813,0.1473316878032179,0.1417993020682618,0.15073623287088292,0.16520554940846063,0.16307770874117036,0.14562941526938514,0.11541407779385497,0.1162652140607715,0.13201123499872366,0.14137373393480368,0.13839475700059609,0.15499191420546418,0.16009873180696285,0.130308962464891,0.0962635117882375,0.07115499191420491,0.04859988084092219,0.05200442590858771
0.13149651601355247,0.11711308572524423,0.1311768842293679,0.09665665153742883,0.08323211660167487,0.09505849261650601,0.12542351211404534,0.15067442306462958,0.1621811672952759,0.16665601227386093,0.1596241130218,0.16026337659016804,0.1704915936840759,0.17752349293613795,0.15514926804321483,0.11167934539410629,0.008118647318289032,-0.1961260627756837,-0.49114619957808736,-0.8245221504826437,-1.0,-0.8702294956210438,-0.5963050565748267,-0.34219778814805496,-0.17918557821389874,-0.06188071341814254,0.031771399347951076,0.08195358946493676,0.1030492872211215,0.1174327175094295,0.13693025634469064,0.13085725244518337,0.13341430671866047,0.14300326024419896,0.1372498881288758,0.11647382215687545,0.10752413219970584,0.09761554688998288,0.11615419037269013,0.11967013999872156,0.09921370581090579,0.08163395768075167,0.07875727162309044,0.06597200025570564,0.06980758166592091,0.08003579875982883,0.09026401585373678,0.08834622514862847,0.06884868631336687,0.06309531419804366
0.08449549611094297,0.10084222237403269,0.0925468687479875,0.07254042764987781,0.08986307786897242,0.11401719578010501,0.13987918061424665,0.13792733270223595,0.13085188402119746,0.12402041632916005,0.13987918061424665,0.1737925380854329,0.17964808182146497,0.14671064830628427,0.11694496764812093,0.08522743907794718,0.009593332487532113,-0.17485629519747906,-0.47544087364712656,-0.8035953038539241,-1.0,-0.87410580967531,-0.5903559194667563,-0.33417588101535245,-0.1507021772863468,-0.033103340587701965,0.028623849629636506,0.06546497896883914,0.09889037446202188,0.1381713136912375,0.1596416407233553,0.15890969775635108,0.1476865722622895,0.13621946577922686,0.14719861028428702,0.14305093347126405,0.1376833517132346,0.12109264446114369,0.10791767105507163,0.08961909687997134,0.08156772424292688,0.07595616149589635,0.08473947709994467,0.0818117052319283,0.07717606644090289,0.07668810446290067,0.06839275083685456,0.07522421852889202,0.08864317292396566,0.10718572808806742
0.07549955990718024,0.06822529842657735,0.07986411679554246,0.09623120512689995,0.14169533938067005,0.14169533938066953,0.15078816623142402,0.13769449556633803,0.12423711182722205,0.11514428497646832,0.1155079980504981,0.1220548333830411,0.1260556771973734,0.1144168588284075,0.08313753446181343,0.040583104800284674,-0.037978919190230144,-0.19110212335692753,-0.45588524125088364,-0.785409286322207,-1.0,-0.8559696226840573,-0.569000007274263,-0.3271308130442075,-0.17837216576587195,-0.0648936866684619,0.029671712579380033,0.08059154294360296,0.11332571960631715,0.13332993867797588,0.1478784616391825,0.16133584537829898,0.16133584537829856,0.17261095067323365,0.15333415774963507,0.14205905245469982,0.14169533938067005,0.1431501916767906,0.1387856347884292,0.11259829345825684,0.08604723905405502,0.07659069912927068,0.09113922209047663,0.09332150053465826,0.09986833586720144,0.088593230572266,0.08822951749823606,0.08786580442420602,0.08677466520211585,0.10277804045944262
0.078488593397112,0.06580049229832265,0.05882203669398849,0.07975740350699154,0.10513360570457113,0.09181109955084134,0.10767122592432814,0.11401527647372289,0.11909051691323957,0.10957444108914709,0.10323039053975175,0.1051336057045698,0.11718730174842064,0.1025959854848119,0.060090846803868045,0.011241657573526622,-0.047123607480904633,-0.1644885426447095,-0.4556804628619302,-0.7881087116502153,-1.0,-0.8515492171441621,-0.5470347907732147,-0.28248788286345256,-0.09280077143654772,-0.012231329459233433,0.03661785977110666,0.06706930240820204,0.09054228944096225,0.12987540284721028,0.16349887075900255,0.169842921308398,0.18126221229730843,0.17301494658309516,0.17047732636333696,0.15778922526454717,0.1603268454843055,0.16793970614357892,0.19141269317634002,0.18506864262694525,0.17745578196767112,0.1431979090009398,0.07404775801253605,0.05501560636435165,0.05374679625447285,0.05628441647422956,0.03725226482604605,0.054381201309412104,0.05057477097977511,0.0651660872433831
-0.0038491147036184624,0.027970233512957677,0.040800615858352304,0.028483448806774087,0.022324865280985758,0.040287400564537085,0.059276366435720394,0.0664613805491406,0.0644085193738783,0.06184244290479803,0.06030279702335119,0.057223505260457025,0.06132922761098318,0.04080061585835218,0.009494482935591374,-0.046445984090326096,-0.13728509109571543,-0.27893251218886506,-0.5093661791121391,-0.8054914036438289,-1.0,-0.8486014883243518,-0.4996150885296393,-0.15268154991018842,0.08852963818321771,0.22453169104439338,0.27380035925070634,0.25737746984860177,0.23787528868360336,0.23428278162689264,0.2281241981011037,0.2050295098793945,0.16653836284321288,0.14087759815242554,0.12137541698742703,0.12034898639979541,0.11624326404926914,0.1167564793430852,0.1331793687451886,0.13625866050808347,0.13471901462663605,0.13779830638953078,0.13266615345137267,0.11624326404926891,0.09314857582755967,0.06800102643058852,0.06748781113677127,0.050551706440852044,0.0274570182191427,0.012060559404670084
0.06990482441745942,0.06727929110600622,0.06695109944207422,0.06793567443386977,0.09058089924515934,0.1017394158188384,0.10239579914670179,0.11683623235969826,0.125369215621923,0.13685592385953396,0.1358713488677388,0.1237282573022648,0.12930751558910394,0.11847719067935683,0.09419100754840792,0.04955694125369194,-0.038726616343945856,-0.19724319002297486,-0.475877912701019,-0.8004594683295045,-1.0,-0.8480472595996065,-0.5667870036101099,-0.32589432228421544,-0.16376764030193755,-0.057105349524122766,0.0026255333114530892,0.04693140794223845,0.0748276993764357,0.07778142435182159,0.08828355759763731,0.11388250738431277,0.15162454873646283,0.15096816540859853,0.14637348211355478,0.14998359041680404,0.16409583196586883,0.16803413193304956,0.16442402362980077,0.1565474236954386,0.15162454873646278,0.15654742369543875,0.15425008204791624,0.12897932392517242,0.0955037742041357,0.08139153265507076,0.09320643255661375,0.11683623235969864,0.11782080735149351,0.12438464063012804
0.033424535975744296,0.04081934481993707,0.08457196381473653,0.06854987798565383,0.04328428110133347,0.06916611205600262,0.08518819788508515,0.08518819788508515,0.09751287929207045,0.08457196381473667,0.07656092090019526,0.040819344819935495,0.02479725899085482,0.01555374793561542,0.008158939091424074,-0.024501466637087927,-0.12125021568192594,-0.2679139244250562,-0.5026991052281311,-0.8058862678399772,-1.0,-0.8551849934679185,-0.5754147255293464,-0.3227587566861414,-0.1440508762848496,-0.03066380734058086,0.04451674924203117,0.09135053858857765,0.12709211466883613,0.14434666863861634,0.1819369469299216,0.23246814069856273,0.2953240158741903,0.3021025906480329,0.2774532278340616,0.23061943848751554,0.19118045798516226,0.1936453942665591,0.21459735265843458,0.1998077349700516,0.17454213808573082,0.14249796642756818,0.11230249698045357,0.09319924079962658,0.09073430451822817,0.09936158150311807,0.10614015627696063,0.0827232616036886,0.07224728240775051,0.09196677265892643
0.06537640270773704,0.08218617963745417,0.07219117713870339,0.11126255054291105,0.11898596156467302,0.12761800917722996,0.13897596656217437,0.1285266457680259,0.14351914951615105,0.13443278360819716,0.12716369088183205,0.11353414201989923,0.10808232247512639,0.10808232247512607,0.08627504429603369,0.05992458316296357,-0.04411430648312299,-0.22447866975603287,-0.5043387397210506,-0.8132751805915222,-1.0,-0.8346281404752176,-0.5611285266457693,-0.31534232883558483,-0.16269138158193797,-0.027758847848803336,0.04811230748262219,0.10626504929353571,0.14261051292535631,0.15896597155967498,0.1807732497387676,0.16986961064922151,0.1566943800826866,0.13852164826677582,0.13761301167598022,0.12670937258643455,0.1385216482667756,0.13352414701740123,0.10989959565671763,0.10217618463495533,0.12443778110944584,0.14397346781154888,0.13034391894961606,0.11489709690609191,0.07809731497887412,0.05992458316296399,0.05992458316296388,0.07037390395711206,0.052655490436600574,0.07673436009268082
0.11644502108336076,0.10930911449886507,0.1307168342523521,0.10930911449886493,0.10736295815763848,0.10087577035355234,0.12877067791112579,0.13850145961725696,0.1806681803438219,0.17288355497891764,0.1547194291274734,0.14239377229970865,0.1164450210833612,0.10022705157314342,0.0775218942588386,0.04638339279922131,-0.04184236133636145,-0.19623743107363076,-0.45442750567629125,-0.7664612390528709,-1.0,-0.8092766785598456,-0.5115147583522561,-0.2701913720402228,-0.09438858254946438,-0.012001297437561249,0.04313979889717824,0.08400908206292686,0.12163477132662981,0.11579630230295139,0.12163477132662967,0.09763217645150866,0.10282192669477849,0.11190398962049924,0.1404476159584819,0.12941939669153396,0.10801167693804785,0.09179370742783037,0.058709049626986955,0.030814142069412447,0.01978592280246539,0.06130392474862126,0.069737268893934,0.07817061303924797,0.07492701913720413,0.09309114498864746,0.09049626986701315,0.13396042815439546,0.1281219591307169,0.11644502108336059
0.1046849569867474,0.09596605440595192,0.08695652173913032,0.10061613578237653,0.13520111601953066,0.13665426644966353,0.12561032318065585,0.11195070913741031,0.11660079051383426,0.12037898163217864,0.13026040455707993,0.11747268077191428,0.10352243664264152,0.09654731457800533,0.08928156242734289,0.06312485468495688,-0.0162171588002802,-0.17490118577075264,-0.46611253196931224,-0.8026621715880035,-1.0,-0.8520692862125099,-0.5666705417344822,-0.3135317368053963,-0.13973494536154527,-0.03568937456405544,0.02766798418972311,0.07155312717972609,0.10323180655661504,0.12328528249244423,0.13374796558939792,0.12706347361078868,0.12531969309462898,0.13171355498721296,0.13520111601953066,0.12444780283655046,0.10846314810509254,0.09654731457800533,0.09712857475005841,0.09712857475005861,0.104975587072774,0.12066961171820512,0.12444780283655012,0.12212276214833807,0.10497558707277407,0.10700999767496018,0.10468495698674768,0.11078818879330476,0.10817251801906566,0.12241339223436436
0.09600741454195236,0.08056045214167629,0.0678394242826251,0.09110073236774709,0.1074563396150982,0.10691115270685331,0.11381685354462417,0.12217638613771452,0.15107129227470237,0.16033946971486804,0.1556145165100776,0.15216166609119217,0.16070292765369817,0.15234339506060723,0.12653788140367522,0.0881930688571064,-0.0030348737892313586,-0.1804023479382864,-0.46662547476693533,-0.8026423392152958,-1.0,-0.8378977592818083,-0.5476765951260317,-0.2988896359968761,-0.12969996547149706,-0.029567303323823214,0.03912624711505232,0.07256437748741539,0.10254965744089324,0.12562923655659994,0.13417049811910572,0.128718629036655,0.12363021789303515,0.12690133934250525,0.12690133934250505,0.12817344212840986,0.12472059170952429,0.11872353571882936,0.11199956385047374,0.12363021789303455,0.12962727388373052,0.1056390499209485,0.06656732149672011,0.062024097261344405,0.06656732149672015,0.06802115325203979,0.05457320951532848,0.06002507859777893,0.0741999382121504,0.08891998473476696
0.061641710329175974,0.08291887195581457,0.09222763016746924,0.1033094851813427,0.13123575981630764,0.13788487282463205,0.12946266301408754,0.09533054957135444,0.06518790393361507,0.07095046854082951,0.08602179135969852,0.09843346897523954,0.12015390480243325,0.10242293678023315,0.064301355532505,0.006675709460357478,-0.08907151785951786,-0.23845492344654654,-0.4627516689273666,-0.7783628997225105,-1.0,-0.8590388042235169,-0.5669211060577866,-0.30671915033201325,-0.1396047767227861,-0.050949936611789336,0.014211370869792758,0.08868143656302861,0.14098779222851734,0.18575848648457038,0.2070356481112094,0.20304618030621466,0.20348945450676947,0.19063450269067478,0.17068716366570086,0.15118309884128187,0.14763690523684092,0.13788487282463233,0.1494100020390609,0.14630708263517697,0.15118309884128137,0.14941000203906155,0.13300885661852713,0.10774222718689401,0.0815890493541501,0.06164171032917556,0.056322419922515625,0.06829082333749965,0.059425339326400414,0.03814817769976141
0.17814517314657782,0.15809732561714038,0.1560925408641966,0.12201120006415433,0.13337164699750134,0.11933815372689502,0.13804947808770338,0.1661164646289146,0.18816909691129588,0.20821694444073285,0.22225043771133887,0.23561566939763026,0.2028708517662156,0.16678472621322943,0.10998249154649054,0.03914676360914702,-0.047727242351747225,-0.2188022079362759,-0.45670333195226237,-0.768113230242847,-1.0,-0.8429585276860782,-0.526202536720976,-0.24887397923043122,-0.05908768928509468,0.047834164205236396,0.08726159767979529,0.10797770679354708,0.08458855134253734,0.03179588618168692,-0.031688964328197275,-0.06977987463412734,-0.08514989107336282,-0.08915946057925003,-0.08381336790473323,-0.07378944414001565,-0.05908768928509375,0.010411515483620796,0.07723767391507741,0.12735729273867052,0.17346734205637554,0.17547212680931928,0.1875008353269806,0.19551997433875568,0.1794816963152062,0.15007818660536454,0.1333716469975018,0.10998249154649099,0.10998249154649131,0.12735729273867036
0.17909283405772983,0.17630669787139222,0.15958988075337185,0.13061406441546886,0.12058397414465699,0.1233701103309937,0.15178869943162848,0.17742115234592745,0.19636687841301767,0.20416805973475957,0.20305360526022567,0.17519224339685702,0.1673910620751147,0.10888220216204168,0.04424384263902838,-0.016493926223114293,-0.11958096511757633,-0.26000222890894953,-0.4851220327649634,-0.8010698762955538,-1.0,-0.8333890560570605,-0.49292321408670575,-0.2037222779449474,-0.013707790036777967,0.11389724729744834,0.20639696868383056,0.24317396634347588,0.24038783015713888,0.20026746907388931,0.1579181990415696,0.12169842861919078,0.09049370333221904,0.021954753148334432,-0.033767970578403146,-0.07611724061072148,-0.07444555889892013,-0.07500278613618727,-0.06162933244177038,-0.049370333221889086,-0.03766856123927444,0.00579516326758094,0.07433411345146645,0.11055388387384368,0.11835506519558692,0.1049816115011695,0.11835506519558768,0.13340020060180663,0.1378580184999453,0.1161261562465166
0.07460351326363668,0.06606926961098043,0.05682383898726842,0.06393570869781727,0.06749164355309063,0.10376217907687942,0.13434321883223288,0.12723134912168418,0.13505440580328668,0.08811606571367664,0.049000782305669094,0.014152620723987852,0.0013512552450026542,0.00846312495555052,0.006329564042386712,-0.011450110233981544,-0.09039186402105273,-0.241874688855702,-0.5171040466538676,-0.7994452741625787,-1.0,-0.8406941184837503,-0.5775549391935154,-0.3570869781665612,-0.209871275158241,-0.13092952137116998,-0.11741696892113067,-0.051987767584099294,0.02837636014508226,0.07531470023469211,0.12794253609273895,0.19194936348766065,0.2737358651589512,0.33560913164071043,0.3882369674987586,0.40388308086196034,0.39179290235403075,0.35409999288813265,0.3121399615959051,0.257378564824693,0.22750871204039666,0.17488087618234863,0.09167200056895015,0.06322452172676102,0.07673707417680115,0.07104757840836365,0.03691060379773867,0.03691060379773851,0.026242799231917618,0.00348481615816763
0.005414958437368069,-0.02643773825303376,-0.01051138990783416,-0.0022913391490194377,-0.02592398508060822,-0.034144035839421986,-0.01462141528723979,-0.005887611356000725,-0.0028050923214452206,-0.004860105011148691,-0.015135168459665567,-0.050584137357049516,-0.06651048570225031,-0.05829043494343702,-0.0490428778397717,-0.06496922618497333,-0.09322565066839411,-0.21704016522302255,-0.4821368021947558,-0.8150488579266988,-1.0,-0.8145351047542728,-0.4513116118492056,-0.13021587908305504,0.06603783278361776,0.1759810116827484,0.24122766458082973,0.2561265065811792,0.23763139237384903,0.20372368299374385,0.20577869568344756,0.23454887333929436,0.24687894947751413,0.22735632892533209,0.2360901328565715,0.22273255037349995,0.20064116395918827,0.1687884672687863,0.14310080864749394,0.13179823885412584,0.1436145618199204,0.15851340382027002,0.1384770300956612,0.14104579595779068,0.15543088478571404,0.15080710623388202,0.11022060561224005,0.08042292161154159,0.07477163671485683,0.07836790892183702
0.06581665658062232,0.051209281943198744,0.07051188414265176,0.0840758748774028,0.10024832536883575,0.10650862878487549,0.1200726195196259,0.1305064585463586,0.1445921412324459,0.12320277122764607,0.08668433463408474,0.0778155714613627,0.08981448634210479,0.08407587487740352,0.07103357609398828,0.02408130047369634,-0.03800004173535653,-0.17729179274222293,-0.44126792011853005,-0.7918449114167079,-1.0,-0.8424490306963556,-0.5565618413639131,-0.31449677594374303,-0.15642411468875986,-0.052607416372781296,0.014690845349637419,0.060599737067255965,0.10494355293086498,0.12581123098432875,0.14407044928110924,0.16806827904259186,0.1951962605120939,0.19571795246342993,0.1711984307506107,0.14720060098912832,0.1498090607458116,0.14720060098912907,0.13207153440036798,0.1268546148870013,0.13833183781640665,0.13520168610838743,0.12320277122764546,0.13259322635170437,0.1138123161035874,0.08981448634210516,0.07990233926671057,0.07833726341270043,0.08355418292606603,0.08251079902339227
0.04218985434454996,0.03591160220994455,0.03277247614264192,0.015193370165745533,0.06290808638874913,0.07734806629834173,0.07923154193872425,0.07672024108488212,0.07106981416373705,0.07483676544450092,0.07923154193872542,0.08048719236564539,0.08362631843294918,0.07169763937719799,0.039678553490707244,0.012682069311903105,-0.03879959819186362,-0.15808638874937367,-0.42616775489703834,-0.7727272727272736,-1.0,-0.8304871923656465,-0.5190858864892038,-0.27925665494726415,-0.11664992466097573,-0.02812656956303401,0.03653942742340461,0.11062280261175333,0.15331491712707218,0.177172275238575,0.20291310899045759,0.21798091411351098,0.2393269713711708,0.22049221496735324,0.21546961325966926,0.20668006027122235,0.17780010045203523,0.14013058764440017,0.10560020090406833,0.0855097940733298,0.09178804620793711,0.10748367654445071,0.10999497739829327,0.08550979407333009,0.08237066800602674,0.0955549974886995,0.10560020090406833,0.09994977398292326,0.09178804620793637,0.07420894023103967
0.1445724664808738,0.12238814247882106,0.12862748360439855,0.1265477032292056,0.13625334498010416,0.11476228110311497,0.11753532160337225,0.12516118297907736,0.15427810823177088,0.15774440885709204,0.13348030447984752,0.07801949447471715,0.041276707846318365,0.038503667346061546,0.02117216421945887,-0.015570622408941207,-0.12302594179388072,-0.26375774718189865,-0.4745088252013941,-0.7809298004797364,-1.0,-0.8454029921106999,-0.5590865604592165,-0.2998072736852334,-0.1119337797928549,-0.00447846040791442,0.06692733247369004,0.10921620010260262,0.16398374998266926,0.20211305686119627,0.20349957711132438,0.16051744935734777,0.17368939173356537,0.19448719548548954,0.20557935748651604,0.2104321783619656,0.185474813859657,0.1265477032292056,0.11268250072792364,0.1175353216033729,0.11753532160337259,0.09812403810157633,0.07524645397446082,0.046129528721767156,0.0045339212179192605,0.006613701593112203,0.028798025595163017,0.0599947312230493,0.0773262343496523,0.09119143685093622
0.0430435803670274,0.03935317207367369,0.054114805247090066,0.07189586338779484,0.11987117120139616,0.12523903780991086,0.13798772100513343,0.14033616264635873,0.11953567953836404,0.11718723789713895,0.11752272956017085,0.11181937128862428,0.10477404636494814,0.07357332170295544,0.04103063038883428,0.008152447411681378,-0.06901063508571892,-0.21662696681987564,-0.4679102224309748,-0.8007179521588899,-1.0,-0.8584225182004237,-0.5685577213406263,-0.33706847384842714,-0.1703291173214361,-0.0562619518904962,0.027610963867547307,0.0876639715503069,0.13932968765726247,0.16382057905861097,0.17522729560170544,0.17287885396047986,0.16952393733015814,0.15945918743919213,0.15878820411312858,0.14771697923306637,0.142349112624552,0.1688529540040938,0.17220787063441562,0.15912369577616087,0.12557452947294245,0.12255510450565339,0.12389707115778224,0.12658100446203976,0.1155097795819771,0.11718723789713824,0.11047740463649472,0.10108363807159405,0.07323783003992361,0.058811688529540086
0.06587061696970846,0.06493482187140286,0.06867800226462427,0.06680641206801351,0.1000271380578516,0.12295411796633039,0.13090837630192612,0.13465155669514645,0.14541320032565755,0.15336745866125231,0.1472847905222679,0.14167001993243647,0.14354161012904637,0.12529360571209436,0.08926549442734048,0.040136251766313205,-0.04174581933539837,-0.19006934241678655,-0.4520919699422639,-0.7875745126847038,-1.0,-0.8245384190677623,-0.5545615332066915,-0.3276312218676622,-0.19474831790831237,-0.08947136934896768,-0.02583730266420951,0.03592517382393964,0.08224703119005035,0.11312826943412464,0.1351194542442984,0.15617484395616768,0.16600069248837387,0.16085381944769397,0.15289956111209932,0.1468168929731151,0.13933053218667268,0.14213791748158872,0.1528995611120995,0.13979842973582507,0.12014673267141511,0.12295411796633039,0.09441236746801952,0.09254077727140865,0.08926549442734016,0.09441236746801943,0.09768765031208825,0.10751349884429387,0.09955924050869891,0.10564190864768279
0.10180992435134324,0.07829568816091732,0.0877013826370879,0.10718460690915387,0.14010453757574928,0.13271434905875976,0.14816656141246765,0.15622858524918457,0.17638364484097688,0.16294693844644823,0.1481665614124667,0.1186058073445038,0.10113808903161704,0.04403208685487061,0.005737473630463642,-0.0836166238931517,-0.17162705077731483,-0.2858390551308085,-0.5028418634024442,-0.8011367453609775,-1.0,-0.807855098558242,-0.5041855340418976,-0.2629966542601095,-0.10242801284549208,0.01581500342635948,0.06553081708611562,0.12599599586149549,0.15085390269137303,0.15488491460973158,0.15622858524918554,0.12801150182067375,0.1286833371404006,0.13271434905875898,0.15085390269137222,0.15085390269137222,0.1461510554532872,0.13271434905875837,0.12129314862340966,0.11390296010641937,0.11524663074587192,0.08501404135818219,0.07292100560310653,0.0984507477527115,0.11793397202477746,0.12196498394313603,0.10046625371189022,0.08904505327654152,0.06485898176639021,0.07292100560310669
0.1604263704765326,0.12862773199570068,0.11250447868147624,0.14161590827660475,0.15863489788606283,0.17072733787173128,0.17251881046220063,0.17296667860981813,0.17520601934790447,0.16669652454317485,0.1554998208527417,0.1456467216051596,0.14295951271945567,0.09145467574346176,0.02964887137226761,-0.02946972411322166,-0.11098172697957853,-0.26325689716947576,-0.5167502687208906,-0.8087603009673962,-1.0,-0.8575779290576865,-0.5695987101397371,-0.3349158007882496,-0.19115012540308293,-0.10247223217484863,-0.05141526334647157,-0.007972053027589038,0.025618058043711915,0.05965603726262942,0.10847366535292015,0.14340738086707316,0.16311357936223603,0.155947689000359,0.17117520601934832,0.15594768900035932,0.14519885345754285,0.13400214976710897,0.1286277319957011,0.12773199570046614,0.13892869939089966,0.11653529201003299,0.10981726979577212,0.11250447868147614,0.1380329630956649,0.13355428161949084,0.13086707273378798,0.12235757792905845,0.10265137943389571,0.09503762092440014
0.07772954807995232,0.08910631147827881,0.09216928623936774,0.06679035250463833,0.08429306542514095,0.10398361746070593,0.1197360590891593,0.13592606854062347,0.17705744390380584,0.19718556376238386,0.17180663002765495,0.15517905275317684,0.1258620086113355,0.11579794868204606,0.1140476773899955,0.11098470262890779,0.04841250393810996,-0.13405327825813082,-0.44735183953512925,-0.804407183113383,-1.0,-0.8591031609899538,-0.5602443378723708,-0.2977036440648314,-0.11436272622256531,-0.0062834739384607695,0.05322574999124895,0.06635278468162552,0.09610739664648048,0.13417579724857412,0.14292715370882472,0.14292715370882533,0.1368012041866493,0.1311128224874856,0.13198795813351083,0.14117688241677537,0.12717471208037287,0.10179577834564316,0.08604333671719121,0.09216928623936764,0.11842335562012084,0.12936255119543544,0.09654496446949308,0.07641684461091457,0.07029089508873834,0.07597927678790267,0.05147547869919838,0.03090979101760765,0.0024678825217905394,0.0015927468757654087
0.08231253887131315,0.09448094967686176,0.1127335658851859,0.11273356588518434,0.10326924636975753,0.09718504096698244,0.1208458397555494,0.13301425056109925,0.12557799951326445,0.11002947459506303,0.11611367999783748,0.11476163435277556,0.09448094967686145,0.05527162597009369,0.005245937102835969,-0.03531543224899322,-0.09210134934155438,-0.22392579973500104,-0.46594197020091616,-0.7917849706606106,-1.0,-0.8228820204970132,-0.5294881155187826,-0.3050485384386602,-0.15361942619183,-0.05221600281225546,0.025526621778750716,0.08636867580649528,0.11949379411049092,0.125577999513263,0.14045050160893482,0.1472107298342397,0.17763175684811086,0.19250425894378267,0.18912414483113,0.1884481220085996,0.17154755144533718,0.15059084394689282,0.1289581136259165,0.10867742895000221,0.11611367999783685,0.1134095887077149,0.11949379411048983,0.11476163435277618,0.08366458451637397,0.0870446986290257,0.08028447040372177,0.1039452691922884,0.10732538330494061,0.11611367999783702
0.07758316514473623,0.06770355524818991,0.08146444046123678,0.10439924914964795,0.11498454546737633,0.10192934667551123,0.10686915162378456,0.10722199483437612,0.11921866399446784,0.11322032941442171,0.11851297757328597,0.1135731726250119,0.11957150720505884,0.11604307509914949,0.09169689356837361,0.04547443298096039,-0.062495589459868384,-0.2209221910152016,-0.45909135816408786,-0.7710047563264796,-1.0,-0.8369864367069855,-0.5247201953340029,-0.27067308370852494,-0.09107588951773525,0.026068056398458394,0.07970022440828205,0.09910660099078372,0.1047520923602394,0.1089862108873302,0.1435648455252426,0.15697288752769908,0.15379729863238037,0.13615513810283394,0.143212002314652,0.1290982738910143,0.11604307509914909,0.11039758372969388,0.11957150720505931,0.13015680352278727,0.13897788378756032,0.13368523562869652,0.10334071951787525,0.0814644404612367,0.05182561077159739,0.05782394535164367,0.05958816140459841,0.08040591082946336,0.08393434293537307,0.08887414788364674
0.05268833954441417,0.050890920637963764,0.02213221813475833,-3.594837812956905e-05,0.002959749799288137,0.05208919990893038,0.10721004637340857,0.135968748876614,0.12817993361532903,0.09942123111212331,0.09762381220567234,0.09942123111212317,0.08204618168310338,0.09462811402825633,0.08743843840245445,0.07305908715085026,-0.008423903274897919,-0.1809761182941315,-0.4871364720261725,-0.8100727355517486,-1.0,-0.8514133704001068,-0.5740117191712716,-0.31278683810049046,-0.1588079517812437,-0.08211807843936196,-0.03418690760068578,0.02872275412507572,0.07905048350568568,0.11679628054114283,0.14974896049273242,0.15933519466046808,0.18330078007980624,0.19827927096689285,0.2234431356571973,0.22583969419913066,0.19468443315399217,0.15394293794111705,0.11739542017662621,0.10421434819599074,0.12099025798952812,0.12518423543791188,0.12817993361532862,0.13656788851209695,0.14435670377338264,0.14315842450241617,0.13536960924113048,0.15394293794111677,0.15633949648305107,0.1353696092411302
0.06532242551795131,0.09134729624223482,0.09926790907136467,0.06079636104416303,0.11567489278884892,0.16036977946750902,0.17564524706654525,0.1852631340733458,0.2033673919684996,0.21241952091607577,0.18922344048790996,0.11963519920341266,0.09021578012378811,0.054573022392703494,0.014969958247054493,-0.04556615408986599,-0.12646955655883405,-0.2673433133055009,-0.5117507948900752,-0.8076422598639921,-1.0,-0.8512056304242062,-0.5598402299240767,-0.2967627323851251,-0.1530601853423413,-0.05688131527433702,-0.004831573825769087,0.01779874854317271,0.03986331285289194,0.07211152222863498,0.10492548966360045,0.11624065084807161,0.14509431186847307,0.1507518924607087,0.1620670536451796,0.16602736005974492,0.15584371499372074,0.16489584394129755,0.19205223078402844,0.18526313407334488,0.17111918259275707,0.14622582798691977,0.09191305430145896,0.07946637699854096,0.08059789311698794,0.10662276384127038,0.12812157009176653,0.12246398949953088,0.11680640890729575,0.1269900539733189
0.11891473282238918,0.11691190215504531,0.14361631105295503,0.11757951237749358,0.12959649638155307,0.08353139103265851,0.05415654124495901,0.05949742302454141,0.09087510347958387,0.08620183192245129,0.09087510347958527,0.10689774881833047,0.09955403637140528,0.0828637808102129,0.07284962747349526,0.005420995006274967,-0.09672336902822694,-0.26896680641974163,-0.5133121478356095,-0.817742409271771,-1.0,-0.8277565626084878,-0.5012951638315499,-0.2062114455096556,-0.006595988997783749,0.07552006836328662,0.11424146126525535,0.1422810906080597,0.14495153149785064,0.14561914172029827,0.15897134616925368,0.17632921195289386,0.1843405346222667,0.17899965284268507,0.16431222794883532,0.12625844526931437,0.10355969770609177,0.11891473282238949,0.12826127593665715,0.12225278393462803,0.13426976793868658,0.12892888615910542,0.0982188159265103,0.0695115763612578,0.040136726573557505,0.029454963014393314,0.04480999813069088,0.05949742302454094,0.04480999813069119,0.04480999813069135
0.01875293014533491,0.037505860290670365,0.05578996718237228,0.10267229254571032,0.12939521800281348,0.1528363806844823,0.1734646038443505,0.18846694796061947,0.2086263478668549,0.21097046413502182,0.20112517580872105,0.1954992967651203,0.17112048757618475,0.13173933427098009,0.09610876699484357,0.06000937646507296,-0.03891233005157045,-0.21331458040318965,-0.4716361931551829,-0.7965307079231135,-1.0,-0.829817158931083,-0.5330520393811549,-0.27941865916549613,-0.12705110173464754,-0.017346460384434503,0.03703703703703694,0.07126113455227338,0.10079699953117735,0.11486169714017805,0.1251758087201129,0.13595874355368068,0.1326769807782475,0.11954992967651183,0.1350210970464139,0.14111579934364757,0.13127051101734666,0.11767463666197886,0.10548523206751091,0.08391936240037487,0.07407407407407388,0.07407407407407397,0.05672761368963893,0.06282231598687268,0.07266760431317401,0.07969995311767494,0.07876230661040766,0.06188466947960582,0.0351617440225032,0.02531645569620286
0.109012737573834,0.09265307762515157,0.07887652187889287,0.08547778817397556,0.09810629760804555,0.10040239023242215,0.10097641338851593,0.11561400386891683,0.13025159434931632,0.13426975644197528,0.14718527745409282,0.16383194898082304,0.1724422963222343,0.1618228679344932,0.12479837436642192,0.07801548714475119,-0.009810055737648442,-0.16594435419524933,-0.44463259647894376,-0.7904815480256489,-1.0,-0.8567812225545194,-0.5568541234953439,-0.29911772640908524,-0.11313422383458999,-0.01899442623515441,0.04213903988886939,0.08031157976912806,0.09121801973491611,0.1084387144177401,0.11590101544696318,0.1061426217933629,0.11590101544696352,0.14230608062729294,0.15981378688816342,0.1512034395467516,0.14000998800291656,0.13168665223955173,0.11188285335430458,0.10355951759094008,0.09724526287390421,0.07858951030084531,0.0791635334569397,0.08490376501788086,0.07830249872279889,0.08059859134717542,0.07198824400576335,0.0659610008667756,0.05821168825950447,0.0665350240228689
0.05737671908664406,0.05939029055836368,0.05158770110545017,0.073485290860399,0.11325332742685736,0.14119163159696402,0.13942975655920936,0.12760002416285762,0.11350502386082208,0.09160743410587371,0.09412439844552277,0.12911020276664725,0.16837484646517614,0.18020457886152666,0.14672895314419204,0.09789984495499704,0.02163582546362417,-0.1583271248212966,-0.45482552403197657,-0.8054386565451142,-1.0,-0.8671042828665192,-0.5879729375994212,-0.3352697178986381,-0.15278980327406821,-0.018383907536798378,0.07398868372832866,0.1308720778044018,0.15604172120089432,0.15629341763485965,0.15000100678573625,0.1389263636912797,0.13187886354026163,0.12457966695527843,0.1286068098987172,0.12206270261562938,0.10972957735134801,0.10922618448341812,0.10972957735134826,0.09941002355878611,0.09538288061534746,0.10041680929464633,0.09437609487948842,0.098151541388962,0.0946277913134528,0.07726073736987292,0.06593439784145137,0.06215895133197744,0.06794796931317075,0.07600225520004827
0.08915685989636295,0.06542689718630415,0.04169693447624569,0.03636979999031391,0.04314978933604536,0.039759794663179804,0.055256913167707804,0.08140830064409894,0.08479829531696481,0.10174826868129161,0.11385539251295472,0.12257252167175173,0.12499394643808484,0.12499394643808451,0.12693108625115052,0.12305680662501806,0.039275509709913024,-0.14814276720422354,-0.4532422877621206,-0.8067703036466657,-1.0,-0.8634316431788467,-0.581093515424477,-0.31279965131483495,-0.10939997094290385,0.011671267373722788,0.06784832195263625,0.10416969344762404,0.13661678531648017,0.14339677466221154,0.14630248438181132,0.14727105428834375,0.15017676400794264,0.14630248438181087,0.14049106494261274,0.14388105961547842,0.15356675868080807,0.13225822073708207,0.09399970942902816,0.09303113952249516,0.11191825269988874,0.11724538718582017,0.11046539784008962,0.09932684391495983,0.09787398905516004,0.10659111821395763,0.11482396241948772,0.09545256428882727,0.10126398372802561,0.09448399438229482
0.05806975589947248,0.05017371294499819,0.037013641354208836,0.04791770067229143,0.0708538254448104,0.08250988885379534,0.06408578862669059,0.06182977635398356,0.07912587044473561,0.10807802794447233,0.15207026726225414,0.17237437771661546,0.17312638180751694,0.161094316353081,0.15846230203492412,0.14643023658048707,0.0847659011265021,-0.09533907864458933,-0.42058084795981426,-0.8029749281836092,-1.0,-0.8484711756831961,-0.5514295597768064,-0.30477221796086745,-0.13481929341695642,-0.03517875137240773,0.027613590217930473,0.06370978658123845,0.11221405044443448,0.14755824271684098,0.16034231226217902,0.15846230203492334,0.15733429589857018,0.1520702672622545,0.1246221179443214,0.11108604430808089,0.11146204635353232,0.11447006271714133,0.10544601362631432,0.09002992976281839,0.09040593180826954,0.09980598294454686,0.08777391749011154,0.08175788476289345,0.07310983771751707,0.07085382544481032,0.08551790521740488,0.09454195430823172,0.08326189294469777,0.08213388680834426
0.0765688573020593,0.08024853601354075,0.10968596570539567,0.10390361344449503,0.1180966599030676,0.12177633861454845,0.13071270119957556,0.12177633861454942,0.11073730248010397,0.09812126118359563,0.11494264957894,0.10810896054333131,0.09339024569740428,0.06815816310438748,0.0607988056814247,0.019796671467771334,-0.07166962793191649,-0.22358779187737335,-0.472228939096063,-0.7934123237696742,-1.0,-0.7944636605443829,-0.4485738616651092,-0.14894288087303112,0.015591324368935303,0.0986469295709496,0.11389131280423034,0.1333410431363486,0.14911109475698384,0.13544371668576607,0.09969826634565851,0.07394051536528688,0.07867153085147774,0.08971056698592356,0.10495495021920395,0.1259816857133846,0.1233533437766117,0.10548061860655865,0.08971056698592234,0.10337794505714046,0.08340254633766885,0.06552982116761494,0.07183784181586918,0.08077420440089508,0.08287687795031413,0.06342714761819614,0.057644795357296726,0.06920949987909639,0.09969826634565888,0.10074960312036756
0.07986016047848764,0.08354569003643436,0.08143967314617867,0.0677505633595186,0.13040456584461727,0.12987806162205406,0.13040456584461899,0.11566244761283033,0.11829496872565008,0.11355643072257425,0.12303350672872464,0.12408651517385262,0.1304045658446191,0.11513594339026603,0.0777541435882312,0.02352420866415313,-0.04860686982709703,-0.1960280521449788,-0.4666512225428069,-0.8009814038708599,-1.0,-0.8336246656698192,-0.5529979150432807,-0.31765052755723394,-0.1396921003306455,-0.041762314933766746,0.00667607354210988,0.054587957795421596,0.10829138849693526,0.12671903628667125,0.14304066718615155,0.18094897121074985,0.22254280479329522,0.2241223174609866,0.19516458521997396,0.17094539098203612,0.16831286986921712,0.14830570941178994,0.13145757428974633,0.1272455405092353,0.11934797717077768,0.08828422803950908,0.05142893246003793,0.05142893246003879,0.054587957795421846,0.07248910136259305,0.07248910136259269,0.06933007602720914,0.07090958869490178,0.09460227871027545
0.06343861787123208,0.06265069101185586,0.05385217441548945,0.06475182930352526,0.07735865905354239,0.08957152537387124,0.09692550939471489,0.10611798942076879,0.11425990030098838,0.12227049003797863,0.13238221806663802,0.1430192306682149,0.15155510497812213,0.1498479301161408,0.1529996375536454,0.14249394609529767,0.07657073219416617,-0.09834903058732125,-0.42809642123620645,-0.8011797891507737,-1.0,-0.8640826167576293,-0.5775398822312002,-0.31502891691574103,-0.12119890950922761,-0.0026159171731285763,0.0664590041655066,0.10047118026190717,0.12161388432183176,0.13737242150935305,0.14209998266560925,0.13382675064216076,0.12476559175933599,0.10979498143119056,0.11741160773849288,0.11911878260047414,0.1221391688947487,0.12463427061610657,0.12332105918381335,0.11964406717339174,0.11307801001192432,0.09311719624106388,0.07512619961864322,0.06842882131394662,0.061600121866020936,0.059630304717580865,0.06606504073581869,0.07709601676708333,0.0682975001707175,0.06291333329831425
0.06796831582400942,0.05290293205846665,0.04754635116405142,0.07600318716563297,0.08403805850725496,0.10446002316721295,0.12655591935667454,0.1222036973799631,0.1406169442045149,0.14530395248712785,0.14798224293433562,0.129234209803883,0.1268907056625756,0.12220369737996209,0.09609036551968927,0.043194129187339364,-0.05155039538262856,-0.23936551299305883,-0.5078641303256157,-0.821558898954799,-1.0,-0.8165371043662843,-0.4887813108892615,-0.18513013143710494,0.011054643820849587,0.08738592156626407,0.11316446712063785,0.10914703144982568,0.11517318495604295,0.1288994234979819,0.12186891107406166,0.11852104801505246,0.11584275756784539,0.12488198782717064,0.11383403973243943,0.10546438208491574,0.10613395469671755,0.09073378462527389,0.08939463940167067,0.0880554941780665,0.08705113526036379,0.07767711869513702,0.0639508801531985,0.05256814575256653,0.07165096518892014,0.09475122029608496,0.09307728876658028,0.08872506678986823,0.09609036551968897,0.11249489450883511
0.06256393127779057,0.0642339728200735,0.07404546688098833,0.06360770724171778,0.08907584076153932,0.09304218942446217,0.10180990752144975,0.10431496983487513,0.1331231864392633,0.1366720247166149,0.1410558837651092,0.14564849800638827,0.14669227397031526,0.16130513746529498,0.1512848882115946,0.1274867962340567,0.04753355739723986,-0.12260192472287837,-0.4275932613823788,-0.7914535624073651,-1.0,-0.8582552240986995,-0.5639104022712577,-0.2837609335532236,-0.09358495292570501,0.0005636390205207529,0.04795106778281133,0.07467173245934523,0.0936684550028184,0.1043149698348746,0.11036887042565192,0.10640252176272902,0.11391770870300452,0.11997160929378134,0.12769555142684239,0.1210153852577086,0.10744629772665605,0.1264430202701291,0.13249692086090673,0.13395820721040458,0.13270567605369207,0.12832181700519835,0.1155877502452877,0.09262467903889118,0.07362795649541744,0.06152015531386334,0.05003861971066505,0.04440222950545879,0.04335845354153181,0.034590735444544086
0.03698442950124074,0.05159300945736992,0.04664856701067971,0.02821928152756285,0.01698191233054039,0.026421302456039294,0.036759682117300053,0.040805135028228,0.04777230393038199,0.04530008270703738,0.046423819626739436,0.04979503038584586,0.06148189435074984,0.08822683303966349,0.13182782552411135,0.19677981948290169,0.23566111690459984,0.10081268654032853,-0.2999118990254966,-0.7766011003631922,-1.0,-0.8638030853320872,-0.5837678449422853,-0.3374447121435524,-0.15202812039267977,-0.01133625804595644,0.08328239059297368,0.14935812147146627,0.1826207342946534,0.1956560825631997,0.20599446222446016,0.20621920960840126,0.20149951454565126,0.19183537703621195,0.1794742709194873,0.154527311302097,0.1369970153547415,0.12441116185407614,0.10598187637095881,0.09564349670969817,0.08620410658419925,0.06844906325290404,0.05743644143982143,0.05451472544859581,0.04889604085008447,0.041704124563990225,0.043277356251572884,0.039231903340644775,0.03720917688518117,0.0459743248588587
0.06058419063615386,0.03958901952550856,0.040901217719924915,0.05238295192105857,0.06124028973336158,0.0760025194205332,0.10191843376023539,0.12192945622506828,0.1304587444887679,0.12258555532227576,0.1137282175099729,0.12192945622506882,0.13570753726642887,0.13734778500944808,0.13111484358597572,0.09995013646861263,0.006456015116523183,-0.18414077262229775,-0.46921583035901915,-0.8110434600041999,-1.0,-0.8451606130589969,-0.5548367625446163,-0.3206093848414884,-0.13919798446357462,-0.021756246063406082,0.06452078521939947,0.11307211841276466,0.1258660508083145,0.1380038841066556,0.14489292462733622,0.14358072643292125,0.14522097417593938,0.1511258660508093,0.15243806424522433,0.15407831198824315,0.1511258660508086,0.15342221289103514,0.15079781650220483,0.1458770732731477,0.13767583455805188,0.13800388410665565,0.13439533907201354,0.11208796976695445,0.09666964098257434,0.06911347889985318,0.056975645601511735,0.05369515011547339,0.03302802855343247,0.026467037581356153
0.10263396911898337,0.06690887072358487,0.10202845897668784,0.10747805025734271,0.11656070239176614,0.103844989403573,0.11716621253406066,0.09536784741144466,0.08689070541931575,0.09112927641537999,0.10081743869209808,0.09536784741144395,0.08144111413866202,0.0535876475930979,0.011201937632455217,-0.026945201332122522,-0.09112927641538221,-0.2328186497123853,-0.4768392370572229,-0.8001816530426895,-1.0,-0.8353012412957923,-0.5283075991522882,-0.3006357856494122,-0.14441416893733064,-0.055404178019982875,0.019073569482288888,0.06630336058128979,0.08810172570390565,0.1183772328186493,0.14744171964880518,0.13533151680290667,0.11656070239176586,0.11292764153799614,0.1395700877989708,0.1486527399333935,0.18498334847108783,0.18498334847108783,0.1637904934907663,0.16318498334847137,0.15410233121404837,0.1541023312140492,0.13169845594913726,0.11232213139570105,0.12322131395700948,0.15652437178322762,0.14986376021798398,0.12927641537995901,0.12685437481077877,0.13230396609143305
0.051267364425852814,0.04229948101990834,0.06283882688513576,0.07093885060663445,0.09118890991037908,0.10160322612373421,0.10276037236966203,0.10854610359930313,0.12792830321860238,0.13024259571045949,0.13660690006306456,0.1536748071905073,0.15541052655939952,0.16958556807202135,0.1637998368423795,0.1354497538171368,0.1070996707918932,-0.022500708752076114,-0.36501599754685154,-0.7865065176262306,-1.0,-0.8547781461359992,-0.5611522862316961,-0.29732294216004673,-0.12404029183228431,-0.018739983452809143,0.05126736442585241,0.08048530713554239,0.09494963520964611,0.09784250082446651,0.09668535457853882,0.09321391584075328,0.08887461741852264,0.08193173994295318,0.09784250082446684,0.11404254826746285,0.1331354613252802,0.14181405816974205,0.14991408189124045,0.12301043167340753,0.0972639277015029,0.09118890991037915,0.08135316681998857,0.06428525969254595,0.06573169249995635,0.06659955218440307,0.052713797233263276,0.045481633196211374,0.047506639126585835,0.06168168063920808
0.08252209388466296,0.07626172514894493,0.07417493557037184,0.07521833035965839,0.08304379127930622,0.0913909495935982,0.0908692521989548,0.10495508185432165,0.11382393756325566,0.12321449066683368,0.1148673323525427,0.11434563495789882,0.11278054277397022,0.12060600369361807,0.13521353074362757,0.13782201771684333,0.0809570017007329,-0.10372387600296408,-0.42665456328711265,-0.794972923905219,-1.0,-0.8685322565499115,-0.6071618618336637,-0.3447480723281287,-0.1470247597583515,-0.015557016308260837,0.040786302313206665,0.09243434438288474,0.1049550818543214,0.124779582850764,0.124779582850764,0.13469183334898444,0.136256925532914,0.13990880729541677,0.1289531620079093,0.10965035840611084,0.11173714798468284,0.1096503584061111,0.09712962093467307,0.09869471311860277,0.12738806982397985,0.13886541250613035,0.14303899166327602,0.1268663724293361,0.10808526622218055,0.08565227825252295,0.06478438246679395,0.06426268507215092,0.07469663296501475,0.08826076522573893
0.04895921184336074,0.04210136193980827,0.046332801242000156,0.044873684241244445,0.028531573832779253,0.02123598882900013,0.027656103632325558,0.02123598882899996,0.023278752630058137,0.035535335436406836,0.050418328844117066,0.061799441450012337,0.07507740615689035,0.08339437306119848,0.09842327816898364,0.1349012031878792,0.16262442620224005,0.06296673505061687,-0.3092540118421949,-0.7849261540885927,-1.0,-0.8365788959153474,-0.5218473588523183,-0.24694971590992126,-0.07812987892247202,0.011605816624011727,0.0622371765502391,0.10703206847344268,0.1494923731954373,0.1760483026091935,0.1865539450146355,0.18684576841478653,0.1808633887116877,0.17035774630624573,0.16306216130246626,0.15430745929793172,0.15314016569732683,0.14482319879301853,0.14117540629112957,0.12789744158425137,0.10951256737472775,0.09433775056686708,0.07989249225938425,0.07624469975749489,0.06603088075220402,0.0527529160453261,0.04049633323897689,0.0305743376338375,0.023570576030209334,0.019485048428093146
0.09807816190680711,0.08224178655786986,0.07123684775606558,0.0784840025767663,0.07553145802018535,0.07848400257676642,0.09270989907665841,0.10961992699162579,0.13162980459523305,0.13297187030277074,0.13028773888769613,0.12143010521795151,0.11257247154820692,0.11686708181232619,0.11149881898217746,0.07579987116169165,-0.03371269057333117,-0.20737599312862506,-0.48088898432467464,-0.8011058621430118,-1.0,-0.8534464247369552,-0.552286879965645,-0.2997101138071737,-0.13678333691217612,-0.02431823062057145,0.039027270775177016,0.08170496027485499,0.09673609619927011,0.11337771097272949,0.13619282800085963,0.13834013313291868,0.14639252737814115,0.15471333476487037,0.15632381361391492,0.13807171999141113,0.12894567318015973,0.12196693150096659,0.10908310070861066,0.10103070646338894,0.11149881898217778,0.11767232123684812,0.12948249946317442,0.13485076229332219,0.11740390809534075,0.11686708181232593,0.11794073437835562,0.11310929783122178,0.08707322310500358,0.062379214086322105
0.02369510148341954,0.021610182743127693,0.06591470597433458,0.0773817590459418,0.09510356833842458,0.10396447298466566,0.11126168857568834,0.11021922920554206,0.11751644479656365,0.14826899621587278,0.16442711645313715,0.13784440251441218,0.12272874164729472,0.10240078392944714,0.06070240912360483,0.017961574947616108,-0.06335025592377617,-0.21919793176061164,-0.47147309933595544,-0.8061025571528371,-1.0,-0.8681288896765263,-0.600738061234066,-0.3536751905094523,-0.17958447569506167,-0.06699886371928727,0.03307723581473383,0.08780635274740177,0.107613080780177,0.13315333534875531,0.1524388336964573,0.1571299008621146,0.14774776653079968,0.1493114555860193,0.14722653684572695,0.15608744149196938,0.17537293983967092,0.16338465708299035,0.15973604928747975,0.1560874414919672,0.14201423999499613,0.1487902259009461,0.14514161810543474,0.15296006338153076,0.14357792905021574,0.1237712010174409,0.08780635274740238,0.08728512306232941,0.10552816203988455,0.08520020432203695
0.07397959183673465,0.07206632653061258,0.09757653061224542,0.09948979591836749,0.11670918367347011,0.0892857142857146,0.10522959183673489,0.1039540816326528,0.14158163265306087,0.17219387755102078,0.2015306122448985,0.17793367346938818,0.13520408163265304,0.0765306122448976,0.02551020408163208,-0.030612244897960685,-0.1262755102040827,-0.2716836734693894,-0.5178571428571442,-0.7959183673469385,-1.0,-0.8258928571428574,-0.5650510204081639,-0.35140306122449183,-0.24617346938775578,-0.13775510204081737,-0.06696428571428668,0.021045918367346313,0.0790816326530613,0.12691326530612254,0.16135204081632706,0.16772959183673475,0.17538265306122555,0.1313775510204086,0.15306122448979537,0.13073979591836757,0.14477040816326545,0.15625000000000053,0.18622448979591882,0.17729591836734818,0.18750000000000075,0.16964285714285707,0.14859693877551108,0.154336734693878,0.1492346938775527,0.1581632653061235,0.11479591836734715,0.12563775510204045,0.10522959183673516,0.12244897959183691
0.038577134495986744,0.032645232728279,0.04796931229485529,0.0899869498161111,0.08899829952149332,0.10036777790959789,0.09987345276228919,0.10926563056115855,0.12310673468580685,0.0924585755526555,0.0756515205441535,0.07911179657531502,0.09295290069996423,0.10975995570846657,0.10629967967730473,0.09789615217305384,0.04104876023253069,-0.1349309922094371,-0.44190690868826027,-0.7963380393087364,-1.0,-0.8571400324277301,-0.5644995452208661,-0.29657531537944604,-0.09538498042472467,0.04302606082176557,0.11025428085577574,0.12953296160082262,0.12508403527504264,0.12557836042235113,0.1260726855696601,0.12211808439118951,0.11668050777079199,0.11322023173962932,0.1171748329180999,0.13497053822122082,0.16413572191244533,0.16759599794360808,0.17550520030055036,0.15968679558666615,0.12854431130620542,0.10185075335152487,0.0914699252580376,0.08603234863764088,0.07466287024953526,0.08010044686993359,0.09097560011072889,0.0840550480484044,0.05785581524103338,0.03462253331751503
0.08136767263739296,0.08441915107869785,0.10654236977815751,0.11493393549174606,0.10616093497299445,0.11035671782978834,0.11417106588141995,0.1210368923743556,0.1370571541912065,0.15193311159256703,0.16146898172164487,0.16680906899392856,0.1908394617192031,0.1908394617192033,0.16261328613713402,0.09014067315614467,-0.024289768392786612,-0.2150071709743378,-0.5037533184828064,-0.8249214244301372,-1.0,-0.868023557413568,-0.5979677153580923,-0.3466021787556087,-0.1696164291599288,-0.04488724787159421,0.051997192639833566,0.10577950016783132,0.11722254432272512,0.1355314149705541,0.14087150224283734,0.13019132769827027,0.13095419730859648,0.1347685453602272,0.14811876354093603,0.1191297183485405,0.1164596747123982,0.1233255012053342,0.12141832717951856,0.1137896310762562,0.1095938482194624,0.08823349913032859,0.08823349913032877,0.0783161941960878,0.0893778035458174,0.0989136736748954,0.09548076042842764,0.0722132373134781,0.05390436666564902,0.040554148484940905
0.09748326127274354,0.06419155447980611,0.07233587760082535,0.06976398608892437,0.0700497518124689,0.08105173216893338,0.08619551519273473,0.08905317242818056,0.09948362133755526,0.11377190751478147,0.12491677073301778,0.14377730848695658,0.15292181164038124,0.17349694373558713,0.1910715357335752,0.1764974838328045,0.10191262998768366,-0.07940572160131723,-0.4223245898547463,-0.8061079565750414,-1.0,-0.8624038041133117,-0.5876400609252533,-0.33230838693822196,-0.13741616348085614,-0.010250416503542473,0.06833515747120214,0.09491136976084283,0.10891389021452454,0.11705821333554356,0.11448632182364311,0.11662956475022684,0.13534721964239282,0.1450632542429066,0.14463460565758973,0.1386335254631552,0.13306109385403678,0.12234487922111728,0.11520073613250413,0.10705641301148543,0.08891028956640776,0.07676524631576521,0.06790650888588498,0.06962110322715231,0.06833515747120174,0.07305029190968662,0.07090704898310275,0.05247515981448108,0.04804579109954089,0.05218939409093649
0.10215744987931245,0.11853947030084884,0.1100374090694184,0.09448485803631461,0.09199644987101747,0.07872493965610196,0.08743436823464043,0.09552169477185471,0.10485322539171703,0.11646579682976815,0.1301520417388999,0.12932257235046776,0.12849310296203553,0.12061314377192962,0.11833210295374057,0.09925430701979959,0.012367388581523848,-0.1690790401380247,-0.4581491220066541,-0.802171550858916,-1.0,-0.8479997345697963,-0.5680538159739225,-0.3262634892459312,-0.15891804012973057,-0.0496354482037844,0.0326893885981131,0.07685863353212956,0.10609742947436526,0.10879320498677003,0.10671953151568954,0.10817110294544628,0.11750263356530831,0.12227208254879392,0.13658042949924987,0.14819300093730106,0.15669506216873144,0.14881510297862519,0.13906883766454642,0.13035940908600827,0.11916157234217302,0.12745626622649525,0.12558996010252274,0.1224794498959016,0.1031942866148524,0.09904693967269175,0.09095961313547739,0.0863975314991,0.07229655189575238,0.05612189882132382
0.09482509683650804,0.10229320800183249,0.10826769693409172,0.10328895615720904,0.1276847859639345,0.13913588975076455,0.1426210082945821,0.11822517848785688,0.11424218586635129,0.11772730441016867,0.13216565266312863,0.13515289712925802,0.1411273860615177,0.13565077120694705,0.11075706732253336,0.05897816324295221,-0.019685941031794087,-0.17950351996973088,-0.4488533959990862,-0.7859141465940445,-1.0,-0.8501399026158315,-0.5773049080426598,-0.3258784988100834,-0.14614595676461664,-0.021677437342548206,0.04205044460155117,0.07092714110747102,0.06694414848596475,0.09133997829269022,0.11772730441016971,0.1311699045077528,0.14610612683840052,0.11722943033248093,0.1003017116910807,0.09034423013731425,0.08636123751580754,0.09034423013731416,0.11374431178866355,0.11125494140022098,0.12171029703167481,0.11025919324484433,0.10926344508946827,0.1137443117886631,0.12320391926474016,0.13067203043006423,0.11175281547790931,0.10976131916715613,0.0898463560596257,0.07690163003973036
0.1226691004127689,0.08274045342349305,0.06562817614237366,0.09311153056356417,0.13252162369583698,0.1382257161228772,0.14600402397793047,0.14289270083590944,0.14081848540789485,0.1304474082678229,0.11229802327269704,0.10192694613262558,0.08014768413847456,0.03503349857916261,-0.011117794694156519,-0.038082595258344586,-0.10445748895480449,-0.24602269191678494,-0.4809275891394102,-0.7967268880545942,-1.0,-0.8340627657588526,-0.5498952521208869,-0.3149903548982612,-0.16512829022422404,-0.06038041110949801,-0.003339486839103268,0.031403621580137084,0.07755491485345695,0.12059488498475529,0.1491153471199516,0.1511895625479668,0.15015245483395964,0.17452448611312912,0.1916367633942474,0.1755615938271364,0.16207919354504197,0.15118956254796623,0.12681753126879808,0.12318765426977231,0.13615150069486262,0.13148451598183053,0.11126091555869037,0.1117794694156934,0.12318765426977268,0.14963390097695575,0.15067100869096403,0.13822571612287662,0.12992885441081994,0.11333513098670459
0.16802089378990245,0.16499806538982503,0.10877345714838456,0.12449216482878718,0.1468610949893601,0.17043915650996352,0.18011220739021114,0.18071677307022654,0.16016153994970136,0.1329560843490048,0.10756432578835333,0.06282646546720849,0.04468949506674341,0.025947958986264473,-0.03390404333526814,-0.09859257109692526,-0.14212130005803986,-0.260011607661057,-0.47221416134649075,-0.7902157090346313,-1.0,-0.807143548075064,-0.5060698394273584,-0.3035403366221718,-0.16630392725865828,-0.0725962468562592,-0.00488489069452635,0.04227123234668165,0.08882278970787341,0.12267846778874068,0.15048848906945378,0.1776939446701488,0.20913136003095445,0.18615786419036653,0.15653414586960798,0.13356065002901965,0.1371880441091122,0.11663281098858692,0.10816889146836917,0.11058715418843118,0.11179628554846258,0.13295608434900466,0.13174695298897302,0.1124008512284784,0.10393693170826174,0.10454149738827687,0.09970497194815278,0.10454149738827616,0.11300541690849394,0.12449216482878704
0.12401300510915075,0.1266671090173186,0.07822971269325135,0.10211664786676393,0.1160506933846466,0.1087519076371847,0.12401300510915043,0.10676132970605831,0.09946254395859656,0.07822971269325012,0.09017318028000888,0.09415433614226025,0.09415433614225996,0.06827682303762114,0.027138212461017993,-0.0292614955875526,-0.1261362882356855,-0.2634861654833806,-0.48974852365470345,-0.805586888726695,-1.0,-0.8380996616017519,-0.5766704266472049,-0.33846460088912667,-0.1798818923760878,-0.08566120363612366,-0.027270917656426835,0.03443699820847944,0.08287439453254636,0.14060115453520064,0.2029725963771496,0.20629022626235938,0.184393869019973,0.16183398580054445,0.19169265476743555,0.196337336606729,0.21889721982615648,0.23017716143587133,0.23283126534403917,0.21027138212461075,0.1843938690199721,0.14325525844336892,0.10875190763718484,0.11671421936168729,0.10278017384380617,0.09216375821113496,0.07225797889987437,0.07159445292283213,0.0543427775197394,0.08221086855550397
0.09290400890762142,0.09075356376547751,0.10795712490263262,0.14881558260337752,0.1471430141594873,0.12420493264327985,0.1313730831170946,0.12372705594502553,0.13806335689265495,0.12898369962582232,0.1258775010871699,0.10508986471310683,0.09123144046373145,0.06972698904228726,0.03699243521186611,-0.006494344329276516,-0.09824667039410552,-0.23898135803000242,-0.49034450131177243,-0.7880616843242113,-1.0,-0.8394334293865496,-0.5766012453466766,-0.34076909475817174,-0.1876096129676629,-0.08104310925695003,-0.0031492074414962595,0.05156767450862294,0.10652349480786989,0.13424034330662027,0.1492934593016314,0.15789523987020865,0.17748818449863576,0.15956780831409892,0.16052356171060753,0.1390191102891638,0.15478904133155616,0.153355411236793,0.13854123359090897,0.1349571583540015,0.12277130254851663,0.13352352825923883,0.13471822000487452,0.1428421238751982,0.12014298070811791,0.11130226179041287,0.09481551570063926,0.10891287829914152,0.0981606525884193,0.10293941957096205
0.06288640479610413,0.0972334977830519,0.09536001998376274,0.11534378317616986,0.17154811715481288,0.2040217323424724,0.19215637294698149,0.16655217635671107,0.14157247236620246,0.13158059076999967,0.1428214575657284,0.1403234871666778,0.1197152313745082,0.07225379379254356,0.034784237806781686,-0.000811840379691609,-0.06076312995691078,-0.18940860550802605,-0.44545057141073086,-0.7857990382813973,-1.0,-0.8532442390557683,-0.5397489539748968,-0.2918253918691075,-0.125085867732468,-0.012052707175421057,0.05164553800037469,0.08786610878661061,0.12658464997189814,0.1609317429588462,0.16780116155623545,0.1628052207581345,0.13845000936738935,0.11159682757759415,0.09848248298257772,0.12158870917379619,0.1228376943733223,0.105976394179729,0.10035596078186529,0.09286204958471227,0.10347842378067924,0.10285393118091576,0.0922375569849498,0.08162118278898456,0.07724973459064595,0.05913944919752683,0.06288640479610225,0.05227003060013673,0.0641353899956282,0.07038031599325484
0.006551736759268337,0.046813806229640514,0.037053304539852845,0.08890596976684678,0.12367775703671197,0.13648841550455723,0.14807901126117973,0.174310359552482,0.18651098666471538,0.17614045361931738,0.15356929346168474,0.13282822737088687,0.10354672230152687,0.07243512316533048,0.021192489293949554,-0.026389956443761173,-0.10752412674011529,-0.24234105633029687,-0.46927272061784214,-0.7883191196027486,-1.0,-0.8352915339848476,-0.5449166087136892,-0.30944450544758223,-0.16608713687883733,-0.07946268438197819,-0.026389956443761596,0.0010614545587638914,0.04803386894086343,0.09988653416785624,0.13892854092700407,0.15661945023974275,0.15844954430657815,0.15661945023974264,0.1621097324402482,0.18102070446421006,0.17065017141881095,0.1614997010846367,0.15783951295096707,0.14990910532801427,0.1505191366836257,0.1279479765259932,0.13587838414894662,0.13343825872649892,0.11391725534692458,0.09378622061173977,0.11391725534692529,0.11086709856886641,0.12184766296987673,0.14258872906067385
0.0890809189581218,0.06511130505328563,0.0835494695954665,0.05466301181271759,0.08047644217176986,0.11366513834769451,0.13394711934409334,0.140707779676226,0.14070777967622616,0.13702014676779026,0.11673816577139116,0.09338315735129583,0.07371578183963744,0.06080906666011059,0.046058535026366504,0.0018069401251338167,-0.06825808513515198,-0.2126903740488992,-0.4769707324868182,-0.7898049242191441,-1.0,-0.8457340233304242,-0.5624008948655874,-0.3104126461224551,-0.15983430236131443,-0.03076715056605157,0.03069339790788243,0.08477868056494575,0.12165500964930619,0.14316620161518298,0.17942792521480427,0.19356385136380982,0.21261662139073037,0.17205265939793288,0.14193699064570456,0.15238528388627332,0.14808304549309914,0.13210330288987593,0.1241134315882644,0.11612356028665216,0.11120671640873743,0.1093628999545189,0.11120671640873714,0.10997750543925931,0.12226961513404588,0.12595724804248196,0.10690447801556166,0.09891460671395029,0.09031012992759947,0.08662249701916284
0.14919893660416741,0.14146259125370977,0.14779232835862924,0.11895685932510945,0.16396832318231042,0.15623197783185377,0.16045180256846833,0.17240797265553592,0.1534187613407797,0.12598990055279743,0.11473703458849702,0.1154403387112657,0.12880311704387168,0.12387998818449089,0.06620905011745132,0.01486784915533169,-0.0842980321550648,-0.23621172267312007,-0.4647855625729705,-0.7805691136961457,-1.0,-0.8361301393948779,-0.4753351244145015,-0.22495885670881996,-0.10961698057474183,-0.05475925899877616,0.01979097801471362,0.07113217897683259,0.09574782327373946,0.08801147792328345,0.0971544315192783,0.10981390572911591,0.14849563248139808,0.17029806028723024,0.14779232835862907,0.12880311704387215,0.11825355520234077,0.11755025107957275,0.11614364283403586,0.11333042634296031,0.07113217897683308,0.052142967662076344,0.0472198388026949,0.06972557073129572,0.06128592125807069,0.06058261713530218,0.05776940064422597,0.06691235424022131,0.07746191608175369,0.10629738511527201
0.11998130289313175,0.12305648494390921,0.11813619366266481,0.13412714032670725,0.1839450895493014,0.20670143672505506,0.21223676441645384,0.178409761857902,0.15196319622121665,0.14950305058059501,0.18148494390867964,0.18517516236961323,0.16118874237354933,0.10030013776815627,0.05601751623696138,-0.0005658334973432456,-0.07252509348553449,-0.2336646329462722,-0.49751525290297327,-0.8185642590041328,-1.0,-0.8585416256642404,-0.5627091123794542,-0.30746900216492995,-0.1414091714229494,-0.02332218067309589,0.059092698287737985,0.11813619366266553,0.13720232237748559,0.11752115725250882,0.10706553827986605,0.0972249557173781,0.09168962802597916,0.08000393623302483,0.053557370596339034,0.04125664239323003,0.012964967526076714,0.0037394213737448915,0.03141605983074208,0.05171226136587381,0.08492422751426924,0.10706553827986648,0.1046053926392447,0.09845502853768978,0.10706553827986591,0.1255166305845307,0.13781735878764026,0.14827297776028436,0.16303385160401554,0.17471954339696974
0.02226186833006681,0.03300538478066912,0.04667895117234573,0.082816233778918,0.10104765563448638,0.10886112214401568,0.12741810510414736,0.1674621209654846,0.1801590040434697,0.1811356873571603,0.18927471497125312,0.18764690944843473,0.19741374258534655,0.19578593706252784,0.19383257043514548,0.15183518794642606,0.026494162689394755,-0.1851205552770209,-0.48789238252127615,-0.8238714424310298,-1.0,-0.8629387749786755,-0.592397497086229,-0.3501800352908249,-0.18381831085876613,-0.06759299652951936,-0.013549853171942614,0.05058568442710992,0.09583867796146664,0.12839478841783847,0.1557419212011908,0.15476523788749907,0.1511840657372984,0.13978942707756875,0.1365338160319313,0.12546473847676493,0.11244229429421643,0.09941985011166739,0.09128082249757426,0.08997857807931926,0.10462882778468743,0.11276785539878034,0.097792044588849,0.08183955046522674,0.08053730604697218,0.08542072261542756,0.0763050116876434,0.07402608395569736,0.06523593413247682,0.064259250818786
0.09995696627046,0.08474676876048065,0.09179539687486109,0.11145735950971261,0.14373265666503468,0.16042677588330514,0.17155618869548478,0.15263618691477893,0.1496683434981977,0.14261971538381654,0.13742598940479922,0.1277804983009099,0.11924794847823864,0.10848951609313127,0.08252088619804412,0.0253899004288532,-0.07291991274540467,-0.22353796613690816,-0.4876760302126477,-0.8026384127973413,-1.0,-0.8534627313062967,-0.5867278042410498,-0.35671993945599645,-0.20758580777278285,-0.10111442520292721,-0.02246657466352129,0.042084019647123314,0.08660167089584332,0.10292480968704114,0.12889343958212762,0.13297422427992783,0.11590912463458451,0.09958598584338711,0.10292480968704107,0.10997343780142194,0.12407069403018299,0.14261971538381663,0.1663624627164675,0.1693303061330488,0.16116873673745014,0.14632951965454358,0.13037736129041835,0.11702206591580229,0.1207318701865293,0.13557108726943604,0.13371618513407352,0.11813500719702094,0.11182833993678454,0.10626363353069476
0.07697015868054896,0.09520181795688325,0.12547939496936464,0.12906061375578767,0.15315244922808507,0.17854654607726372,0.17822098073304407,0.17756985004460304,0.1785465460772631,0.15933819076827,0.1385020087381738,0.1111545198236739,0.08576042297449533,0.05059936579870911,-0.009630222882034948,-0.0731154650049823,-0.16720384948463143,-0.31370825438373895,-0.5409528646494659,-0.8137766231060243,-1.0,-0.8541467257893331,-0.5849041861191975,-0.3638453173936555,-0.21343412836390566,-0.1024163459848037,-0.03795440782919599,0.021624050163107818,0.07013328645192327,0.10464321293926879,0.14208322752459715,0.1661750629968947,0.17724428470038314,0.18277889555212645,0.18570898365010885,0.17984880745414467,0.16487280162001397,0.1459900116552393,0.15087349181854337,0.1645472362757934,0.17203523919285912,0.16064045214514985,0.15380357991652566,0.13719974736129334,0.1251538296251439,0.11864252274074,0.11831695739651912,0.1192936534291804,0.12222374152716264,0.15315244922808513
0.12440314216768582,0.09103044616727368,0.11670175078297511,0.12476987509076669,0.1354051298601287,0.1453069187833272,0.16767762709129547,0.18858140370693707,0.19518259632240337,0.17684595016833027,0.15740910524501414,0.12513660801384818,0.10129896801355448,0.06975993662855093,0.011816134781683522,-0.03989320737279902,-0.11433999075833166,-0.26213335876015104,-0.5012432246092484,-0.8074652153822469,-1.0,-0.8478058369212047,-0.569455548302395,-0.3351132104533571,-0.18695310952845676,-0.08720175445030474,-0.009821107680120875,0.03198644555116286,0.05839121601302648,0.08589618524413384,0.09616470709041464,0.10276589970588082,0.1196356141676266,0.1368720615524541,0.15740910524501492,0.17207842216827277,0.17647921724524973,0.17244515509135389,0.15410850893728195,0.1394391920140242,0.13100433478315132,0.13063760186006984,0.12807047139850009,0.12220274462919652,0.1453069187833272,0.1504411797064675,0.1262368067830926,0.09909857047506646,0.09506450832117037,0.09836510462890317
0.09510225789295555,0.09969540202098405,0.09631098003191044,0.10525552386017499,0.13305613305613326,0.14683556544021686,0.15650534255185453,0.15287917613499077,0.16134023110767348,0.15578010926848174,0.17463617463617584,0.16641686409128312,0.14151718802881685,0.09631098003191041,0.07286177053618889,0.03273219552289302,-0.06178987574336472,-0.23221969733597775,-0.490886235072284,-0.7930667698109574,-1.0,-0.8462505439249637,-0.5711453850988757,-0.3298844461635177,-0.18725523376686334,-0.07798675240535807,-0.009331334912730747,0.030798240100566015,0.07479572595851694,0.10646424599913044,0.13885799932311602,0.15142870956824467,0.1630324421022101,0.17052651936372912,0.18430595174781297,0.1669003529468652,0.14562684330126213,0.11540878982739497,0.1081564569936664,0.09993714644877494,0.09945365759319284,0.09824493545423801,0.08204805879224505,0.08930039162597286,0.07237828168060763,0.08253154764782697,0.08857515834260044,0.09969540202098355,0.10404680172122076,0.14006672146207122
0.02610126392939924,0.04143295191085154,0.05265126018996362,0.07546182035749015,0.11584773016229169,0.12519632039488507,0.1289357564879216,0.11360406850646974,0.12743998205070659,0.1457632189065894,0.16221673771595263,0.1337970234088697,0.1177174482088104,0.09602871886919481,0.08294069254356488,0.043676613566673315,-0.04195647296387727,-0.21284870241567713,-0.4959240146585907,-0.7995662254132081,-1.0,-0.8582753720738917,-0.5920275222496462,-0.33288460100217016,-0.1556353301922085,-0.02812055941964027,0.048911824096926376,0.10911674519482464,0.1547378655298783,0.173435045995064,0.1839054670555684,0.17867025652531626,0.1827836362276579,0.16819983546481287,0.1483808241717156,0.11323012489716582,0.10762097075761005,0.08929773390172722,0.10612519632039466,0.11023857602273601,0.11435195572507682,0.12220477152045535,0.11734350459950667,0.1248223767855814,0.12295265873906278,0.12669209483209967,0.10088998579014237,0.08668012863660161,0.059756188766734004,0.07807942562261645
0.12410809480849684,0.1107807758549997,0.10257934880669249,0.10975559747396117,0.16306487328795258,0.17741737062248886,0.17126630033625956,0.13589764619043743,0.12718362995161184,0.1230829164274583,0.1261584515705739,0.13384728942836108,0.12769621914213058,0.0897646190437135,0.04158123513491286,-0.045558927253342575,-0.13628721397523255,-0.27571147379644234,-0.5084269662921361,-0.8047035184122037,-1.0,-0.8400721725580252,-0.5504592799147061,-0.32184450094316613,-0.17883211678832261,-0.08912900844747058,-0.03479455425244099,0.00877552694168726,0.03901828918231801,0.07131140818502346,0.09591568932994377,0.12513327318953563,0.14409907323874427,0.1707537111457394,0.17998031657508476,0.17587960305093134,0.17331665709833555,0.14717460838185845,0.1589641597637994,0.16972853276470168,0.18766915443287205,0.16409005166899113,0.14409907323874394,0.12923398671368808,0.11590666776019012,0.11129336504551807,0.09745345690150149,0.1000164028540967,0.09796604609202,0.11385631099811376
0.07281085211117633,0.055901399100667395,0.08032616456029172,0.1019326878514981,0.14107494019063935,0.15579242707015603,0.1432669063216309,0.1266705913298356,0.1251049012362692,0.11351879454388303,0.10161954983278472,0.08627578691584067,0.08001302654157835,0.07281085211117669,0.06466926362463495,0.06654809173691378,0.04431529240828182,-0.0649698761226005,-0.3565013715445237,-0.7720355223768437,-1.0,-0.8578353395042404,-0.5569097035209262,-0.29356062978318503,-0.11851647732254565,-0.03772686849455828,0.008617558274984703,0.05339629495096318,0.10443779200120268,0.1301151095356795,0.11477134661873604,0.10412465398248943,0.09974072172050566,0.09065971917782466,0.09473051342109594,0.0972356175708005,0.10662975813219452,0.11070055237546521,0.11508448463744979,0.13387276576023704,0.14796397660232732,0.142640630284205,0.1229129351052772,0.10976113831932602,0.08377068276613682,0.07312399012988978,0.06623495371820098,0.08564951087841477,0.11602389869358812,0.11320565652517015
0.09139147905826633,0.1086497346865185,0.12307454536087817,0.12410488898047549,0.127195919839267,0.12745350574416625,0.1171500695481944,0.11045283602081309,0.1163773118334967,0.13827211374993595,0.1470300345165115,0.13698418422543904,0.12462006079027423,0.09783112668074843,0.0743908093349134,0.037813610839214806,-0.046674565967751644,-0.19710473442893336,-0.47143372314667215,-0.8091288444696323,-1.0,-0.8547215496368057,-0.5731801555818885,-0.3277007882128709,-0.14790582659317003,-0.03971974653547001,0.01926742568646607,0.0630570295193449,0.1022100870640361,0.13054453660295687,0.13440832517644685,0.1320900520323531,0.12848384936376356,0.11869558497759045,0.12668074802946833,0.12796867755396477,0.1089073205914178,0.09705836896605026,0.09370975220235943,0.10324043068363316,0.10633146154242473,0.11148317964041064,0.10530111792282804,0.12075627221678471,0.1359538406058428,0.1557879552830879,0.1449693472773178,0.11946834269228791,0.09860388439544655,0.07980011333779832
0.10533632939426757,0.11261093777784974,0.11099435813705394,0.14494253059377032,0.15504615334874539,0.15423786352834745,0.13847621203058624,0.11261093777785001,0.11624824196964077,0.12109798089202876,0.13807206712038694,0.14453838568357036,0.13685963238979035,0.13241403837760113,0.12635186472461582,0.11422751741864545,0.07623789585993952,-0.0720832861830945,-0.3982282287136893,-0.7821658934027391,-1.0,-0.850870528136569,-0.5651400766258762,-0.34771011493881443,-0.20140965744677541,-0.08178276402786973,-0.006611810730855754,0.05441407070919356,0.08230006951292475,0.09765757610048606,0.12716015454501345,0.1477715449651634,0.14453838568357127,0.11948140125123305,0.10776119885546165,0.10533632939426765,0.11503580723904383,0.11907725634103411,0.10816534376566088,0.13120160364700398,0.13483890783879468,0.10089073538207834,0.05643479526018833,0.05683894017038784,0.0794710551415316,0.08876638807610883,0.06613427310496449,0.04309801322362177,0.03784412939103445,0.04148143358282531
0.09925668429422037,0.1117377315927667,0.1029547723826782,0.08446433194038724,0.09602085721681924,0.12421877889131347,0.13438852113457334,0.13300173810140253,0.1376243482119751,0.14871861247735,0.13808660922303212,0.1158980806922824,0.09602085721681891,0.0844643319403867,0.10295477238267842,0.09463407418364723,0.019747790392366852,-0.1577604378536311,-0.461465922118267,-0.7933693280573954,-1.0,-0.8566990865722426,-0.5700972597167281,-0.3056839613919622,-0.1332606042675948,-0.00012943308309641766,0.07891719980769976,0.10896416552642334,0.11959616878074054,0.13392626012351622,0.13022817203505818,0.13346399911245985,0.15056765652157847,0.15102991753263592,0.1690580969638707,0.14455826337783373,0.11589808069228186,0.10665286047113708,0.11173773159276745,0.12976591102400106,0.11913390776968395,0.09278503013941779,0.08954920306201697,0.09555859620576168,0.0678229355423251,0.04748345105580407,0.028530749602455583,0.037775969823601104,0.041936318923116264,0.04933249510003223
0.1242804450823342,0.1181073197833233,0.12312298408876975,0.13546923468679203,0.11733567912094722,0.13739833634273263,0.16864978316897464,0.16787814250659838,0.17945275244224268,0.16903560350016203,0.1536027902526361,0.1312252110437218,0.11733567912094758,0.13006775005015708,0.12312298408877029,0.08454095096995255,-0.0038119048721401644,-0.17974597589394703,-0.46718212262913594,-0.7866413568529425,-1.0,-0.8572464774603774,-0.572511073043507,-0.3452628979736735,-0.21022578205781256,-0.12920351250829648,-0.06978718150531779,-0.008441748846397317,0.04634473818232332,0.07065141904717777,0.0814543883204472,0.08724169328826935,0.11309165547787713,0.12891028905659252,0.15167368859669558,0.15437443091501235,0.13932743799867336,0.12582372640708725,0.12273716375758188,0.1192647807768884,0.1308393907125339,0.1400990786610491,0.1250520857447109,0.11386329614025435,0.09572974057440928,0.08878497461302284,0.07836782567094172,0.0930289982560915,0.11540657746500632,0.12736700773183923
0.11761957810759362,0.12705286232795557,0.12301002623351445,0.1059402738347648,0.13468933050634266,0.15670032702052003,0.16703201926186895,0.15670032702051961,0.1477162468106515,0.1450210227476907,0.1540051029575596,0.15894634707298708,0.14861465483163935,0.137384554569304,0.1234592302440078,0.06730872893233164,-0.0467890897329937,-0.22691989794085043,-0.4892550400689992,-0.8081898875193162,-1.0,-0.8468214324217493,-0.557084845653504,-0.324846372228413,-0.15369964423042465,-0.056671577963848904,0.008463003557695564,0.056527832680490886,0.0960577856039099,0.11267833399216612,0.12031480217055435,0.11537355805512749,0.10459266180328505,0.12974808639091473,0.15355589894706512,0.15714953103101337,0.13693535055881076,0.1364861465483175,0.1418765946742376,0.14412261472670504,0.13244331045387547,0.09560858159341644,0.06146907679591775,0.044848528407661646,0.04215330434470102,0.03990728429223405,0.06685952492183912,0.08931972544650879,0.07988644122614799,0.07269917705825218
0.094005773051596,0.12524522973496421,0.14648806027965527,0.1539855298836648,0.12836917540330223,0.13336748847264043,0.14836242768065824,0.13524185587364312,0.09900408612093378,0.07463730990790614,0.08775788171492128,0.09025703824958994,0.07338773164057065,0.053394479363214904,0.03839954015519739,-0.009084434003523847,-0.1084259062566391,-0.27774376148050206,-0.5239106801454526,-0.8169367838354561,-1.0,-0.8569232883901683,-0.5701450760368395,-0.31835505516888213,-0.15778424781636288,-0.06531545603358904,-0.028452897147213135,0.010908818273832607,0.058392792432554,0.09775450785359945,0.11587339272995427,0.13836580154198083,0.16960525822534903,0.18897372136903862,0.20521823884439105,0.19897034750771705,0.20146950404238675,0.17960188436402794,0.1689804690916814,0.15898384295300488,0.15898384295300386,0.1614829994876731,0.1539855298836648,0.13086833193797165,0.09837929698726676,0.09275619478425963,0.09650492958626423,0.10025366438826913,0.11587339272995412,0.14898721681432545
0.17133943311228672,0.18183217213688233,0.16784185343742192,0.15769887238031335,0.1678418534374218,0.15140322896555594,0.14790564929069092,0.14650661742074525,0.13916170010352866,0.1363636363636365,0.13986121603850132,0.13041775091636615,0.11572791628193332,0.1108313047371222,0.07725453985841879,0.016046895548280767,-0.08363412518537246,-0.2518677075463801,-0.5225803743809304,-0.8090321497523724,-1.0,-0.8475055261758871,-0.5757435854388782,-0.37078541649178903,-0.22213828031002633,-0.1137133103892116,-0.041663169086992434,0.032135762052660166,0.1087327569322029,0.13951145807101487,0.16749209546993551,0.18882733148661168,0.18847757351912534,0.18078289823442237,0.183231204006828,0.16644282156747559,0.1458071014857718,0.11957525392428445,0.11817622205433942,0.12587089733904117,0.11467864237947412,0.08180139343574273,0.07585550798847264,0.08704776294804041,0.0919443744928512,0.07235792831360709,0.061165673354038816,0.07305744424857967,0.08215115140322894,0.07550575002098503
0.07507605675389264,0.057149334865892416,0.07296703064942224,0.08641207206542191,0.10196613958589262,0.10038437000753973,0.12015648973695188,0.1291198506809522,0.15231913783012924,0.1354469289943645,0.13360153115295256,0.1314925050484819,0.14309214862307013,0.14704657256895212,0.1354469289943636,0.0945845482202454,-0.0034851656376376633,-0.18591592367434628,-0.4817068348263491,-0.8133511897543504,-1.0,-0.861858790157175,-0.5908489357327028,-0.31324837473176,-0.1221178840141105,-0.01613932226446201,0.042122523871538926,0.07850322417365735,0.10592056353177527,0.11936560494777558,0.14572843125365803,0.14282852036001084,0.1531100226193053,0.15073736825177542,0.1594371009327173,0.1441466616753048,0.14203763557083443,0.11962923321083435,0.11224764184518703,0.10407516569036335,0.08509393075012787,0.07718508285836306,0.08614844380236263,0.09669357432471637,0.09300277864189238,0.09801171564001028,0.08193039159342179,0.07665782633224572,0.0785032241736568,0.07929410896283373
0.10540262830566237,0.10215780650046022,0.09945378832945818,0.08322967930344584,0.10269861013466083,0.10378021740306104,0.10215780650045983,0.09999459196365729,0.10810664647666428,0.1081066464766644,0.1162187009896709,0.11730030825807146,0.10756584284246443,0.07836244659564123,0.049159050348817804,0.021037261370396222,-0.0752257855172794,-0.2417933048510093,-0.5105727110486195,-0.8069331025904499,-1.0,-0.828565247958467,-0.4873181547780012,-0.1520199015737393,0.05456708669082314,0.1573197771889022,0.1897679952409285,0.17841111892271952,0.16326861716510838,0.15515656265210087,0.14109566816289046,0.10540262830566298,0.09188253745065168,0.09350494835325325,0.12054513006327387,0.08214807203504336,0.07295441025363654,0.037802174030609426,0.03834297766480991,0.062679141203829,0.06376074847222972,0.08701530474284783,0.07728083932724002,0.07944405386404245,0.07457682115623848,0.09512735925585457,0.08701530474284808,0.10323941376886019,0.09404575198745335,0.09134173381645132
0.10831064959505338,0.0834425513324598,0.0962126558456836,0.10629431730349204,0.15737473535638727,0.154014181537118,0.14762912928050634,0.13015424942030498,0.1220889202540582,0.12881002789259716,0.12376919716369293,0.09755687737339136,0.07403300063850571,0.03706690862654143,-0.017710118627550397,-0.07282320126356896,-0.1403703330308847,-0.2657189904896347,-0.4841549887421464,-0.7892932755318082,-1.0,-0.8235709244883563,-0.5127196962059364,-0.25698155055953437,-0.12255939778875681,-0.04157005074436333,0.028329468696441068,0.08781127129751022,0.1395638001142597,0.14090802164196745,0.14897335080821372,0.13620324629498975,0.10730248344927283,0.07705749907584783,0.0713445575830898,0.08915549282521806,0.13788352320462435,0.1536781261551904,0.13989985549618622,0.12544947407332735,0.12343314178176627,0.14662096313472456,0.16409584299492608,0.16375978761299895,0.13015424942030515,0.12040864334442329,0.11368753570588472,0.12981819403837747,0.13989985549618614,0.1452767416070172
0.08347031231207222,0.09349316441486598,0.11504229643587453,0.13959828408772038,0.14561199534939742,0.14310628232369835,0.14661428055967637,0.1601451308984494,0.15914284568817008,0.15262799182135242,0.1516257066110738,0.13859599887744,0.12205829290782988,0.11153429819989552,0.07745660105039458,0.021328629274746082,-0.057350759732189366,-0.1861444092530979,-0.4352122840075386,-0.7950326744978558,-1.0,-0.8441446498015482,-0.5524796536102327,-0.32746662390250003,-0.1691055606783482,-0.06837589704526349,0.021328629274745964,0.06893717676301922,0.09900573307140267,0.12957543198492627,0.14260513971855926,0.1611474161087287,0.1746782664475004,0.14861885098023514,0.1335845728260433,0.11704686685643272,0.12456400593352886,0.1345868580363233,0.1165457242512934,0.11203544080503625,0.1265685763540876,0.12005372248727089,0.12055486509241091,0.09499659223028553,0.060417752475645146,0.04588461692659237,0.03936976305977588,0.04237661869061406,0.05841318205508581,0.08096459928637346
0.1401097396694674,0.12888387527790957,0.13244329569474492,0.13627651768210577,0.13025288313053807,0.11683660617477283,0.12806247056633155,0.13627651768210552,0.13983593809894104,0.1590020480357478,0.17187072185046082,0.18172757838939027,0.18446559409464885,0.16831130143362588,0.13435990668842568,0.08370661614115067,-0.012123933542883351,-0.18817834339097902,-0.4732057783083463,-0.8110769163371921,-1.0,-0.8518733503455385,-0.561917487158708,-0.3160436768265322,-0.15285794079315015,-0.04936094713439343,0.004030359118139321,0.0188156439265342,0.03360092873492711,0.055231252806465486,0.073575958031695,0.0806947988653665,0.09602768681481136,0.11847941559792813,0.12641966114317665,0.12997908156001187,0.11108677319373123,0.0869922349874601,0.0889088459811404,0.09712289309691484,0.0952062821032344,0.09137306011587257,0.10506313864216404,0.11902701873897949,0.11026536848215397,0.09356347268007956,0.09684909152638924,0.09794429780849236,0.10697974963584435,0.1069797496358441
0.10814683534757429,0.09353494598314464,0.11521710439487912,0.14019872169535652,0.15103980090122426,0.14444088312373926,0.14019872169535677,0.13077169629895036,0.13312845264805234,0.15339655725032594,0.18214898470936622,0.18544844359810828,0.18403438978864675,0.1510398009012244,0.10908953788721482,0.064782518524105,-0.018646656234092444,-0.18739041082976826,-0.473029280340883,-0.8062746281038491,-1.0,-0.8567092139746233,-0.5936952054148849,-0.3429363298704749,-0.1840909519410259,-0.06059691924810146,0.04310036011236988,0.10531872772865268,0.1270008861403876,0.12323007598182614,0.10484737645883255,0.09212089217368287,0.11144629423631645,0.10296197137955125,0.08505062312637837,0.0690246799524875,0.06572522106374576,0.07185278757140996,0.09919116122098805,0.11945926582326272,0.13265710137823197,0.1425554780444583,0.13925601915571578,0.1156884556646995,0.07326684138087086,0.06572522106374531,0.06713927487320666,0.08363656931691779,0.0935349459831452,0.10296197137955104
0.0787269038521843,0.1017670513091283,0.117767153709784,0.12256718442998107,0.11904716190183605,0.13280724996640017,0.1398472950226883,0.1417673073107673,0.15008736055910799,0.18016755307234003,0.1852875858405501,0.15872741585546218,0.13024723358229562,0.10464706974124705,0.06784683421973883,-0.0009536061030790256,-0.08607415087456682,-0.25343522198542245,-0.5190369218363015,-0.8175988326325295,-1.0,-0.8351989452732506,-0.5516771307336386,-0.31007558448374267,-0.16191463625367378,-0.04927391535305936,0.032646608938296934,0.0649668157876215,0.09920703492502383,0.12896722539024302,0.14272731345480635,0.15424738718327863,0.1651274568157238,0.16608746295976315,0.17760753668823534,0.16768747319982902,0.16768747319982932,0.15424738718327877,0.140487299118715,0.13472726225447923,0.12192718033395486,0.10080704516508888,0.07200686084390955,0.055366754347228035,0.05472675025120137,0.05792677073133281,0.06592682193166065,0.09056697962866993,0.08576694890847315,0.052486735915109814
0.10430140932583987,0.08735560764820469,0.08594345750840177,0.07229267282364107,0.1000649589064309,0.1000649589064309,0.11606932715753007,0.11701076058406565,0.10571355946564223,0.08264844051552904,0.06993908925730356,0.03510605247549927,0.029928168629554962,0.05252257086640104,0.07841199009612028,0.050639704013330886,-0.03597217122791202,-0.2063716214307919,-0.48315304883215304,-0.8159497651123604,-1.0,-0.8644335865789257,-0.6093051279878753,-0.37347605464079753,-0.2082544882838628,-0.07598309185565998,0.017218817371329395,0.06570263883789494,0.09818209205336074,0.12218864443000908,0.12407151128307967,0.1391344461076436,0.1617288483444897,0.1650238653373631,0.17679178316905386,0.18950113442727953,0.1777332165955893,0.14384161324032002,0.13913444610764417,0.14478304666685493,0.1824403837282653,0.20315191911204078,0.198444751979365,0.1744381996027156,0.15419738093220833,0.12736652827595338,0.11042072659831856,0.1207764942902063,0.12783724498922064,0.12077649429020618
0.1971147068498303,0.1877163578264757,0.16735326827587266,0.14385739571748601,0.1379834275778891,0.1512977553609749,0.1618708980122497,0.17714321517520168,0.18262558543882518,0.15678012562459928,0.15443053836876,0.1407246127097008,0.10861358687990498,0.06867060353064669,0.011888911514544215,-0.0687802509359196,-0.1968327563791307,-0.34759793862878324,-0.5480960511270203,-0.824564151564043,-1.0,-0.8508012092542413,-0.5461380617471547,-0.27397753794583546,-0.0946257107501454,0.029510815933333906,0.07141178866245856,0.07885214830594735,0.08511771432151745,0.09686565060071148,0.11487915289547508,0.12701868705064254,0.14189940633762044,0.14620698297332474,0.13641703607399677,0.1285850785545343,0.10626399962406617,0.09725724847668446,0.11644554439936745,0.1285850785545343,0.1328926551902385,0.1090051847558785,0.08394292069359777,0.08903369308124891,0.07454457167024345,0.07258658229037779,0.09373286759292597,0.12036152315909893,0.11252956563963655,0.10939678263185103
0.0481077051265182,0.03275884752006321,0.031662500548173336,0.032027949538803516,0.05249309301407684,0.07222733850809107,0.11206127848674947,0.13069917700887357,0.13691180984958184,0.133622768933913,0.13983540177462087,0.1562806063529659,0.1537224634185564,0.13069917700887348,0.1336227689339118,0.13398821792454269,0.05687848090163539,-0.1382712800947256,-0.46534812670847525,-0.8176409536756861,-1.0,-0.8476077709073372,-0.5614612112441356,-0.30308877486880553,-0.1302314023008677,-0.021327603093160986,0.049934950079667424,0.10584864564604109,0.1442207896621796,0.15810785130611496,0.16139689222178422,0.13325731994328258,0.14056629975588023,0.15335701442792699,0.1650513821280831,0.1387390548027304,0.12521744214942507,0.12083205426186656,0.11133038050548917,0.10657954362730052,0.08976889005832521,0.08465260418950739,0.08647984914265654,0.10657954362730027,0.0970778698709232,0.06784195062053226,0.04043327632329096,0.0550512359484861,0.06784195062053268,0.08721074712391716
0.1165622479309624,0.09943536535507927,0.08728080352703309,0.09998784543817157,0.10054032552126488,0.06960144086805689,0.07457376161589384,0.08562336327775455,0.1137998475154972,0.1220870487618923,0.11766720809714892,0.10938000685075343,0.10219776577054346,0.10054032552126527,0.08672832344394003,0.06739152053568527,0.0027513508138027826,-0.15636291311698367,-0.43647031524513724,-0.7900575684246597,-1.0,-0.8226538933271464,-0.5176848874598086,-0.27348869073270143,-0.1094021060540788,-0.011060651263521952,0.0441873570457775,0.06849648070187024,0.08120352261301,0.09722544502270764,0.1060651263521957,0.08838576369321935,0.07457376161589449,0.04473983712887147,0.06352415995403406,0.10109280560435784,0.13368913050684492,0.1524734533320088,0.16904785582479886,0.15413089358128645,0.15578833383056667,0.1480536126672645,0.13755649108849688,0.1176672080971484,0.09833040518889313,0.109932486933846,0.13534657075612436,0.11821968818024223,0.0911481641086839,0.07015392095114918
0.09116097882146382,0.09664764621968644,0.11516514868868646,0.10419181389224186,0.16180182157357714,0.13848348513113218,0.11996598266213201,0.11379348183913152,0.10350598046746415,0.07813014375068578,0.06304180840557382,0.05686930758257364,0.04246680566224034,0.0006309667507949117,-0.05423570723142921,-0.09538571271809679,-0.1152748820366519,-0.21814989575332067,-0.4533907604521036,-0.785334138044553,-1.0,-0.8402008120267758,-0.5377482716997715,-0.2798749039833212,-0.1296773839569855,-0.02337320311642789,0.05618347415779626,0.11653681553824251,0.16797432239657714,0.19197849226380076,0.18992099198946666,0.17963349061779915,0.1570009876001316,0.14534181937890928,0.10830681444090859,0.09801931306924168,0.11036431471524219,0.11516514868868725,0.11516514868868694,0.1227093163612422,0.1172226489630207,0.11790848238779825,0.1275101503346865,0.14877098650279877,0.15357182047624385,0.1419126522550212,0.13779765170635352,0.13162515088335433,0.13779765170635544,0.1583726544496883
0.12938769085471494,0.11901320779016435,0.09969520484237952,0.1039880943863322,0.0957600560937568,0.07071820042070297,0.08967846257315824,0.1072077615442956,0.12759898687806728,0.15478728732309774,0.15550276891375672,0.16158436243435545,0.1472747306211815,0.12509480131076284,0.1089964655209418,0.04603408554297901,-0.06164589385115199,-0.23872758753917417,-0.5063177024455177,-0.8129015640427568,-1.0,-0.8450982356223982,-0.5671336376515044,-0.32708956398552075,-0.15787816779474337,-0.036961778973427194,0.04710730792896622,0.09146716654980437,0.09897972325172052,0.11829772619950493,0.11722450381351714,0.1061345391583078,0.08753201780118257,0.08860524018716945,0.0850278322338762,0.09218264814046362,0.09540231529842692,0.0803772018945953,0.08645879541519419,0.09325587052645166,0.1072077615442956,0.11615128142752942,0.11972868938082244,0.11221613267890629,0.11937094858549364,0.13546928437531325,0.13868895153327712,0.18304881015411545,0.20093584992058203,0.19056136685603126
0.08759660274039172,0.09063203841647387,0.10247023755319647,0.11886159020404255,0.13130687647598116,0.14709114199161044,0.16166123323680684,0.16712501745375608,0.16955336599462142,0.15771516685789946,0.13646711712532172,0.12098639517729991,0.12736081009707328,0.14344861918031135,0.14314507561270334,0.08577534133474154,-0.040498782790294834,-0.23537375319479747,-0.5222224245846027,-0.8385148220324071,-1.0,-0.8667443738199757,-0.6087323413529558,-0.37348607645655596,-0.2086619192452706,-0.08815512290479141,0.0004795988368204694,0.066348553007813,0.10671984749971189,0.1337352250168469,0.1379848349633627,0.11491552382513488,0.10429149895884561,0.09427456122777318,0.10155960685037076,0.09336393052494853,0.09639936620103118,0.09639936620103075,0.10307732468841292,0.11643324166317627,0.13950255280140347,0.15862579756072484,0.1501265776676931,0.13737774782814627,0.1234147437181664,0.11673678523078486,0.11643324166317649,0.12311120015055803,0.12280765658294981,0.13707420426053799
0.09289760805707079,0.09997901804448174,0.08161980696600922,0.08922576584137648,0.10286403692824198,0.11755140579101972,0.13433697020562402,0.13250104909777596,0.12961603021401658,0.13538606798153632,0.13538606798153632,0.11860050356693268,0.11912505245488933,0.12830465799412505,0.12830465799412566,0.10155266470835063,0.010018883759965916,-0.17960553923625758,-0.4846307175828802,-0.822702475870752,-1.0,-0.8633550146873695,-0.6021296684851037,-0.3453629878304675,-0.15678766261015653,-0.02591271506504475,0.05276961812840946,0.10837180025178364,0.1532207301720526,0.1673835501468735,0.18416911456147797,0.1828577423415868,0.18757868233319389,0.16895719681074317,0.14194292908099085,0.1262064624422998,0.1343369702056232,0.1267310113302561,0.11886277801091076,0.11230591691145633,0.1193873268988673,0.12069869911875829,0.09184851028115831,0.06640788921527502,0.05198279479647477,0.04988459924465008,0.035197230381871246,0.03545950482584983,0.03913134704154444,0.0475241292488462
0.07914870869666896,0.07079616451171027,0.07692136358068036,0.09121349474160959,0.09418328822959482,0.07933432078966841,0.08880053753262104,0.08898614962562076,0.09603940915958616,0.09659624543858329,0.1081041952045262,0.11515745473849161,0.1327906035734041,0.1433704928743522,0.15747701194228256,0.14559783799034132,0.08917176171861943,-0.06154525779663688,-0.40010171542696515,-0.7948986372360146,-1.0,-0.8587491972276992,-0.5914677833090201,-0.3293835079943149,-0.1487829415062065,-0.037786909892753864,0.027177322656925424,0.085645131951637,0.11886969659847292,0.1418855961303594,0.15654895147728706,0.16508710775524518,0.1728828156612064,0.16787128915023175,0.16768567705723253,0.14856763147832655,0.13130570682941178,0.10977470404151803,0.10587685008853731,0.09733869381057945,0.09863797846157268,0.08508829567264047,0.07283789753470067,0.06355729288474611,0.04462485939883958,0.04573853195683399,0.05056444637481019,0.06262923241975062,0.06541341381473706,0.08341778683564799
0.10806488462417191,0.1187004167552964,0.10688315883182481,0.1376080294328509,0.18566487832163495,0.19590650185531036,0.17896843216500063,0.18054406655479738,0.19078569008847288,0.20851157697367928,0.20181513081704544,0.16675726564408028,0.14548620138183202,0.12776031449662406,0.1293359488864208,0.09624762670069996,-0.012865054792686422,-0.20824371912741507,-0.4950091780703219,-0.8258923999275212,-1.0,-0.8680406198545693,-0.6088487627330963,-0.36186807213254407,-0.18736656346261527,-0.07628433898198286,-0.01483459777993152,0.02258671897772822,0.06000803573538777,0.08955118054406641,0.10845879322162127,0.10333798145478316,0.11988214254764358,0.12736640589917514,0.11673087376805075,0.08561209456957604,0.0667044818920216,0.078915648412942,0.09349026651855667,0.10412579864968136,0.09900498688284398,0.09703544389559841,0.09979280407774235,0.11200397059866267,0.12027605114509247,0.11121615340376474,0.09821716968794543,0.09388417511600651,0.08994508914151604,0.08206691719253512
0.03911560733331805,0.03606387280370452,0.06696268491603907,0.07764375576968603,0.09862443066077634,0.10282056563899532,0.1192236387356667,0.13066764322171615,0.14173018089156464,0.14325604815637116,0.14249311452396837,0.16538112349606793,0.1886505992843687,0.19322820107878858,0.16614405712847113,0.09862443066077704,-0.010856545589099115,-0.2183744936028036,-0.5056190062026522,-0.8203291295690193,-1.0,-0.8802194197126794,-0.6112853142905114,-0.3480732111113674,-0.15848420345914227,-0.04442562541484603,0.029960403744477563,0.058188948143401094,0.07955108985069391,0.1264715082434985,0.15851472080443765,0.165762590312269,0.15279271856141263,0.1493595172155975,0.15660738672342933,0.15737032035583226,0.15622591990722787,0.14668924950218604,0.1234197737138849,0.09175802796914703,0.08794335980713082,0.09671709657976905,0.10091323155798725,0.08336575801271093,0.07611788850487922,0.07878815621829086,0.0845101584613148,0.0986244306607766,0.1035834992713989,0.12380124053008686
0.07924076217176558,0.08739058858046343,0.08433440367720191,0.08148196443415798,0.10104154781503172,0.09941158253329221,0.09778161725155245,0.10450522403872826,0.1226385877980803,0.13282587080895236,0.13954947759612724,0.12752848364329875,0.12956594024547313,0.1218236051572106,0.12997343156590793,0.1191749115743836,0.03889912144871316,-0.13815585728024124,-0.45070170005379,-0.7982917963847377,-1.0,-0.8594154944499681,-0.580895176932733,-0.33436292806963347,-0.1660690127300302,-0.0566575931932655,0.013430913921533116,0.06171863539306626,0.11550748969046995,0.1511629802285216,0.17337125719222235,0.1813173379407027,0.1933383318935311,0.170518817949178,0.15972029795765358,0.14077195155743166,0.13262212514873456,0.1171374549722093,0.110413848185034,0.09615165196981296,0.09594790630959568,0.11835992893351382,0.12691724666264637,0.11041384818503382,0.08494564065785462,0.06925722482111196,0.05010513276067206,0.04562272823588831,0.03217551466153744,0.03645417352610378
-0.01681625915609227,-0.01913752192303751,-0.021458784689982986,-0.030485917672547724,-0.01913752192303769,-0.018105849582173032,-0.025843392138657006,-0.04054472299597681,-0.060404415557619676,-0.06556277726194236,-0.057051480449809955,-0.0369338698029513,-0.03177550809862879,-0.04879810172289354,-0.07871659960796537,-0.1295264623955439,-0.2151552666873012,-0.36113690291963385,-0.5937790157845872,-0.864077169091096,-1.0,-0.8759414010110385,-0.5852677189724542,-0.2711234911792025,-0.017590013411740584,0.1477354792118028,0.23774889095223412,0.2692148973486027,0.27875786650159934,0.2766945218198703,0.28185288352419324,0.2797895388424636,0.26947281543381835,0.2599298462808216,0.253223976065202,0.249097286701744,0.24600226967915037,0.2346538739296408,0.21608377179407862,0.20318786753327214,0.21453626328278164,0.2225317239244821,0.21298875477148502,0.19519240689157147,0.18797070050552023,0.17713814092644223,0.16037346538739358,0.15031466006396427,0.13432373878056392,0.12555452388321522
-0.05396215848633944,-0.05525632790017471,-0.0577270149629514,-0.059138836141680924,-0.05419746201612783,-0.049844346715045194,-0.05149147142356289,-0.05419746201612788,-0.05749171143316329,-0.0553739796650688,-0.058197622022527845,-0.06113891614488119,-0.059138836141680924,-0.06478612085659906,-0.07961024323325898,-0.10161112326846046,-0.1429068927462986,-0.2731473964840951,-0.5742182628481605,-0.8791716374537334,-1.0,-0.9263499951762774,-0.7755204325820083,-0.6146904699717396,-0.41268238964852705,-0.15608389041444048,0.08463162055894032,0.25840327730756324,0.3534659033420158,0.390408557518771,0.3973500116475242,0.3859377904527945,0.3677017668942049,0.3588778845271455,0.3471127080377328,0.33170032683660294,0.3182880256386724,0.307581715033307,0.3004049573747654,0.2913457714779181,0.2767569526310464,0.2658153384958928,0.26216813378417514,0.2527559925926449,0.23887308433513807,0.2179310701839842,0.20557763487010067,0.18734161131151164,0.16981149834228698,0.15769336655819222
0.019995232630977945,0.012234399339220077,0.012788744574345607,0.020826750483665824,0.022489786189042606,0.022489786189042283,0.022489786189042668,0.015560470749973063,-0.0024557493916064297,0.00447356604746279,0.021935440953916818,0.05519615506144932,0.14389139268153486,0.3501078201482328,0.5444058250597308,0.5538296940568652,0.3420698142389123,-0.01631438026974513,-0.4498123541379111,-0.8312018759042756,-1.0,-0.873332113773816,-0.5958823235934883,-0.3123347358267796,-0.11665086782746692,0.0030877029596487393,0.06018526217757921,0.08069603587722367,0.08513079775822877,0.091228595344609,0.09039707749192075,0.0768156192313449,0.07293520258546594,0.08374493467041433,0.09926660125392871,0.10259267266468247,0.1025926726646826,0.09621770246073896,0.09732639293098982,0.09427749413779951,0.10009811910661748,0.10286984528224494,0.09344597628511099,0.0823590715826004,0.06877761332202516,0.06267981573564427,0.06600588714639699,0.07099499426252649,0.07515258352596872,0.07432106567328091
-0.06022781107746862,-0.0470109236716173,-0.06160099418456958,-0.07327305059493196,-0.07086998015750437,-0.07172821959944269,-0.0698400928271785,-0.06263088151489593,-0.06400406462199734,-0.07928072668850082,-0.09009454365692454,-0.08769147321949705,-0.0875198253311092,-0.10193824795567474,-0.12184940300864518,-0.13317816364223153,-0.15789545957005757,-0.2567646432813597,-0.5035943067828388,-0.8298969426078118,-1.0,-0.8606219146292061,-0.5480511098752473,-0.22312165715737492,0.03623830219640675,0.2219613174318735,0.3422864871916351,0.40596785378346284,0.4500813610990959,0.4644997837236607,0.4579771639649294,0.44046907934938617,0.41197552987703184,0.3853701071769415,0.3618543464678304,0.3254649941296427,0.2779185290462565,0.2367230358332141,0.20943102157957352,0.17990758477689286,0.14746613387162197,0.12480861260444864,0.10180779556049979,0.0891058518198119,0.06576173899908772,0.03658159797318231,0.0044834428446863415,-0.019718909417976035,-0.038085233475457565,-0.05765309275165325
-0.07546717254311965,-0.07556628626819001,-0.08171133722255595,-0.08151310977241502,-0.07834147057016168,-0.07834147057016166,-0.07655742351889407,-0.081711337222556,-0.08656790975100681,-0.08458563524959826,-0.08111665487213367,-0.08052197252171114,-0.08924398032790806,-0.09846155675945728,-0.11412152532058378,-0.1422698232405832,-0.23424736010593356,-0.41503079463438014,-0.6726273660924016,-0.8994986827785938,-1.0,-0.9417211296585934,-0.810296330215216,-0.6235660721825433,-0.37647555558198637,-0.12512314880340014,0.08816958754814491,0.23941713200560635,0.3313946688709562,0.38630367255996884,0.42357043318644694,0.4430958370253194,0.45251164090700946,0.4574673271605303,0.4561788487346155,0.4491417742546147,0.44527633897686897,0.43080573511658743,0.4090998293261654,0.3823391235571521,0.3517129825103923,0.32544784536673094,0.28867665336560505,0.25755494369349324,0.21701743013969155,0.18956292829518498,0.16309956370138287,0.13822201870870762,0.1063073992360321,0.07231139153687798
-0.04124923304622355,-0.04148341740551858,-0.033755333548783364,-0.04850894818436924,-0.038204836375388164,-0.023919590458392145,-0.02813490892570294,-0.04616710459141875,-0.059047244352644315,-0.07028809359880515,-0.0728641215510503,-0.0599839817898242,-0.059515613071234555,-0.06607277513149484,-0.06349674717924998,-0.06256000974206961,-0.08761773618663629,-0.21595076508030284,-0.5178144042115724,-0.843330663631638,-1.0,-0.929276323492907,-0.7587901099261385,-0.5979054550904663,-0.46090760490288474,-0.37144917965219043,-0.31946025188869814,-0.29416834108483697,-0.22086863662549808,-0.06818043436514977,0.14141456720388626,0.3329773731072057,0.45498742429990663,0.5032294023146785,0.5125967766864791,0.49737479333230333,0.48051351946306264,0.45405068686272654,0.427353669903095,0.4118975021896246,0.3948020439610887,0.36974431751652265,0.34398403799407146,0.32805950156201097,0.32173652386104523,0.31447680872289974,0.3175212053937348,0.30347014383603427,0.2941027694642343,0.2966787974164792
