0.05800411387637421,0.05410690603870567,0.05633388599032693,0.05058085963892903,0.03239379064244786,0.015505806496060606,0.00901042718878708,0.009938340338369525,0.014763481673917923,0.015876974657737738,0.011794162567874937,0.02682632094592245,0.03851800108027739,0.024784921713247136,0.00010248225657827725,-0.04517956138753178,-0.18585099484931414,-0.4857529924867058,-0.839287230452978,-1.0,-0.8515354701403194,-0.5263955705319152,-0.2396701309279782,-0.07394479789401753,0.01550580366499314,0.06988136765200645,0.09419265557951953,0.09066658936227064,0.07303624695175626,0.06802561425282878,0.08138749396255636,0.0984610559968221,0.12128763022714842,0.1448565952788777,0.16211575643402792,0.1765912421933322,0.1873549267232648,0.18754054283055405,0.1830866169001211,0.18011722347855716,0.17417860649947717,0.16285805099913708,0.15821859955557374,0.1552493193767084,0.14726920832419302,0.1352064148800931,0.12332905635496465,0.11794714048224426,0.10310055273746487,0.08751171572465574,0.08138746565188171,0.08194422337959062,0.07266512797987634,0.06208693499026456,0.05856088009728552,0.06431390361761596,0.05893204153517742,0.05020966989036247
-0.03486493883668134,-0.038969659992125545,-0.04644234878847957,-0.04981032104544079,-0.04812633250858553,-0.044442617518760066,-0.04170613875544281,-0.04033789776820108,-0.04738959464848635,-0.05433604234556711,-0.06233497866352678,-0.06938668999405993,-0.07075492295338617,-0.07222840188475073,-0.08969978877486277,-0.12664230988063732,-0.22231419633114796,-0.4757551799928019,-0.8273912881659443,-1.0,-0.8160245305158346,-0.41523677120356084,-0.05538852936086292,0.1832119598183413,0.34298091353468574,0.4243384037051242,0.4429674320643338,0.42160218183510256,0.3895012323363861,0.3587683167046918,0.3361396652477335,0.31382673565105906,0.2956184728207015,0.27930477235601375,0.2622544046768831,0.2439410211099688,0.2233121298232257,0.20668260474093572,0.18352769452329004,0.15637330249920822,0.12311440647060566,0.09196048126142854,0.06249065216317422,0.0495449255610308,0.03902003292990935,0.020917134884739275,-0.0002379413058686652,-0.02107729322781799,-0.033180955016226435,-0.042969125742730735,-0.05086282732773377,-0.05854600004024893,-0.06401896238363275,-0.07054440853114619,-0.08159557918995212,-0.08843681142107343,-0.09285727069333045,-0.09748822190966412
-0.01861719497347026,-0.015610622890043111,-0.0152765588803151,-0.017567281373383096,-0.016278750408983515,-0.010217888720852492,-0.0017231208528519133,0.008585110117822125,0.02056367856418013,0.030824192013577435,0.03745775450485528,0.04881596896579777,0.07310719257345043,0.09892558070832064,0.11491306451401029,0.08083835706518329,-0.0853345123709743,-0.4383437725733737,-0.8262401495161138,-1.0,-0.8783539961633496,-0.592251689809059,-0.30409836289786263,-0.08605038002539722,0.05564045395981851,0.14192461782388802,0.18960035642057235,0.21866360589244171,0.2338874346322504,0.23818251242678895,0.23393512303261824,0.22725376148151882,0.21546613009835816,0.20191290965868594,0.18888456448051247,0.17709688650389763,0.16597726547352057,0.15447592756965675,0.14087466927871023,0.1258417688658262,0.11233600385925088,0.10388897171309508,0.09673042330086479,0.08680386261022333,0.07916815645777102,0.07344135500275013,0.06723730844478064,0.06036509428111961,0.05473373951701574,0.04747975023805021,0.03903267149844022,0.03115827290433231,0.024381581145951365,0.015218669697009081,0.004767254129505086,-5.094976800084496e-06,-0.0045388040590856205,-0.009883820934506609
-0.01860320467100305,-0.016864167481681732,-0.023820316975887143,-0.02642887423370939,-0.02758823383376387,-0.027105167210921148,-0.030679848871387236,-0.02961710760695821,-0.025559356007508797,-0.021211760639215062,-0.02217789296375034,-0.019955789105528792,0.018882719867311975,0.0943378234814188,0.15761970214244278,0.12399810424923216,-0.07579821145959863,-0.46283163094896373,-0.8576887192628725,-1.0,-0.8363372306865384,-0.539542163493251,-0.27269666243539004,-0.08942074018694846,0.016177550906145477,0.08428998230989614,0.13047131681853835,0.164382707080414,0.18728006544531112,0.2044772581470438,0.21732692861980601,0.2159743913021113,0.20969444045934058,0.2116267040030309,0.21771335774709982,0.20863164834742232,0.19278699296338433,0.18331887801785732,0.17597628834255613,0.17201515986871302,0.16554204162518393,0.15597723096741745,0.14351410752917038,0.12805595201675898,0.11820133719960536,0.11056883724841778,0.10235668181556737,0.09298520362866913,0.08071530654479112,0.06892844587003033,0.05665849572790269,0.04390557402562955,0.024776105989484355,0.011153659797189486,-0.0015026737831836745,-0.013096246939204336,-0.021598213163723103,-0.03019678814390558
-0.017239673264916894,-0.015635642460812522,-0.016218927726709274,-0.01782295624846846,-0.01902597811527643,-0.01946344434704418,-0.018187508398481333,-0.018041688857164513,-0.017640681568228525,-0.015161724640436391,-0.01406806740980401,-0.013849335359807036,-0.006594740746534785,0.01032049240382109,0.024027691587704392,0.011013146636801923,-0.10666453885107541,-0.4194140039101853,-0.8136041103540707,-1.0,-0.8361694077018926,-0.4850338179646472,-0.17290389297116834,0.023480833565400667,0.1451688612593702,0.211152487223222,0.2356139042065812,0.24312364355160568,0.24097287505550782,0.22879674808824282,0.21133478269816253,0.19423731087790194,0.1808582480121644,0.1709425232601233,0.16182877200374077,0.15493875936946502,0.15056415487119895,0.14706446153457994,0.14265343689335033,0.13587278206802664,0.1281442784150674,0.11939497203847385,0.11111962253571854,0.10211515605324199,0.09467826510914976,0.08705907057511185,0.07659634578817746,0.0639098580341209,0.053483667000221696,0.045135363601467665,0.03744327197646685,0.02949599184306513,0.023079850875073936,0.019725974036644837,0.014731594137599323,0.008497738500792279,0.0036127204682013738,0.0005504847411571887
-0.006116185717412567,-0.0017945590336147174,0.0013566279627152534,0.004507820452935568,0.0034274112067250065,0.0012665927143038853,-0.004855714215214785,-0.009537473995190738,-0.002244730468517508,0.013511206573341225,0.04592341528602876,0.10075417697711549,0.15261391968524857,0.16053695561876485,0.12650404101409823,0.07806554160251614,-0.054734484364981725,-0.378677569556706,-0.8028260336396802,-1.0,-0.8184915323189237,-0.4439516234494117,-0.13540506155963483,0.030347527452167684,0.11119817239669837,0.14622153654015638,0.1563953753960195,0.14964274687336532,0.13883865990515007,0.12578372606346522,0.1156098322686987,0.1032751254754014,0.09706275514128335,0.09904357730440136,0.11209848917052481,0.12524351182605184,0.1367679247326808,0.13415688742055268,0.1303754207220011,0.13226611012015413,0.13280634633312888,0.1250634330883936,0.11227856790818307,0.10300503483836573,0.09877343172846227,0.0947218853806557,0.08724905178517538,0.07689510672220232,0.06194947798847408,0.048084250260120906,0.030257504565009585,0.01648231620548553,0.007478934205497631,-0.0022447284083086296,-0.008547097250446375,-0.015209608459702179,-0.020971777142520548,-0.022232249331454623
-0.027558182255762537,-0.026313809095544878,-0.026387007549576715,-0.02609421485009652,-0.028875753590850244,-0.027484980730951035,-0.023239472037179975,-0.022141495122016748,-0.01935995317090246,-0.003256298587972229,0.012554569716198923,0.006552296485588267,-0.0266798005282187,-0.0917532518454065,-0.16392720444929143,-0.1989162620064082,-0.25447410301282564,-0.48102260358718546,-0.8330337010309747,-1.0,-0.79416544700455,-0.3865239175563615,-0.053763222936762736,0.12447537442443787,0.2100448049133388,0.23163838458543962,0.23207753957692182,0.2340538978357814,0.23332193116181746,0.22863723010377987,0.2232936714940381,0.219999723196251,0.21055712262614398,0.20008970796688244,0.19474625655526714,0.18771909777008428,0.1782765150663317,0.16985860352089835,0.16283153406748754,0.15265691322435335,0.14365350337843735,0.1365532354709947,0.12652499366956976,0.11664320237527175,0.10727369306107008,0.09336586173054011,0.0815809016982371,0.07579821489654476,0.072357869690694,0.062402879942364126,0.05047145153657979,0.03824732757961738,0.02390037252372543,0.012774178478060245,0.004209966056218189,-0.00406147041585093,-0.015919623877273595,-0.02419105113700372
0.05824314906081559,0.06659579675301383,0.06241947844691154,0.06369054762136846,0.0653247386585506,0.06823002380017541,0.07567471587064672,0.07422208991982483,0.063327364818678,0.05206945691484071,0.04989050967861261,0.06151156991515774,0.08602471524273021,0.11925362735522774,0.13505108345783087,0.0862062997190794,-0.08702004434103255,-0.416768766676101,-0.8057117790622859,-1.0,-0.8338562925970254,-0.43892148555103616,-0.08756479223008326,0.10036946783455572,0.1697326824611155,0.1655563447650243,0.14394848457907664,0.12324838611496661,0.10726955051589727,0.09819050951833395,0.09201685892233535,0.08675104760813009,0.08330105889742927,0.08566155183002869,0.08693261546448876,0.08729578441718712,0.08511683164096218,0.08402736356284496,0.07621948037968794,0.05679052864999053,0.0404484146832853,0.03881420979611106,0.038632619779765044,0.04190106279409455,0.039177371823813374,0.04171947139274932,0.03863263501475635,0.030098413233703006,0.028101040086330013,0.035182635224061856,0.05025369248130306,0.05824314629081717,0.05860632078351237,0.056608955253635025,0.0571536837526968,0.04607736586520553,0.030643152120258844,0.019385255685946266
0.034588326436150285,0.038550963452340214,0.03855093979800678,0.04320270902335846,0.05491829562455428,0.05474598694673595,0.04423644019034198,0.0266630918276595,0.010468045335995142,-0.018648556638666575,-0.027435225563489277,-0.01727026988013926,0.02683539262070002,0.11142864014012135,0.20463641742927002,0.23582056649926028,0.09385529966221669,-0.28535058927839424,-0.7724090633496686,-1.0,-0.8044542301568963,-0.41043199214865944,-0.11564655844994563,0.035622047090096726,0.09954080268281117,0.11642503460588752,0.12124912039383536,0.13330920345074138,0.14175131941227956,0.14295737502663702,0.1257285362609611,0.11625268387592085,0.1098780407613868,0.1019527982681182,0.09764563851362537,0.0947167484339746,0.10281429960506153,0.11642499255373918,0.12469489445479279,0.11625275746718045,0.10367571683770817,0.08782521082509678,0.08386260534801811,0.07628197495386764,0.06542777930272575,0.050783376213138734,0.03889552298627292,0.03183169772565096,0.02683537422288512,0.02890282078729654,0.022528189499929213,0.013052362083352045,0.008917455156168036,-0.002281242535734996,-0.014513663509843738,-0.030191859530507143,-0.02777982189305177,-0.02812442085087354
-0.024023690212591677,-0.02869452822167401,-0.027431105266205482,-0.02478940017437334,-0.023679117342302644,-0.026359106880934714,-0.027086540572609896,-0.027813960247096314,-0.028847673017468094,-0.029345386011154957,-0.02819682340468059,-0.02762253334070043,-0.029689956545245862,-0.03217852618607643,-0.04121395349612014,-0.1047681863659527,-0.2893813279609547,-0.581539144943711,-0.8655795705365558,-1.0,-0.9014914586222229,-0.6093346695666424,-0.26445734593775005,-0.003502592450039886,0.15454085337724574,0.239687649741728,0.2722687173655605,0.26909109543207693,0.2517093701991807,0.23360022762799618,0.21905180610389025,0.20817869147257725,0.19887531508650033,0.19137131587671338,0.1913714653933935,0.19826291345438163,0.20500112560784872,0.20691538766321318,0.20446497748258277,0.19627191196295407,0.18497775836046976,0.17238183778266475,0.15779508391969732,0.14236613997687717,0.12835353016550696,0.1146472146181212,0.10342948272875475,0.09504487699712104,0.08857459873439931,0.08244887231618347,0.07394945646381532,0.06583285003647452,0.054691712738887316,0.042401978959952916,0.032600828839037845,0.0263219459440373,0.022455082485852478,0.01809052238736768
-0.02511945937782677,-0.025695541041769323,-0.024471360502783906,-0.026343634424178863,-0.02965612953259351,-0.03548898535365266,-0.03412078577183994,-0.029656130631120176,-0.027999874288699534,-0.02893602223466366,-0.028431933614234784,-0.017774372848334264,-0.0075488582256490215,-0.0035162657060445043,0.0009483894346752602,-0.00538853962743946,-0.11441269291689518,-0.4298193488669042,-0.8289022748818569,-1.0,-0.8226369818420898,-0.47079319827225247,-0.16157986868313692,0.03212903730253318,0.14749035364028326,0.19854616440079542,0.21266029863837782,0.2117240902734471,0.20877169000874732,0.20877165485589405,0.20805160138577078,0.2043790597688145,0.19451356968413758,0.18191158815959535,0.16830147553231528,0.16225265376303505,0.16102840291834308,0.15634771262222236,0.14921866124813082,0.14079341871511353,0.1279754756364569,0.11724582295964284,0.10522000548854302,0.10003521448820012,0.09773084828546996,0.09953114014861789,0.09643469227939751,0.08800946732280686,0.08030426947169951,0.07108684860184548,0.061437390376989504,0.0540202833408167,0.04573902689482677,0.034937433903778965,0.02363174460261563,0.015062480829717709,0.007789408215745521,0.004260883444563245
-0.05626358112157055,-0.05946480280878157,-0.057597418743421835,-0.06213246041772422,-0.06711211779785702,-0.06684535000218275,-0.055818964059220155,-0.055463269595427835,-0.05813094755217038,-0.06248815895107651,-0.0790277595698403,-0.10828336774752981,-0.15096630187269006,-0.21356807170942035,-0.3188527865234708,-0.4840705622623147,-0.6916155600277666,-0.8824436735766154,-0.999465813279055,-1.0,-0.8959599953747238,-0.7332315966047889,-0.5569869628540249,-0.39817211341072056,-0.27634765418678703,-0.1936493445194497,-0.12918015670435987,-0.03927936600512698,0.11295623109954428,0.3129439257600329,0.5000363785880071,0.6045206706412755,0.6346651928049475,0.6254167216512294,0.598118113319174,0.5543681514199565,0.5060832455158761,0.4650010917993204,0.4357454917607509,0.40862429453941396,0.377679490693039,0.35482640456793113,0.32494869360857315,0.29400343397148065,0.26376975046173184,0.23415837321165042,0.20899325611539252,0.1814271637451067,0.15323854807195464,0.1287847575033617,0.1027303384564034,0.08459004153327457,0.07062913929885554,0.06725005884932844,0.05942484847189709,0.0488430049826853,0.030791722901474045,0.007849621934448544
-0.009710623009633797,-0.010550919873477086,-0.011286179141124652,-0.015487665964009356,-0.019163962302247192,-0.021579817100222484,-0.02000425746359607,-0.026726637181385435,-0.034709472459979594,-0.03670516605732513,-0.03260872093665209,-0.0355497644166331,-0.037650496711788384,-0.04269226127049089,-0.05823776742235407,-0.07430848789378594,-0.13974681628594063,-0.39404263708334875,-0.8027404372724847,-1.0,-0.7715449070339463,-0.318520632157802,0.0186494024793579,0.19070068080218294,0.26475207665979034,0.27357521831616716,0.2485763383210686,0.2221069389895011,0.2019397910232207,0.17820124080463368,0.15981967218608256,0.15635346085461574,0.16160527717137477,0.16790756699300638,0.1692730492340133,0.16864277538611494,0.16486147840582488,0.15194183875130138,0.13849707771337497,0.12631265927074153,0.11790958908352409,0.10215401194543212,0.08933949911784109,0.08230197526553795,0.07599970467207859,0.06612622410803476,0.04953030534051106,0.035455340957984444,0.02841785876672113,0.024636529739477362,0.030098458703504992,0.02505666850723953,0.016233542874339552,0.0033139825360264915,-0.0029882512034361246,0.00026789955706188267,0.0050996123577078355,0.0008981333462680982
0.06255158266569975,0.016092864390757564,-0.021431473845717457,-0.03738568420825669,-0.042235768301816023,-0.0446608181368427,-0.0409594225942113,-0.025771024718595457,-0.002924567200314394,0.023750895314261944,0.04659738982671629,0.06880564236467608,0.09280086144870076,0.10518136263121165,0.10084175918766637,0.07186883000639359,-0.05691367773917082,-0.3717874106817712,-0.7858306217437268,-1.0,-0.8553905710539021,-0.49214635685409636,-0.1668066529727627,0.01009407385764045,0.09586399457268922,0.1370897560974256,0.15253353059237107,0.1619784467721122,0.17040227703987315,0.17576294303065762,0.17448666741727595,0.171678739571183,0.1686154662587484,0.16657334116427006,0.17333779194841986,0.1804853933322812,0.1812511805074018,0.1615955609727989,0.13313318642988672,0.10824455027292916,0.10096938519135513,0.10671289804021787,0.1122012056111851,0.11028661306143145,0.10033116171394724,0.09331134988696181,0.0910139182673769,0.07876106645329578,0.05042637632592492,0.031919458971682226,0.01813500165437185,0.009838808646750416,0.00626506508891303,0.004988725465876278,-0.005860149282491528,-0.014666882873121545,-0.026153953353267295,-0.035854086493274435
-0.01275478330760811,-0.013447300863339407,-0.014465709965685443,-0.017195045104673512,-0.017969032206843753,-0.01792829215142423,-0.015443379323329603,-0.012388155278826824,-0.00957734787462037,-0.013895401390377315,-0.020453951249291384,-0.020698374803055426,-0.02668660303652006,-0.03593375916483808,-0.03988520026537566,-0.0813141291440312,-0.2649536991955092,-0.5919843938878132,-0.8986480189023842,-1.0,-0.7766014667522749,-0.2541991100589741,0.3064144183282115,0.6283538974356289,0.6244838966740711,0.45665011091067303,0.2686927387916965,0.11059500473609792,0.003987853535436863,-0.05120988917495796,-0.07284095825357753,-0.07125225145104112,-0.050965491100041234,-0.02041321181530716,0.009650205447451618,0.03767681569135373,0.0633000447971302,0.08660135796117285,0.10322183895651284,0.11287634840994328,0.1170722000141036,0.11927197160468547,0.12363080828793589,0.12444555471001997,0.121023663486312,0.11609458782850707,0.11043222845926871,0.10371071465006473,0.09662250429883762,0.09104162752617952,0.08517557657993773,0.07788375419542563,0.07071411593392468,0.0636259801549336,0.05462322707301472,0.04879790251061586,0.045661195403456346,0.040772811329117524
-0.011712056217539242,-0.01831272732449918,-0.022012012417714694,-0.020343705943703883,-0.014033175429861874,-0.012002195150870932,-0.011784591089187684,-0.008447985610204137,0.0012716880205802597,0.01287727523000015,0.021073693595790963,0.027819467641772545,0.025643410427077688,0.013965291665581832,-0.010624030791448769,-0.06263155271260816,-0.22605307885059883,-0.5503562775381462,-0.8836537826057138,-1.0,-0.8449925720863882,-0.5602209492647883,-0.29314820691752536,-0.10034970367418473,0.036378573644095476,0.13916084085766908,0.20154114030209394,0.23541506699700881,0.25260590239523584,0.258118570344904,0.250429838541396,0.2346171125913298,0.21575790432764247,0.2008881671177791,0.1865262094182279,0.1785474089456723,0.17252689066814583,0.1685375612494142,0.1630248755953595,0.1537404651375185,0.14307773277887825,0.13575171959457882,0.13306792934358647,0.12777282174789728,0.11863339251142047,0.11108976585998247,0.1054320370192107,0.09585737199626342,0.08026233033088195,0.0708327261990383,0.06974468541992512,0.06662570364342864,0.06437706950916731,0.05929964619816288,0.04747645769337014,0.029995522643419086,0.021146250597922578,0.01976808582355386
0.009040476167149484,0.00810023478509663,0.006846561779250194,0.002458746076960526,0.014681939400619652,0.02784538807630972,0.038188086907058,0.03865820968984585,0.04241919912390214,0.051038107246008164,0.049627743678813584,0.04555337013383039,0.0475905353910616,0.053232032690360705,0.08849122705594276,0.15383834167514404,0.09084185053221996,-0.2761679854698109,-0.7867221499384827,-1.0,-0.7738718977128374,-0.39009492286498304,-0.10802022045977308,0.03724785329440473,0.10541568548565725,0.12375050270139736,0.13048901531573143,0.1358170065842948,0.12108646403659491,0.10682606339635875,0.10196811841187967,0.0841034431036033,0.06091068568455308,0.04962778192816537,0.06451496035259328,0.08723757586417977,0.09303582378826224,0.0978937209610516,0.1129376500102629,0.11732548177429208,0.10384858085601724,0.08943145349684258,0.08018573412236198,0.08363330119613956,0.08237963087970067,0.07830523821004158,0.06576864023137012,0.06717900857973368,0.06451500816428302,0.054955792321404635,0.045710044259910196,0.039128342034971654,0.033800274267704704,0.025181351802091762,0.014995351003268157,0.003869117189437398,-0.0019290629018102732,0.0052794876295623825
0.04407711111890427,0.05102760410370345,0.0517789966683854,0.05591170735636281,0.05440890503292335,0.046519174207950986,0.039380844544698354,0.040883618211345216,0.03731445194687927,0.04595561545604322,0.05384535201237411,0.062110802045121524,0.0720668882140826,0.07450898569128044,0.08333798874457711,0.0991174675885974,0.008197547676217902,-0.32636601433159557,-0.79975229392595,-1.0,-0.7755194681914643,-0.35585866825787416,-0.03369322577664612,0.1475831419830027,0.21727594576327844,0.2174638884718645,0.19247956700824356,0.15960548033149913,0.1417596346807731,0.13556059730559958,0.13424566318308542,0.11978100956576741,0.0978025220033662,0.07582390835107755,0.0532818104545419,0.05121543791647764,0.06661921474679844,0.07807814335870861,0.0711276446425509,0.056475271839629096,0.04501636042179449,0.033745282816734064,0.027546211053409424,0.03036397042479712,0.03449668970981231,0.031866778479595105,0.03449670690388787,0.04839767281373142,0.04896121150588437,0.028485477550375202,0.008761103920656313,-0.0004436000717101254,-0.0011950048155289314,-0.0006314525113995032,0.0010592054756185041,0.0010592069084581343,-0.005139877034003357,-0.012278215294293772
0.11279642957770565,0.10306425107390876,0.08795377203341598,0.07425193067714846,0.06925779055753452,0.07450801483122461,0.07220304256131346,0.08526459441629385,0.12726660348904031,0.19564799382072687,0.26991971625339073,0.36391206152172445,0.4940159939015693,0.6350039257589088,0.7470513222591273,0.7685647119403625,0.5394747512877957,-0.020380551720730503,-0.6796065161621572,-1.0,-0.8479990762182249,-0.4429620739410858,-0.06455955838154359,0.16773188884713636,0.22919832915986368,0.15249334721802485,0.018291996094058308,-0.08978622397117332,-0.1527892199989382,-0.1740462969684844,-0.164058024543192,-0.14100814947233858,-0.1390872653406062,-0.13755059241653642,-0.11667774228252378,-0.10156724761416004,-0.09849399553324624,-0.09900618337623725,-0.08901791095094487,-0.08261518784465405,-0.08184685138261914,-0.0859445963585472,-0.08325540702052185,-0.07582824571676514,-0.06763277139277998,-0.05175397933205874,-0.04317427817254002,-0.03331410740554376,-0.03216162224733012,-0.03677158632199112,-0.04330234857509422,-0.04458295883341044,-0.03843630620680867,-0.02268558454864164,-0.010264244055593584,0.0006204039785459734,0.0017728774158563894,0.001900955632346072
-0.024299187226684296,-0.02556222961954899,-0.0278778075739581,-0.030509154305358978,-0.03271947252186425,-0.03829790325079231,-0.04292906437797042,-0.03945568871563925,-0.03556131905987017,-0.027562044216032377,-0.016720930059610034,-0.011142495316558988,-0.028298824046484743,-0.08808282435328763,-0.18554794626953847,-0.26827750529537503,-0.36500592324809794,-0.5747756925450745,-0.864854125773616,-1.0,-0.8327518290799735,-0.4746803952185104,-0.14176231662052596,0.058851193185301756,0.18515579775696303,0.2611491702935347,0.31040799562042776,0.3333533905632436,0.33156405510063186,0.3074608201008965,0.2851470490157084,0.26693808798387425,0.250623715930665,0.23451990229025643,0.22462602040424026,0.21483746910539867,0.19947037869630835,0.1853663304793766,0.1765250222890732,0.1678941440596349,0.15831609979281971,0.14894851117725671,0.13673897486778855,0.1271608920653927,0.1173723022309704,0.10874143684672564,0.09158504951060428,0.07242883252503833,0.05674608432945684,0.041378993920366515,0.03348499306456917,0.034537547492491626,0.0342218126348391,0.025696236090889855,0.012539556223133507,0.0009616646447325891,-0.0046167765209152375,-0.013458075077323446
-0.029209301128912367,-0.03072231588070277,-0.030230585740152763,-0.028150188725350335,-0.0265993392568758,-0.026031960456045028,-0.027847583697683507,-0.025767187259911287,-0.025615874936564337,-0.02550240136911297,-0.02565370792215784,-0.02735585124901267,-0.035753107587530225,-0.041843012851980124,-0.07724772838319297,-0.2274905146988439,-0.49695943033005496,-0.7593169148869487,-0.9306274157018967,-1.0,-0.8612566040405926,-0.42834383580510077,0.08884412969474378,0.4060486771326,0.45454078169332784,0.3792304919265816,0.2904538127652835,0.21457600224827525,0.16854258185804952,0.15012170953950904,0.1455827252952795,0.14645275759431456,0.15133214349890137,0.1544716309901179,0.1537151582360352,0.15205081846623325,0.15091603547524254,0.149743510092401,0.1473983300719513,0.14119500605791982,0.13336514929332052,0.12943126200650382,0.12731300719380895,0.1202018069315749,0.10885411550891776,0.10147812762479476,0.09871685804565292,0.09659861246544135,0.09258907421022307,0.08797435590524193,0.08211136892418436,0.07288193231422209,0.06304725102711367,0.05574691872763395,0.05098086617215796,0.04632834546418435,0.040011457288958815,0.03467805016792078
-0.0031690263859809227,-0.0026212219972895144,-0.008464528236674292,-0.013486121625364679,-0.02124676342095395,-0.03128993975223926,-0.05311105807853908,-0.07575384189990052,-0.08616225899505922,-0.07666685292855348,-0.06315422953497983,-0.054845778475854604,-0.05758481434743894,-0.08972304044843707,-0.1653208483479831,-0.28656965338025014,-0.4626906000717143,-0.6951439132871229,-0.9188330248335788,-1.0,-0.8858727021619794,-0.6756962808641083,-0.4889855672889605,-0.3145990401472624,-0.07575382518614777,0.19075573703954507,0.37719419472499244,0.44904857885242344,0.44420961315793656,0.4057717702970092,0.3571996883121891,0.30524888778263326,0.26708454877161114,0.24206780479423046,0.23357670584511714,0.23302887360017116,0.23759395659969051,0.22992461716049797,0.21659450794689047,0.20463403505815708,0.20006884063361943,0.1907560935996036,0.18235631859548432,0.1792520398708075,0.18235629631048067,0.17614771657612335,0.16628713729716155,0.1498528162138882,0.13204898137326088,0.11442760500009055,0.10173662969141943,0.09534556920460147,0.08731102312544739,0.07334179114940535,0.06119865365693112,0.05362060473522715,0.04129493077778312,0.02540836394194295
0.2681946343922409,0.26857169037010276,0.2742282548801704,0.2772450478659889,0.26517774936297606,0.265366219824753,0.2576356863604141,0.23331264190347298,0.2052184854072353,0.19296269918429929,0.18428928416125917,0.17373046268917108,0.15676087270784536,0.14676766684248474,0.12150182136485788,0.034202676820991984,-0.1684900448933164,-0.502226557112581,-0.8485943295359099,-1.0,-0.8906408803375769,-0.6406237733295757,-0.4433984150687027,-0.34459732300364315,-0.2944422968416044,-0.2572975657955877,-0.22958066086953532,-0.19017336384773167,-0.13737894584065993,-0.10306257183497716,-0.08609294733735906,-0.06459802981213604,-0.03179021337539359,-0.009918239872308708,-0.004073193395033331,0.007239860839801755,0.017987267827974714,0.029488867309886913,0.053057814192892856,0.07078160242067322,0.08831683030049854,0.10660626649403046,0.10283525944178994,0.09849858410952163,0.09661306710047465,0.11132006521879416,0.13149504161200698,0.14469355694668629,0.15035009269317692,0.16166319870245058,0.18730612316880088,0.21276047937721249,0.22539346539589525,0.20766957937195318,0.19673367891114166,0.1878717646627476,0.17259909916326208,0.16053189270369553
-0.029131829556081654,-0.03318740970033356,-0.03430619236699283,-0.032208478155973205,-0.03122954376710128,-0.03374679996697136,-0.03766251832200599,-0.03962039847779611,-0.03948055517790401,-0.041718114822199406,-0.04521430825545298,-0.04190457397764466,-0.04022641171126597,-0.04968941332148595,-0.05481719156647121,-0.10292490810094625,-0.3117170634284394,-0.6674429643617735,-0.9497022086750663,-1.0,-0.8801509425801014,-0.6948997829289025,-0.4507253171270063,-0.16427155605763144,0.08139452609759547,0.24697413604675317,0.3296705955297631,0.35339800911608493,0.34556647711487815,0.328644887414946,0.3127022875718614,0.2924243107599174,0.27102780373171576,0.2587678678553762,0.25144909888720784,0.24170637369855327,0.2245984343568712,0.2086093210606498,0.19676905304279754,0.18800538597926805,0.1797544364365919,0.17164330032643638,0.1607351446148143,0.14581801394757507,0.1308542674247827,0.12041229302478465,0.11388605049125117,0.10871167914680528,0.10036739549060643,0.08624274574581703,0.07379625542289474,0.0655918307114016,0.05883249183303297,0.05062805005447043,0.04167776027608063,0.03221470746465245,0.021026879375804008,0.01207661235350674
0.0037452445575596686,0.008299560917987678,0.01740821890303831,0.020858465747357245,0.021134481284203657,0.02334265400201463,0.029277065942145887,0.017132211787590106,0.0012610699876743645,-0.004949383279835305,-0.0021891842253679962,0.008023543275791715,0.017684253388030684,0.016856181513296833,0.008713598960704155,-0.026202913841250293,-0.16269483690372358,-0.4790145792154462,-0.855366460740378,-1.0,-0.8298343309220826,-0.5019244203752808,-0.2082383310478832,-0.020958529163812536,0.09262372432481454,0.157212471571438,0.19599336400115766,0.22359542296969115,0.2407087146886987,0.2357404434468615,0.22676975112324302,0.22635577203031398,0.22566562160467174,0.22387140903164385,0.21710892521677874,0.19116301841911115,0.16287089323891746,0.15141600634459298,0.13954710667174663,0.12740217040855834,0.1181555004443854,0.11594733404262308,0.11360123355967185,0.10104234346774914,0.08986345105677555,0.08185885311376102,0.07537243115343245,0.06557367958717746,0.05370483044272033,0.04169796300309224,0.03286532687093668,0.028587024994680306,0.015752100417765223,-0.0013611239300566772,-0.0166802214978449,-0.02427076192365961,-0.019854453331654805,-0.012263907116128828
0.18977709548482843,0.18271832071371438,0.1725015854710032,0.1693437326815582,0.16135614267322046,0.1487246861755869,0.14240892958936166,0.14593828580376936,0.14482372452154602,0.13850798493776587,0.12216135250346292,0.11491680334994075,0.11454527442131043,0.11287347925469937,0.11454527442131043,0.07200683015916173,-0.12601075649636043,-0.48489560147983846,-0.8580819057864757,-1.0,-0.8911465380604836,-0.6816133922983604,-0.49919882905728585,-0.3883012651606658,-0.31362643569669313,-0.2545554301789572,-0.21796099962696952,-0.17783726953539106,-0.12954016938558505,-0.07919984007085602,-0.048549770362283036,-0.027744841791751462,-0.006197053725818491,0.014422032452524642,0.03838473446775752,0.06476228808999168,0.0883534889826763,0.09782711660055324,0.10952981666108567,0.12439042406057439,0.13237800273394873,0.13720768894550622,0.13739345199295097,0.14891044922303165,0.16488558956733526,0.1730588859483008,0.1725015741360398,0.18011765505193314,0.19312063764445617,0.20352311893216704,0.2007368035725749,0.2053806927317975,0.2072382211915744,0.2167119495843602,0.22469951692277115,0.23677379196022266,0.2369595493401857,0.2280431157572158
0.15364024616525412,0.15177077060697652,0.15420105346964547,0.15083602712411323,0.14541464268693496,0.13812376558030562,0.1424234669640071,0.14204962774885171,0.13382400715935908,0.116438096645929,0.08989186483807673,0.08017070807712345,0.07904903500516458,0.08839629836557969,0.08447045188227596,0.026517396874473277,-0.15725015572693396,-0.48590136253674066,-0.8356755145250994,-1.0,-0.9098925602882885,-0.6849986728940141,-0.4692629137120902,-0.3365313126341799,-0.26268760986211437,-0.22137247608444555,-0.1905263232994984,-0.15986727549317528,-0.11256993856648785,-0.060412218433646636,-0.01591918040024314,0.013431216263367225,0.027265155156927096,0.04352941683922744,0.0511941616796347,0.06128923073471356,0.08316182426742681,0.10783859691520942,0.12541147551787546,0.14391904056615978,0.1648569683292561,0.18112113304823987,0.1837384239262163,0.1828036633321795,0.18672954831562363,0.1865426258561837,0.18747732941297546,0.18018648652869312,0.18841202156231823,0.18990762938681793,0.19439432737837792,0.19775936513135917,0.18411231447489224,0.18112126993762795,0.18972067270503096,0.20018968792009964,0.19757243126447022,0.19196403881198448
0.0009944313782802,0.006681124651202213,0.021033282512708244,0.026719968040010204,0.028615550537431,0.046217218052446926,0.06991181750632296,0.086836521959669,0.09644977418234073,0.10227186141017086,0.09211703543336534,0.06693305445265567,0.017783724319979342,-0.050185863846482305,-0.135351104452254,-0.2286404099107398,-0.3682359320086045,-0.6089732072101326,-0.8835578919156295,-1.0,-0.8576973196630125,-0.5651049234498122,-0.2822582109727086,-0.076994561958596,0.06842246076547348,0.17958427018801046,0.2497204425408226,0.2962973551753265,0.3205335862172994,0.33014691279792363,0.32134600468246316,0.3036088569779692,0.28411154086957463,0.24931424983223016,0.2101841374259631,0.18080278221782994,0.1678045659709038,0.1539939312588139,0.14668251207611843,0.13409042244182692,0.1148639262584782,0.09265870833143582,0.07790025758465133,0.07058881361597173,0.06801624327089688,0.06111092178385456,0.05596584305866529,0.047571181354762945,0.040801319402211864,0.03254207179182978,0.03267745283737115,0.03457302707279722,0.02875093984496709,0.019002306576754,0.012097028465183979,0.008712094390660416,0.004379368034677113,-0.004421474162329369
0.03563941704976153,0.05052420046588266,0.08277457811944065,0.09498776076422681,0.08411038723851243,0.06483651505336419,0.04708926813751979,0.03296779298934845,0.03296777261140512,0.052623344053117076,0.06311906198928918,0.07456888105456506,0.07571387111226999,0.06636317234515042,0.016937986037472638,-0.0727524471938676,-0.24182895334167376,-0.5355188536536952,-0.8652746395061833,-1.0,-0.8229107817329478,-0.4490720315186046,-0.08286645131780218,0.1911665704529993,0.34058740909164636,0.3652046633098198,0.30910029603901673,0.24479020841425997,0.19135745938160043,0.15242790222048452,0.14231378165115946,0.1474662223551578,0.15643533539996937,0.1547178124686601,0.14441291941612436,0.1321997658826858,0.1188416281138119,0.10052189199138456,0.08124794993900203,0.06426402293564648,0.060065741583447164,0.05453164528990655,0.049188379702271835,0.04537178596209717,0.04212768142850545,0.0388835332278923,0.02094543959490082,0.002434863123433696,-0.008824150526419534,-0.012449933938631629,-0.010350803451503637,-0.008633324187215777,-0.0076791699299025885,-0.013022426056349328,-0.028098038722808975,-0.029815541276174928,-0.01874734577795894,-0.017984025865470103
0.05799371020532413,0.07120049121934308,0.0915388688658112,0.09180298804613526,0.07529456013142426,0.061823655907680186,0.05429579588732274,0.051126170297482676,0.04901309597285843,0.049541342392308695,0.047296206462821885,0.05139030358071044,0.06446500888696313,0.07172872152118911,0.06591772884916242,0.027221927345997432,-0.117128137379573,-0.4323748242773088,-0.8103513718508196,-1.0,-0.8647633076944651,-0.5451609510799833,-0.25646000668247904,-0.09560103806919804,-0.01979418338737122,0.020750599954875923,0.04505107859213718,0.05389960502863346,0.06565358952183308,0.08216206175995569,0.09470851661735705,0.10038740134640906,0.10448159516992292,0.110952974439583,0.12310311755626346,0.12944238888294884,0.13419683230446025,0.13115926026068067,0.12838580739722513,0.13115924414307645,0.14106435810939802,0.14370567885347255,0.13868709207523072,0.12798957221512425,0.12006550521847331,0.11874486096404027,0.11597144839459529,0.10633043749099357,0.09721780194767585,0.0885013048808337,0.0785962191203195,0.07450216229644148,0.07225697197004043,0.06671013877234835,0.06406881802827386,0.05720126804692976,0.04954135246581133,0.04333418102329852
-0.009773791492389225,-0.008142984551311036,-0.006104475058651702,-0.008061443574531037,-0.014095432630608274,-0.020210963907368897,-0.026000327234323516,-0.02534800439569707,-0.01906939583001415,-0.01629702189999668,-0.015807779460051,-0.006349096123136619,-0.0018643697661111813,-0.021678682208906383,-0.055762561722268615,-0.11708112748015057,-0.28774581657537224,-0.5971907267579869,-0.895220823167715,-1.0,-0.8750804152324861,-0.5989846145642097,-0.2839133800935335,-0.03154506887484152,0.1272958831602259,0.2222908343891942,0.2695843795067908,0.2891541442754009,0.2892356448253208,0.278064616213843,0.2635503335421336,0.2502592159002114,0.23517425025697486,0.21699067152044593,0.20272106962058406,0.19521933707392575,0.18551595523954062,0.1748341289521242,0.1662723319877895,0.156487509310847,0.14050551020345525,0.12794822590130653,0.12248497237167455,0.11718485925906179,0.11270009993859659,0.1083784511814693,0.1024259754253217,0.09378268786229421,0.08407934583281745,0.06858662368369035,0.05978019570364367,0.05627397537286717,0.05676316277008798,0.05301238605780269,0.045184447311309224,0.03613341319361827,0.021048467452835923,0.012405197304455851
-0.011602474260540306,-0.013433003474333374,-0.015525033560889061,-0.01875024988689715,-0.019796264680846345,-0.018837414517417307,-0.01770423575782435,-0.02293431770608707,-0.02363165336678739,-0.0202321057851098,-0.01988343529525406,-0.02023210711486259,-0.018663082596871414,-0.022847137783409827,-0.028861738639432085,-0.028774569354777162,-0.09859623686616996,-0.39636282717265164,-0.8220898849040778,-1.0,-0.7495666570505749,-0.3108510208615703,0.0024315717977141963,0.15227370647636176,0.2137273912709456,0.21695262687836914,0.20283135435608973,0.1857463500910932,0.171973706836333,0.15314540730142773,0.1413776270094166,0.13745512222893227,0.13449136921017046,0.13597328827164065,0.13850114832578017,0.1344913372961035,0.1249900514878157,0.11688338912982808,0.1189754306855016,0.12481566238789983,0.12272363147024865,0.11540153389649183,0.10476697957029772,0.09195322637155032,0.08471824356258403,0.08009829940068172,0.07434524097219677,0.06780761244046987,0.06466955010695961,0.06388504383185159,0.05691161275869214,0.05011248568127,0.04148284750793655,0.026577092646099337,0.014722242800892568,0.010886862093468265,0.01263024379730835,0.008446160685961343
0.0967060486522341,0.10901224249512481,0.13525363180544148,0.1698197999531904,0.18628839425790275,0.1953371480501045,0.20185224901359286,0.1929844585915433,0.17271529117736398,0.15914218809682518,0.15769443696318564,0.16312365831781123,0.17778260787789624,0.18085910664464408,0.1309102017148345,0.003323201717284338,-0.2205425836851627,-0.540325829601453,-0.8628221015094142,-1.0,-0.8823672497964019,-0.5922656187236801,-0.30306718116520787,-0.11304340674449924,-0.01133572299581325,0.041508825000870775,0.07118860668892309,0.09489629899810431,0.1258429623160409,0.15280811676212214,0.168190986061449,0.16710518375432484,0.15298911326159087,0.13380584754248537,0.12149953222543394,0.10539277079462903,0.0818661081142331,0.06304477465698471,0.051824341709572445,0.03933712652022558,0.039699061542859085,0.05200532992671205,0.067750109401685,0.06521646209452439,0.04929070820629374,0.02847865620321062,0.023049417593732666,0.02395429518157394,0.025945009586244107,0.0168962878880678,0.013276801693496019,0.014543615856907515,0.01997285256835171,0.030831319434396192,0.027754747507074285,0.012914848035621946,0.006580748057863948,0.0035041637070483316
0.052479760004657705,0.04120471953161321,0.03643452256824525,0.04120471953161321,0.049444156664182407,0.04395119122532851,0.04004830761197436,0.04395120004589783,0.0422165711407279,0.04178291005543634,0.04756495642277666,0.05898451089835641,0.058261771089720756,0.04467394426481815,0.01619728310257263,-0.0362749033407559,-0.16810605182182603,-0.4609686229912097,-0.8308752507046987,-1.0,-0.8194553654577696,-0.43350373405295506,-0.1062379523771619,0.06650122806857091,0.1290920849630093,0.14123447186320254,0.13400678269805857,0.12779110391227697,0.1379097258502556,0.15077482609737655,0.1549669339734685,0.15091945697245523,0.14730552859447474,0.1481728992781891,0.14499270475519704,0.13776518318087008,0.12403274753231204,0.10871031605880513,0.10061537087734791,0.10350644477929163,0.10321735061995123,0.10321739472279781,0.09960358983278775,0.0910750078226046,0.08124549768510499,0.07271695536748374,0.062164687780209844,0.055948964891581666,0.052624267391765976,0.05479256179251213,0.04669768276532478,0.03889186702548522,0.026605008020460987,0.02371397270850802,0.018221012782509947,0.017498257537877992,0.021545697051471666,0.0189437713348554
0.0876285908021146,0.09940287736586978,0.11521910464464574,0.13367133405844098,0.14122793356338775,0.1493118364402954,0.151772060061228,0.16407364999694404,0.17549649749028914,0.18902812953415685,0.18428322489085178,0.16952142205763615,0.14439118545320276,0.09729402847474908,0.019267408680932126,-0.09320350194735143,-0.2750903944625336,-0.5617164351790428,-0.8653867721708036,-1.0,-0.8741736389759955,-0.5808717893726175,-0.300572059413944,-0.12290280034040513,-0.022557675330490246,0.03947701473981709,0.07198811522884273,0.09026461974571642,0.10485067087342795,0.13542871170885257,0.15897731700666196,0.16249205086061907,0.16284351137789518,0.17163028167218988,0.1795383631412788,0.16495234954558285,0.14157945842126196,0.13244113109879396,0.12400587493894046,0.10502637968519996,0.09219769548446699,0.0927249237923967,0.09571242933842414,0.09764553188575725,0.08305941105573107,0.0630255771438944,0.04896674896239606,0.038949795814891275,0.02664831328105911,0.02032182675945412,0.021903444326679573,0.015928432899517432,0.019091675071221264,0.023836540842081623,0.013995343086261023,0.0023967934832895407,-0.012892202806698462,-0.014122346787463833
0.0260038242484813,0.04190094719113423,0.06638612640201019,0.0883131954134145,0.09087132233780769,0.08557228182150453,0.08447592418970393,0.09178496577675152,0.10165213986316615,0.11206745095317723,0.11371204593810352,0.10603759269026394,0.1022002880167103,0.09032315188436815,0.04263184856235207,-0.06535888478482164,-0.24589179664934557,-0.5366093334441261,-0.8538201717543406,-1.0,-0.8647839599213528,-0.5561608559246216,-0.2765898549395532,-0.10738575265466413,-0.010723976623932256,0.04866180159982075,0.0881304533456885,0.1182801906581627,0.15098802702016084,0.17839686189067278,0.1877158320738048,0.18296493971104577,0.1793104328549566,0.17711779564098926,0.17309781579939576,0.16377886791615914,0.16798158425050477,0.1773005432836891,0.17711778449104154,0.16231704287382806,0.14367905790777327,0.12686829291991997,0.11188473676032047,0.09470858798654441,0.08082146193340553,0.06528979664507882,0.06455890642380868,0.05999077842867105,0.042266389514282375,0.026186553772516143,0.023628394792023333,0.025090208684406697,0.02125296742618056,0.019791163986873157,0.02180113997023528,0.011568525302851834,0.003163155004180471,-0.002318609461183682
0.04137944562655711,0.04995368101392945,0.05993099610463564,0.07380563643470676,0.08549775960057356,0.08627722559972249,0.08425057975600113,0.07629998661109215,0.07364976987060354,0.07910608418482323,0.07988554542759242,0.0638283118312411,0.03140215193955976,-0.023161145784978826,-0.08879302193870552,-0.17890047673015394,-0.3276251083464816,-0.5795526592243441,-0.8676453244352161,-1.0,-0.8687364759987741,-0.5753436056131525,-0.30003158009732883,-0.12199859313116877,0.001937976251689769,0.08627722559972249,0.1409964065356934,0.18090566689851814,0.2122407537069072,0.2290774818406859,0.23359840175871682,0.23079244211999822,0.22860987263561672,0.2276745020213266,0.21691764482939563,0.20179574379629647,0.18573845312338827,0.17809953603012887,0.17466984377773184,0.17217565531825765,0.16562790881407524,0.1486353711927502,0.13834632297383753,0.12322447901729526,0.10155502173520332,0.08845982362238243,0.07817068978863442,0.06912877385049679,0.05541000484090863,0.04917421977116025,0.046679869594774874,0.035143627262150555,0.019865915552410112,0.011915266520039186,0.015656752544484398,0.015344963528815965,0.0022497660105425354,-0.01957556556476972
0.045853665741693944,0.053464580581280834,0.0692608095036313,0.08879071675162739,0.10559220349729821,0.1045869281487153,0.09151911096605884,0.07428685764787282,0.06308594096645817,0.06969160674535599,0.07371244964206485,0.06997879322299741,0.06437832831031662,0.04930012692048869,0.016702450684308177,-0.06256586726113862,-0.2373299805916184,-0.544065082461454,-0.8706149822475311,-1.0,-0.8572597507588199,-0.5587125216600823,-0.2768206536677543,-0.08769629199760322,0.03551432601846612,0.10142765782887761,0.13632297046960565,0.16834623431866255,0.19405120288171998,0.2006568248474614,0.19405109773014462,0.18931221415696628,0.18816350329692574,0.17624450212588522,0.17796770861804656,0.17768052214040514,0.16906433195223533,0.1572889503079094,0.15025240842360535,0.13962582526563275,0.12627084789322873,0.12124478660504028,0.11277218965569118,0.09453473547128813,0.07830773997642246,0.07242001848505,0.07098402913973956,0.06308592782251125,0.05762902109812605,0.04743330090161279,0.03450910981764436,0.023164542940305663,0.014404814279760656,0.004065474008868379,-0.005843069020299202,-0.005412265206601045,-0.004981457011587247,-0.005699465923518299
0.061443587328820236,0.06144356465439662,0.07574977116089095,0.09042749242976933,0.0867115738755258,0.07705024005310931,0.06627420322257534,0.06497370598732746,0.07240541838648461,0.07686453085506748,0.07129068136673171,0.06961851631674035,0.07203384693804152,0.05809926856604933,0.026328445806689738,-0.0504045544095013,-0.20777259923670274,-0.5145202740432657,-0.8608408041120352,-1.0,-0.8476496407300126,-0.5262253103524813,-0.2414014223705769,-0.06248123585903667,0.0371045067287988,0.08169515241742849,0.11328019937262687,0.14690899983207742,0.18648317021085367,0.21119392712852744,0.21490976632228828,0.19614441333557567,0.1734776650094198,0.16734635347921015,0.15861403614129294,0.14820955942199024,0.14244992704373588,0.14505103488634974,0.15285441510025038,0.1558270660482778,0.14672317159331158,0.13594710641974808,0.1216409622679187,0.09934555297736383,0.08262410087865689,0.07110487580238949,0.055312343821881445,0.04026301709292454,0.04082040544292166,0.04007723987161185,0.023727328044015544,0.0027325782525525646,0.000688839274103026,0.0021751948625856115,0.0036615479710531136,0.0036615548796665597,-0.0054423712840639465,-0.016032646481951462
0.037272116559805966,0.04212841998767059,0.04716459768400719,0.055977899049204645,0.0646113096829731,0.06461132614593013,0.05849597966589443,0.05202087916126244,0.058316110885074796,0.07666218873874826,0.06946760762318538,0.04104924022866682,0.013530141283026736,0.0007598474681487887,-0.01956468956871161,-0.0862940262103015,-0.24385471552469165,-0.5206654212396271,-0.8419013506388535,-1.0,-0.8724776714651064,-0.5629335146400352,-0.2773094636586835,-0.09726571453176819,0.01928577489585869,0.0869143744986747,0.12558514715921343,0.15544228919541414,0.19357345002584156,0.21084047982416748,0.19789021296307538,0.20616394639938032,0.2329636429331354,0.23853953672497777,0.21839480398902197,0.200408386869855,0.19645135051895576,0.1874580541569348,0.17432804473102695,0.16047862603366866,0.14662906465734946,0.13961430842138747,0.13817539110074442,0.13008159778473957,0.112275109810568,0.09806588769974232,0.08421644156412231,0.06461132614593013,0.05507859904632519,0.052740332333931626,0.042308264074054684,0.02558098055332242,0.003098067192519182,-0.009492367101952455,-0.010571548918825854,-0.014708402603804011,-0.013629222844800242,-0.008593046520376724
0.040354839567633596,0.0508204791561568,0.07547683699319988,0.11627503999705407,0.14376948844625304,0.15334829693478186,0.15884719744861103,0.16150792887636117,0.15725071313120548,0.1474946509921676,0.1246120121810577,0.09694022890142914,0.07796014699860515,0.06270518975773279,0.025986779723690744,-0.06731698717217864,-0.24629736706316338,-0.5457220570826091,-0.861642052348909,-1.0,-0.8533045497894245,-0.5269194020141247,-0.21951232287961925,-0.01676265437935277,0.08008878193115651,0.12425728840025146,0.15263875195726473,0.1778272035835092,0.18332614739329606,0.18403562742687674,0.17800456547391233,0.170909245586614,0.16594246321596234,0.17250567578407253,0.16292697553543778,0.12674065793759848,0.08399120353957483,0.07175175021521116,0.07317081311027188,0.07263865167113669,0.06926836985387474,0.05898011380373347,0.05330385681149586,0.04691804672374907,0.03982269977647722,0.03450118280102995,0.03343689510072513,0.03609764547045671,0.04780495359166931,0.049401402731109316,0.0309535215043821,0.013215159209947498,0.00966749123286869,0.011086562668733558,0.010022257802258044,0.005232901674009046,0.005232900997509709,0.008425799107264889
0.055846193142649034,0.06299963675844979,0.08080373657752755,0.09129539374013818,0.09256713386310482,0.08223440784052402,0.08128060274829903,0.09606438525094484,0.10226398497415684,0.09209019979169678,0.07237855283876014,0.06093307118374265,0.06697375916710674,0.0753988847053285,0.052189957264279045,-0.0379432732133191,-0.22520469284846964,-0.53757233699412,-0.8650394531021051,-1.0,-0.8655159991698754,-0.5599864923339292,-0.2722584177920519,-0.08944793338582958,0.015469045189404316,0.07142475259658063,0.10242294036441399,0.11704771897634794,0.13405698364359428,0.159809318579895,0.1723676480182131,0.1798389975644827,0.1747520661728889,0.1704600766341269,0.16696284464646877,0.16076324492325675,0.14613838871059529,0.13771326802241898,0.1370774755616632,0.1286522869728503,0.12483707630404127,0.12165773569671556,0.11529911268260983,0.0997205435285873,0.09050056343835222,0.08032681705625591,0.06904029564154106,0.05616411119823155,0.05075930540146447,0.0488517097671509,0.038042081198457596,0.029775898925379306,0.03072968582993378,0.027709351538342683,0.029299003654335017,0.031047617223141342,0.03454484921079947,0.03438588412045137
0.07962195599269538,0.08992682166188937,0.106120261001108,0.11660916223005573,0.1333545931543769,0.13887508166902104,0.14329149718387288,0.15065205496424502,0.15746066607430825,0.16058899267983623,0.17365421208616177,0.18193488310028677,0.17641433844215057,0.14697175923101133,0.08587847165219581,-0.023243024457839795,-0.21609218048090964,-0.5241362503100789,-0.8443237083209644,-1.0,-0.8807584990898573,-0.5824693834611597,-0.2944832948022916,-0.12868415184810206,-0.03851629441981353,0.008775791522613804,0.034722038626423916,0.05183553681038749,0.05514781335684383,0.062140405286756066,0.05956418676407662,0.06913302107765243,0.09139896016683997,0.09875958531940257,0.0961833401285644,0.08587847165219581,0.08219816469026373,0.09121496110035607,0.10096778746247928,0.10170385671495458,0.09526327180960519,0.09618336258596122,0.10722432277220192,0.10520018145345038,0.09728745242880116,0.08919076925246167,0.07796578473516563,0.06361254940605589,0.05827608241529245,0.05846010253558588,0.06839696866822474,0.07152524474460988,0.07428546373736053,0.0849584061404112,0.0856944669713627,0.06986909033012774,0.050363398305436874,0.04797119709587625
0.07115820246930538,0.0823143994830681,0.08231447242125402,0.07753321387041888,0.07769254004373487,0.09028313942173134,0.09649881978698313,0.10175823677195815,0.09920819136612864,0.09713628980680182,0.08693629296022141,0.07976443187797022,0.06398633166196273,0.05633631700811737,0.02223012040354835,-0.04980730383742278,-0.21874500871601618,-0.5258616463652672,-0.8634161475546044,-1.0,-0.8565629923069882,-0.5583741831157449,-0.29875164395476794,-0.13491353390816935,-0.04024481591102689,0.015855124197890244,0.05713317155180079,0.09426753856633734,0.1256644760381308,0.15291752772799327,0.17140500438569198,0.17586753765170923,0.17124565876219308,0.16503007078531012,0.15833630006155866,0.1518018652362146,0.14080493604521913,0.1377769023943502,0.14208002196122835,0.143673769948961,0.13219882333765176,0.1237519395524858,0.11610193948627763,0.10669876800810627,0.09809254832453287,0.09809256777471578,0.10239568734159393,0.09904877766698955,0.09060192305709797,0.08103943513070207,0.06765195689629355,0.05346761196183729,0.04406446722766743,0.036733221621551515,0.03179261015339889,0.024780121438648103,0.024461367586374058,0.026692604436290096
0.03933733829258318,0.0467929179236667,0.05757966419761217,0.07518746707513342,0.09644373077784987,0.11801727656342574,0.1311834884253411,0.14006676725234368,0.14609469608540354,0.1497432488666,0.1449843031712916,0.14339786855804684,0.14212895317734892,0.1318181203481135,0.08422935548493368,-0.013010200453376374,-0.20098586449507408,-0.5147552668248339,-0.8531095223122421,-1.0,-0.8627861587997637,-0.5731309884928042,-0.3044122250376664,-0.13071293346209809,-0.026652328179896545,0.042668548493550985,0.08518110493772113,0.1159551874342113,0.12991444721011516,0.1335629612729953,0.14783962412649707,0.15957807871501892,0.15735730256637412,0.15180529927749814,0.1513294511699469,0.14847406245768788,0.14054264439863218,0.12261753523930381,0.10754777607391815,0.09279529415160236,0.08089811382533388,0.07375980659753069,0.0713803724681928,0.0804222269994663,0.0729666860866991,0.06249719043698103,0.05123451377906213,0.04488934158145916,0.041558138640175664,0.04060636982823005,0.04377893414797861,0.04599975143483448,0.051710412704403554,0.045523876708440755,0.03965460101628444,0.03664063901964927,0.036323378715842784,0.025536620342423464
0.09264964707444696,0.0962041394316938,0.10437945938185807,0.12552865664423954,0.14845519497711862,0.15769685016295348,0.1376139339123145,0.11291024971507899,0.09780362059562844,0.10366853488292321,0.11148844409635175,0.12375152162466874,0.12232970516115588,0.11450975799097768,0.08909516013959294,0.021382169796842553,-0.15189925467204424,-0.47429255357193595,-0.8389825226756771,-1.0,-0.8551555683666904,-0.5283209718774295,-0.24200576959023437,-0.06979044922752466,0.023514861279955872,0.07949804541548705,0.10651214069798487,0.09744817732453585,0.09282735515401123,0.10882255720563999,0.12997181953673517,0.13725857197711405,0.13423721470334565,0.125173240485111,0.11415438521099161,0.09389374461360993,0.07967576433983695,0.06261424874210884,0.049462606415202864,0.04715220617472617,0.057993391326030964,0.06812367637916854,0.07576582328910471,0.06705735741067638,0.056571582996107324,0.04413089499129666,0.03986550795827542,0.04786309813930417,0.055860715432296974,0.05728250478384578,0.048929463198135216,0.049107182122485105,0.049284906469227806,0.04359770026149731,0.03488921133789955,0.04039867286491431,0.044664057186739145,0.037377358970288384
0.0658672225305918,0.07783500694412669,0.0868568160809255,0.10416404726787488,0.12183946076314461,0.1402514748101341,0.13877849840676984,0.12957257002830141,0.13491202803671964,0.14945733577857995,0.1431973602068401,0.1144746461563458,0.0971674879969209,0.0818855572333333,0.05242647294869639,-0.027113033835066327,-0.19760769317369123,-0.5008535447540017,-0.8423947380510985,-1.0,-0.8569400233229513,-0.5336266798911593,-0.25634202337638956,-0.10389078569879641,-0.02729718397299627,0.029963940913136096,0.07507312843905269,0.10895108014126174,0.1479843818452232,0.16602816864387726,0.17854828831241343,0.18793835840255896,0.19640784351936028,0.18572893873752758,0.15148271484696804,0.12294418744816593,0.10876694966458839,0.11392227719633326,0.11557940654637841,0.09808808982277076,0.07691438264826932,0.056845351601272284,0.05813420595421603,0.05242647856619827,0.041563454542695985,0.03475103979217007,0.029963935295634212,0.02922746394645772,0.0399063785589187,0.047455273084873933,0.050953549911599984,0.04837586648447096,0.037881076731181455,0.024440362258672806,0.018364423597090593,0.01946913957374896,0.02259916457556885,0.030700419284189942
0.01863527828397123,0.01822954695335838,0.020122921318153807,0.027561196319274093,0.039327144955111096,0.04297864027998153,0.03662234093885958,0.02945455417918472,0.011061795266563727,-0.01274064027698776,-0.03153914444621815,-0.030321977274817405,-0.015851189549848682,-0.0021918407603337534,-0.018556005944763802,-0.07062385049129241,-0.1711081309101244,-0.40223588619034795,-0.7704965399476663,-1.0,-0.8128268160546017,-0.3405658462693614,0.029319325531791503,0.19485466327058804,0.21946853001292857,0.18646968664529584,0.13805311873391407,0.09964470034354789,0.08463292994635649,0.09058362586972281,0.10857063282062494,0.12709866989529356,0.14102866888043603,0.1452210086491189,0.14508575111817731,0.14806107019631207,0.15306505417995345,0.14819636073702327,0.13737699612805399,0.12899202775520419,0.13210257960695335,0.13142639923399646,0.1191194741152686,0.10437816926530605,0.09315318060747511,0.08368625926884359,0.06840399856709616,0.055015112230144166,0.04757686817568288,0.04514253795910259,0.03635185476052474,0.02458588755669234,0.017823836253851533,0.015254262948103826,0.011332254624460757,0.005787375650797197,0.009168405428438801,0.009033172654824385
0.04441746835660893,0.045813950869570894,0.0619511344687011,0.08941537419292879,0.10322507667988007,0.10756974154367106,0.11563836293143516,0.11920718261040446,0.11719004383285486,0.12525862734772425,0.1413958038456867,0.1587742834046007,0.1679290047307468,0.16404988295709882,0.12308622863826299,0.02067717391283874,-0.17421056016680753,-0.4868698070036368,-0.8373871970696871,-1.0,-0.8657820211583457,-0.5539016872108106,-0.2648274636423242,-0.0862317310460267,0.01959100296277915,0.07684697476692909,0.10632839114160109,0.1241724611317765,0.14527494455578202,0.1547400247859489,0.14527493508755834,0.13720634210446528,0.13798213994816858,0.14294749421533007,0.14124062912778815,0.12805163971476657,0.11812099745800934,0.11703488805140368,0.10974204557089551,0.09422551113518518,0.08134679067805942,0.0673819040049859,0.05714101172878023,0.0541928530485104,0.05341704100247159,0.04457264070745156,0.029366427302867284,0.019435838896632245,0.02548728895982786,0.027504440756185005,0.02812509938782855,0.0354178507366838,0.03727986450450916,0.026573453992247646,0.014470553865856415,0.014780881702268238,0.023780467662820447,0.024556296278250702
0.056250792506701466,0.0674548337146361,0.08516436044388653,0.11136737098113683,0.12708919163855523,0.13034192888572535,0.13829323835997764,0.1410037792194491,0.13576330833300804,0.12437857359025493,0.10450038812042861,0.08136948745738325,0.06691267592135185,0.05119091315555509,0.016494572498776634,-0.07024624916357974,-0.2410177499783127,-0.5325043143751589,-0.8539874941935707,-1.0,-0.844951990429481,-0.5100960445007053,-0.20198428550164052,-0.011696202691113305,0.091308541597882,0.1401003832206978,0.1567257652815007,0.16395415726579696,0.1684718540129641,0.16955608138372824,0.1644962103028135,0.1625084546095915,0.16901395115788284,0.17082109601860299,0.16756823747470184,0.15509926433420906,0.13630543855885344,0.11949934642276872,0.11678872837446844,0.1066688979968346,0.09148923513270048,0.0819116452506675,0.08389945607876725,0.0777552749247718,0.06890049777642715,0.056792900678595756,0.041613298462827145,0.03293917074139877,0.024445819257105487,0.012518946018275332,0.008904746407900845,0.0020377657870470295,-0.008262718152618911,-0.014406866225687728,-0.014768268457416052,-0.01856318968693736,-0.02362308833529095,-0.03356211766509472
0.055583457970549206,0.057740777899215404,0.07665863660096016,0.09872947175299569,0.10885218561971877,0.11167320905562987,0.11963863337191391,0.12810195683154033,0.1285998559748827,0.13291444520183646,0.14934309171698967,0.1624528156528894,0.16975445545332277,0.16925660694035902,0.1407138626327035,0.050605074101669006,-0.15035577920680987,-0.48274721216103994,-0.8373738467284555,-1.0,-0.8772002696106507,-0.5780008977501578,-0.28527052886155235,-0.10339294370176753,-0.00017445022122527623,0.059068301363576034,0.09308728311611336,0.11150729330489437,0.12594468753325275,0.14569222624943223,0.16062734747784566,0.16726522301457977,0.17091615936466725,0.16378042518889369,0.15233009166009062,0.1267744181780661,0.10586522618092072,0.09076401199544662,0.08130510795976356,0.07184615835673974,0.062221318318169724,0.05060507916470687,0.04247373909768733,0.04114614475079663,0.04429911613804956,0.043635359468907106,0.04595861793197919,0.04214181899305374,0.04446505214093651,0.04147801675657053,0.035006127853102,0.028700174952520408,0.029032072273483617,0.024385573067971972,0.015922324921033765,0.011109884649597309,0.011607720504966397,0.012935289536667784
0.07296766402632442,0.07245106898265526,0.07004035515772562,0.09173731546906708,0.11567284379538713,0.12221640203037194,0.11395093386960412,0.11343435984111043,0.1304819542518417,0.14563546140407574,0.14701309021754444,0.15476196333464312,0.15665616617660552,0.14236366127140784,0.0974197768887259,-0.010204156392688662,-0.19962264641832153,-0.5138861654248698,-0.8455396370659072,-1.0,-0.8658587899347883,-0.5514253212041267,-0.26213087786922,-0.08889884603553838,-0.004177216843445413,0.04145536898940268,0.07761699840417136,0.10878488886462287,0.13736996172054466,0.15734486499987474,0.15510636003042255,0.1397806755454743,0.1258325042905296,0.11722266044915783,0.10826833585130467,0.10379115779099647,0.0955256633612593,0.07951123802269085,0.06952372859129324,0.07520624780268463,0.08760452885074445,0.08571036803913301,0.07296770605667538,0.06935149872064031,0.0631523581966104,0.06590753701663979,0.07141787889531694,0.07744480531007551,0.07227890741132263,0.058847417887645956,0.04782670260752843,0.042144154500270745,0.03456742325277769,0.0331898377831084,0.030779055658858454,0.02854048239008597,0.028196084380858064,0.03267323879909383
0.0848235536055783,0.0862105898424632,0.0903716932633465,0.1110036318105051,0.13146211875491837,0.1340628242622845,0.12331337409543983,0.10146785620391302,0.09869373612220106,0.11447110867263316,0.13423622296731627,0.1373570187943506,0.1363167429391298,0.14117132480517036,0.10354836559618383,0.0028159763566180593,-0.19119370584209697,-0.49217839515008943,-0.8325183062519241,-1.0,-0.8597384540109889,-0.5261604364737453,-0.23384481489483921,-0.06774871856583961,0.02535506195819376,0.08031576385982994,0.11100360007187697,0.1248738672248414,0.12955498690859393,0.12920818949853038,0.12955497632905122,0.12019259942749091,0.11169715257383321,0.09956066088033232,0.10718930464059993,0.12920826355532936,0.14342526464110106,0.13631678525730062,0.11741855869234928,0.10822955933673534,0.08915801341332254,0.07251376371270138,0.06332474848777336,0.06592541696674001,0.07702157990730654,0.07251380603087222,0.052401968382924546,0.03662460905692084,0.018593340311171706,0.008884193770847478,0.005069877841706441,0.00836406443911552,0.007150418311383957,0.011311481315107987,0.02154075793103827,0.024488187452890386,0.019806976520581977,0.014258894389077292
0.04806958919151077,0.0569356633067019,0.07279224468916062,0.09819686467210313,0.11626999904663453,0.12053253132764707,0.12377201674214837,0.13553655631466724,0.1432091893293439,0.14235662252989784,0.14372066074256198,0.13314955446755194,0.11507645130504307,0.08984233219718077,0.04602358909455586,-0.05184392620648915,-0.2264372176409008,-0.5156080542978988,-0.8499598125538433,-1.0,-0.8390477565487104,-0.4763926865653323,-0.15380369920062986,0.045341582993233175,0.1377531197107474,0.16077081067462717,0.15753126283608082,0.14559619117645922,0.14337965899240157,0.1430386780502562,0.15002914110049187,0.14747160716627383,0.1270115437726797,0.10655142835904802,0.08779632689822212,0.08592080166632862,0.08660280516664944,0.0874553147440542,0.0780777458066281,0.0750087144491732,0.08268127463579729,0.08847829918652038,0.08404529204044642,0.06733620108058291,0.050286092764547756,0.03221300780905203,0.025051967154180753,0.029655498584351823,0.03511152788741921,0.031701509085314244,0.011582399160783161,-0.0012051650071683894,0.003057356219586177,0.00851338324677692,0.009365886646802222,0.006296868294356718,-0.003762688537378921,0.0018638442417705423
0.049747274476626475,0.058875530760681534,0.07354594548764425,0.08935732013755561,0.09620351732387679,0.10402770999811893,0.120654180353562,0.13988872819583212,0.15113599957011534,0.15847119947367688,0.1635242607070265,0.16792542441402636,0.16515437254561185,0.1679254542537056,0.14233376167515346,0.05105131073340006,-0.14716193422571208,-0.4792029453574781,-0.8368332121606562,-1.0,-0.8787253368124387,-0.572604841578169,-0.2774028441320372,-0.09711962835027349,0.007366163581593155,0.06490663224147102,0.11087391713099987,0.14706086419876843,0.15276595226374462,0.13760656963250067,0.126196284090391,0.12587033532721612,0.11983919903346749,0.11494899282298826,0.11087389723788035,0.10728779442345306,0.10386465604405345,0.10516871965386637,0.10125664818314468,0.08805327144758232,0.080881055872168,0.06669973338148344,0.05202934352092012,0.036869923590077104,0.024644616941633883,0.026437662132247682,0.026437662132247682,0.03246882453571566,0.042901099670064745,0.05349636161920096,0.05088828910565378,0.04094503409502464,0.0292087376237416,0.02252556330848667,0.020895522339139574,0.01893946235903933,0.01730942325467219,0.021710539715513198
0.045242694141209946,0.060247753139108566,0.07805598427191794,0.09025785101155909,0.0981726550607937,0.10163532963740331,0.10542784598992255,0.11004482591878888,0.12026797906902968,0.11449680446631355,0.0971832705964918,0.08333245658080977,0.07310926318387555,0.04656182228010625,0.002371112007030403,-0.09013258806072708,-0.2520557111179492,-0.5345147932627062,-0.8553919401869495,-1.0,-0.8301632199243056,-0.4474520593995324,-0.09326553153983397,0.13115076546272295,0.2323938784214712,0.2628986987110927,0.24987219231582078,0.2192024813232645,0.2012293544566837,0.19710708688331502,0.17797974521953772,0.15209193504380256,0.12884231574498323,0.10922032209574836,0.0970183698318837,0.08234310230152793,0.06239132724642359,0.04903518030870912,0.042604447925090674,0.04656182982636127,0.04128532481703104,0.031062091173403396,0.02215798944179957,0.017541054161608755,0.013583672260338157,0.01292411322172668,0.007812500585726185,0.012429437025367638,0.016881491349869767,0.02661003716332856,0.02545580727362201,0.028588733144800534,0.031886549718913804,0.03683326577611953,0.029083405253604772,0.02347711758069588,0.02397178843179095,0.03304078463945703
0.05247084559907421,0.054776000978708224,0.062350109493806295,0.08276719928147551,0.10417235561773971,0.11042918942769461,0.1082887235279501,0.09972664893674578,0.08968276086924186,0.08243789065243859,0.07502847161723003,0.06235011451743073,0.04110967529099045,0.013612406022313603,-0.03347875932761892,-0.1197576226471046,-0.2893522397667937,-0.5705828337837098,-0.8760154217345855,-1.0,-0.8366631611316598,-0.496488191305425,-0.1798565981550759,0.03320628326497764,0.17678498869837192,0.25384338874349127,0.27310802392014216,0.2635581339615647,0.2512090000891869,0.23902446024783433,0.22848664440214606,0.21761935917143893,0.20065990449254423,0.1841944127572049,0.16130747308638774,0.14204289819323007,0.11948516667896109,0.10927654894257215,0.09215253037439884,0.06778370689653994,0.04226226302805633,0.03040715238272715,0.04176831013174982,0.0442381198259023,0.04637861837920563,0.04176831264356204,0.037322633592502506,0.03468816707201935,0.029419213936555295,0.017234797801954468,0.0030745204738362912,-0.0015357965649622847,0.0020865996103499626,0.00455641495607993,-0.0041702649693046035,-0.007463355027392147,-0.007957321738665857,-0.004828873436035683
0.09333116601491906,0.09822116080282009,0.105134582905409,0.11609486992659752,0.12418862034224444,0.12402003140958999,0.1370037457454664,0.14459160589246384,0.15049337092843995,0.14965027192681007,0.1344744178729052,0.10968726606809118,0.0833825977956864,0.04578037975068749,-0.008346580012410166,-0.1026050728315381,-0.2725745518057922,-0.5502924741788517,-0.8549877125437761,-1.0,-0.8441958806953321,-0.4846991660675698,-0.1486383503450968,0.0636540451452636,0.15959878869992353,0.1938286801906638,0.18607208706187808,0.16718670029304017,0.16634354984529107,0.1612849146786164,0.14931296030159122,0.11913005720013664,0.0852374053100483,0.07023025337026016,0.07899849327643482,0.08237086870450669,0.08119053524683677,0.07798678990831472,0.07967295704390297,0.08759809794844775,0.0849002017216798,0.07478299312367347,0.06297959681163122,0.05201934580272614,0.04308247066238974,0.03009873317575968,0.022173601274285765,0.028412544175570768,0.03701215785065455,0.04072179603013201,0.042070728709680226,0.037180767361756684,0.024197036305891532,0.0031195676959092714,0.0029509382494359417,0.014079852466330079,0.02065602178519899,0.020150163670374036
0.06468914989953194,0.07243296321746641,0.09153438515268786,0.12543511576349484,0.14591321037157692,0.15021531838088514,0.14126692238081623,0.1318022826602071,0.13076975321650508,0.12663970894628462,0.1268118356893047,0.12147714573301756,0.11803545092504668,0.09721319733682288,0.05040613219743588,-0.03443169732232314,-0.20290308344904048,-0.49888990800138483,-0.8396178620009878,-1.0,-0.8446081094594379,-0.47531434056940586,-0.1406081344077277,0.042834358992114574,0.12388630059663103,0.15623838930138798,0.1632937901531406,0.14367608774508508,0.12337003587478002,0.12010047831048459,0.1292209800522628,0.13765311133048067,0.13593231642977213,0.12027257355153852,0.10650574181637809,0.10220359180444835,0.10168733758325273,0.08929726252619602,0.07673507122677463,0.06847499318698914,0.0602149466491698,0.04868525329148429,0.04799691958021781,0.05126652439746245,0.04300646998415157,0.02975593184764447,0.027518830222463403,0.041457699445073146,0.04713650637888047,0.04231810739608279,0.028035075255585577,0.01770999542570968,0.00118986428519524,-0.015158214273177761,-0.027892464061359243,-0.0333991731289488,-0.01911613967586966,0.009622009837741533
0.02921327939402241,0.044525705126406766,0.06249434248580503,0.08624421250722553,0.09577544371504064,0.0998379500849523,0.10874410367116875,0.12358775336583008,0.13796271283203757,0.15265023732854333,0.15702516571330455,0.16858764057171222,0.1871814032245254,0.18655633037010835,0.1498377050489273,0.05561938964554655,-0.14172341858333948,-0.47937929849049576,-0.8470328117762734,-1.0,-0.8553135969428122,-0.5503169060518905,-0.27844186846645763,-0.10500469791852593,0.006869638939188419,0.0689005669601567,0.09296292096978787,0.10733788043599536,0.12358784870946254,0.12733782818652892,0.11858785700464752,0.11390035405522479,0.11874405847770905,0.11780662081462194,0.11093164890563696,0.0982754681705379,0.09140044858973669,0.08718172167803699,0.08280675038864116,0.07796298875997741,0.07593174987656645,0.07608803239171558,0.07171308017104623,0.07030679972969335,0.06265059639786442,0.06405684823612756,0.06796304825498198,0.06405684346894594,0.05843188855489122,0.05202564977899468,0.04186946012912149,0.033119503248784946,0.029994515584047997,0.031244503975888505,0.023744548597141934,0.01405710995728826,0.013275854698536182,0.016244589047111447
0.040602508120648764,0.05590547921003756,0.07885997991337149,0.10025291411135538,0.11696130601331885,0.1313273957996905,0.15053420454243954,0.16084032051116223,0.16521253330768537,0.17130249403415881,0.18535625908527648,0.2058123381835815,0.20643706388198263,0.1745816941276194,0.11415055490879264,0.00796653913250886,-0.18660008960162394,-0.49734568782087996,-0.8430669683731523,-1.0,-0.8653969387120614,-0.5548101994221529,-0.2654577116778837,-0.08869204983392164,0.0017204213981821654,0.04122709565599353,0.06636771943244066,0.09400681007422823,0.11789819446270097,0.13070270821523594,0.1278920142816296,0.1266428010969935,0.11867900630083593,0.10571827300975409,0.09619290217975984,0.10087749688245683,0.1089975207456479,0.11227671131062185,0.10884132026407434,0.1080605751253459,0.1040005917792103,0.09338216060372027,0.07027156423216588,0.058872359332487495,0.05325087141616505,0.05184551015663192,0.039197127804142334,0.03295099994579858,0.03451253071932369,0.020927227163279133,0.008434993481216986,0.003906559955086161,0.00484347818098906,0.008591150786835446,0.011089592118809357,0.021239535223681483,0.022488758532334657,0.0293594786902665
0.040847740037456115,0.049284034107566106,0.05756113586607038,0.06647499715807867,0.061699737738146444,0.048328982223579654,0.04801062188266533,0.06345063705336507,0.06774832682316928,0.0526267011321404,0.02349762838347262,0.001849775890978806,-0.014863629574672122,-0.04160511389327888,-0.08888015301185145,-0.14984437597633704,-0.2845071772643682,-0.554469694780636,-0.8742521235685905,-1.0,-0.800713439315037,-0.3989547525263616,-0.03762573347156505,0.20400252187318063,0.3131970009598456,0.3307063632029479,0.311127780155388,0.29489189812761846,0.2703788803461286,0.24491090780984076,0.2196019357550115,0.20129656096105672,0.18155880259949914,0.15513569076295528,0.1279167217822604,0.10499542800199146,0.0924205296315757,0.07952730005900213,0.062018054370925974,0.044827130172088774,0.036868357187512586,0.03511741416415917,0.036868357187512586,0.03670918187351485,0.04450876497471502,0.05055742205016977,0.05390012792641944,0.039415167067935866,0.029227922689783328,0.032252273081578096,0.03193390545597464,0.02747700637695673,0.016175557869002252,0.0055108097064526,-0.008814971285102526,-0.019798057023912966,-0.013590240417953602,-0.008496630370025888
0.03395911815472333,0.028070606857686625,0.02610778664966793,0.03682785148390598,0.05147360280052743,0.06053283075149372,0.07170586366290026,0.08197300187968123,0.08997534347364851,0.09571282395191762,0.10341319143440716,0.12606133271465922,0.16139224847793754,0.19868625393735884,0.20306480484763215,0.1265141188297609,-0.07263775241018201,-0.4226268992715133,-0.8121732082531611,-1.0,-0.8940076028143948,-0.6149851084912823,-0.33913057835792426,-0.1410348978731554,-0.013903792334399534,0.06189168200670125,0.1073389101632328,0.13995212341609606,0.17241439567956648,0.19083485333278438,0.19279762977777434,0.18841893145519373,0.18917401414619534,0.18509730836163082,0.1724144141061049,0.15505080135017457,0.14100896831338364,0.13285573179636956,0.13210075045132924,0.13164778007084343,0.12289060454414313,0.10401719493697785,0.08861645997199875,0.07714138845623006,0.06143875308592688,0.0390926619266235,0.028976533798754395,0.031241339634837315,0.028070611464321226,0.020068300965137526,0.01357584374846268,0.003912675060322178,-0.008770233590936899,-0.02205709564761535,-0.032173223775484455,-0.027794610675643986,-0.011487998290919102,0.0052715598575879125
0.050221200074300545,0.06094952239113658,0.08191103336521349,0.11261062451561375,0.1312614983162852,0.14182472907972463,0.15799980365329672,0.1659222242080085,0.1664174082249589,0.16823296209612446,0.15420362450051112,0.13753338605293075,0.11673687598901103,0.0921441615936281,0.046920167170448925,-0.051615467231009196,-0.23960925371502256,-0.5409941573409894,-0.8608625469188323,-1.0,-0.8772024209731406,-0.5890243984741761,-0.32428091652185,-0.15807366570564155,-0.06019811299871276,-0.008206975062706443,0.01440505047489546,0.04543470828070494,0.08851309413718121,0.12267874176240012,0.14710636964012197,0.16014546005948707,0.17070868075145548,0.16394161906933055,0.1509025790073207,0.14628115358844407,0.13687322126876528,0.12482442838300363,0.12201858704970568,0.12581480648837545,0.12135835176524289,0.11327080944272132,0.11310570781785367,0.1109600715546054,0.10402792839055494,0.09131894050621468,0.08125084843810593,0.07250312622421232,0.06887200337467468,0.06804673192990603,0.06276510647671525,0.055172717956730954,0.03701708104823288,0.016055564723686976,0.01341474098142014,0.019191539121156363,0.02711398989028132,0.030084934107380792
0.03906720948851801,0.04807834610022464,0.0662644707588778,0.09804928478799053,0.11099252092939205,0.1141055507359076,0.11902072888455864,0.12786807154661822,0.1314724582083389,0.12213361872615247,0.12344440021558843,0.12196970980531972,0.11787378633349456,0.10591344385740266,0.0688858837753336,-0.019751009376967398,-0.20161259337893533,-0.5138909895699821,-0.8512344838981916,-1.0,-0.8617200959740371,-0.556980710341744,-0.2723912147054791,-0.09413385990469489,0.012033761225528976,0.07855237614052779,0.12082287722669413,0.15096929187459357,0.1668616588991723,0.17177693702276742,0.17046617552832027,0.16227422860972587,0.15080542294373844,0.1427773849459768,0.13130866925743906,0.11967600465809092,0.11000941731669986,0.11377779287920854,0.11410546075845791,0.10804344003368688,0.09706619117279275,0.09100411546180247,0.08445058791941017,0.07380104692774304,0.06970507346844584,0.06085777079636389,0.05086360555317313,0.04250780220059163,0.03939487986714098,0.035790418224212237,0.028581499937101965,0.025960096918140576,0.030547574695685427,0.027926144183614412,0.019406513764685634,0.015310541555075236,0.01973419289111621,0.01940651813858944
0.06022230927189973,0.058997220545714935,0.06949792994792492,0.08804920333779183,0.10415030461492522,0.11587611342259217,0.12655184007680237,0.1302270795571763,0.1333773794139075,0.1360025367408247,0.12917708283789692,0.10747558434620401,0.0817487691530481,0.051821745487877,-0.000681848244988706,-0.07838720541500976,-0.23222308219539733,-0.5118931433633597,-0.8428406696438752,-1.0,-0.8461660241300591,-0.5033176023746074,-0.19109500512875705,0.0033434217346585584,0.10485034158510946,0.1507035373794092,0.16347946037834946,0.1612042841590718,0.163304427107441,0.16767968219945484,0.1718799146998324,0.15612898141760154,0.1391527511633785,0.13372730712518616,0.1314521736229972,0.11185083943821784,0.09487466258035568,0.09329955536907877,0.10082508895927947,0.09487466258035568,0.08752416226106344,0.08804926741342486,0.08314891250868568,0.07282319366029545,0.06424758325627405,0.058822192614442576,0.054971954570794734,0.046921395922773904,0.03414552632019451,0.019969557413975242,0.006493632486212572,-0.0029570137849941947,-0.00243196870353874,0.003868458139205373,0.009818861657812166,0.01524423344405372,0.016294303917056562,0.013844137143959144
0.07851485803166186,0.0899180888772397,0.10991512445981284,0.13404376037898594,0.1340436797032646,0.1373489539218655,0.14891744898259665,0.14610802791624666,0.14181116840672597,0.13999320153324865,0.1342089237494876,0.1317300008600487,0.12743310101266736,0.1251194120849863,0.08148961390442129,-0.03287323810836151,-0.23912353326526672,-0.5493257760884865,-0.8629963286786586,-1.0,-0.8828276311184481,-0.6076642053890449,-0.3288624256410468,-0.1455836042788214,-0.043119634574564,0.013400731419818832,0.055047289057567124,0.0905791457378529,0.11206356934127093,0.12825948259522488,0.14362908485787748,0.1504048470879067,0.15337965338299195,0.16907976390702084,0.17502925548360937,0.1644523557982632,0.1504048773413022,0.1370184456604892,0.13437423838696672,0.12743310101266736,0.11983092694668514,0.11008031808370998,0.10380031824574516,0.0990075954995084,0.07934118919189354,0.06727688635900472,0.053229438155439214,0.03885142874705531,0.03141452267790082,0.026787139780306106,0.02695240399545941,0.026126081659134753,0.028109253501532525,0.026787138519747962,0.020672360668238562,0.02067235184433154,0.023647117171277075,0.024638701201638743
0.06489770025892518,0.07259660030790081,0.09149387130898892,0.12438918607781088,0.13926209356744926,0.13471271466204368,0.12561406362135683,0.12771375150174513,0.12613896690668214,0.11389069329080712,0.09884281092138533,0.08571970027613686,0.0564988846752973,0.011880283156913618,-0.04393668564335951,-0.12022585601456312,-0.26668036424388725,-0.5308934577100088,-0.8472477414020404,-1.0,-0.8512716084324119,-0.5107713038268685,-0.2000145293199409,-0.008941717694439657,0.09429345337000461,0.13996190767048336,0.14993551852618667,0.1585092983125855,0.17600676493690023,0.19175450411740586,0.19665384345939066,0.19892858095864943,0.19297932827588962,0.18265589578476873,0.17180743188417333,0.15553474671029266,0.13803724805494064,0.1266638274839577,0.10601673828445482,0.09604320216783857,0.09184381039154328,0.08519476495977424,0.06909706534268938,0.04932491460417807,0.04040118505821245,0.03235234859593556,0.02027907521774847,0.013280080193240954,0.00890571437130387,0.009605609552901151,0.018704307305517403,0.030252651373161365,0.031127525772078345,0.022728728873222234,0.013630034790829006,-0.0007179183640183644,-0.007366959791907746,0.0019067155097450092
0.02363462152140001,0.03438654548714133,0.06275606937797877,0.08555536888246057,0.08270543075432735,0.07467382071304089,0.08024410833649927,0.09462318999402732,0.11107493093125125,0.12415861634824506,0.13555828190976163,0.1486419752313933,0.15006692848618422,0.14475567584486077,0.09773225005531173,-0.012766475851773854,-0.22197594973460058,-0.5437578996442312,-0.8665726221066802,-1.0,-0.8660545837609617,-0.578215417509456,-0.31032344676352985,-0.13401715536699269,-0.012377849272591683,0.07817147277071691,0.1295993390528089,0.15434178825055697,0.17299580081419838,0.188799954296085,0.19424059004963257,0.19229750359346906,0.1897066953031249,0.18465458830886616,0.17467986809750266,0.17105268273948349,0.1671664465900537,0.1546009497068974,0.1371127289417065,0.1267494562571406,0.1091318207611742,0.0838712857898806,0.059258452891173034,0.0504496470001466,0.04772926193395114,0.04578614781155517,0.04293624525429225,0.04772927379090791,0.04073403291265861,0.03373881970064176,0.02803900470531862,0.026873137812808607,0.025448194438814988,0.02182104267550665,0.011328187286611082,0.003944339343754289,0.0008353488803358813,-0.00033052162484064674
0.027336031033384788,0.03803450452103103,0.05774226258050122,0.08068769983637589,0.0916677896341823,0.09575007080456538,0.09180852477603574,0.09349774160867998,0.10067702051981017,0.1067300661146667,0.11503550103394823,0.129253134738945,0.13798092970003153,0.14516016566220485,0.1338985712215261,0.06970768305179613,-0.12272430644407997,-0.47352333747837766,-0.846702185186228,-1.0,-0.8661281014535145,-0.5736110024494747,-0.3029100494193072,-0.12511747385931526,-0.018414069682449942,0.04676221143675597,0.08758540538630276,0.11616165704209956,0.14896089065096735,0.1748625990955271,0.1814788515413299,0.1764111495046489,0.1709210702465802,0.1674017468231936,0.1674018327211073,0.16261561814771594,0.15107250188458207,0.13741786028574723,0.1277047389460679,0.12094784584611681,0.11362786615229868,0.1020846983504166,0.09166774668522544,0.0836438679475645,0.06858149697937499,0.05900916661519302,0.05605301138869148,0.048310684537755416,0.028743730338469636,0.010584452359204383,0.00016751035752852824,-0.0008178670229505495,-0.0018032567512547258,-0.0029294106119582097,0.0029828909828225323,0.005094446264683812,0.006220605343685443,0.0052352096595688884
0.062148430025173264,0.06667593177240638,0.08786454027184874,0.12281676447056845,0.14128895922245896,0.1530604206674077,0.16066659575491302,0.16048557370319627,0.15161160331117945,0.14491092525790095,0.14491092525790095,0.12444664808144408,0.08877003178070923,0.04240858915366216,-0.018984134631065002,-0.10989608383305197,-0.2721616164972706,-0.559386425030216,-0.8726882220609746,-1.0,-0.8435312617618015,-0.5222610024239855,-0.22235912490453802,-0.027495828854262473,0.07500647133509518,0.1287930669979308,0.15016277490421853,0.16501295941773644,0.17189480318225628,0.1708081735889861,0.16809167143557296,0.16664288723154272,0.16537513612996185,0.15813128141420651,0.137667026339215,0.11321839645117017,0.09746284198685105,0.0907621528828399,0.08587250205021303,0.08315596121923559,0.07717969184407121,0.06903024616286144,0.06486492112785373,0.0654082138230235,0.07011683707856729,0.06522713099227713,0.05762090617647483,0.04584948064640726,0.03661342194802631,0.025204137215303006,0.02429864846912568,0.024660845901474826,0.012527180462804446,-0.0035906670917684176,-0.0115590465183308,0.0029289067199691774,0.01669246509357086,0.025566334647652154
0.08205389308920333,0.08440459900222165,0.09254169060936919,0.11134739308326815,0.1303340413111585,0.1460657403498949,0.1565535985567884,0.15637278521020284,0.1424492968749756,0.12310103298786458,0.12020778772953518,0.12129277814855348,0.11225153705384942,0.0769908104341936,0.018042014105904124,-0.0877403050566882,-0.25681146497827184,-0.5372713370600588,-0.848470051826819,-1.0,-0.864743981260253,-0.5298575374580803,-0.21612580281445024,-0.018484517658599393,0.08133057349915812,0.1303339861414061,0.14317257232921887,0.13648215852098847,0.1303339751074556,0.13575877272724035,0.14552330031013816,0.15583029000069368,0.15926595323087886,0.147873995189206,0.1326847692920778,0.11839955495812504,0.1102624357661013,0.10230613543763838,0.08548951770056182,0.07572502873649069,0.06324810786067574,0.05040957684261536,0.04227248799395544,0.044442377801900565,0.05474936197548084,0.04082589570815457,0.03069973039813512,0.025636636709174907,0.024009225559813215,0.031061377779963432,0.04173001485234726,0.04625060229784783,0.04263413675502757,0.0411875444692267,0.037390218685531294,0.02943394594194458,0.02075438119318886,0.02798735779387514
0.057778096752293985,0.06862464555810915,0.0977060863609229,0.12694478585359686,0.14046368699134798,0.15272498628723558,0.16152802494766577,0.17048824893685532,0.17064551679685314,0.1714314892913378,0.161213727651248,0.13889177868292904,0.10257916167741599,0.053376593469819704,-0.007458629005071764,-0.10146244324800784,-0.27516549154604764,-0.5537197006948107,-0.8619813592604173,-1.0,-0.86779764742098,-0.5578067943466815,-0.26007447118671256,-0.061534361938002824,0.0538481632113041,0.11625529399461448,0.14345038247038977,0.16357157177360118,0.17504694442569213,0.1781909627855574,0.16655836812415667,0.14124974201707116,0.12332917482690317,0.1168841361811655,0.1105962370134991,0.10242199468893187,0.09597692853278138,0.09550533586595296,0.09786327168968223,0.09739170653326663,0.09377615969753621,0.07805651723495274,0.059978833492057515,0.04645990713642796,0.04850346083996656,0.05966446283453886,0.0643803298969286,0.06155081057650852,0.05730647198998394,0.05620610591263658,0.046774291549153024,0.03404134685814576,0.018950443991198804,0.0051171120169009555,0.008418243490691873,0.016592492101818294,0.02052240875327739,0.018164456881807307
0.06004611596335361,0.07402125640808897,0.09816014504861693,0.11848768989285474,0.11467622981019834,0.10721218589274391,0.11404098646308894,0.13230394439920123,0.14119725435342761,0.13055712936785346,0.11705840447502174,0.12102862451917025,0.11642308360366818,0.09117254090939245,0.038289309927609115,-0.05731334085171657,-0.24454901348858105,-0.5508917429048356,-0.8670783264139212,-1.0,-0.8669190140921895,-0.5732838455856073,-0.2931445820274758,-0.10384421588665006,0.015897350863527945,0.08116760112774456,0.11832878457340483,0.14040316383005144,0.16184234819224122,0.16215996502053068,0.151837476244307,0.1534255216236321,0.1715296711455997,0.16724185365422276,0.15183741810112386,0.13389209637436206,0.12007576434377142,0.11674075857514074,0.11737597285065858,0.11531153130049085,0.10340075488167906,0.08879043892354793,0.0733859985251838,0.06957461596677156,0.06735131270454126,0.05718754512768762,0.046864995785648185,0.04178312411038451,0.04098907719439565,0.0373365006274955,0.03368389256637116,0.04273598186315072,0.04845308719499327,0.03638364045209666,0.030031301463675227,0.028443206420381194,0.03193699879946292,0.024949429788411557
0.07930800942530244,0.07698757329430429,0.0811643554982402,0.09276648423578399,0.10607026393350139,0.11782718689893527,0.12741825557170552,0.1379374666024533,0.1368546385712474,0.12030229926362596,0.1046780362372314,0.08595988039508953,0.06291032275253401,0.02702103771217827,-0.0309896413737999,-0.1330885408719921,-0.297994069132123,-0.5682477149079725,-0.8637143230594999,-1.0,-0.8468524424937773,-0.48239151198429076,-0.1347901493542546,0.0875068692808743,0.20909732230885877,0.24777128929061382,0.24297568415771015,0.22534036578630995,0.20584885709431278,0.18465547561305057,0.1682577181437636,0.15325224500796147,0.14953959062022915,0.14180486330062878,0.12911981685628898,0.11643484592823562,0.11055636556644707,0.10668909158223704,0.09292118878808395,0.07203732496608341,0.06244622797470575,0.050379985580262084,0.04310935067860603,0.0372309127947286,0.033827639192988784,0.02361775585084462,0.011087440212513745,0.0024245150776629966,0.0050543325846246325,0.013562568801406596,0.007529460104195069,-0.009332307887688457,-0.012271505590671613,-0.001288163793865321,0.011551523780893249,0.01665646869680576,0.02284427910708187,0.038623185328793656
0.07225954305759921,0.08784517982526571,0.0964669989462498,0.11089201798811969,0.12465377775908379,0.13858143328734002,0.1440530187489415,0.13907890809285647,0.12432219871085945,0.11586611852675899,0.11039459376983177,0.09862244993245367,0.0734201506659501,0.045399115848722596,0.001958276787085022,-0.07696474789973899,-0.24658342168943634,-0.5491781530905935,-0.8666934256721153,-1.0,-0.8769733980290867,-0.6017386882471986,-0.32766232482454544,-0.14096547350000657,-0.025233673824064547,0.052694537837243614,0.11337909860977646,0.16544180485026524,0.198768671016042,0.20938027300846632,0.20225061019172033,0.2039086369596363,0.2039086369596363,0.2015873104510317,0.19827119621052555,0.18948358756542927,0.17373204998174782,0.160965158882251,0.154664509449463,0.13841559823472216,0.11868479843153153,0.09961727813413811,0.08817675887349005,0.06894340352347877,0.052694558072135037,0.03810370397764727,0.03793789927736654,0.02931606750957531,0.021191646048584156,0.02583416248027625,0.029150259015252433,0.019367791183794256,0.010580137247319939,0.004611160844341821,0.004776969971005057,0.005440189404468364,0.00510857779071564,0.00179248283659035
0.06012747438378998,0.06549161273742009,0.07496819260749812,0.08945126523880363,0.10607998775623707,0.10983494188468115,0.11090774227878669,0.11609301692128475,0.12556973317446518,0.13665547544843287,0.13397345264187263,0.13093376787693747,0.1314702335378794,0.12360285971428375,0.08641159683984075,-0.009784780139057208,-0.19109204958694898,-0.4975629050645484,-0.8406869920776334,-1.0,-0.8671495909168054,-0.5479858546865882,-0.24920340567029456,-0.07039928849867588,0.015605336078637837,0.05762421709252806,0.08802083016294364,0.11269581203640114,0.1334370306235235,0.14380767810435333,0.1491718437346039,0.1550723550086663,0.15972130582864894,0.159184840167707,0.14702618839315187,0.13200663373493216,0.11877514883432691,0.11180182625551079,0.10715284270358358,0.09660340243083493,0.08569639839554509,0.09159696422284844,0.10053712207457732,0.09803384841734313,0.08659038417643544,0.06298832816953769,0.051008482825211574,0.04171069847471438,0.0381346053297403,0.02526073465342413,0.004519512656724225,0.003625489370480704,0.02079064754457354,0.029015626045641108,0.025975953555185154,0.011671656326952893,0.0045194983364984734,0.002910271832550706
0.03817369861204104,0.0435431039135956,0.048778261898415096,0.06461802412489001,0.08059194356648101,0.08300819868236171,0.08018930400447918,0.07629646355694121,0.07039007717950266,0.06247023497378249,0.05857742319494146,0.06206752169227424,0.06770543391388334,0.07508835647664154,0.07320904967241974,0.018843844031525565,-0.17284415376444226,-0.5217224223698004,-0.8718058410841447,-1.0,-0.8500597006712876,-0.5613218217926954,-0.2849306824361571,-0.09525600326827839,0.023944781320542875,0.0993849870355301,0.14502483994936083,0.1775099138311712,0.20207494073085466,0.2117398629017022,0.21590119798271032,0.21804905675779612,0.21737784884281774,0.2020749571129672,0.18636939305688974,0.17710717597649414,0.17066389452926242,0.14945467785489533,0.13025896205961934,0.12005706700394406,0.10596245436657485,0.08273974500417293,0.07119552831568797,0.06609457669232219,0.06421531084338175,0.056429666808059026,0.05334226111459383,0.05226837677786041,0.04649626229032573,0.04112688156193998,0.03334124162214539,0.01803844204167787,0.006494223817369865,0.001393294207467809,0.0001851704890850844,0.0038095241102534304,0.004749166377647209,-0.0004859974944939829
0.04606266487063956,0.04314286321097407,0.05205597083361718,0.07464610532416974,0.09139665524990827,0.09462379186742849,0.09723626794649771,0.09293343787765437,0.09815837128127589,0.10430534237886627,0.09600695624685422,0.08325191549799202,0.06481097407344548,0.03684219415836629,-0.021554129729956215,-0.12144260933254232,-0.29279042149511486,-0.566178540894068,-0.867379308854509,-1.0,-0.8467869242637653,-0.47720062343029207,-0.10884138375442845,0.14610476272154604,0.2730402564857382,0.30254581902856353,0.28287555652711505,0.2441494670084656,0.21387549439725032,0.19420498808708148,0.18436987559087417,0.18145009737435486,0.17007805221426586,0.15056136107484536,0.1296616087058423,0.11490893996153136,0.10891560586677831,0.10630310165593367,0.10492012482167741,0.09354812654788078,0.08217618453763499,0.0720336667541344,0.05789562572786977,0.04099141535614773,0.02931213135510336,0.023626193170385126,0.016249807223308037,0.008719759072011474,0.006721988952488963,-0.001115412325100624,-0.008338112331772726,-0.015253471226764223,-0.029852532272170593,-0.03138927504656818,-0.01986370072211431,-0.004649927563335347,-0.0017301118377821452,-0.0003470359562332634
0.08520797614500872,0.09749266632048155,0.11339053762717848,0.1314562724152568,0.13723727844475594,0.13687599726117813,0.12928833176766283,0.12856570325803926,0.12856570325803926,0.13326282164182637,0.12133948430427159,0.10002188815165332,0.06804554904144917,0.03805646727003954,-0.017585921081134118,-0.12092183378447324,-0.2941727355101242,-0.5626302851147634,-0.8621594495938998,-1.0,-0.8446353995706781,-0.4853087259201922,-0.1393489379460866,0.08213681600285325,0.19143442769026756,0.22106214146611022,0.20371912337761272,0.18854392467551798,0.19269903860585344,0.18872459282666854,0.1697555613778161,0.1433796648715348,0.12296531026096737,0.1081513872305781,0.10309308687691508,0.10309309238878742,0.10218974612116236,0.08936308456347185,0.0660583041043674,0.05576089469314647,0.06533570315410549,0.06985213133925273,0.06822620616885507,0.048534579281613074,0.03372070448010668,0.02324257731088425,0.018545502677583748,0.01565498760561345,0.008248038492131557,0.005176870082167593,0.010415929532874563,0.01619695829884708,0.01294512828308096,0.009331980567582856,0.012945125527144795,0.010054617345014906,0.01131921310295189,0.00608016123106937
0.05051999099169168,0.05864166012802256,0.06799924767468411,0.07100070417445598,0.07258971942906925,0.07982859123996476,0.09660160305976523,0.10843100587987684,0.10843096278545432,0.10048587035197952,0.09183452497510854,0.06976477229711829,0.03904371194987676,-0.005625423858819892,-0.058945899657584726,-0.14899040267116295,-0.31442580751184807,-0.5868556244035354,-0.8787048007996613,-1.0,-0.8472783655578823,-0.53018046867085,-0.2160826977432943,-0.010922147209900514,0.11637608753974601,0.18929459770550167,0.22231113094925958,0.23519985392963452,0.24667609257042833,0.2630959725317279,0.25691646936232104,0.22919682242042885,0.2074800346100523,0.17887760919653461,0.16122181351830578,0.1472737973116816,0.13826926082147875,0.11655266693600351,0.09713127122010112,0.08424253207931774,0.08265353837191572,0.07170693018383809,0.06111344308065574,0.0614665964863679,0.06817580552373034,0.07047101985371165,0.06181967447684067,0.0549339452980517,0.04275142139304482,0.026331569712460035,0.011500695915543995,0.005850842052663168,0.009558553515882277,0.0019665649968687807,0.001966567690270188,0.013972504118815362,0.025095653995530782,0.0213879337787571
0.060233983568459354,0.06304364340673044,0.0709767955546085,0.09890810974411693,0.12898810836018815,0.14634178886352706,0.1496472407709924,0.14634178886352706,0.15840684918262357,0.17361214781146486,0.17509952401904766,0.16551373668305647,0.1432016614895395,0.09328879511010918,0.010321184002610097,-0.10966787523089087,-0.2853549984719947,-0.5651652737504288,-0.8591867019118307,-1.0,-0.8611702332510859,-0.5314490733092483,-0.20189115029163882,0.0035449260293118953,0.11609664724521715,0.16452197101342883,0.18005776743319313,0.1836937272166503,0.17939666091558992,0.1737774320046673,0.16584421430384177,0.14369739304832072,0.11741885019535474,0.10783294183853749,0.09841232775999151,0.08287654142529606,0.06122561813219207,0.04519403720703515,0.04122745861182891,0.041392725156160874,0.04618566672823345,0.04734261321910791,0.04023581396302735,0.034947024853881896,0.03213737005814523,0.02701387648790465,0.028170787681038173,0.042880184565561585,0.05874651155272259,0.06684494285126867,0.07279482082914686,0.07130734377087569,0.052466100486180466,0.029327712741141352,0.02238620524206485,0.02387366906368318,0.018254345605240193,0.008833719550674968
0.06523427574214063,0.07937253719449736,0.10141610022109103,0.12285152887466412,0.12954058953254932,0.1290845165824733,0.13470940702351444,0.14048634033437388,0.13668572314051056,0.1306047133665777,0.12254748951784324,0.09427090167718784,0.06143363535686946,0.019778970264118546,-0.03586192732601551,-0.1368062266728004,-0.31057061435180605,-0.5854320260748055,-0.8773166361733176,-1.0,-0.8678917964509589,-0.5670367497987996,-0.2730205153632488,-0.06976339169286735,0.06052146626530957,0.1479355411288454,0.21315401009596927,0.257393049147091,0.268338762842663,0.24675140263802925,0.20570487423743972,0.1721074445891272,0.1503679209193544,0.1432228244176457,0.14261461583212004,0.13622965019043454,0.11950690114180858,0.09837555822787204,0.09320676392831476,0.08058868534521772,0.07450773586894525,0.07283544519392533,0.06797068561290735,0.06584236373234552,0.05732900663587466,0.05276824466714345,0.04775145149287033,0.03939010711738755,0.03270103950207999,0.030876744223064717,0.022211357591835082,0.01689050208675269,0.01400204478035926,0.01232977207868041,0.0208431407708552,0.033157108973444836,0.03300508465675283,0.025251849143742
0.07105254747695547,0.07268969086361521,0.08324012915045646,0.10124864535458479,0.11543718992275132,0.11598292473468082,0.10998007490012979,0.1059781602106403,0.10106673560058188,0.09124390858014825,0.09124388638046506,0.10070289389289289,0.09633723184436797,0.06886969147804942,0.01884601801196825,-0.05809947627078417,-0.2245421782008407,-0.5190463055923432,-0.8522950294675901,-1.0,-0.8537499967040486,-0.517955057965316,-0.1907079518422029,0.02393935515098996,0.14254092743082644,0.18146844930407996,0.1741922589411126,0.1610952117464091,0.1545466936989781,0.1523637433514185,0.15109043612252696,0.14836190636082017,0.13726571661228704,0.13035335685716706,0.12525997254381857,0.1188933698003113,0.10488674608598927,0.10015720903025056,0.09251723245880218,0.08833343021499299,0.08196678862204014,0.08360392090885828,0.08196675532251535,0.07287158396785572,0.050861172498960695,0.0339440718069636,0.02939647502979219,0.037764069805049184,0.041584060865733775,0.03594501666438655,0.0295783695215129,0.02684981062272193,0.029760280662996,0.021938401274945715,0.01211556705695855,0.00374796907315359,0.004839403316267513,0.006476534909345554
0.04249442224161423,0.04290417500019388,0.050142753566072396,0.06052263729850416,0.0758192749454725,0.0919354264435828,0.10477368504978718,0.11856803481500786,0.11966067827995049,0.12826504034205063,0.13850830509669476,0.14588355472775255,0.14834195460347316,0.14383482010379364,0.12034355648533947,0.04085549454712227,-0.16086938711535181,-0.5046358711441284,-0.8602818474116586,-1.0,-0.86273990559409,-0.5730614024125438,-0.3018177688884124,-0.12003261371525648,-0.0173264406908381,0.044269920993493535,0.08947701823387952,0.1279919440641806,0.16131674884763855,0.18194012235224635,0.18262297555568735,0.17511115695073787,0.1625459279505422,0.15161970998466515,0.1424691220308943,0.1360500052287661,0.12744555982683933,0.10941735518742772,0.09767171504421798,0.08975019785157617,0.08688209938816323,0.0860626022049866,0.08401392591890632,0.07131222795261093,0.050962234081283704,0.040172614258237614,0.04481624689295618,0.0470014754849628,0.04508939109122651,0.04426994599544152,0.05205483170932169,0.04495282211733485,0.0390800124632083,0.03061221104101716,0.02487594744232996,0.02050548713307322,0.021598099345580865,0.013949768802433577
0.03300476071034631,0.04538114772762854,0.05419718687275075,0.06538678436908302,0.06776035823831046,0.06521727589236512,0.0748810384646131,0.08946139517996425,0.10132921279937684,0.0955648486750957,0.09505623013683764,0.0942085532637641,0.09285221647105274,0.0911567903074911,0.08064537155285945,0.011812307391411432,-0.1680691971087785,-0.4879916232586258,-0.8382599669360143,-1.0,-0.8582654639153122,-0.5424139723777566,-0.258264652397694,-0.09499760504030173,0.00842152360219832,0.08030627700933667,0.12319985132585291,0.15303886764239505,0.17185768114052852,0.1837254987599411,0.1879640072694481,0.1830473200182405,0.18016512761075498,0.17948690748767465,0.17423125500975595,0.16558480193143865,0.1569382143636372,0.14710490193329162,0.13116813600781457,0.12031760719164275,0.11675729811452623,0.10336367660706414,0.09336082466396586,0.08318845389880478,0.07013392176219298,0.05453627107092859,0.04453343723218395,0.03978634380678994,0.039786351565798635,0.04453346568188251,0.03470016101054563,0.009777835824715447,-0.00700658240364093,-0.005989347913461053,0.005539345742854124,0.012829543174759424,0.009777837764467622,-0.005819812926796777
0.02409473479439811,0.023475765425554723,0.041426048267466486,0.06556610741975523,0.08692075424892613,0.09280104764535162,0.08676595377627673,0.0757792041027865,0.07918357281129954,0.08893246164779221,0.09450325796650455,0.09605063004497691,0.09450317298393447,0.09295576313543095,0.07113685180467473,-0.0049971064558475935,-0.19811778268807495,-0.5249380285310258,-0.8624329350013664,-1.0,-0.8799195529409373,-0.6050954771293426,-0.33692349697310625,-0.15618194372752855,-0.05652677883252702,0.0038232967539946015,0.04699683042241714,0.09357471952082613,0.13690308287465655,0.17172045127776905,0.1909087602005646,0.20978756260313922,0.21907228608437834,0.20808545614957194,0.1919920613488613,0.1746605838122201,0.1607335930154393,0.15995994946748815,0.1723394265481798,0.1712562764800077,0.14649714291097646,0.13071329240051788,0.12947541739975868,0.1194170503705684,0.0997644911099492,0.07701713575859244,0.07546968814005778,0.07237484483678128,0.06169749781592636,0.04606836751680101,0.043592464074531066,0.04544939224639026,0.03492679612501888,0.020690384970900658,0.017286015082074162,0.027499114125732388,0.027499104683224602,0.023785240077311892
0.011444625142428113,0.020581021385882782,0.0353397819168234,0.050567105415500364,0.058883555329920394,0.07387660538566104,0.08359866379397157,0.07949899647625316,0.07563360974896606,0.0818417452006063,0.08781552143937048,0.07961619395142865,0.04389050170043226,-0.00225996252197735,-0.052744341595372383,-0.1264210057417336,-0.2888852891673751,-0.5806641316794418,-0.8847407539230221,-1.0,-0.8562772560769999,-0.5642653766386284,-0.2784605819701351,-0.08097347308102355,0.057009374933924835,0.15903262535093196,0.23200663356086873,0.28131993176609976,0.3102519907929846,0.31798283572250857,0.30533239858871647,0.2916277345354584,0.27089511020894014,0.24934252525839723,0.22966399919643526,0.20975137837891147,0.19065868959543233,0.16547499136053864,0.1454450801504046,0.12857792117361821,0.11674734459892097,0.09952884335893238,0.08172454057793584,0.0647402341584388,0.05138704817078752,0.044710433734476945,0.040376503695064694,0.030185909122124,0.018238353070848163,0.003479563056490752,-0.006711020516008451,-0.012099146483795132,-0.021352668727475495,-0.02510092588078942,-0.02182119685117381,-0.023929603337951452,-0.023109658795790553,-0.02826352801674247
0.02102272556008718,0.023195437542639807,0.039997641602908564,0.05984162962282899,0.07360199227276122,0.0873624212119452,0.10068834620238465,0.1131451218782647,0.12299473244460728,0.13096118910892676,0.1439974300692584,0.16195844979706062,0.17962983852615635,0.1815127361097394,0.16224814266573534,0.07287779545534197,-0.15409677043835596,-0.5176628938900635,-0.8689135173192011,-1.0,-0.8829641517639399,-0.6293394240556408,-0.3807823063558966,-0.19899928882287735,-0.07863161905438187,0.0029169229251471826,0.056365275425181056,0.097067132312549,0.13675517022235814,0.16862149183938244,0.18281651311297992,0.18716190614310102,0.1896242778497025,0.19179692133336168,0.18542373125391878,0.18267163132437494,0.17542925657610503,0.16239291839153752,0.13545147276621974,0.11386935404995156,0.09735683401979064,0.09199755130357554,0.09431505889870587,0.09677748363670875,0.09156296780772893,0.07490561902036445,0.06042094023235983,0.04579148571855302,0.03681101341856124,0.03130683565589082,0.03014806860047531,0.02869959320889298,0.021891806375753126,0.00914532181129583,0.006538082678760578,0.011318017773945954,0.02420934932515105,0.01479433661732629
0.050250328404188874,0.06188946677266173,0.08316726707936051,0.11008271265468779,0.13772572627423968,0.1528203079285689,0.14791009198872254,0.1382713551441577,0.1382713884358639,0.15318405311035732,0.1546389450596278,0.13572530533016972,0.1324517429581341,0.14027180937993386,0.10971900076460557,0.00296630537403698,-0.19617230900040217,-0.5071567282418068,-0.8445098877567874,-1.0,-0.8768809672944066,-0.57735530918305,-0.3111093056600707,-0.14961563345692136,-0.05395634352832579,0.014969175919725523,0.057706635772655945,0.08534961055188395,0.11517493435225311,0.14900119436726306,0.17209762625640304,0.17828096142974426,0.1699152661380265,0.16191333822256795,0.15172917225832222,0.1451820919031926,0.13863498935359217,0.12354055196332309,0.1102646185372882,0.09116918389758366,0.08116677955187818,0.07116439740064348,0.06370806506339677,0.06079830890794425,0.05988900143965019,0.055706156568100164,0.050068441941750426,0.039520486406774684,0.036246973972298355,0.04352142539572432,0.04879542258337413,0.05352381586988556,0.05879779918599112,0.042793982195397914,0.01769709433653874,0.006239824050708214,0.0035118843063957203,0.009331467362176393
-0.008060518308117853,-0.001246632430513435,0.005798215683259497,0.013074065673691687,0.0088009370503006,0.0012941318708982526,-0.008406984785990224,-0.01117873384817816,-0.015567337141467012,-0.015682830592148388,-0.024344536804172326,-0.03543152928267297,-0.049290274725747645,-0.0652278591169972,-0.09825782762864152,-0.1914581040872489,-0.38675175621265556,-0.6650807142766696,-0.9109576903728749,-1.0,-0.893056960888835,-0.6520306559863601,-0.37670405812047153,-0.1518451256059888,0.015152862338676427,0.14045918789227055,0.23238921389469133,0.2996044333802125,0.34233568437813156,0.36208447115863557,0.35122840303761227,0.33067116166188876,0.31380958385839886,0.29995087365131595,0.2882864355014534,0.2751204930814038,0.2534083286505638,0.23365957005885324,0.21749107011912427,0.19762672338000442,0.17568370682547021,0.1573207797901571,0.1419605794072839,0.1344537345873908,0.12902567233808573,0.1165527373098135,0.09842088086134362,0.07763270984274394,0.0626190765805446,0.058345951480752695,0.05026169446368986,0.03940564748426164,0.02774121638159742,0.027163797137229325,0.02612438118674107,0.019656969935332117,0.01769365218618215,0.018271096095744486
0.04424712728584337,0.05079709229214307,0.07356596524774658,0.09586689706483052,0.11333345138261768,0.12128698286781357,0.13002025051053445,0.13485475172007616,0.1343869176384993,0.14000113597322064,0.1465510700519591,0.1506058446201485,0.15169742575658554,0.14717493130089151,0.12378217092688071,0.034734110400860024,-0.16722277045026945,-0.5034544834895153,-0.8532514816599528,-1.0,-0.859333534076251,-0.5538268210139046,-0.2846543017240008,-0.12137297496243762,-0.022499926483233477,0.03769718369093221,0.07060284318728938,0.09259196809015204,0.1138013140127126,0.12424997645993952,0.120195297053477,0.10849899775393941,0.10382041903385372,0.1036644965443977,0.1130215683390149,0.121287030448677,0.12331434636147655,0.10693943027716254,0.09337171852193606,0.0918121843517636,0.09072050329551336,0.08838128054867932,0.09040868210703304,0.09212411973431615,0.07325400131667598,0.05453988389691647,0.056567247390579445,0.06654813523230879,0.07574924647277922,0.06779574829418775,0.05422800561140003,0.043623313617774384,0.03800908338783719,0.03457816531049388,0.025688951982646046,0.020542562376654434,0.032238891414231655,0.04284357270216303
0.06753819382156605,0.06924567098452461,0.07505120169922413,0.09895638731632289,0.1054449912086154,0.09895642899349229,0.09246791366518475,0.10527421900698253,0.112104283948202,0.11193348048869207,0.08375955247255827,0.05848834032213556,0.03799817154670801,0.008970427617107044,-0.039352216752701355,-0.13582680980996842,-0.29940724076766406,-0.561170205604095,-0.863570202727708,-1.0,-0.8533247041731232,-0.5101151312809957,-0.19319951785717268,9.136178674898815e-05,0.10117620713241096,0.15803641102745425,0.19184524342674764,0.20345646114553195,0.19730934956004342,0.18228308374171084,0.17681899844699975,0.17972182371528053,0.1780144038584299,0.1609392258764427,0.1426688612881647,0.12166632902102292,0.10151773069709202,0.08051529741322759,0.06480614075491815,0.06770890350744482,0.07419747093221413,0.0811982611882509,0.080685996679814,0.0776125138221162,0.07180692580130875,0.06839187249211431,0.06480614075491815,0.0632693680681922,0.06702588763595976,0.06122032566338318,0.052682804397789856,0.043120709833330266,0.04124243702533104,0.04329146901084771,0.04192546071128537,0.03407087717248448,0.027753083251759608,0.026899329041341805
0.06694291169677763,0.07327491662469156,0.08393935614487763,0.09560359608474957,0.10826760594057742,0.10860086935783606,0.1137664523253448,0.12942988377605016,0.14042759688140485,0.1460930139673417,0.14809259447089346,0.13759480699515664,0.10393520185203521,0.05894456934675061,-0.0007095639132069999,-0.1051876026456639,-0.29064942643960845,-0.5744243650412472,-0.8710275455805896,-1.0,-0.8440335341557599,-0.48310998535418365,-0.10435462712489683,0.17225421255796391,0.3105585713919345,0.34288530588840094,0.31072532511548345,0.26373530529693656,0.22241045853448718,0.19091706560354682,0.16575567760052043,0.14326039693556303,0.11809888691761693,0.0997693582967525,0.08777188035939687,0.07460801604932095,0.06261050252428042,0.05227936200903788,0.052445937794162345,0.04994647995856508,0.052612615258386536,0.04578069486876472,0.02945080521693439,0.020619310678704532,0.018786350444883356,0.009621600909695318,0.0029563339943850958,-0.0035423023244109653,-0.011540633235539265,-0.010374206191179082,-0.02453789888269328,-0.03853494969766819,-0.05153222297075469,-0.04253414629245664,-0.014373359572350138,0.013787399186003935,0.02661805218935984,0.015287088376634
0.06305862399191509,0.07423584425369072,0.10287743853799189,0.126978344704358,0.12366006797562175,0.12208828353174025,0.11632503482918294,0.11335610984149745,0.11038714222654811,0.11265750227073958,0.10409993518171838,0.07475975996869925,0.04122813248592225,0.01520618604596754,-0.03980666512417725,-0.14930844375684632,-0.33425717582737474,-0.5974466202393881,-0.8705891684334235,-1.0,-0.8833376189846502,-0.5698527561453524,-0.21619755835687732,0.062185399163119624,0.23386047549268063,0.3012729996089617,0.31699097192956815,0.3073856426798337,0.28852416541236003,0.26512194674287154,0.22181006770096542,0.17797438484061842,0.14549067271028424,0.12470798466016655,0.10182958046593489,0.09274807634827323,0.0857623363303974,0.08192016520028453,0.06864723412280291,0.05380247597417592,0.040878855342583224,0.036163451391062924,0.031797361881737526,0.022191941549529085,0.013983676081221086,-0.0026074957582429155,-0.008370749789208229,-0.007322881060335275,0.0033304008406978953,0.025859468946077206,0.050658907086412956,0.050658907086412956,0.04437172135521516,0.03633809795534441,0.032670574721615026,0.02254123301296456,0.015206185046891044,0.021493365949219106
0.0035353259806771625,0.005761064569392075,0.013133860914273458,0.02551459720187658,0.039425529697649474,0.04457258320957244,0.0472156349183083,0.04791120276431444,0.06474342683995614,0.08254948834244144,0.09228706469309947,0.08630541465083912,0.0824103705289967,0.07197716266868004,0.039286407639961246,-0.030407356736434816,-0.20220769880491868,-0.5164569711114263,-0.8540741483496024,-1.0,-0.8813393723176293,-0.619258965978876,-0.36677465837795,-0.18857491705116525,-0.06184606736006418,0.031496298175058925,0.08588806969899193,0.1274817323958919,0.17130128010790746,0.20927834652202948,0.23070123349644173,0.23668293446962407,0.240299810872473,0.24572502361490245,0.24822904239506358,0.24516862026901953,0.23473540392021586,0.22666702911871958,0.2142862652435337,0.19314161389601092,0.17130139894672547,0.15043488136424812,0.1372194785162899,0.12887282564546917,0.11524021366145573,0.09145245118578808,0.08129741953295187,0.0761504169519509,0.07086422864960921,0.049163161223473,0.02982697778707918,0.0164724783468937,0.005761068813635575,-0.0032810351864950545,-0.00550678597741003,-0.015661770413037304,-0.029572705030931942,-0.03680638674555122
0.03337633371295902,0.039803180680874996,0.035917168364236134,0.03681395955459276,0.04129777870377797,0.04921922597464021,0.06162454939577012,0.08045668102407992,0.08852761021365246,0.09360934335741905,0.1015307701078916,0.11005008805251255,0.12096075188957044,0.13545854400736204,0.13859723337209476,0.08314698163376424,-0.1116013298200642,-0.4670218574515794,-0.844560218707955,-1.0,-0.8538268983652181,-0.5477314138323275,-0.2689847021015348,-0.08918203799041448,0.016487190002622255,0.07268470655175478,0.09719635307590124,0.11333834825764424,0.13067577926110263,0.14233383217132228,0.15189927958228233,0.1463692443251127,0.1423337774502831,0.14457573490578499,0.14203490937468108,0.13306718899475192,0.12140918168539823,0.11438442300294417,0.1104984175264352,0.10003616524485874,0.09301149776413663,0.09121788802290379,0.08538889348840015,0.08658463027583096,0.08180178800809941,0.07178793360174454,0.06326863389746998,0.06670623237858414,0.06969546490508287,0.058635298628925005,0.04398809755380867,0.039354787365739975,0.04189563569727688,0.044286997550016895,0.036963395872437084,0.02665056850848844,0.02485703742874941,0.02709894586332036
-0.009248470430481137,0.0024749944018874434,0.011327409460184904,0.0046282859042089276,-0.001353074281189683,-0.0006353109106123157,0.009891876229613055,0.020658332814160886,0.04075571460680387,0.0766438933333277,0.13143312239089522,0.18909345499198996,0.2230675486204628,0.19890284306984382,0.16062217941556226,0.10774695758304034,-0.07408639872790643,-0.47148789752450726,-0.8758272358668326,-1.0,-0.8418530680735928,-0.5815448222176394,-0.3358306598854173,-0.1389243603994769,-0.014033557559034477,0.065638168231517,0.12497329701808893,0.16014371283756518,0.1840691183508953,0.2027309613506089,0.2132581160437487,0.2108655754924157,0.20727669791712586,0.20895150151907974,0.21230109389003413,0.21230113838889436,0.20416643524936712,0.1843083293904637,0.16229695335160935,0.1498557246851336,0.13047612990308746,0.10655067247442043,0.08788880722527671,0.07305503800746797,0.0558287208218495,0.0397986850366126,0.02520416394075579,0.014198466650732725,0.011566666852732721,0.011566659436256019,0.011088153921756261,0.0017572352030782216,-0.004224127531734255,-0.008052198300695455,-0.01618685045194534,-0.024082241502409063,-0.028149570822742564,-0.023842991526337946
0.017141973259337025,0.019251917693980273,0.027540992341506407,0.04246126049324359,0.05014748829022301,0.039447056128688054,0.030555153023340165,0.02663671171977854,0.019704040761664557,0.011414994852771173,0.0011667101867583398,-0.013301450128769921,-0.0375657685939908,-0.07343473431839183,-0.12558045465120452,-0.20018214717075533,-0.34441217616623915,-0.5970032569373527,-0.8774734784204333,-1.0,-0.8396447195706871,-0.47131057489779576,-0.11382513993688212,0.12294048162088088,0.25782637178789214,0.3060535680498809,0.3072591559928058,0.28615979441363565,0.2661153659672466,0.25677134669148627,0.25405841975994975,0.24893439051346317,0.2377817961997034,0.22346436570215045,0.2001042991200247,0.18578675826612198,0.17297626211723155,0.15911081444283506,0.13258589328419118,0.10138892570221722,0.0977718216080307,0.09596328335548117,0.09053778815054479,0.08149517045869695,0.06989051975088086,0.05662798560065907,0.047133247140217556,0.04020061066846287,0.035076464168354714,0.03311721822657708,0.02467746807709153,0.023622511953404243,0.014278480032645514,0.002372390380694386,-0.008177315124114857,-0.012095780568127991,-0.0065195029535183744,0.0029752314835145553
0.01621459039523615,0.01795820201938986,0.014153939790494733,0.01954330503468158,0.028419946725287165,0.03967421271263072,0.049184864657724585,0.05441575756448898,0.061231751068449115,0.05901256283769407,0.05076997976349615,0.03666252254519718,0.01225180142175926,-0.017389760619379715,-0.062089900447724736,-0.1570380007593523,-0.3361560125477308,-0.6208431324084385,-0.8979187438809302,-1.0,-0.8665337926804666,-0.6100643438857615,-0.36088392620085047,-0.15196570593100076,0.008289040256386014,0.1230511192887416,0.19295458857342565,0.24256871411417769,0.2649188849838569,0.286476365305372,0.30438815004115727,0.31738603490694245,0.3056562769463565,0.2775998058300294,0.2574688860616004,0.2530305966515452,0.24399542942540584,0.22497395143230833,0.20912271332313784,0.1954907843495208,0.17092145910243012,0.14571815745419472,0.1306595712036528,0.11782022638197721,0.10402971867471511,0.0845328333417341,0.06947430996168735,0.05711042084181465,0.05076995074634452,0.046807228270506776,0.036662493528045556,0.02382311968921835,0.0059113736429685934,-0.006769516561394049,-0.016597203066493937,-0.025949357284157672,-0.0375206646701849,-0.04338557992191742
0.034163383922199954,0.046236730301719854,0.059571470791896335,0.07524880309367056,0.07254581021579254,0.06858142322725795,0.07056360297677614,0.07759139215631848,0.08011421336502948,0.08425872803953396,0.09182713118877091,0.10480151459586426,0.1179560531784257,0.12768679675054856,0.12119962703860046,0.04677734702036428,-0.14099037973108702,-0.4833702436363195,-0.8507961522219248,-1.0,-0.851877259207522,-0.530041913697007,-0.24388444019870836,-0.06566696647203367,0.03866834089723201,0.09561126403964387,0.14048094801157882,0.1750792194626999,0.18859422233738746,0.18499018418508653,0.18589113599521553,0.18264758412663934,0.16931283538961342,0.15525735599272228,0.14282354807002604,0.13525512842709017,0.12029860925367576,0.11002724621395865,0.10876587409490064,0.11543320997811612,0.10498161479233593,0.0858805479570192,0.07452799546321037,0.07434778530874586,0.06317545396520083,0.04948030965979427,0.0395693449374076,0.03290198156469391,0.037226764121609135,0.03218118218108319,0.028216804813872974,0.021369229912219866,0.012539471137623838,-0.009444824845058711,-0.022599364802095054,-0.010886419488855423,0.008214688237089889,0.016684055910348747
-0.0038566612329662808,0.004542315723047699,0.014176433522734249,0.02269892861418775,0.038261765235288854,0.05715946715475963,0.06864629574890012,0.06864628821202148,0.06741115961577669,0.07049898110638868,0.06531143798740909,0.05518322974587771,0.044313931533905775,0.03393872847432782,0.010223977547166984,-0.050174536610615605,-0.2211188539094214,-0.5383049844140448,-0.8705570036788136,-1.0,-0.8684574101773828,-0.594256419862362,-0.3261065482198285,-0.1357701022264982,-0.01917244650943109,0.052465891061237294,0.11261743301160919,0.1648642966540841,0.20673572736218288,0.22884484427649146,0.2431724656272435,0.24551926874776195,0.24502524142727564,0.2390964613687222,0.23452652023225817,0.22859781554249103,0.21081161103064608,0.19500174190710523,0.18623220677633337,0.1856146650888469,0.18437955156635935,0.17165758683909543,0.15436546994276582,0.1253394429601449,0.09643705847146089,0.08581478522505007,0.08198586245867957,0.06395277995040682,0.041226091201097215,0.022698909771991172,0.015411569655857674,0.01380589984283192,0.015535100980834798,0.010594528185046232,-2.7710203300934637e-05,-0.01509646439049076,-0.0194194686486627,-0.021025157303885027
0.027570704563347818,0.03691877837027069,0.04957466170712188,0.06323725795073941,0.08337159067981964,0.10034198548369588,0.10983392650747524,0.11702477310202655,0.12838628808001956,0.12996828117589468,0.11673711326206689,0.07402347518815228,0.03015937326911263,-0.01614960912045648,-0.05900698496912624,-0.14098261947311339,-0.3103991797197223,-0.5925689896418714,-0.8860968481264186,-1.0,-0.8669702375137083,-0.5835086744019347,-0.3024893634278533,-0.106466580391327,0.027858331494298682,0.11386076058306926,0.17570207113371183,0.22301790684181821,0.2645811249492862,0.29061190519898467,0.2973711698883718,0.2916185522877334,0.2783873931496413,0.26213609967911794,0.2407075082878756,0.22100454245843532,0.19180970581110113,0.15729350876607245,0.141617438442376,0.130255923464383,0.11314166802545202,0.08826143060249973,0.06841465240455098,0.06194291591908828,0.057916033576948,0.043534349163581065,0.02656398507477971,0.016065355277507132,0.017791157450989845,0.02728306008092559,0.02397526590853472,0.01807879206070943,0.008011610887115349,-0.0037813650554344605,-0.016437249215010868,-0.01873832389883363,-0.017012512949615234,-0.025353890304276164
0.05018519811719916,0.07096378660166515,0.09895723930868547,0.12291031944763176,0.128393545112602,0.12190032756278742,0.1272392661570737,0.14080303444384368,0.1478735235459974,0.14282313267816402,0.13575269640584028,0.1337325805615766,0.13503121702756218,0.1223332327996976,0.06533628707346845,-0.05731526446612458,-0.2564440923642088,-0.5508090170573673,-0.853540355387392,-1.0,-0.8920673894073293,-0.6271412887399838,-0.3710154754932979,-0.19555093346850042,-0.09281207629232216,-0.02629165560265206,0.023634728380407123,0.06663489712453904,0.10025588457964271,0.12348750295025425,0.14354475293598878,0.164611906756851,0.17961874826480884,0.1872664296745567,0.19520273805550248,0.1941926493159698,0.17644416856061187,0.16547764679089805,0.15739702492435334,0.1589843147764518,0.15609837965339607,0.13806143922130187,0.12204452658375471,0.10761495662813601,0.08928938922484392,0.07327253381961257,0.057688579248805584,0.04989659756091625,0.052782510671542826,0.05177245274941098,0.04585629543261556,0.04167172384357424,0.04686636876344782,0.047587850342968835,0.04268179277192066,0.02724213187552638,0.001990353635792835,-0.01041911368301967
0.07727204846081809,0.09675799386667848,0.11221242162146498,0.1160760080594947,0.11322033691040055,0.10717288617812097,0.09994965044586242,0.10398128085060432,0.11238038358550952,0.10599703967614126,0.08651109939544761,0.05946590720140522,0.0324207252576963,0.003023785604797987,-0.04972271023653238,-0.14412889128052997,-0.2941379087898561,-0.5479604585028579,-0.8493204261765115,-1.0,-0.8738458660243821,-0.5446007272059614,-0.2323201567693762,-0.03426833629599652,0.08903083124095251,0.15773574131060003,0.1920041641117342,0.19771560891325707,0.20124319967086354,0.19687569658969986,0.1847809386298091,0.1750378736738778,0.1615992867472959,0.15303221179801274,0.15236030243983387,0.14160936319630082,0.1285067616998087,0.1157400226294049,0.1216194498956392,0.1138922975202467,0.10028568712761951,0.08701505191474866,0.07911982994681031,0.06887295085107963,0.05829004019875858,0.04821107694057186,0.056442217711432534,0.065009343912383,0.0656812635208953,0.05829001457292494,0.04619526942595101,0.03678827190277716,0.028557129850624814,0.016294402238939444,0.008231242571417805,0.008567210463827706,0.012934754866648123,0.01629440608281449
0.061553121713767124,0.07790214088921271,0.10752463692261673,0.13617585993903839,0.1429745093058497,0.1368233851611297,0.1397370807441215,0.1528486762965571,0.16434152793581935,0.1602947027239134,0.15155358634262878,0.1329383918675645,0.11594187216361865,0.09667920185364517,0.04293787291280254,-0.06163103999870882,-0.24907878093998398,-0.5506464565122087,-0.8625719872592977,-1.0,-0.8706650055271785,-0.5849633573055102,-0.31755049379489947,-0.15389782808873548,-0.06276415975018654,-0.006109151277186294,0.03015004614481036,0.0688373112840645,0.11335197870141821,0.13649966205982975,0.14346017297729105,0.14815437524974195,0.15932351366514066,0.16304665528549228,0.15721923448719943,0.14119391371946277,0.12630176209038593,0.11836995346235121,0.11837002260440617,0.11934131043754316,0.12015054904873815,0.10590589300944336,0.10169723587919671,0.10088789849363751,0.0958698348357767,0.08551005849952827,0.07094163491046962,0.06980859911720148,0.0735315925760068,0.0694848216900012,0.0515170832949733,0.037110511379128214,0.03322560945184991,0.038405485273178594,0.032254383352690555,0.023189578441133406,0.021732728180278403,0.02480828407924063
0.060289845272157506,0.07155500948168834,0.09357327030619775,0.10944688663898008,0.10756935232727077,0.10569180760038019,0.10603319641192964,0.10005920466525224,0.09493870057022036,0.09306118188128294,0.08316153125722484,0.06148463841390235,0.03707679390969857,0.011474203783014473,-0.034098422356387964,-0.11841635537028188,-0.2802254241941197,-0.5551985203708469,-0.8675499731925268,-1.0,-0.8404111770274417,-0.5033105455697102,-0.1907865965158964,0.015399933288343133,0.13487871791595538,0.17789122935804486,0.1830116345088547,0.1818169403113319,0.18488924172683288,0.1838650857073658,0.176013674215973,0.17089317532853174,0.16338307974241953,0.15621434172231297,0.15041105479659156,0.14307164320107282,0.1391459322477858,0.12992897592537647,0.11388465997922877,0.10125396135386265,0.09084222751248038,0.08162531805838674,0.0657517173483763,0.05431590299759112,0.051584948732914505,0.058241663422989164,0.06421556143303517,0.06233804795168838,0.04731784896807802,0.03263902447514287,0.028371916898920446,0.03929571182536671,0.043392122392019096,0.034516547069773265,0.024787550492662486,0.0024279542344076226,-0.014469776457116739,-0.01856617660858786
0.054582602497695594,0.06946673988501126,0.09030460106195617,0.11662612149013052,0.1253999743800225,0.1271234806183191,0.13605392289713178,0.14279092824450382,0.13840394921749302,0.14232088282685482,0.14576773277706595,0.15469826109925733,0.16300201120924784,0.16080863164005973,0.1301001799867517,0.025284259611255213,-0.18873466891601887,-0.5227682393591323,-0.8607159613423618,-1.0,-0.8801436384644827,-0.616617282204486,-0.36499535244511655,-0.1946883927056481,-0.08689540847240637,-0.020151640851552917,0.03170794994543629,0.07448038717990564,0.11255256025034642,0.1357405146702805,0.15422827304386083,0.16315877268492598,0.16331543855684996,0.15234811049401567,0.15062463293684533,0.15203471182753983,0.14937129640107813,0.13527049793375776,0.12618334198114406,0.1109857198839738,0.10362194588477629,0.10471874083349991,0.1073822709844666,0.10346531825435398,0.09641496204238316,0.08936455802853525,0.07056346313091927,0.05896948114076452,0.054269215781689015,0.050038981499699375,0.04173517402745637,0.03233464928453999,0.025597611670900917,0.01901724321556487,0.00946003616882927,0.005229804276933488,0.006326537680740377,0.022464103622436612
0.051497828068470676,0.06162622089496464,0.07462435515165562,0.09251784038958864,0.10281510182451607,0.11243713089062964,0.11513798826144085,0.12239676326535652,0.12762970210425953,0.12813613281876673,0.13573245962812125,0.15008108952434465,0.16037830460641506,0.15582048997965955,0.10787927506133455,0.006257568698883224,-0.19057139242868582,-0.5116431502986512,-0.849425319136248,-1.0,-0.8712010261099014,-0.578322291353108,-0.31194402058643184,-0.1443182146546972,-0.04894228763699867,0.011828197758006458,0.06128855578254196,0.10821692987312233,0.14417279985932652,0.1554829278735858,0.1500810277205353,0.15193795407457492,0.15632695159607143,0.16544251904577312,0.17455806589420503,0.17422055529130573,0.16493610893253569,0.1477177633577025,0.12577287875656884,0.1038279529528956,0.09403710163120559,0.09066096038840604,0.08492153418150392,0.07513077041521049,0.07107940195391453,0.06820968627530474,0.06078218172152667,0.04913451220246342,0.03765562116127832,0.029046498589456828,0.028708884980208616,0.02313825270213698,0.016048364976555523,0.00980251127409459,0.010140122951973758,0.016048366264134882,0.019930916976382173,0.021112573621806442
0.04964582885900149,0.053889684826941904,0.06803584710917808,0.09155384820881889,0.10817557493084641,0.11383408192485388,0.11118172016283309,0.10746824537155202,0.1005720195490691,0.09526719891476677,0.09615132309878335,0.09615127993866747,0.08501120084575138,0.0632615020642886,0.009329265612813912,-0.08545002754524669,-0.263868983229031,-0.5409581573183276,-0.850405398234273,-1.0,-0.8548257709836895,-0.4994035114173752,-0.17457094082932867,0.02736562751305343,0.13735209381452365,0.18403445281421604,0.19747329362967955,0.1935830565837632,0.18969287348799171,0.18368078803456886,0.1624614947073306,0.13841301262326244,0.12426688540862044,0.118785237779509,0.11595600586256322,0.11454140069411929,0.10693777517715365,0.09296848574734973,0.08129786092983247,0.07139554922052223,0.062377361695228555,0.05937131357350263,0.05035314223325243,0.043103232748571606,0.042395922071827914,0.04310321926103539,0.04398734884006646,0.048938518182257806,0.05813351921482436,0.05919448118367903,0.04487149460414099,0.03726794191987092,0.03779842290429826,0.03549965848424359,0.027365622118038946,0.02506687927804222,0.030194852686231108,0.030725343111933794
0.0719593985224245,0.0842001081898389,0.09524663693831807,0.10957722697638958,0.12420643511564684,0.13405871007373882,0.13555152731172282,0.1473444510157967,0.16092856411789003,0.15883867463830142,0.1440603441815469,0.11495126883488548,0.06852606461796525,0.011203582349066371,-0.05522477707578865,-0.14837380361081484,-0.3036225151633466,-0.5718753009332415,-0.8658001526914806,-1.0,-0.8634114993678023,-0.5597835587314889,-0.26854230749872166,-0.074332218314642,0.03732708612831797,0.09494808259965276,0.1209223920439175,0.1486879455397906,0.18287241731696766,0.20033799187179174,0.19809877967821302,0.19123202988891108,0.18242464046255868,0.17107946628609927,0.16227214973119883,0.15032988509527181,0.140626878197581,0.1252514026277699,0.10778595559798673,0.08539433009896585,0.0710637263974971,0.07046663593802949,0.06568976651938466,0.05837517611315326,0.05210554866457916,0.042701082442156396,0.03956624594554061,0.04180539893106463,0.04882141450353485,0.058076639992350944,0.06479408073106001,0.062256377961336436,0.04628372311997565,0.026728408244316184,0.01911526919250167,0.024489248427093546,0.03165455824814298,0.02672840596708331
0.04718446145133019,0.044195357377944104,0.05498935599084513,0.07740765554083019,0.07923435206668733,0.09417991043279661,0.11493757493507258,0.11759450791986936,0.10381140523358226,0.09816532510966335,0.0916889477281186,0.059639072312433004,0.021777050228123276,-0.022561384703631452,-0.08068290712200175,-0.16803132569278434,-0.30984851708298494,-0.5574472145793736,-0.8580173956509705,-1.0,-0.8550284511741356,-0.5048055638766159,-0.17168482007564223,0.035061968479966274,0.14017892974668864,0.1840192106433423,0.20527524197612088,0.2212170628134176,0.22105098106904084,0.20660363247016159,0.1943150020222919,0.1845173748115577,0.18850289081956806,0.18833684960764874,0.1760482090266647,0.1526335811402489,0.1408432769904244,0.12290855628552146,0.10364535388854858,0.08936407690093172,0.08371798157734126,0.07873614229945732,0.07093124269338519,0.062462107307835274,0.06046938983628755,0.05200025191745905,0.04735052799603541,0.05100386531562069,0.05349480775406998,0.05598569446039028,0.043032927030907844,0.027589207029861767,0.017459443563118886,0.009986681954684468,0.009820618207985441,0.01480246529596729,0.017293387784847677,0.012643662913444565
0.03308370672400065,0.046405560626466724,0.05588459298842029,0.05819032616706356,0.06216120534764219,0.06805357248518885,0.07112788599550517,0.06587598488084033,0.054859842661983856,0.03961653402214722,0.018993284214425338,-0.007906621919632753,-0.03557510643126992,-0.0751563232582005,-0.13177435134334645,-0.22758965978059484,-0.3855310244223501,-0.6321134525365625,-0.8993179501857395,-1.0,-0.8060653969068682,-0.37720489577750355,0.03462083807593721,0.31847950802689684,0.44977714532278024,0.47245013809102715,0.43722388933883294,0.38572948000747925,0.32373151857082394,0.26775385489567344,0.22906907867699117,0.18679772712222456,0.14516681814121216,0.11570485739146483,0.09956496354042618,0.08585878429843215,0.07868547729874596,0.06318601038870976,0.05229793558038926,0.048198906917327956,0.042178460644681504,0.03141849428287033,0.0215551932501139,0.014766162737606461,0.014894247734988155,0.018993290076707244,0.021555183479644052,0.022836131158159443,0.018993292030801214,0.01988994758938611,0.01784042739557355,0.01335711736009858,0.005543329193302323,-0.003167114776340575,-0.009443753271569313,-0.011237099562430547,-0.01354279072805348,-0.01674516383252989
0.045359946207799685,0.055388909825589104,0.06917868579478319,0.0785807931693204,0.0845354541610583,0.08500560829600144,0.09597475587763564,0.10036242447229252,0.10459335271062756,0.11101813915129902,0.12418115449727282,0.127785293426378,0.11728626173167418,0.08578910927554355,0.018407163259384594,-0.08626989170583303,-0.2702388170768865,-0.5571614865831456,-0.8574015404149087,-1.0,-0.8865478265762916,-0.6231333419173493,-0.363476762760841,-0.1922007272868278,-0.08015848079577012,-0.004784756539483878,0.0591496887099826,0.11148831241024854,0.14831326961486488,0.17369905897094853,0.18889916347692734,0.2095839373937552,0.22556757156528567,0.22431401207083235,0.2185159575673716,0.21350145185346892,0.20503955712878605,0.1838847342590502,0.16116290943023012,0.15003708842629646,0.13859775802370952,0.1243378279195723,0.11258520804440558,0.1016160317767618,0.09910879804381684,0.08813959309016349,0.07779725394176552,0.0660446245045956,0.055702275794194456,0.049904288224756045,0.04300938589715421,0.030159801063307307,0.028279404449608164,0.036741306345793416,0.04144238871907159,0.03533099215201347,0.01558651694306872,0.00038641198887100203
0.03617819660202465,0.04870517049337759,0.06927575640935393,0.08430812668823735,0.08760468754243884,0.08800032408829589,0.0936703984582591,0.10698854486258254,0.11160368499918748,0.11740567040296766,0.11555965618908302,0.09960420638656188,0.08945073394152143,0.07072620649407692,0.031035510897320553,-0.06865275075800278,-0.25827191692428564,-0.5498215165035254,-0.8578518846400021,-1.0,-0.8951687549268915,-0.6340812060815693,-0.3774762828665733,-0.20499917038100215,-0.08263021094242641,0.0062453346414299525,0.07784678727285954,0.12333949442386942,0.16026121094287113,0.1861063111227988,0.20140242300632127,0.2068087799105439,0.2199951842533396,0.23225846884100015,0.22935752039375726,0.21551186664125727,0.1952048895659784,0.183205282212561,0.16777743631381029,0.1441737937824366,0.12597675759056967,0.1233395748868643,0.12004291747706895,0.11305420750060587,0.10540620788294104,0.09604392002032032,0.08140712996319752,0.07046250109778555,0.06123214438473053,0.05318848810545994,0.0458041415831398,0.03710122583629056,0.02536544457365683,0.018904169528674918,0.02536544457365683,0.023914937159049986,0.00941004330037948,-0.006677219220236756
0.05420941361739955,0.06920097402754906,0.08040821605146066,0.0882678705478911,0.08739453317035792,0.08273697954299924,0.07735169509578353,0.07822497474404014,0.08433802553682154,0.09088774945908314,0.08142706673168473,0.07342185452542756,0.04751417195173349,0.005013912948884304,-0.06441289929109414,-0.15669085205570002,-0.31039114312266036,-0.5722346932875589,-0.8681334719841742,-1.0,-0.841207471615886,-0.4728244171821572,-0.12306912598396523,0.10034844994933587,0.2167876902975252,0.25695948666718105,0.2589971880276292,0.24400551659964012,0.23279816799860253,0.21402238689791395,0.1916077074586931,0.16613671577733352,0.14648749960341292,0.13280585644529153,0.11737773392350143,0.10165835387922323,0.085065805204528,0.07647838880324544,0.07458624959333761,0.07982602073786244,0.0820092798081373,0.0715297508412284,0.0579936698336473,0.05493716664082451,0.0574115189271849,0.05508271546922407,0.05013405530363911,0.0431477248626011,0.03383259540431583,0.03223155607156391,0.03485142832168557,0.03834462018648607,0.029175046217670742,0.016366717123336205,0.012145805540462622,0.016366726004763372,0.015784527360629956,0.011272514790422069
0.04734231255141349,0.05206089738837822,0.06331287543947699,0.0702092635515747,0.08708722232259038,0.10868372717095266,0.12447282306402,0.1368137636606566,0.15677700464608202,0.1760144108740526,0.1760143444289929,0.1469768899079836,0.13173212301775683,0.12229504193724022,0.08055382357136805,-0.024525223213416374,-0.21889455865230445,-0.5305031952070683,-0.85953284046829,-1.0,-0.8720548106299468,-0.5677075559741223,-0.29185118985279146,-0.11236334955175127,-0.018899248030587755,0.03681624123991754,0.07474634817101343,0.09906511818746855,0.12538029646620844,0.14026199647632356,0.1458879661220639,0.14842872553554243,0.16040668784548026,0.166032701787927,0.15877324679571764,0.1578659062836485,0.15405468410710613,0.1398989960412716,0.12683224283553335,0.11666908336567652,0.10723190261757044,0.10741338622383152,0.10124294361095475,0.07928340510501065,0.05750538619640161,0.04734230147723688,0.049338626683197086,0.037905153951660636,0.032279159389022954,0.0400829350784404,0.04280519747798908,0.03953850087092207,0.02574575094789609,0.019393815730989736,0.014493753949573288,0.018123429795026125,0.019938264473364865,0.025201293207752464
0.04007819674688113,0.04413586863889575,0.055523596484405545,0.07240885032075238,0.08248758540467335,0.08458189395179383,0.08654532518739637,0.09322086678902726,0.09610053505096129,0.09858751546834638,0.10487033727685967,0.10840447995494716,0.10840452787780014,0.10094364253564003,0.07136169604719216,-0.015551481667647665,-0.21163001117582686,-0.5427913820697106,-0.8672743998879212,-1.0,-0.8738183613095236,-0.601561988166395,-0.33794239938354653,-0.15037171380610462,-0.03243668358757043,0.04596839460798279,0.10343059100445647,0.15290826901199475,0.1896895059624102,0.21586821104571502,0.2195332390224626,0.21665360270909723,0.21023981573050218,0.20225522945085841,0.1972813165389412,0.18929682610500342,0.18013423220170796,0.1649505152029399,0.14636360472188178,0.12777679008652965,0.10932077289127379,0.09138840072350646,0.08301122244501971,0.0856290402382119,0.08929408418924381,0.08471282717330691,0.06861292107106037,0.04688463562788536,0.028690468901371335,0.024894571600247987,0.029999403756179467,0.030522992873672834,0.02214580461125838,0.01691006818720416,0.007878427972473583,0.006045924467223882,0.002511804502571922,-0.005080011315521154
0.034516342582863783,0.047252711759987964,0.06698514357900774,0.08330918210628091,0.09604557591224447,0.11380475880263308,0.1308464926556609,0.12905259367195024,0.11828942963885386,0.12420916274205882,0.1403538595340246,0.14824687714085094,0.13712486544487726,0.1118315071374642,0.06411495610467209,-0.03167693615649758,-0.2062193371026359,-0.503821009249622,-0.8392720628364989,-1.0,-0.8591832863467466,-0.5215805259976112,-0.22326111474026705,-0.04871859885954495,0.05388999515244897,0.11272843473701787,0.13927759019916355,0.14286525681277484,0.14519726857161433,0.1430446861172889,0.13533109781497665,0.1249266938755509,0.1225946821167114,0.12241525281219733,0.11344594397820827,0.11093453575330721,0.11129332868543033,0.10609118691954707,0.0955074248255877,0.08510310298229323,0.06572944493963262,0.057657080124423485,0.05030226012539497,0.0456382448173291,0.04061544889155978,0.05084043036781571,0.05496631648152648,0.054069372462746575,0.04904657243217069,0.048329030352527766,0.04510009099413462,0.03953913714036425,0.03989790954845457,0.0390009764758255,0.040615450259828635,0.03631019641370224,0.03164616468641011,0.03379880460802743
0.08418801926534433,0.10436460287810692,0.12574828296246837,0.14971876295117473,0.16041057668613098,0.1579962258995865,0.1569615417156738,0.15420240844531613,0.15903102583528683,0.1654116537167919,0.16541162214812255,0.167480937901499,0.17351669911607262,0.16282482224377764,0.12505843387681778,0.031418555101236166,-0.1736237012257425,-0.5117978944369227,-0.8580745865080557,-1.0,-0.8854944592454719,-0.6185444034540881,-0.3567653798862867,-0.18414311845734724,-0.09809084030870452,-0.05601317138228542,-0.01841924791746066,0.009172624084217684,0.03883387037284692,0.07263388365043505,0.09194819799769356,0.10350229415176614,0.11350433772274522,0.13178397051681348,0.1429931105593914,0.12695542678707125,0.1081584203323773,0.10350227310598657,0.10884822206502384,0.11488392014225873,0.11057275533458712,0.10505436251919432,0.08953393139426735,0.07677267036981231,0.07263389943476974,0.06935736619656188,0.07228900382989135,0.06952982846797452,0.06504614351299645,0.05607877623376273,0.06556348823567525,0.0734961502852167,0.07694512474905761,0.06952982057580719,0.059182873507782396,0.04590428222962202,0.03503998419095263,0.03797161952239996
0.03152817180132961,0.025630574945371357,0.033555464218949296,0.061200447724060074,0.09031990494816487,0.10285228210089595,0.09769193616198273,0.08792395895692665,0.07760316024173532,0.06654514434761419,0.05696159092644867,0.043139048566720434,0.023603269875958455,-0.0007243491357910372,-0.044956380028476434,-0.1282599925519561,-0.29228770252270586,-0.5703977789782883,-0.8687799642722828,-1.0,-0.8691476647441461,-0.5702134339166666,-0.2904447692242559,-0.10669690598027161,-0.0027516629911714476,0.05604007367005083,0.08644965955152797,0.10672266244999377,0.11667487787930662,0.11943941277944255,0.13031303862778834,0.14542574619451376,0.1610911403189135,0.18210134915027068,0.19924121137064524,0.1986884235986252,0.17859978263083873,0.16827888832432092,0.15998531736202842,0.15242903667791538,0.13842226452845915,0.14008096522567157,0.1504017695638821,0.15629934955078273,0.14450415583886625,0.12883862676200558,0.11298887632994573,0.10414241638128749,0.10358947116472972,0.0925314833857046,0.08773968699455463,0.09068852759517779,0.08700249793072086,0.06967828502570539,0.05530289022923626,0.04774657299549839,0.0405588446706582,0.03410834477078621
0.030369356096202327,0.03455445509315413,0.03924172643765915,0.04710967802520146,0.04895114773428076,0.046607492908888236,0.039911371287794185,0.04242243987947248,0.05380589158136761,0.05514511488408561,0.03756771135489766,0.018651097291751698,0.004254398904683059,-0.021693168781194476,-0.06270704650549964,-0.1465762665556853,-0.3133108573888387,-0.5997396207160811,-0.890518731224863,-1.0,-0.851848143139414,-0.5444960401941027,-0.2455121331011249,-0.027719701734697542,0.12913748454885188,0.2382849064321863,0.3024004665715652,0.33487675551944907,0.35379349982394714,0.3529563186274302,0.3454231588199314,0.32232167304376186,0.28666479834166486,0.2531838633559383,0.23326286118390183,0.22288380014464917,0.20932398991105516,0.18287414708910632,0.15123482482257117,0.12193919313395661,0.09883741112255477,0.08125997694834279,0.0633478378216554,0.04895114773428076,0.03187597273519008,0.025514648001643523,0.022166582083592495,0.015805234366277916,0.0071002535304628325,-0.0019395379193167595,-0.011146731643498104,-0.015499230999537655,-0.022697583704480977,-0.02972852392001454,-0.0347506381196031,-0.03424842491201784,-0.03374621681193659,-0.04613408982149823
0.05648538356457904,0.0693228169664721,0.08615026710051879,0.10939643658194168,0.11945822573072984,0.12084606638229003,0.12049909828011095,0.12882605750372242,0.13611218652082763,0.13628570762193265,0.13333658990345693,0.13455094121106823,0.13420398369460784,0.12032563010759947,0.08059890978713737,-0.007701751687730132,-0.19731425144055617,-0.5199862237493201,-0.8554938457663745,-1.0,-0.8634741227022121,-0.5522535268373836,-0.265665326783435,-0.09305330602984063,-0.004232181815985782,0.034627065320435066,0.05561799506628747,0.07452719559195572,0.1080086276875376,0.1310812813607148,0.14374525188295575,0.14374523071151835,0.14548005005097633,0.144265772843396,0.13229564325404483,0.119458183387855,0.1111311924070874,0.10124288730938877,0.09534463599385924,0.09812031729697963,0.0955181306306675,0.09326288560223767,0.0852828680165085,0.07539456291880987,0.0549240720940777,0.04052533780740201,0.04278057754297248,0.04971972257932053,0.05301582957141276,0.05024015091472205,0.05405670212079387,0.046423634112236045,0.037923160403593746,0.034627057381146034,0.04330098999979594,0.053883204837555945,0.06168973572576589,0.061516283431832484
0.033585913426197815,0.05324006472790611,0.07780772483971364,0.10237540429507305,0.10998347471920161,0.12266357919704796,0.1388307167586012,0.15372987482205286,0.16260590540073114,0.16466638054795021,0.17306682088810896,0.17528589381726614,0.17861455156988168,0.16244739466477653,0.11093442307361803,0.0026781938216351546,-0.19798447985101267,-0.5118179216298807,-0.8486316771448789,-1.0,-0.8744675440415227,-0.577437633009581,-0.30243704867224913,-0.13696138637847768,-0.049785641495900236,-0.0017598347663959103,0.040242962957590375,0.07574717715417498,0.09999785931706501,0.1194935482416984,0.1408912402647,0.1542052232661738,0.16022835075094716,0.15515635538433314,0.14231777885763597,0.13106421297272558,0.12361452755146438,0.11949359660057812,0.11553096360657572,0.11537253024482864,0.12076158577045568,0.12139555134006662,0.11505555713179912,0.10253393437457957,0.08161173587233805,0.056727073632173164,0.039450440711089066,0.0299403816962562,0.03073288943509359,0.02930637018570952,0.029147878793306783,0.021539827712730112,0.023917335212606368,0.026294864473978503,0.022490831679858207,0.022649335161980876,0.013614766040992127,-0.0017598359753679034
0.06421752316296091,0.06421753235848919,0.07928715031860323,0.10324788779534023,0.12615381082027263,0.14137406532698688,0.14996377381748513,0.16322503136942626,0.1718146938822831,0.16684171540365897,0.14951162049618494,0.11861896735698453,0.08154761347267077,0.03272196980952067,-0.030871876189854628,-0.14223649622740572,-0.3223192853452344,-0.5946290759780412,-0.8761282155008091,-1.0,-0.8589489088661519,-0.5278701659250928,-0.1967888850182271,0.029708043458839376,0.15900553447847246,0.20843400938940024,0.21431118416428532,0.21762655832320446,0.22455857053871486,0.20722854919546713,0.16985564175434026,0.1374559058979315,0.11952307169796264,0.11560501341971839,0.11304318521716758,0.10324789699086852,0.08847961189488875,0.08154755370173691,0.07823225310704407,0.0713002454892978,0.05698410911685408,0.05623061373589133,0.06497100015286708,0.06286126090291846,0.05231248649118494,0.03965401880714422,0.03874983630417569,0.039955409143330275,0.04146237231867092,0.034379638497923665,0.03347545139719099,0.033324768872949356,0.03166710248342843,0.023680197654123002,0.016597469005860406,0.0034868853573531543,-0.016555730621882626,-0.015350164679374253
0.03379299490878234,0.05498399952590592,0.08074205897640252,0.105952055516173,0.12641240944644372,0.1231241490282128,0.1262296948703473,0.12294145674661655,0.11965316288663537,0.10467326528124969,0.08512640062708539,0.0690504385101229,0.05005162283262213,0.027399146846229083,-0.02813593610928579,-0.10340061362253021,-0.25776661803504103,-0.5306935481237179,-0.8562314187065807,-1.0,-0.849837712771466,-0.5038391984298304,-0.1899917165421132,0.006938857012646332,0.11051908387482706,0.15856425564961812,0.1773804682235233,0.17847649929334986,0.17920729071423502,0.17244811103792715,0.17080395853431152,0.16769827892517603,0.1569201031460025,0.14723805876190627,0.15271839246704041,0.15016090117519448,0.14047880105484783,0.1355463881330013,0.13499843390796346,0.1222107322092319,0.11143248954655788,0.09535653857684546,0.07818451194830615,0.05936835511065139,0.04475385321570829,0.044571172081362125,0.04110022216834747,0.04219633126892461,0.03762928618939542,0.02027458887705691,0.005842770206569356,-0.004022013834935955,0.007304217191229268,0.012784652179580955,0.005477392610408167,-0.0063968630078110305,0.00967907507289347,0.0219187128158442
0.05225257656122326,0.06449960820228218,0.08634569889740962,0.10984683999568662,0.12623134868609412,0.13152731405784113,0.12242481708452378,0.1123292767407687,0.10107525312405675,0.09561371656431067,0.0954482160684931,0.08584914691554152,0.06003106451855846,0.025110482623537312,-0.03595922053091357,-0.13095654300101245,-0.2906651172990725,-0.5594391343727813,-0.8573389765605743,-1.0,-0.8584972780536358,-0.5225323218278008,-0.18441343542439947,0.041495029184756345,0.16528950609457382,0.21924287980764745,0.23562738849805495,0.23893749940323716,0.23711687276264698,0.23628935008579297,0.22073232367670717,0.19193505562455399,0.1666135100611144,0.15188396593335035,0.1369889314086518,0.12474183412485289,0.12523836590895482,0.12143183430738448,0.10421977264347373,0.08982120930957867,0.07509161973684075,0.061851575021993316,0.04099854284562824,0.03305451147222239,0.040171040366540366,0.05026655041364622,0.04761854248056504,0.033220014492760734,0.015014953641025694,-0.0005421021179390289,-0.00319011162897069,-0.011961644850284215,-0.015271650979554538,-0.006334619787144208,0.006574417624266164,0.00707092668588119,-0.0010385982403601172,-0.008982628982585773
0.034436474028652235,0.03828964111332514,0.04461980654366921,0.0615461872299208,0.09250914099113357,0.11081167152274571,0.11260061383937778,0.11824274213432395,0.13035269283001957,0.14012323287376502,0.1291141684656624,0.11535288833857729,0.10599517855338576,0.10104112308182639,0.07723408553768453,-0.007397856730502531,-0.20762498997882128,-0.5380349885545309,-0.8673405740296256,-1.0,-0.865551908819731,-0.5820711790095504,-0.3138624900674027,-0.12436893409466489,0.007877175368306698,0.0885183589219246,0.13035271802154114,0.15278369389064803,0.1775540468230096,0.20782899913681338,0.2376910456174985,0.2464983878334583,0.23480114143870867,0.22296638292480278,0.21250783723506142,0.20548963047073251,0.18608611288544105,0.16076527482341366,0.13571960375165443,0.11205017069558129,0.0907202154688492,0.07159198243425995,0.06333515893666139,0.05920678917373143,0.05659214855270916,0.05466557235789984,0.038289649510499,0.013932140482098858,3.324117189077212e-05,0.001409371336375084,-0.0005172045960225566,-0.003544691745123092,-0.006159346011552888,-0.011526247486367151,-0.017581211288100897,-0.019783027948449657,-0.012902376338793046,-0.0032694696484014776
0.0398568015671866,0.056516010660634046,0.08374394371117637,0.11580844901641597,0.13891643842296003,0.1451860301578157,0.14267809508818807,0.14214075616407326,0.14500693175728638,0.15306784634701825,0.1536052399242916,0.14733559353627737,0.13658771106017878,0.12297374043592073,0.10004486582585358,0.01603234008000542,-0.17133903826071323,-0.4778340169261195,-0.8343052647408783,-1.0,-0.862070031173819,-0.5462621761547855,-0.2571430324608678,-0.08177335460343556,0.013882771150832338,0.052754241956431004,0.05562035196585388,0.05830731438690475,0.08428136461502898,0.10237353853547627,0.10721016817599004,0.11401710430027638,0.12422764785226016,0.12763106399390273,0.11706236736338711,0.10076141245681479,0.10237360958458237,0.11795804518677278,0.11921190888058537,0.1020152980118908,0.08589356174279658,0.07299606670039363,0.06744301066586746,0.06995084189449387,0.061889935502735784,0.050067265872090504,0.04057332906954232,0.046305529959782585,0.05526207591771535,0.05275424742174686,0.06153166218725518,0.05418731062443208,0.04576811452124582,0.03466199015523279,0.031437625958934796,0.021048017139899056,0.015853213669732344,0.023914113144450057
0.03461088363209883,0.05104178096119236,0.06800847351421763,0.07943864993031395,0.09229759363054284,0.11033588208043671,0.1253379848803721,0.11944435184623033,0.113014885445121,0.11122886503864776,0.11926572256055742,0.11658675188990382,0.09765550227781936,0.07015161081790369,0.026931235640488917,-0.0684393715414767,-0.2438216604545359,-0.5401146483621281,-0.855872942873105,-1.0,-0.8587305755234621,-0.5365429780815294,-0.2498940753464938,-0.07772638340886137,0.01675122310562657,0.07568813240383777,0.11015729638680473,0.13837559056030457,0.16855850173191986,0.20017009845259098,0.2141006543967038,0.22374497932548543,0.21606528229282948,0.20052733522791633,0.18445360928608676,0.16570085818355243,0.13855408906985472,0.12426645982057,0.12194463874115989,0.11337200234233381,0.09444070913820843,0.07872425266573488,0.07318778012084683,0.06961585373700775,0.060150212583950174,0.04568388321192606,0.029610184515122064,0.027109834956633685,0.03175335723734137,0.03800422977131104,0.036218272028396614,0.027288428823773338,0.011036132173075855,-0.0023586087944616847,0.005142445436434451,0.01514386467885691,0.02068035084625774,0.02193052698775321
0.06552443980632168,0.0742860906259656,0.08483583890511033,0.09377629346966333,0.10665054498754421,0.11487585549385482,0.12256465111109337,0.11916721083757431,0.11469700264951924,0.1073657817891478,0.0953855599067959,0.07714700509942893,0.051040875479627636,0.04138517865797923,0.021894977178154466,-0.05392012788344453,-0.228438256626197,-0.5297330249758134,-0.8553444479740419,-1.0,-0.8544500091766252,-0.5383160848147299,-0.24739214097852874,-0.07984745103059085,0.0081266632917936,0.05640517058587595,0.08125967126356791,0.10235913508890636,0.13955151423819487,0.15975699752743086,0.15904173890385992,0.15153173066505493,0.15314102437964666,0.15779007450105365,0.14741912996681797,0.13043219046283078,0.11970363843877699,0.13329318131317983,0.13579651011879237,0.1189884016371734,0.09538553808482855,0.08894846142531462,0.08841200109116092,0.08054442355098065,0.07196156010977027,0.06677614239757079,0.05819326804537675,0.053544231562699364,0.05890848848050483,0.06838535973527685,0.06623965478595792,0.05747802578828133,0.06033895662822017,0.06033895662822017,0.056405159674892284,0.0469282611426611,0.03798781748909178,0.025471158458426478
0.04781200710937078,0.055418313880609756,0.06319366264125971,0.07282830567969335,0.07587085004800728,0.0724902474863694,0.07401151967052637,0.07942047654920753,0.08127974504149317,0.07739210160376582,0.07468763605717427,0.06386974808530997,0.04493849441626862,0.01552743288636025,-0.03213879686853921,-0.11242765646122334,-0.2806122058634405,-0.5608637270896936,-0.8662984383651448,-1.0,-0.8539594380792113,-0.508633488680363,-0.1611082013270589,0.061503330417843144,0.18438760230438833,0.24777371983661234,0.2682262199043126,0.27025461032105313,0.26332449987150597,0.26061999306811756,0.24473129923868894,0.23239211329716966,0.21616523750402658,0.1904727116694146,0.15717387648501385,0.13976384858623303,0.12286098017683258,0.11474763510805394,0.0981826908073877,0.08330805810173961,0.07536372665832412,0.062348491372451825,0.045952671574790264,0.028711698558169428,0.02364083339395965,0.030063949381313827,0.03141617699751,0.03175423519083395,0.03124714532229823,0.02921880131945416,0.022288598042114065,0.0030192721588842165,-0.013376569717610032,-0.01963063855845362,-0.015235869152493312,-0.008981774526151698,-0.014221701018895982,-0.022166062115634197
0.05511451880322118,0.06906457602142614,0.07754770617762041,0.0732118696549049,0.08489975729770058,0.10299706213666002,0.11600458895957817,0.1175126790034889,0.11600468098502668,0.10544777460130607,0.09300584768814557,0.07585112500878771,0.07622810150704112,0.06755647447433435,0.02664888210352579,-0.0766568532127789,-0.25348362600041896,-0.5445506410339104,-0.8657792268819953,-1.0,-0.8233636853812439,-0.4572684602111962,-0.1375471476811667,0.04851651558089164,0.15125685804469785,0.21195845433090446,0.23326050515328428,0.219499065594993,0.19913944739086095,0.18801715965782292,0.16878867225411978,0.1405115065487795,0.1246762965145524,0.12052898562630206,0.12901212153408687,0.13768377157315578,0.12429922223925993,0.09960381927672717,0.07528555385698273,0.06623688130693614,0.06076996574810651,0.04587730336393782,0.0381482441118563,0.037017176578923255,0.03041915753971976,0.022313062116633052,0.01665762811282642,0.01364140416912716,0.016280606320797555,0.016469115419439944,0.022690092536047715,0.02400968570344593,0.027968488212002703,0.029476595510685027,0.0277799525122541,0.017600202363991034,0.011756263125891899,0.004404216049898829
0.06366874379814488,0.0620536069892519,0.06205356318611044,0.06187411814172503,0.06905259886583369,0.09345928220696509,0.10153509766085439,0.10368863530761577,0.10404762395345485,0.0984842417104904,0.09094687089761096,0.09220304096223558,0.09094683804525486,0.07623101936062283,0.03531380133446032,-0.04167517227495528,-0.21395851801481913,-0.5174291131271416,-0.851586371316282,-1.0,-0.8535605789019043,-0.5285558119083582,-0.24482604426272733,-0.0702095515699362,0.027417493891972258,0.07946130940458686,0.1124822583160101,0.1349149749887972,0.16291097534748047,0.17098676342440638,0.1690127310513499,0.1668591715030178,0.17547324543456574,0.17995979314943733,0.17439664087296555,0.16685920435537388,0.14747735458373612,0.12612136293118825,0.11643041066840595,0.10494483274920381,0.09686906657384864,0.08556302130531482,0.07982027614885522,0.08107646263965788,0.07587212927185204,0.07784612879255241,0.071744493547322,0.05900273461270986,0.04841449142328838,0.04769664554103459,0.04428688307572175,0.03872356653746949,0.034954867442548054,0.027776422308491838,0.017188187332159374,0.007317799949140917,0.005702652531674609,0.0006777272493535489
0.06888382105214381,0.07519405515291819,0.10008447647432231,0.13128506772114787,0.15459787703789765,0.15880473185942368,0.16336204828318235,0.15933050982990982,0.151618076355764,0.14811232656886975,0.14565835733668298,0.12392307445745036,0.08658751199864317,0.04048775289180743,-0.026646127906195326,-0.12235142532046443,-0.27677759313363365,-0.5512736963640438,-0.8587216399591198,-1.0,-0.8599485871395907,-0.5454893578885692,-0.2580219398022603,-0.08431472573934898,0.0008734907745388304,0.04820025990021182,0.07940086184292955,0.10902395339196837,0.12690287513958404,0.14039990379061607,0.14390555731448093,0.12900635068186173,0.11866457812781483,0.12006685237243137,0.13146037339350924,0.14302908243213483,0.14828766432890758,0.142503325853433,0.13163560419462556,0.11778814602903735,0.10288899287587891,0.0909695762295012,0.08553583840285724,0.0930730785115093,0.09394943573904171,0.08430878961141093,0.07554462906201839,0.06678040968521903,0.061171296662914695,0.06011960167534445,0.06239829999681934,0.06204770736990787,0.050478942177848485,0.03593036293379023,0.012968117498741789,-0.002807468421687402,-0.001054645670714527,0.01016356232457614
0.07583055619302809,0.08475493139559907,0.08615487212153242,0.1048786615600556,0.12780219843143703,0.1370764974178606,0.13900142525913667,0.1474008774134579,0.14950086858622408,0.16262494851025802,0.17172444043356327,0.16734966170276136,0.1503756940626288,0.12482730703732434,0.07530557975553419,-0.023213023835275914,-0.22270037821672684,-0.5464308650085138,-0.8706839043661114,-1.0,-0.8650843550193545,-0.5774038448275733,-0.31194496311464504,-0.13888059966954014,-0.035637258861066876,0.023158960275791257,0.059206656487707274,0.08772976406154323,0.11222815016154018,0.1290270971815779,0.13742657069159675,0.14040137666291885,0.1426761855766522,0.14792585385095178,0.1533505747788927,0.1533505427453462,0.1369015728984052,0.11467801172891486,0.10575352974785561,0.09787908072565037,0.09262946050167051,0.09612919486016679,0.08930465600155404,0.07338068928672901,0.06550621890882612,0.06585619608192284,0.06550618687527963,0.05430691199726028,0.050107183250637476,0.046432428272046355,0.03645808417771433,0.03330829228930608,0.03418323655677898,0.031208429250725783,0.029808521893070018,0.027708652180834202,0.026658719326812946,0.02718368375172692
0.06559425880874487,0.06271766883980431,0.07062828782607518,0.09346117733634765,0.11647385869073662,0.12402487479020675,0.12204724678450123,0.11485573757899319,0.12815996104286975,0.14254288071839466,0.15422900501174805,0.1545885667587608,0.14362157693004302,0.11773229737875589,0.06883040778204563,-0.023939361592612302,-0.19365791743607197,-0.49516108928338526,-0.8396315333538916,-1.0,-0.8597678688354154,-0.5438833241686056,-0.2664717438142272,-0.10412412424760525,-0.014590479162375294,0.03556991768866754,0.055706020044726086,0.06631339327338048,0.0864494928867865,0.10532704410607195,0.10748451880894462,0.10137176066813558,0.09705684417422063,0.09741638398001311,0.11036106215279212,0.12780037735463676,0.13427270821306866,0.1229460688724571,0.11809187009637875,0.10946214681465015,0.11395678384371576,0.11215892025560141,0.10892276031169051,0.10047284532999361,0.0869888355073056,0.07494315495224455,0.06613360691456904,0.06685274686450972,0.058942152562111653,0.0477953983158027,0.04240179658084953,0.04959324544800185,0.05516662805646139,0.05318897810953561,0.04168265114560379,0.03898584479282213,0.03808692945468015,0.029816748035733427
0.05853711255438992,0.06786487094701095,0.08718674439783487,0.09818019879748581,0.11017306368655742,0.11450384078004769,0.11167224294566401,0.11033973289442209,0.12199938133571746,0.13599108753162262,0.13549131367993866,0.13399228688077341,0.12000068232482916,0.08602077142250847,0.03588391315548078,-0.050731252646469174,-0.22912553967724716,-0.5394421790174903,-0.8630821909908174,-1.0,-0.8704108387307086,-0.5830831257441847,-0.2962525338063658,-0.10386640336573544,0.0059017455331788135,0.0703634251215519,0.1113390773178682,0.13615770591950682,0.1491499457240128,0.15414691177714945,0.16047650984948106,0.16397444910345246,0.16613987830618196,0.17263599312643693,0.16947119917226913,0.16097618206120412,0.15464663480885293,0.1536472395654264,0.1423206246199777,0.13832299282629107,0.13599106720363044,0.1276626989724379,0.11650263126690079,0.11167221245367574,0.10417660075003335,0.09584822235484473,0.08735328147375038,0.06886428143643164,0.0402146622979818,0.021059396435796254,0.01806118148402786,0.006734580831698653,-0.012087566728797867,-0.026745502540333754,-0.028577748328274276,-0.026412382650520344,-0.023913864049965712,-0.017917446851424036
0.06148432946208337,0.0698918114334324,0.07417794587219148,0.07978292379376134,0.09610329062370879,0.10236770789051064,0.10071917491307236,0.10286225470661378,0.11061028224373656,0.12000690311427462,0.12874410475823964,0.13500847172839403,0.13467873696678376,0.11275339221526648,0.06527593217373356,-0.026052282756475677,-0.20195003522487984,-0.5051145466286475,-0.8392694580948917,-1.0,-0.8803176385184823,-0.5809469629975134,-0.3028400200676582,-0.1407895533018181,-0.050450421944485645,0.0004889613733994515,0.036261921270521885,0.05340654955952372,0.07796955864317118,0.10517022702928407,0.12923873204897876,0.1381406954507892,0.14160260363814714,0.13467879732276075,0.128249547882807,0.12495247186860095,0.13632731018154004,0.14143784188030173,0.1358327734247664,0.12511739457571833,0.1102806078381033,0.10995088313582255,0.11670985727805705,0.11572078376450977,0.10813751798523238,0.09231171306038233,0.08291512739749753,0.06774871655089673,0.06428682848219779,0.06461651294716056,0.07022148583906566,0.07170516652469307,0.068408130747805,0.06544078446554444,0.06412195607172792,0.059670954252163705,0.0524174307789937,0.03972381436888558
0.05018746650461288,0.05492717724883884,0.059328341652441614,0.06626867849778241,0.07930286496821591,0.07540954848098604,0.0747324299766141,0.07253182453399971,0.07117762367763163,0.07608664632685752,0.07287038120387312,0.06846918581251969,0.06068253734418459,0.046801920464379226,0.007191388378730485,-0.06390441142256427,-0.2201464010755392,-0.5184114753923161,-0.8610250615825831,-1.0,-0.8368188355423342,-0.502499595962647,-0.20643494116198047,-0.021077671831780012,0.09064436105253437,0.15361508047359596,0.1862852594130559,0.19999657471711155,0.2045670200379636,0.20812191413557293,0.20778340394732553,0.20388995834446788,0.19187137990815326,0.18645457648268093,0.17121978973425814,0.14616683373638092,0.12314530039174595,0.10080088038685779,0.09673826232387821,0.10841832024269518,0.1109574978490583,0.09707684481687716,0.08116489824708156,0.06491445698291388,0.05340367998134617,0.045109173267387954,0.03072071621814737,0.014131691815402591,0.0098997954174863,0.017009381546747547,0.021749103911380005,0.023272590849622462,0.02919724219146769,0.02868940976897013,0.027673760417850347,0.0273352114949146,0.022426206921876603,0.009899801873267689
0.04275591004692344,0.04887178594607704,0.060084230277748334,0.08338279264961951,0.11483587251049167,0.15036620000895784,0.18647909808195418,0.20395314092613845,0.1994389031589704,0.17264550822734434,0.1451240155893832,0.1194956018673638,0.0992549174677743,0.06707377544266789,0.012176553875659106,-0.08494927950266462,-0.25852387372448116,-0.5545625437820983,-0.8674899493676066,-1.0,-0.8645774874580647,-0.5708717475850792,-0.31589705244327204,-0.15280647163959657,-0.04650671223278673,0.031106617754081353,0.08687754079688496,0.126339491060363,0.1583750526405133,0.1800719413382981,0.1863333754685948,0.18123688700580393,0.16842268014479422,0.1639085312328782,0.16201552340113815,0.1591032392021004,0.15109433325739371,0.13915376900557433,0.12648518701714678,0.11541832757319417,0.10697260920941754,0.09940057788245725,0.09488644674159165,0.0849845418506701,0.07435458368103952,0.0737721152900492,0.06488951786576355,0.04887177261778923,0.04231905764299005,0.042319066528515255,0.04246466474452177,0.03664003636915114,0.02804869091141106,0.020913513099074816,0.011885316903437321,0.005478211876314659,0.003148357957694276,-0.0070447664120713085
0.05198207719378965,0.05180338966570976,0.060023386695364105,0.07860771287206811,0.087721226596544,0.10594819407317556,0.1229243733873789,0.12310303638132779,0.11255994610380525,0.11095167384463504,0.1177421215813883,0.1066629441854951,0.09361815763847571,0.07985860462304943,0.050195114680525,-0.02878840923420204,-0.20265958481177312,-0.5032271146148094,-0.8454290429115511,-1.0,-0.8543640026826603,-0.5291380792351904,-0.25448166670935024,-0.08007410142579287,0.031968147203893446,0.09737081108330321,0.12649823298955887,0.14758426088778884,0.17831999866944756,0.19440264493274204,0.1890418064612101,0.17724788985705556,0.1697427138160992,0.1615226786222411,0.14972871840185367,0.13972169343458538,0.1322164628733379,0.12899999468340503,0.1154190774017821,0.09558377224163102,0.09308213594445437,0.09629863139453278,0.07717816903119612,0.05716425539738725,0.043404677847829976,0.04054555472789679,0.04554903177334173,0.052518145230058426,0.05287554209433464,0.04179641921873255,0.031253367105413786,0.022497269327316008,0.01123944018228396,0.005878566272562802,0.005163780381302214,0.007308132262303049,0.007308138906963527,0.018029881444752642
0.05320837198814773,0.05719778692516338,0.06743153974195921,0.09154155132955909,0.10923377451493402,0.11478428649058141,0.12276306873590523,0.13976157450475885,0.14461826322231275,0.1451385909752933,0.13958808958380312,0.12814013812722577,0.10177529885427632,0.08338922065833623,0.05581012982481918,-0.020856146830785096,-0.20298218277616145,-0.5091284645959229,-0.8397298650335254,-1.0,-0.8688703360318798,-0.5490229473670317,-0.2548449553409854,-0.08139133173815714,0.005335276979740376,0.046964063214799893,0.07055368619051522,0.08841940488100308,0.1090602895939783,0.1326500157652265,0.1513830002981347,0.1593618354642446,0.1657795391932118,0.1704628170789105,0.16612653020343768,0.16196372824892058,0.145312075896249,0.1303951245749336,0.11755954777048372,0.10819307667234404,0.09362296289097487,0.08477687246660183,0.07055369677467244,0.0617075481374347,0.0500862123093952,0.04939239698941962,0.050086214955434506,0.046617141001595926,0.043494978676804096,0.043668413323013036,0.042627694312108624,0.03204707881799318,0.027884198805316594,0.03204707484893422,0.0327408901689098,0.03291434598343317,0.030312535225975632,0.018344276523222337
0.0628710644332485,0.06541600163201589,0.07432324855083398,0.08159447154405901,0.08632076843080588,0.10086320332496666,0.11758708664542092,0.1326748517558235,0.13703761550093946,0.13231125760660173,0.13140236651800594,0.1343107869431026,0.12922099019159256,0.10322637117984629,0.05141888863487994,-0.04510654238661846,-0.22634188683160533,-0.5268262789069121,-0.8563934554201622,-1.0,-0.8682096718323947,-0.5640913570615131,-0.2886929092089971,-0.12363572963809909,-0.042743396716317335,0.007609806982560962,0.04887395143611256,0.08868388082423928,0.11504201633918257,0.13267481847895574,0.1439452166142196,0.15067110384505822,0.16157794110796805,0.16775844266111864,0.1721211509447884,0.1717576455338806,0.1615778856465218,0.15103455379451977,0.128130241020795,0.10740729348119439,0.09777290817923438,0.10377166811922033,0.10995219740309403,0.10613481933566608,0.09722760569371572,0.08123087184869263,0.07432321527396625,0.06941515458947624,0.06705200891917511,0.0497828758015761,0.03542221302437539,0.03178659875469057,0.022879357382017088,0.01469924260692819,0.02051621101844788,0.029605230747494143,0.036331106886043504,0.04469302081554752
0.04547850065825683,0.04854585527773725,0.06162238964279534,0.08115652590158424,0.08357812969018512,0.0780891663565809,0.07502182158814631,0.07954213158505519,0.07970356067310996,0.08648393208353786,0.112152871166223,0.12377645507937556,0.11538161054405195,0.05774786988094934,-0.006827728539839833,-0.08318835350702437,-0.23542565726969106,-0.5268242032801663,-0.8629388529579618,-1.0,-0.8417911006152646,-0.5248870542235089,-0.2300983298961041,-0.03427234018296951,0.09423309967082566,0.1691408757750148,0.20594917061296314,0.22742054951334484,0.23452382342958852,0.2411428790389887,0.24146579632137327,0.24130437708436434,0.23000359224104633,0.2077249398367949,0.17802003712764025,0.15606428230368172,0.13943602232108931,0.12329210870893621,0.10924694070927445,0.09100431103776754,0.07437608553383553,0.06355966676304854,0.05161317049303434,0.04547850558377975,0.03692224673697011,0.023361361075949768,0.006087395823564773,-0.0008544866002170252,0.00915473135664389,0.0222312983532913,0.02287703933312501,0.01545085182863894,0.01206063533890677,0.004634438599065235,-0.005536212101512003,-0.015222552757381408,-0.01861277540401722,-0.01958140534447872
0.062009657113832765,0.06396282568241096,0.07852310604185586,0.1030269013279992,0.11581155518285348,0.11900770239408956,0.12149360550448039,0.12451216731178895,0.12184868963245557,0.10924167535645377,0.09805506260226259,0.07834551522043583,0.05792569665030137,0.025253960121498383,-0.024286344677004072,-0.11413364281696207,-0.2705677691729122,-0.5394003242131874,-0.852444753780967,-1.0,-0.8339789055682998,-0.45434707894781623,-0.10347979710953849,0.12025050767698767,0.22128442398862935,0.2461433467426878,0.2273215909431864,0.19891132850006682,0.17227686592129765,0.15540826785538944,0.1536326738557538,0.15771666140674764,0.15185704735116318,0.12415701817390386,0.09184036983619542,0.06840195153630493,0.06662628710926687,0.07870062101838098,0.08704614901934128,0.08757881313375149,0.06928974853612277,0.055084638984532946,0.055439793539910534,0.053841741604262465,0.043543039617231466,0.02525395470400589,0.022235365809234874,0.03164624235461245,0.03573022177936757,0.03040330163440202,0.03359945155438435,0.031291123012936066,0.02241294037817742,0.007675140471198119,0.0012828489267688308,0.0009277157027679358,-0.004576760727102999,-0.010613935807898794
0.054238711851639594,0.0752477387248982,0.09625672356620098,0.1191600045922149,0.14912366119034445,0.1622112563526318,0.1694438736256865,0.181670465189063,0.19889096799482753,0.2064680266378046,0.19217495498271714,0.1723713468083194,0.1567006988173436,0.12070975432711413,0.054238722359628545,-0.0545948362482635,-0.24608701533120778,-0.5374590059682453,-0.8527661779085606,-1.0,-0.8620649915576245,-0.5252323303409572,-0.19718062806172393,-5.845453846624676e-06,0.08351353299587468,0.11141075153424904,0.11743793434645944,0.12380955852859223,0.12277636051469255,0.11829897997732614,0.11399382537891536,0.10934425042656014,0.10658902419886082,0.09298481952163466,0.08489117237969672,0.07490327633899792,0.06663747681402697,0.05871604773005296,0.04907258780528206,0.039773491754015,0.02703033599140208,0.03753482512830693,0.05200003997193705,0.05544414368548665,0.04700609457858489,0.046833902790593324,0.05045019566513725,0.05320549282176201,0.05544415682047284,0.052344455071887036,0.04683389490960161,0.03546836342557662,0.02186417976432838,0.016698034373618286,0.025308279537382117,0.03443514570919766,0.024102843434664553,0.010326449924818732
0.06698166060390096,0.06751188705455466,0.07033973809109997,0.08730677420954853,0.1086923946402138,0.11134349993162719,0.10833889236520791,0.11116680271783451,0.12088751133494159,0.12212465066529962,0.10922259412901238,0.09154857503003613,0.06927925822793743,0.03216380841381949,-0.014495663588354905,-0.10410308714658008,-0.27377425718671966,-0.5562067429150938,-0.8626736518231184,-1.0,-0.8610833768989843,-0.5413603807273059,-0.24867712709467282,-0.06857822771030131,0.01926174918134672,0.07829307014245325,0.12512927980120303,0.15782632055516263,0.18097924205838734,0.19900672568577227,0.20819728873779103,0.2094345143460855,0.20218815988288888,0.18486754060386903,0.17055156124549462,0.15641238694833343,0.13926850802207447,0.12654323497751632,0.1272501963885599,0.1254827605067248,0.10798542244442817,0.08978112836345899,0.07069319183476663,0.06380034503894692,0.060619002512137775,0.058498118279007055,0.05266569472645412,0.05231221132474682,0.056377223261134285,0.05460982512589638,0.047893678240054874,0.04082406952199018,0.03746600821190423,0.02862898383339579,0.017317604626930515,0.007420147062971226,0.002294665879651676,-0.005835391695442167
0.05954978686735212,0.05399800777698548,0.06476507878791588,0.07973810339956856,0.1002628763041961,0.11624527516598068,0.12869479229172276,0.12701245396778235,0.1273489975994702,0.1271807309165249,0.1083381885449665,0.09504755358624055,0.09521581000338857,0.08596284143084508,0.061736863645344794,-0.019689330627039058,-0.1995337591944521,-0.5186786507694511,-0.8554855796254947,-1.0,-0.8497665450332131,-0.518342096871966,-0.21921743993058893,-0.04307411871897461,0.04255795729355068,0.08276632367503828,0.10800180916603488,0.13071356132358108,0.14602309876952982,0.1576313338095318,0.16839839968756357,0.16570670764508577,0.1564537544712382,0.15090199077956745,0.15712674934243848,0.1448454373048581,0.122638300411797,0.10009466095023713,0.09454287159407322,0.1036276145468605,0.09773930722350191,0.07351333970379889,0.06341924816537288,0.06476508905371314,0.06392388909435115,0.05954977660155485,0.06190508926510102,0.06745686322256904,0.054166248795437605,0.0449132622577489,0.03397792456387321,0.02994026074414006,0.021360226731237934,0.011602544727523,0.004536637534276286,-0.0021928075120483752,-5.733300505016323e-06,0.010088422840262366
0.06555613474791673,0.07391617219864373,0.08993953524441585,0.11275547222619754,0.11867718291194453,0.11589051616072743,0.1202446889376056,0.12581803306777573,0.1362681157497932,0.13992564043740494,0.14689231262931565,0.15089811885061696,0.15246564613174984,0.1493306340804277,0.11223292770670018,0.006513362613472048,-0.20492608906199564,-0.527485547325251,-0.8554418761637982,-1.0,-0.8822639010018829,-0.6016808750508187,-0.3327654877192047,-0.15615914990843052,-0.04521436014574913,0.023233437182809315,0.0657302755147615,0.09673206135561382,0.12094130514366427,0.13417810771557842,0.14114486492937647,0.13888061516482572,0.13470062035186803,0.1376614544392697,0.1395772313708844,0.13121726300044084,0.12233470759955628,0.1251213743507734,0.12442459872867596,0.11589047364978376,0.10526620768997785,0.09777708662819304,0.09690621275019451,0.09046204256683749,0.07861866902015512,0.06207278005342352,0.04065019106038726,0.032464312975042875,0.029329296938319767,0.03229014829579229,0.03995351507331406,0.03908267706392425,0.037341003702078615,0.041346851105856584,0.05475772005046411,0.06364028076521663,0.05667357137623022,0.038211835069133476
0.036609701195624206,0.042810582628456266,0.060704504029518144,0.08037021510656657,0.09365773632349177,0.103047715389093,0.11190605565982296,0.12838270153659304,0.13104025226654822,0.13192613494235744,0.11970147509820933,0.10446501523775292,0.10180754018360962,0.11686676729258677,0.11987864298470696,0.049542948801828225,-0.1444560490755267,-0.4860368693801288,-0.8497627565763611,-1.0,-0.8502941305058908,-0.5356441370593907,-0.2714857804517237,-0.11965242604672602,-0.03939533562539533,0.01605822636189955,0.04883428266125286,0.0771811499062882,0.10322486165393008,0.11757546046023781,0.12873708055290936,0.1464539448784839,0.1615130855008189,0.15903284319815483,0.14928860944078537,0.14964290197045954,0.14857987302981324,0.13210328120719453,0.11810699655222151,0.11757543883857727,0.12289050786599688,0.12377633648765474,0.11757547127106809,0.10499647565392471,0.086571031674417,0.06779125192191401,0.05928717715378254,0.05113747329384471,0.04493659726642778,0.04298774781224632,0.03147183248719304,0.0265111235571368,0.01871573857827192,0.011451857765657584,0.009325843127686069,0.012160527453536636,0.025802456065207646,0.032712010395383996
0.03852767847328277,0.04745225950946154,0.05182345531629677,0.05382691936648032,0.05546613515944173,0.06402638180602328,0.0636621696688294,0.05765174139825049,0.0549197224858847,0.05528402909084479,0.05364479662710111,0.047634398919623025,0.04253460935211359,0.04034900311330484,0.020678563634808345,-0.04689310702888373,-0.20043222870849714,-0.5027756476010743,-0.8451872916811121,-1.0,-0.8541118949450005,-0.5379274812752484,-0.2623578499466269,-0.10972929195156277,-0.032140220461505276,0.0274175245398598,0.08424326729964135,0.13615152105297026,0.17130333249943464,0.19680214974918733,0.20991583163745925,0.20244818806089482,0.19206660288197264,0.18478130432188436,0.1654751603344931,0.15618631159184623,0.16310734244546637,0.15982891085954354,0.15636834542038666,0.15746121522292011,0.15017589443512216,0.14216194932354917,0.13305521220642666,0.13469445022709775,0.12613410355582258,0.10883134304316723,0.0911643926210277,0.08606460027505455,0.07622941109890714,0.05583040286590986,0.036342080569865154,0.023774837750555555,0.01630734490564749,0.01958575356924469,0.01776441642613592,0.020860691931114984,0.022682031852687468,0.01885722510246772
0.05051074508320996,0.051098228459913096,0.04639861237160395,0.04845467200619314,0.05844136515546851,0.05609156607293236,0.04111153531063773,0.02436913283239492,0.024369121630371887,0.038467974376108556,0.042286394524622885,0.025103441124979406,0.006892418700960717,0.005864388883666123,-0.006618966840993568,-0.07432283862816635,-0.25731444028092115,-0.5630846458854835,-0.872376373220118,-1.0,-0.8625368746534839,-0.5817363906218552,-0.3148850599809716,-0.13115885206181963,-0.022186448004036036,0.06490331039203831,0.14141893482982168,0.21675992409408054,0.2756521315865994,0.3095775748402653,0.3225014832366418,0.3217672757622646,0.31133993087338124,0.29298191214252883,0.2740365668632957,0.26287503242327204,0.254063180564745,0.23952374329153853,0.21485074090467865,0.1778411387465861,0.14391564172320961,0.11880209513616287,0.1094028002282156,0.09339472396579412,0.07753354655260601,0.06196603241360824,0.049188973577563806,0.03861481945563136,0.01864147796517275,0.007186163749919193,0.00894850746080979,0.00013672785533128327,-0.013668394964178,-0.03085137860928367,-0.03834138726921717,-0.04685946159291896,-0.054643236585654696,-0.05669923796972412
0.06049330965712833,0.0458510506928836,0.04513678884290697,0.04620816254982359,0.049600888631167704,0.057993401354230846,0.05870765230817986,0.054957789853833636,0.05406499659144914,0.05102939598707954,0.042993997844963286,0.03906560125420228,0.03656570112332551,0.012102405736064383,-0.03396711584649614,-0.1194993853577096,-0.2703865188015428,-0.537519415570178,-0.8485778171203238,-1.0,-0.8508990196743716,-0.533233964326622,-0.25770842408259226,-0.08182233291410176,0.02567329099339249,0.10013453451805109,0.1378115924096727,0.1635248773604723,0.1899523206489862,0.21423714727599824,0.22673661251829239,0.23637924828123225,0.2283438637591505,0.21477290495363602,0.21513007673872786,0.22673678685473417,0.2303080906566035,0.2172728023605059,0.18423833480944932,0.14888257753612405,0.1306690283900445,0.12906194058960055,0.12513355217086025,0.11388401383994583,0.08924212983613186,0.06335032436895201,0.05424356069193984,0.044601080197393436,0.03031594943413012,0.0329944136654976,0.0399584135846351,0.039422732179190595,0.026566100599818405,0.009959639594683687,-0.004325490828078768,-0.009503853147317847,-0.0002185154952899598,0.0033527699195327726
0.006662187717582334,0.021333948367810385,0.041245627369605936,0.05427055418879548,0.05891163996539102,0.06025906949922971,0.06070819136111165,0.06864287856772727,0.06984059624654392,0.07298456347291905,0.07672732787437363,0.07627821514794783,0.059959613815089186,0.02911896254509251,-0.03211316332028214,-0.1472416209417846,-0.3512995553605806,-0.6374001527297352,-0.9086762069384489,-1.0,-0.8520852719074152,-0.5599988313487437,-0.2911153713708077,-0.11670046646548106,-0.001422259447941505,0.07148740838087413,0.1208924210281652,0.15891923220376375,0.19395197071713174,0.22060077226561642,0.23003272875747857,0.2330269658579194,0.23302694758700715,0.2307812697616765,0.2168580124318899,0.2045815124236967,0.19425130307261457,0.1982934683454729,0.2000901019602987,0.1920056800600207,0.17643557405407936,0.16341069747989853,0.1496371063278533,0.1327196027621697,0.10951428350466555,0.09454306146063689,0.08436269186096258,0.07882328927695414,0.0749308038850214,0.06250471991819195,0.04693466872498738,0.03870051898263913,0.02582530858619969,0.008608437836106817,0.0017216912917901411,0.002320542209045106,7.4858317200649e-05,-0.00875812764002786
0.04782467614012931,0.04946317850967484,0.06437358281664128,0.08321635881664007,0.10238687578325432,0.11074328061023772,0.1153310942437046,0.11991894786996789,0.12237672517000907,0.12434290101832612,0.123195907617163,0.12434287102372882,0.11729726009382256,0.0922281855876598,0.03356966878170144,-0.08030649710646581,-0.2659496386777163,-0.5580962366249047,-0.8695755723191629,-1.0,-0.8510597874208469,-0.5312245568077595,-0.22449534551121567,-0.023286482670052986,0.10107609188437627,0.17104030978394072,0.2059405034884673,0.2054489720241369,0.1980757800988008,0.1985673515559276,0.1944709894011983,0.1782497712007565,0.15367214817333133,0.14580729480707652,0.1351570631489525,0.11795273202885441,0.10287848723317754,0.1027145867552725,0.09370281497434782,0.07731776128429516,0.05962192369536443,0.053887121659833975,0.060113465157893925,0.06306277892136504,0.06126041356716109,0.057491827372744116,0.055197950550607985,0.04503918536852019,0.029964964318566188,0.024721749987236075,0.03209503439591386,0.03455276920360884,0.022100130948709586,0.010794454225713812,-0.0014943341671633617,-0.008376057116913449,-0.00788450315663508,-0.0008389297199754608
-0.010506552104491118,-0.008576117229051031,-0.006236202982525627,-0.007230669839141705,-0.014601409426014773,-0.020158715326817286,-0.02536503559097158,-0.028933414722451162,-0.030161868898726057,-0.024897049350584722,-0.013431446139684042,0.0001400846673756863,0.009499745223037068,-9.391425335235721e-05,-0.03191680369123017,-0.08696344706016866,-0.23285798683119485,-0.5338875143414914,-0.8703098408698938,-1.0,-0.8317011397915323,-0.5046971966464585,-0.1956530793818549,0.021140841712400424,0.1649877392207663,0.24881542348616895,0.28701445332960784,0.29988365864033895,0.2991816547390353,0.28748226555395623,0.27081047961850085,0.2540802671288387,0.23746690774759016,0.22342747224227444,0.2095634020690136,0.1960503338464046,0.1816598107210027,0.1652803003389722,0.15276168290996034,0.13971659825056837,0.1280754642808275,0.11830626456395477,0.11005802570577644,0.09707146040914519,0.08361686871457973,0.07022076068717735,0.05676616185349237,0.04243413310393284,0.03482941091033534,0.032489475246451356,0.029038096467725736,0.023597769697528904,0.018157450066451596,0.012307662665358205,0.004761404506345076,-0.00448126283568187,-0.010389559783246622,-0.01764330322833076
0.03212578606100376,0.0434500641139709,0.06052630409857482,0.07526577750018057,0.08227607176497899,0.09000533316472721,0.09431931146869986,0.08820778919084336,0.07005305463024629,0.06160479867456798,0.07292904382235876,0.10312710583381367,0.1250566070576612,0.1097777684578436,0.04614630603814987,-0.05253649608483055,-0.2292311453237518,-0.527976912392868,-0.8560207245739919,-1.0,-0.8712990805645563,-0.5829807664510662,-0.3072430006659867,-0.13396329998688142,-0.040313473465901785,0.020442031295806802,0.07886081060598767,0.12433760701753505,0.1575914027469379,0.1890476983760254,0.20720247132599487,0.20702283099988453,0.1980351111304653,0.19030590457267768,0.19300215472315072,0.18922742644927268,0.18293619803495312,0.17754365386043852,0.1701739034491455,0.14788486930005854,0.13008966218050483,0.12667432424276867,0.1263147584123529,0.12146159588863834,0.11930456286308354,0.10780055125267304,0.08928632215620894,0.06340230974327547,0.04740455610837063,0.04488804225743896,0.044708284021113334,0.03392328890341716,0.02188003823130417,0.010196288264778763,-0.001127967165879632,-0.0183839681289072,-0.02755122001156461,-0.0271917254756976
0.07756700803762076,0.07238059260396365,0.07773988890371716,0.09191611464900516,0.10712957284469572,0.11093303629269816,0.13202445975951943,0.1614142913897905,0.18216001641982998,0.18319732271487882,0.16366176374751418,0.14187869022548513,0.12199735897669249,0.09381777780297772,0.03936032344377025,-0.06436820940061949,-0.24831388872045923,-0.532876954731019,-0.8478656817739738,-1.0,-0.86964858650824,-0.5499922026715043,-0.24606647965814663,-0.04950042854324032,0.05111623025025249,0.0862110196947357,0.09139747732533351,0.0972753951249059,0.11992283078047629,0.1354821298276235,0.13081429369684455,0.12268891408878366,0.11490926456521004,0.11490926456521004,0.1067839060556195,0.10436355283179942,0.09554660756241216,0.07462802276474662,0.058377221351684105,0.04990605363834245,0.05751283548236362,0.06511958040406167,0.06805854457846545,0.0701331044223872,0.0649466837141125,0.06788568481083941,0.07047886615458002,0.07704835489009634,0.0725534523715897,0.0642551918974324,0.06218059513118753,0.055956891863643166,0.04108911364357279,0.0400518442708471,0.05941451446018895,0.06909584559889669,0.05336365777372667,0.03797726860307259
0.07349946937121556,0.07881466998830762,0.08807341700952981,0.10470479365520359,0.11996470964262389,0.12990922622703535,0.13865355714532387,0.13385274124391547,0.13128089090241393,0.1276802815919618,0.12150776962792477,0.11053449407456269,0.09681777931506837,0.07812880626336831,0.04315138319725579,-0.05766600183032104,-0.23838312622153454,-0.5380932597555919,-0.8563187948487591,-1.0,-0.8792940944620172,-0.5854158584548202,-0.30079420374859417,-0.11699055135252868,-0.007943146885430259,0.056696584944640256,0.08635883616530657,0.10504773074888159,0.12922332065242934,0.15888566341924154,0.1818610571942497,0.18957660821875427,0.1743168700924174,0.1594000690597585,0.15168437156142053,0.14894105267308003,0.14173981312734238,0.1312808595151639,0.12167914401301372,0.1247654836943656,0.1335098250750708,0.13162384892092527,0.11362063496999782,0.09647478467809867,0.08138650986739247,0.0731565375087459,0.0596113540705906,0.056868014257416735,0.0542961403754777,0.04658053180768143,0.04555178853235582,0.047266361529766564,0.040750943859301565,0.02257638821833725,0.004744755939129049,-0.009657743423278513,-0.023202913783412972,-0.03229017917977533
0.08740737006046134,0.09463698573595467,0.0976029659582622,0.11039380444823055,0.11576967541503282,0.11966258454967674,0.12337007396705887,0.1307850641134213,0.12948747675213207,0.13393639618340158,0.13393639618340158,0.10854007105113767,0.05997195402763268,0.014184451592752216,-0.029007803301136566,-0.10371377727517639,-0.26220931183940394,-0.5489849077961034,-0.8581893894665948,-1.0,-0.8546674102592599,-0.5119100136222821,-0.20066485177168253,-0.008245855494047787,0.09834442425114502,0.14728340333236994,0.16526472700667327,0.17193820795796108,0.1978907243724214,0.2240285586997599,0.22291628925134893,0.1965930352067486,0.16730388012102795,0.15914740340278727,0.14580046412340797,0.13727319321703638,0.12096022846895683,0.10816933342099762,0.0981591006824677,0.08740737006046134,0.0762848848409177,0.06646008313124775,0.04977638075302818,0.04180522477556528,0.02994128550498813,0.029755909620169253,0.031609655742810085,0.02271166275974595,0.007881721704127256,0.0008374836808900245,0.0010228595657089026,0.009920842297637197,0.02178481939137074,0.022340949873726916,0.01529670159935384,0.008808595118935116,0.0145552019484402,0.018633444902897298
0.05948087788130577,0.07600192632689066,0.10122769764786133,0.12805217870231164,0.13515803466427345,0.1307168882380425,0.12574281508066001,0.13071689907803868,0.13782282007997745,0.13409218120197036,0.12698634692000083,0.10922168533510393,0.08310773892886787,0.055394963549194425,0.013292922528515416,-0.07126650000692379,-0.2359445834714349,-0.5242650452219103,-0.8479360135655449,-1.0,-0.8553963590818895,-0.5279956515799289,-0.22315395168393584,-0.04497493484362888,0.040828041211143466,0.08719364242098306,0.10478055516886721,0.11739344895934967,0.12467699413834538,0.12627574181181156,0.1342698487390119,0.1324932926085541,0.12503223165246305,0.11543930117182341,0.1040699880006645,0.10264877236428788,0.10922167449510777,0.11259699997902409,0.10406993922068178,0.09358884991477098,0.09731941291280498,0.09820764219805117,0.09270068566950175,0.08790417164919921,0.07440307567346097,0.061257298511811595,0.04935501795951553,0.047933870073114906,0.06250084119114858,0.07120546108657085,0.065165518206891,0.04686799764081852,0.04153861108934522,0.04224918638754505,0.03336690302007979,0.025195195628314123,0.022530507095075793,0.02963634544204387
0.04151397672503873,0.054090864854217185,0.058677745524511105,0.056458264272510245,0.04669269257817179,0.05098362179919815,0.06400439760145529,0.07732108648075227,0.09063784759012494,0.09714828740662043,0.09729616945787477,0.10691379364245276,0.12407754664159608,0.13709832695823296,0.1135721877402783,0.02005928209032479,-0.17983935411629412,-0.5072835497733503,-0.8561798070531419,-1.0,-0.8578076562693916,-0.5533003197863791,-0.2652145451883234,-0.08484672846363561,0.02982485942763791,0.10143912408286229,0.1365065188616722,0.16106835610645615,0.18592625540281107,0.20368185261355298,0.21537108051325723,0.21699882138439333,0.208712731559229,0.1890336113173234,0.1708340338887183,0.16180823585821996,0.15159870426072714,0.14168520762852688,0.12422548286540722,0.10365861887800235,0.0861989257155408,0.07376997155298361,0.06799939794511276,0.05423880559240804,0.03441171978322304,0.029824861684827775,0.034855611970681454,0.03988636225653513,0.043437486213063245,0.03071263703098514,0.01354889249630382,0.00984980819224789,0.009849804665388725,0.015620378273259579,0.011181477983053533,0.011921298836269295,0.005262948259885861,-0.007018013813411027
0.05135458484098185,0.05535465943112274,0.07152162269303282,0.09585546105804534,0.11952260422181202,0.13918975415740337,0.15685686425536285,0.17069041211084246,0.17052376246486453,0.17369045152679888,0.17569051170492214,0.15802346262843683,0.11652259531659269,0.07085495291740122,0.009020381580878912,-0.08814823959994696,-0.264652182421279,-0.5484923491270365,-0.8569976397811144,-1.0,-0.8733319493508327,-0.5884934306465535,-0.3111534951155565,-0.13414919654646282,-0.026647009507643996,0.046521129807757244,0.09985556615892333,0.13602300407399484,0.15435671275586604,0.1606901925821917,0.17119045258098753,0.17919053056954945,0.18002391101263315,0.15935675132847155,0.13702294263084522,0.11935588338411421,0.12002266503244846,0.13318957362303357,0.13035629572575774,0.11535585456007895,0.10068885506979576,0.0863552464036797,0.07168828759437929,0.06768821300423838,0.06485485374499698,0.06335477810066745,0.0666882286812824,0.06502151864634347,0.06852157819195355,0.06768821808936124,0.05552133450271492,0.04085435535292312,0.027020747747250044,0.02335400804492494,0.011353759126980662,0.006353665611211883,0.009020382216519266,0.018853915232051446
0.04539892482705283,0.05034812848385553,0.04619719565886325,0.0382146066801356,0.040609387514099614,0.050507770472730217,0.05433941201348069,0.054179770024606014,0.062162361438831144,0.06950632157462305,0.08052228613328573,0.08116087357276429,0.07174143119374261,0.062481669771555316,0.0557763068172319,0.023207325712631774,-0.09285963484452746,-0.35979796207948933,-0.7293926932300385,-1.0,-0.9752548779790594,-0.6901171983985553,-0.35740275746896366,-0.12335295956782794,0.018577423082060795,0.10830174088467129,0.17072566507263048,0.2002612839925317,0.21095802789637952,0.20888251642718,0.20074031712104493,0.1788679715406547,0.15396223333184708,0.13432510940346057,0.13320744986750913,0.1340056500698926,0.13400570852183213,0.12714067435266427,0.1156457399884229,0.10686486556489994,0.11484746185012003,0.12155286377240314,0.12187215749214242,0.11197371121057732,0.10031907640552173,0.0875469574203333,0.07764856959070775,0.06838874484558595,0.06264129227645014,0.05849037649994023,0.05114635791220878,0.04108831348072365,0.028635472384540884,0.013947516798243593,0.010435181459156983,0.015384384202648134,0.011393090017721494,0.008040406942264561
0.031192248605644644,0.04869774325347936,0.05581861606485571,0.06575818759394073,0.07080215142719669,0.0716922067796749,0.07554937130201088,0.08667575119446957,0.08771425773513854,0.08667579645673806,0.08044497447161308,0.08756588801903106,0.11219227358314952,0.13934057317049323,0.13741203843470717,0.03712628589628622,-0.2174453595490928,-0.5905508928509634,-0.9111378556187524,-1.0,-0.8368134449388154,-0.5442653349958018,-0.2729291699213435,-0.11552754918594346,-0.04164842870340288,0.0022636697113943872,0.0467691542029711,0.08489549565025399,0.13296156251833474,0.17583525057478358,0.2058023846666414,0.21143976399715134,0.21514855427715301,0.22330803773241584,0.21915413830409178,0.201796909269147,0.18265944279489404,0.16500547432773432,0.15773624537893108,0.15328573325274386,0.14408790620097867,0.12673079484793195,0.10210433686418391,0.08400544935022947,0.08089001120030588,0.0758461197866795,0.06753839334966098,0.05715377151320261,0.045730729134385424,0.03519773984493302,0.02837355215104941,0.02436804959619391,0.01576365840970347,-0.0010000725243473525,-0.010049519675994706,-0.0032253464094591745,0.0007801473758318035,0.0033021341015758124
0.05565612830894757,0.06565180162437996,0.07176030033969079,0.07694321110168466,0.083236792392647,0.09156652486182613,0.08953036803602679,0.08934529110795783,0.08767934461412201,0.09582397756490192,0.09304740007517556,0.09286228926161125,0.10378347146420473,0.09064102162224759,0.018635090170961155,-0.11075347238447882,-0.3091868428461705,-0.6303457064249961,-0.9674212197032477,-1.0,-0.5907326135563136,-0.011537080827926082,0.3216521727585785,0.3660775255458517,0.29481219477518644,0.20799787192974173,0.137657762019527,0.08305172111216061,0.050473186485249615,0.05306464751382911,0.062134848651387034,0.08434741209337243,0.10544941795804057,0.1080409015769503,0.10693027058105975,0.09915586490499102,0.07934957261186497,0.06824330218603737,0.058432688855926264,0.04769661746689708,0.03622008870465422,0.03251798538501905,0.029000981583783083,0.02048613830103964,0.01696914014738623,0.014007456079782455,0.021966973981311144,0.034924346895199354,0.03325838345861585,0.011601091039863055,-0.012277490196687994,-0.015609370477298887,-0.0045030718135585035,-0.00043074827869033915,-0.012462584067504634,-0.040598603182227265,-0.046707017183799694,-0.03911775620679064
-0.005191376136588315,-0.0010837041587004905,-0.001699851404496984,-0.006149825464122995,-0.007587510617219542,-0.0058075199881548936,-0.007108285365989332,-0.010873644687807315,-0.008751351585362565,-0.004301379549219773,0.0009701302636757689,0.02452074701028112,0.0732651407821979,0.13953574829050172,0.19964482381126974,0.1449441748107977,-0.16032446692958854,-0.6676893426285185,-1.0,-0.9312649267451656,-0.6221624636739366,-0.3227145690601199,-0.11069013949410395,0.031298410055747614,0.11995582493496143,0.17273954655995716,0.20505330046173065,0.2179240197782412,0.2151171817155226,0.2072440555079265,0.19238794772074602,0.17472486819040725,0.15699341111514967,0.14439650275930369,0.1317996612436776,0.12180425779513421,0.11523191746129932,0.10948124395022761,0.09688431052929918,0.08483510764505713,0.07723590936851032,0.07429206556512968,0.07182746613815935,0.06765131426626607,0.06285904595774014,0.058272127514685135,0.056834402740481696,0.05539676987158057,0.05224750936250914,0.04663370373414603,0.041225277213850026,0.03355761366459586,0.028149187144299863,0.02397306033748903,0.02280921336417,0.01685311479238001,0.006926239279250115,-0.004095995219260477
0.07315917081790661,0.08241213384057573,0.0961065021755801,0.10036284258127999,0.09666169124930421,0.1003628877507358,0.10202841544863427,0.10591472767233902,0.10887564196250128,0.11165149699221016,0.11923894925552675,0.11738836794335687,0.09555133568658392,0.06205560954452169,0.008388402398750402,-0.1002414352734604,-0.2743826849317432,-0.5554890566441055,-0.8565803830628471,-1.0,-0.8606518674706447,-0.5179218912637015,-0.17593080830726124,0.05520840561538259,0.18215917685622443,0.2337907669845379,0.2487806574201735,0.22712867877767196,0.18660062169183353,0.15458538092576232,0.13348854618752906,0.11886880814989208,0.1123917340340237,0.11276187513965835,0.11405728996283203,0.10943075198967771,0.1005479413650072,0.08296734549902773,0.06927291505602162,0.06483148715895848,0.058909590824450235,0.05539348746056387,0.06150042611697956,0.06483147586659452,0.06538664800177268,0.06242576758870229,0.05354288638675708,0.03799790286249098,0.025969043875293654,0.0102389966794945,0.008388405045398204,0.014865480484590491,0.02911505271454665,0.03429669789178642,0.02874491866663945,0.018566669222521873,0.017086190904258333,0.00690792822690175
0.06916303375323712,0.06111709922850828,0.056699723411010094,0.05906616030166545,0.07626239255902735,0.099453605974128,0.11996289897490804,0.14062993614421193,0.15261998510057292,0.15246220242498976,0.1441007410561539,0.13921005571896553,0.14883359558393494,0.15198889290529957,0.12816660654845521,0.02609361231255616,-0.19098917170961738,-0.5207161100555822,-0.8513873955244272,-1.0,-0.8913013487686677,-0.6046467896868783,-0.31451850878340304,-0.12393948629452103,-0.019500026287672126,0.04202771312657792,0.08935674214932116,0.12201387159542779,0.15340877333054598,0.1920608406139496,0.22140499114413914,0.22456033659932795,0.20547080850261631,0.17596899081802156,0.1524622120517546,0.13337283798328028,0.1232758730774427,0.11065484744698631,0.10450203547984023,0.10213566116315627,0.0969293623409774,0.08746357145791425,0.07768226817089133,0.07216048101166476,0.06726989194212471,0.06395681194517691,0.05401775967624772,0.03855691784140078,0.016627800671781334,0.006057647483323167,0.0022713283624030147,0.0027446150185267233,-0.00119946571942853,6.264045365392012e-05,0.007477521290168737,0.016470036648055023,0.014892401825847154,0.015050169610028474
-0.013838748089413226,-0.009277628648524142,-0.0006355072653292671,0.0075264938726985016,0.008606749089231546,8.466348937805419e-05,-0.0042363811804804865,-0.005436686828801905,-0.008917536862474922,-0.019960244823058335,-0.040845351433792,-0.08009496792931163,-0.14010980906091694,-0.23265272058489297,-0.3447606984966311,-0.44702619444517677,-0.5528918392107475,-0.7149304988882142,-0.9182600251630879,-1.0,-0.8242770541123019,-0.43034208207251323,-0.039044914476216386,0.2425446722714479,0.41094650013431233,0.4782831843888774,0.4842847117149566,0.4661603347372251,0.43843346130335786,0.4020644728949913,0.3517718719494513,0.3082010917654413,0.27915380731978806,0.2552678445776932,0.22802104469706827,0.20389508179946972,0.1838500883429352,0.1573234793586322,0.1347578250891944,0.12119450575421631,0.11507291975659735,0.11171208261806728,0.10030928470249052,0.08746612696694038,0.07162224951369164,0.061899855518932914,0.057818812835633934,0.05301765982247147,0.04569586064485272,0.027571406762774576,0.00836669583310752,-0.003396188375350837,-0.005076603282504118,-0.005556712541335981,-0.00531665470757227,-0.009397656192114091,-0.019600157843530787,-0.027041977011634005
0.05921911886997758,0.061962785925609005,0.06573527319307208,0.08699853068803146,0.10431778640981713,0.115635389471141,0.12678146233131707,0.15113122754808295,0.17462383354947483,0.18576987501877654,0.181311450060156,0.18525535766070664,0.18319775909154248,0.1456439771458184,0.07448063476366446,-0.0498408565877003,-0.2595588568661897,-0.5637619397672511,-0.8689915670417528,-1.0,-0.8736212606109015,-0.5858827959498255,-0.3084301790914889,-0.13249326421876478,-0.030806795876614,0.034697765902127566,0.07482357483427501,0.0990019615724525,0.11820752632562463,0.1355267820474103,0.14101406384054924,0.14187152650104207,0.14358630533128072,0.13518392045398567,0.13021095721004566,0.13106838847966415,0.11992231561948807,0.10671848723577604,0.10946214382778269,0.11855051348254672,0.1086047125581642,0.09745867632067488,0.0873414812222668,0.07739576400688257,0.06556380054186062,0.0628201282544168,0.0635060816410114,0.062305715532594765,0.06213424288138329,0.062134232417758506,0.06264865560320532,0.05390329664851914,0.04052801392493901,0.02543794975521402,0.021665436982665515,0.025952384712238714,0.03041081097881233,0.021665437636642065
0.07912327238747766,0.09188098384895563,0.1110176205483646,0.1228641094041344,0.11867221406179922,0.11192886539637421,0.10536774234613462,0.09625504920072261,0.08021680957757701,0.0820392881524455,0.08513762962295526,0.0712863587290765,0.04741116652350222,0.004399343179094321,-0.054833017691124274,-0.15033385324032575,-0.31509165492221086,-0.5824585313345468,-0.8664090007986485,-1.0,-0.8667733296963613,-0.5587654980172536,-0.2580460681611214,-0.05993611339686618,0.04267257765388473,0.09461479624103952,0.1184900496129428,0.14345875676631498,0.16933878661575186,0.17571765624792923,0.16879203748271593,0.15986163111881832,0.1536650037835524,0.1500199354223082,0.16241311224478494,0.16478247340649801,0.1609550626579858,0.1500198909377053,0.13999595294428369,0.12413986108826844,0.11739648461996663,0.11666744870541634,0.11010632565517674,0.09570830562826207,0.082950577485058,0.07675393902864139,0.06199143440790374,0.04704665134651475,0.04759340047955066,0.06417849210637636,0.08787141977273771,0.08969395951393518,0.07711845698591653,0.055794812633213196,0.03884524058299605,0.027545526577923203,0.019526373924202176,0.009320180601270578
0.06825224866874811,0.06625790521945793,0.0682522763270131,0.08257540755389352,0.09037153674066911,0.09290977443905164,0.11067778129021504,0.12427569068282303,0.12645138937555828,0.1150291012325436,0.10795818834838744,0.10161249176685071,0.08058103644633835,0.045589066347734776,-0.004088621002446956,-0.10453185334665753,-0.29145853343518285,-0.5665000646668237,-0.8618465681678216,-1.0,-0.8826962976241381,-0.5701261738381858,-0.2526590104153242,-0.03346009146134775,0.093635068184813,0.15926755568001968,0.18755131784970422,0.19444098059182222,0.19407841392790998,0.18845784514254474,0.17939268284719934,0.15473507410210088,0.12917102657060983,0.1237317964337307,0.12228133063857385,0.11430383514504722,0.10705164999224091,0.10106854220122842,0.09762374955174039,0.09145935842877176,0.0805809866614614,0.07858663768051821,0.0769549438699352,0.07641102749423088,0.073147484986781,0.0655326999801445,0.05664873804196026,0.05411044779287427,0.06353831780928333,0.06680181053185626,0.06408226737490562,0.057373943281273695,0.048489967513956976,0.04413862267918993,0.041962968239678634,0.04014993024895656,0.03162855295255681,0.028183745091023036
0.07311905915612163,0.07589367285736238,0.07083406149087695,0.07524081495882996,0.09319408847287002,0.11082107744658819,0.10984176570069572,0.10021224863685882,0.09662157501149948,0.10788320196433603,0.1256733879840216,0.15407232313953623,0.18671466034885456,0.22409036422128664,0.2356783354698703,0.15570440315082326,-0.07768886461718147,-0.46221774495130447,-0.8436436356039811,-1.0,-0.8584954880164877,-0.5580235784123285,-0.2805620091035031,-0.09156190324567258,0.02578756488367303,0.08470712003784316,0.111147471538523,0.12338843015572709,0.13595577290562846,0.1370982070032068,0.13056970769178297,0.12697913365879906,0.11033142157364195,0.0962951759399459,0.09254125049281269,0.09498944520402476,0.08176930431101623,0.06626416077314425,0.05891959655798309,0.05679783577565598,0.05745068869456963,0.04863725894275456,0.03247926871049239,0.019911933430019183,0.02284975164665549,0.03231604178681236,0.03704919806103303,0.02758289796163862,0.025787567373482416,0.02219690495226531,0.019422298720452723,0.02790932815580952,0.04015022826249306,0.047331570533592965,0.046515495670618065,0.045209794812409554,0.04488336586314334,0.045372991858376954
0.06669556129998076,0.07008513763490495,0.07347466743265652,0.0970321565156387,0.11787794523262467,0.12872456054791911,0.135164777818702,0.14143546534038862,0.1597390730988807,0.16956894426654215,0.17804269119896665,0.17397518718714491,0.15567157942865287,0.11262405356654061,0.039240105710468515,-0.07651337311045783,-0.26090599376516904,-0.5537652691401296,-0.8647566059136721,-1.0,-0.8747557689737697,-0.5908810842459964,-0.325816331714936,-0.15972729296473206,-0.05244754297844089,0.01822482085456653,0.07313569066721534,0.11008191397442238,0.14448598734791726,0.16855188987109163,0.18719454678618225,0.2000749606445602,0.1970242938547167,0.18753352355162342,0.17431419497736783,0.1626202515060036,0.1599085821647891,0.15245151733043405,0.14363860748387786,0.1253349480174162,0.11398002267786879,0.10770927310661865,0.10008273023113694,0.08737185646344918,0.07415257442636622,0.06161121489538383,0.04890034112769607,0.045680284200274215,0.04296861485905972,0.03330836134404282,0.02381760138254346,0.02025855605538728,0.018224819561867292,0.012632044204687325,0.002802314264417805,-0.013298106429286444,-0.022619394813155336,-0.021941480063250196
0.03656875832016201,0.048895349917486584,0.06316827722579531,0.07663019028990016,0.0727375238164296,0.07630580141711095,0.07776552907642255,0.09284940134996669,0.10452719293347298,0.11101493080127527,0.11328557868333355,0.12090863059516949,0.13291084569094921,0.14069613904990835,0.12820728868571846,0.04484055086384326,-0.16763110758998132,-0.513425776258044,-0.8631107757086408,-1.0,-0.8603538686440012,-0.5554337319816807,-0.2613784773840257,-0.05798918282753792,0.0563561801761903,0.11685383154152616,0.14685937422947323,0.1692418056236114,0.18319040344110388,0.195841455664435,0.18838068478770426,0.18075756359689987,0.15545563729615652,0.14053393719076712,0.13972295758604747,0.13939863304372896,0.13258655083961718,0.12626098513996967,0.11863794312512922,0.10274310114386091,0.0913896736906551,0.09317379517125365,0.08814578496276297,0.07614359955796972,0.06365482836974377,0.05700496781876422,0.04727345009002024,0.031702992033043394,0.023106822987817296,0.016619148213361284,0.005590090302875361,-0.004952387700518945,-0.007709658479743026,-0.007060889394035657,-0.0036548581889752647,-0.004303622944747104,-0.005601163590410715,-0.015332685649090221
0.010518458572473266,0.013965183162561108,0.01584521790761269,0.02446205507536222,0.030102160505518363,0.02994546236298077,0.028848790465468198,0.02461872214786362,0.021015322120264635,0.019135288570214445,0.023992046687849673,0.021641992800273013,0.017725253847665667,0.0037816651122857584,-0.03005894655612673,-0.10087354360801727,-0.2421898481073134,-0.4864385343924922,-0.7996204840179968,-1.0,-0.8976952616252588,-0.511505342472805,-0.08363988839254048,0.2063556643231414,0.34375516533975503,0.3791626168258785,0.35174542264760195,0.2991043111659961,0.24724652787688897,0.20087221401547273,0.17768501884472007,0.1698515074794664,0.17094813635692885,0.16828475549435776,0.15700451595401205,0.1400842044435492,0.125670585213131,0.12034382348798878,0.10953365925523359,0.09339663769722482,0.07349959205916581,0.05422924339114578,0.04200903009582511,0.03715225763817317,0.03370555575311178,0.02712543354793054,0.018978597597685207,0.020388639490242336,0.028378782077955647,0.03448889350562155,0.026185411992899876,0.01850860116018658,0.013025168777538796,0.010361781939960731,0.00362499505228088,-0.010005244003078133,-0.014548664390706388,-0.011728612273129014
0.060060856851582,0.06121369451565145,0.05907281220762269,0.08048151470029874,0.09826719757623369,0.10287832715522367,0.0906918335756895,0.0783406725881405,0.06829501609628073,0.056602529765274766,0.03634657952044334,0.009173958773425034,-0.011905387549165205,-0.03660777735479467,-0.07991931268852841,-0.15847289151931193,-0.31722737644392274,-0.5962007662176555,-0.8875227092718382,-1.0,-0.8577153811058011,-0.5675458134631771,-0.2851142523621353,-0.09424662325780177,0.014773179472849613,0.08723348136696318,0.14322561550619367,0.20053516930128357,0.24434091035065617,0.27283099974225106,0.2911108757726153,0.29325182842341746,0.28172385374142805,0.2708548501605267,0.260644556407555,0.2486226548687784,0.23511873158441718,0.21453332091146082,0.1932891803126395,0.1703981948012205,0.1531064840024271,0.1254398371650663,0.09662037276157127,0.08970368844205391,0.0827870644163423,0.06796564108438063,0.047544988260147705,0.03931086921131948,0.029429937909038383,0.009832713821709062,-0.0005422985262062603,0.003245399489607992,0.0076918214647126795,0.005221579846295731,-0.005482777994677297,-0.01964546794644138,-0.031173240392957283,-0.03249071783038056
0.06254421750972251,0.0613921559895361,0.07735665584582763,0.10303150042125919,0.12130014340364102,0.12607304215360854,0.13117517594200861,0.12426269634944392,0.11488145109014329,0.11537518815491647,0.11850220295562501,0.10352524752889114,0.08591491895906378,0.06106299125111481,0.015473662426192138,-0.08080705620132733,-0.25361899580115055,-0.5411455999552011,-0.857801074030611,-1.0,-0.8531930890641929,-0.5133310188728617,-0.19288788061952925,0.011194519257518635,0.12195850300905986,0.17725818910669602,0.1984893549063045,0.20392063334740837,0.19569159522974602,0.17956234227564508,0.1589895059528792,0.14681040058843256,0.13891048703775652,0.1252502106504253,0.11817310851721498,0.1137293443770925,0.10517107122099761,0.10352523748603239,0.09134615220730326,0.08278784892263209,0.07274837963650575,0.0724191847695082,0.07011501151484165,0.062379645183370615,0.0469088999668551,0.037198535161997545,0.03555271398060576,0.031767314467331505,0.01761323322593055,0.014650747441745543,0.01975280653638365,0.02123404785927947,0.014650744931030855,0.013169508001885736,0.01975280277031162,0.022056953428545988,0.01777781371210518,0.008396617882499959
0.06477674999446897,0.06845803143427423,0.08949415688729524,0.13139096808945008,0.15137538060019112,0.15453072801639905,0.15873795417669231,0.16171806512993583,0.15716028046858838,0.14173374889121082,0.1287614798186048,0.10351817634129855,0.07196403897199773,0.031644896129501505,-0.020419421972332315,-0.11087455443548816,-0.2753070936413399,-0.5528092972084833,-0.8552021812519794,-1.0,-0.8618639480362017,-0.5366815523569813,-0.2377926273966453,-0.06582231559044535,0.02761299200729802,0.07547006790350257,0.10965375237654736,0.12823563137013283,0.14068196641914152,0.15716024837791634,0.1689054022434726,0.1646981119018353,0.15014824399936003,0.1427855848477335,0.1420843180891557,0.1317416228625203,0.12245067801728224,0.11841875250129742,0.11403620430291436,0.1077253704109198,0.09405196294242404,0.07652189316313456,0.06442613800896142,0.05864120604989218,0.05531049380803179,0.06092010907745658,0.05390809935045493,0.043915930534201744,0.03497560837136189,0.03988402641199826,0.04899967328715056,0.053382170675302924,0.04672076223691815,0.03900752586467872,0.031995497418118385,0.03409909980137435,0.035150911689893004,0.027788280617604456
0.05562731857891715,0.0554606530492542,0.06812686211092198,0.0857928489237042,0.10979197331872655,0.12295821964803703,0.13845763084767687,0.13679105690835508,0.12879131487780274,0.12579145737983122,0.12179153551623773,0.10512554188143322,0.07179335630338667,0.03862794812130116,-0.010370244269611863,-0.09003398139121183,-0.25686162565942483,-0.5460186567832233,-0.8668389961169721,-1.0,-0.8578393320960863,-0.5595183155291674,-0.2843608024498451,-0.10753339928613398,0.008795719756958555,0.08629286585201998,0.14229082107879487,0.1829560001266025,0.20378865742713945,0.21928813981442352,0.21978812114891716,0.21962139968610517,0.21812141500397036,0.200455468869842,0.18862247559019088,0.18345587976446154,0.18062275389896548,0.16595661441449133,0.14712396380923676,0.12245818746522606,0.11112523653804937,0.09695906821840543,0.0839595840305608,0.07312666020136334,0.05846051563205747,0.03979457377753555,0.028294987829686296,0.021795230481268784,0.012462245252918584,0.010628978770765267,0.01879534374551479,0.01896200419034601,0.020128624761748672,0.00029602992002180273,-0.016870002889237307,-0.02570300392287601,-0.018703283036875903,-0.008703641092507612
0.05770379713766892,0.06817919877766794,0.07756014066110459,0.0925697020553264,0.10883008209599489,0.12227612614495696,0.13024995250516805,0.13572221789630778,0.13697297452964907,0.14385234590353665,0.14385230774162563,0.14776106055774454,0.1419761346297027,0.12634121877000465,0.06943003173483124,-0.036731228984834205,-0.22872871662042552,-0.5362692416509223,-0.8580346380912215,-1.0,-0.8610058481586108,-0.5600343427607156,-0.28767257399433355,-0.11005914063984375,-0.004054224499345974,0.058954577622204574,0.09554031107261732,0.13306425033496344,0.16933731847823524,0.1898190260076249,0.18262699409683528,0.16230159775494113,0.14963727183157846,0.16605393443830924,0.1810635006027699,0.16433407251388182,0.12024354644076099,0.09288239121366172,0.08756652764455612,0.07943639009684952,0.07365141169618006,0.06505218793834285,0.061299798782347106,0.061612526102593435,0.0650521974788206,0.062237899649025194,0.055827571553118356,0.050980751261993494,0.04675932359825591,0.03440772738025902,0.026902951453386986,0.03221882456297032,0.03565851263503355,0.03174978247754932,0.032531525646902835,0.0212743689119531,0.0001672031643916165,-0.010933610183950176
0.03970438342087575,0.05974300188772257,0.07499368209759334,0.08527897738052094,0.10123897897118965,0.12677504644171125,0.1356416340375913,0.1345776249141229,0.1340456365837516,0.14415360963716117,0.15319760602982818,0.15603499976210605,0.1524882954699389,0.1367055674146994,0.09982029833641363,0.01381373844569016,-0.1741595080431814,-0.5002764161377007,-0.841997161026192,-1.0,-0.8641640087476938,-0.5499297568244275,-0.2566197444024597,-0.09169947728116684,0.003528425578786058,0.06240300846503072,0.10230297727374946,0.13085356592971184,0.14752299169981034,0.14929625727862497,0.13776965228452817,0.13120830777692544,0.12801628040652016,0.12287365440687359,0.11790829653220196,0.12145494671982604,0.12890294565865332,0.12961232114399435,0.1285483553041604,0.11666692189558103,0.09042163584289337,0.07357502310463458,0.0771216300086242,0.07481633822625809,0.05974298024590534,0.04112303970860736,0.03438438108716808,0.03473903907233988,0.03704437413834045,0.043073695147618885,0.038995040398260586,0.02675905450836846,0.011508414116059865,0.0026417603266528826,0.0019324294775599198,0.0072524179469784225,0.0067204171049315455,0.009912412815725288
0.03589267747140673,0.03434322620517757,0.03554834504612206,0.037958598485970524,0.047255269314773383,0.05620766812380293,0.06653733097580665,0.06722598006841651,0.061200320205529554,0.04312345092258503,0.02831758997922982,0.011445804738402593,-0.0031878716080242153,-0.02195342609556909,-0.0612061170941215,-0.13041485452568924,-0.2684885012182435,-0.5348226408945816,-0.8562468170245712,-1.0,-0.8137233540558216,-0.4206795882519556,-0.09064567276818958,0.10355197414205165,0.20598792392581888,0.2522993272159705,0.2628011247646976,0.25264360711472356,0.23766572965934107,0.211669277626687,0.19462519551347007,0.17947491547605304,0.16518560832348303,0.13626261957183303,0.11870210710518019,0.11732490346771735,0.12421127883544646,0.12644937131530576,0.11835780619581447,0.1073395047565072,0.09218929300358127,0.08444207606733413,0.07548970614789698,0.07170213351221613,0.05965087156562696,0.04191830844470131,0.03813077783024576,0.04467290218881419,0.05345312953254823,0.05448606377656433,0.03899159050917138,0.02573517163990231,0.013683896561680238,0.0047315298430786,0.008863398217544692,0.01592199692051927,0.02022601960708538,0.017471441620931984
0.04334130614692415,0.04778263188665587,0.07183981344737372,0.09423144633546669,0.10681518660089226,0.09552678054832092,0.0851637229139436,0.0871993392489843,0.0927509724279275,0.09552679184042515,0.09145555917034374,0.09016019108117684,0.08867979621836718,0.08460855225618154,0.056480214247085735,-0.028460052305719317,-0.21425566297921939,-0.5223734414412897,-0.8532522401045898,-1.0,-0.859729120072789,-0.5462456272816515,-0.27180788211419327,-0.09970624292362679,-0.002737407468914718,0.06499273313453412,0.11717833457210333,0.14364126788290302,0.15826060189916089,0.176580979532964,0.19675202012684245,0.20544960531029838,0.19508643475487886,0.19471634733128065,0.19286584246066435,0.1806522009109412,0.15992604047376965,0.15474452294868518,0.14900779524347393,0.14012512117980203,0.12643105089095655,0.11495764064895088,0.1023738326309,0.09460149988275224,0.08238792608565439,0.06980411242155139,0.052594059165116065,0.04593207337854453,0.03797470821070189,0.028351850830755438,0.015768096450199585,0.005590065236586766,0.008921057424116018,0.003184351156258846,-0.008844220480454652,-0.024388861981028714,-0.014765976370821726,-0.00384774102111719
0.04375116664822498,0.05378899588280077,0.07459464407670381,0.10708067355758685,0.12076861846417197,0.1162059404645099,0.12606134187133616,0.1247838013861329,0.11511097258220791,0.10562059944740777,0.09941541950981712,0.08317244931557614,0.0632793021983001,0.05032139713094204,0.020937931865582158,-0.055532046449729595,-0.2236202629250139,-0.5161783258763772,-0.8481559898760216,-1.0,-0.8552742054446456,-0.527676145697006,-0.2394981992789537,-0.07341751858189917,0.016375291451776793,0.0625492846321733,0.0866400424991598,0.11200830744169918,0.1435818859604308,0.16895025670019645,0.16876772864349573,0.15945986686057112,0.1538021652958564,0.15361975974120715,0.15818231523881773,0.16603015302603885,0.16913275134724678,0.16219748702422854,0.14467696520823414,0.12770388278719022,0.11839606555046617,0.12204614781282509,0.12076864073727224,0.1061680945251089,0.08664003693088473,0.07459462180360354,0.07441213829310335,0.06090669360184363,0.046488750618094446,0.03535589503432846,0.024588049625694636,0.016192777489772322,0.010900114463590883,0.00432990207776779,0.005789948346571521,0.001227280091390824,-0.011730599918729427,-0.01629326121356629
0.012327421419742452,0.021410162645950487,0.03144898637382883,0.038938263651293194,0.05136728998709074,0.062043475715340794,0.056785014663641,0.060131296126973946,0.07415380707363567,0.08785756227185207,0.09550619311516204,0.10777586588511398,0.11590253554842139,0.09502814457181377,0.04164714057459456,-0.04232833331743495,-0.20534001821070208,-0.5139949553512222,-0.8615283607278962,-1.0,-0.8338022647416575,-0.49726355775790826,-0.19163621925740698,-0.0029698275049795187,0.1071384613450824,0.16338782223500928,0.18792716777491317,0.1927076143149926,0.19685055908153218,0.20354318034830302,0.20720816408165177,0.20704883725502093,0.18952072774174625,0.1668934499716747,0.1498434181718008,0.14394760605849896,0.14824997488517763,0.1340681079418326,0.11144083017176107,0.09407209610187135,0.090088400375156,0.08817624509516621,0.07303838316030829,0.053598084335315946,0.028899428984645172,0.01965734391594236,0.029058772827139947,0.03893824420459154,0.037026101078790286,0.026349905627189404,0.021410155353437366,0.021091473745542082,0.02236623299343226,0.01997604983221471,0.012486768300784361,0.005316177606836213,0.002766641677391682,0.0024479506500002845
0.0791419161968508,0.08568214623821853,0.10427022815839879,0.13060341772816317,0.14454446866598755,0.14850305216981824,0.15573186621975174,0.15332213200794054,0.1557317716989544,0.15297796078023201,0.13766001488535723,0.11459696134089833,0.09273878015350044,0.07156902018885071,0.026647755262850313,-0.06439940933142929,-0.24425684346283252,-0.5371924008294925,-0.8549104080579506,-1.0,-0.8709166859059316,-0.5697217962452674,-0.30518461334928526,-0.15320926534006457,-0.06560423442809164,-0.009495733421355847,0.02234497099356194,0.04678487420385585,0.0793140228153267,0.10874515777343417,0.12853802278103352,0.14574927275802826,0.16003452643049362,0.1650257916544229,0.16020660679319249,0.15951819082159974,0.16726319344807572,0.1583134497434239,0.14781455217973896,0.1330129418937581,0.121997782237355,0.12268619820894774,0.12595642875505056,0.11941607268595307,0.10323759894985425,0.07673234477085722,0.05986537629583455,0.04919442199965011,0.04540796611891695,0.048505977146702614,0.05143188943274551,0.04179360897992656,0.039039821691403485,0.038523486082509585,0.0366302528909876,0.022000751849060324,0.01563260848818781,0.02045173780203995
0.04383881947865864,0.054016408297263944,0.0629217991200268,0.0681696207047426,0.07643888827025583,0.0894789080239096,0.091387224425136,0.08900185803479709,0.08995599682794757,0.07230422537630514,0.04876858428661531,0.030639743438397638,0.013783125451834025,-0.012774003465994712,-0.0483955352199192,-0.12027484328165976,-0.26292059667818213,-0.5254714284433041,-0.8513120533105405,-1.0,-0.8384313203071136,-0.4688584623686132,-0.1549423065944861,0.023483645480347298,0.10903896191371869,0.1422751539625655,0.14784109782422708,0.14275233495205134,0.13384692957369143,0.1241464295591241,0.1142869144988078,0.1209658375322044,0.13257466365172949,0.13591422220574137,0.134801097478036,0.14593279112673202,0.14895422255193244,0.149908390456277,0.1489542322556638,0.14481959847290718,0.13639125763925686,0.12923512450518035,0.11571801109562292,0.09965654050930602,0.08152768510549131,0.06880570999893246,0.060536432729687874,0.06610228440590157,0.07357640881655056,0.07453060583208918,0.07214522488615323,0.07564376937471996,0.06642032420113082,0.04972272550569863,0.03525147330299073,0.023165586277655328,0.016963624080339416,0.00678603617145893
0.0595406192063156,0.06177556335771571,0.07604491012996042,0.08773537915991657,0.09375258047033888,0.08670387736871647,0.0853285626282718,0.08876692815871645,0.09444029553873873,0.09942596358622775,0.09667520821840565,0.07552917234758254,0.05231997029040442,0.023609397809059234,-0.020058191927975172,-0.11083179725331058,-0.2803450878497124,-0.548884596063981,-0.8542133644526131,-1.0,-0.8323792830601916,-0.4536409765489126,-0.1190840004133105,0.07174690469798262,0.16699036160909617,0.20017093647827436,0.2032655100406299,0.1865893939443402,0.17317943529976315,0.16819385117689598,0.16183286838896227,0.14704773138145102,0.12744889836718384,0.10939733115293898,0.10733419119302828,0.11661791188009492,0.11747753080047262,0.10681847439180586,0.09719099845367218,0.08395317969907189,0.07191882428582706,0.06469822257751566,0.07621681922722714,0.07380990303509394,0.0744976023676272,0.0693400199775826,0.07260649214662712,0.07140306027700485,0.0638385669401159,0.05163230242960436,0.047850076742315346,0.0418328728092486,0.026016264170948218,0.01329421794876454,0.003322881525955949,-0.00269429978680256,-0.012837552191319506,-0.014212914139363961
0.0607143215541706,0.07442444772460863,0.09715901265168564,0.12891800309811402,0.14731394640776968,0.16935429502345056,0.20163397153054372,0.22020347156550593,0.21222011635732663,0.19434491735240123,0.17334583495974906,0.1429752612513678,0.1021918505805031,0.05689631451606095,0.003964720692350375,-0.09912170363660087,-0.28273407623169483,-0.5661360591664106,-0.8684525376206842,-1.0,-0.8597758238773459,-0.5440955305236183,-0.25149568712729053,-0.07100721909958356,0.02860828715288907,0.08830818092204613,0.12093481732721613,0.12909148569460996,0.13464500438917718,0.13967785290782472,0.1375952569227868,0.12787665215644461,0.12683543888256635,0.131694688316587,0.12614122257117022,0.10375375520996119,0.08501075669375792,0.07841607237954784,0.07477157705996687,0.07529219428673609,0.0737302790674479,0.0761599355539485,0.07737476909211383,0.06592072415066719,0.05012803111722397,0.04249197997659936,0.0490867198874174,0.05949950390075039,0.05845822973534913,0.04856609471827562,0.03745914601896818,0.03797976854065244,0.02322835132727144,0.016633602150352075,0.019236792362371993,0.03138502465864812,0.03711205110055773,0.04405390578571763
0.029016978970331852,0.028578675365641276,0.0374910596578648,0.05648471660716489,0.07036467028231864,0.06598153170877524,0.059552924307077024,0.06744257641406308,0.08409853241421532,0.08672842090755724,0.0738711793580814,0.06203667668036289,0.05429312503199371,0.046987865844115365,0.008562277315743926,-0.07632467905268125,-0.2485828612536855,-0.5443004064965666,-0.8625156660405674,-1.0,-0.8731812179459143,-0.5792196954601304,-0.2854015141291074,-0.08494489140259034,0.02901696782613211,0.10265389244534467,0.1635796960332578,0.21530105037095054,0.2408694642150446,0.25182726161442426,0.2569409693462505,0.2500740739417413,0.23195699299806308,0.2132555993735153,0.2090185568009089,0.2040509896468186,0.19455402744177164,0.174099356990943,0.15218349473138992,0.13713463486066355,0.12822225279727997,0.11521896873902593,0.10060844144790944,0.09038108839177553,0.08424463733051209,0.0766471727677201,0.05955287527259816,0.048887247586693,0.03281569342100826,0.015137001892358639,-0.0050254903475432326,-0.013645678876725381,-0.010285260787009715,-0.01043136737493645,-0.00575600838180975,-0.0012267561159122796,0.0005265019045315204,-0.009408627388759168
0.06113013634048875,0.07317849628530225,0.0831315237961272,0.08767149153685416,0.09832291702067426,0.10146596628290819,0.10006907976941587,0.10094214516128633,0.10425978192989378,0.10670439592663172,0.10757750393850311,0.09256065560032863,0.07440080594742128,0.053097861748528985,0.016079659418076164,-0.05952830100652525,-0.21545909908361696,-0.49431905890060257,-0.8348168099351281,-1.0,-0.8583893357781249,-0.5407667195111234,-0.2554458445807914,-0.08729192324500874,-0.003127892578935636,0.028826493752214633,0.05170097789878673,0.08068687250688843,0.10530752539563976,0.13219809822475315,0.15943791532411514,0.16450172549646444,0.15943801121911727,0.1664226089390825,0.17794708915977284,0.16712102289457803,0.15105648969315885,0.1346427175489912,0.12835665098952406,0.12556280337753778,0.11368900962909734,0.10984743453386542,0.10391062289964709,0.09937060721141906,0.09430680769407,0.09290991052557745,0.09029069303996562,0.08802069851460191,0.07824230645765154,0.07108307861131181,0.05973321519824566,0.05170096458003643,0.036858758355111675,0.02096886160647336,0.014857358246660445,0.008571242407817203,0.013984280201977213,0.006999711783262605
0.07719697408516556,0.07807620153756478,0.08932992129021138,0.10761734799904718,0.12062946364253746,0.12203625975580608,0.12871821671708086,0.12660807083132272,0.11570595085625118,0.10216625045717656,0.10199042106141165,0.09864945867548922,0.09214332574507438,0.07965870901868878,0.05117264086499042,-0.03551658396265819,-0.2213799668737347,-0.5243539624933824,-0.8533504511707976,-1.0,-0.859328757924904,-0.5503782581592227,-0.27290142410184914,-0.10550098076597961,-0.009668069408437993,0.031126839724930837,0.05099677123243817,0.0826480394376063,0.12660811375056255,0.1533358664869919,0.16546880296222777,0.1753158178049904,0.16529290918760312,0.15228075062487303,0.14331293640998474,0.14595052756379778,0.14348876580574965,0.13610345907198537,0.12801475964649178,0.12590473178864317,0.12748731437843688,0.10919986620998115,0.07473520696221246,0.05785456027193033,0.05732705330746818,0.06506400542049982,0.0756144022251818,0.06963585405035132,0.056975367691413474,0.05029342145994866,0.04677661894845135,0.04660078955268644,0.03868796780710255,0.033764441608553825,0.030071804336386624,0.02690667939358655,0.021983158559942803,0.025851638640137356
0.05477762808067129,0.050892973823796095,0.05755240006859347,0.08215523387828516,0.09510405130053198,0.08714975347248623,0.08382001918555361,0.09288424725549596,0.09713888296289978,0.09140437789213861,0.07808558748517673,0.07216609310012018,0.060512121863681025,0.03202461968742485,-0.017366011848813204,-0.09857391935537003,-0.253035713090348,-0.5168235107329332,-0.8398052250407039,-1.0,-0.8266715198939245,-0.4259963028018471,-0.06601669741562115,0.1313608507027871,0.19592029842002015,0.16946754324799607,0.1193369798520172,0.08382004740493218,0.07494083686866378,0.06439677894249407,0.06254695352604882,0.06624661000281505,0.06735652331308449,0.07716070299633267,0.08382008691206218,0.09806381260274954,0.10083858459067173,0.11138265944846858,0.12007690324594446,0.11822703267849348,0.11508228770585624,0.12007690324594446,0.1250714171962698,0.11434235302417757,0.10509320336644841,0.1054631142685306,0.10897787173301288,0.10527815317361379,0.09325423717183816,0.0782705711555964,0.06199199687091409,0.0429386647079989,0.024625274281607018,0.01445116852836067,0.009641593309094582,0.012046384340327294,0.014081206478654814,0.012971304808879033
0.07207458185299079,0.08013262527576874,0.10251599363537778,0.1406572440105957,0.16196624919466518,0.1546245280181112,0.14244795674913113,0.13743407253366133,0.12991317518684967,0.11218555177301599,0.10663447777474483,0.08693708018256008,0.05989799965730197,0.021398627768291326,-0.026412269524073495,-0.09750183554593266,-0.2622438563108436,-0.5501845948393921,-0.8648048814681373,-1.0,-0.8476150706595043,-0.5215339340390212,-0.2280419685382789,-0.054883890738046275,0.03679840466017064,0.08317674077624186,0.10985769295851426,0.12543653538772503,0.13510613723219828,0.15032690048861277,0.15587788707321384,0.14978967792568512,0.15211754766689561,0.15945932347699343,0.150505912758239,0.12615279207369642,0.11182738518654964,0.10573909955205961,0.10538102584261771,0.10144151572939623,0.09213004769126305,0.08013260342235122,0.0702838909678729,0.06759787649361357,0.06455375552978608,0.060077088413889534,0.060077077487180774,0.0693885291352508,0.07511869189010952,0.06777696525020113,0.053451632118338484,0.05022841147121467,0.05434694204909396,0.040558774114937954,0.025875290786672087,0.013698743846692013,0.014056883634722094,0.026054354958164935
0.05247567665601413,0.04828534316013636,0.057015209617258936,0.06923706572067466,0.06609430558401189,0.03850787329953545,0.03326994641493379,0.03047637823257222,0.02558765331702621,0.02593683776026158,0.017905340189609736,-0.017363373926175527,-0.07113948194452234,-0.12631236153560688,-0.19859585469360508,-0.31941757780727636,-0.4716669022875754,-0.6913105768943286,-0.9238753678041138,-1.0,-0.8393695879082588,-0.5491883123154209,-0.27786317692287293,-0.08440888637026694,0.06679268949261429,0.18132873710426614,0.2445331342955114,0.285389006057373,0.3210068007133163,0.32833996444913793,0.32694334685324977,0.3213561754368861,0.31018201286973873,0.29830936123906726,0.28853173614977246,0.27421478340169897,0.25012026565285733,0.22393066127411237,0.1827254949067165,0.15758349393144988,0.14082207982990325,0.14291733671063214,0.13418740515760566,0.11672760214007939,0.09996622809755053,0.10485498055367126,0.12231476354168865,0.11568010889889996,0.08355407855727481,0.06330074491271614,0.05282487111400394,0.024540044906170656,-0.0030463779503533566,-0.027839258991486482,-0.04425143106495969,-0.049140176010014594,-0.029236056852954627,-0.0037447769202075642
0.09003911261533555,0.09660174893555719,0.11068740809363087,0.12925493937085253,0.13933902710748872,0.13965905827497588,0.13421689730992045,0.13165592519927316,0.13965917548104345,0.15822665792240362,0.1681505835677118,0.16799057775114049,0.15518533627818437,0.11757019767099339,0.046821699787622593,-0.0693850932635875,-0.26658508331605824,-0.5551823453216377,-0.8625050151774493,-1.0,-0.8697081094031233,-0.5622253751277067,-0.27650901872853867,-0.10091778392578589,-0.003598607038732261,0.05338434343322346,0.09644167474877982,0.13485708661813464,0.15886680816192864,0.17455324825646518,0.17231226824461585,0.157906480247332,0.13133573775702923,0.1138887843902829,0.10876666435988694,0.11660985022205217,0.12317249142585995,0.12205206002296907,0.1244530165498728,0.12221211467540184,0.11725002976309407,0.09612156544391427,0.0767537560209426,0.07067130319236388,0.06795020317549157,0.06458883571302669,0.05962683870526959,0.04842234642546635,0.033056164585172895,0.01752990916855035,0.009366618885105737,0.011607527016671441,0.0212113871567773,0.02505293872133335,0.020891262590705045,0.006485459332214513,-0.006639829790332016,-0.009200859283116565
0.07783087940147956,0.09351073653298754,0.11899055545042651,0.15590369966225642,0.17419689455433457,0.16701032036188937,0.1528004545082961,0.1420204786039224,0.1444704242007811,0.14610380764240727,0.14708380182768374,0.13287395590725673,0.10739396755790469,0.06999085116989436,0.00874119590277135,-0.10134491350498183,-0.2766010585675803,-0.5562273218892745,-0.8631275585223841,-1.0,-0.8729279787711387,-0.5590039322145587,-0.2538977802093437,-0.06394170243443183,0.04042767082257535,0.09498069791115289,0.1216038533446642,0.13793709973252188,0.14822706857767423,0.14920709266270007,0.14692042959713852,0.14332709765129187,0.14153044164495165,0.12911721186453234,0.12144056084678394,0.11703055711329044,0.11017064764927073,0.09873736222121228,0.0936740290308678,0.09596065721338844,0.09514400535890782,0.08697739711485367,0.08730409672632009,0.08942739752791953,0.08452745151799497,0.06688752628326906,0.04745096746701497,0.04010101606073298,0.04304100359985396,0.04091768037344249,0.0289944115567976,0.012824508901286525,0.017887811413242336,0.027197753058811613,0.028014421108989794,0.0198478041441754,0.004657886797452705,-0.0033453940656802735
0.04738042564072671,0.04879695783771695,0.05262151827293638,0.056304529644918194,0.052054941697637205,0.04327250776833975,0.03774803608973818,0.03831462995241684,0.04851362200977378,0.06069574012679962,0.06381214899241303,0.05092170211014142,0.034348347580164924,0.014516955167207276,-0.009564021411417097,-0.08279851201620222,-0.2638313622306834,-0.5705109610404975,-0.878745352186592,-1.0,-0.863022411393863,-0.5744773428151814,-0.29542010672022,-0.11268731068759778,0.004884571558755445,0.09242599478297006,0.1641024867828105,0.22373855234974346,0.2656679157530824,0.28153304524209005,0.27615023931653765,0.269917482091139,0.26297642635340873,0.26170160312791635,0.2507942174776406,0.2269964627383009,0.19724939464762759,0.17288501147085025,0.158294670632576,0.14597086083143176,0.13279713430520035,0.11905677934153126,0.10163348647724318,0.08690158793204157,0.07613594150617777,0.07202802795563568,0.06622024638016016,0.051913288910122674,0.04143100424327128,0.03930619082132886,0.02669909921530235,0.01565017530640114,0.00970076039171301,0.0021931626534425386,-0.013671957111414156,-0.025429139555581966,-0.030245327848308922,-0.025854078469823655
0.09109465573324153,0.10610258256270062,0.1287007963426895,0.15302398610441156,0.16371929403247698,0.17044706141324714,0.17475967505149195,0.17079203976751745,0.15802664066157857,0.1483664151644918,0.13611850990570262,0.12231808100027353,0.09385470888280452,0.056593657153752634,0.002772087843453976,-0.09969588467445858,-0.27754913679805315,-0.5595959150518792,-0.865274000046409,-1.0,-0.8542340190267064,-0.5356176404866413,-0.2394254760257112,-0.05743216259879317,0.05038346519893931,0.09971986722028463,0.11766040479737684,0.11593543934194138,0.13094336090825162,0.14681381783376804,0.13956857765844355,0.11766042584997223,0.10731009627617713,0.09799482281761647,0.10196246862788866,0.11507280924605595,0.12249055438796215,0.11162278359850579,0.10437749079169284,0.10834513660196503,0.10006494031123418,0.08850709176081373,0.06797896915869832,0.05486859433006352,0.04883091523655517,0.059526225796195,0.06245881022808391,0.05210850960160747,0.0457258416275311,0.04400078933013967,0.04262073380803953,0.043655768870678575,0.03554803280976424,0.028475330495701744,0.023817696397995834,0.01674498261191358,0.008982264666714368,0.00035702489024622955
0.0647751092566945,0.0731646769960623,0.08050552877062854,0.087496826332377,0.09029332402653709,0.09903247797453162,0.10672292662299424,0.10986902119105069,0.1138889852932471,0.11284031198952413,0.09990641150028948,0.0815542020743515,0.06844555647451692,0.0560359819718741,0.016185577870955637,-0.06840915728832711,-0.23183118040288792,-0.5219711810645713,-0.8514362066452034,-1.0,-0.8584274188847946,-0.5446930687845682,-0.25665032940817356,-0.09043177127100888,-0.005312667464055705,0.041878593744063816,0.07963164323858411,0.11301508376329819,0.12804642684740564,0.1327655633668555,0.1325907809278118,0.13224117338864577,0.14237858684899,0.14692293026412648,0.15496293312540688,0.1600316238576745,0.15758461638471427,0.1425533692880337,0.12367684454077355,0.11196636779849663,0.10934465254338024,0.10882026256517051,0.10532464578010524,0.10689765573568968,0.1086455227872054,0.10357680005912882,0.08435073709695537,0.06774637339199381,0.06355163218338852,0.06145422158432468,0.06040553761533206,0.05900729410088685,0.05586120486546521,0.0467724940383355,0.03855772206959847,0.035236861060402774,0.02772121351520577,0.024924694490506386
0.04676611022572999,0.04607207877352757,0.047460146971639375,0.06324925001797124,0.08216142578102337,0.09205133559553227,0.08996928888228775,0.09170427487292183,0.10506430489249402,0.11339262938185332,0.11426022560445626,0.10784044128871763,0.10246172797296398,0.08910170854080572,0.044510527857473274,-0.03408795576696392,-0.20880941702138742,-0.517999425820093,-0.8513051072906294,-1.0,-0.8625830747158361,-0.553047746824113,-0.2639846871952263,-0.08457839585345645,0.01674946828338799,0.07643574173567776,0.11963890715796809,0.14410331865751863,0.17186444969664802,0.19008271046905104,0.20066656703645083,0.19580838392698272,0.19476734468923954,0.19841093967168488,0.19598193281626233,0.1836629790903821,0.1703028802526193,0.1550342730034777,0.1404596707380036,0.13056979797944349,0.12085346352274906,0.11321915460447127,0.09743002773645805,0.07903829748037992,0.06047315597140339,0.0497157108119217,0.04399001353230866,0.03895831329580273,0.03115051371902199,0.01969908078042038,0.00408349254512952,-0.0012952124992069898,-0.002336249751810046,0.0020014124153597524,-0.000427681124514424,-0.0037243126562148776,0.0030424503296761795,-8.066208984636037e-05
0.024397380507336155,0.026826783581606922,0.04188907720652171,0.06245801714092733,0.07055599938710647,0.06958425891136963,0.07428107537114316,0.0810834464753286,0.0802736166256113,0.07217560967232327,0.05743726577641381,0.03670635344821642,0.015327617018690511,-0.0007064325239041687,-0.03374628629141798,-0.11116324976334248,-0.27037045357596734,-0.5526681477763488,-0.8634685953015424,-1.0,-0.8773965262599646,-0.6048194783896387,-0.35005503056097664,-0.18372135767250766,-0.07407437584188614,0.006419808011182688,0.07395716023209029,0.11768643533465117,0.1542894143111302,0.19202617286633183,0.23818478433396945,0.2670138691530845,0.27592163183476315,0.27252051052115356,0.2645844685495246,0.2550288854725838,0.2495222045731405,0.23672726256595625,0.2270096206203425,0.21923561775169936,0.20401125537526812,0.17291474975851764,0.13874123068265987,0.11558091528019171,0.09420218008602124,0.06877444882733945,0.05500783552432326,0.052902359942659814,0.05581764560835344,0.04043140225443333,0.02018641575509937,-0.002164074121395539,0.000265329416133518,0.02520718812065545,0.04302277772249587,0.03816400863461768,0.020510349424483917,0.015489568411439723
0.020065430347702824,0.033634479183681676,0.04933940609940377,0.06202895475582383,0.05976744693593336,0.04318306009000855,0.016673159034687093,0.0058681753119077095,0.003104109240390239,0.00410921999373622,-0.006193194756233519,-0.022526304093506453,-0.03697483969259207,-0.052679762775042153,-0.08220502675657762,-0.14791440052327265,-0.2999385184073245,-0.5729536266503655,-0.8680788945034453,-1.0,-0.8621730796526631,-0.5572484352388749,-0.2658902617856402,-0.07177693225423992,0.05725468730229244,0.1527405921973614,0.21053486492495213,0.23930630063306813,0.2589059890728548,0.26933420623989673,0.27410859252486036,0.2737316132225265,0.2712187960898055,0.2615445068612552,0.2502369984279789,0.23679360616505132,0.22548603639942288,0.21091181356110994,0.19369927226454098,0.1763609229806764,0.17234051063346856,0.16467649657741837,0.14206132637998542,0.1175615816657318,0.09884133782305979,0.08979533720967396,0.07961852135399076,0.06604947443464791,0.04984193655980871,0.02961402467048173,0.017803914861268335,0.005868185853405731,-0.005816279017335872,-0.014736672755443056,-0.01209824936136584,-0.004559884690981915,-0.0036804103860091767,-0.006570114582956393
0.04895172228342464,0.05385408146462606,0.06202459700500543,0.07182928364024312,0.08118829878676133,0.08772474747868213,0.0906958605204643,0.0912901012586294,0.09515255727785056,0.12025856219485757,0.1569517720012502,0.17611549644526692,0.17611544205584095,0.1571002823288177,0.11505907811212145,0.02072615291894608,-0.17492194455670548,-0.4998145698006619,-0.8446113680686688,-1.0,-0.8827898443190141,-0.6042496283347132,-0.33684829426656315,-0.15174711779233527,-0.02918855751412498,0.05652805600751704,0.11624747800431269,0.15769450493717413,0.1882971505656171,0.20968916446644884,0.22008809637230375,0.23226975049265397,0.23004137945170003,0.21221462868177232,0.19423935851937282,0.17136171557841542,0.1516037413313293,0.13377694523688,0.12471510484887029,0.10703703663969226,0.08163395667812433,0.062173179851807515,0.05221995569428937,0.038255708534330544,0.03825571759923487,0.03855283116963917,0.031273620080855394,0.02384581708036521,0.022211701508045887,0.01775502627980741,0.015972361854077223,0.011218581553782253,0.004533574801907133,-0.00690521536632382,-0.005568213364408797,-0.0021514333663592887,-0.004973998687843646,-0.004973994155391483
0.04274767107118066,0.05178973187944363,0.0744714880756519,0.09056333067620363,0.09056333067620363,0.08014193180053718,0.08336027974698139,0.08949045139350247,0.09761294413849668,0.10221062547651116,0.10895388769826582,0.11370485220071341,0.1124788113252427,0.09102299313617443,0.053475519379883006,-0.027749728364634317,-0.2161006389392302,-0.5324204566373095,-0.86651528596978,-1.0,-0.8611507960396099,-0.5647572473211839,-0.2938012038621812,-0.11709746417831265,-0.015336043459243843,0.03876304991548387,0.07401172274735038,0.1066551171667568,0.1379192623595908,0.15876187307759512,0.17071572485510247,0.1765394564202541,0.17745900578019,0.16903001216799454,0.15493043923175057,0.14512211222798482,0.13822573517179276,0.12535215635268737,0.12305334841451264,0.12611851606485444,0.11355155968461386,0.09178927803501007,0.07431820958705199,0.0684945201043993,0.06604247576012358,0.0675750034752959,0.07033358609343858,0.0726323893557801,0.07447147872398546,0.08274723593007995,0.0753910093805885,0.05975896016333758,0.05010391164817175,0.0511767207933747,0.054395050036486044,0.04811159054969862,0.035697924347641005,0.03309258047351591
0.06615585170488233,0.0714895879824414,0.09030589448615672,0.11252988680333674,0.12364175639172095,0.12364180159536588,0.1220119932182931,0.1149003388210617,0.10304757245161371,0.1083812861273503,0.10838130420880827,0.09919543536050902,0.08497207232167231,0.05948866666674891,0.011633129569676734,-0.09030061283967589,-0.2706113255945717,-0.5519672194910592,-0.8644341242156923,-1.0,-0.867989951414308,-0.5709316312170096,-0.2963911270289094,-0.11489516566332869,-0.001553059003204226,0.07223037627475734,0.12082673556687917,0.15727388298612924,0.19031358869159723,0.21031524325401632,0.21787128564378486,0.2132783602603642,0.19683262330385065,0.1866095658634566,0.18186849909488492,0.17623845744520136,0.16868223424085316,0.1553478822460443,0.13816132987502783,0.12186380662949715,0.11401139106213676,0.11001103121932018,0.09771379549077422,0.08008285512722065,0.06171103606406126,0.05563648437199929,0.054747536613074355,0.05148802834767663,0.03874629613784573,0.020819017629525087,0.0036325183727914066,-0.0039236065136290955,0.0039288382948391145,0.011929443982530217,0.011336819677187743,0.006595709541369232,0.0020027642400925437,0.0011138077229613994
0.053056790590993504,0.067079061172959,0.07902400802296951,0.08283248944299382,0.09148824619282671,0.09685478643372065,0.10066333123477222,0.09321936690863011,0.08283244190722337,0.06569414875505947,0.04682464509730354,0.02189609877437151,-0.0009550432698833707,-0.032808141118808545,-0.07227835629903628,-0.13771575457985027,-0.28070906693464054,-0.5479993449529399,-0.8613360871647804,-1.0,-0.835196399394125,-0.46663513432026876,-0.13338790789544744,0.08490988183772834,0.1943184012372305,0.22218993332375045,0.22045882845320386,0.22409430079581713,0.22634493994681493,0.2168234828726451,0.1998581565438741,0.18410471771033474,0.17544896096050183,0.15744495692049648,0.13424773334039225,0.12299520308618948,0.12334141138409335,0.12126399258059746,0.1082803574558481,0.09650851475478954,0.0923537616558341,0.07296494555122239,0.05755774142434826,0.05894265912400007,0.060154493801709036,0.04786332544941399,0.03107119834113578,0.028301352378327614,0.03262922018973952,0.030724958352718285,0.032109865488865554,0.03453348994938917,0.041631198441856976,0.029859397994816583,0.006315780595259942,0.006835125392848406,0.009258733678005693,0.0018148003821581759
0.0820035064059373,0.10183590937693587,0.13418550012260444,0.1611705329330841,0.16263359779522188,0.1600326784625906,0.15905725559689124,0.1512544281625861,0.1506040966546833,0.14702782389276386,0.1388997860668144,0.11158949326725386,0.08671773779296704,0.05323026281834306,-0.012281639627869908,-0.12542382032415655,-0.3063545745979128,-0.5744177681899685,-0.8696265910921445,-1.0,-0.8613357248819082,-0.5467824733079972,-0.2489702809598229,-0.049508069436262195,0.07306263603087969,0.14101305348351995,0.16263352835881068,0.1666975224730671,0.16913589116705646,0.16799802677707568,0.1592197665575839,0.14361398273563855,0.13402297924242446,0.12654506461514417,0.12475695799264641,0.126219953418373,0.11776680439565239,0.1075254892335101,0.10118561754698233,0.09907237988873875,0.10037281475633611,0.09143197909948411,0.08021529562882271,0.07094934877519954,0.06623507771022052,0.048841127748853505,0.04201358926716897,0.03941261041761377,0.03794956291457876,0.027870809550501627,0.016816688420377347,0.015516204517189366,0.020880704311008278,0.015191084931476775,-0.0007398623195401392,-0.005454106105929031,-0.0020403517443177382,0.00852610127321788
0.07230342900294594,0.08246082238790188,0.08894050578537288,0.1018999153254971,0.12764353259013844,0.14480603315236226,0.15829083441339672,0.16652183601457995,0.1726511745554623,0.16301923166604212,0.13990257300595194,0.11188213361058483,0.07633133423888178,0.042706956038264215,-0.0028260856626915474,-0.09651911698285867,-0.26656794744236634,-0.54642206600037,-0.8525439966788232,-1.0,-0.8586734848278432,-0.5264574157042835,-0.20825035338386186,-0.021914927248784202,0.06827550239441897,0.10890500647332166,0.12957003658001445,0.14515634060691648,0.1560142046359909,0.14778327783887651,0.14182893807398575,0.1498848126636308,0.1563645120905451,0.1533873956395775,0.14515629786173426,0.1293948881958851,0.11065626590240836,0.09647095125207324,0.09016637883669712,0.08631358992600395,0.08736436268152885,0.07247859875966638,0.0521638093181806,0.037803393036259195,0.03920442115064749,0.05601660624359544,0.06512322687302648,0.057242527383249676,0.04953692284612444,0.042531826355152104,0.04043030488826729,0.03657750128391773,0.025019129876583893,0.012760233725760352,0.01346074110401978,0.01451150167048882,0.012059723008033563,0.0012018529679179068
0.05980937301553823,0.06080996675799066,0.06931510897081325,0.09032787012837687,0.10833881189779243,0.12184703984930222,0.1341878020084121,0.14869659571779442,0.1622047829644607,0.16270511672445132,0.16487311774609112,0.17454557565220322,0.16870876567695833,0.13502166107976388,0.07448488867575762,-0.031245871060779487,-0.22302914275827493,-0.5317176815281114,-0.8572478696451118,-1.0,-0.8742575282337883,-0.5910871611353027,-0.31174994879602025,-0.12647034434848534,-0.024575135868812166,0.026956086784852045,0.05063712421083358,0.06848127533998867,0.09249584062138405,0.11400888465788393,0.12501560662881453,0.12601613168184356,0.12951832553482576,0.14235953339224588,0.15536734617407805,0.159703317688725,0.15053108160428394,0.13718962139656016,0.13752318741276479,0.13819024821169792,0.12184694826340435,0.10416957759829885,0.10200161728150256,0.09849945904525843,0.08499127688669758,0.07398460070871592,0.07114953888814297,0.0569743111949653,0.044299962667229034,0.040464286751781924,0.03446064034332764,0.030291442296585296,0.024621339961880945,0.024788111839752616,0.017116784495365814,0.012280527875736455,0.017283567821474714,0.022286601248077884
0.05816412629933782,0.09105162146549757,0.12478685171309879,0.15326671201489994,0.16394666480025089,0.16971048545885734,0.17411805825710985,0.18174654128364806,0.17649136270834162,0.15750482365497753,0.1363143482093976,0.121904801735057,0.10647820901418953,0.07681162407631544,0.020699458174533947,-0.09423731956754762,-0.2869858979578409,-0.5739898338554541,-0.8672641015586666,-1.0,-0.8679421117009825,-0.5473745635111277,-0.22629637677822884,-0.017782314383771182,0.0996972800429502,0.1546228874647968,0.17004949053001528,0.16055621065898223,0.1515714487390371,0.1508934282523702,0.15089338687496617,0.13902671979789333,0.12749915089113747,0.12088772445547712,0.1139372515712548,0.1059696703743996,0.10342683235453586,0.11054679742998615,0.1047829871157307,0.08816967493096582,0.07545544345424308,0.07240403058936089,0.06969166417304065,0.06308028945913532,0.05782505916207384,0.047484121792231854,0.04121175732165997,0.046466997963072465,0.049179354035041686,0.037651779956110326,0.022564217520756387,0.004255695721449507,-0.009645209962634993,-0.013713764759290838,-0.011340442205444825,-0.012018532516481006,-0.013544231190658848,-0.010662341550057637
0.062997722550867,0.0830542578159461,0.10107123718977476,0.11806832452971443,0.13149604644963614,0.14220413233802973,0.14730324505685316,0.13948464150974638,0.12282744385087059,0.10481050077785313,0.08407398908909978,0.06469740431854408,0.04107147511138105,0.009626865866116234,-0.04782324521146511,-0.1336586342903507,-0.2924118932437381,-0.5543378864909568,-0.8573952295090397,-1.0,-0.8658931871802001,-0.5388706709097467,-0.230372271903029,-0.02742676840702043,0.10192104955154735,0.16956942625695945,0.20152395170064527,0.2105324439804747,0.21172223936825424,0.21886123987145908,0.2307591937492546,0.2234504299095738,0.1920056508283709,0.16532012589990858,0.15359216353511654,0.1418642115419848,0.12996629915083063,0.11568869226751395,0.10362069501841323,0.09495217539293044,0.0845839843714309,0.07982481319197303,0.07047643123107973,0.05517904640213782,0.043111116568829315,0.0465105475199757,0.05143971539826722,0.055009086004115366,0.057898609832043535,0.05602891062221213,0.04277119577278441,0.025774092875354225,0.0023181294343581765,-0.014678949012693041,-0.028276632627094737,-0.03490547449431808,-0.03677513999625338,-0.02623697042632579
0.07663889604076402,0.07801521567259756,0.09659575903477736,0.12463856088568553,0.1382298727522981,0.1408104910896882,0.14958463962820223,0.15371366676097986,0.1452836440593607,0.1280794518231423,0.11087521759475341,0.0929828051788732,0.06528409767073201,0.03276815728495997,-0.020220748241316096,-0.1215535664891539,-0.3032304243940067,-0.5826278080674778,-0.8771626553237869,-1.0,-0.8590984634366099,-0.5385847819975655,-0.23424129858549247,-0.042070067132292166,0.07474642964575867,0.13874603001351246,0.16145553227119294,0.15767066246943795,0.1599071759660185,0.1514771532643993,0.1397782920457282,0.13341273042028476,0.14149878475564834,0.15268146771701985,0.15216534194993328,0.14700405278493991,0.13874601951546986,0.13324070949400782,0.13048803873621287,0.13306869906577345,0.12687517936269221,0.11139138535401043,0.08506893973846842,0.0740582304621821,0.0654561290950516,0.06184328546859487,0.059434661812375146,0.0623593902395962,0.05926262513903427,0.04687561460248897,0.029327329335758906,0.010918841018494552,-0.0006079690920271091,-0.003876772178185241,0.0012844986152335499,0.004209196204454421,-0.0009520568735174576,0.006273709770843245
0.04092405107858622,0.05344226301761909,0.06995934663093889,0.10820940345016174,0.12090151904428445,0.12298793853662791,0.11481621992074029,0.11012191663511078,0.10751395857729622,0.10055940375645737,0.09412640341491717,0.08525935132295681,0.06943775501937598,0.03675132349069209,-0.01575558397277335,-0.11259778637600022,-0.2737702945573524,-0.5444774230987776,-0.8536071302638236,-1.0,-0.8499561162935035,-0.4893623639592624,-0.12320360978839981,0.1224662090052263,0.24590972682260964,0.28781102571034733,0.2881588595435729,0.27529303921720466,0.25112589755947945,0.22504610479696655,0.2064426494327859,0.2048778321612237,0.19444599992996545,0.16593227211843437,0.13880956136325465,0.12124923617610803,0.105601381737037,0.09673435616812255,0.07778320489055505,0.05552862946387074,0.03188315102993244,0.019538802961420527,0.005803545420662182,-0.004802148194581507,-0.007583960839850979,0.0031955928332258327,0.012062654539790324,0.009628561844418059,0.008759235239417839,0.014149015681432797,0.011714923814905716,-0.011235112730009737,-0.029316960568799923,-0.031403332319660755,-0.01888513364215083,-0.01766807328698108,-0.020276049910927782,-0.011061243554879583
0.00039340923148709685,0.0076314941882877525,0.027371748808036032,0.036145173730796336,0.022107670887544856,0.01706294920807683,0.031100445787646036,0.054350060980975036,0.07145826515706023,0.08725046968801649,0.11006137239929918,0.1462519013170202,0.20985934423133976,0.2631581023798751,0.27609885324852806,0.19011899043662217,-0.05049251352057042,-0.43696297907847975,-0.82869821156193,-1.0,-0.894060788358031,-0.6468683591502177,-0.3911218111512089,-0.19393832053800025,-0.05531790401374438,0.043383263646345455,0.10764871055901765,0.16270201797898914,0.21227199772004493,0.24078571588859418,0.24254048230101577,0.2337669843019623,0.23420570931137313,0.22696753170427222,0.21314934751995027,0.19582174743285422,0.18112631366754325,0.1637987302835999,0.13791709492107215,0.11751882899534191,0.10545528594979611,0.09229522268589586,0.07803836360162124,0.06268483397061765,0.05742079363222011,0.05413076528888051,0.03329380358425668,0.016185595232383304,0.008070164912452245,-0.0035546409388632857,-0.015179447149035614,-0.023075545238725563,-0.028778270916546236,-0.03755171671824744,-0.04435111920647934,-0.046763835332007224,-0.04259645301297409,-0.03228764088565036
0.042769946626148345,0.05602884854896686,0.07505914633934316,0.09564939417029152,0.1025127498311667,0.10173283668004372,0.10360471200406732,0.11124808551772604,0.11171601627540083,0.11000011787060217,0.10485258446786341,0.10563252617398472,0.11015607575316154,0.11514775597500147,0.09128171204951267,0.011572657032471763,-0.17701517471222986,-0.5050561758293308,-0.854932232338022,-1.0,-0.8644478238356842,-0.571662613106458,-0.29260161989579475,-0.10292145506066208,0.005957143793154837,0.07115949491873327,0.11577167317023397,0.14026159145845776,0.15383235441598156,0.1592919178038324,0.16506341599346752,0.1649074676292409,0.1557042011850068,0.14431718172496147,0.1354259928575033,0.13339813109592202,0.13012238735221185,0.1252868363429213,0.1187353678921665,0.11467973003399891,0.09939304011667813,0.08613419292427309,0.07193941282902264,0.06460804550464405,0.05836860703900135,0.04448581171678228,0.03809036063816673,0.048385460757808973,0.05914851067179155,0.07100351799950834,0.06445205906708634,0.04744953499371315,0.04043015482194914,0.032318854119990414,0.028419197940214143,0.017032182941887287,0.00814095629854592,0.005957141413571642
0.052345516819086356,0.0660123375523201,0.0773458486307957,0.09717940275794423,0.10367951913266686,0.0895126417260041,0.07434576792934114,0.07101235001280573,0.08551251378374156,0.1033461208966167,0.10967955849363735,0.12334631312082098,0.14117995582926154,0.13867989620567056,0.10367944794153598,-0.001988455595441813,-0.2006578260635731,-0.5174960083963303,-0.8486659620500995,-1.0,-0.8631658461415925,-0.5458297937201404,-0.2616586381249827,-0.08865619635124056,0.011345026651440883,0.0816791968312812,0.13451324203812937,0.15701342269479376,0.1715137339330721,0.18918059616219515,0.19768069514675662,0.19701406139724115,0.19884731437857026,0.18834719210352374,0.1633468399514913,0.14934665657777285,0.1435132146332119,0.13967988751059,0.11884632173819894,0.10334615140710135,0.09751267895205575,0.08184586543882162,0.07117909998163857,0.0693457554688555,0.06584569945526433,0.060345589640703454,0.046345449490171595,0.028511903398265787,0.02634520260134896,0.031178601118912522,0.029678581108508344,0.01917845629092144,0.006011634269141321,-0.0031551460183863126,-0.017655290720269237,-0.02565540930761332,-0.024322055362209175,-0.016488633350349786
0.03688031069390447,0.04760928611406513,0.06952714441467887,0.09527671535156071,0.11029734126441083,0.12102630499375266,0.12378519794885812,0.1247048445216517,0.12163946505998217,0.11627485693446785,0.1063122591140173,0.09604309996576213,0.08194206450977519,0.05956450918360806,0.013123258619663628,-0.08006572083121613,-0.26184600101382044,-0.5513766302784713,-0.8597573113680763,-1.0,-0.8804497240094799,-0.5892348686202621,-0.30675449520926273,-0.12374806324199063,-0.010940338415235467,0.05849155856527448,0.1113702217378314,0.15076097678633815,0.17099287404486987,0.1814154167362331,0.1926040728148008,0.19689574435096416,0.19061154576858663,0.17819668178942072,0.17359843022014262,0.1714526879786116,0.17298536368046377,0.17559099467697706,0.1766638751503976,0.16854040212774304,0.13880578645108796,0.11980017191439499,0.10447295661577503,0.0870000271335893,0.07289907585149796,0.06676818599098795,0.06033081897656894,0.04132518105823829,0.027224234452474506,0.025384969364852517,0.03473452168909813,0.039945734580685566,0.03381488914528714,0.023852246899725017,0.016801772427761236,0.003773705418606602,-0.010480531495985037,-0.016458098605644927
0.021985149561567694,0.03325141182333311,0.058003016375565916,0.09248454072831115,0.1129686312052689,0.10665275860086262,0.09572786382079684,0.0834374262005404,0.07626796172257873,0.08190111498788405,0.0878755810498449,0.08258386036748219,0.07814568989387938,0.07473166092612125,0.04861447447295199,-0.023591907741223068,-0.1852456530861222,-0.49336179476881514,-0.853880812207057,-1.0,-0.8270815990920121,-0.487216529085792,-0.2158012183368718,-0.056025065752687925,0.03564120814350639,0.09436224806721405,0.13191648859106186,0.14403624637654308,0.14915721431073842,0.15018145997857188,0.14488978096100466,0.1399394303643913,0.1443776789594857,0.15291267065333972,0.15086421056626947,0.145572469051509,0.14608462313402235,0.14540187254632475,0.13806165011209628,0.12013812172372777,0.10528714284727983,0.0970934587419819,0.09641060399229555,0.0923138452692376,0.08173040390451218,0.06346540647650499,0.04861446145270339,0.04963868108003965,0.05527179528459919,0.0554424855355733,0.042810630956672556,0.025399161603002648,0.006451382420077798,0.0078169883270976,0.012084506308447226,0.01822973358173704,0.011231000368532553,0.0047443766434899825
0.0444761853053049,0.05835963937934339,0.07884619068238012,0.111692446511399,0.1306552405178568,0.1306552405178568,0.12963938854498627,0.1264225015796088,0.11575596804787897,0.10762896630037279,0.09780899502020136,0.0954386134838834,0.09340684754996169,0.09696245343136983,0.07444414136009311,-0.010549690798789051,-0.19238932349490345,-0.4954563366528599,-0.8400027202194932,-1.0,-0.8660757755033309,-0.5648737594106631,-0.28788075202198066,-0.11738459607563281,-0.010888320606810052,0.050232728031267306,0.08917410861171368,0.1130468882582572,0.1347186690720658,0.14673970633883449,0.16130044069164187,0.16519461051862908,0.1528349524837824,0.144877302445769,0.14166041548039152,0.1369196937332093,0.14098317394423554,0.13234834435824674,0.1325176960677395,0.11761833061549072,0.10932208047212619,0.10525869324337092,0.10492004148120261,0.0932375629943313,0.07376688949257369,0.06801034160092957,0.06039136915349305,0.059544791404889476,0.05311099681140765,0.04346031008686663,0.03516410643463757,0.02415892243215986,0.022804438068427465,0.023143079499232333,0.020603410824443103,0.015693408395891804,0.01349237630908083,0.0070585771956275
0.05533343811820262,0.06044123401347583,0.0744464495255545,0.0879573536143967,0.09207646131133589,0.09471278555055285,0.09685476820413591,0.08944022253224498,0.09059362758295128,0.08861638691707167,0.09520711708205426,0.1070703298322849,0.1176154759771656,0.09141746319812458,0.033748932432996426,-0.05687299780373273,-0.2181804033658325,-0.5173988661587937,-0.8584660467264739,-1.0,-0.8393533821866925,-0.5159158011853622,-0.24009451116250222,-0.07318491282176674,0.016283620533238757,0.0742816522401224,0.1143201234623399,0.14018858188704664,0.15617096265901131,0.15781865399762288,0.1507336978695299,0.15452335175345958,0.17100005400279317,0.17709642750094315,0.17132964857365737,0.16688084576452925,0.15468815909302414,0.14644972250823127,0.1350808111271046,0.12140514996936022,0.10888277823979865,0.0943832211420861,0.07955419515016532,0.07378739108754832,0.0665376175657583,0.06917388148018039,0.06587852393828846,0.060770748151280196,0.053026713476916086,0.040339624894982225,0.028805923769022836,0.015130245644929893,0.003926076251506704,0.006232822257824757,0.015459778005849375,0.022544770580172596,0.015295017795030792,0.015954083145253036
0.08423873096016088,0.09127809886454158,0.09813695998931407,0.10662024445683144,0.10680070718084636,0.10643969362162993,0.11311803695289588,0.12051845145818797,0.1329726482782721,0.14289991539231608,0.14235841708128807,0.13351411354760512,0.12376735321316935,0.09037559800819549,0.0318949630345045,-0.06286536765594235,-0.23957105270287482,-0.5272826028844424,-0.857048146558446,-1.0,-0.8494673243986305,-0.5200627282004535,-0.23848805608081883,-0.057269993411986575,0.038573288468185675,0.08911210011348045,0.12105996078311429,0.1558955664678349,0.18044304567387162,0.19018987209169735,0.19091184414063858,0.18946782294546785,0.1937998094336918,0.18802383479199208,0.17376469132870737,0.14380242726256048,0.11636702681906384,0.09994183504217555,0.08586321487934655,0.07232603245110475,0.056261884521653274,0.04615412439537398,0.046334628421507616,0.053915453334797594,0.058247329684038326,0.054276425591895314,0.05283246497316535,0.046334617407609295,0.03550487559522773,0.02864603099130273,0.025938604142815406,0.020162729314569233,0.009152479001657847,-0.013589998835871003,-0.016658407578617078,-0.012868002005658538,-0.0005942926908605626,0.007528020896296382
0.06857715098962781,0.06547435259761433,0.0816780019875302,0.11667090999482667,0.13925262443406922,0.14563062111247993,0.1495953137903874,0.15580094213022175,0.15717992039463982,0.1445962953763948,0.12787559882306349,0.11098243926373365,0.08598745237979528,0.06116489168674679,0.021690118272310457,-0.0689811770390549,-0.2291216665475849,-0.5111346549755783,-0.834689391230498,-1.0,-0.8533062236569887,-0.4837262483865096,-0.12845207735988662,0.07392090608077309,0.1363221312690173,0.1363221312690173,0.12287653833466101,0.12546229482256027,0.1289098088545215,0.12925454553167418,0.1308060078392957,0.13149551274940843,0.1261517681768656,0.1161537313488804,0.11236141752815174,0.1102928502048012,0.10719004129418526,0.09391687455071886,0.0735761168106081,0.06323341693568747,0.04203082276199625,0.029447162243467898,0.03582517995908351,0.05151168357368582,0.0518564386583928,0.0492707400228071,0.04634029682111688,0.04668507294302879,0.053407832595098306,0.061682038776885655,0.05306308014004194,0.031688093960918845,0.010657868783216614,-0.00037438267811518936,-0.009338081936587502,-0.004683858052061124,0.004279851725013654,0.005658872063841592
0.0371724258464294,0.047864940776852584,0.06698183489826467,0.07670233896499223,0.07103202433076723,0.0677918876133816,0.07281412745255693,0.08334459031983074,0.08577468915071586,0.08383062788034748,0.08755680710112197,0.08593673627099309,0.0818865320098741,0.07297611031549632,0.05612734204777423,-0.0017093865270050035,-0.17068348860161553,-0.49632010297902096,-0.8566238872340662,-1.0,-0.8256809540284494,-0.479147260242233,-0.18720838011515736,-0.023580423055417223,0.05920549590222046,0.0883668351018782,0.10100345578851903,0.12093036802494307,0.1308128994404593,0.13356701836881676,0.12611461049854636,0.12076837033338725,0.11509813478511652,0.1099138527685361,0.10715975361166721,0.10262349201854294,0.1006794010909417,0.09646724856698831,0.10116542382284201,0.10391961195140945,0.09646721890975547,0.08528867136168769,0.08496467103570392,0.08707079425496594,0.08917692241710012,0.0796184061561841,0.0663338095319364,0.06066352949781639,0.07151804706266754,0.08399263051477544,0.08221054222160216,0.07362414556756887,0.06098757430964945,0.05499326923518495,0.054831254243576634,0.04948500666410933,0.033608270267289464,0.030530132477177695
0.02352604349140047,0.03447831238415075,0.048351196859416724,0.059741527458662694,0.06616686169089288,0.06923351863411167,0.07346837280092607,0.07361441638932964,0.07551278700093342,0.07901757025396197,0.07755721902254466,0.08646508485379001,0.10880778904770905,0.133778894668409,0.15247081657490563,0.11829969111513862,-0.07153966903214,-0.44055932368869716,-0.8424338536071846,-1.0,-0.8424338536071846,-0.5275937994819937,-0.24852885080906498,-0.07694274269955485,0.023964137499553187,0.0775572724873563,0.10384275258208454,0.11727749738133786,0.13319477377960634,0.1460454155116609,0.14838195253168315,0.1470676627102733,0.14531530895466727,0.1400581853122356,0.14005823877704726,0.14122645382224674,0.13202655873440686,0.12005201813833884,0.11567116493713056,0.1134807561581303,0.10413475956167423,0.09113803414260738,0.0760969658099487,0.06850333187990058,0.06193203871188526,0.0587193069924561,0.051417827070229696,0.04294806081638828,0.038275089250566066,0.03272595640084423,0.03126564972343663,0.019291163706030488,0.01315789743669077,0.012427748553387935,0.02396413861340343,0.03301801238984459,0.0347703683731511,0.030535491929331852
0.04707755521155425,0.04442761587224762,0.056793993167358676,0.08135001542444233,0.10078284821614311,0.1064360999312287,0.10749600883109388,0.1156225160622442,0.12145247855051422,0.13664544397324854,0.14795182882367255,0.1567849312080893,0.15837482689781812,0.14477180028472067,0.09866291722665413,0.007505192401978907,-0.18700024278924288,-0.48980080658158126,-0.839768232715966,-1.0,-0.8733336315415818,-0.5710655770537282,-0.29794442441343105,-0.13523798404635512,-0.03948699961440705,0.012098412847616508,0.042660995934363115,0.07110361493372257,0.09495307437747082,0.12233571440711451,0.14159199812528606,0.1511317387828773,0.14653841213762242,0.1343488022105751,0.12675230332924245,0.11915583678784081,0.11244258454308544,0.10555275627485829,0.09848624957337775,0.0848832283502688,0.07287024834657833,0.06933701386079784,0.07817009468526057,0.08753320541949498,0.0940697253311119,0.09283310026807379,0.08135002620441935,0.08735651081627607,0.0983096142600324,0.09866295495657368,0.0744601979361922,0.048137518011304496,0.04619420886018959,0.046724198345047464,0.04160100348967609,0.03789110404561346,0.03842108275049433,0.04354429647082548
0.07735924035012579,0.09576638419039252,0.11796324286011907,0.1320393076349529,0.12879104513621187,0.13258067187092598,0.14503258887862447,0.1479199492279456,0.14846130245207548,0.13835542560509784,0.11615863300643056,0.07898338261133951,0.048846227921763845,0.01672397066525756,-0.02622600008435562,-0.1177203633085986,-0.2777907516378929,-0.5529966449342332,-0.8612256685301863,-1.0,-0.8487740928896275,-0.5066175803584582,-0.20163537670978524,-0.01828569305266329,0.0867432468272043,0.1470177158780822,0.1731847074164489,0.1730043003891118,0.16650768729688403,0.16614671907640485,0.16740994267043383,0.15928910472816826,0.13402433552782173,0.11778273672619305,0.11615862199458736,0.12409896481477012,0.12283577425627076,0.12175295768957889,0.11363208671178368,0.09414220889364916,0.07374998210129753,0.05786934601422645,0.04577835868555591,0.04054497194031794,0.04631976421594104,0.06238089267213413,0.05768887291583007,0.04126683955725625,0.038198959309205104,0.04974854386045131,0.05823027018733279,0.052635923480498045,0.041086338929251835,0.021957369454699036,0.0037306973363482863,-0.00132223764593952,0.00824224950017758,0.0044525456825609735
0.03915459788452806,0.04760583599035467,0.059851457433188586,0.07796120263163318,0.08141069369411792,0.0802033720853581,0.08106574090433166,0.08537762183457734,0.08882707079948732,0.0831354155454745,0.06606048661881393,0.05519465528633771,0.04312153654938116,0.033462955786007345,-0.00775826784095701,-0.09727217295697373,-0.27492069693399745,-0.555364110352353,-0.8623673678093629,-1.0,-0.8682310548026354,-0.5620905871403468,-0.2859590178168589,-0.1140021701426354,-0.02086627191603119,0.04122429094335985,0.0945186734315317,0.13798208295658612,0.17799604877892738,0.20524701922682223,0.22128710030851767,0.2319805157613645,0.24060424604867478,0.24319141565195757,0.23387770611431893,0.22456401762546765,0.22249435350871852,0.21559540295693008,0.20852402073892173,0.18592991558423988,0.1572992286967432,0.13470512354206138,0.11452569317808026,0.10555700483878686,0.08761975971512119,0.07054484657505117,0.06105874220657049,0.04777830975414939,0.030703380827488823,0.02328700766876706,0.025356702043148067,0.027943819024462413,0.014663326056777592,0.008454259377999719,-0.007585792103838482,-0.01724432419189148,-0.02466069998171166,-0.01862412219554443
0.03913324529963604,0.04970009147110862,0.06044602293047934,0.07011738255480815,0.07316204829019433,0.07083372370640073,0.06546079895920608,0.062774292870952,0.07316206468319061,0.09357932298089758,0.10289247377910545,0.10701178238585077,0.11328024559134407,0.11363844348880084,0.0998477861863909,0.045401705772963305,-0.12062314537788338,-0.4558976560511213,-0.8427515601630496,-1.0,-0.8388117330082794,-0.5083739540311341,-0.21769507066259858,-0.03967031126601361,0.05041645994436167,0.09823591204083175,0.1218770279162989,0.14318971538566264,0.15823414729415264,0.1587714332116736,0.1555477067778837,0.1578759384680317,0.15518949795176276,0.13853337222067272,0.1259963474517084,0.11650404852578329,0.11489216891589206,0.11095192647188257,0.1041461773488683,0.10074322628671185,0.0914301683821496,0.0901764101690658,0.07817681885458898,0.06671448067164056,0.06223699602476686,0.058655055300523916,0.05740132987343269,0.055252169810352594,0.05095377864787518,0.04020784445633842,0.0344766753648642,0.025163516370158193,0.02176064317473408,0.013342986095605847,-0.000805829829373926,-0.000984915800313582,0.009044610301562454,0.019074155528600818
0.03382544635204659,0.041561638161028265,0.045578524312027066,0.05599265459546068,0.07027486603134153,0.08351568758823974,0.0922933169366526,0.09943444081095439,0.1046415127613067,0.11654340706756458,0.12517226319105826,0.13216460476226016,0.13216460476226016,0.12487468042849717,0.1044927395363875,0.02727941083833123,-0.16106763942979882,-0.4865849080618939,-0.8415564791483403,-1.0,-0.8716088884583528,-0.582097645274518,-0.3113290686635755,-0.13056909200864225,-0.019881706000142222,0.05867056810491575,0.11208021939816956,0.1518027067643159,0.18274755570386872,0.19881513662058659,0.20461734686151906,0.209824373420968,0.21279987423207447,0.2038734807369231,0.19732742252775606,0.19078147325675712,0.1759040599830314,0.15507568139981537,0.1275526257115846,0.10464150368312602,0.09943444081095439,0.10002957910153452,0.09660775861567046,0.08098657907733622,0.06298502340120461,0.06045582410849434,0.05212454166938107,0.035461942747976996,0.016716510166909893,0.01418736534328367,0.011211900561206729,0.004814651322295283,-0.017203787951596806,-0.02374980757849598,-0.024047365376060205,-0.020625558507467154,-0.018393982829131,-0.0026240141790613903
0.09447520227868014,0.11209910951898369,0.12417479889958598,0.14000362184798126,0.15061050541828083,0.1512633611074799,0.1506106448237419,0.1595856978545647,0.16529709976396692,0.15550606673944165,0.14000358201784951,0.11519961642083504,0.07293490771815211,0.016310020689812302,-0.055001417120007015,-0.16351887987388247,-0.33567868959051333,-0.5988958761525247,-0.8774493761265476,-1.0,-0.8614578172174333,-0.5368855389648389,-0.20970018500498144,0.02430603352404755,0.16513391571426594,0.23432411210800408,0.261575848408066,0.2677768821268346,0.25863861517371206,0.23350819185949923,0.1998922377909677,0.17606722712916506,0.1491418788435709,0.12319561494111671,0.10704037410565483,0.09610701290309105,0.08044135408933087,0.06412295907676682,0.05775881101102779,0.05400555795283962,0.038829421415583563,0.024795596875375008,0.024306042236888866,0.02528514404571145,0.024142861921262745,0.032302049470011834,0.03801351112461165,0.03360753929330223,0.027732909769992466,0.02838563974533826,0.024469237488814386,0.01859460049735492,0.011577687293731933,0.00978265870177351,0.003908034779576022,-0.0029456928184814772,-0.010941737392352947,-0.014368586255082298
0.005936236513252845,0.0003363978937342032,-0.005942215064046569,-0.00797852450241711,-0.011711752338840278,-0.012051133946547983,-0.01171175124836511,-0.01306928880204265,-0.018838823677790988,-0.0259658989424523,-0.03309296024903146,-0.046498656540989794,-0.06923740876580457,-0.0889217103822175,-0.08518845381177363,-0.11233924065290997,-0.3022251438845488,-0.6658765658491028,-0.9706431382736139,-1.0,-0.7605645661152447,-0.4106586726346964,-0.093673076444389,0.14440516425874697,0.3210550648375167,0.43084632415544677,0.4865054329923516,0.49346303445771766,0.4695362575175317,0.44255511720695734,0.42388889018706666,0.4033560209238719,0.36432671075217005,0.3173219757640588,0.2681111379745335,0.22246382647639715,0.18784642878779798,0.15950772540642716,0.13032064979142471,0.09773973628984187,0.0644800342738197,0.03444454106141865,0.009160392974065866,-2.9876396841089813e-06,-0.006960369047161101,-0.009336059493478004,-0.012729902832434269,-0.022062975776703332,-0.03224451299070824,-0.04632894370953754,-0.05549236532515385,-0.06618291279363571,-0.08366121629425083,-0.09367308342343009,-0.08722477050180405,-0.07857048040150343,-0.07178274879601394,-0.0651647893438259
0.0619053235823467,0.08053525334671477,0.09245842112808991,0.09514107317368603,0.0861987268945001,0.07233804878217832,0.0826217574618182,0.09275648145171529,0.09827091574327394,0.08917957567993122,0.07874678227199479,0.06771786366960061,0.06026589176385338,0.03984754094404217,-0.0011382854961383534,-0.08936956241258134,-0.2634480139166486,-0.5555661383947291,-0.8660138905405075,-1.0,-0.8596045113472988,-0.556758597955166,-0.2677701887248778,-0.06999447274473583,0.04849176778591189,0.11779507649779504,0.15878090833778388,0.1866513765739659,0.21571406791582154,0.23792093528242259,0.24626718819759968,0.244776813824161,0.22242090720133326,0.20006492782319374,0.1836705550717767,0.17010798275515018,0.1505837401509033,0.1331461380779695,0.11854031825099824,0.1194344537498045,0.11600663270631698,0.11362199551227636,0.10587193599966183,0.0850064037502728,0.059818787636794345,0.04193405870076657,0.04416964754416655,0.03999657110585486,0.03567443267528157,0.02956380043395336,0.02479454650830357,0.01615026964715699,-0.0020325207492979075,-0.011421995028379562,-0.007397941362669209,-0.0006911729851664373,-0.0008402072678854597,-0.012912396685060189
0.07151134258208695,0.08171189087786393,0.09450063556843218,0.11611963042709127,0.14230607823190564,0.16894924717700974,0.1861531099840294,0.19391772239371652,0.18752338488640227,0.18371714622756363,0.17275533719384348,0.15311557566123518,0.13088752947764515,0.09754552987819992,0.04273674715563916,-0.06033424582131132,-0.2509474714621034,-0.546307143275987,-0.8574978760804342,-1.0,-0.8803346391444441,-0.598223410646579,-0.3301158569113521,-0.1554885168444095,-0.061552176603855036,-0.01252877296493062,0.030252537417661683,0.07699222387363375,0.11079099106399526,0.12495002459212434,0.13758645303323935,0.15524701840029814,0.17214642522079215,0.17640938501992054,0.16088015091042104,0.14093581261965807,0.13667296430203335,0.12662466257976981,0.11444489024806741,0.1015039500796749,0.08688826508719588,0.08338660783157452,0.08780172594802596,0.08947647077211246,0.08430007333746725,0.08079840679172058,0.07546978600887519,0.06709624304588613,0.05978838893698998,0.05065356433327583,0.04578169023856476,0.033145219991885876,0.030252528127536378,0.029186792822816932,0.02203121199654449,0.011221695261173302,0.01289641076330181,0.014266631376504926
0.0691253794753647,0.0898240757757027,0.11477339836706686,0.13602656365363028,0.14452786134425932,0.1528443040875714,0.15617097140204964,0.15265948297168697,0.13159119518672888,0.11625186579984484,0.10571775010022623,0.1012823026933156,0.08908483078216953,0.05859124686002984,0.00037610254826854787,-0.08703900192302726,-0.2504112715151824,-0.5279968446803484,-0.8534469255933845,-1.0,-0.8479029912997901,-0.5211588806469584,-0.24006187543715066,-0.062459293370571545,0.036229214083166685,0.08612790719375776,0.11255573668790451,0.13473291733673673,0.15691009798556896,0.17335823001917375,0.18241382190029348,0.18463161890518595,0.16762913629536957,0.14046204489197342,0.10276075321037732,0.08076842187028997,0.08002919943104517,0.08317090466533676,0.08169244850970296,0.07097345530847904,0.06432031802954563,0.0615481760870137,0.06247223655785921,0.07208231997949274,0.06616841077837624,0.05249248271159636,0.0447304835809353,0.0510140096402463,0.0633962631972722,0.06875575979788416,0.06376589979046901,0.050459577304739454,0.04066465021293313,0.04232794721945368,0.03770770125094697,0.025510247665160177,0.014236843537382799,0.0155305177828287
0.08006146524226174,0.08676136732366645,0.11218673312227283,0.1379556372765996,0.15616579608093042,0.15874262464761346,0.14585812539767493,0.13194292197644436,0.12627372930775116,0.11923020500791469,0.10720470102773177,0.07336152122950135,0.0369414447261349,-0.005319563485623063,-0.06407267968587681,-0.15890252141452232,-0.3200446584208779,-0.5751579616127106,-0.8615360383688327,-1.0,-0.8706405097663408,-0.5353019983758719,-0.20906619726597217,0.007736683321320397,0.1425941152911619,0.21302908573571458,0.2446389962886602,0.24326461224332235,0.23175464379846658,0.2279753497447605,0.22264962729333468,0.197224235287631,0.16990922770359107,0.14929401213114712,0.14276585564121505,0.1326301139991133,0.12043275435764908,0.0987868922695272,0.07937430990952904,0.06511549475270563,0.05618224480472422,0.05240281971553163,0.0508566769751725,0.0381440202829666,0.024057000511100702,0.014608402080949158,0.012890470671201207,0.022339078765219882,0.03144408675304514,0.037800421650922414,0.030069756432256758,0.021480112323271294,0.012718681346634958,0.009111028219806656,0.012375094098298654,0.010657168994633492,0.007049518488514921,-0.006006735852969013
0.07745567524109098,0.08838614680605197,0.11699829787948973,0.15220084600782,0.1761514577304611,0.1780804429454781,0.16779281278518188,0.1464141453846113,0.1205346367237448,0.10606781650599634,0.09015434074951051,0.06588222985627785,0.029393751253175015,-0.008541423348861337,-0.06689086592501751,-0.16944445209937084,-0.34127873832349953,-0.6087551411676567,-0.8894096603922549,-1.0,-0.8497062906206934,-0.5369028548072432,-0.2486908613719578,-0.06785530458559783,0.05173692352191955,0.14577123532021974,0.20315626988745936,0.22389205664923553,0.23160776210452597,0.23594782190179586,0.23000032019849634,0.21312226846197665,0.2031561914192002,0.19769099487084926,0.18145599051817468,0.1620060729278436,0.1475393606039515,0.12664284142181123,0.10269223950770255,0.0924047172412627,0.08259941185297992,0.06572148762738136,0.03775233489512675,0.02537518327009739,0.03212635443161667,0.052219140400076615,0.061542184771806556,0.062024426171294604,0.052058447213842104,0.03839530871497889,0.025214443493334005,0.021838860364707464,0.012998039614500603,0.00817576791996901,0.004639441566266911,-0.0006650504547339134,-0.018185963212983196,-0.040689892423422816
0.06730317711183452,0.07557540561117802,0.09800234019773493,0.12962064601533851,0.1412018298524424,0.1434077589478936,0.14267244924940986,0.14028271516373175,0.13458402013169476,0.12502500526860322,0.11914244916035426,0.1095835240348388,0.10167886064716107,0.08678887290445648,0.034030385212453,-0.07240570486026461,-0.24318177493500737,-0.5310568230862429,-0.8514676203814378,-1.0,-0.8433798418611493,-0.48804120572494436,-0.1599077048033902,0.04450855122014547,0.14800343334621993,0.18090863209094313,0.178334980843068,0.16326113202415143,0.15259913017894028,0.13458409865207382,0.11840726285103764,0.10995114523248964,0.11160555840248701,0.10388480095980929,0.08936241758896,0.07116353620307861,0.06693550543679713,0.07649452590848718,0.08789180940918956,0.09248749502471289,0.09211989065285758,0.08605358564036676,0.07575922181860195,0.062155986788054354,0.054619062378596074,0.05682499708264578,0.05388373865861607,0.04083199431482904,0.028331732244904807,0.02943469959692966,0.027412600730398643,0.01914035820955887,0.006456267312864071,0.0022282323401337173,0.0007576143453158742,-0.0016321477833547693,-0.010272035338389026,-0.013948578222209193
0.03827582588926944,0.05255593058138282,0.07197042537336294,0.08897822092956165,0.09010136486291233,0.0892991415750515,0.08368332889633483,0.08689233464120735,0.09298951360205936,0.09379173688992018,0.09651940572485633,0.09539625200077266,0.09651934698045847,0.08609011624871302,0.06491065091850198,0.004902114006942001,-0.163731474687324,-0.4891266417989731,-0.8501392814267015,-1.0,-0.8480540119545247,-0.5348552392370387,-0.2596814998559152,-0.08703610080414544,0.009394722478108115,0.06635467633441061,0.09828437136772077,0.12652371395548903,0.14545681798850138,0.1566884139737358,0.16439000034737758,0.17626339846065983,0.1791516059442047,0.17658441701347943,0.1618228897425161,0.1446546240728395,0.1303745071423099,0.1180198063866567,0.10951593798075626,0.10277700584552134,0.0923476918925456,0.07870937709006381,0.07309361336501202,0.079672085177502,0.08673184984162999,0.08432512123364966,0.07566081208647026,0.05897393228039491,0.0432498242015221,0.04004079397981712,0.03089511610281916,0.01613364880009533,0.010999236059158573,0.025279335243984652,0.04068259855554817,0.04020124695951232,0.03426457482738689,0.02223077391191596
0.05250904460323976,0.05703820626434182,0.06348357521302417,0.08578095416989301,0.10389764864773329,0.11103978594166024,0.11103980720096338,0.10180728514891588,0.09065856112411387,0.08839400421027886,0.08752295741280415,0.08874236978101092,0.07985825581830175,0.06313514054955693,0.025159824751585878,-0.05967500650863115,-0.2286481092907326,-0.5279228452384508,-0.8571583170866174,-1.0,-0.8501903678928823,-0.5429040635608001,-0.2709786557543111,-0.11036687409683477,-0.012815484402852951,0.053205834207787496,0.10581385593531357,0.14117627250108036,0.16434463979234032,0.17497078357208953,0.18263557020380441,0.1777579632495836,0.1629511031018511,0.15476373091025764,0.16086069708442743,0.16033812215420043,0.1472732599345533,0.1394342426840403,0.13682127236604122,0.1289822338562251,0.11417542685675044,0.10511702912698537,0.10337505245820315,0.09902007358246713,0.08612939414818603,0.06679335639487415,0.06174156134046148,0.06191577069995642,0.06330933927940031,0.062438366889486556,0.055470412380925635,0.04118610856152992,0.033869767222933805,0.03369554989120019,0.027947007750846048,0.017146678196141296,0.008785149461134083,0.017146677199611462
0.05574166632224435,0.0678142629310284,0.09423408008226478,0.11925407856184485,0.12572781686474532,0.12415313963440763,0.13640071224259506,0.14322441322073157,0.14794849829389098,0.14287445054549552,0.13360128842786792,0.11750451074353799,0.10210748224859709,0.06571466837890984,0.0004526149205512209,-0.10435165758120905,-0.28211708766151594,-0.5562891366977459,-0.8619529153477526,-1.0,-0.8467308041318542,-0.5046739393632136,-0.19673358299298113,-0.005146271410959194,0.11680461742235373,0.18206671492098309,0.2044623082909565,0.20551207887594258,0.18626592537807873,0.16789454511293908,0.15564698318118092,0.14882322882089805,0.1350009576295144,0.11680457471663663,0.10700649527722815,0.10210749292502637,0.09370913073119609,0.08233639541430847,0.07621261444842939,0.06553976177629675,0.057666282205852196,0.056266554283844715,0.05504181303766988,0.054691874384399715,0.060115796727489686,0.062040428625741446,0.05679147961294754,0.052942218485551334,0.05381704243131455,0.05241730917109242,0.040169733893797674,0.03194636771767567,0.023723002208830495,0.017074323272198613,0.009725781041839819,-0.0011220703171084144,-0.01879358261758338,-0.029466467319003847
0.027524657191498356,0.030363960310674346,0.043066052571727555,0.059653466321893535,0.0681713961963799,0.06832085084003761,0.06757363689296221,0.07056237413883751,0.07205672908380288,0.07086122415493977,0.07175785171175608,0.07056236957951341,0.056216465450175064,0.024535926784609193,-0.0268702038426834,-0.10592216311297069,-0.27015324787380623,-0.5588655156763203,-0.8756694205516499,-1.0,-0.8507135771638962,-0.5507960591565851,-0.2741881767439337,-0.09561089605701807,0.028570725714000118,0.12301452997505302,0.18667457586471337,0.22119447692066838,0.24958755826499324,0.2652783809329356,0.2690144369903404,0.2654278902884824,0.24884041270777918,0.23270124434616002,0.21372278426367508,0.19175554134207398,0.17755899155126337,0.16022436841334606,0.14005040796132212,0.12406063953147159,0.1140484185425571,0.10478330663626395,0.08879360203695068,0.07549377098943816,0.07205676099907152,0.0639871494623174,0.05098617754955533,0.04067507918859404,0.03843352625418756,0.03111113550349499,0.021248337242969585,0.02050114723234565,0.016316930133889723,-0.002512059062345419,-0.016708533909266306,-0.01954780397334264,-0.0025120604871341967,0.012730449542231046
0.0766111788015716,0.08986381380631457,0.10725793768400055,0.13326625409778903,0.15181990267046835,0.16523827648069228,0.1687170729524569,0.1554643975137531,0.14022392790923993,0.13177530233428483,0.11951659473791716,0.09748411431375752,0.07495461964295916,0.03917247859536635,-0.028250300727702203,-0.13394015081269411,-0.30324313918222745,-0.5737639057542313,-0.8689650161641732,-1.0,-0.8522340092442544,-0.5331773471465585,-0.22869684489376366,-0.033882660496227755,0.07064749810368239,0.11719745437151861,0.13823597200758722,0.15447052064782885,0.16043420639996317,0.15960590660367652,0.1645756144049845,0.17451510076703194,0.1620907453415952,0.13922989941596253,0.12531464276947263,0.12133882194257911,0.10825182465841501,0.09649016163415669,0.08075267778300484,0.06915660193687433,0.06749998212732061,0.06700304369435849,0.06766564006487989,0.060211045510324745,0.05043724741130723,0.046958418086949436,0.05192815115948294,0.06087366462494913,0.06915659688262922,0.06998489667891586,0.06865960790721604,0.0529220810949808,0.039172491230979115,0.028570375014036448,0.020453139587911184,0.021281421931257698,0.013329845390362678,0.0063722056950662395
0.048200821564972275,0.05528882435055739,0.0640251929179554,0.0806737886528138,0.09534431628008833,0.10111358268611055,0.10127837978500637,0.10094875541196469,0.108531323001925,0.11347642286196788,0.12089416317778233,0.1258392228041585,0.12649858219282534,0.1162786474571144,0.08215731458745998,-0.006195517040197683,-0.19625332735971476,-0.512907130689692,-0.8508231394052346,-1.0,-0.8681307776886344,-0.5722488118142073,-0.2979582431864699,-0.12916427148792667,-0.023008916160462314,0.03353027382086438,0.06913509993531079,0.10787196361325815,0.14990553370878962,0.17133439700033667,0.1714992343328992,0.1658947147336894,0.16259794796560523,0.16655418476493977,0.15485067380249923,0.1401800606786829,0.1281469354016174,0.12386118487182468,0.12435576727842906,0.11660833218065617,0.10506968872602823,0.0912233477615664,0.0861133753645026,0.07770670660827136,0.0752341415906249,0.0661680983581018,0.055453646595494906,0.05298110169468181,0.04886016838061827,0.045068902187867306,0.05413494793499458,0.06765159914670629,0.0697945045868527,0.04984918734678518,0.02644227480718553,0.01721138355503216,0.01457397963319555,0.02627743873192507
0.05406188065882532,0.057260623560658724,0.0767896390892263,0.10978695305627878,0.12796908378057392,0.1321779633190485,0.12409706541247141,0.11096540727536518,0.10524140753398445,0.08975283582221719,0.07982000790724407,0.06736180501349459,0.036216390235908835,-0.013616259539710188,-0.07068809603396294,-0.15520164908838827,-0.3078988729436094,-0.5641341286900334,-0.8550481380949444,-1.0,-0.8600985798632039,-0.5136279029635845,-0.16765998553083145,0.051873289803097744,0.1518753786138728,0.18874478285986288,0.20356003801345526,0.21871177423729155,0.2222472396243151,0.21652321933698152,0.20776877373025973,0.19800428908017292,0.1737613385360307,0.15288554093295506,0.14345767090180583,0.13352490462469135,0.1229185803744557,0.11079711537536105,0.10372621542024323,0.09732872961657642,0.09311993226191334,0.09413004321611343,0.08891105785992699,0.09126801766298197,0.08992116367763885,0.07931490620175007,0.0613011084693648,0.04816950683362896,0.03941511516003347,0.03049237765330756,0.019717744809481085,0.005239340392769066,-0.0011580900331341305,-0.009239062418790387,-0.016478261978644663,-0.022538994478191993,-0.02826300449254916,-0.02455923179605681
0.023954557415332766,0.023791049806254464,0.038505407766960174,0.05959596389991148,0.08134046068190477,0.09491038010724227,0.10014216468502833,0.10504695399738471,0.10406599813018613,0.09916117888873933,0.09033260601304248,0.074146774346085,0.04929591731796287,0.006460839773870957,-0.058282302642996074,-0.14313500012021887,-0.29093293938358367,-0.5451649394107163,-0.8525303529293159,-1.0,-0.8316036136727104,-0.43987531718231665,-0.07348707369093853,0.1657027550482543,0.2767144402607699,0.3004209734817037,0.2696843563094814,0.22586822781097657,0.1905536968754659,0.15899956659876074,0.13382169934066374,0.11600093125201184,0.10341196769387292,0.08967859552945621,0.07692619419678329,0.08150401817280042,0.09752628237249876,0.09082305401755136,0.07594522835322123,0.06564517678309088,0.06711664550116091,0.0708769563726952,0.0622118262597141,0.05076737605966942,0.0409578074113201,0.04259272138619674,0.044064147704722015,0.04602606941548266,0.04929593727068981,0.0453720888609868,0.032783160220120025,0.030821245991631992,0.03670698618300523,0.035072067219946865,0.03327365561235539,0.02902281692540445,0.026243466909250467,0.021829146801175328
0.07537075248703108,0.08451035856872542,0.09332350088635417,0.09805653331950102,0.10115748594669835,0.10523773027676808,0.10311596976311885,0.1047480296512035,0.1036056305529537,0.11437728158433404,0.13575736670346059,0.1450602046671877,0.15436294304159048,0.16268661876856683,0.15077240929601776,0.04729914115940477,-0.17596827284477587,-0.5089120154761264,-0.8485444758970306,-1.0,-0.8676398126143197,-0.5629336070838514,-0.2758513458395188,-0.10040323974923614,-0.010476122710934203,0.043708589985700284,0.08369428878895337,0.1158461046109197,0.14000078814143474,0.15468946655925067,0.16170735694249172,0.17084685845539552,0.16970449919287545,0.15876954158746906,0.14718190542724235,0.1359205736881623,0.12057916692086383,0.1047480595280008,0.09805648352483885,0.09724047847812761,0.08646881250834862,0.077982054283326,0.07928771016093966,0.07243302676240033,0.05186891681318775,0.03587465223028517,0.03636429559198827,0.03505862975544217,0.02347093010702119,0.02200206599983926,0.024776572291102767,0.034079390336965026,0.029346370352483716,0.024286958806196964,0.02004357969368565,0.011393600167995935,0.005681367840885036,-0.0018261599909429704
0.05877512091262285,0.07661460689790955,0.08874550112846058,0.10337389302581955,0.11158002054734978,0.11336406875012923,0.1067633984654515,0.09552450656486926,0.08731834094335239,0.07518747392707753,0.07179794671602463,0.05931026788205179,0.037367720857427594,0.0034726613584312688,-0.0484402988793405,-0.12300948930836154,-0.2621581189848022,-0.5270758822308198,-0.8478305692623045,-1.0,-0.8430134246663038,-0.4732003239859343,-0.1447738018740766,0.051817709567365186,0.14297772967680794,0.18757645280430751,0.21290848077571511,0.22735858650704022,0.23378080734002707,0.2245043749939285,0.2088056129577384,0.18721970630087234,0.1675961993270824,0.15689249793877094,0.14815108737643093,0.1304900345142694,0.11068820871731418,0.09284858666064663,0.092313423362652,0.10480107498234868,0.1062282895960092,0.0921349847966716,0.07429549336852967,0.06555415900616293,0.052709684683057804,0.03718933127714431,0.02773440049365777,0.021668952017668452,0.01970661220599992,0.013641171213936544,0.01328438661051473,0.014889943179475253,0.010251670196624466,-0.0018791957991150397,-0.020253882502026102,-0.017577974844227753,-0.004376715237343907,-0.005625502851091414
0.04887398207594233,0.05923991932722338,0.07072216881996014,0.08938089966295493,0.11043172608094104,0.13642631691926388,0.15317130221028977,0.16576991260080323,0.16911895636907656,0.16688627349857993,0.1593909229486436,0.15891246588171493,0.17183003791891663,0.17709276398594156,0.14025372044182385,0.03181003878745228,-0.18459903896789373,-0.5151941006069479,-0.8537608192534788,-1.0,-0.87241907813016,-0.5847261241951254,-0.3230247152127189,-0.15669064905564892,-0.06100498684706145,0.0015095910088648995,0.04058122497646934,0.06896793328512796,0.09783310595916338,0.11856503884931066,0.13243935958887826,0.13881844655367992,0.14599490357577743,0.14535695108860835,0.1348315573421437,0.1329178458495995,0.13642637530684906,0.1316421549630738,0.12159508204583896,0.11537546130748515,0.11505655804838211,0.11234545703601363,0.10325526905884352,0.08172601963335345,0.062269938195591186,0.05014976784229401,0.047119746541110154,0.04648183784462999,0.040421758750021526,0.03149108200639615,0.02335780877128734,0.023995707128299293,0.030374749086004012,0.031172132523788167,0.026068899444187603,0.01921143326257091,0.01490557624628085,0.019849331619582862
0.03892897591304431,0.036713788344237816,0.04926661777790124,0.0714185790749033,0.08914020128016062,0.107157160801169,0.12487876948922573,0.14112361500105713,0.1397944596553047,0.12074373166736378,0.0985917253130264,0.07304304470200562,0.04882351042527021,0.030658902522187198,-0.00507963583639326,-0.09147246974241943,-0.27754971241423043,-0.5724677426258328,-0.8719612551234115,-1.0,-0.8746194216314434,-0.5938815476213988,-0.3336683351748631,-0.16413117169876332,-0.054257034725257815,0.036566094904827866,0.10435125129065831,0.15367636333151702,0.19428850414549678,0.22914118206211403,0.25055471671366814,0.2555757799999839,0.2515885122150019,0.2377065815043884,0.22692585706843485,0.21880335320931557,0.2182127236351488,0.21806504371293942,0.2044784368008764,0.17597612169980026,0.14776915743167576,0.12591246586442179,0.10730478665457598,0.09032164966930252,0.06624978630330941,0.04616530336563653,0.04365474018234397,0.04439313979339075,0.0336125009663743,0.014561784242767203,0.007916193938729834,0.006439392745377863,0.01013139277187016,0.0008275542933806446,-0.011577569873322313,-0.018223156234842844,-0.010100759386894935,-0.012463640395111381
0.03230273747721435,0.04459767919387087,0.05476467124608256,0.062212538354759386,0.06776895837296729,0.06942402552496663,0.06138501559953969,0.04483412405702029,0.03525822793151217,0.033957837091553596,0.031711627122804155,0.025209499790531747,0.018825589479444058,0.007121735573906128,-0.01959613990523998,-0.09868575814638429,-0.2747168505124894,-0.5712147917795006,-0.8732672558212982,-1.0,-0.871257303155512,-0.592257544185887,-0.3165671548518096,-0.12670409029190047,-0.0006808282980856034,0.08644776711759161,0.15915367703554104,0.22051031287470524,0.2594050149450012,0.2812758311456059,0.28754158214633535,0.28163046417452675,0.2707542240991066,0.2625969719040083,0.25396680834105134,0.23670655335367047,0.22228362229637588,0.2066785282410874,0.18445297801761543,0.15655275107855762,0.13539118650808804,0.11612117362896043,0.10453556650175214,0.09732410818695816,0.09023087771412887,0.07320713612150388,0.057720154486527064,0.04577988547498464,0.03608578675599843,0.02899254906931583,0.024973044106602366,0.014569637850117856,0.008895042290381787,0.0054666436242860285,0.0008560418331373288,-0.009192723729707161,-0.022551657411487725,-0.022788089650393837
0.06776450565849175,0.0796460061417678,0.09519685547240704,0.1217554901272585,0.13695692056458353,0.15477919794438305,0.1687574783363988,0.16386501676056592,0.1593221606622454,0.15320664499869083,0.13468544453662948,0.13363697994858037,0.12804563793830237,0.11301899957777932,0.07090957956401368,-0.02222050044198206,-0.20917995670463163,-0.5109365456635152,-0.844841357396066,-1.0,-0.8596929477928867,-0.5443098269722896,-0.26806349870681884,-0.12059253021982702,-0.04877920439953568,-0.007019168627733171,0.02093734884210946,0.03596395854863066,0.04784548302130361,0.06479411987571855,0.08943078535705212,0.12123123117834851,0.12699729063174925,0.1261237780498148,0.13119087177313699,0.13922833262081255,0.13643270426349027,0.12804573389588997,0.11791143982970384,0.10882558369668134,0.10672884643575836,0.11441690971402807,0.11039812064944231,0.08803293386155135,0.06584248850618005,0.05308732617361107,0.0511652930283681,0.056057698628941534,0.05832914267103307,0.07248213250970592,0.07632614015944388,0.06095009090207224,0.05308732617361107,0.05203895754314958,0.04312781752050554,0.02775173427815497,0.025654999182941434,0.04365199917024774
0.0577996096990901,0.07801978362520379,0.09690308654793806,0.12614709895875556,0.14001723758908513,0.13567241702512886,0.12765117061079873,0.11996416234136707,0.12163521030748409,0.11962986301430771,0.11645472300209389,0.10492429217416092,0.07451051253687303,0.03256615294013503,-0.02157713161912983,-0.11365422904566874,-0.29296265399851507,-0.579889714771772,-0.8793480445547237,-1.0,-0.8526102166060627,-0.5347701144671804,-0.241492875639764,-0.04781325055301793,0.06732480540114164,0.12481034012267109,0.14135408819841094,0.15455571994786313,0.176614173079838,0.19098554656319355,0.19566467665123602,0.19432770367758848,0.19198811823951362,0.18714198124631684,0.16976264800535762,0.14870691950510498,0.1233063296527888,0.10876783709698401,0.10191632221953043,0.09790571940641898,0.09055295438039923,0.09255821499884768,0.09473066606893309,0.08203035074872138,0.060640424891677515,0.04376243867103918,0.04693752514886222,0.043094018464889694,0.03290037069097988,0.024544919272088416,0.0163565866069891,0.01669080499514813,0.010674883567998226,0.002820767379115414,0.0033220933680685196,0.014852602744973659,0.028388427230689295,0.032231932640033475
0.06358644914441261,0.07394958707487573,0.09685759954024649,0.13121969034972414,0.15830927773677234,0.1610363763809065,0.1679451719814314,0.16558169240668302,0.15903659353399785,0.13249234599850962,0.10358460224717575,0.06576820793698684,0.031769780573154376,-0.008228325379833175,-0.05204442046730687,-0.1345860046882096,-0.2951244561837402,-0.5612948796975443,-0.8620076725745703,-1.0,-0.8536444339786967,-0.5182056205889916,-0.211309927868366,-0.02659109115733271,0.07085881943806394,0.11831110244587949,0.13303771913226412,0.13176498582502472,0.13849206064337546,0.14121918147563933,0.13721940499458998,0.14158282273315484,0.1459462404717197,0.14249181493629512,0.13394674461759895,0.12231097877351245,0.12267456456070372,0.11649307366333952,0.11231143217727303,0.112675040152594,0.11231144327133788,0.09976656873643022,0.08867613164983884,0.08194921769542836,0.07304055049547604,0.0644955134589744,0.05595045146082685,0.05540503117729677,0.05885940401591331,0.06140475414271124,0.057223137618290655,0.040678444999590474,0.03249700623110304,0.025770054140844642,0.017225009303828646,0.02086120259785818,0.023406537817006468,0.021043012825930133
0.05468416525269373,0.061645784974246054,0.07159094516831636,0.09015523914011223,0.10441000920869623,0.10755925936546448,0.1009291930265008,0.10374694795773752,0.12065378097328187,0.13441128291789153,0.136400294728164,0.126952402658068,0.12761538299486028,0.11965928518241645,0.07706078833219045,-0.00531831895150442,-0.17736972179444133,-0.4825217423947863,-0.8365690002757743,-1.0,-0.8601057984875743,-0.5405353386885293,-0.25394783963107326,-0.07874674160345278,0.02120212024337967,0.07258544095918179,0.10374696818627913,0.11916194625854651,0.1365660878551484,0.14568255549960846,0.15397013842331303,0.1698823239339299,0.17899878146411918,0.17734127499364907,0.16424680395718572,0.14734000128445376,0.13076474440860736,0.11501822053945443,0.09844288274944163,0.08485114358900392,0.07159097551112878,0.06330329144471616,0.06363482712733091,0.05037460089239866,0.03396507645791184,0.024848678349063527,0.03247330369308514,0.03197605074051702,0.02932400170067902,0.02484867961334738,0.031644539079295424,0.03611986622376247,0.0318102917491966,0.027997991720024297,0.03230755228746782,0.031976045683381624,0.03263906394868941,0.027003469379198015
0.05659513085712351,0.07162543866484408,0.09059225566030099,0.11600072595195725,0.13622005767956621,0.14015662145975916,0.1351464096722724,0.13085205784990633,0.13586216045247984,0.128526047969339,0.11099052508296181,0.08701362732191403,0.07126754143775772,0.05355326101143551,0.007746610351063279,-0.08583493430385516,-0.2586840090987166,-0.5471239524153695,-0.8615074103132397,-1.0,-0.8428988945290482,-0.4970227516937731,-0.18210059727099387,0.008104481305529897,0.10884336009027008,0.1562604134974037,0.1763008457446804,0.18059521940402917,0.18471064990908037,0.19723602651891875,0.20958235078954635,0.2049301126585852,0.19508881785226173,0.18560532200660268,0.16628067329500734,0.14838750430684425,0.13729364017591206,0.12870486010174062,0.11975825922992209,0.10204391329265194,0.08271920452935434,0.06768889126238811,0.04979571408535651,0.032797132576407956,0.019556145761937937,0.0068519525840608315,0.007746615469106087,0.015619632479767352,0.01991401023355033,0.0036311776281935165,-0.009430883262723096,-0.006031166005565395,-0.0010210654502089934,-0.00835729394232016,-0.020166817411094932,-0.024282267023505957,-0.02285080367781072,-0.020882551813565384
0.043458943976980566,0.051234321101615396,0.075078904787541,0.10911786074399185,0.13330809160533452,0.14125630022529406,0.13762781146026656,0.14505764948023894,0.15145079901767833,0.14384814268174154,0.13019795235331766,0.11533823413941985,0.09978736918352352,0.0802625158960182,0.04052158877459128,-0.039824288515410894,-0.2169309943593894,-0.5137797852663463,-0.8501950823685511,-1.0,-0.863845357044881,-0.5559399473980214,-0.2806895976134009,-0.1288094368194651,-0.0536472233553814,0.006309781553775247,0.05952805564687706,0.10151524658200808,0.11913954122041173,0.12829728826933345,0.1346903323718903,0.13417200394585616,0.13849162890939393,0.147131026445305,0.15196908526975944,0.1476493865018039,0.1395284228268095,0.13520876623280695,0.12587822195489734,0.11844834176097194,0.11032738862946578,0.1037614945804798,0.09356711176646632,0.09166641605201735,0.09546773894824162,0.09857789928723498,0.0857916898320064,0.07853463849753363,0.07749790256930347,0.0666123202958502,0.04380450416861951,0.024106810160237264,0.019268782307279575,0.027389755866794225,0.03378286850202471,0.03188220705391257,0.026353042343476598,0.009765526960450154
0.09173891353614032,0.11138839205643551,0.1410115231393284,0.1917728678747369,0.22094946222931638,0.22154492919166632,0.20427709841014755,0.19236838563184608,0.17837539456683538,0.16021437180758494,0.14369094668824578,0.10498739734945292,0.05273756722272344,0.002869492773633731,-0.05325068847736809,-0.14881880991420435,-0.32179457183939136,-0.5811100464145237,-0.8645376916024331,-1.0,-0.8821033320572658,-0.5983778264012832,-0.3207527036014193,-0.12083307329218587,0.023263300763969732,0.11213263686854429,0.1493476627199468,0.1669131338589153,0.18790244267477405,0.20502134322225632,0.21856759437991669,0.2163346906277263,0.20770086836069215,0.18820026927967423,0.16780630890506057,0.14711475896775641,0.1417558187461964,0.13773664109385428,0.1235949399054304,0.10885775482307017,0.09412056974070994,0.08444468452246001,0.0726847792241936,0.060180565620369386,0.05586360792498969,0.057947644936592595,0.055268179058709184,0.05080237155432841,0.038447018341746776,0.03234375923238744,0.015076003717061363,-0.008443860981181162,-0.030028543635664588,-0.04774288574811717,-0.050720063942692545,-0.045807719709998355,-0.034196617658870394,-0.028837656272827354
0.058848259693015825,0.06420229194986332,0.08543990177948861,0.10239431139544415,0.10489289953095175,0.09168624143668357,0.08204901985629749,0.09650484678181101,0.11595779552768389,0.10988993967532733,0.09579099868350681,0.08187056872185262,0.06313147896441512,0.032613525320498396,-0.003972303233504451,-0.08124866041514474,-0.24758084306718456,-0.5368778310509698,-0.8547280895590529,-1.0,-0.8686488135542487,-0.5577586992411401,-0.2718525496200213,-0.10230789806377615,-0.009861732454211274,0.04582011671271315,0.07455336435108639,0.08044277451406366,0.07366105967327172,0.07383951625278218,0.09757562437433291,0.1279151922245918,0.13880170787273166,0.1418356548566395,0.13291228137455763,0.13023521487927722,0.1384447620433172,0.14950977783149225,0.16021780422972814,0.15736228115493725,0.14522647143904358,0.12291807040423243,0.1027512898952521,0.09668337959223969,0.10453595370153732,0.10971144498035776,0.10578522054396318,0.1132808706041087,0.11113921740788438,0.0916862686620115,0.07330411928892286,0.059919059065800064,0.06098985027098592,0.06366687048320886,0.06955630242644847,0.0667008147445839,0.06545154790215803,0.06313145718415278
0.037112322230298644,0.037260316485277986,0.06019873518360167,0.09290446316272058,0.10355971539746131,0.09201650666321674,0.08994464127573924,0.10400370267758545,0.11761872261707425,0.12501832700157475,0.1251662535287625,0.12501825475859707,0.12501829991045812,0.11924670005852195,0.09497631048945367,0.009142259716182375,-0.18413260064138232,-0.5138551496387755,-0.8568941744703633,-1.0,-0.8537864982991719,-0.5396056172132204,-0.24910038538252338,-0.06825638153285714,0.04214396886808254,0.11303106777460059,0.17311492019139857,0.21425621233987335,0.2309790890579978,0.2311270607370466,0.22801931232287753,0.2096685665277719,0.1867301207383316,0.17059920297938008,0.15432033160212422,0.1463287953495674,0.13611749427346193,0.1242783150900031,0.10607554097394632,0.08535697740289337,0.07943737878079174,0.07721756429019595,0.06907811957119579,0.05265126296933278,0.04096005772251581,0.028528918451087522,0.017725658980207396,0.014765862208948766,0.011658077305303185,0.005442508319775808,-0.008172556207175793,-0.01438812753608473,-0.015720041967003006,-0.018975809469675024,-0.026375280656185423,-0.026819254390751234,-0.01853183121992311,-0.013204207360145794
0.05254629786686061,0.05758015589647294,0.0810189966784547,0.11027825073055242,0.12585166389392424,0.12726742349116396,0.13654865390231494,0.15180748048562195,0.16407748018598345,0.16439209556291579,0.15542557651825564,0.14724558631697052,0.13670597118973696,0.1275820772639197,0.09722166459308086,-0.002511414693950434,-0.20512400060757818,-0.5244598944539923,-0.8541758111876815,-1.0,-0.8736821181407805,-0.5810910846558718,-0.30328453575199743,-0.1322903392696675,-0.048602605810362375,-0.002983334159740508,0.03461320578341369,0.06497359805647135,0.09092934745547811,0.10555905847239065,0.11845824093183754,0.13654862510544738,0.1554255861172115,0.16486410501891696,0.16439209556291579,0.1535379514493525,0.14551524973862187,0.13403169249103278,0.10980636606097731,0.09092939065077943,0.08872704941590753,0.09061472727906783,0.087940554168878,0.08856974652691929,0.09265974642703978,0.08794049177566497,0.07582784295907102,0.05663629536724213,0.0412201370980793,0.04074822363163663,0.04861360085572837,0.04593935815310862,0.029736667440962337,0.026118594205848816,0.03162436450203433,0.036972824710014715,0.031309745525493544,0.02187128121784949
0.07850563577706995,0.08497767917150621,0.10323215820359564,0.12264823269237632,0.11601019428853547,0.09991312887539738,0.10621920763926254,0.12098878891222203,0.13426474420456974,0.14505140724821308,0.15318297036988737,0.14754067924436176,0.13841347010715055,0.1301160081757111,0.09128373261967679,0.002666737372179511,-0.1876775260545863,-0.5109484956072611,-0.8556247962979455,-1.0,-0.8499829203498112,-0.5466276659605569,-0.27563105390728054,-0.12096571906892722,-0.04429697092970197,0.005653810857756263,0.05444294149399516,0.09559843327910654,0.1125252560242942,0.11368692236493029,0.12563532263315455,0.13708578344141528,0.1447195387447379,0.15069377938396136,0.13990695431987268,0.1239758586004446,0.11119769087389293,0.10190450191669387,0.09178161638511224,0.09460273663218047,0.08746691572568249,0.07684615655494324,0.06921246707242656,0.07933537791970277,0.08696908765477512,0.07253146602179132,0.04929852907076609,0.04481789415959874,0.05046016756413814,0.05128992236461825,0.04714117874105121,0.05527272161016985,0.05975335398976774,0.05477486569199844,0.035690667301401316,0.027227247068314385,0.0325376304510382,0.032703577360623085
0.058437969970537344,0.07139772099421679,0.07943610244483498,0.09682517917960089,0.11470649998135518,0.12914274295998351,0.14144634207202353,0.14259463794814456,0.14538347376737498,0.15899941674369655,0.17195920780837873,0.1831144309622923,0.1837706429354358,0.1727794377389307,0.1309471607169919,0.019230470769417744,-0.19698505791318474,-0.520653019866005,-0.8577706745518363,-1.0,-0.8523576915575796,-0.5362377789462692,-0.25325385820077095,-0.08740077158618256,0.004466146829844369,0.04957937610730585,0.07484272874558799,0.08206082520927545,0.09764540911015286,0.1270100090011391,0.14243058995998403,0.13947765610133964,0.13373604658747573,0.12651792509816157,0.11733124777142236,0.10929286632080416,0.09830161107304568,0.0946925753540153,0.1046994826113065,0.10880069232557052,0.10125451490093801,0.08747451893133057,0.07894395347522803,0.07271010489950105,0.07139772599934212,0.0725460418959645,0.0627032026473352,0.0469545757634226,0.031370025647141246,0.02530024945956083,0.01758999479806658,0.004630194818004903,-0.006361007875937504,-0.005048636483466586,0.002169471241752892,-0.0002912535857804542,0.00741902250390666,0.02283952838587149
0.0437568764125529,0.05898046228547416,0.07505931115710636,0.09917760142567122,0.11183541656827753,0.12398001441727914,0.13578258221758982,0.13817735618937715,0.1374931499654525,0.13783525307741482,0.11679589081651096,0.0849802439971579,0.06376985105549327,0.05248049532998218,0.012454409702818206,-0.0845318218861525,-0.266873406818688,-0.554583376492234,-0.8635016098349637,-1.0,-0.8469094836534682,-0.5119911215485156,-0.2011892544431732,-0.004992848354910129,0.09609860035473881,0.13920359246199274,0.14792732619313426,0.1593877386934316,0.16092726532292329,0.1588746884015901,0.16007201798062767,0.14382203666153526,0.12141428282800244,0.1120064785618689,0.12124324170963148,0.12586165459634338,0.12055904592331702,0.11936163284339785,0.1140590763584225,0.11080906548194973,0.10995384945248471,0.11748006572760501,0.11748014922848662,0.09455913113210321,0.06838828481742557,0.049401572541126294,0.029730621423370476,0.016388597936699924,0.012112310831135018,0.0206648775402325,0.02562538212277057,0.020151731679022608,0.027506949890914036,0.040848971257445015,0.03298059837761009,0.01929647063736359,0.012625462563500648,0.0151912368817441
0.04033840287076656,0.04893625816954911,0.07472973919729647,0.10861544126220787,0.12412519339492566,0.12260791770258397,0.11164984862744834,0.10322066838584412,0.10659240014768358,0.121090755168376,0.11552735609857347,0.09243117406863192,0.05955708514491027,0.02482857872832732,-0.0336704293240971,-0.14679103568529991,-0.33290961463047614,-0.6002865864754514,-0.8792942599165596,-1.0,-0.8587262260487288,-0.5188598451339964,-0.1808453690872016,0.04320434092088999,0.17604931525337036,0.23640302883754188,0.2535987651528646,0.24382072967029622,0.2247707018791247,0.20167453013628622,0.19341378063316256,0.1829615695641371,0.17655521440789282,0.16576580238750513,0.16070824074960666,0.1514360118376331,0.130362891496422,0.10962688980974857,0.09866883102171599,0.09057670771203108,0.08197893213829728,0.07068367754245403,0.0683235126298405,0.06343455146762314,0.053825209044663404,0.03966407554953934,0.02111970773774402,0.012353275109262256,0.010330263570159275,-0.00130211450230125,-0.010911462390284489,-0.013440239351570075,-0.002987961737846677,0.01151035502768122,0.022131215436127335,0.022974145804811438,0.012521866583728183,-0.004673813795471666
0.07103091203395817,0.090047518648565,0.10727013313911118,0.12287806987756426,0.13633332553867814,0.13507754473577738,0.1304130612152628,0.1336422853536087,0.13166884201816356,0.12287816840194447,0.09830000831150759,0.07013391870871619,0.040891387306086636,0.01990134488220258,-0.020284696526723524,-0.08953385986291686,-0.24292294241595982,-0.5321201543871285,-0.8613223370613391,-1.0,-0.8374622719160042,-0.4833227366290237,-0.17851740181779496,0.010034245886875372,0.11085813928153919,0.16414060576950404,0.174366484032125,0.15929674219410178,0.15104430726692597,0.14853267997820432,0.15230007712267338,0.1499679065189129,0.14458588088454086,0.1316688529653169,0.13148946196327585,0.1361538798008703,0.1340010454633841,0.12162232191612357,0.10081163560022924,0.08735651130495566,0.08143622508723361,0.06905751796070311,0.05954920370624635,0.06582827192805049,0.07569536271301268,0.07282492057874886,0.05309072258809444,0.03443292124027059,0.037482753008181297,0.040891359938203246,0.03156247773761261,0.021157165368534254,0.014519289143158797,0.0030375698682936145,-0.01759366728880746,-0.022437517180268034,-0.006650149756342984,0.01290467585525978
0.06169393379812532,0.08487204995515243,0.10182317235489623,0.11721751201251261,0.11635264854339529,0.11842835886623185,0.1253471082985246,0.13070922803198087,0.12707690911972727,0.1281147326170164,0.11739053536894273,0.09732591609055728,0.07068841994002893,0.04578067447583209,0.0011542390249644021,-0.09830392925024851,-0.2806154513428563,-0.559445318622452,-0.8631808177856233,-1.0,-0.8533222122816375,-0.5158564784232758,-0.2126376534102886,-0.028423734605791628,0.0808937107168129,0.13313085841116104,0.15146568742305352,0.1554441269311354,0.16478452785202774,0.1715303700296973,0.1691087713146463,0.16668715149017588,0.17516267838724117,0.16080608834394589,0.14177944032878562,0.12154178713926032,0.11600674959647113,0.10995272642206934,0.11358514032671042,0.10839605450439398,0.09767185197896545,0.07189920874284471,0.05650485325316375,0.0554670271171972,0.06619118478510942,0.059964270188149,0.043877987509425655,0.032288949220992826,0.027791712746734594,0.02882953756336243,0.028310624495379154,0.02381338934045964,0.02450527167198572,0.025889036335037877,0.029348459866716706,0.025197154003511798,0.017586450335733,0.012397318851928227
0.07304228042582103,0.08429420947582614,0.09911815942728644,0.11947885729849622,0.12072908314119796,0.10572644931721643,0.1119774804455888,0.12983775932644057,0.15109142427879446,0.15805688574349422,0.15930716607793838,0.15502071484015575,0.1441260064074886,0.11572814707534555,0.07250645222440125,-0.01840206713861694,-0.21075690428291427,-0.5236691524428622,-0.8562262840474354,-1.0,-0.8687280847438166,-0.5508169385091821,-0.2627303871013919,-0.09859443661048166,-0.014830027165051888,0.045716121089911486,0.08143654807143319,0.10554783628396035,0.11912163123198403,0.1246582429223775,0.13055218966276794,0.13394563022601252,0.12787315763915383,0.11483516909585295,0.10179719690007481,0.09822510515935447,0.10340461066506905,0.10608359364611501,0.10519063201414514,0.10358317465575698,0.10304742274277655,0.10733379224294555,0.10126135780030654,0.08018630588120873,0.06714838272799875,0.06339774061952609,0.05803966294936223,0.05125278999663447,0.0476807336755467,0.050359779322096426,0.056610845870101366,0.05839686994376457,0.05107417151420414,0.036786002083889026,0.022676443132529565,0.012853322136590498,0.014817945620574192,0.01981879901223617
0.06369462847718843,0.07478352585587632,0.08940072064742245,0.11477083160409642,0.137788817759903,0.13812479384734414,0.11981125208579195,0.10889035300306249,0.11409870514117026,0.12199544010412815,0.12569174093906374,0.13375645881962325,0.1315722605490492,0.12249950163154966,0.08116805060597496,-0.005359004481678771,-0.1837897342122967,-0.50066467222151,-0.8499648960781678,-1.0,-0.8603810877424896,-0.5519090069234688,-0.26225246869360863,-0.08398945788546701,-0.0023347647516528524,0.03950065937579169,0.0776397634453546,0.12938806227847513,0.16147859205478585,0.162486786875294,0.1616467287559556,0.16987932703173797,0.1811363149765252,0.17055149450361562,0.14652547756310688,0.1330843733656486,0.12031533411768922,0.10603412053970315,0.09897751546174881,0.10586608636091215,0.10821826754908784,0.10048963853058611,0.0870485035764142,0.07209530706683225,0.05831818064686239,0.04218886278647896,0.028579759011532497,0.02202722058711861,0.019170991327583608,0.02605955389680367,0.02572352911123263,0.015306675216420571,0.007914072265019612,0.01429859669473581,0.015810719443190673,0.008586129204957669,0.0010255138607711879,0.005225854437122831
0.029242693182175403,0.03095292192478392,0.041058784110398476,0.058005539920458565,0.06002669670385655,0.04976535270952349,0.04929894760356852,0.0444792368520625,0.03452882327029541,0.0303310112923454,0.02846533631766593,0.02457844526517587,0.01151857813582933,-0.005739116980958621,-0.0418092511837039,-0.10819703538831432,-0.24967945226628763,-0.5186516015656483,-0.8516782050627671,-1.0,-0.7793819793073691,-0.3306820141867134,0.05878288966963853,0.27085037145223534,0.3389485907440101,0.32619970383453617,0.2710063015267131,0.21410237400421858,0.1669933711394431,0.14305029681885506,0.12408236525118495,0.10433705072946382,0.08956687896066064,0.07650701894664362,0.07137638252612465,0.07883919627011472,0.08925598649651874,0.0900333315021457,0.08987785680875669,0.09189901833570768,0.0904997555823127,0.08785667630759367,0.08272601142575664,0.08039387205070961,0.07075444580414458,0.055207009670115575,0.03919309253328347,0.020380638030778872,0.012140480467050088,0.008098139624824325,0.011985008145437593,0.014628080304827106,0.017426628343493872,0.023179194370663403,0.025822249927617388,0.018359472946163122,0.01804852948882638,0.021158018613053386
0.033012803201576076,0.04330322714829882,0.07074426954333896,0.10269874586103882,0.12815397603520898,0.14079135747533852,0.15523400672906734,0.1633580754246737,0.1617332418564028,0.14331879190182636,0.11010065895995086,0.0884365694093182,0.07309125870830417,0.05034403490837811,0.00033626767888140813,-0.08938890342245753,-0.24789760635439279,-0.5338636655361035,-0.8571989248892771,-1.0,-0.8382430510205789,-0.4907160528744973,-0.18777967867249112,-0.011939994652172605,0.08338163996727427,0.13013983232085588,0.1498179719481907,0.14999853838784985,0.14837373786816163,0.15017910482750899,0.15017910482750899,0.14584620429592574,0.14783208261396108,0.1429577141034792,0.1330283886104678,0.1355558781179268,0.13266725573114949,0.12508490838690906,0.11353074932562678,0.10287924620353259,0.08627017422449772,0.07959046629515407,0.07995149452062718,0.07218859175292185,0.06063444370783379,0.053413080524289565,0.048538678965224985,0.03662348892442102,0.02380561264989482,0.017848009367347165,0.009904531553580918,0.003405340835278446,0.003044278184198351,0.005210674746043106,0.014598410049251127,0.018750675634217357,0.021458678565900766,0.015681604543356736
0.08240486386778643,0.09495202441577343,0.11235087273936939,0.14330063138372137,0.15250183345174265,0.14530813092925943,0.14045662180131585,0.151330823526196,0.16203783145314574,0.15283651709230622,0.13192450117815704,0.10498981308394735,0.08792563819247692,0.05362997721456836,-0.0030833396492999415,-0.09609985787036696,-0.2607194552353498,-0.5406066913536813,-0.8514417465131405,-1.0,-0.8711821706207759,-0.5611842073791513,-0.26540378077380095,-0.08171247324227654,0.014148125382234776,0.05379726033633151,0.06550798485862669,0.07855704326198375,0.09060233657991473,0.10816845526472632,0.12205397266276073,0.1320917766435917,0.13209182768578182,0.12841123660744264,0.1329282560551451,0.13610682677685793,0.1242288293412376,0.11636593308107364,0.10984138346251907,0.10248036464084911,0.09461746838068513,0.09528665701414687,0.09846530429914487,0.09913447251573056,0.09010044382876368,0.08809292897056858,0.09344637678763433,0.09227534134099265,0.0775532832807767,0.06450418404366755,0.060489103285087255,0.05764505797314865,0.039075217588772596,0.016322968024109367,0.010802207097993784,0.020338069997099924,0.03137960891656341,0.038573336322114314
0.05664270286144961,0.06153299925347993,0.08261184402911669,0.1121222997733875,0.13084043280322316,0.13488765093218638,0.12527555546674443,0.11178503759842291,0.102679030903767,0.10419669011128249,0.09998087176457472,0.10470259366364197,0.11448317615779001,0.12139704045465159,0.11431452449048254,0.03286570666405502,-0.17353889619048696,-0.5097907457977743,-0.8548090041145956,-1.0,-0.8634095600130458,-0.5568389426842861,-0.2703335931614792,-0.09731749029979998,0.004198415360869197,0.0701331589902956,0.11397726231551795,0.13741702463520755,0.14770358271110318,0.15276253591539726,0.15208798069573032,0.1463544516919441,0.13353851991302731,0.11937346740486403,0.11330273796558876,0.11734996638446459,0.12139704045465159,0.12358924459192146,0.11414589340300024,0.09559649435977277,0.07519210704963339,0.0775529731441233,0.08429819606359,0.08058834300871723,0.07519211219458967,0.07148220769015397,0.06490561585816956,0.05782312047382569,0.05596814506930452,0.05546227753163909,0.0453444019927887,0.027806776612064266,0.01701438279272531,0.012798602108705408,0.010775025843320163,0.009257342840381808,0.00942598679025484,0.02190468147586897
0.06377232588940102,0.08655888578772278,0.1192824499068352,0.13847121116017874,0.13915655243844025,0.14018446503858523,0.1369292638516082,0.13504465113113043,0.14275435631064198,0.14755156753287202,0.13196072515064808,0.10831744945032293,0.08741551795414955,0.059660489922385464,0.002265744036832317,-0.09898879981305189,-0.282309860684384,-0.5685993321759668,-0.8685931201654804,-1.0,-0.8464919172270907,-0.5178860639295619,-0.21583440166813103,-0.012297095575640593,0.09889441721127537,0.14361104597652768,0.14772285319381379,0.13196068333285976,0.13127540478128077,0.13196069378730685,0.13812850393048323,0.13967050351128918,0.13624387030111132,0.12664958376446325,0.11654123115604836,0.10506227962668714,0.09375465034883244,0.09341201107304294,0.09067071391390302,0.09015675761383053,0.09341201107304294,0.09324063654930102,0.09049940734406711,0.0743946086617707,0.06360098272900033,0.05674789664785671,0.055205962407345,0.04920948758373399,0.046810900267901356,0.041157093469809315,0.03447531787891925,0.033447358233762416,0.040300450848935465,0.037730542588402194,0.020597791121679827,0.002779729086634272,0.005863626317387155,0.016485929345248045
0.05542051034697344,0.06106362188906779,0.07642545940792642,0.11310577888716661,0.141007770220266,0.1519805488824488,0.1610722401470179,0.17627734828102848,0.17784490038793188,0.1665586246955459,0.15480206041478461,0.13787277122285377,0.1074626027804665,0.05824203144443604,-0.005713294872623946,-0.105878721427718,-0.27799438747609706,-0.5623461702976205,-0.8684840980405997,-1.0,-0.8446576733165363,-0.5104605992074679,-0.2000876733222894,-0.004929549905834279,0.11091117532909615,0.16702885589316052,0.18145021666909975,0.16953699474194128,0.1480617929618384,0.13081887282792948,0.12031644014488266,0.1062085955294002,0.09680341201719131,0.09507908748236936,0.09006295326170953,0.08034428228442424,0.07297688685929676,0.06513922197604755,0.06137711891927098,0.06075013442399138,0.06592296455155552,0.07673896122069299,0.08426314342142918,0.08112805355531255,0.06999857420366205,0.06529595136089558,0.06905802572229182,0.06858780408980399,0.06780400412353534,0.06027986018330626,0.04820982517644044,0.03535606672432021,0.027361650336867292,0.013567354761964872,0.0010270825792802044,0.0007136010924080326,0.01983748823784285,0.029399446195614205
0.030518997873455755,0.04085766945280534,0.05192442347246406,0.07391230747106639,0.09517211569346541,0.10915128610773651,0.12546013018184368,0.14701127978315462,0.1551656662783104,0.14803045258772252,0.14293393992524833,0.14264277181308815,0.15327263371828403,0.15807790718480247,0.1273531183144978,0.028771622674673678,-0.1670810099172976,-0.49806573276807437,-0.8503071939098288,-1.0,-0.8562776640679803,-0.5417505636754545,-0.25532406055737056,-0.06748000382487657,0.03983835670201489,0.09240551659863736,0.1149758390045162,0.12283907515846071,0.13230399805078244,0.13055672281358788,0.13579884174582826,0.14337081204739366,0.14846728028249562,0.143370758734547,0.1286637080245104,0.11628639317263104,0.11337406341139451,0.10696704100817774,0.08352291660242434,0.05905957940746803,0.04376995922940685,0.031101462937155613,0.03343130319963755,0.04653666717129689,0.06066135055785251,0.06415611428362833,0.05381743826154152,0.038673446566932675,0.031247066985553216,0.03590675195325431,0.044061193982625396,0.045517341092294765,0.03867345323103851,0.028917222280334054,0.022655768383617093,0.022073313316075985,0.02833476165937142,0.024694388331776465
0.045934013592613995,0.049571517078203405,0.06336370854600479,0.07867156345970237,0.0874621460170551,0.09989031067132774,0.11004505414389065,0.11171224324145246,0.12065443006180128,0.132627814296457,0.14929981625277705,0.15430139279385433,0.15839359346353424,0.15899985329285765,0.13459825816197016,0.04078087671840178,-0.16564765648971155,-0.5013603769264764,-0.8516205032591041,-1.0,-0.8626842434189996,-0.5525888839572997,-0.2734091041795383,-0.09380674993630862,0.010316780257888403,0.0665465148475037,0.0860981284519182,0.08988716683756502,0.10549812854494475,0.12095756460065889,0.1276262932457307,0.13126377823453644,0.13565916893342492,0.13747795766978693,0.13020289520825715,0.118229427738075,0.12126071763630016,0.12095753685548342,0.10443721777348998,0.07382154031546617,0.053815252647940744,0.05684653329777406,0.052905895273327036,0.05366372237207924,0.05942307976994958,0.06275743021989774,0.05821059248067418,0.05139026882099811,0.05533088834866149,0.060787143577045614,0.051390250324214466,0.039871505471200344,0.03911370149342771,0.04638871077670449,0.04547933259320919,0.04820745327110738,0.0438121365593535,0.04517621192693931
0.04854998749465262,0.060148625563189055,0.07899640720242974,0.10525447140216079,0.12281355152117429,0.12071932216020938,0.10976509505988538,0.10815413276239996,0.11121491591011128,0.12667979615784095,0.13151253560189183,0.13537878023855845,0.13940604836376033,0.13827850057815977,0.0999384550647367,0.008115798631834398,-0.1813289426258057,-0.5017428991173514,-0.8493790554415267,-1.0,-0.8551782995228555,-0.5387944421658944,-0.26880253216125133,-0.1115758793833375,-0.017175679833995754,0.044200480709453316,0.07899644652200451,0.09671657961923433,0.1149200190995184,0.1278074422423784,0.1282907093058579,0.12378013479760176,0.1245855864566634,0.120719302500422,0.12088039479821305,0.11798074326786757,0.11363123156772142,0.10912068654914636,0.10380463580709436,0.10364357791393121,0.10042171721326935,0.08479571517806757,0.0694919518028632,0.06981415114328587,0.06916979669696215,0.06143735903057074,0.06192063346647051,0.06417592072059858,0.06627010584704189,0.06675341223009616,0.06739777159136673,0.06804215061242469,0.05660459746925904,0.04162299902984942,0.025997035699854034,0.018586795837964402,0.02503048621368613,0.032440735598285274
0.05802547202662269,0.04890304396502407,0.04714873561109317,0.06644617299995101,0.07925262211029756,0.0967957645262886,0.09995347085629082,0.10170780864856277,0.09539231034974799,0.08539271606822621,0.07767378500257338,0.06381469574988413,0.05504312989431425,0.05170995499431813,0.039956049682652636,-0.01828707651811879,-0.18336795855166851,-0.49002268274473015,-0.8459726048579163,-1.0,-0.8329906175960423,-0.4886193195594255,-0.197227165557722,-0.039865128951014746,0.024342688204905608,0.05556944193684713,0.07574398934515883,0.08819960836403051,0.09679574311658601,0.10433929660348094,0.11837378484463068,0.11907548784698557,0.11433884806559755,0.11311085175419953,0.11819835374161632,0.1292505453460756,0.13626780017150178,0.14275877239273613,0.14012727373296666,0.12960138614240177,0.12872424133218122,0.12872419851277603,0.1232858450241818,0.11118106680163627,0.09311166319115598,0.08223495621396752,0.0780246097416226,0.07241080909273706,0.07644576728147279,0.0776737635928708,0.07504224887582439,0.05890262486548173,0.041184086137243,0.03328967044431933,0.03328966776810651,0.03434225706240556,0.037149158724954744,0.03802631557813302
0.0541419573841839,0.0646758394418231,0.08781280487415269,0.1092567790629182,0.11790962223133984,0.11565230439932711,0.11734526120823713,0.11170216749702046,0.11696901670009599,0.10699950140466849,0.09627752004939474,0.06937848257773904,0.04962744224144753,0.0321336709547422,0.013135059553435571,-0.048939579794849454,-0.21748208297648908,-0.5229659482084431,-0.8591099243464121,-1.0,-0.8495167052111068,-0.5124319743250598,-0.1924640212638519,0.012382635371150323,0.1293840065162608,0.1720839416827924,0.18506318921809783,0.19879475359641544,0.20932865861049066,0.20443795061159417,0.17170761682712518,0.1476302180368219,0.14273952151614341,0.13916552581801583,0.13521526265531109,0.12355275037721054,0.11602854890746825,0.11678099201087849,0.11565230439932711,0.09759418069818257,0.0880008582589152,0.07915993301018602,0.0748335229041932,0.0532014207222481,0.03946977886595894,0.031005042169058108,0.029688305477075957,0.02968831121618496,0.03156936158362053,0.020283051487732216,0.00749190863047601,-0.002853874488222956,-0.004734921986104026,0.002224969395127971,0.0057989579193693025,0.006175172655882483,0.007868116193102934,0.023480835677595437
0.061440518024716353,0.0737931052088674,0.10185114401389106,0.12443870647230662,0.11755654448692836,0.09920408201668457,0.09073376359272241,0.0893220402660736,0.08861618398673186,0.08420455397493701,0.07767534435715161,0.06338165644279778,0.04114699789613111,0.01803001849553888,-0.017968919099278956,-0.09314315124744053,-0.24578631741147047,-0.5230145840145933,-0.8498285772056531,-1.0,-0.8475343114405423,-0.5039562329611118,-0.1914347109043235,0.0072656212316139475,0.11685068282360396,0.16855509273397778,0.18567224883755987,0.19696601391481966,0.199260064320624,0.1902602742734112,0.17455490610426988,0.17243731034633134,0.16555516989688374,0.15479083337101324,0.150202678719578,0.14543810172417293,0.1314973446414813,0.11490956324946185,0.10802739049611826,0.097615936346066,0.0767930334299441,0.05702889070491283,0.057028893396904166,0.05649949714941086,0.05526424462257582,0.05191138556983691,0.05649948907343686,0.05720534266078727,0.05138198124636961,0.029853201860971,0.01785355392095507,0.012383118627214784,0.008853813339083019,0.0118537186782334,0.01503010625816071,0.019088808803282526,0.012030195198528748,0.014853637477340443
0.06591390665577716,0.07803061556010371,0.08836546718040296,0.08996913764872698,0.09424559947959477,0.09941300626198459,0.10440226428419072,0.10529319836270717,0.10600598911754272,0.10903517585750425,0.09353281416126201,0.0671612089291974,0.055579055035477914,0.03847313431921902,-0.004469915447787997,-0.08465397979601735,-0.25856483382669754,-0.5554253300570287,-0.8699251032653589,-1.0,-0.8647573811658068,-0.5621964290537538,-0.27139441503340156,-0.07913020481872374,0.02350542277238282,0.07143773599809874,0.09567110487822668,0.12400280313854709,0.15393826428773907,0.17638972695531452,0.18333907800577642,0.1847645181663748,0.1760333968159303,0.17977530907269382,0.17852804485479315,0.16997503420901283,0.16017474847232627,0.1648076056806118,0.1744297372206119,0.17068779234483158,0.15090903405575515,0.11865720954045396,0.09086006085423784,0.08088161004785915,0.091572808117051,0.0915728244265594,0.0725068297098045,0.0539753628211427,0.049520700583314634,0.048273395591642995,0.036869442104883805,0.0315238226834024,0.03401844218062556,0.036156675814310854,0.025109095958958237,0.001766620383575773,-0.021041297462948215,-0.02549594067301649
0.05644528933753457,0.05765619986763786,0.06803554344213314,0.08965918138683156,0.1043632604671464,0.10695806535299066,0.11197478102368025,0.11681849703497241,0.1284088303083699,0.14553474100473118,0.14293993611888695,0.13480942714000063,0.13134958173380976,0.11595353040550475,0.07703097682712769,-0.012923362300737666,-0.1847018060294183,-0.48345529679751376,-0.8277035284303937,-1.0,-0.876486117846758,-0.5628575908939623,-0.27465639321952023,-0.10339672679639497,-0.010328531025293785,0.051601589160002195,0.07754998108323993,0.09104312588281183,0.10920696592259871,0.12858173496520864,0.13636626573697977,0.1332524618729432,0.13948011182437578,0.15141640219320873,0.15089741377085625,0.14397778629351363,0.13532836278315383,0.11733739045476618,0.10730408578346524,0.10730403300426597,0.0969247184583303,0.08308560072956317,0.07582003199054485,0.0778959012332359,0.07616603658725968,0.06890046784824136,0.0650947181258143,0.05955907472885139,0.05350447457705559,0.04295211814836305,0.04070325980211441,0.04675788634350986,0.05021764994194186,0.038800371746101056,0.03568656260414456,0.026345158928914734,0.017868682917259338,0.01164108644599979
0.049975166966111415,0.052208775510629406,0.05753511031074858,0.053755130775180134,0.04138427817444117,0.04207155766524131,0.04052519191635743,0.0365734029924221,0.035542507345971475,0.04018156789745708,0.046195179567293104,0.051006059991478746,0.053583334492229684,0.0620024007901166,0.04739790032861034,-0.02339080209532304,-0.20036284647431804,-0.5158205366253115,-0.8575637919710445,-1.0,-0.8309332502784286,-0.4828316662522285,-0.16754577238418558,0.04688242498401052,0.1848517042430916,0.2539224071423544,0.2772897420802287,0.2860524428813492,0.28691157107676546,0.27935157006829603,0.263028931164705,0.24395717429791344,0.21526363037191773,0.1922400138119421,0.17419912900185155,0.16389012535784617,0.15323746624194096,0.13657109847611815,0.11492213525674111,0.0913830931527481,0.06372055757978436,0.039494291027740235,0.03193432671443677,0.026436174662700856,0.019219851405339106,0.009769903221688815,0.007879910832821305,0.006849011254745751,-0.0029445819164711797,-0.015659048051777345,-0.009645452108441043,-0.011363616761358657,-0.014112699339934833,-0.017377229741736323,-0.024765368940173175,-0.03954165257921346,-0.039885276598113806,-0.02545265891530646
0.04235043450856448,0.058598922926715036,0.07030488076094255,0.08393261910364694,0.10053056165445022,0.11206175644093999,0.1087421274183754,0.10210297598483552,0.1099651649095102,0.13372650006185144,0.15626477640074005,0.16727180464734423,0.17915239759540236,0.19522636550718078,0.18788821518848453,0.10175357782326716,-0.1173392403927866,-0.4672949379284773,-0.8457277423677331,-1.0,-0.8604033820132719,-0.5536046102009852,-0.27668000488059036,-0.11104944447617937,-0.007268662079584418,0.057900073297783676,0.0895235067549487,0.1043742932499468,0.12271940784829367,0.1370461184232571,0.14246224302682112,0.13722076952882611,0.12149640234063568,0.11939980014804695,0.12167114939663504,0.12499071445224605,0.12306885931565668,0.11171233695705378,0.09738567435730552,0.07939003787921899,0.06314153613461977,0.05650233139528524,0.051435631606186895,0.049863187957614546,0.04636887318071444,0.04042855538436753,0.04042856604552646,0.0418262839604173,0.035012393466747255,0.02942150848073521,0.025403057814781454,0.025053629002381173,0.026975500130708933,0.027324931608398943,0.02330647960980032,0.017540886214490032,0.01754087621965354,0.021559328218252162
0.02466039205952511,0.03264346567801927,0.042455982356048305,0.05825581820216147,0.06956519067779125,0.07871243642102235,0.07671663883940692,0.07422195021637142,0.07588514531327435,0.07405562106558815,0.05542847127755943,0.039794962045099795,0.021666757846780335,0.006864802714425566,-0.032052685298569285,-0.10988774568412246,-0.27603585703843414,-0.5551119475380981,-0.8639559375853623,-1.0,-0.8441644583705534,-0.47943874494919236,-0.1295126471094346,0.11463616875618665,0.2599949680702547,0.3285164484875341,0.3461457451530902,0.33167639282258915,0.29541985503233403,0.24735504865076957,0.206774389326463,0.18033035299145855,0.16087161326636756,0.1430759823757687,0.1286066604908244,0.11812891347207308,0.11829520710304015,0.10948051817618641,0.1054890143496258,0.10099850784793703,0.09600910015630926,0.07904508964832942,0.05725789911431592,0.04262231911822076,0.03497186320721746,0.03414029103006328,0.029317204877829583,0.02732142759325199,0.022331999604586383,0.02033623246852771,0.017841526085584092,0.010690024644244109,-0.011928677175810072,-0.03255158648850828,-0.043029389324113626,-0.04386094881561916,-0.04136621452424852,-0.035711558731990375
0.06856071944485698,0.07331557507096899,0.07843615448585417,0.08648283109171652,0.10038156258826418,0.0974555658310007,0.10074737007179876,0.11610919201121571,0.12580173725957253,0.11464609598869566,0.09617540423832713,0.08483691781201597,0.07459573666364257,0.06344011771136875,0.03161922574601739,-0.05524815438311006,-0.2277030627193086,-0.5248822479669562,-0.8518691997396409,-1.0,-0.8558926189475082,-0.548290802308743,-0.2734228549656431,-0.09694440466926066,0.00875938681427041,0.06709769595779681,0.09708978066606917,0.1237901169300511,0.15268496331619483,0.16969264273880472,0.1722529770834534,0.1689611393647508,0.1698755325314451,0.17481328910949903,0.17408179689474662,0.16018292032727918,0.14719847040441061,0.13604297420445355,0.12507024504482012,0.10531935264422267,0.09507810454004013,0.08721434562507198,0.0846540112804233,0.08758010289174971,0.0978212561418693,0.10001586111809406,0.09562676833831053,0.08063070924522207,0.06709769595779681,0.05228449875909493,0.035093922569281205,0.018634836153122683,0.004918939001435969,-0.0029448471143296477,0.0003469682857699247,0.012416961922144922,0.023938314776308908,0.028327406161179743
0.0588819793959446,0.06541385394705287,0.07088665583009907,0.07512356053245611,0.07265200316515487,0.07106314639652665,0.06682621476302449,0.07035695252296828,0.07688891325374093,0.0855393209494631,0.09065898549901243,0.08271476090439059,0.06559043607937386,0.04158113438024066,-0.0009647920281650658,-0.07422848557175543,-0.22358096796051788,-0.5005719105958297,-0.8400563169424626,-1.0,-0.8367024629436651,-0.4409015418752867,-0.061164591041355236,0.185637071151422,0.3021530761881068,0.31804159001209875,0.2935027277409039,0.24442480929426932,0.19958376323261764,0.16604129129745546,0.14132574994181718,0.11643375572335449,0.09313056979745879,0.09065901243015755,0.0873047598504123,0.09012938991646213,0.0855393909704404,0.08571587615063897,0.0825382218619018,0.07371124280631669,0.06153003810213147,0.05305616944889811,0.04211076766639413,0.04670075583995779,0.05111425614020839,0.05711657819859855,0.05252656309388976,0.035225742316216425,0.02339760896422253,0.020926061022822077,0.020572984284401734,0.0119225651429429,-0.0032597945309297506,-0.02373832480618776,-0.028857975890164533,-0.030446792262075074,-0.03380106907985092,-0.027975280677720534
0.02740252419585761,0.030082421599993615,0.03242733023166374,0.05051659874402913,0.0625761127890182,0.06408352010566425,0.06609342207904105,0.06592592897036721,0.06760092137994254,0.07329564619296168,0.07865543078076087,0.07631049148767226,0.08250779783144117,0.09707967784511931,0.10528682994966448,0.032594818230101165,-0.1673920633965427,-0.4978574181171637,-0.8482527970533735,-1.0,-0.8621543571362803,-0.5524603350723997,-0.2752581772880261,-0.1044146136532888,-0.003416208438907889,0.06525599741756317,0.11667639200090385,0.149505031080503,0.17831389687476704,0.1989156514463772,0.21013768972752428,0.21399001078607685,0.21549746920508706,0.1990830423503228,0.17228404275778067,0.14933757885372048,0.14196790251301733,0.13376075040847216,0.12622350941578536,0.12722852939066534,0.125888564080329,0.1220361612579938,0.10897171922238019,0.08887253596104697,0.06860584937056707,0.054871419569548885,0.04967910764947789,0.04096948388426582,0.03577718729490406,0.0386245778077139,0.036112168402015324,0.03125487591582868,0.02572759310911924,0.022545231709670967,0.009480761567757085,0.008308307890701574,0.014505556105531288,0.018357902715265943
0.03830125338357503,0.051282202803023196,0.08070563693134176,0.11601379696222987,0.1296871020216616,0.12570627425901978,0.1272639642151438,0.12137918286561332,0.1002635807624044,0.07966715759816163,0.07032091224815869,0.0663400844855169,0.04695524078585893,0.021339517786705786,-0.025218724346406214,-0.11210447387128321,-0.28103009335772267,-0.5534575937579292,-0.8641333583367329,-1.0,-0.8492491550182366,-0.5055146660880819,-0.1910286285985005,0.01908950123424443,0.13955258439792312,0.18334154192842037,0.18057236227898166,0.16655293088602188,0.15980288122863784,0.1546104687207483,0.1471680290990715,0.1589373488876369,0.1629182928248635,0.15737971173814236,0.14422575987955405,0.13314858714478583,0.13089865508293164,0.12847549615376205,0.12587928989981728,0.11584074963745468,0.1044174716918102,0.09437888918414403,0.07810946236137468,0.06824396942378726,0.060282313898503664,0.057859202495300605,0.0455705796721898,0.01926257826274869,0.011647102207664052,0.01718563114783861,0.02012797594684449,0.013897128001285565,0.017185626857299966,0.029820389875679053,0.0417628573216156,0.044359045093240054,0.03985898822533408,0.034147383576821
0.03720423363273276,0.041766973138872225,0.05594399010710531,0.07663921879921992,0.08201668784987251,0.07973531188210449,0.08266848043464853,0.08739418175931823,0.0900015062229399,0.09374942669291089,0.103689627792065,0.11574832010271566,0.1328585379399239,0.13970261115388302,0.11623717324187528,0.03264150904186919,-0.16453342921996322,-0.4954951680587001,-0.8455204590961758,-1.0,-0.8619786506759524,-0.5403077764003574,-0.2531809992860622,-0.07833042315518027,0.024167882275469846,0.0808760172671437,0.10352669331820723,0.10743759797962231,0.12438489128649004,0.13579168660543342,0.14817623792028237,0.15355369205565905,0.16039790447885985,0.1546944521300432,0.13497694463152374,0.13351033549645855,0.14247280545850025,0.14508010506332875,0.125036738560611,0.10515619715306113,0.09749736207815779,0.0856016688742271,0.06311397204284903,0.05871423910106748,0.07272829922252895,0.07826872263407383,0.07598739638389211,0.06376580937345273,0.04632966789918402,0.023027201749223784,0.02400492418575858,0.02954537618491558,0.03590059377383577,0.034922877551999264,0.03622650498149967,0.034596963858456044,0.02253832250833135,0.009339032016186945
0.05440306493903072,0.060237745039809804,0.0827427573390744,0.1057478663294157,0.10574795788029737,0.0987463600695388,0.10007997159038376,0.10908200702705015,0.12458547746331718,0.1439231802021353,0.16792850291927042,0.19126713177150512,0.20610386765359096,0.19576809862823738,0.14342308859721867,0.016727964103299964,-0.20182118609454364,-0.5262285411540372,-0.8594686642423249,-1.0,-0.8661370677054361,-0.5767401735735401,-0.3158472192095491,-0.15030959425625143,-0.04461910107325549,0.026396788134598524,0.07057335130804042,0.10091354236791301,0.12375196771970903,0.14025575360597173,0.14842420809278867,0.148257504109603,0.14275624214751545,0.133420869950719,0.13458775714373794,0.14108920231565877,0.13192043237884615,0.1190842256735498,0.1127495150017752,0.10374745922046844,0.09241155784688253,0.07474091528456145,0.06873961257915817,0.07540777190658486,0.08324283877167084,0.08074229428236611,0.06823950571576126,0.05823728198310152,0.04373401510130812,0.03623230534099256,0.03206473882139148,0.028063835595695336,0.015561035585230283,0.009392985664280559,0.015394331602044618,0.02356282169198221,0.027230309322066885,0.023729529489787946
0.06390948377796354,0.0721554399181323,0.07591987830026505,0.07842953305770882,0.0832695604227988,0.08918514395532133,0.08452439874002891,0.08344882616483403,0.08434512752873957,0.07950510563290371,0.07484431666357838,0.07161764816128073,0.06785318790213153,0.06408869482745765,0.0438323195533439,-0.033070353877514815,-0.1997826892305343,-0.4987901587274299,-0.8427907097024465,-1.0,-0.840101324316368,-0.4869588494617779,-0.18562099641872787,-0.002775367093850388,0.09725186169972543,0.1368684093306214,0.1483411761736947,0.15963451866636355,0.18132508824243548,0.1981755320068434,0.2024778441846394,0.18777849087808013,0.16967313769613862,0.15407748302567378,0.15300192138898713,0.1626819870576753,0.15551163083897201,0.13830255714391962,0.11302677117371726,0.09671408088138209,0.09904446989679064,0.09294958780670821,0.0782503165389606,0.06426799885427166,0.05010645644695332,0.035048555248561264,0.033614470331685325,0.04168118534146235,0.03576560180893982,0.02895370323937645,0.02895369640280881,0.030925571709222777,0.015509186882733752,-0.009766521150597516,-0.02661698405739484,-0.03073997033136038,-0.030022937444117107,-0.01980509369171264
0.03655719035914469,0.05070028529884737,0.07964428065366058,0.10743711705370108,0.12388266788497512,0.1339143525379823,0.13621673567539455,0.13753235164373845,0.1345721605221543,0.12996739424732984,0.11746883181187757,0.1034901587630486,0.09000492950909235,0.06911920739859101,0.033432547241517514,-0.045670092149573197,-0.22048568735458515,-0.5270302892229147,-0.8597205081006748,-1.0,-0.859391839932415,-0.5408445479071623,-0.2711377751857354,-0.11918124074576099,-0.03547389278142031,0.027512197612282557,0.07947979604368419,0.11746889202221616,0.13654562461489586,0.14855077336064468,0.15677355881133812,0.16910764667187042,0.18177063350696046,0.18933552065797407,0.18144164421689482,0.174205726285834,0.17289006014220792,0.15710243771578303,0.14213705770822432,0.1265138496463808,0.11483750955968186,0.09740534208518599,0.0801376542031383,0.07273719646929071,0.06122537109773748,0.05135812087942451,0.04938464926039059,0.04987800775728367,0.04412209256274294,0.03606383186225161,0.03178802728108762,0.021920735668166876,0.022085193936120136,0.024387558257801548,0.024716471030561904,0.017151553774379005,0.014191373315042284,0.020769554761708223
0.04591455192452282,0.061180737130817814,0.08407993869773402,0.10734267017490152,0.12733410377724258,0.12569846592965137,0.11097750350489027,0.11115928786720443,0.11370364790957034,0.11570278794285785,0.11715665251795691,0.1129766768076438,0.11788359035041746,0.10461660339897548,0.05936331492091244,-0.027871917028643712,-0.1961633455853649,-0.5080305659161443,-0.855881109145322,-1.0,-0.8367984531868657,-0.5212975861370522,-0.24541510820188808,-0.07476083503693148,0.018108291260919125,0.06717812950612531,0.08571558763514725,0.10225387246141565,0.13769326177008837,0.17440475347119,0.18240142450256006,0.16713521988907656,0.15386822184781257,0.15932036648948666,0.16731690444299266,0.16222821762772685,0.1480524973916882,0.13587593936858103,0.14132805074078908,0.14187331510915552,0.12588019484285548,0.1057070323273103,0.09025912098026669,0.07335726742936995,0.053002381545531635,0.04464233863387384,0.040462318564272695,0.04118928412128825,0.03773621851888065,0.025559639702357237,0.020652658234423794,0.007749121138580522,-0.010424896145323097,-0.01533188315816754,-0.018421439643740104,-0.012424030633699597,-0.007517047779538405,0.004296055189615984
0.062209287668242096,0.06929189376806853,0.09053973423073344,0.12577107647538055,0.14738212168232753,0.16172900551407637,0.16372666208200792,0.16590591271088592,0.14720056086615943,0.13140091346524624,0.11106110425607389,0.09144768237228011,0.07038151908250753,0.03097319622549868,-0.025869220315276473,-0.10686514436215418,-0.26468048973723657,-0.5418113335327955,-0.8585302588575052,-1.0,-0.8548983333122051,-0.5340020464453817,-0.22527201866392424,-0.022781941203304113,0.08236748619407883,0.11378511490460567,0.12123097007508532,0.13321695380904577,0.14029955436807584,0.14592931378679203,0.15700726072646354,0.1597313489461448,0.14157080144744325,0.12686079598335823,0.12431820209028835,0.12558946025124854,0.12141257521762455,0.11033462827795304,0.10488650170575804,0.09689584218925347,0.09144768237228011,0.08309386243786461,0.07909859362837264,0.08036982962614726,0.08182265968486833,0.09108447762799804,0.09889349875718503,0.08000660271867963,0.05421866693731227,0.04132467688344303,0.05076816091787227,0.041143093904089365,0.020076884902746554,0.0017347585802886174,0.004095629588895929,-0.0008077120300615347,-0.015517732731336633,-0.022600327749570295
0.03435153136992701,0.040754593396669925,0.059098442959399165,0.08194174515276804,0.09526695020623503,0.09457473484757556,0.08453750390833945,0.06688590930378449,0.054598992968727195,0.05477203756850527,0.05165706581457001,0.057021765203808916,0.06861647146014205,0.07571175412547974,0.06013676863735603,-0.01860333428273516,-0.19788878591503026,-0.5107738239838258,-0.8496151929837321,-1.0,-0.8591331000459629,-0.5434814603548412,-0.2636500422579113,-0.09474769956699616,0.009085477483724723,0.08021117771647518,0.12243672642965679,0.1451069945831182,0.1734880090858922,0.19979245671171741,0.20481114082049448,0.19875404127486032,0.19702353191785585,0.19840799431478662,0.19788880771609932,0.1802371180727088,0.15773998955786103,0.13230083885002053,0.11966780163579523,0.11811032631869821,0.11136112229304605,0.10270834319087012,0.09820889320019814,0.09232500721227192,0.08263390771207443,0.06948172085870898,0.05407981956987815,0.05563732392661936,0.06359785599052399,0.057713970002597766,0.04681149494473003,0.029159888460320624,0.01081603064769246,0.00943159262921298,0.019987963018964085,0.016007695007036034,0.0021632762952132722,0.0007788350180237184
0.018829695842018046,0.024700269890359026,0.02697272882654212,0.018640325467711695,0.026215244440415342,0.03928201115735417,0.042880097380498264,0.033032693471499106,0.01769346204057443,0.010497267927525892,0.006331056136955851,0.005762929125079215,0.00500543029444554,-0.018476851454411497,-0.053510922481249674,-0.11202723192342419,-0.24042259326840246,-0.5038418655060614,-0.8430099808025912,-1.0,-0.8490702025597708,-0.5129319670297205,-0.2120166037872431,-0.02964987109476614,0.08605716672504397,0.15593607418277877,0.2006281758554084,0.2332004233495599,0.2576296667482011,0.27259020076403373,0.2718327077112028,0.2646362694859878,0.24891835797337933,0.2275192716757501,0.21085447073589197,0.20649883945969214,0.202332558335489,0.19153816677659324,0.16919213327368673,0.14646733013315372,0.1364305702943551,0.11976566535404734,0.09628332293826135,0.0758310509564459,0.07980789526161097,0.0949577447626238,0.08548907004663181,0.0692029694107671,0.04988689078577597,0.03738824385846033,0.025836486358394365,0.013716600402001082,-0.005978213193799993,-0.02302181482697441,-0.030028630621237805,-0.02756677531063595,-0.021885570914375967,-0.022832440841541336
0.0817847206028879,0.08528980196268289,0.10705834062486796,0.13786635443955803,0.14782816758238262,0.14192485547896597,0.13915770642463768,0.13989563310163067,0.12716655833500315,0.12015631681678092,0.10060156381404851,0.06684188831917638,0.03289778743979332,6.054280505733347e-05,-0.04015584195894947,-0.11745254975040188,-0.26761878800756256,-0.5452607030639082,-0.85869036778382,-1.0,-0.8487287797799448,-0.51334577109136,-0.2128283879580237,-0.029087127543687946,0.07274523982190916,0.13417673231154062,0.1681208641475292,0.18435505967326782,0.193763526306638,0.2037252493938829,0.20833737836643185,0.20409429715948535,0.1854619328033361,0.15779009329468185,0.13841980226153963,0.13251647890117552,0.1256906712101748,0.11591326938067682,0.10650490405983382,0.10207738339719208,0.10263081433375248,0.10890310666108682,0.09894124286199864,0.0768038140314756,0.05761798496792357,0.05780245819446122,0.058355866617126696,0.03935455017942844,0.027178944341559017,0.03492705203068162,0.030684048215248942,0.007624179730099546,-0.010454771630249306,-0.018940782075351527,-0.017095996339474607,-0.02336827178138775,-0.02631996441817533,-0.03369907921931435
0.06163679740362952,0.06789854472554124,0.07702281555800251,0.09688152908569733,0.11083631550647545,0.10135426266842994,0.09008306508751117,0.09205101895586772,0.10994178953218049,0.11870828381754475,0.1289059716270931,0.1314106967565966,0.13105286016613982,0.11942390241358582,0.07720171747776915,-0.01922936758880979,-0.19330647861555553,-0.4967346803371493,-0.8448885694229182,-1.0,-0.8642101295953583,-0.5464711061633235,-0.2720261180583506,-0.11762848294256685,-0.025312218449442137,0.03998898280095951,0.08829400768043401,0.10707928785557998,0.11656135161060001,0.13176855518100244,0.1462601074044403,0.15073275910986406,0.14679678587130393,0.15556320373784663,0.1544898031362213,0.1528796694828598,0.15538432911051625,0.16093050150428495,0.15001715143079752,0.12371770132562826,0.10081752961669374,0.08435805627582289,0.07523374177546359,0.06879307615832346,0.06432038078500163,0.06432039170197615,0.06432041353592516,0.05233361646367073,0.048397648683597846,0.04768199187814601,0.04034680847444181,0.027286560991865865,0.01923572590004162,0.01780446661814389,0.0265709321611612,0.026570930796539386,0.029254544199591403,0.027286567132664027
0.05780543774781243,0.06651617951092273,0.08175987931892835,0.10081454560461316,0.11115852549475802,0.10970669921198557,0.10553278170037032,0.10117745788124999,0.09718503526525239,0.08847437655349763,0.08357459019455245,0.07831191924275561,0.06615324508725776,0.04038407603024663,0.004270988333465347,-0.07594001118320619,-0.24198781975992675,-0.5236348765395787,-0.8537340276941975,-1.0,-0.8470197574666667,-0.52835312370885,-0.25088016161703836,-0.08955043410687799,0.0075375003601756575,0.068330918070332,0.10408099971165416,0.13765348034774355,0.1685039140490464,0.19064365581805232,0.19735808107478012,0.1930027572556598,0.19300273510863164,0.1870141565522056,0.17921081728934218,0.17921078406879995,0.17794054126975775,0.1679595622443623,0.1597931667491791,0.1481788333248513,0.13166489071780346,0.11206586709067748,0.0922852932003635,0.08067100960684902,0.07268626403648049,0.06451995712940986,0.048187398682838965,0.03385105154426687,0.035121358016014986,0.035121360784393506,0.031673384097949654,0.029677182479275675,0.01788144343953742,0.00064153024724911,-0.0044397053290681976,-0.004984136032540088,-0.00643590556355292,-0.011335672543848483
0.06899600192063823,0.0699318996084897,0.07199087109519797,0.08715266149325732,0.10081690594067555,0.10175278649570221,0.10006821862947902,0.09389116710675575,0.101191246740803,0.09913228667597794,0.08434488276557887,0.05458299306431184,0.033244256795948855,0.024633894414125248,0.010408081657099801,-0.05080044407858253,-0.21776696048986136,-0.5196925870724854,-0.8562456399956728,-1.0,-0.8386506401077266,-0.5064025863391873,-0.22169775590698057,-0.059036398556714845,0.02163897955203269,0.06375488235141603,0.09707329805644485,0.1268352077460075,0.16876401581530334,0.19852595977051563,0.2017080050560807,0.18261552774879256,0.15884334498646618,0.14648934473796849,0.14742523100393676,0.15079452664274798,0.1573459360984235,0.16895130043419912,0.16333575440072545,0.14723807202575623,0.12365311677290962,0.09239372395306349,0.08528079758625516,0.08565518407391544,0.08378336014350449,0.0774191839082503,0.06749854734506275,0.05664200738308213,0.04672135939801137,0.037549438700728355,0.03754944726714076,0.0388597200207693,0.03193398689779111,0.019205617294457935,-0.0021331161184342425,-0.016733298230295165,-0.009246036774300971,0.010782432094441215
0.03376255966942459,0.05044711452886217,0.0661102045102925,0.08773198895154137,0.08160297632562963,0.07870874662381473,0.08313526843987527,0.09930905320113377,0.10748109427607157,0.10169259331748953,0.09130726276549181,0.06934494068506808,0.05266038322844599,0.040232078768297014,0.006011689556449508,-0.08439134504411218,-0.25106729229532077,-0.5352166689313392,-0.8561385837895956,-1.0,-0.8629486093614287,-0.5602436375726826,-0.297886321989054,-0.1415957156785812,-0.040977489161735416,0.028655058670841355,0.07292021969338755,0.10782156438844905,0.13165669544481717,0.15889686006457795,0.18068905617056255,0.1919254736992305,0.19907608365955973,0.20180005233334075,0.20094884069181385,0.20980195704510135,0.21559045800368337,0.20520508589673342,0.18954200630404114,0.17524094221445355,0.16587717783065914,0.1481710282339886,0.12893272677103615,0.1185474273852526,0.10577857749437523,0.09164777443282152,0.07853847001267375,0.06423740072871713,0.055895145375066714,0.04244533188477374,0.029846802757174093,0.025250014718710627,0.0220152525720899,0.01878049432124594,0.019631744920540567,0.013672971895890465,-0.0031818452901732574,-0.014929141349473762
0.04838981176706056,0.07802563247743134,0.11484591101200213,0.13747692329247252,0.1396322447478604,0.14789438521957796,0.15669535879512045,0.15723420285885717,0.13657884619960736,0.10748182571332611,0.08431204060854572,0.0632975550393296,0.057909160981587514,0.05000628367875583,0.007258854702000627,-0.07931363931940215,-0.24922622605445138,-0.5421731386900175,-0.868884909208174,-1.0,-0.8498465779361654,-0.5477409930835806,-0.2758087249359517,-0.09350295489310566,0.0077976854083448436,0.05916645192373542,0.08718575688276373,0.10640414854576445,0.12382650658206472,0.13801576735620924,0.15938954623406867,0.1741176729917735,0.17573410654377747,0.1696273204071832,0.16226328990806618,0.15525843763851857,0.14340417511384107,0.13550117999195752,0.1353216018370846,0.12670029409570946,0.10909830310497727,0.09724399674065257,0.08826346145010489,0.08305474144646395,0.08197706975885821,0.07622952213134826,0.065452849094938,0.04964708352936281,0.04012768499523275,0.042283006450620636,0.044258741531201774,0.05036551396790629,0.04803057599795419,0.03294323950093351,0.009414190884770001,0.002768591166693711,0.014084084720155191,0.024501529094276896
0.0006559191570785679,-0.001734177131752002,0.0008550975273473101,0.00782621853652131,0.010813833115436454,0.015195689978462174,0.006033655255906761,-0.018464866988698484,-0.03200876271375409,-0.04913781345071252,-0.07443301231535818,-0.11008533084230314,-0.15390384060003456,-0.21007114018288156,-0.27998179357125635,-0.37558594789746885,-0.5381129749285147,-0.7717458349042385,-0.9721154150389741,-1.0,-0.829905162090237,-0.5582298179132608,-0.3048787660559573,-0.11028448818666982,0.04069005880301575,0.17294225950548087,0.2789036218027814,0.3559846124172226,0.40318897364676487,0.4254967829096475,0.43565481671564715,0.4328659747070909,0.4278866374006043,0.4029897826609549,0.37152006272833904,0.34761899471052304,0.32949412886676344,0.3036013191980641,0.2767126891660881,0.25958366050632686,0.24026346371976917,0.21138299111257994,0.17732400703381584,0.15880075921843625,0.14824454528947648,0.12772953900249195,0.10223509448469095,0.08331348151841307,0.05602652838734288,0.02216680678245576,0.0010542695898454327,-0.0007382936907691167,-0.013684667511913228,-0.03320380875557916,-0.04356090739197641,-0.04395925361956286,-0.048938611951951504,-0.06029158772156102
0.08877745690290503,0.0879129208479438,0.09448327986356846,0.11903568074341826,0.1397841240365036,0.1428964496141042,0.1349427580009293,0.12958280643575829,0.12370401612539984,0.12128341223748478,0.11488594144168307,0.10001618295246009,0.08151547115344131,0.04676172365855978,-0.012717281284045671,-0.10643125828024291,-0.27363010360527107,-0.5544275400581444,-0.8623689703816758,-1.0,-0.8599489045768909,-0.5416325140613442,-0.2501150478703334,-0.06925693063640793,0.022728070524544505,0.07096830853382766,0.09984325780536352,0.12180216657747531,0.13269507926011084,0.13425121567228712,0.14358804469599443,0.14877518717121457,0.153443554205145,0.14877517662056497,0.1406487497719865,0.14479844687112325,0.14981266419924683,0.15672867832204687,0.153443554205145,0.1380550730278803,0.11056331919544973,0.0858380406464266,0.08912325444385015,0.0955206619357542,0.09707682999987931,0.08946903615882085,0.07235154090020657,0.06353343456454097,0.055406939136740024,0.046415926117614664,0.031027463403986807,0.011662201702279157,-0.000613986208749334,-0.001824317166993289,0.009241545061116052,0.021517735609806944,0.03085455803935824,0.0374249157361517
0.08678996314666443,0.09103588731790098,0.10445307153829758,0.12789060944311714,0.14589346514217758,0.14657286648534354,0.1447045516548407,0.1525171230163993,0.1464028425605761,0.13332538492056484,0.1338349074282567,0.1363824681491112,0.13128737779796507,0.11922885117460705,0.07558068042962315,-0.04177696565635592,-0.2493187535278299,-0.555367144959043,-0.8658290490588361,-1.0,-0.8734712752264776,-0.5816922292531262,-0.30553521694660607,-0.13654625556270647,-0.04534351957498937,0.001531574370811425,0.04500995048392895,0.08780900298028765,0.11209572261029824,0.12432402443392084,0.13264619084781795,0.1509886073109285,0.15676298500651015,0.15285671487101227,0.14861085288090142,0.14810127855560482,0.13298579306595187,0.12075743942472453,0.11345442166142064,0.1075100977674787,0.10343400579587196,0.10105630836521014,0.10173567343605278,0.09630083577747935,0.08475187829765747,0.0818646583593038,0.07541085341175381,0.059276294407034545,0.04297190708900582,0.03906563824894808,0.04127352679790222,0.04093385980776233,0.03464987021912062,0.030234093768932387,0.029215069156730555,0.0270071848179568,0.02225173603393819,0.03210230949826611
0.05039962529627441,0.06166019358016664,0.0787269909175892,0.1042392352694849,0.1162035483067848,0.12007435515013812,0.11849083886755843,0.12130600039804972,0.12975136689037847,0.13362227036030505,0.13749307720365836,0.12957549579075991,0.11602753763544933,0.09737726696059075,0.05655773612075876,-0.03159132620655801,-0.1989165569602945,-0.49644293871339434,-0.8400661008686179,-1.0,-0.854141543487353,-0.5244183930389689,-0.2386806035315532,-0.069419845888852,0.015034410872196735,0.065530995055377,0.09491397646476755,0.11831490335022439,0.13942851820233573,0.14329931430940315,0.1522725947165932,0.1626534344164571,0.1607180470992093,0.15755095011633444,0.14699421784428018,0.1401322924805297,0.12728814081227077,0.12007436588642403,0.11901863468327466,0.11866676364860657,0.10283162229538151,0.08594076584343595,0.0730966732247496,0.056733677006235765,0.035796082219710056,0.02207226303004896,0.02295198893000583,0.02400767316190432,0.014682521384537219,0.01644197872034838,0.017321707514069813,0.020840635228601984,0.022248206935106384,0.03174930899220067,0.03526822735442128,0.03878714840071337,0.03509229049505149,0.044417439252838184
-0.013133118897812603,-0.008567626076697976,-0.005443870760760114,-0.0043625690637620765,-0.0013589518387026503,-0.005203578083693389,-0.013373407909254915,-0.018659763411767494,-0.019620919457536745,-0.024186416173377308,-0.028631750055374657,-0.03331738211287535,-0.041967817682606115,-0.06443483292121355,-0.12018201187268457,-0.22566933510203818,-0.40408454192285675,-0.6432916369887781,-0.8839403488233721,-1.0,-0.8244691410663479,-0.3071274272809634,0.25202645129508233,0.6245950620613085,0.7066531436439573,0.6243543624999321,0.4971222400160816,0.3696484209210145,0.2669244873044869,0.19483750528433774,0.15218595649086716,0.12527349923434225,0.10472872277478507,0.08935024070497467,0.07481270419397298,0.06039534151368773,0.05114420357628545,0.04057148707282368,0.03276206854157763,0.02771603229190876,0.028076462143447816,0.03132037846041669,0.03156065280936136,0.02627429822325488,0.027475724952344387,0.02975848888916842,0.02999875224123985,0.02855703283508362,0.027836158469507856,0.025433257358211492,0.022069225860516756,0.016302280421840218,0.01690301211450703,0.017744029152991742,0.011015929501358157,0.0023655250894348916,0.0072914498240023076,0.01594185973436219
0.038613658768266695,0.04957381636348568,0.06573536111727711,0.09434318177492623,0.12053613492407567,0.13223928224406192,0.13669774769048956,0.14301370586892062,0.13223941826930682,0.11236243463402552,0.0952720414952987,0.0835688545012827,0.06239161688524933,0.023752424672412696,-0.027704534055876365,-0.10219636199130638,-0.25433844470114647,-0.5307582921164725,-0.8580766097768985,-1.0,-0.8404287851844899,-0.49323350655965686,-0.1820755547675663,0.010748867155182189,0.11366277929827419,0.16047570864133145,0.17849490482324537,0.19539944213566332,0.2080316078721411,0.20877464577251595,0.19075538157797958,0.16883514006788264,0.15768914081565114,0.15323082272990549,0.14988711817190747,0.13688344482067935,0.12257951748869916,0.10400296920116313,0.09341439006717622,0.08412610458797112,0.08301149672794202,0.07892468058922818,0.06777876635277476,0.06183431012137551,0.053660629668340246,0.05347487019324654,0.04065705550218654,0.024495490911380226,0.016136060193293878,0.01632182250224686,0.021151711256111587,0.020037128900815906,0.016507587645059107,0.007776620619397316,0.00016026074529981285,0.002946727614743683,-0.0015116340415882272,-0.001883160784888637
0.0610591698293789,0.07680647668932575,0.0975175725492894,0.11822864752006115,0.12267896451658435,0.11651694535839922,0.11343600889147826,0.11086849742736914,0.10967031426988255,0.09854454266776644,0.08005860008376642,0.07458131296876618,0.06174384442728611,0.0459965480119352,0.0157001497624968,-0.04951413270877363,-0.20493318795911644,-0.5080696414135341,-0.8512566709147447,-1.0,-0.8515992536617029,-0.5395643178010034,-0.27100355031314777,-0.10805290737229055,-0.014938577299661002,0.042573224634229904,0.08245488284197205,0.12302131748243186,0.15502943976190495,0.17454243079885157,0.18019083695149787,0.17933499631526287,0.1654705680999017,0.15348892452776272,0.13500298194376273,0.1259311819123885,0.13294898948382894,0.1389397381577268,0.13346243537583266,0.1225077880336606,0.11634584198764707,0.11480532675350484,0.1106973000552535,0.08930153481968063,0.07458129730187227,0.07372545144333927,0.0737254253318494,0.07338311936668364,0.06670765431649478,0.055410690564560994,0.03658240807045839,0.022889125004233162,0.024600789304234795,0.01552897948105188,0.016213646898299374,0.02186212877426627,0.032303259723412,0.03196092895233086
0.04614975787697494,0.04824870074490678,0.05681938167635731,0.07203674215059959,0.07570989150240637,0.05891832187599333,0.0554201220083471,0.06626461524301523,0.0783335467397327,0.07885831514333953,0.08620461918354473,0.095125143049104,0.11349094851064605,0.14252638310816212,0.15581967281805414,0.08637955799452196,-0.11914230983278733,-0.46372052550489357,-0.8380324794654951,-1.0,-0.8569227331351448,-0.5378834812486041,-0.2454293145361845,-0.05669864277387251,0.04912325071181834,0.11156691510243735,0.13797864643330224,0.15896820852741203,0.17191178071309915,0.18310616757949671,0.1855548840058458,0.17296118944211314,0.15424561309044968,0.141302126290229,0.13133210297359763,0.12328609171880836,0.1136658286191151,0.10054742969087546,0.08882833312337923,0.07710916718019153,0.06696429043804938,0.0659148336797105,0.06329114642283426,0.05646955208372771,0.050172707470157216,0.035655014186061616,0.02830871281415224,0.04177694133502149,0.0506974705371724,0.045974829739181,0.03268150534144325,0.02446064599773484,0.022711514044361808,0.025160282502479512,0.035655016854357444,0.024810458246441566,0.018163797381720602,0.011167312594498673
0.035230997198067736,0.034328741026304135,0.04750145100458239,0.07817758827361389,0.07871893757228027,0.061395930685137316,0.05417799142082293,0.06536583471784033,0.0745686186414567,0.060674133455412047,0.02278007619128017,-0.009520106909191832,-0.03189565793054229,-0.04831642240964595,-0.07845124891843909,-0.15026953649085592,-0.3029290917705442,-0.5721583518546368,-0.876393123180744,-1.0,-0.8617771490723984,-0.5606097723547034,-0.28488418855486103,-0.1078642286480995,0.0018481018225619409,0.07384684893918002,0.13736459774876464,0.187348685663056,0.2297541256375657,0.260069532209171,0.27847524319913647,0.27955797482940753,0.27414458094155864,0.2588064187137177,0.24635533529498338,0.23679152888298569,0.21477685927184248,0.20160402817279038,0.19276210157286378,0.17778487925105832,0.15540933579975622,0.13465786777190186,0.12148512476068529,0.1000118099536982,0.08719995179361996,0.0776362665023961,0.07294460377839586,0.07402731338670807,0.0745686736963539,0.06590713446709924,0.04515562514807198,0.017366624495789233,0.006359300701197076,0.007261529345512076,0.0009458703394788046,-0.004467574474149982,-0.00789608378789642,-0.007715637921396177
0.07349653398785255,0.088550616333633,0.11120942115197464,0.14054159201508276,0.15031898545950323,0.15932038507547094,0.15885487022171732,0.15528536111384614,0.15357818605543397,0.14426635481553343,0.13619608907875883,0.11214057397147427,0.06961659799112514,0.010020975894282544,-0.062455987142216375,-0.16767953715377826,-0.32970573407744264,-0.5819017869431722,-0.8645143053399115,-1.0,-0.8704113318956311,-0.5432575386161786,-0.21858445198374302,-0.014189738748142517,0.08544664101982194,0.12067640191276878,0.1346441487726196,0.13774804832520457,0.14938774740862426,0.14969818850271036,0.1425591418765082,0.1434903515169274,0.14814622925626464,0.14674948582178532,0.1346441487726196,0.12021081129778909,0.111674926535575,0.11353731740595359,0.12331473926083383,0.12129720833971491,0.11260616458645396,0.10127675507466818,0.08591226478033806,0.07116855723757089,0.060459968357961136,0.05658004656646362,0.0615463559297337,0.060304771486301235,0.05735604039491639,0.05456248723488492,0.04835460526587396,0.03749083371983419,0.022126338690427426,0.01390088910345366,0.0076930201559034335,0.009865776359142039,0.018867198466723734,0.026006259298155778
0.0685682387089773,0.07354073483042428,0.092744803123015,0.11897887547182966,0.14006910212827117,0.13921175789301254,0.13766849223314764,0.13475364529452105,0.1265233205965083,0.12172233098825795,0.12738069622022102,0.11623539902976529,0.08725788685874938,0.050564446591198756,0.004954838672164353,-0.08437834958727905,-0.2567008370366818,-0.5408190164581304,-0.8593996468422521,-1.0,-0.8479117237496704,-0.5161279377359117,-0.2062899125463335,-0.009962592146677432,0.09257330707263638,0.14041198960084808,0.16201651607770085,0.17436200312472,0.1834495778926291,0.19082262113229143,0.18036328721771408,0.15858722283921056,0.14246955508112422,0.13646831283940228,0.12995265568627073,0.11554964501024756,0.10303260959875964,0.09806015532858478,0.10114655063168014,0.10131796821092351,0.09188742749930226,0.07559828984788239,0.06993995600437342,0.07388366938568233,0.06891118372705338,0.05433667176924258,0.03170332985594539,0.019700804502118557,0.019014944914401692,0.015585650654151828,0.012327815865287844,0.017300298254286164,0.018672014895756154,0.010784639793302356,0.0022114119284856446,0.0040975114389850175,-0.0001890907227530511,-0.014935059495374828
0.05496006773812298,0.06991249414339586,0.09063863878833774,0.10248217195293788,0.1101804689616116,0.12054357290193647,0.12513293150157467,0.12542895591745637,0.11817479941983956,0.10692345962576365,0.09730061094910289,0.08590119119454198,0.07346549627727156,0.059105281309868016,0.025499327208407387,-0.06081024016808596,-0.24808616761680174,-0.5489124502112639,-0.8635038816947336,-1.0,-0.8789007286549125,-0.5965827789253246,-0.3296586769766282,-0.16162817587105735,-0.04763432160500535,0.037786970395419554,0.08901015670459515,0.12261612322735554,0.1540014594642119,0.1827220158704347,0.19560184678192577,0.19249290837289026,0.1945655580687074,0.19412137238928776,0.18701534102051867,0.17828068302924618,0.15844278327172787,0.13312721679143988,0.11787873886926765,0.10884795709171538,0.10307428402040913,0.08649337101455738,0.07287337517612776,0.06635944232432112,0.06621140301536262,0.07390970002403632,0.08027553033117658,0.06917224339656802,0.057180711574535865,0.055700300417605715,0.061770092758355453,0.06265832409527021,0.057180738675553525,0.04918635401529024,0.04074785142815145,0.033345655621576126,0.03556632430058853,0.05185112029541492
0.0755587631926868,0.08422562748640888,0.09693704578522103,0.1255377711127567,0.14547158807533367,0.14503826204842984,0.1434493000549795,0.14518264823383142,0.13261574392700703,0.11470415328505297,0.09664818527194467,0.075125410723041,0.038580078155941985,0.004923725878008215,-0.04722197442720254,-0.14804665554252097,-0.31647355949018985,-0.5795144628256654,-0.8684078003590513,-1.0,-0.8565635673760098,-0.5276574957780353,-0.21261510699581818,-0.0041764903344692125,0.10704844181575529,0.15384955659879013,0.16251642089251223,0.1763834178652633,0.19285058254137305,0.19906184160208445,0.19906178871660052,0.1854837580280937,0.16641649616260382,0.14547158807533367,0.1331934913963017,0.1278489020178926,0.12987125173797803,0.12250435671072009,0.11008180333230796,0.09505923209274164,0.0966481588292027,0.10545950626504691,0.111670756511511,0.09549256693389278,0.07498101131626846,0.05504715468957852,0.04594694453689613,0.03511333552343971,0.019368514942181028,0.003045892904362812,0.0014569716768063298,0.013012813642963984,0.0225463651097604,0.019368513289509656,0.006945995443532058,0.005068168805126919,0.0072348846031122125,0.011568325288775353
0.03167004070235224,0.04139298990440654,0.05124562394162671,0.06433915468852437,0.0769141755029305,0.08067368498324559,0.08158119997981839,0.09143382215109863,0.10180498589737688,0.10686092051082657,0.11723206052522496,0.13369625785620215,0.1598835566687961,0.18814499804950222,0.19203414687888012,0.12371407544212532,-0.08396824086276672,-0.4465709794786318,-0.8375616741267504,-1.0,-0.8505258621730836,-0.5422452620820782,-0.27661300179462234,-0.12039696123443003,-0.026278754261694966,0.03529993852079769,0.07380282321479638,0.10219392767644518,0.12099160164804652,0.13110349460682577,0.136677939152767,0.14821580957685082,0.1570313644193883,0.15612387315469536,0.15210510079750791,0.14549344653154472,0.12617720725306553,0.11036117502489588,0.09700826669703984,0.09298948642922576,0.08974849479202882,0.09156342985765495,0.08547037254107615,0.07471032239011594,0.060838915995708294,0.05694970388131743,0.05396798698693281,0.05111592921817756,0.050597395553806164,0.04048553028222009,0.021947090511469623,0.009112788774074126,0.013650168216136306,0.022206369209595248,0.017668986059426843,0.0037975757097058914,0.004186491779237674,0.007946035868544223
0.056262075291592405,0.07051878717960862,0.0930126867525169,0.12675357235966153,0.16192005907656215,0.17443425307830263,0.16081125391738516,0.1413270270348428,0.13245623778271748,0.13182256855295743,0.11677387162153137,0.0969728777866358,0.07780550485112399,0.0469160268675906,-0.015813408778928124,-0.11196681083955294,-0.2798793456595812,-0.5528170069851411,-0.8577504020260613,-1.0,-0.8644039096063916,-0.5461638473835203,-0.24011900834487693,-0.0338719064762173,0.09127016886624116,0.1563757626305699,0.18916606706447237,0.20421500564777992,0.2121353683838672,0.21356107582045106,0.2173629365418073,0.21878856664978907,0.20659110093610075,0.18568121494735085,0.16001909971765826,0.14354471468179886,0.12992169618873087,0.1178827154450094,0.09982416700082511,0.08905244738802168,0.08018161947159533,0.06750901299545246,0.05467799404490721,0.04073813127088392,0.044698334387596905,0.0420053803192079,0.03646112737055432,0.040896536495729864,0.04881692098048649,0.029649592750572763,0.0017698412249489272,-0.009952321215394515,-0.018506333849091353,-0.026426725583404427,-0.03498072130146956,-0.03846567007934367,-0.04274274405871891,-0.03672323918774529
0.03861647222104693,0.05344186302678496,0.06854701884666067,0.07945626912766945,0.09092497689429914,0.09693904458517205,0.10351256976166585,0.10407203578171668,0.10616998641754266,0.10630988279306015,0.11582053203216637,0.1279884357729806,0.13610053090954893,0.13442218405597606,0.11498131593323024,0.03903605893444015,-0.1550929042182448,-0.4917427102439156,-0.8525858841155765,-1.0,-0.8598583791038615,-0.5620938596465358,-0.29061992471005144,-0.1142531137124447,-0.012712986119583691,0.047427803870342,0.08491090920342624,0.12127509956526869,0.16015686994848002,0.18533224344067203,0.19652120539563142,0.19931846722044608,0.19819950104262468,0.18603146928536138,0.16015692115505964,0.137639024059754,0.13106549034883028,0.1291073934163721,0.11973666615607317,0.10533080445632628,0.08896689703070085,0.06742810387541888,0.050644635339690026,0.039455645647833375,0.04295221439442179,0.04421096173295655,0.04770753261315245,0.045749457016769114,0.04113399676862123,0.03470032102828026,0.03400102050732898,0.035119918409710904,0.03344156728892305,0.03176322043535016,0.02449038940388637,0.005469111194945021,-0.005719862494855506,-0.0011044139815487807
0.04301866377268883,0.05585980032574165,0.07605939161965537,0.10188600896119068,0.12165277884870256,0.12699120886916543,0.13290676051065,0.12843400851963868,0.12598115138763635,0.12987679936594995,0.13954370757529022,0.14690210288805786,0.14343941718273756,0.13059827402656327,0.09423894278588762,0.015027817241397037,-0.16965416423338642,-0.4944356492381054,-0.8434533369522865,-1.0,-0.8728874112364271,-0.5755228965761829,-0.2980660712198755,-0.1257921110528374,-0.024794192000957168,0.03926731160691411,0.0880348083234873,0.12194130884464652,0.1453150734562605,0.1567134345702855,0.16508186975625827,0.16998740793702358,0.1619076172011003,0.1505092384787514,0.14488227846234455,0.13550389144478628,0.1308867864141833,0.12237410383856247,0.12078700397346938,0.119777025729398,0.11299576964597598,0.10361740023674164,0.08702484768773984,0.06870096549232085,0.056292665752953316,0.05614838754873839,0.04806853958576234,0.03854587876607012,0.034217409381354695,0.03320744214248576,0.03061032661563294,0.022097672653538493,0.009689366740940205,0.0030523598183160106,-0.0025746651287853342,0.0013209635904239487,0.005793733740019341,0.010410774321405428
0.09364770186304658,0.09564825043430798,0.10581785021238765,0.12665717292353967,0.14549594197694934,0.14516244176560472,0.13415932543728812,0.1266572441342733,0.1391608011383015,0.14249510131737386,0.13265890510750036,0.11832139704345394,0.0936476815171227,0.05396961518496587,-0.008715057275833812,-0.11074438741410318,-0.28729553153982285,-0.5707114638524127,-0.8716303230669222,-1.0,-0.8547921178442169,-0.5233643829982537,-0.20610530539402375,0.008456536255634821,0.13549313299638976,0.190842286060051,0.19951146042186196,0.1915091033694253,0.17650492041747173,0.15883306130954325,0.13899397473541464,0.1254901612484391,0.11432027955500727,0.10998567202817791,0.11165285772308088,0.11315329839879251,0.10915216056442195,0.10064967018403069,0.08981320731824796,0.09198051616814361,0.09564823517486506,0.08381151073965408,0.0681403171920493,0.05113545850681007,0.04813460767427264,0.04163272690291442,0.02879571292262981,0.011290683078733736,0.001121131304318222,0.005288974737652599,-0.0035469217541853402,-0.001379621805631386,0.010790544982203205,0.018626125860752556,0.023294135048357745,0.03296358178836904,0.04380002557984813,0.05396961264172538
0.03445064694813512,0.04251787206422891,0.05454804354397467,0.0709656637749301,0.07903290616354314,0.07379624968511683,0.0681350217290558,0.06119998865936454,0.05483109695323757,0.05327422547595499,0.046339222633172424,0.041951752291313676,0.029780116719818766,0.0024646109748435317,-0.048486579889392235,-0.13694352093273862,-0.3012616169879585,-0.5785222032887336,-0.8770097830357331,-1.0,-0.8663947145133689,-0.5826264302236177,-0.31683027130696684,-0.127885509567239,-0.0039042815409327755,0.08993087264249694,0.15970578777143377,0.21065714596319982,0.242926253697806,0.26684497927194,0.28269659200135533,0.28651796416094794,0.28156422291163047,0.2773183267738311,0.2802904264342599,0.2709493789320166,0.23910486426569416,0.1977777019842902,0.1597057014088375,0.1379098289047473,0.1265873989014041,0.11498183776246139,0.102668630145972,0.08894016411942773,0.07662691332164019,0.07238093945750422,0.06332294968265365,0.045206987405471764,0.03487522058483475,0.02850632887870778,0.01944832830853268,0.012230254783967956,0.010248824783440103,0.0078427963169662,-0.009140929113216349,-0.02032187829205735,-0.019614231814510667,-0.012113088687696246
0.05251902614387312,0.05867310253211541,0.0706393931798016,0.09149490237961207,0.1061962830351175,0.11354702291112981,0.12448771674120829,0.13115464890992345,0.13491539310701942,0.129616065921686,0.12004299793741441,0.10876049413460027,0.09200775816008493,0.05850215321309426,0.0037992134467386505,-0.09466612350847602,-0.2676646229408223,-0.5507536701882121,-0.8617046530476777,-1.0,-0.8529863290507088,-0.5280175906968153,-0.22236366101834779,-0.026629306365674413,0.07918665050660828,0.11423086191206461,0.1183335412564468,0.12910317363196924,0.1361120409479706,0.1434627078054951,0.13577021011280987,0.13286404300361576,0.13696676407284814,0.13833434819380483,0.1371377420777038,0.13029984233534553,0.13166745774993985,0.12790656751586824,0.1250004629939494,0.11371795919113528,0.09234963593570214,0.07696443192608073,0.07166510474074733,0.07935768588313295,0.08910164320695357,0.08790499536600237,0.07816106933581939,0.05781838723064729,0.04927103080732141,0.04978389180340055,0.05405755436824467,0.048587262217071304,0.04380075430296687,0.03422773065134858,0.021064833235610588,0.00858570897377819,0.014056015793844199,0.02157767597706777
0.07208944667448974,0.08326070756266554,0.09268638937197721,0.1050794501693318,0.1148543447195514,0.12288367616757749,0.121836405408278,0.12148728320183692,0.12497826029063148,0.12707287636702672,0.1270728550647992,0.11380702070468317,0.10211214041352824,0.09268636274419284,0.06912208366311744,-0.02024776645500811,-0.2005587163286268,-0.5048014324844116,-0.8416827825435964,-1.0,-0.8629787897897248,-0.5533265433790092,-0.2787577236147912,-0.1255017556448634,-0.04398667320876498,0.009774916632916644,0.04293951584709893,0.06353646387014328,0.07907143813097697,0.09495556655159297,0.11275969668981493,0.1340548731490708,0.14086243664125936,0.13894236036585716,0.14156068105414152,0.1433061216685269,0.13789500439764768,0.13004023405284215,0.12550197555363435,0.12305825857302553,0.12148724059738193,0.12183635215270926,0.11206153216028589,0.10211212443685762,0.09425740202206394,0.08430797832196504,0.07767506114190702,0.06702747823783595,0.058823604326038385,0.0490487683569444,0.04433591680117482,0.04136854313868876,0.038575751881650744,0.03543384241233931,0.03421198924759178,0.03892484746030745,0.049223326797386495,0.051841578253431476
-0.005496750122721968,0.022649566314742724,0.0630102730978141,0.09629022405726213,0.1136382826806464,0.10514122014559854,0.10195490000839824,0.093457880680767,0.08301360570343472,0.06725879356348387,0.05221206456719325,0.047609502529693364,0.03415591199829459,-0.005319731362154562,-0.05948812695818915,-0.14923758440321874,-0.311389358827497,-0.5801081216542247,-0.8709524087643369,-1.0,-0.8580301074296206,-0.5551480180105346,-0.2678421374738505,-0.08019954270747001,0.044069070608610914,0.13080928811255313,0.19524503781715588,0.23489773706954611,0.26269019489158546,0.28021525269717645,0.2874732129382355,0.303405083670591,0.30163485420773206,0.2699479606992697,0.23295050842448045,0.20993784946293917,0.1924126620350983,0.18391566431117537,0.1805522261713726,0.15807059716201405,0.12125018727684816,0.0870851377887519,0.06867491124246065,0.051680964402958524,0.03734227264244799,0.017692982958889256,0.0008759932756300531,0.005478542654707105,0.025658903472517522,0.03663418679832421,0.028314231464024668,0.01627681667156877,0.00016791080708569503,-0.009214192702981206,-0.01824225683534461,-0.02195968928886558,-0.02337583532270952,-0.02974860521936002
0.029850010222424634,0.035466108060711245,0.03672971957928461,0.047119467595699877,0.05540320783766688,0.04894470089243461,0.04613666910805232,0.04866394783317236,0.06200212558205231,0.07168988385805558,0.07140904512498825,0.07758679472726801,0.10131481473374881,0.12771040003748546,0.11184489644289267,0.018758236054230215,-0.17977077883556078,-0.5107002441741061,-0.8545439732739727,-1.0,-0.8746213896088959,-0.5848328967062428,-0.3086604731066422,-0.11546638533607578,0.009351266177933793,0.10019155404266505,0.17432412946837728,0.22795788481409662,0.2568808645025902,0.271482696606946,0.2799069675913933,0.26811307731392436,0.2412960968324986,0.21883177401839624,0.2059147515605512,0.18766241002582332,0.17039281557445995,0.15073643458724453,0.13655580917820662,0.1152146185444804,0.09766433100551833,0.08516849810823023,0.07239189501691885,0.057368821947723,0.05357797454093214,0.0551224290762631,0.04964669491653686,0.03785293743346583,0.030973219509225346,0.016371379908411546,0.006402823594398343,-0.0004768909542942696,-0.0067949888695374,-0.02111604488979589,-0.02939975300408599,-0.029118948540540684,-0.027293728094876707,-0.02518768819275154
0.07082043296497265,0.07584045206291952,0.09990186700152014,0.12863715164848089,0.14906342496261332,0.1513137208021083,0.15494897333634566,0.16066137571614728,0.16221935165079845,0.15200617802380917,0.13175300845226678,0.09592047035911362,0.05091351312995103,0.01092653538810345,-0.03563840569783668,-0.10678403333951576,-0.2693289546476688,-0.553912711628934,-0.8687876166247791,-1.0,-0.8419573392987921,-0.5199842935786011,-0.231245877769812,-0.0596997942293494,0.030314157198898847,0.0793025269147207,0.11080742391036418,0.1300218970865201,0.14058133101286527,0.14144679691163978,0.13556119572373165,0.1411005999892948,0.1507944412628436,0.1488903423456936,0.14508197550603102,0.14646681600958664,0.1449088612006058,0.13469572982495714,0.12102056584884797,0.1104612058623489,0.10561427994415692,0.097478393479589,0.08155288084980905,0.07584044678150194,0.06337698259643527,0.05939555954694086,0.05489486488030812,0.05714523730035799,0.04589347290633384,0.040873482856183654,0.044335562989402416,0.04312382622843684,0.028063808545228077,0.01092653043677447,0.0017520370308303232,0.009887913592740293,0.02875622483594271,0.032045199906217015
0.02312407822872851,0.0347579523139094,0.07185464804841134,0.1144390104861972,0.13397518167745046,0.13638974293177408,0.14956021427773447,0.16975496013582922,0.1835838092513076,0.18972996858088156,0.19543717814390013,0.19960780099421008,0.19499817212096657,0.21102220136812114,0.23780203757021923,0.16316955100568306,-0.12723823064047235,-0.5425466480742281,-0.8834420350745993,-1.0,-0.902758825143205,-0.6856656118907348,-0.4437683989494473,-0.24752833745277883,-0.1156043647593466,-0.014631144120291928,0.06285486518520204,0.11970718589809314,0.15658437627711252,0.1658037090321037,0.1873155010871882,0.19960785725058822,0.20553441043200216,0.197412658366786,0.1818276726468171,0.16734023011237115,0.14670654386378404,0.12431681477133663,0.09073224457282308,0.06592794484998903,0.06439141439365856,0.06548894351508698,0.05429408834492631,0.044196764640209815,0.033001902438001864,0.031684858585027884,0.026636189700622367,0.016319362398435153,0.013246260758500458,0.019611962654807084,0.027075210959658338,0.03431893457089707,0.028831254975526483,0.011709710817539017,-0.000582679480590459,-0.007387400584919269,0.004904993082732857,0.014563302853462622
0.05947789306386639,0.05769784357071261,0.0664200277048556,0.08956046745663193,0.11465899016316859,0.1290773679763356,0.13299345785307978,0.13993555447768075,0.14313964084990125,0.12872133906951072,0.11394697579681969,0.11038690396507517,0.11572701171269195,0.10878481733166408,0.07318416418517018,-0.00869750966860418,-0.18331939145590487,-0.490910857690356,-0.8417558063668757,-1.0,-0.8616920348354417,-0.5427101635260438,-0.262353181633487,-0.09253726647713888,-0.0017553845317120362,0.04719561537432846,0.08066027701544543,0.10896286437055215,0.13406142509347707,0.14545367667870995,0.15310779853148504,0.15292981666354824,0.15364182016807193,0.150615704801963,0.1541759178374353,0.1550659792426723,0.1477677233693439,0.14278360108125115,0.13957951470903066,0.12872128476038466,0.1118109435595982,0.09650260752853373,0.07211609375743336,0.04915365759724425,0.04025346715605774,0.04185549948034277,0.028327229235169903,0.0236991311018535,0.01924905319229418,0.014798954916812582,0.0067887865067466574,0.00785680669854186,0.015688976396356104,0.026547195355889872,0.03865144297814162,0.04452555063869486,0.04096548966877555,0.028505235542213434
0.03901614596063368,0.05408785829694737,0.07490857577410753,0.09339860223055077,0.10753803199577597,0.12214368245187529,0.12462975666646672,0.12898040076385184,0.13472934664698946,0.13830304159068513,0.13022333357757995,0.11825924956413088,0.10536281898126772,0.07102411444266286,0.002657567158113425,-0.1095257051302861,-0.2835501226905458,-0.5599696615214269,-0.8620237059574831,-1.0,-0.8705698622110645,-0.5678940005625077,-0.28603640549227244,-0.11185641985408658,-0.004334460275601545,0.0683826902185139,0.10769344837396742,0.14296433830101823,0.17994456187610622,0.1956378425425432,0.1923749139865965,0.18926728803404028,0.19159787002057288,0.17621538418558513,0.16937869431730884,0.16922333482651788,0.17372932893346055,0.17186476853190027,0.15228700757155178,0.1316217301756666,0.11686078659741028,0.1182592116391972,0.11981296772807482,0.1067612250605878,0.0820559656614989,0.06123526714680557,0.04678507573444809,0.03761774462193031,0.03528707019337186,0.03451017792708292,0.027828880733914534,0.027518130938324024,0.02891653464733575,0.02207988862976401,-0.005732861614304919,-0.02841811934540435,-0.022047593280601668,-0.011015737321148918
0.01786828245423264,0.02236548338969464,0.044684961771738176,0.07150161186853198,0.0888241935464672,0.08999012027228641,0.08965699399474128,0.093154824990828,0.09681920388009856,0.09681926486245349,0.09948426491908866,0.1108105177007196,0.12163721319446856,0.12746697387013733,0.13412948925731402,0.08849104185960752,-0.095061603131974,-0.4533403070621932,-0.8382673142165519,-1.0,-0.8722461945261546,-0.5651045390727121,-0.27944757708557233,-0.1000584668039734,-0.0007867979815544326,0.06483911172694404,0.11564094019865631,0.1594470965144693,0.19825643997691203,0.21941006023828566,0.21391341567643618,0.19525828315155425,0.18509785037662138,0.18110029439117659,0.1812667762201426,0.16660928099051203,0.15011952008830254,0.13113133243195627,0.12013810429061221,0.10414798198609129,0.0944873301010085,0.08515978416601917,0.07633196322038793,0.06400625029631503,0.04668369910955728,0.031526466185911386,0.031359892883413,0.03052708481234456,0.021199547770615345,0.011372315595472663,0.011039186459379652,0.007374798160722307,-0.0017861749084912147,-0.00694963284567351,-0.011280276994691587,-0.020108132242897484,-0.023772521295893856,-0.022939710683893957
0.04777441855334223,0.055838476361960154,0.06665161098283595,0.07709815431297708,0.07434906631733633,0.07838105607980522,0.08736146909804814,0.09560870512651318,0.10275638535874035,0.11466915405953415,0.11137025741147157,0.1064219012559948,0.10440587282461172,0.09487563437887264,0.04960714854351226,-0.043312400911640445,-0.20660917173021554,-0.49141709921594506,-0.8345050793598767,-1.0,-0.855031507629127,-0.5366859568987861,-0.26232460629334636,-0.10195987243091013,-0.01912034491130689,0.0369612923200036,0.07214978697411743,0.10550547894607254,0.13647876368018458,0.1722171424745547,0.179731279796922,0.16708540120664758,0.1542562940713031,0.1634199803681476,0.17973133571383637,0.1833967789191021,0.17295020203881234,0.1636032312799834,0.14784175168701372,0.1339129601465283,0.11760157125069086,0.10990408236604185,0.10055716752412729,0.09267641095256812,0.0855287363120324,0.08277962035793446,0.07618179910335209,0.07288286331344941,0.07343265519079695,0.045025330557701485,0.018084134838581376,0.006537919335124309,0.008553926098703061,0.006354644658599875,0.001589539764439645,0.0006731579942803141,0.005804832860851594,0.010386656613094163
0.06871205878215761,0.08124769005319502,0.10066922012569615,0.13086085589633126,0.15293071203605763,0.15487286127252073,0.14763386597541805,0.14639799591965022,0.14781044654426906,0.13297956415429102,0.10455349705126801,0.08054156170398015,0.073832248858206,0.06006061286043611,0.018039578537976067,-0.07518360837967171,-0.24785884853989548,-0.5328263374346793,-0.8523977784912301,-1.0,-0.8561056472267857,-0.5413012135612271,-0.2591586474630352,-0.09778320622595105,-0.02045028747493788,0.037637638677716447,0.06412150267589048,0.09749113619140218,0.12627029979006413,0.1493996177955421,0.15134171316361933,0.14021849480933066,0.14410277173490252,0.15787436463796373,0.16105247011961202,0.15381350714354086,0.14480904014192061,0.1396888177448407,0.1345685307056978,0.11532362968359491,0.10702532335222105,0.1011988918033475,0.10155205294104948,0.09784428655542698,0.09448962743912062,0.09254747820265752,0.08354297349316717,0.07189008884806572,0.05864814607530153,0.047171820451696725,0.0348126997206087,0.021747319336115276,0.01768645982162795,0.024925377009571134,0.013625599970463219,0.0009133406590597875,-0.004383421905581706,-0.001028793763597204
0.04167636861409931,0.07123504030512136,0.09384920479162617,0.10542331283988382,0.11735369614737198,0.12643503999260627,0.12322988282129062,0.11717571878430771,0.11788798679901785,0.11913440421349841,0.11147757466662664,0.11058726409567896,0.12358602226141012,0.1275034474474359,0.0899317959038937,-0.009428113078051194,-0.1981765795023766,-0.5067633584417938,-0.8445507898956173,-1.0,-0.8691236615423705,-0.5559092755837624,-0.2701147906113186,-0.10504872907082113,-0.015482294771518522,0.04505956562527028,0.0822749880880797,0.11450467841617586,0.13017442262239448,0.1360505115065532,0.1387215301436273,0.14851500075169624,0.15029553496936057,0.1381873155506836,0.12643503999260627,0.11753183649336947,0.11076532838297427,0.10364274602563285,0.10756009515295646,0.11503883868147516,0.1112995321103891,0.09901306369042581,0.08156270377507625,0.06108538679481736,0.054497005448508544,0.05788020245967952,0.061619557925645545,0.055209246299396476,0.04808668838949504,0.04612795134904217,0.04808666122567284,0.050757647266160305,0.041498277162981795,0.03936150299905581,0.04488149047244609,0.0470182945165765,0.038827321002698756,0.026540867522837693
0.03198032643998443,0.03120584137895257,0.04863140303024516,0.07147823900939897,0.07341439923481588,0.06276545301487747,0.06586331055700173,0.06489526588800891,0.06528247075957697,0.05792504654404922,0.04921224873495586,0.04921226350317071,0.047082483120111936,0.041854792029355437,0.014554772172799265,-0.05127509195503487,-0.21139672641711676,-0.5084067696960185,-0.8540139514168951,-1.0,-0.846850162127224,-0.5153772253314158,-0.22146496279992112,-0.03985169464095876,0.06412079116472745,0.13033782767405697,0.17912951667120924,0.21901474339698176,0.23837655831344484,0.2484446529213866,0.2558020594150565,0.2683872013041275,0.2672254744509905,0.25251059057621933,0.24244261411399637,0.2145614295592887,0.17854857054263756,0.14698906080739513,0.12936976528320632,0.11465484596471955,0.11000812758532148,0.10187615185179504,0.0898718911111504,0.0722527255472523,0.052890966750005666,0.0416611807326425,0.040112254915223335,0.029656909654247467,0.01223135723308916,-0.007904836782464212,-0.02261973099498574,-0.03365594115935162,-0.049338931729617945,-0.055921904851008,-0.044692112926358885,-0.019134618369362925,-0.0009346137464508097,0.007003691986708652
0.05348525550576008,0.0498854322474816,0.06194480515419342,0.08534356160406413,0.10334259277669938,0.11054221732712546,0.11630196748956736,0.11792185981168748,0.10838232062639201,0.11180218361162812,0.12080172940137572,0.1200817455293555,0.11270211402785892,0.09650296565381612,0.05798499545143755,-0.044969559836503886,-0.23324002107458483,-0.5368851630206111,-0.8594281847235572,-1.0,-0.8671675555505587,-0.5683836282000548,-0.29029737554053975,-0.10742634852846006,0.004887793222591971,0.06806446487965462,0.0925431806629575,0.10262262537927733,0.13322109424409764,0.17119908477976015,0.19081805769830998,0.18775819763214943,0.17461883793434183,0.1713790093578398,0.17731878294595038,0.16921922248776078,0.15050019096850717,0.13052129201233986,0.11792195865927647,0.11414208177189936,0.11036222685065313,0.10136271950163458,0.08588353852501385,0.07580402791030137,0.07274420628486986,0.07562405939995992,0.06698451103775517,0.060504867613582945,0.05582512346260134,0.04988542401018252,0.03998595329573686,0.03818604029371444,0.036026161440462334,0.0279265762703755,0.00794763063618006,-0.002671807475687649,0.00614772587145672,0.015507230690920689
-0.0005672347776890289,0.008177806501617648,0.037327937863100506,0.0552344289679918,0.06689453389671586,0.08729957868434275,0.09895964816515868,0.09271315958392348,0.07064237820611687,0.069393083640795,0.07688883527810038,0.08188600566207495,0.06689449451015127,0.026500740616030905,-0.02596948539719862,-0.1138363106751998,-0.3037284701737163,-0.6006434887558041,-0.8971413248456196,-1.0,-0.8746539281420709,-0.630626369268019,-0.3857653906869727,-0.19337453177543154,-0.036796674766955306,0.09479533032164814,0.1864100235409891,0.23846379571339138,0.26636470242070454,0.27094532837475327,0.25886887201027,0.24970744680128823,0.2522060516865578,0.2555373988299105,0.24096243210791266,0.21764226163702913,0.18682641830196942,0.17808140360859384,0.16933638891521827,0.14976416515880372,0.12810984156048077,0.1085375311536241,0.10770462347196964,0.11103611240695493,0.1031239187447917,0.09104746238030836,0.08396809762667039,0.07897100601582503,0.06481233952705245,0.04024294144800687,0.022336440496474437,0.016089981455162695,0.022336438527146205,0.021087149869809026,0.016922841872939635,0.013591396263175414,0.005679219340302137,-0.027218783901176952
0.07001147171053687,0.08285442913733387,0.10027155991725444,0.11557762336377592,0.12402226843432487,0.12754085176020596,0.13915232595686053,0.13739301819090774,0.13158728109258044,0.1293002132028663,0.12472602374673052,0.10484574400571947,0.07036334399906893,0.04731639884591026,0.011074634041805169,-0.06334409989005206,-0.23294181404457534,-0.528506935789726,-0.8615434664709325,-1.0,-0.8515151116154392,-0.5427571998698456,-0.26760028438726075,-0.09923403735986765,-0.014435333261222469,0.02708434477635839,0.06438165465346336,0.10572540325636663,0.143198733818552,0.16466228856317627,0.18401469545934018,0.19245941567727967,0.18278326590590527,0.16694943160028095,0.14935631099938684,0.1312354410100729,0.13264291942885967,0.14249495703546336,0.14020791061643223,0.12771678253680127,0.11170706039594769,0.10167901686535818,0.10097521861158652,0.1015030860887629,0.09305836050315264,0.07669683585348679,0.0469645480280612,0.03376972368040288,0.031482611507405035,0.03271414304658426,0.04432557295995511,0.04608487267440178,0.030778901820200794,0.01177836821900722,0.005268932504296625,0.013889533680137236,0.008435680444382084,-0.00018492693782783565
0.054098157777433716,0.05990774783987774,0.0752860312363218,0.08741776398316428,0.09015170987815664,0.09459437651912651,0.10980181077934091,0.11407350837897516,0.11902882148067807,0.13355272886433692,0.1436341520713176,0.14192537919268533,0.13286931146635642,0.11749098115052307,0.07699474676903384,-0.011174208108219051,-0.18375310191336558,-0.4889282373840556,-0.8390407203240925,-1.0,-0.8571528557767504,-0.5304498950186478,-0.24338695755980133,-0.07644655574744265,0.005741924415765496,0.05649030113465723,0.08177907518960467,0.09818262022792192,0.11783270027604428,0.12876839001723514,0.1309897103045564,0.13884975066503008,0.14465931987441222,0.13560318958889758,0.13235670149848172,0.13098966859843256,0.12415488987983203,0.10535914935163651,0.0966447798977669,0.10108741004587844,0.11851616980667957,0.11800357026533584,0.10245438038674189,0.08365863985854637,0.05922425745618055,0.040941147748921616,0.040257657365224415,0.05136423012887052,0.05341468303353295,0.053072932628418876,0.05324380261771043,0.047946806883344656,0.041966367684670984,0.03427722077318348,0.02607545477060671,0.012064113367895065,0.0067671459806603225,0.006767142722369399
0.07597211147195274,0.08483139812120395,0.09716499734229188,0.11905267788734258,0.14615187498990634,0.164738954881731,0.16056994303469865,0.15813793377436455,0.1574430013003522,0.15831159269324413,0.14563068623434328,0.11106188723146736,0.08274686039784915,0.04574622438376517,-0.006888481655291644,-0.09357079529167472,-0.2651986690764788,-0.5473077152956726,-0.8606833804725298,-1.0,-0.8480025376133062,-0.5195138931175367,-0.23184583230398512,-0.07637321994970345,-0.005498807506298801,0.03132813116410057,0.06051173216569814,0.08361542529087555,0.10098659595204909,0.11193048922430553,0.12200575930383137,0.12808567645520447,0.13190743406415492,0.12270061757822022,0.11783667325717553,0.12704343674337915,0.1345130386436913,0.13416566780620107,0.13260219693902783,0.12843313209226442,0.11575214083379383,0.11418873356629788,0.11662072162673956,0.11470989052202231,0.10098664365180707,0.08239943126065472,0.06746022746003041,0.06468082351232708,0.054605532232908816,0.04366167341047758,0.03219669340714042,0.02750646961716269,0.029069870922188882,0.025421921293861664,0.01847344289319368,0.021079120078221037,0.026464192805525623,0.02437965276343258
0.06172046556894877,0.0766287816615708,0.08686696532494102,0.09315353683237498,0.09315357519349793,0.09063894878258852,0.09872166478873931,0.10177525401676095,0.09979943149831155,0.0989013756894344,0.10015861765280364,0.11380961505981053,0.11255229089403498,0.09261469457879203,0.049865678422583756,-0.04551134591855049,-0.2209981554014051,-0.5164704961526686,-0.8440932063648997,-1.0,-0.8616952185903569,-0.5477242017655062,-0.2669804936069718,-0.1024501743345465,-0.006534284449147505,0.050404542596808405,0.0857892314963313,0.12135357101478467,0.15476252507842492,0.17631668651553972,0.17703516842773231,0.1786516951884812,0.18475873116035355,0.18457913534302728,0.18493827217607559,0.17416130654088702,0.15242753832612513,0.13213072297542755,0.12638288959852856,0.11937786357970412,0.1103968889987406,0.10231403050841886,0.09979938765702819,0.08920193015659914,0.08183762482055545,0.06890515864718494,0.05974465949098064,0.05291919640851993,0.04842875843948196,0.03998670557442751,0.03387970659363801,0.01825295517018698,0.008912831083304196,0.00460200365952361,0.0038835333926719195,-0.0013253864885586354,0.0031650679209605983,0.014121748566964567
0.07965166312732863,0.10549088660894293,0.1128970205454546,0.12392394602572411,0.1351154223549896,0.13857165300697763,0.1398883108682911,0.13758418722862054,0.13741954599466016,0.12721558565762084,0.1196448607010179,0.10351589479558583,0.07043505809813441,0.028631518732475478,-0.03111140490673553,-0.1331515907580102,-0.3008602694675691,-0.5671532347879507,-0.8589551067163225,-1.0,-0.8798564489535914,-0.5857512065935853,-0.3156725775116877,-0.14878686394535898,-0.05332979165210982,0.013325481251381818,0.05710403408512889,0.08475361818891375,0.1133907835629546,0.14285080863110056,0.15470065908350497,0.15651101970567552,0.16424627542572684,0.1751086299714527,0.17280454650287744,0.16062556422415955,0.15091536690462024,0.1495986688722115,0.15289024824746533,0.1500923816758424,0.14350913254037037,0.13429263798168814,0.12310103109636301,0.11256785859081969,0.10894706704706185,0.10795956109760949,0.09874298619673672,0.0911722813256814,0.08277866654665192,0.0742204306192097,0.061218538432517636,0.04393755087834555,0.027808603803114385,0.008552630712318841,0.011515083910319492,0.02912525413234748,0.026327383794684377,0.029948156508241303
0.03138063452083164,0.04072104906406676,0.05186403013958449,0.05989347720557787,0.07218357607202042,0.07480545103119576,0.065956628043588,0.06562887367525504,0.06972555829857552,0.06890624237226926,0.07201967388980889,0.08136011843069807,0.09070061296767735,0.0892257983039232,0.06480957774738483,-0.00532562771912123,-0.1855797308343108,-0.502827920791306,-0.8515364104304405,-1.0,-0.8656293883047288,-0.561492652980959,-0.2894719860556627,-0.11134773606517062,0.0009013237465423895,0.07906599284024668,0.12675136365868422,0.16198288841634706,0.18459663993297856,0.2116348254416545,0.229332461417652,0.2371982062857943,0.23080736607436836,0.2124542013632689,0.19786988191380372,0.18230239935151993,0.172634295434869,0.16329379589828066,0.14870966643395794,0.13412536698292885,0.11429737760885718,0.10446544650412988,0.09528885414936211,0.08660390334631182,0.07136428514375923,0.06464561556986516,0.05678001069077517,0.04563706711232503,0.0418681318577285,0.039737858453398535,0.028758754562047288,0.00975015110880804,0.0038509377627480965,0.0013929290510945242,-0.0017205473848073028,-0.011880313554681766,-0.02253168432603835,-0.02793930142933749
0.04543894555922412,0.054838499260465495,0.06573005016478643,0.08736395270832925,0.11496579854330156,0.127498627853401,0.15196726180875955,0.17509324804507065,0.18687998998789715,0.19284797880021542,0.20045721415369003,0.1961303262156839,0.17598838901059852,0.14734208459068843,0.10273154984695547,0.008437507899266075,-0.1783601933500905,-0.4921274131881864,-0.8369257494973826,-1.0,-0.856620198157304,-0.539871542186999,-0.2553473418916096,-0.08078368278756623,0.017986260296595405,0.06946002724017429,0.08810997634635788,0.10019504398596044,0.11586103965478478,0.12451466986395286,0.12153063904108269,0.1106391200013839,0.10959464320809059,0.11302623540954694,0.107207473174861,0.10288070359116575,0.09855392490329273,0.0946747075940059,0.08079915773143692,0.06856485441002427,0.06692361242095683,0.07035523193494647,0.07408516804153441,0.06617760699128374,0.060358881173308815,0.05319729368810909,0.047229341292501836,0.04558813572014543,0.04424533323007605,0.03917256276879657,0.03365220361639764,0.0312650017185459,0.03216018592891812,0.030966614568569955,0.020671843654311992,0.0038123272671282656,-0.01722476399074053,-0.019910359866701536
0.0393696833480127,0.04701642777323198,0.059662974826999546,0.08613250047212344,0.11642545329071408,0.13627754817195065,0.15083579535264985,0.15862958586851672,0.16495292893770946,0.1684821607380677,0.17186441150348675,0.17348197458311743,0.17127616432848833,0.1674527371550216,0.14171843074663415,0.05113387534238463,-0.15209322136079054,-0.488404673024116,-0.8442715296456481,-1.0,-0.8586824907025687,-0.5451672771126467,-0.2566482254307986,-0.07739027187056124,0.020988056103152856,0.07936799894128534,0.1111314799653605,0.12966015330086794,0.14010092150621042,0.13671871560679716,0.11745470638293821,0.10627867407485345,0.10113188816806568,0.11098447201081783,0.12583677996660814,0.13936562151066353,0.1378951381711848,0.11627831073815405,0.09127931329851469,0.07819162124290349,0.07466239392914582,0.07245658367451671,0.06319221111395837,0.05966297931360012,0.053192614830062976,0.034516931296712586,0.010988467109983394,-0.00165808274790953,0.0027535029200910794,0.007165090971598246,0.006723940081091361,0.008047403408288387,0.0073121505220475665,0.006429829112156268,0.007753301973379523,0.016870578249446308,0.02260564385908671,0.022605646102386998
0.07846654749520202,0.09325092855151089,0.10962508396149029,0.1271119761684114,0.1336298419722831,0.13728623907623874,0.15079877057800328,0.15731672368654306,0.15477317008523456,0.14857323878100778,0.14014766897408004,0.12377354266565667,0.10374314536002045,0.06797434523747048,0.007564932655615947,-0.09576696634935662,-0.2700009700701084,-0.5575827019823649,-0.8693258649825696,-1.0,-0.8448439287575272,-0.49606015003204357,-0.16460194388787952,0.039518344173091136,0.14110157917872015,0.17432678689788694,0.17273706589706914,0.16319865258749425,0.1616089024851204,0.1624038405896787,0.15715779038853597,0.15270653278417143,0.14475798598319448,0.13315301297670584,0.1267940998718786,0.13394783467504004,0.12154803026969851,0.10406097315395989,0.08387155039538916,0.07131275448892853,0.06558976373624377,0.06320518223501707,0.06288723318459417,0.06050262743207077,0.04571827062705859,0.029344110366819845,0.016149424847467248,0.006611104905384604,0.005339327119521433,0.0016829667714373282,-0.009127133002711644,-0.015168070380689628,-0.013578369993474015,-0.007378436264117558,-0.0014964655296796005,0.002636798007792571,0.005975218248119432,0.0010470817056635023
0.08340636524479698,0.09578812615609515,0.10339409653380587,0.1253275410497475,0.14513838441202717,0.1454922034391566,0.14230835027904346,0.15026798857603518,0.14443082191169251,0.13169529054364476,0.11524517207808085,0.11807534652549524,0.11630645646478523,0.09967949324616308,0.05139059223250523,-0.03563563142599001,-0.20402813999802605,-0.5038451508979717,-0.8432824237913342,-1.0,-0.8639779820194126,-0.5424056719634218,-0.2420580566470861,-0.07454983660084775,0.004516708959927841,0.05386693955772688,0.0874746094681764,0.1085236143504719,0.11029252599801742,0.11259194492119329,0.1327566396908556,0.1446077152351306,0.14053941704466247,0.11931352423563772,0.12267429230602446,0.1290420417999217,0.14566897803499948,0.1495604692493715,0.14018571674512822,0.12037479782892437,0.10604732369069343,0.10551665451379688,0.10197895534300994,0.09419614560894986,0.08039932445748886,0.06713312930925343,0.04519971177685615,0.024858189793439418,0.02061302526307754,0.025211962948543436,0.024150671815952967,0.0209667869501752,0.012476422979490923,0.003278528551430926,-0.0036199002381920183,-0.009280125008716729,-0.0053887201416866854,0.00610864161128189
0.07247502515751211,0.0927552690654882,0.113986113982504,0.12507686353252456,0.13030541319917696,0.15486345107680755,0.1941564064273909,0.2291716693222923,0.25024415244211545,0.2518285631898278,0.22758731658256426,0.18243192931667546,0.12998847690884913,0.07897107828554119,0.00688124790364624,-0.10497682745685485,-0.29256948603602495,-0.5787119091758623,-0.8716643729948538,-1.0,-0.8498000035450882,-0.5200891175663949,-0.20130807665721678,-0.007695154896905162,0.09861753662483808,0.15882447794608848,0.1881357383988588,0.19241367255447542,0.17942162430640157,0.16674637699669215,0.16199318342554458,0.15739842899556877,0.14915966133061898,0.13901956596362375,0.12270031508693771,0.11937304478234383,0.10574733664955681,0.08958650557804777,0.07041535016027009,0.060275230623281384,0.04965982750076826,0.03238995144504907,0.012426614823408648,0.0029202655977907687,0.0068812472993964036,0.0018111864734648392,-0.011022376861512116,-0.013874282611103465,-0.0124483315490573,-0.00896266983902875,-0.007853592829577248,-0.004209492582626775,-0.0013575895521596925,0.0005436826966698326,0.0016527532992602165,-0.004843255794062018,-0.009437990283793213,-0.008012024719750968
0.033032529966133296,0.0435505740528923,0.053536072648600476,0.06392095040448832,0.06844768761580126,0.07723497967499161,0.09560833836219727,0.11478043912129668,0.12942586360082914,0.14420435488938096,0.16737084844350428,0.1971944195956834,0.22621897245205363,0.24379341033424395,0.22648515481548914,0.1344851889554151,-0.08133473851230813,-0.43588772116525076,-0.8231905667550428,-1.0,-0.8647298340516101,-0.5479921897343317,-0.254949747793288,-0.06003230142858222,0.061923839311420766,0.12449966192489213,0.13834623059327167,0.13408576104983863,0.13128980633196735,0.1227688347481701,0.11278335646304392,0.11118566108920364,0.11265020028746377,0.11358221227419686,0.11917408108877546,0.1122507723818873,0.09534199351410576,0.08056347785285553,0.07403959705154385,0.07537099632268941,0.06458663785371191,0.04647963213883056,0.03622786587524247,0.035162740365151414,0.03516274239620961,0.020916764101777417,0.009067309573052748,0.010265566378261011,0.012262674424741264,0.006005094296005238,-0.0006519025674871598,-0.0081077410247251,-0.01037111470802707,-0.0005187677180181024,0.016123725710124267,0.027706922726260023,0.0234464267790704,0.005206255621905859
0.033819844482529365,0.03681306528298385,0.04595896347054594,0.07605728549727334,0.10731963853994146,0.12162051781813213,0.12527887709315697,0.12926978404308914,0.13642027441719118,0.14606504992562164,0.14606501948461761,0.1470628147143597,0.15986702144193993,0.1671837907269963,0.13658661421015356,0.044462359412194535,-0.13828949285361503,-0.4578982392965766,-0.8282240119518688,-1.0,-0.8628117301265954,-0.533061177608579,-0.23606786481160516,-0.06063239624480104,0.015195472528244174,0.04878585716178973,0.07539210897144796,0.10033550825280448,0.11180949383975136,0.11230826969060632,0.11180946339874734,0.12128789911421542,0.12677552934976474,0.1377506680568473,0.13808307367373585,0.12328345913269557,0.10981396426227523,0.09202107057552276,0.07905045809947146,0.06973829622145704,0.07622354918772566,0.0842054290430987,0.07672242650859402,0.05543742201676703,0.04080399506366903,0.04080400267392004,0.04662412223911897,0.039806250568933645,0.02750086154858891,0.03082664143932723,0.035815320788248464,0.045127515644017235,0.046291533976206285,0.03830966173108425,0.030494065860166217,0.023343636368072216,0.020516726187951254,0.024840239158048453
0.05629791931020725,0.06123325266356703,0.06776523661614986,0.0744424028320723,0.0869258232613548,0.09258687749649956,0.0892483054603356,0.09519967993497051,0.1142150666019602,0.1356981620184594,0.1550038777823771,0.18780917910098185,0.21930812348754028,0.23948471139555014,0.2287431548298627,0.1419397858730819,-0.0797130251833733,-0.44492598384649734,-0.8291519996704638,-1.0,-0.8622476389434344,-0.5535030784695912,-0.2729158699598453,-0.09887356754138914,0.001864542925653794,0.06791037459230038,0.10100590757601707,0.1155214766786335,0.12074706384069976,0.13352078236587783,0.14106890487155185,0.14208495042154587,0.13816583533821766,0.13555299746999544,0.12989189894766157,0.12379534220968702,0.11160225530605142,0.10768309593553409,0.10086076959986656,0.09607066722575443,0.09723187732421246,0.09563516472292465,0.08997404848571514,0.06805557014179674,0.03844378038578634,0.019573539445205276,0.007815925773335392,-0.011199473695419888,-0.0226667832511044,-0.021795844676228505,-0.01468321360158701,-0.014102584194403987,-0.010618854252854415,-0.003651377762059354,-0.00902213611566797,-0.006989961977200312,0.006219214279227315,0.01986384861289815
0.007587924994944227,0.02389279737769755,0.046693116088933034,0.0712166749052058,0.10369383501195041,0.12662670349883154,0.14465496133294042,0.15592258405727522,0.17819269355487982,0.19277439433494764,0.19038831637445766,0.18508577530760767,0.19184645895041325,0.21093508263433308,0.20762108546698588,0.1290127491039672,-0.08507149217317711,-0.4429844885496856,-0.8282020632911783,-1.0,-0.8735372209869445,-0.5812446445035365,-0.3045913844448889,-0.12616500851525078,-0.021707813756048033,0.046693116088933034,0.09004022330435006,0.10833345531275222,0.11350329089381384,0.11681723952812953,0.1184080471456806,0.11681733659419252,0.10859859126381716,0.11005675810628851,0.11509408233368773,0.11403352235175081,0.10183801277591314,0.09494485822363807,0.09467979507212038,0.08897975229963753,0.07837492900877219,0.07453064376161796,0.07917028024009694,0.06949340042260456,0.05199550346784996,0.03463013606664458,0.03661854650031077,0.037148794135924895,0.03807672345383034,0.02786958386746595,0.014613608342439884,0.003611129721202677,-0.0026191850166040944,0.004273927195656521,0.005864646341535585,0.007853043504450973,0.0022855364785343774,-0.0052703655616998584
0.04162941669421638,0.06097002221644131,0.09105541378790953,0.11653587865424794,0.12989016375752116,0.1470817746042454,0.1684178920752873,0.18683744903319846,0.19082834648425678,0.1742507321091585,0.15291462400452965,0.1340345111528177,0.10133971653305285,0.04224342019065211,-0.03158855496884374,-0.13013358136125933,-0.3005156587067698,-0.5748157654569643,-0.8759743799530673,-1.0,-0.8233252479406188,-0.4441891471129078,-0.09283383662033215,0.11945227993835755,0.22843543133507158,0.25514385167900994,0.24148254492389123,0.21569506777212033,0.19512638735052967,0.16903178551637021,0.1430909146188391,0.13035059788795286,0.1383323834236565,0.14754226493315514,0.13480208869846394,0.10348873696618928,0.08338053750709534,0.07463122594101697,0.06373300165555171,0.055751122455718026,0.045159854257207234,0.032726617718247766,0.01983288850877532,0.005557681580464333,-0.0010426789224739152,-0.007489541185606889,-0.017620338958835587,-0.02345322582477184,-0.016238874996916147,-0.009638504249463676,-0.004266115322647717,-0.00595457459337608,-0.0016566695400917653,0.003715720338000514,0.004483209414948944,0.003408724663316081,0.002948232139153303,0.0054041831943088545
0.04779176389037386,0.05391541049795429,0.06551119045819737,0.0887027941054725,0.10264387231730462,0.1109823960656441,0.12544457039672666,0.1409490800721648,0.1436852640157938,0.1432943465224528,0.1485059755422792,0.15971095726406026,0.17091590718454028,0.1733914158633398,0.16114400339329993,0.09847457069150856,-0.09292140871176184,-0.439754666464472,-0.8242391064143405,-1.0,-0.8754429536824487,-0.5666572177420693,-0.28392708279673673,-0.11624339371824065,-0.023867709789837422,0.026163619532843182,0.06668378790687768,0.09951688218488837,0.11645456519477045,0.12205708785696204,0.12218738573775044,0.13208930914839487,0.14003701875762178,0.13287114413507686,0.11319734873449318,0.09899571451271057,0.0901359753902417,0.08401236455912495,0.07854014772804702,0.08062483431740874,0.08739992660214221,0.08648786528759922,0.07541319734725709,0.06446886703932968,0.06134191665853973,0.059648139612193736,0.04896435736389153,0.0354142105584696,0.0285088402687609,0.036586811982312534,0.04284074255761215,0.04648886061057989,0.045446545142037456,0.033720429536960965,0.016522165672361967,0.00922593056021715,0.007271586820671105,-0.0013275582793546195
0.05563973502825227,0.06567033274426874,0.085579457388185,0.11947063688797753,0.14363508203578768,0.15518541389027343,0.16202450963619452,0.16749564527208377,0.1626323476491424,0.14986620993640123,0.14165934882898779,0.14013955904807862,0.12235814566167917,0.07995625096417908,-0.0005921159157874769,-0.11807119548866502,-0.296646044969102,-0.5659524306155974,-0.8592690669353319,-1.0,-0.8601804901001147,-0.5157993771193352,-0.17886262907145167,0.04165781464160565,0.15883293347617936,0.2050343165365623,0.21126549080587573,0.20260268627257155,0.19409198962234395,0.18694903978612876,0.1828455396793722,0.1624804808833052,0.1387717844128463,0.12615759692960213,0.11825471047110245,0.11399938996720857,0.10594457182669187,0.09545803068478467,0.08618736959105266,0.07433307699826308,0.06202284561645274,0.052448237695026885,0.046217137615633244,0.05153637866446535,0.04606517347552629,0.028131735669710035,0.015365584046358906,0.023876352568071323,0.030867342901049553,0.02813174030658002,0.009894366685636126,-0.011078604892907313,-0.021565089233157163,-0.025972464296122752,-0.02597245734081777,-0.025212574042538162,-0.0249086272148443,-0.02065322556572564
0.0594450404783093,0.06458968359968263,0.07824967013731973,0.10645656050029835,0.14353358176232658,0.17723998933032364,0.2042050396089694,0.21431694564170742,0.20899497643586248,0.18202977460571296,0.1616285823302283,0.1428239743214327,0.10787574290676392,0.060509462464757545,-0.005484050512020284,-0.10340987261939329,-0.2797478845871115,-0.5612859357746534,-0.8706742603992358,-1.0,-0.8509828704165785,-0.5169352542166368,-0.19743316164084185,0.024674271815093168,0.1371470714938519,0.18096534179415733,0.19267400529530287,0.18823885053864195,0.1784817374012435,0.1674827787669585,0.15470993143172768,0.13253470972890086,0.1190521034012724,0.1087627738580961,0.1013118957287102,0.08268468958013805,0.0722179798269531,0.07718524273831778,0.08037848163489401,0.08286210226546895,0.0775400085708888,0.06281568664766271,0.051994167761477104,0.052348976894477754,0.05341337181815749,0.04135003449785386,0.03514098292141654,0.0363827878241503,0.035850584949756736,0.018110397574270937,0.0005476184864161339,-0.008499870634142714,-0.006725868946138304,-0.004774441717987963,-0.01612816280199792,-0.02162761776264875,-0.012402734562412381,-0.0026456227781523436
0.050171743419020566,0.05958409402976433,0.08442653231667878,0.10865180965450039,0.13102541112777427,0.14383234232966696,0.15941682969802573,0.16034267233803787,0.15154750621507831,0.1472270170755814,0.13179686819881314,0.10309698920134128,0.07208249889610077,0.025483620085005265,-0.04765500613953224,-0.15443123677394377,-0.3227740351345639,-0.5826179881515886,-0.8717758975466081,-1.0,-0.8389102351048153,-0.4568619833969282,-0.08422428394376394,0.15447923139455702,0.2638786985347972,0.27992609780768546,0.2524605501238758,0.21342232722802323,0.1913572144283994,0.17870450873237864,0.16805771382225407,0.15617647461274875,0.13796898612547506,0.12115025218274303,0.1055658683846263,0.10463999749818452,0.09198732004859339,0.06699053856235015,0.0527948716468689,0.05927550178587223,0.05233196445007765,0.03134705632074785,0.0282610350193231,0.04091370776117595,0.050634674154503186,0.031655648564639954,0.018848673816168216,0.018385777211788086,0.024094905556238937,0.026100835173088248,0.030112635560058436,0.02502071288821402,0.011442239875993505,-0.005993756232204246,-0.02065232799060762,-0.028830293148699025,-0.04750067706341827,-0.05444423323016595
0.04488527345687841,0.04977507624060731,0.06500338556960412,0.08973198850995044,0.10370288039947503,0.10747505599203502,0.11543845823099551,0.12172546017740475,0.1288506239071613,0.13639488131623423,0.14100527836780782,0.14659373401472178,0.15483655477348038,0.16810891741370007,0.15176293400551083,0.07534186653958647,-0.11885407292085907,-0.4523414744155097,-0.8255037822933166,-1.0,-0.8737031700550633,-0.5572636401054099,-0.2557696761778328,-0.06827928673702105,0.028958385859279387,0.07897432434715222,0.10873243080603132,0.13374043947853298,0.13471839577273115,0.1358360613268284,0.13611549689681687,0.14435836028105137,0.1472922376887411,0.141005286892903,0.12619611386869853,0.11012952340502186,0.09671743445471273,0.09112898733289393,0.09308496812205179,0.095460085216002,0.09224672961284784,0.08190821027993717,0.07883462361234836,0.07198886561474716,0.06360630149570877,0.046002913435690095,0.02742159039421119,0.024068570287907706,0.02923782995436305,0.02951723355524458,0.027980431696354995,0.017641941135640563,0.008979965157034685,-0.0028953206023387195,-0.006108641572293682,-0.008064560554511446,-0.013932342010813397,-0.01980013945166882
0.034471812550092136,0.0331967227536334,0.04795147576933209,0.09257997989211578,0.14158035304935918,0.17455084171213042,0.20205664552757058,0.22610133888587164,0.24304209866814577,0.24449920123901947,0.22719434921621184,0.20132792751287473,0.17600807766641133,0.1352047706836583,0.059973855794334424,-0.05168864709961585,-0.22674213112837605,-0.499068343719815,-0.8346027076982798,-1.0,-0.8520893613051077,-0.5209272609536822,-0.2271064012134525,-0.04549524423758892,0.05833443477873759,0.10533101124011035,0.11881066056524538,0.11899289564533902,0.12172517693494292,0.11589615531083178,0.10369166247385908,0.08656877876433067,0.08001110025958531,0.08237921150166816,0.08274349825967052,0.08237918371345833,0.09221564867297768,0.09002975583806255,0.06999252804573756,0.05068383764474451,0.05396268523358014,0.07236054480790699,0.0794646673437608,0.05888092882862375,0.04030085362595016,0.03847929201017313,0.037932828527317795,0.03793279796028697,0.03465399761140807,0.031921616284248756,0.02336023695295667,0.01534530894717812,0.009334116503208591,0.012066473689360604,0.012795107471045399,0.010244900393851633,-0.004327681063864345,-0.006513568341137497
0.03649781608231454,0.07226048632123415,0.10554408024683402,0.11862192928843902,0.12271261720511033,0.12370430590449666,0.11849792904539948,0.11508902617727969,0.12327049150917375,0.14930228630610826,0.19491999631073018,0.2473555717172926,0.2819404969556719,0.26818107915368145,0.19442412958639915,0.05267468671584237,-0.18198337395802916,-0.5203954607966701,-0.8413301660923921,-1.0,-0.9383915241413863,-0.7266659346149152,-0.4740960701584733,-0.24718699171212588,-0.08182278548715877,0.02044488695840187,0.08050389956715964,0.11515105613164996,0.13095609011673678,0.12773309065641225,0.11353953775595614,0.09568913370878948,0.08341695062737363,0.07814862585424501,0.076847011129386,0.07721890744352797,0.08143359560323882,0.09097859374117283,0.09575109653924616,0.09320988212747315,0.09271406015241786,0.0951313116122144,0.09562714850369494,0.089800986717566,0.08633006135328858,0.08521443207656366,0.08261122500148352,0.07963615890332451,0.07164067529045823,0.06866562037961814,0.07052503109730805,0.0707729383557294,0.06550461731170709,0.06091806267070475,0.05831487424115615,0.05744717459749044,0.05100120550969188,0.04399743669995611
0.024599733462106955,0.029558159470663578,0.03837309911988649,0.06316514301617901,0.08974772701136625,0.1011796268527477,0.10641347579851158,0.1097190637216745,0.12266604080319897,0.13093013667914127,0.1397450153954806,0.14979952950455042,0.155033487709278,0.15145238229788155,0.13767908807865517,0.061236869386774535,-0.13379389386040275,-0.47027832085773924,-0.8327917629062923,-1.0,-0.8759021226288486,-0.570962035932514,-0.27400714900055007,-0.09440206211193296,0.0032510385968697645,0.05324831621267277,0.07569886067442454,0.087406265397236,0.09456842579281487,0.10682671841271921,0.12239058214671512,0.1325828297862947,0.13451112442703836,0.1261093454478003,0.1274867059665049,0.13712806991125948,0.13960735750579184,0.13754128731186008,0.12941500901178424,0.1155039056212271,0.09966457482621167,0.08699304799663539,0.0690876596144917,0.047050315744269225,0.039061768873569214,0.039061764671301374,0.03947496316169674,0.04374470260749931,0.047463520538066344,0.05297283654484975,0.055314314968051344,0.05545203168948977,0.06536889211113868,0.062063253760761765,0.051320080403678796,0.031486420493264555,0.016611189743107817,0.015371589019086931
0.05713338404221487,0.06114032933792901,0.0864014003583854,0.11462415201841991,0.13152293038484125,0.1282128795744649,0.13117452300693305,0.13953687412928378,0.1566098668152621,0.15922309223921918,0.15225450882633831,0.13552993414887107,0.12072168509472174,0.09040831907759239,0.03378867053688494,-0.056454378885423935,-0.22683633953731705,-0.5078453126550204,-0.8428592790733905,-1.0,-0.8512215664121241,-0.49721802654998937,-0.17613965362815887,0.024903738910655112,0.12769023661579404,0.16497204784796718,0.17385709508200303,0.17194067378325945,0.1857036581812728,0.17978037131633648,0.16375261139468564,0.14615698638063934,0.13431035949775247,0.13169722974922102,0.11863107073762692,0.10051281339551263,0.09232474037633596,0.08674983962810215,0.08343976224121867,0.08152338346488651,0.08256868532813248,0.07438061230895582,0.060617643856846745,0.03884089909229007,0.024032664655219648,0.00556593963974661,-0.008545431705485074,-0.006977484225917528,0.010792367731526597,0.022987378737877946,0.021419455177166816,0.006437016718935959,-0.006280632262991153,-0.014468705282167822,-0.009939130316036398,-0.002447917232738244,-0.0019252729452420361,-0.0047127007293278865
0.04633558715589514,0.07369744739457669,0.09813294022774934,0.11949569192847624,0.1355909090856382,0.14715026390705638,0.16090434964013736,0.1644159798125555,0.15256404717864536,0.13924881477156167,0.1202272748513597,0.09184117352085876,0.05716325637675147,0.010194501933897525,-0.051991588908495166,-0.15368411070330454,-0.3190264226637765,-0.5762586854254232,-0.8725548227206963,-1.0,-0.8390478284283804,-0.46578639624130097,-0.09720453942575727,0.14832079836936865,0.27049837860565096,0.29025172466108073,0.26552367187240367,0.22660227824242846,0.20465427270328607,0.18899796244308406,0.17290269171495948,0.16090436749712492,0.15446620920630993,0.1560757130650386,0.1553441479991427,0.1451017460094425,0.11803245465475916,0.09769399761681428,0.08920743749880448,0.07662386837104823,0.06477196698686627,0.04735983271196143,0.03316676418972341,0.021900125572450708,0.011804021417490276,0.0033174515339404105,-0.004291197413764258,-0.01263144351413933,-0.017313688505313715,-0.02287385778051846,-0.024483366103493994,-0.025946589984470424,-0.03253100593180318,-0.03062885952900269,-0.021703309925465528,-0.013363066615244763,-0.01746001982190513,-0.021703321086082743
0.04840709250716341,0.05558359958041972,0.06658755990064448,0.07982419519948943,0.10151319424609319,0.11171983355179159,0.12288325223609467,0.12814599132750917,0.12814606917853522,0.1289434680440876,0.1337278223118889,0.14042592023308637,0.14345596001743505,0.12798656215756563,0.10853027701509507,0.035329922870930466,-0.15428935677350727,-0.4831340370253877,-0.8365361227811025,-1.0,-0.8639664646987446,-0.5523476084992675,-0.26831652845483384,-0.09942889675992272,0.006783364193889647,0.07408304209032694,0.12782711352486556,0.1568521072029387,0.17184301319403414,0.1707267657199729,0.15876581193082187,0.1477618126850841,0.14329637514543941,0.1471239403032578,0.15366251174072917,0.15111092489964148,0.1370768664067985,0.11937476923986326,0.10980607043563892,0.10773290734367745,0.0992805727900534,0.08604385477449328,0.06212220021202585,0.03899790072390865,0.019063163854599392,0.017787337590653936,0.020817417516937917,0.023528541789552247,0.030386093209138904,0.027196526941064125,0.026399149971112812,0.026080191884598595,0.020498463079690547,0.01156770234409571,-0.002466349458424709,0.00024477572650633147,0.0018395515620100308,0.003593804045939471
0.029159872688283,0.03748303698631644,0.053574527746606496,0.07785041250595139,0.09879710095662649,0.11558215329581957,0.13084135026937996,0.14332611470391854,0.14984590631628827,0.15442370096009822,0.15705937166484185,0.1498458724574865,0.13680621305044313,0.12432146554530542,0.09338702310696241,-0.004132837408228514,-0.20458291773956397,-0.5223906204912006,-0.8507384158634775,-1.0,-0.8794531853000965,-0.5839823202873476,-0.29280878053410014,-0.1004042434881867,0.012790943435484769,0.08145714518022817,0.12598613353341892,0.15747547940896714,0.17523171222349954,0.1802254791762278,0.17023769132975813,0.16191450375379848,0.16302425984000632,0.17190234238847077,0.16857307412984726,0.16108213590094,0.15206541848870395,0.14318734440493994,0.13167360808113276,0.11960502757302342,0.09962941802128236,0.07507604768453312,0.05981684647862251,0.053713200701530066,0.04816442873519132,0.04095102263954083,0.038454067213222975,0.03387631066056499,0.023472357933242073,0.01861715918476947,0.02111409556551133,0.01875588821833344,0.01334581089771314,-0.0031617987166215476,-0.01758863841819897,-0.018975833525958764,-0.004548999114819117,0.009045515850967654
0.019452368618457064,0.03670224965697775,0.043695442718367165,0.06172236272500476,0.09000594818710751,0.12528275752972173,0.15698529785662702,0.18480268483022738,0.21059982619821369,0.22800506287492045,0.22645098256798493,0.2057820672461549,0.16397836527082651,0.11300571845075087,0.04462784917817863,-0.07130370730826334,-0.26105285035066395,-0.5575654252975459,-0.8696158067468396,-1.0,-0.8450617096232843,-0.49555879312573725,-0.16237072328406957,0.05503995680244175,0.18091744613166147,0.24541043231092216,0.25178204398255366,0.2322010721174009,0.20920118806007615,0.18651213144350662,0.15092437138364898,0.12217457795023712,0.10694496266829497,0.09762070841404467,0.09124916312206065,0.07726276277507163,0.06514120853752928,0.061722320052374234,0.06327640035930975,0.0494453900256814,0.02815499999566977,0.017432111159334473,0.02007399149549466,0.01960776929997536,0.010905136737411808,0.007486242621840231,0.014790248603437004,0.020851009127296306,0.015567262679186109,0.0039119315261761985,-0.0010609865921656196,0.004844370286798268,0.0026687074788384157,-0.0012164041649334973,-0.008675807864671448,-0.009452825496473095,-0.017378434500480763,-0.023905426702666144
0.05487650824579321,0.06474555153519215,0.07600462756189914,0.08351068390094411,0.08281568873694123,0.0743365848843853,0.0675255958051571,0.05988052177321856,0.05459851526930833,0.04695344971923024,0.02818836612417591,0.004002236067434071,-0.023102907181468672,-0.058131114258097166,-0.11484349233821989,-0.21075423295945336,-0.3761657452963225,-0.6277575400830366,-0.8946375151420016,-1.0,-0.7896928128026833,-0.34711455897179316,0.07391960814244868,0.3357975841158469,0.4342105753542812,0.43101342287354255,0.3844481786006989,0.3334346056473534,0.2872862617797023,0.2500340154702646,0.21389363928444094,0.18664947940287718,0.1645482107909348,0.14772907166987928,0.13271701836481256,0.11283980382893515,0.09296276741212733,0.08225968582025056,0.08309365626784473,0.07489263869223872,0.056127519049277444,0.035972392114589496,0.023601356904733677,0.019292308854799607,0.010952271465834894,0.011925271268880782,0.012481281607199352,0.009423261324470435,0.0037242335488561784,0.00038821088007843954,-0.013372860380312167,-0.027133938929801604,-0.04673305446593842,-0.055351099674643814,-0.046177034585526834,-0.03241597299975832,-0.02129589558175888,-0.018376884510063085
0.00761764928979746,0.0062229226609625135,0.017845691061546425,0.04821988159143062,0.08541280761324722,0.11733667088790362,0.1292694254926485,0.13329865453505074,0.13639804257808333,0.14259683757680996,0.1253950816910545,0.09006190859045757,0.06836604571610326,0.05209416865504031,0.002193698642235965,-0.09295809105593646,-0.25676230658787835,-0.5271865658432386,-0.8492140407320997,-1.0,-0.799933924040439,-0.36524202285370533,0.024199496597463302,0.26455852965236226,0.3387895910184944,0.30407627094004414,0.2399185658698391,0.19869633988313987,0.17436584397965024,0.1535997417258545,0.12926945386164065,0.1088132828470836,0.09455602976355247,0.08804730352558716,0.09378116856829825,0.0827783117009073,0.0713105154211701,0.0618572911091458,0.06759116088002225,0.07394490731387214,0.07193034953065533,0.05891285922940182,0.03814682316992109,0.020170260462813023,0.010407126188294143,0.009632272085287958,0.012266762087421185,0.005138124907283574,-0.007104528135052829,-0.013303346479095918,-0.01888226836097312,-0.013458320373004637,-0.00989399882783248,-0.003850155116473951,0.0014188395155540843,0.002038720906692891,0.0015738119319111301,-0.006329672850005302
0.04346218187044902,0.05995837912731468,0.07941143073182379,0.08797079243029166,0.08641449132447931,0.09123887661112338,0.10182138416518602,0.10166575025610801,0.09855323351066074,0.10166576924859187,0.10026512104434142,0.10477827649779721,0.11147005977605479,0.12018508387232647,0.09419578793621844,0.0025329660426828366,-0.19013023272885113,-0.5062046876953344,-0.8429751573732412,-1.0,-0.8784572955900594,-0.5818384562134078,-0.29237596576673164,-0.10080172479852598,0.006734822221681199,0.07629896621570717,0.12625441698044945,0.1581574311080863,0.1779217885157192,0.197841789328672,0.21184810043882177,0.21729501186553593,0.21994060789126532,0.22071869197047794,0.21713942543766762,0.20857996877678037,0.18554744172213838,0.15846873691121008,0.14119439859768018,0.12532067999967494,0.11691700918773669,0.1055563795694937,0.08952702706241045,0.06976272188410823,0.048909026823469634,0.03630348736871548,0.035058461203240604,0.02665474765821364,0.016694786423735224,0.011247928413381948,0.0019104624561873357,-0.007738254700739905,-0.021588819133938696,-0.032638160754511564,-0.04197563739497835,-0.044465630374416,-0.031704426147797546,-0.020499451805176913
0.04833032449315596,0.04649248922104965,0.04649251258459991,0.06211405515680544,0.08493383747260085,0.10269954650610985,0.12521303735074352,0.1389967843688782,0.1383841453540341,0.14481657932000383,0.15614990111464364,0.16962726788012558,0.17958228973631277,0.1880057280735199,0.18126698861825832,0.1010148569695844,-0.1037504560762392,-0.45493098921735514,-0.8336769417114775,-1.0,-0.8627759631942062,-0.5526428514999497,-0.27451636446334954,-0.09793059570717284,0.008970058605551619,0.06395190211068688,0.09014104948140303,0.10989774419530926,0.12107798800866396,0.11709597926618909,0.12138425611627542,0.1389968404413988,0.15645625333103602,0.1495643517857084,0.13348335097956504,0.1224562972925367,0.10392480584495778,0.08860949867139337,0.07911400513979479,0.07788880654617752,0.07696987138746167,0.06563659164721233,0.05843841264885312,0.0494023796875474,0.04189791155438149,0.03806908826552292,0.03776278043987601,0.0302582936158699,0.029186218562460748,0.027195236386596062,0.01969074722623492,0.00973582583331386,0.00713223267886541,0.003609712542943699,0.012186270331737668,0.023060108776623126,0.02857361342476455,0.024285334822411946
0.034788482358411664,0.05179083589618464,0.07384339831147228,0.09791608433920224,0.10599641443436042,0.10532304332093405,0.10060955852074452,0.11104664128816068,0.12249374477314522,0.12872241473213517,0.12602897136708244,0.1361292812643983,0.1602019313395571,0.16676719954187313,0.13899113674490915,0.05128581526523725,-0.14297891070514926,-0.47797750087455043,-0.8503450188767718,-1.0,-0.8469785433796779,-0.5209042134164256,-0.23203122094359038,-0.05123338822532713,0.04556225325058179,0.09034076460282824,0.10229290926308654,0.11037325990257112,0.11424508473983441,0.12064201273183466,0.11407673425735543,0.11121497122631328,0.12821735301253503,0.14555644603587792,0.13781279636135133,0.12889071385379822,0.11222496112739212,0.09791603297838629,0.08024033657563572,0.06374298569252454,0.05852445458097966,0.05431594418700317,0.05936616076864023,0.07367507864548287,0.07620018693630139,0.05599936169840591,0.036640224671885414,0.03192669621500234,0.03815528399668678,0.040512036668944734,0.027213149781833684,0.017112743582987932,0.01980618951608146,0.03849195414515519,0.03899698504826576,0.02148959161923942,0.012399213200074258,0.006338972048807602
0.03220468729948769,0.04541322122626963,0.0661946721532408,0.09243567970298239,0.12184669154933345,0.1369926813743109,0.14386113954209848,0.14685504592205137,0.1479117301407073,0.14368495027998732,0.14456553120872467,0.13822542589678913,0.12589742185275518,0.10159363109104855,0.056332323725286404,-0.03172471598908886,-0.19815279207659514,-0.49790025765707346,-0.8450211094577377,-1.0,-0.847486276106972,-0.4864527593161084,-0.1595836676443169,0.04946385481097475,0.1586545788984685,0.19282079868706006,0.18630451485953745,0.15865460039151666,0.14650279635611793,0.14262833054047583,0.1449176840559415,0.13646418881364594,0.12448840209597326,0.10722925876416535,0.09859967097847529,0.09032228439936037,0.07781819855845598,0.06848418149330547,0.06355296160660098,0.0628485269538785,0.0616157555650901,0.060559060599910106,0.05580394937638623,0.045589337949343306,0.03150023115371707,0.01617829117678903,0.004906997378148999,0.00948595510533715,0.019700571905642117,0.027273480845938284,0.014593263505489633,0.0027936232107569313,0.00420253199708426,0.011951550943876557,0.011775442280695938,0.013184355243894925,0.01582606310390372,0.005611451676860791
0.056027767067871714,0.07140401487915865,0.09200236237629728,0.12246484658447226,0.14393342748415386,0.1446587215659462,0.13798600716193035,0.13015290189078532,0.13885640431771365,0.1584393887837388,0.16627249405488384,0.1677231530306805,0.17149471766210658,0.18672596419195733,0.17903781151885273,0.09707940324579051,-0.11412633959045103,-0.4738736204036823,-0.8437721150613126,-1.0,-0.8637901609065686,-0.5594588885528723,-0.2810895860136863,-0.10817886615906848,-0.014760941953703558,0.045293414657345384,0.08170317313755658,0.10650821745756416,0.11144027917443745,0.11956351092982591,0.13131332816402053,0.13552003383841596,0.12783189886836438,0.11448651431796521,0.10839403517938322,0.1007058471001726,0.0889560741236105,0.08387912176938232,0.0819932996218,0.08199324208687774,0.07401504701903149,0.06313567562401597,0.05153094376075933,0.03673494670507764,0.02527529357411411,0.01468599278808096,0.007868229802284172,-0.0008353033283767125,-0.007943193075027137,-0.01113447154474196,0.0014856438187831823,0.02411482968189128,0.04921000269902391,0.06081474341380704,0.06313569775283223,0.06023447274226717,0.045148362479631804,0.01773222848482911
0.05923862990606907,0.07441309185199857,0.08849246261840825,0.1135224444855176,0.13354641661500516,0.1321385172444997,0.1255681515386656,0.124629555140281,0.1302612862643021,0.12650681475804984,0.11524333341829344,0.09428062170256492,0.0708150101224535,0.0374938189595554,-0.023516817923434057,-0.13114587216212498,-0.29212070540098384,-0.5557192394185868,-0.8571731297801386,-1.0,-0.8226002500386218,-0.40976228265887993,-0.029930762828525404,0.21051384138881515,0.3067231939500058,0.30594104460347094,0.26558012987393964,0.22631422041121432,0.20613368667959195,0.18689179707563963,0.15701204251390222,0.12572458904465825,0.10382330956811639,0.08849245307255116,0.08207851055392408,0.07206651494332322,0.06596545698253853,0.06080301451185263,0.05501483633598178,0.050008807506645804,0.046723581697371855,0.04468992275703871,0.04093544886432218,0.03467795339754484,0.030141253791436715,0.01809556463677075,0.01668761515051556,0.013871746008808595,0.011055866128012404,0.0069884882874312725,-0.0011462590411060354,-0.014912769412624103,-0.023516827469291145,-0.03149514266138042,-0.034154587422648236,-0.032433750992086396,-0.013035513374551657,0.013558866223894756
0.025952038387619527,0.042405997859764274,0.0683774400743608,0.10241451192898121,0.12273999272447945,0.12532106271915752,0.13387064175276198,0.15951933948008667,0.1800061334589877,0.1854908604416607,0.17807047369187587,0.1575836206527417,0.13306406599237575,0.09467147912564641,0.021273965912310268,-0.09664600560694538,-0.2836086643634813,-0.5615523424507165,-0.8682077985092143,-1.0,-0.8473988309586281,-0.4873480024710034,-0.14294301720738983,0.07837884760196275,0.1809740519328933,0.2082360783616898,0.1927499930682758,0.16758511677069332,0.14790486902206196,0.14451724295374205,0.1458077582643367,0.1482274757021232,0.15355085997127682,0.153066900734324,0.1419362320192971,0.12822464096017494,0.12354653895474912,0.11306119187693876,0.09870430871071662,0.08450871904115291,0.07579784158920391,0.0675708495489163,0.059505200222148065,0.041760735282780855,0.01998345183213714,-0.0043748364008438945,-0.014053622483326308,-0.011311303287164658,-0.011311304517586182,-0.0013098860699932242,0.012724364731118374,0.02175789807998955,0.01643456794938297,-0.0009872584727660838,-0.014053634787541543,-0.029055769456953397,-0.04034768983430694,-0.04276739250703516
0.04978264922245699,0.053679250182907465,0.07139113119090368,0.11726491186402827,0.14613522105791613,0.15233442588435125,0.14241581704810177,0.15198019950432665,0.16048187039701045,0.154814075391458,0.14082168485585558,0.12399537520183208,0.11106568542194831,0.08414357808690603,0.04004112925861934,-0.042319027723636916,-0.20934222925947274,-0.5115076528908744,-0.849804383441234,-1.0,-0.8492728115030149,-0.5054855774661853,-0.19357863116899032,-0.011323264330177406,0.07121401259698017,0.10026147821217005,0.10858597106790699,0.1193902809519983,0.13444548032154366,0.13745642076348638,0.1328513265136526,0.12629792773066018,0.12328685759484832,0.12647498147764913,0.13391401646154885,0.1287776420847015,0.11797334300843261,0.10468939442505697,0.0963648475302079,0.08520638151693774,0.06536908818968179,0.040926719526281304,0.02480892477728596,0.01630722922925725,0.021089430927447667,0.029945366703023463,0.039509781582715627,0.04358350924295644,0.036675870570161376,0.03667587327211698,0.04411486232277137,0.047834336583431517,0.04871992414913787,0.0434063825431661,0.037030105056052795,0.026048757636706162,0.01524451800346062,0.007805530641528483
0.0660972623111593,0.06739423200565169,0.07825618935141587,0.10127716771680514,0.10970742374132142,0.09933174532590315,0.09398182633149886,0.08393034705973135,0.062044248709574194,0.03497029631286025,0.025567381028859786,0.01762351769918816,-0.0019929229467250805,-0.024527525001830666,-0.05273629063896226,-0.10964017503780968,-0.26478907233873766,-0.5530383574028103,-0.86916987678814,-1.0,-0.8463110078871412,-0.5358536659952572,-0.2578178608491264,-0.07981022819682855,0.02232497410461775,0.08214701434808963,0.13013436379207485,0.17001579485110604,0.19741410467251244,0.21119434893938874,0.2194624361441239,0.23032443306014852,0.23599863033872442,0.2330805214837842,0.23324260127047935,0.24248338483181786,0.23875461983670904,0.2256230112786968,0.20762772308636573,0.18930807746934222,0.16466575714592047,0.13888883874537208,0.11392247755934126,0.10143927718119562,0.09544086097383875,0.08360607866812485,0.06301694506617753,0.03918541443255328,0.03399757769798543,0.029944598720378197,0.0137326605516778,-0.004100474123433777,-0.01447611683287486,-0.02047452994880514,-0.030363811959666843,-0.03555163385538704,-0.042360646847521874,-0.04414396719345721
0.09035951353356088,0.10065387014040054,0.11803622358574502,0.13997506919387787,0.14486907128526164,0.13845618698401954,0.13373088321911175,0.1300181813244905,0.12208643540896165,0.10588543364930857,0.07871508117008943,0.060995253838399766,0.050363356409607395,0.025218116278112684,-0.0314853087856102,-0.13054762909969628,-0.2932330166781342,-0.5615627088120211,-0.860267202954202,-1.0,-0.8481167219513386,-0.502665223352793,-0.16986881785538782,0.042431631089650076,0.145712851255643,0.1776086156265205,0.17912738456073535,0.17035182778146785,0.15988872135922336,0.15094443536012256,0.15482590766572016,0.15769492227003196,0.15516346908324438,0.14638801528183457,0.13626235700147085,0.12377401594529593,0.11837374381212618,0.11331091982083721,0.11499854154831456,0.10537913271416528,0.09525356711387349,0.08242779851138933,0.06605804693633142,0.04513180834737803,0.03112469835698826,0.02083033853209053,0.01188604738409685,0.010367213123303532,0.006992000883511947,0.0017604386618271547,0.0014229184354459926,0.013911170765898762,0.028424548130947955,0.03095594854158345,0.038550148486266714,0.03635627731257493,0.04108154503523254,0.04361294673309126
0.039842981449715285,0.053145474871779064,0.07412966984020666,0.1016715091592394,0.13820662348228102,0.17061968409367653,0.19591319179992134,0.20621800882165442,0.2052812592410353,0.19422701740287032,0.16987024784454616,0.14944807575764868,0.13558351658143558,0.11253834048797877,0.05932830963623141,-0.04840316832530458,-0.2245211155971297,-0.5109943108278466,-0.8459925885738776,-1.0,-0.8649153508256869,-0.5561477533763628,-0.2874738977164608,-0.12053651591473642,-0.02741894191695623,0.015673660628902256,0.03253597373343242,0.0664479825847159,0.10673016382642471,0.12509138622821372,0.12977535135257998,0.1361455823355849,0.14363996769228535,0.14232844282360876,0.13726981673816963,0.138206497722598,0.14026744740770647,0.14195378186253588,0.14008014550891618,0.12584084534274098,0.10523134277530705,0.09042991397514108,0.0838723525115997,0.0716940420449776,0.04977299174347018,0.027102565214499278,0.013050633756946017,0.011177039070153105,0.019608201294108438,0.02897615726641247,0.03665788596543513,0.030100304494671465,0.01923348316954326,0.016423096163488953,0.029725590657368208,0.04040506435291228,0.03890618899647696,0.046025833363215314
0.07443587620073251,0.08904480500665275,0.10297426478232437,0.11520490427284236,0.1264164620135665,0.14629145849728217,0.159881118972947,0.17262156884347304,0.1768682749007823,0.18026577035295277,0.17771769281754501,0.170922805569016,0.16701582106985458,0.15818240752639595,0.11605432218960507,0.011073933089814438,-0.18003134208377317,-0.4908968428658465,-0.8353949022915279,-1.0,-0.8647823200805875,-0.5529001009012334,-0.2698935714984093,-0.09917242845399438,-0.006422780880911661,0.0479359724517455,0.0742659946904962,0.08632685632658987,0.09906718699293215,0.11826264707012143,0.13236201426998234,0.1311728955262342,0.13083310140901802,0.1264164723791477,0.12132035877065692,0.11401580626025662,0.1094292749889876,0.10841005848663815,0.10212491942463003,0.09719861476730719,0.09651911982310558,0.09125314025275032,0.07647432993659377,0.06543270035122134,0.0674711644526638,0.06458334462794581,0.052692359319297846,0.03247768533115443,0.024493749306550384,0.017359165118128916,0.010054687272305681,-0.0028555036872238973,-0.010839470808571533,-0.009480487398656546,-0.006762538718593667,-0.01066959577682348,-0.006252939537302497,0.0034297192712070346
0.04689395994470697,0.05693483121003977,0.09480834075823905,0.1460696714941718,0.17513539149889176,0.18975636696467005,0.19697874998320627,0.19486479579013607,0.18235787125901637,0.16896995332969453,0.1617475595620929,0.14360350267593214,0.11365692901085987,0.07490275391095237,0.021351387870211534,-0.06267489392785337,-0.2268523616797738,-0.5125782130045087,-0.8433979844424827,-1.0,-0.8509728078165613,-0.5213859971734554,-0.23495563060585845,-0.06373180652999622,0.029102243985233832,0.08740980743085658,0.10643459973765051,0.11066233613874489,0.11718013942002689,0.11506626047041434,0.1101339120848696,0.10678691647894108,0.10396842554487815,0.11242393596879573,0.10713921172210088,0.08705742082064108,0.06574261537898639,0.053764053094616085,0.05570177636084971,0.07261270315436281,0.07930660299916419,0.0821251369294886,0.07789737903026347,0.08194895437344624,0.0881143871681108,0.07613581682194147,0.05887255985080609,0.04072851908824337,0.03015916196190936,0.025579128302205427,0.031920724170231375,0.03597230488794682,0.035267684841697435,0.023641413097770826,0.02399372446452869,0.03667693165236206,0.04125697270204844,0.03773386978353517
-0.0014355984551890082,0.019271416946235208,0.05716081886557032,0.07874900197262237,0.06883608231862398,0.05716079370217151,0.05716082725336993,0.06398973752481722,0.06575205616047369,0.05165368321901368,0.016848240355432028,-0.02610777063058998,-0.06620007228614873,-0.12171247183655737,-0.19616973590872586,-0.28626741955262786,-0.4378254130687501,-0.6871911723997493,-0.9367775308603158,-1.0,-0.825752320757318,-0.5296853398581122,-0.2552067098219504,-0.05122053373601078,0.09438943831995515,0.19021442057440188,0.25211522413059023,0.3034423507312287,0.35168528341772487,0.37988214672983933,0.3756967353813757,0.3638011244327427,0.355650498251002,0.35763317277003737,0.3527867692616334,0.33912888161634197,0.3087294492307914,0.2690775357564089,0.22325758674132506,0.19109545826913585,0.1644407925676878,0.1406497719776123,0.11619791020798931,0.0965922506395798,0.07676641133158302,0.05738117474894926,0.03469153096138747,0.02059314963212785,-0.002977609437314254,-0.030733803445906347,-0.04483219263872809,-0.043951039611749565,-0.054524836093443774,-0.07170721632050497,-0.07655356950211133,-0.06752178819644217,-0.06333632652118093,-0.07479125506035467
0.03541976631674597,0.043057875107218944,0.06872183870660406,0.09362203244185177,0.10492645004414713,0.11409216381388793,0.12096649574904567,0.11959156411102112,0.11653637279562633,0.11225896513051721,0.10569032477595186,0.10171839429531529,0.10828717447343705,0.11714742970184613,0.10920382974454497,0.050390420488692904,-0.12834110521931252,-0.4567805242744992,-0.8316573598724185,-1.0,-0.8626679875070932,-0.5582150571930864,-0.29026940494761155,-0.1280354695681427,-0.025837784339458904,0.04091919923937566,0.08002620037947686,0.09912152595468925,0.10752342092204788,0.11867505798504004,0.13181258105500185,0.1403672285969524,0.14204761877630864,0.13715923809911354,0.13945069450626002,0.14189488484485757,0.13639540997516095,0.13410397221115533,0.12997941965791282,0.11913338095980879,0.10324605054322046,0.0884281326331172,0.08094283234665872,0.07804033301564807,0.0697911719797405,0.060778238749302896,0.06352794821943993,0.061542057551685056,0.052529101017321396,0.04351614681335034,0.04519653932309919,0.04534929189769111,0.04626587492662822,0.038627759144977424,0.0290037631823385,0.02564299913637427,0.020449093501658182,0.008686428079755644
0.037163668457917784,0.04981029879092995,0.06912774001909859,0.09456002992944786,0.10692866749564633,0.11693481281639677,0.13194401807716702,0.1355574131114701,0.12277171749312604,0.11971428679185803,0.1319440689585886,0.14862088737064544,0.1543189620886176,0.15153944571197167,0.13458459425197575,0.06857180960701123,-0.11862639314592076,-0.45702973048484774,-0.8290623717097244,-1.0,-0.8596365430386137,-0.5445840723373475,-0.2513472825023315,-0.0694295282393519,0.036746727009029964,0.09872927905370593,0.1297204405928454,0.1388927157361756,0.14667541077615834,0.1511225403040908,0.1469532826995958,0.13152716355070773,0.11971435463375346,0.10567793431152986,0.10192561603586343,0.10178666735378931,0.10762347874791238,0.10859639089001297,0.10331536574394946,0.09497693533732873,0.08427591092241682,0.0652364433805288,0.06203999191517276,0.07524256750068689,0.08302510141616799,0.07010049951693446,0.05328467306114502,0.03869236260795947,0.01923598753813133,0.0004744761920352363,-0.004945518306679901,0.0018642086746400016,0.004365746064857226,0.00047446718178349967,-0.001471165237057157,-0.00035936960470383855,-0.006196282231655242,-0.013700902882543843
0.04467483921679622,0.045604766610079166,0.0727584666152585,0.11609288680778244,0.1547775849177959,0.17244609757645035,0.18844079653637816,0.20015787828709933,0.20090190645270278,0.19476424152711314,0.17876958796243647,0.15421977942103604,0.1246481325750084,0.10195803128560776,0.04672066132391825,-0.04961925996092761,-0.22016723799286406,-0.5125358066841805,-0.8487957726014481,-1.0,-0.8456336302000079,-0.5104900242979032,-0.21514556992042846,-0.028603017765504772,0.07722212491230428,0.11702275178259512,0.12334623081976845,0.11609284141253134,0.11683677878763259,0.13004165584686683,0.14529239473406783,0.15310374852144365,0.15310371447500531,0.14380461077436757,0.1319016127727477,0.11330309895352725,0.0850334730252737,0.06457513846592568,0.05862363946511576,0.04839454595272479,0.046162719641405094,0.04411691455750223,0.05508997381702638,0.06550509990564694,0.05378808057339601,0.03407371743558757,0.017335134298118424,0.010639694021052864,0.008407884865946236,0.0011544843315528575,-0.0014492851324887101,0.005432134168596173,0.015847263803720733,0.026262383508634118,0.024030561453119215,0.012499524336741194,0.017893082364338765,0.019566933656007774
0.050349657290093414,0.06663768500353294,0.09251590905382431,0.1314854906305017,0.1608648108488353,0.17045497931933346,0.17928402478245625,0.1935932116313888,0.19937783937528686,0.19313661213724012,0.17075942852228357,0.13696552055089659,0.10743381782175032,0.07211780316738121,0.010314570846778691,-0.09806940345837016,-0.27632508057815847,-0.5500261587274548,-0.8561483832434154,-1.0,-0.8506682232800366,-0.49004925703975877,-0.15180478995569785,0.052328591042446096,0.15766807564028984,0.1946588209968525,0.20287889374379853,0.20242212705152768,0.18765637786358477,0.16847604092258847,0.15005678983382922,0.13437765588189768,0.12006850618810343,0.11047845847180465,0.11671965784349769,0.11352291334616765,0.10241046170578061,0.08323015263113803,0.06526766359025737,0.04623957911708985,0.03543163937894876,0.03253937195092255,0.029647099878504057,0.016555773701765947,0.008183428167774908,0.0060522750388884855,0.002855558625618037,0.005595604427482989,0.011684592260054263,0.01670799830324101,0.015490209619126996,0.008640092683415531,-0.0017111729600258533,-0.008561285541619553,-0.006886799250569897,-0.009779070742439356,-0.016629166197836512,-0.016476979912597785
0.0512435364113707,0.06707444590906204,0.08219384891711796,0.10087076809235887,0.11403357031314698,0.134311285474363,0.14356087526662076,0.14765201723078428,0.1504979889193523,0.16419441693711895,0.17024221938552128,0.16170416321788578,0.1529882534925802,0.13004233336850837,0.09197696682040168,0.01068794938438971,-0.1655866403614643,-0.47989354811518525,-0.8411584731655286,-1.0,-0.8594794084485637,-0.5385926896946769,-0.23887154287104118,-0.05423653954069909,0.03897011323237883,0.08521771757933494,0.11296627530321098,0.12168221759050074,0.1261290124000307,0.12559540831104163,0.12772996576892942,0.1328883810350395,0.1456954435785033,0.14124857279101022,0.11652380232439069,0.09749110548284394,0.08450620023570479,0.08539558741799709,0.08094870577650928,0.07952571450522791,0.07667969397368361,0.0813044400268362,0.08592922949596772,0.07916994226591942,0.060493017663681155,0.045373633650116006,0.030432095053724868,0.020826844275604613,0.016735713843810496,0.020826838848607247,0.03132148766301453,0.04003738924782405,0.039503766164344194,0.023672858023402202,0.00339506281397503,-0.01030132585806072,-0.0199065969874211,-0.023464110441107397
0.03935561860182988,0.05434119709569148,0.07681949815987606,0.10018982881993299,0.1205274243208711,0.13051773559593746,0.13123138757617497,0.1349778182594385,0.14514648537818609,0.1478225088499424,0.14157842142458063,0.14264888306597173,0.1513904966017104,0.16262961447587232,0.13586969545163582,0.032754833096576556,-0.17026380605373026,-0.49637922554046676,-0.8444361694619884,-1.0,-0.8528214196616217,-0.5097591360656895,-0.19541817413357832,-0.006493029451376817,0.08092267863142083,0.10572020983517333,0.11963537295304517,0.12445221084781585,0.1283770082607374,0.1265930143848534,0.12802022037153737,0.12213296437928274,0.1158889966996656,0.11695939302519598,0.11767297968957278,0.11624582813277276,0.10946661874648327,0.10036823909349818,0.08627465481608437,0.07182428264947055,0.06254757436774619,0.0568387558639987,0.05648200607571744,0.05576834865249152,0.05630356314422189,0.0568387558639987,0.05041639151828735,0.026689263443800713,0.006530128053790276,0.008135724072926344,0.020088488824524183,0.010990114954714263,0.0017133457795572404,-0.003995441427006989,-0.001141046462977776,0.004924537392595909,0.001356543942699473,-0.013272212983471435
0.03446075378282399,0.05714706859472462,0.07733256493055313,0.09055132597462325,0.10216247697621064,0.12467023839298569,0.141283020896619,0.13449499977788573,0.12609922146401592,0.13020778896007715,0.14092587595567982,0.13270868646257447,0.11002237982582126,0.0787615752520748,0.03142399989141149,-0.06628797284755629,-0.24081227381034045,-0.5300194505242588,-0.8526294294418325,-1.0,-0.8490566066076715,-0.5214450070882485,-0.24706445216540426,-0.07521961027539044,0.03696160495948584,0.10180520123291248,0.1459274856573326,0.17290100311189438,0.18397619144764993,0.19040698042387139,0.18629841292781016,0.178438575479379,0.17754541337162508,0.18093945118148316,0.17951042450966662,0.1702215603894189,0.1586104202880281,0.1453915556920905,0.13878214519451484,0.1255633568999533,0.12020436245303656,0.09573169890018578,0.07108039202558761,0.0603624848832285,0.05375307983575114,0.041248783076704695,0.016776134511624203,0.0015923779133873526,-0.012162324592225932,-0.01305548124988157,0.0017710094833602804,0.011953067986162714,0.008380414105048709,-0.0075178755005449295,-0.010911886741173852,-0.011983685358052283,-0.009840092893131425,-0.02037941598356207
0.05239714538100215,0.06433456797387907,0.08630637176121078,0.10101186392720973,0.10568300920861654,0.10620210159513428,0.11831254354689624,0.13751617483151798,0.14616652519824205,0.14409044068795304,0.1273087795566186,0.11537137543828309,0.10429899157698685,0.07938608830076728,0.022640066907609908,-0.07216732085491186,-0.24344409237301975,-0.5308083844453524,-0.8508692788655035,-1.0,-0.8494854829283709,-0.5143727989808707,-0.19240693653154886,0.006377480348056811,0.11935051718231546,0.16139101473883144,0.15689289673397028,0.1409763508716024,0.13042293271425415,0.13042295382801578,0.13232601106175912,0.1266168076898866,0.12471376101302403,0.12350264397537022,0.11917757436081633,0.11191130496700682,0.10343397131994758,0.09426461302175228,0.09478364206698514,0.0987627785325771,0.08976643167560622,0.05654927217405691,0.0373455907442513,0.03924865589565527,0.051705120729866084,0.056549266895616505,0.057587311789981215,0.05170510753376507,0.05412718853430089,0.04997505382358551,0.04962902830191646,0.03561552647719093,0.02298607857337289,0.02523514879248934,0.03111737020363681,0.030252338070106626,0.01987196797316312,0.00793453647291801
0.058684921149165334,0.057236876256826205,0.07670514063378116,0.10132192834809446,0.11017116084922514,0.10309188480789654,0.09810403990087499,0.09166826300643603,0.09166825318861675,0.09102469513481143,0.09906950461323363,0.09971304303140041,0.09118557973935312,0.07911849806228008,0.046135151296099734,-0.03302492905004757,-0.2064694354343039,-0.5215019514623199,-0.8613101075206,-1.0,-0.8408765551520334,-0.5100785652885221,-0.22271996844914785,-0.036081947619454276,0.07187825887385554,0.13494894116409223,0.1632663693174429,0.17420721949144696,0.1869179770361567,0.1943190222865687,0.1939973512556781,0.17517260566125137,0.15393454190960282,0.14331550021595926,0.14669430272117828,0.14959036305239867,0.1372015416197001,0.11692877567748244,0.09697776912652889,0.08362350752601987,0.07316541425274334,0.07187828341840374,0.07525701228997815,0.07638330269996281,0.07557881586142902,0.07557883058815794,0.07220006244530641,0.06077652409530979,0.03792953821014489,0.024092604387599637,0.02087471471315275,0.014599835309143296,0.0017282821338790997,-0.008086281311822532,-0.014039382302543023,-0.017096366509582246,-0.014039387211452663,-0.01259133004683944
0.08565891957163138,0.11162145375814596,0.13157912515442402,0.1446487406564017,0.14659149497879362,0.14818098499214397,0.1485342061925722,0.15595214238470492,0.17802914098355235,0.1856236392787092,0.18580024449034666,0.1707878100030571,0.13935017477545167,0.09943496130873551,0.042387953820700416,-0.053691138692906946,-0.23384003461435854,-0.5241979487818798,-0.8534102812137327,-1.0,-0.8507606534043511,-0.5150137880389193,-0.21352895880604564,-0.03391015872549298,0.05934308874461525,0.11691995497617601,0.15118342447012723,0.16125052505404833,0.1469447700649885,0.13352182559104928,0.12398461608211385,0.1102084827392064,0.10702941649527903,0.11709654941066013,0.12486769602606775,0.1215119491304296,0.11709651707920013,0.103850328697045,0.09290016972347667,0.0729424983271986,0.057576934245284116,0.04380087903673832,0.03779593002927515,0.02702236010161427,0.019251261309824554,0.012010007369136292,0.008301067647293934,0.0017662750516769699,-0.002119295561738508,-0.004768496326419375,-0.00635806986270805,-0.00423867665007453,0.011303540867028734,0.033557157075449776,0.0425645617266262,0.03567655163522746,0.0180149413054241,0.012363228316974988
0.03141177543593512,0.044255638988978406,0.06425306692338707,0.0940053341835929,0.1205059891619256,0.14050345429900102,0.1548104392114203,0.16846734968524332,0.17041834681650062,0.17253193448256268,0.17415773070278812,0.17301958703844345,0.16732926554516547,0.16781700738744643,0.1531847620397285,0.07010594918933644,-0.13279475640665817,-0.47226451713732753,-0.8377450233286654,-1.0,-0.8632700606928358,-0.5467268749035121,-0.2685501148139738,-0.09296248611229008,0.0021472586986324965,0.0585627603111758,0.0946556467192564,0.1213188922323939,0.12148142324293187,0.1172543272764968,0.12115629177687796,0.13286216543659918,0.1414789181421407,0.1411538164382202,0.1377395342558532,0.12961051347188152,0.11351500291447611,0.08685179708418315,0.06782985035415864,0.05238468209455015,0.049783384828518296,0.05173437203906445,0.0509214788893073,0.04214211332736093,0.03856532493623378,0.03238725912049706,0.0314117779161129,0.024258234616258693,0.031411782876468466,0.040028560383787826,0.043280160264772036,0.03141178039629069,0.012389838781632856,0.0011717762541594498,-0.0007792010356755633,0.00930080571875338,0.013040156587674137,0.005073715952762773
0.06082058850382482,0.06669126966973841,0.07967801090322649,0.09017417887739293,0.0994250167997809,0.10796425848538789,0.11561394381266568,0.11881616215865066,0.13126922385478831,0.13518300044320128,0.13055762219024264,0.11543605425205868,0.10618520004637659,0.09675648884667576,0.07345152890504004,0.0035366317791328977,-0.169916452052406,-0.486580528005352,-0.8518103862882457,-1.0,-0.8325968808128063,-0.485157411520496,-0.18521592040672635,-0.005892082473685584,0.09746808508345672,0.1469244821858521,0.1581321866913877,0.15243940594161054,0.1467464949254803,0.1403421233666869,0.13215873679099982,0.12344155126713874,0.11970566423933277,0.11205595720099612,0.10405035163062187,0.0773653489155707,0.06224379726068089,0.05726258018109642,0.05833000438897378,0.06384485215602627,0.06562391059503757,0.06900398593504128,0.06313328305806885,0.06633549054852442,0.077365343487806,0.08643823757193986,0.07612005685814519,0.06420064756053441,0.04534323601666215,0.040717827910997595,0.04694435061741936,0.04534325772772099,0.024173091924192903,0.00033442802026557866,-0.011407011657208728,-0.00802687796873438,-0.013363917591650525,-0.005180480809139904
-0.014806260084540708,-0.014266841684273614,-0.010814562071070134,-0.007146519623634239,-0.006714984080534305,-0.015345680542023447,-0.025055201460752897,-0.026673459130212955,-0.021495050716511442,-0.015992980565128313,-0.020955633962016867,-0.019121608521006844,-0.010706680859675492,-0.008333238458449327,-0.009196307487433547,-0.042856023481519644,-0.20263227370474823,-0.5594037879679258,-0.9106725235746516,-1.0,-0.8157349377923637,-0.5336198780911218,-0.2927155678671173,-0.1245240811944888,-0.019984677549991062,0.06319366034335122,0.1472353696763778,0.22836421306487198,0.28306150217555803,0.307766970237232,0.30291220463482815,0.2880242041227358,0.2729204889152572,0.25749301733817725,0.23721075382633314,0.21531018244896719,0.19470439955876423,0.1763641607835029,0.16223129336706396,0.15144285953082137,0.14324372617912184,0.13979144841741245,0.13817318005043103,0.12857146669477607,0.11918554703158822,0.11724362762444655,0.1151938377034316,0.10019786134802489,0.07355055287629005,0.06545928345537372,0.0645961416009556,0.056073376958366006,0.04204844588670102,0.03730155738126053,0.03589907941520119,0.02856298588002368,0.020795367499267605,0.014645994444677703
-0.0017117980970868714,0.004799865335066741,0.025136301640482132,0.06540843978500985,0.10558042755225658,0.12932310758536977,0.1318276540627651,0.11930515396879124,0.08935138083835559,0.04968024429333722,0.00469968592116043,-0.038978552296181836,-0.07183743673529416,-0.10840298394083502,-0.16700822227281933,-0.2673883617853676,-0.42527155823582313,-0.6626956933103977,-0.907834352360714,-1.0,-0.8546391569321482,-0.5590104155995819,-0.27981075582112025,-0.10028845141442386,-0.003915748259512577,0.051082743862078055,0.08003466478019994,0.08885048988179779,0.09005265507462103,0.09816718760103216,0.1054802725902453,0.10818519012140074,0.11078979375322726,0.1266182756358469,0.1482570779434,0.1661893397439997,0.17640762773649582,0.18342022338778008,0.19003207693154409,0.19974954121019375,0.20696250791523815,0.2107692522879929,0.2065617658077179,0.19984967172031,0.19373872747202509,0.18933088216393748,0.18151677784571765,0.17250056946441217,0.16047902756970742,0.1507616121948478,0.1416452121736885,0.13493316699007069,0.131326695863496,0.1271191115756409,0.11499736581513482,0.10167343652288424,0.09135498134242931,0.08484330109959787
-0.001086107396111284,0.0030713119363966965,-0.0028498595235681096,-0.003857718482698635,-0.0007081583495546866,0.0023154181674866284,-0.004991557364341623,-0.01897559830521988,-0.030062033522696017,-0.024896770966352223,-0.012928444310203221,-0.006251380042262375,-0.010030849127046224,-0.026156584305195386,-0.05488059364861132,-0.13865897345225506,-0.33166466398601496,-0.6304950670436842,-0.9125682873960688,-1.0,-0.8263966437394322,-0.48838719223803595,-0.1589421997927308,0.05724369486454881,0.18725785361552513,0.24987128476440917,0.2629734895503503,0.25994991447471005,0.25768220241809103,0.25642244096968536,0.24243836012001574,0.22265898608409113,0.20464347180023448,0.18813976042914243,0.1701241538956191,0.15853376739738695,0.15399832790920429,0.1561400422960606,0.1545023339631999,0.14643946709482586,0.13724265194847554,0.12376246184071818,0.11242407836948383,0.10763672810397006,0.10045569886196329,0.08873931469396833,0.08017251095884867,0.07160569184878456,0.07702296127586228,0.08218820461352551,0.07878669802837465,0.06694437000292247,0.053086282979279545,0.04351162472934924,0.04086598500695566,0.03418893491279173,0.02889766699921291,0.022850536066612928
0.054538974434681364,0.06317240408401747,0.08241779734846913,0.10310203610492999,0.11371407654715221,0.10903756666281209,0.10148325604144405,0.10669931172064202,0.10813812977439884,0.10472082714371689,0.0854754613175176,0.05759664937903078,0.027019890332148275,-0.013089628243299309,-0.07334383840843726,-0.1787436923724819,-0.36921964530391715,-0.6516063244147089,-0.9129465469116824,-1.0,-0.7463944232943561,-0.13161962436080532,0.5696674355710623,0.9725608996922878,0.9376676960875232,0.671651117360423,0.4004166171529629,0.20202694541984612,0.06730925293283975,0.004177249919171433,-0.011470842692162893,-0.019204956181396237,-0.029637037357714557,-0.03287457553408453,-0.025320319789221266,-0.019025079230249493,-0.01812578227692339,-0.020284132829694324,-0.028917576198156627,-0.03521280029417697,-0.02945718510099496,-0.01704661111627578,-0.009312497627042437,-0.01272988668821939,-0.018485514228614976,-0.020823717038105507,-0.01902513136292902,-0.02603977546112872,-0.034493344622269516,-0.0407885714621151,-0.0519401028226904,-0.04852272336490178,-0.048882383977137164,-0.05337898124060245,-0.0670486198000674,-0.06345132223375347,-0.04420596189520467,-0.019924439291556073
0.07524942567650479,0.09516774146364783,0.0983748526604856,0.09094768781533419,0.0868965514686244,0.10850286090468927,0.13787381958403055,0.1702831163606986,0.2239613669271752,0.29468820863066186,0.37790628882741084,0.445425993583686,0.48880758640824185,0.5149712433379797,0.5021422423425561,0.3968116364127042,0.11508596454944545,-0.3291934323590662,-0.7699281976220919,-1.0,-0.9242094400035599,-0.662066103351145,-0.4058280896064248,-0.26251739224743076,-0.19162175169405937,-0.10452135975085902,-0.006955633530128445,0.057019129288657315,0.07980696372294344,0.09398608256348318,0.1063084346555901,0.10175088630900196,0.062251919385457,0.019039406089859556,-0.009150013428554905,-0.016070772711421377,-0.01100679948976801,-0.007293231229897861,-0.015733162136465095,-0.02619871657969074,-0.020121950258729124,0.0014843276331279252,0.015494622195288892,0.00502909575559468,-0.014045181362730133,-0.02400432380607741,-0.02434192150584683,-0.024173109780775255,-0.02316031153139226,-0.010331588640004939,-0.009318810990920927,-0.014213985362689587,-0.005605241443532092,0.020052195326611746,0.039801669775753425,0.04098324884975952,0.027985741271193038,0.017520210647063092
-0.004929456942440954,-0.004929457867540805,0.0054201388565629635,0.019758646285429983,0.024610024497414663,0.022238209917488174,0.02525685102384018,0.03560645699894245,0.05242452888217864,0.06568497757284252,0.07344717218643748,0.08390461273401323,0.0929604801359227,0.08821689702548452,0.06158822427807376,0.01382918384360182,-0.1267528296740776,-0.44306351009075967,-0.8351607253824568,-1.0,-0.8221152156245909,-0.4730341796459667,-0.18453834569541566,-0.023041238926352306,0.06352877293147251,0.1079458806984045,0.14966772937438005,0.18643043762926356,0.2047578942059321,0.21133419797578337,0.21402939128186152,0.21057955332310396,0.19537843098777263,0.18276491736858344,0.1725231591229303,0.16174233327071505,0.1461101226280273,0.13479015022739607,0.11937358241570395,0.10471158031483731,0.0857373268149385,0.07377061011897959,0.0652537445387539,0.06245071666020229,0.06288200232219353,0.058677427611926965,0.0491902877050019,0.04035000063845367,0.04045784836790279,0.038948519591617006,0.031401911891871116,0.025688090636416614,0.02353192546597357,0.015554117624578215,0.00833095936972814,0.0009999986125327623,-0.0007249314680442281,0.0044498653521745715
-0.013274207430011549,-0.015726632768555574,-0.01814635859045803,-0.019388924260417436,-0.018898440988480904,-0.016773005828096252,-0.014353272773222132,-0.01016780020749528,-0.0017968456918843769,0.006868392034036454,0.00919001830836294,0.0021597304755877063,-0.007355682711198756,-0.029656412861667928,-0.07187097455670712,-0.13154693746951598,-0.2644353787378198,-0.5468897181057684,-0.883362020822214,-1.0,-0.7752590838851459,-0.38715502405612523,-0.06552726932589399,0.12229631201298506,0.21856196506438066,0.24874299090307844,0.24275903073671137,0.22683466492882073,0.20891568297778823,0.1921084037828167,0.1813831099767691,0.176674515260955,0.17232553791022526,0.17186784743532343,0.1732738652953582,0.17065795983250345,0.16601471526506056,0.16114263344137691,0.15437389684742736,0.14292935234879087,0.13020953817412273,0.11820897469204344,0.10947829702913767,0.10355977480445304,0.09633323599866016,0.0861311025340372,0.07579815703573028,0.06880051933585908,0.061999123630144135,0.055197695999588764,0.04999854817624969,0.04326253055314136,0.03616682373405771,0.02936537215987201,0.024885598737878507,0.0222369643276699,0.01788798298633509,0.012983126323339455
0.07191419176288105,0.08591711393142647,0.09438039965625415,0.1034592021064409,0.10376694873202563,0.10253596222968671,0.10484403844738259,0.11146083033418815,0.11500007145806386,0.11084530891399118,0.10653675286937074,0.09207221076244823,0.0699137635791736,0.039753657651705264,-0.01471914296490145,-0.1130472766951543,-0.2841602972366902,-0.5569872817610974,-0.8573555751898705,-1.0,-0.8561248515984551,-0.5126700775352454,-0.18583179965649863,0.022211560087014987,0.12684867804559571,0.16577984214508504,0.17639740589222294,0.1736275454168228,0.17316608040809703,0.1743970105723809,0.16962679233584213,0.15839371655818307,0.14869943024650273,0.13238830509963762,0.12346341821578449,0.13023394726508278,0.13546584647289162,0.13084953441301062,0.10853713879953691,0.08422440889911416,0.07945416249354785,0.07022149612024457,0.05191002729675456,0.03498344645742334,0.028828323804793027,0.03498345115226126,0.029597710321816007,0.02698178771322962,0.028366687434483215,0.03713774325908523,0.04236959551851489,0.04067693978200072,0.04144632512531422,0.051294519961071344,0.04806309353793018,0.03529120482010287,0.027135669241988344,0.025443005289507825
0.05713750754113648,0.05640171899344886,0.06247193382336271,0.07994675047995968,0.09392666553952676,0.1069868856029933,0.11397673369471818,0.11894334708011858,0.1259333074160062,0.13089985345490895,0.12887639426025901,0.12299010832759064,0.11894329095803723,0.10367577259800546,0.062104031131206695,-0.031892247294609107,-0.20829652877778232,-0.5097848437251219,-0.8486134242854034,-1.0,-0.8693992473150337,-0.5550357187454353,-0.277460394098844,-0.09590543844613372,0.024027245980467148,0.08785645070961291,0.11029781901732079,0.12482961056395442,0.14395986586667445,0.16033110352759053,0.17854185464928665,0.1904984171461584,0.19013036853659085,0.17486289507422417,0.15499669969419683,0.14304023821707157,0.12519747958286162,0.11967906266910043,0.1095620809795064,0.0983413575401955,0.08086650721034971,0.07258893234958115,0.06578296264522851,0.05732143643838194,0.04536497496125665,0.03892686305139493,0.032488762365949476,0.028258000665578226,0.029361675068797447,0.030649303624198744,0.028258002068630262,0.03212087089820974,0.03671951143885242,0.043709457744219686,0.04738836961551302,0.04370943810149121,0.0378231718115513,0.025682751973087843
0.043153837466033886,0.05581475147196371,0.08917784083936287,0.14050575335330617,0.16616967828989104,0.1736977838182138,0.18054157021553893,0.17729061846791744,0.16326106881002464,0.15008698331668466,0.14033466052039562,0.12972688399968269,0.11090657841836007,0.07395054216987126,0.020740677007257832,-0.07147835014391625,-0.23401701121475557,-0.5195721186369301,-0.8561112198458243,-1.0,-0.833868817483325,-0.4867222529575857,-0.1832023145587704,-0.01159586384528269,0.07395054216987126,0.10543168084612448,0.10799803157926724,0.10594491758434045,0.1090246094569885,0.11484175533581881,0.11330193027975265,0.10081209605657222,0.09294185184300853,0.09379735254801261,0.09311298121637035,0.08404506629217483,0.06881776762268321,0.06727795300674598,0.07976768804870156,0.08404502975172357,0.07805676493966038,0.06915994806843988,0.06180297191347895,0.059749863138616625,0.06796230867819486,0.08028100830794899,0.08301846231413125,0.07514821288050308,0.062145152359235616,0.04349601791179055,0.033230457072269425,0.03323044663214049,0.03784996486587081,0.03134842938517262,0.017832097869016125,0.012357119712035352,0.015607894140592047,0.0238203466946319
0.021544486791408003,0.026220880450655917,0.026836190169059252,0.02978969108509845,0.04000388722861132,0.04726460873869612,0.055509790504434164,0.06793911515097048,0.08221443278191524,0.09304396492644257,0.1011661177894968,0.1195024667960639,0.16208216664127648,0.2333357521759276,0.32058748801019255,0.335601136752907,0.12811676530712326,-0.3168787419083331,-0.8032217600848452,-1.0,-0.8419863587014063,-0.5148874585832627,-0.22261238742525583,-0.041094451048921656,0.04972585136696819,0.08959816442139021,0.09882790406390855,0.10055075175121247,0.09698197115403981,0.09895096675852097,0.10153526081742925,0.10559635977690876,0.10670387146319824,0.1026428626155283,0.09685886340352261,0.09033657062633454,0.08012240452009153,0.07076956463637346,0.06338582924223976,0.05464837041544093,0.04172676119852638,0.03126643966578868,0.02880517450956421,0.034589134297653215,0.034712193237606895,0.027943748788582877,0.016129719780479657,0.012191712144885396,0.019575480861615337,0.02203673193786956,0.0257286165309007,0.028312927485773288,0.02991275002505213,0.02363654509050157,0.01194558769432525,0.010714962625530481,0.019083231021830363,0.02437493252215225
0.041984700817692594,0.04170230511600985,0.040996364323818285,0.05031490124345098,0.05779803087299784,0.06273964872634898,0.0671165527155591,0.071493473935708,0.06909325585745056,0.0761527843959376,0.09577822057548545,0.12387518749447486,0.15945513758003155,0.19362331377457245,0.2246853375602664,0.19362331377457245,0.006122337126430829,-0.371421694547777,-0.8136292012990606,-1.0,-0.8379134525493482,-0.4958110489266136,-0.20975813218212402,-0.0479535905831653,0.038737310711458355,0.08730675875979897,0.11766275344474016,0.13333491257254584,0.1364410735968622,0.14095914635970452,0.1437830129141034,0.1381353573445301,0.12641653557675225,0.11060328090680413,0.10156704061095624,0.10156706645736441,0.10071989873712228,0.09027173808727904,0.07191707502676782,0.05440945906992733,0.0505972732525929,0.05257398931768845,0.05116206465595839,0.051585622669671295,0.05666849114361379,0.057656831945222795,0.05384465905109245,0.05087966249267361,0.04509088122681505,0.02645375784860071,0.012334712617897047,0.0038632911872233193,-0.004608127012649389,-0.009267404087935121,-0.0048905044064596875,0.005698765112580178,0.006687098644886883,-0.00023123163890865085
0.03889351220980782,0.05126448414372352,0.06901416360771012,0.08568812207873713,0.08380553239145042,0.07896476330746674,0.08609147437368235,0.10626162453449006,0.11123684438345548,0.10276546156298579,0.08730170356817653,0.07439284652211553,0.06000486695681871,0.028539519188996818,-0.03102945593490259,-0.12878720323966897,-0.3021159503181046,-0.578043578917662,-0.8734664207455785,-1.0,-0.8101326108664226,-0.38723416467569793,0.004335427997043152,0.2217690677136867,0.28846506570223146,0.2686983252729218,0.2239207230353736,0.18223568531772943,0.1627378792392706,0.1488876945286789,0.13423080522819675,0.12078401383865946,0.1058581901873265,0.09832801195305998,0.1028999287384112,0.10800972243068588,0.10639611632558098,0.10088298674880475,0.09375611978337428,0.08192302475638205,0.07452729728709727,0.05758444959393953,0.04292752747257006,0.03499396207116553,0.032573532400453596,0.02974972376782549,0.031228866800115895,0.033918228770373184,0.030422065798868907,0.0188578846096729,0.007562642130351812,0.015092804723414207,0.027463794093426305,0.030825473479061505,0.023295301398711363,0.008369454670192006,-0.0010432594045929405,-0.005884072591643982
0.03271668605864333,0.04571819010739595,0.06777141404222502,0.09690143063309942,0.1140174080455472,0.12652523112686587,0.13853927532653432,0.13936216648440405,0.13541227687564888,0.12603149241515052,0.11780262100638805,0.0977242816210343,0.0722149971715188,0.042591266975138355,-0.013529228860119627,-0.1094772234031005,-0.27471238404908727,-0.5418206385216956,-0.8512233353578166,-1.0,-0.8418417274136538,-0.4590385572942528,-0.08084095054518327,0.14397020030572866,0.23531021500573487,0.24452662409283027,0.22708148419174437,0.2162194333836815,0.2073322570826102,0.1893934085972601,0.15976968844336337,0.1365643706920916,0.12833558966568254,0.12241080546496833,0.1085863324290972,0.09821804041771705,0.08044378824041158,0.05740315717953786,0.04950347336562278,0.05312416533704684,0.06842974906198497,0.07435445292282947,0.06184670516013866,0.04670567757331032,0.0481868585597633,0.047034814955739156,0.03502074564986141,0.021525502889393453,0.01313211425714558,0.01329669236318848,0.012473813130768155,0.004409571138863794,-0.004971275302588727,-0.01731449705462089,-0.01747906574583531,-0.016656189651691144,-0.013364653892352887,-0.015668742355711633
0.042518972439642026,0.05535716815573342,0.08409721674269109,0.11094073346670738,0.13340753479742307,0.145808025146014,0.14186905517988935,0.1332616374593313,0.12903082830627258,0.13107331982235648,0.1382218264770476,0.12713430534548129,0.09124570559308198,0.041351887207484,-0.020796593180276466,-0.11212281862034497,-0.2698288410237887,-0.5411825425676939,-0.8545494074091654,-1.0,-0.8363131036562547,-0.45860940295591,-0.09549155472729574,0.13413695027068107,0.2435535977043312,0.26966769895508946,0.24442889271138074,0.2038718363023979,0.18052956192163055,0.17221397448585649,0.15441547847517248,0.1382218175748975,0.12436241616043962,0.09722719378174086,0.07461444170003276,0.06469406366460019,0.05112640796450028,0.030410241158634214,0.01771794834447841,0.014508406092068141,0.023991141075050994,0.03712110921195065,0.04602031270654212,0.0458744109173753,0.037267004324504895,0.035078668883229865,0.03799643315098804,0.029680798978925907,0.02136516258132624,0.015091953159222208,0.016988501713695047,0.022824042489667806,0.0258876996444427,0.027346586229396844,0.02895136792690523,0.018009709637599045,0.006484531822165686,-0.008104313719345821
0.0549616404673697,0.06430898778560727,0.08139210930412598,0.09863633798052578,0.11201275085401649,0.1276454014954094,0.13892662967132408,0.14295570014362766,0.1432781013073068,0.1326414099380263,0.11152930645411206,0.09573550440138402,0.08445417296741,0.059474184841880384,0.011609263601191695,-0.07332271089968655,-0.24737727883690527,-0.5390803328363748,-0.8547944652538316,-1.0,-0.8833207530876716,-0.5980657420299866,-0.33118138215024867,-0.1764661341630473,-0.09250091877477237,-0.028681063123591023,0.031432091258137985,0.0825202281880771,0.12281057396643029,0.1595553969304437,0.1851799956183642,0.19775073010798652,0.20935433977937853,0.21112699546996383,0.2088707577020616,0.1988787604850296,0.18711398956820155,0.17825008173281798,0.1682580353452815,0.16261740158912236,0.1521419599721859,0.12909581336792983,0.1244221667525885,0.1294181751952054,0.1187815231623285,0.09525195182636978,0.07961934052138042,0.07059429602581307,0.05173839589044791,0.035783442426384766,0.02289054647929258,0.012576226771388557,0.017249899201244732,0.014510159258095337,0.011125773718570637,0.007096738280251489,-0.0045068664740900875,-0.006279640173886091
0.03323210611434014,0.0450901826627562,0.058265779053219884,0.07315425032885244,0.08698865186420213,0.09239064823344573,0.08922851539067553,0.09252243659773518,0.098056140933291,0.10820142500446485,0.12506623533667707,0.15009996254419145,0.1715763204528308,0.1694682533304446,0.14509322675044584,0.06643467984892658,-0.1322537779371864,-0.47903747652223194,-0.8425513027480197,-1.0,-0.8729868253298345,-0.5798311020594005,-0.30419622053584994,-0.12843281583013702,-0.01854809655904333,0.06524887400303947,0.12796481557026151,0.1647249495489189,0.18989036864315006,0.20688701557843808,0.21676874704042617,0.21347493839053464,0.1975323571756306,0.17526549419559073,0.15405263261755306,0.13876886458733276,0.12348516087549424,0.10965079953913316,0.09331302206711294,0.08395829130612595,0.08619813071320617,0.08949201172127721,0.08435355992142166,0.07513061752472414,0.06406309227654552,0.04917460492131751,0.034681434420171554,0.020319989974882696,0.012678132089115151,0.01004300999709321,0.0008200727508911018,-0.003923151763253922,-0.011960282284216035,-0.01116974605859934,-0.011037991863450202,-0.003923153270715995,-0.0011562772347885957,0.008198418100839672
0.06233835927726747,0.07617848115579055,0.09366070130262036,0.11026889378358935,0.12614861505030095,0.1375121437096605,0.14683590852030964,0.15076935082552964,0.14392221034819683,0.1344527068459065,0.13110189038620745,0.14465055710584307,0.16053023392376498,0.1650465509877282,0.13969732621872624,0.04121397418894641,-0.1773142954748261,-0.5139947644099391,-0.8495067102230887,-1.0,-0.8862189924942794,-0.6156833186643879,-0.34485325161061015,-0.16012335269172503,-0.05639523016324045,0.01586471941701143,0.06364953634486725,0.102110540679625,0.12818818332433668,0.14945821820671953,0.16053032282134436,0.16067602595395378,0.15630545647138966,0.1531003698135739,0.15135212779693555,0.1490212065962286,0.1354724687585295,0.11726181740135302,0.09963386300776102,0.0911840503000302,0.0834627354758306,0.07909218821766133,0.0732647740939198,0.07020534167504475,0.060590143929902945,0.05024645719098787,0.03509520491609417,0.028830705841358703,0.03232715653804312,0.03494950845080321,0.04121396974406744,0.04704139275756693,0.04179671560132056,0.03363833138320342,0.028539339580050595,0.031015999472398696,0.025188582014997917,0.009454558324797016
0.04808586406556143,0.055442768383351854,0.07697505302637485,0.1044287543369615,0.12075744278213353,0.1311647720431914,0.14031604961030086,0.15072335697290176,0.15036451790803051,0.13834227598969603,0.12075747562981896,0.11573320315865446,0.10909409467481268,0.09994286637923137,0.0658500237371175,-0.032480896727257805,-0.2124555440974337,-0.49865725206572376,-0.8277430586616903,-1.0,-0.8462249183614459,-0.4520037282456986,-0.0855939288364192,0.11680986269323844,0.17710035495199056,0.17925368497038696,0.15969516573604745,0.13313856756225317,0.10442874886234726,0.09420094315139554,0.08989441997995867,0.08827951279729629,0.09348315552936827,0.0988662506415613,0.0934831610039825,0.08594681251799238,0.08128152692628358,0.0689004404684636,0.06782381378156505,0.07248921981478709,0.09330376337000383,0.09473922364715939,0.08379364673802311,0.06997706715536213,0.0649528603795685,0.05885202691687632,0.04736813666429077,0.029245091393642415,0.014172459261624559,0.002329686318335539,-0.00018240680465958219,-0.004130015635279429,-0.00682155771676171,-0.009513091586322634,-0.01238406688677614,-0.008257034417759986,-0.00036185371016640315,0.005021231821451719
-0.004177511384041947,-0.00012156236891682142,0.012046262124861084,0.022979664421361373,0.0355001880846673,0.04590456451339774,0.048902435445572254,0.04114323546843431,0.03655826795388307,0.041319571991134445,0.05172395913745576,0.07641230126589472,0.12984492917910234,0.18433561909887425,0.24252969395054494,0.3342294300748415,0.37743392519623126,0.14941927993476847,-0.3626878613958509,-0.8700336343836736,-1.0,-0.777276572194053,-0.4653211978687959,-0.22513840011061775,-0.06166608027418153,0.04255400981823209,0.09863181061050191,0.13689879021050033,0.16088174337777528,0.15947093687520486,0.13689874734013682,0.11838252289658024,0.11238677388717064,0.10127696919944294,0.08417147980785092,0.07729401603216801,0.07147461426304941,0.056132565121594834,0.03955611387834553,0.03761632460165192,0.04026149926697927,0.04043785007980057,0.033736722826817805,0.028270029828402387,0.02897540092691496,0.03620555382438444,0.05154761904222534,0.0578960446695655,0.05472182649709998,0.03814536632252495,0.021039873358402617,0.003934379054581432,0.0025236172086396803,0.012751644164247676,0.01804200063996296,0.01204625989202965,0.006226869733634499,0.015749516882687335
0.03524378689303654,0.041794082120618685,0.052959354876643674,0.0660599271636065,0.07380117979196223,0.07097264063570496,0.06725088456438008,0.06888842998346083,0.0630825631849999,0.05563898745364501,0.057872036554389564,0.0782673279560054,0.09910919374977727,0.11846236165706955,0.16014603874000888,0.1751819150999599,0.02154771319543508,-0.3531596305410045,-0.8052784490763414,-1.0,-0.8352008228437493,-0.49205625751450477,-0.19788738586288374,-0.023559963575946842,0.07052600265484377,0.11414505194152681,0.14064399150576284,0.15880624289073486,0.16729186490155704,0.16758964172366597,0.16029496348746627,0.15091604734672023,0.13602903214552148,0.12858554725517393,0.1282878158535687,0.12486377301564759,0.11727139971424559,0.1061061133320695,0.08556199256605398,0.06620878832235876,0.05221499003622759,0.044622621276875954,0.03777459237666337,0.032712995035560806,0.021547720008510633,0.014401946648297987,0.02020788895834627,0.032266397933152925,0.03956102393577339,0.03420169292204039,0.03092654303722413,0.023780771380280372,0.012317766087137538,0.0013013613029403581,-0.0009316906365856785,-0.0024203976071659958,-0.004951187761372838,-0.011799217797098015
0.01674600724824516,0.021324563419327768,0.023509755414034716,0.029649117201959355,0.04348880513506676,0.04650644774582439,0.0370372199975306,0.010814712873314605,-0.002192456185363203,-0.003024933787284615,-0.0007356572891474738,0.0023860666502320215,0.0040510043926290755,-0.005522293572457448,-0.010621102805296828,-0.042983033229348704,-0.19501109495698765,-0.5113463547131967,-0.856504759480911,-1.0,-0.8827271523120274,-0.6315320509388368,-0.37856934328433045,-0.18606219924380765,-0.049330532276050505,0.04265638309229098,0.1206996800022985,0.17959634923404974,0.21965836650210713,0.2401577736567195,0.26232215188921637,0.2750172452268696,0.2785552262223577,0.2725198394069761,0.2719995264207123,0.2677331682007746,0.25639072099752797,0.24504850238048048,0.2311047696290469,0.21560014871575495,0.20030364283758187,0.18698429328920488,0.16877418961860036,0.14692211093111476,0.12694301676276623,0.11435201904037227,0.0971824905453623,0.07803589461518924,0.05857715153080441,0.0355804242761232,0.023093518994180252,0.015081090142102202,0.006028087701833758,-0.012806334286682281,-0.028831172743562932,-0.0294555448347904,-0.021234985470402867,-0.023940480530097664
0.050641157395998865,0.06590717962490318,0.07947696566126458,0.09457334745151755,0.10271519319733892,0.12306994470466832,0.13121185772807792,0.14003211514773098,0.1473259682958589,0.14376387876051766,0.1351130987607445,0.1398625445742674,0.1561462671171047,0.1530930549085252,0.11696347888591659,0.02214458990024286,-0.18055433872126186,-0.5099623438096809,-0.8524292392800535,-1.0,-0.8719358481089158,-0.575267270322412,-0.3003081559096714,-0.13322949256108957,-0.041633410939654614,0.012136866714602373,0.03825869917422407,0.05386400228043107,0.08388707367029474,0.11492801098046238,0.12290024992642652,0.1212040577230759,0.12527508668756798,0.13443458875813008,0.13426503888546285,0.1323991726046668,0.13477386446023368,0.1364701187659734,0.1256142795864861,0.11713319436495477,0.10780390436256719,0.09593033123035277,0.08999351878825011,0.09389485297450038,0.10390257017631692,0.10356334622620425,0.09474296460177296,0.07591487612592335,0.05437285114359779,0.05148927419847054,0.05878301090461888,0.06115772346098213,0.047587945187419364,0.03367890932494983,0.0192610084268164,0.0009417888680299786,-0.013136862850895208,-0.004146860194809179
0.031762948087998136,0.050954709232316237,0.06489743212743684,0.07195083720588635,0.07802003400623553,0.09196276691064408,0.11263082545818075,0.14297679444599476,0.16889391376362678,0.18546122709952267,0.20383291477163654,0.22482899770341094,0.23926377218882006,0.22843768632011927,0.18168842619781614,0.07211486441193711,-0.137026309321374,-0.4744419179743163,-0.8397412908571266,-1.0,-0.8658214915030994,-0.5608871732705041,-0.28531197830025135,-0.11980295722629057,-0.03220963910616855,0.02618583540812324,0.05964840638984928,0.08179279987543428,0.09639160657153813,0.11345099652094236,0.13100250312100667,0.1347751939205459,0.12493322124171004,0.12017635719657825,0.12591753461733368,0.1275577966685534,0.11115457559907987,0.10295292502719135,0.09967229082258458,0.09524342113382672,0.08195679705362124,0.07670775630210178,0.06899824740409317,0.061780805110304975,0.052266931885366345,0.047345995592388085,0.04226101707942716,0.028482271343917634,0.010274702838187447,0.0028932524185536048,0.009290515517033745,0.01864035121384342,0.01782018890920875,0.014375513110199802,0.022413095813305316,0.02651390483415668,0.024217443875142446,0.008470353212399076
0.08637458340723549,0.07441420845044625,0.06076925532615778,0.06396993996742492,0.08233166878788022,0.09968266509877964,0.10271488832556094,0.1032202365916593,0.11720208684680575,0.12764644784303636,0.13000479457413786,0.12562497254467914,0.11585439553091903,0.09429202832580123,0.0420706036767308,-0.04586362319803542,-0.22156384167648252,-0.5138367943073842,-0.8458638653606653,-1.0,-0.8443477177699154,-0.48216693239915726,-0.14592672756105862,0.05099876311617285,0.14028062734078706,0.17548808130038449,0.1867746414369668,0.19149143769162458,0.18896455245169616,0.18273177307421617,0.1753195839085395,0.162011527915109,0.14617663807797748,0.1316893470435234,0.12343503069221334,0.11400143818289778,0.10271486776706999,0.09092295936438934,0.08637460910534916,0.06717060918982384,0.049145759511546955,0.0412283223024153,0.0429128773416122,0.048303496125911026,0.039375303278921185,0.030615575701134233,0.027751825452989935,0.015622959207657695,0.0023149170269633292,0.0001249873811015399,0.0043363923253205445,0.007200151567804634,0.009558541022020157,0.002314919596774698,-0.007118638862540236,-0.007455556551889176,0.014949144226837555,0.03566926266212159
0.045193636228096516,0.05519547219908521,0.06575298299115917,0.08371923709980199,0.08797929770683288,0.08909060214048761,0.0918688745267534,0.10798297529987474,0.12020751620626902,0.13057979640691675,0.1315058589470163,0.12150402862709207,0.10001857976647853,0.06816081679883039,0.017781172935502222,-0.06853099609830503,-0.2194851011479734,-0.4965744689836643,-0.8351557366957363,-1.0,-0.8218200382833637,-0.4226716560944385,-0.055750915996372934,0.14317473068338976,0.215225045522161,0.20874239300101408,0.19577706535446232,0.1939248046487158,0.20059272166767583,0.18688656207245075,0.1687350491170593,0.1518801276973936,0.13817380987236316,0.12372666009865944,0.10224116602953008,0.08797931466002631,0.07427308725202753,0.06038164620579593,0.05315806001681512,0.04130402832732138,0.02963521027606044,0.029449982510166443,0.03315439090036997,0.03519180025710782,0.025745598136986944,0.02148555872144784,0.028153457374448312,0.03593266893770023,0.027042143051430746,0.010928055346396,-0.0011111924536712542,0.002778411208805526,-0.005741681749933874,-0.01704005910345107,-0.007779088987522547,0.0018523144091275915,0.007408888496556131,0.00018533586077064586
0.04887773642085774,0.04920209503084513,0.05714935602323488,0.0719085684405097,0.08877628006876254,0.09591261484570264,0.09250666140112099,0.07839615630699387,0.05714938076530252,0.04174140164391763,0.02406280833593693,0.013844863879161961,0.008816994911408528,-0.004482520256444759,-0.057842778170850644,-0.1540210639219996,-0.3111830536768933,-0.5612798321545056,-0.8558148684386744,-1.0,-0.8506247348057939,-0.49170054581147865,-0.14737139571879232,0.07466582940718423,0.2136621337168009,0.2769161005697809,0.29264845314639376,0.29329724954098496,0.28664757144095065,0.2671847484605358,0.24399179156843898,0.22063650691894257,0.1950104942693392,0.1714928224814809,0.14505603206883377,0.1285127433799442,0.1121315944087401,0.10921212939500424,0.11164503670010491,0.10823905356504207,0.09412852372884732,0.07888277339659142,0.07742299140558818,0.06298818708243603,0.05439216928276328,0.03574038880551602,0.026009056489925065,0.021467751416323736,0.018872726661398484,0.015304576592375779,0.010114507288871156,0.006221966445173127,0.012547351501699335,0.00881699614851191,0.0002209647407019514,-0.011943220447440858,-0.024107416769514105,-0.03205470992659179
0.08497050138854374,0.08726207465743081,0.10083519679236919,0.10647602231788032,0.10242168838319284,0.10629970483949625,0.11828636765254917,0.13168322609066715,0.13556129632853423,0.12657135300030822,0.09290284640137828,0.06663793137191626,0.051830871930576866,0.04865793446325869,0.015342054753862336,-0.07120869635634872,-0.2342630226477864,-0.5187711731990612,-0.8489329227406595,-1.0,-0.840648152519155,-0.4806956331707992,-0.1574070706612973,0.034027160231365164,0.12992046004671035,0.16006341304510127,0.16253123387633964,0.1639414725266556,0.16059222564818793,0.15265987525719701,0.14807678250098655,0.1482530569541197,0.15354138735492825,0.16394162311503394,0.16358908496508043,0.14173103126394668,0.11934406815291164,0.10453699257710315,0.09501816135160132,0.07950599334141667,0.06699049641265162,0.053593616461908175,0.05288849175859381,0.04883422236178274,0.05341732587430594,0.060115749715208555,0.054827537633840094,0.03631871198762677,0.0209828426322789,0.01728107709967451,0.01798617760128522,0.010935193425534055,0.0007112711101951694,-0.0035193144204608874,0.0021214700966079494,0.008819894777847498,0.002826567236870928,-0.010217753051293518
0.029429689722593286,0.03719192521361235,0.051784967060564784,0.08267869017633976,0.11031236276975971,0.11869561575024269,0.12257670981304242,0.1314256027605324,0.14555298332603903,0.14555290754136765,0.15207328804205336,0.17365232904225966,0.20594340071610295,0.23342180472753105,0.23264563706962427,0.15704101114207222,-0.05316063458779814,-0.426370627645489,-0.8242627740127084,-1.0,-0.8601241562851858,-0.5525854886085171,-0.2809055317946604,-0.1129299444941009,-0.014349386084573423,0.044643704061861016,0.07786607935242806,0.0839206304244284,0.08935421610892637,0.0954087671809267,0.09525353175472856,0.09230388814145335,0.10146334667217878,0.1067416637746849,0.11186477387024463,0.10705221041175253,0.09742694139850956,0.07646892736085109,0.06327309197570817,0.04914580377276977,0.03952061764901109,0.029584940542552795,0.03222409790967036,0.03331081457291576,0.03967585070693824,0.049611536102344964,0.05768423770921835,0.06203111383528386,0.05520035247649911,0.05162971505646978,0.052716429351444195,0.051319239467531544,0.048524809966015645,0.04153880607621982,0.0350185108332894,0.019494012024067253,0.003348555524223436,8.840257414851746e-05
0.035728400144200645,0.051459387354700986,0.07599974741718686,0.10101205640216011,0.10698987130638593,0.10321435671921729,0.11281027071250592,0.11595645927544655,0.11281036670341885,0.1090348521162502,0.12114781103098601,0.13168756527470163,0.14600279570922073,0.14757585639387152,0.14584553379657558,0.08842722535766728,-0.09326584328786265,-0.427236006871236,-0.8118584250087162,-1.0,-0.8647136326180883,-0.5362524259238497,-0.24805934960712783,-0.07910784596871481,0.0122892163377728,0.061999155997053544,0.07977515161480564,0.09330384690745369,0.10982142085494077,0.12099041473106278,0.11721499613480707,0.11375414935929808,0.11957460635996583,0.12350734446341444,0.12523780144798846,0.1235073924588709,0.11281031870796239,0.10463015549122294,0.09267457367822779,0.08276407826510113,0.07474123935510021,0.06671846283919271,0.06435879021994055,0.0649880682487121,0.05539215905496911,0.04170617065262922,0.031952957550216696,0.030379859669087152,0.03163834013378633,0.03399799475474233,0.03321144401434793,0.026289801458502456,0.02707635039906723,0.031166410409481544,0.030065244652429608,0.032424893273953544,0.03793075925569198,0.04689740481930035
0.043863478381745445,0.04245878778412943,0.0471996329484824,0.053169571336582754,0.06721646659839946,0.08863807656067968,0.10584557455132414,0.10953287297266723,0.11708307790356544,0.12164841676596862,0.11936577947779721,0.11532720059396973,0.1323591708539776,0.1657207111641755,0.1966240703840503,0.1678277296497915,-0.01706513533088374,-0.38544720595016985,-0.8065042726359183,-1.0,-0.8593555571513982,-0.5411930872375338,-0.2532297441810059,-0.07535987950740237,0.01612077077489011,0.0670409174390761,0.08617988475601321,0.09970003075359762,0.10865495038938447,0.1116399450300002,0.11480054775882795,0.12691598440869542,0.1416652959518451,0.1414898057214104,0.13271040845908844,0.1183122809493326,0.11901463830177693,0.11339588662565628,0.1040897293847586,0.09004276447970984,0.07336203718198447,0.05633013656520863,0.05562777653417846,0.06335360830338962,0.06493387216760162,0.05018458741031041,0.03684000396497861,0.024373345781515416,0.021212785910061233,0.02015926327432399,0.023671000482707413,0.025075691080323422,0.019983675945152296,0.008219364734613268,-0.0026670091604208282,-0.00582756903187501,0.002951772649790612,0.0147160790890986
0.038858387148835355,0.048038759492759375,0.06525192762750821,0.08328489190482792,0.10082590547200727,0.1124653361324482,0.11279317656319394,0.10721936906529908,0.0990226480574166,0.08672745650852767,0.07771105439682435,0.06443227653379606,0.04016984640467155,0.011972994743296602,-0.03556820792680489,-0.1239294317842475,-0.2808160479386354,-0.543277716307606,-0.8544252841797638,-1.0,-0.8321303342825321,-0.4422928602683548,-0.09147012809585467,0.11885877971900088,0.21131852413429777,0.23476134068234597,0.22541703311799474,0.2093511814487364,0.20607249704693126,0.20181026134278018,0.18443294791684325,0.1634492096920511,0.1480392989718929,0.13836717098353507,0.12443261722700444,0.11705554231114934,0.10705544384824142,0.09885868282688069,0.08541597474510997,0.07967824203015746,0.0765634928487795,0.07295687298421774,0.06049782624185812,0.03918625758968978,0.0277107796555728,0.02935012185647538,0.0268911110559639,0.00918609662124455,-0.010322196485225789,-0.008354981342626387,-0.0019614971173848514,0.018858275251660814,0.031645229947510733,0.03426818847266139,0.02672716083048234,0.02705503877386394,0.023612401645734825,0.016891053856955433
0.048155489789202977,0.05263482546881593,0.06934601458334388,0.08123340926562611,0.09915052596299886,0.1058695649624714,0.10535267052358378,0.09932283812610583,0.10052882352829641,0.10828146217859425,0.11568956060354477,0.12843832687441195,0.1432544501360547,0.16513410005947565,0.15445271180460066,0.08381760287594346,-0.1015564971039934,-0.4366435747904616,-0.8210019861980459,-1.0,-0.8508059036153303,-0.5081402445346537,-0.2071647727044526,-0.034022368470305826,0.052290245821187374,0.08898599535288232,0.10621412621303537,0.12550952470679316,0.13085027665357646,0.12120259317561007,0.12016891993652645,0.117412345831148,0.10776459927753163,0.08933060916648794,0.0867463840183456,0.09484357866290327,0.09243172875351788,0.08674637350573727,0.08312846460590301,0.08467900074604924,0.08088884275875798,0.07434213169130491,0.06676181046041821,0.058320101872034055,0.0536684881952912,0.04867234217765727,0.04626041605186151,0.0467772684403158,0.04918919719426365,0.04453760717088953,0.03109970262998189,0.017317258520764947,0.009220073403258594,0.0023288368938136697,-8.309054605813697e-05,0.013354803153722165,0.03023831790063652,0.03747409627802382
0.01761456515885025,0.024454032608150895,0.03715593413194096,0.05205617472269904,0.05816286900404363,0.058284983736464194,0.05926205064801803,0.054987397815188944,0.05339961936825716,0.05425459763152357,0.05865136519677321,0.07208607249368575,0.09541357481747137,0.1252141528829106,0.15916735475376723,0.16234274769022253,0.027140949846552635,-0.33620680653719753,-0.7894424979062792,-1.0,-0.8516087080687084,-0.5129345294254437,-0.21346226899580353,-0.03673478459106025,0.0542546013578283,0.10384075457179479,0.1414578679296647,0.17614395196289082,0.19739520200484348,0.205333960092532,0.20289126300320953,0.18664746597775134,0.16515191939747234,0.151717279174045,0.14206859437026156,0.1254583898003612,0.10310798419856727,0.08747492106631541,0.07721571849500017,0.07281888758257006,0.07110897577169405,0.06744497485336717,0.06646786322615654,0.05779644655438255,0.0457052360712944,0.029095115343250537,0.015171904400998951,0.0045462933536653686,0.004057759140982803,0.006500426245196851,0.012240696213727986,0.017492430863329838,0.01737029749938561,0.009920159504059082,-0.0015603771724865447,-0.013407317667169594,-0.015239308810571197,-0.016949183358399872
0.058132023370996204,0.06457162343522478,0.08185693673730342,0.126764838934575,0.17743449672146083,0.20014265371656567,0.19099163439100375,0.16031866263429412,0.13150984332334642,0.10676812188224159,0.08473778868031293,0.05813199751919857,0.03355975529300565,0.014579820463672262,-0.020329705111174268,-0.09608001433201141,-0.259443572885455,-0.5407545621350753,-0.8562953582295999,-1.0,-0.8269785924580715,-0.43094158569656055,-0.061509418750011306,0.13371285079174167,0.20387091724521333,0.2037014328599419,0.19353365199281808,0.18590766123168942,0.18285741796987995,0.17726513642481803,0.16438579152629415,0.15523478254145126,0.15065931424154652,0.13845784483979406,0.12168091747885591,0.10507341245887489,0.1008368715666368,0.09354990127964628,0.07609515529589149,0.06389375310881287,0.060673916884181896,0.05745415304458429,0.042710795300005676,0.028984233996915756,0.01695230650068447,0.00814019753676015,0.005598241898473276,0.014749280936030892,0.021188902327992518,0.015766065097915716,0.005089847232351101,-0.001349768342956058,-0.0071115556010224535,-0.012025987501110554,-0.017957215842687356,-0.02778612100573977,-0.03117537440096834,-0.027786118420560005
0.039089158051042495,0.04626587375451465,0.05463872785773033,0.08266216493961477,0.10094574005201751,0.11256529127505308,0.12965279054861537,0.14622764492874996,0.1469111853557431,0.13648775689222528,0.13529163413270753,0.1310197984148814,0.12794407502975583,0.13477904137336574,0.1163245446603546,0.032937653933296854,-0.15365765816713878,-0.47319465469772587,-0.8306642348699904,-1.0,-0.8547575230330079,-0.522406687639691,-0.23482347521938177,-0.07898526663498712,0.0044015804297736875,0.05600574615081355,0.084029183232698,0.10573031450462594,0.12452653972386495,0.13119070437526403,0.128798427575777,0.13358294989429953,0.13153237032058882,0.11820417656641398,0.10880607959702024,0.11051482639633131,0.1250391429100239,0.12657709844394133,0.1147867455286949,0.09889526474647857,0.08864276309697777,0.0855670397118522,0.07548546487636838,0.06454946450714315,0.05310086877187184,0.04643675886126294,0.032937664360114034,0.03430465397945001,0.03789302747141186,0.04096875867665032,0.041823134683010146,0.037380377364575584,0.025760926499655373,0.01533755929368849,0.020463797736593493,0.02866579214842776,0.027811413535363632,0.014995803091227502
0.11001350787688496,0.11414462280610026,0.11127083660512899,0.1265379895138941,0.14916934765851292,0.15671312274664517,0.1446789505437785,0.13300408244657894,0.13497984402497326,0.13803332063903706,0.13156726058657423,0.11540189673397432,0.10893578188114153,0.09366867829270936,0.06044012872630146,-0.018769537099272388,-0.19048042996193773,-0.48397051883767706,-0.828649414089772,-1.0,-0.8597219253007344,-0.5055242934675143,-0.17772785778914268,0.005837550428523405,0.07929959384681712,0.09797939595442524,0.10264935744140126,0.10246973826878969,0.10534355186994594,0.10282896017390185,0.09115409207670226,0.09420754129058108,0.10929503118643867,0.1258195347435958,0.12851374013221448,0.11396503103367367,0.10282896565393884,0.09833863429964838,0.09654251381401359,0.08971718253610564,0.07103733110816456,0.054872101516471046,0.046071030580316724,0.03762917880925607,0.025954291531927003,0.025595060721754725,0.027930042150247362,0.026313510697020665,0.03116309135660826,0.026852357254781394,0.019308582509151434,0.006915238749012492,0.0020656676794896397,0.016434762742953562,0.04014376776528166,0.05307598377085475,0.04553219224261149,0.03259999952719564
0.022009436335945463,0.0347086595719991,0.04519928663097128,0.05679417282249399,0.07335833987273546,0.08246869302708798,0.08329686789850578,0.0736344472968894,0.060659192442933024,0.052791198459250385,0.05223907205156893,0.05789848459827451,0.082468650912504,0.12346504216854556,0.18613293293989513,0.20076466809189747,0.04299072203982783,-0.352065710129854,-0.8082699534874944,-1.0,-0.8529932832774184,-0.5489041546064013,-0.2797352934704281,-0.1044304737840938,0.008896130665289787,0.07805157226771789,0.12829625036362455,0.16404735441179505,0.1818539227472904,0.18475277063892306,0.18613305086073031,0.1814399026949159,0.17453802990253883,0.16045843379259314,0.14389424568505965,0.1273300575775262,0.11987609628059326,0.10731497518838819,0.08868025725022544,0.07515283387400361,0.07515282123962841,0.07225406178862213,0.06783696629800244,0.06949337500125562,0.06300576231438185,0.04409498748956596,0.029739397664843136,0.02311370389141279,0.021043190906617104,0.008620063249990656,-0.009186429016037353,-0.005183415696803553,0.00254653641952887,0.007653815714933097,0.005445260599571047,0.00875809669442407,0.009310235210048434,0.011104687623164886
0.06128222374964388,0.07130082874091474,0.0756191244492876,0.08408315521230161,0.10083837149627978,0.10498403803891841,0.11085698175770468,0.11845729224525726,0.13244885556112196,0.14540390606101575,0.15991366254301742,0.15818639063702383,0.15663171627584022,0.15179516942963595,0.11914832538329005,0.026562520739977703,-0.16655486224290633,-0.49613389518508605,-0.8485121626003227,-1.0,-0.8533484775597493,-0.5444997430982195,-0.2682959659678895,-0.09331527858164301,-3.8599563688326086e-05,0.047636148016948356,0.07009163405766924,0.099629271675807,0.12381209549944697,0.1359036312598869,0.1286486528859593,0.12519399313058324,0.1251940142111994,0.12329388125269385,0.1231212204660354,0.12433037298804857,0.11690276544838676,0.10947514736841689,0.10239298788576895,0.09859282210168459,0.1029112442937544,0.10308392616102902,0.10550218904382307,0.10066566327823497,0.0880560028636606,0.06767333955395095,0.05471824689282483,0.048499810320715354,0.03450831288177616,0.023626025823660645,0.012571012760730431,0.007561702359863938,0.009807257683382427,0.0168893750871442,0.02051681214899069,0.013261952353529002,0.01222553868233099,0.016889372040336394
0.044278854174958776,0.055344293821899544,0.07070376173676633,0.09481640139095135,0.10125754709062086,0.0982847175908111,0.09382552373025767,0.09564218904275944,0.10290905184941133,0.11067136104478424,0.11480029930382467,0.1275173142543816,0.1402343191271063,0.15278612817370685,0.16401665279061708,0.1430419024116307,-0.016993861969713187,-0.37967637016529504,-0.8097417338052033,-1.0,-0.839469242732386,-0.5018920154723253,-0.21848402336660508,-0.053658386254240575,0.03205733852174213,0.07615389372500689,0.0934952278174157,0.09630289172459805,0.09844986302777402,0.10935013708208738,0.11876406189240543,0.10918501180078895,0.10043174936098052,0.09878016397953211,0.09514673257620616,0.08011762608009093,0.06459298249476449,0.0581519123788368,0.055674584695825396,0.058977710108477126,0.06409753106712734,0.06508845407806611,0.06475816320414027,0.06393236043558381,0.06013376847854658,0.04989413663907838,0.03536045133710356,0.034864992351092236,0.04114090947168282,0.0442788592138749,0.03503013022968098,0.03139671646256146,0.0439485456648265,0.041306064986477986,0.025285966194327318,0.01752364944058022,0.02198285211923686,0.02412987759076114
0.08082466213519175,0.08694825845015326,0.09086063596129205,0.0983450948884145,0.10702024243105096,0.11569543149219834,0.11977786363426511,0.1218191419830649,0.12215934466157045,0.11093263551163134,0.09936568216467573,0.10276768819047592,0.11875727635800389,0.12113871586679831,0.09613373076980354,0.030984929513068957,-0.13911647850474745,-0.4658824590424371,-0.838914488431235,-1.0,-0.8564348018187388,-0.5393668188587921,-0.2393066447875121,-0.07090578437642908,0.011593373594618065,0.051397088925949415,0.07504116989227234,0.09766465839252017,0.11994798573277336,0.1451230462199516,0.15566933963325186,0.14359213416667654,0.13814890169021524,0.13763856653357368,0.1381488290328211,0.13151490794084578,0.12300983059857891,0.11654596932734544,0.11246352680565093,0.10719038528881467,0.09256162340475056,0.08150501040425036,0.06874745147880258,0.0692577451169332,0.06534540912430532,0.05326819846791616,0.046294051343272864,0.033876656172726664,0.024691183853076396,0.0161861000235422,0.007170732286778383,0.008701647826959619,0.02588188414567161,0.042211626985926884,0.03812919224895316,0.017206717789959892,0.006660429242110135,0.024010768116437535
0.04801465680499741,0.05422345832715613,0.07339781778232167,0.09476347306796146,0.11138126129120113,0.1146682997530063,0.10955511271687514,0.10298104693633466,0.09348519580930092,0.08891986894576535,0.08800682251627699,0.07741525661558699,0.06098011445037552,0.039431843750149645,0.006744181450510521,-0.07104879947088791,-0.23722673741863387,-0.5261210750889689,-0.8573805620550782,-1.0,-0.8208582145804703,-0.4505191347521008,-0.13039800412457078,0.0438145635564015,0.11265948283451238,0.13950368413075886,0.149547412144993,0.1550257575803423,0.1625128085034869,0.17766966783850288,0.18899162853911813,0.1902700060854074,0.18077409367148942,0.16799118736804575,0.15520832563688147,0.1451646867672062,0.13731237715721475,0.14644297516893662,0.14315590327792188,0.1285468706862919,0.10772900871482857,0.09238951446485422,0.0876415694009651,0.07887616321767094,0.0721195349521262,0.06444978782713902,0.05166689266676519,0.03358825355679086,0.010579047003922648,-0.008595287379335709,-0.021378178361058344,-0.022291233147849095,-0.021743403618695603,-0.030874026702324617,-0.033065386605450546,-0.02393474959298421,-0.01736069774128106,-0.014804122330703997
0.07193259515897754,0.08182908912158858,0.09832308357202375,0.11133517492979536,0.11426746570955944,0.11591683943363687,0.11848261762986648,0.11518383663262541,0.10712000064343086,0.1040043864737272,0.09704025598056695,0.0805462279810456,0.06002024284632642,0.02776515889496617,-0.026298748965598792,-0.12104803902662374,-0.2962523823641976,-0.5746369514445338,-0.8673148850331049,-1.0,-0.8623669763384184,-0.5491627277157806,-0.25410066186661007,-0.062402447091917,0.06515173214061326,0.14249062327905088,0.18024376781913326,0.19875389460381238,0.21084948084217325,0.2071841313462541,0.19673793001499937,0.1930725805190802,0.19857060476295896,0.19600479301764318,0.18354261591454668,0.16448275380365207,0.15568593737950354,0.14780541359721985,0.1465225636397056,0.1333272719053104,0.11225147875468898,0.09410798756686035,0.07962988501555145,0.0642353891751191,0.046275159870572076,0.036195471122851805,0.03637875537219086,0.0323468513563795,0.02849823997717873,0.022267143038358958,0.014753173775967472,0.0015578995150546588,-0.0072389315868191025,-0.002290704874753152,0.003390582388183555,0.004123656218900927,0.011454357831761628,0.01145435573494374
0.08474638110656284,0.1124117685060794,0.1372733050706671,0.15708776527091023,0.1705465253138158,0.18232305584131175,0.20344593451907486,0.21017545712071725,0.1886786191216673,0.15353608134152147,0.12157126816947757,0.10773858872773824,0.09540129031453956,0.0729698505790669,0.021938422420555888,-0.06143163137369057,-0.23022821723666484,-0.5137998196837468,-0.8390555732291373,-1.0,-0.8827961641052761,-0.5745517556389782,-0.2866808928123888,-0.11694943145902778,-0.030214597115634536,0.010535800063703759,0.042313615574355305,0.0653058231955307,0.07951239922327344,0.10156987963745927,0.11671115435615366,0.12755302041194347,0.13129156423461638,0.1303569111693254,0.13689942559428644,0.13783407865957742,0.14811512550079622,0.14587196270666394,0.13241308859960668,0.10512151794118736,0.09633593767662295,0.09783134151799393,0.09951367939434765,0.09745749626085877,0.08848492492923576,0.07670846284023082,0.05801560970148797,0.046239104838426144,0.032967181875974395,0.03296719755979525,0.035397264447070476,0.030163275434771597,0.02605084785831232,0.02698548809138624,0.023433851926360987,0.0180129242452232,0.013713574307534197,0.004180239456726767
0.09597590940279237,0.09472943891779413,0.10808415231358992,0.1266026689544096,0.1420941004203277,0.15349016916695707,0.16292744114849514,0.17450152898896434,0.1745014637964251,0.1627494437855017,0.15046307312663226,0.14138186106362025,0.14031352919211715,0.12037040345280411,0.0742522395988268,-0.020120952862463386,-0.19248581084992655,-0.4898516476327904,-0.8335125101958996,-1.0,-0.8620024321577392,-0.545585357899591,-0.2800930010580764,-0.13194432466035852,-0.06356822727785524,-0.026709223955478915,0.0010685129767693809,0.028312083676164702,0.06107558875856367,0.07638899026521871,0.08885336371979319,0.09312685961986539,0.09953714421531072,0.09330493304082126,0.08938755138639116,0.08903141540990264,0.0913462231991156,0.09793454318653556,0.11182341165265972,0.11680916864028575,0.11164535996255026,0.10523511882879777,0.09971520133813178,0.09757845610445147,0.09277073994151168,0.08226504373237323,0.07567674547579968,0.07567670744681845,0.0799502576740067,0.07692317249910507,0.0657052233514802,0.06463685345099585,0.06232204566178289,0.06267817077284821,0.051638295046179186,0.04202290889834822,0.025819207177175476,0.013176768111168054
0.04982667824857735,0.057304585703792904,0.07809686504967703,0.11110906512853548,0.127888850298296,0.13518431954890806,0.14083844037940613,0.14886346211976462,0.15925964074550314,0.16801437078679393,0.15816531201088352,0.1430270978486454,0.13372518118130397,0.1255176822835455,0.08593953762039537,0.00277051692326441,-0.16283807284117055,-0.46797482623702286,-0.8362166235064532,-1.0,-0.8475245090275959,-0.5287101155258936,-0.258774536865196,-0.09699582708911145,-0.0006948560118597648,0.05365681490803301,0.0708013011994164,0.0744490747775189,0.08831059434144164,0.10308400443538053,0.10618461921085842,0.1069142050887161,0.11420972998618026,0.13263093035227727,0.14995779085438424,0.14977546950817017,0.14229746745330604,0.131718956351983,0.13025985137249016,0.12114044525065996,0.12059335878894309,0.11056193414933692,0.09852424572761333,0.0853923343002891,0.06861268824765883,0.053474426785596406,0.0394305441403205,0.026298588195514592,0.02465710344061297,0.025204263634408874,0.020462184276013238,0.008789326354843646,0.004776784878895752,0.007877388177210405,0.0027705217923639685,0.0011290266036775784,-0.00233634841820355,0.002588135061098667
0.05287952745622431,0.07296797321587203,0.08124997707549056,0.095347127089833,0.12036957858028968,0.1445109541626136,0.1436299051360567,0.14644930933261233,0.1527929526459169,0.14627308447361842,0.13481918906525026,0.1302375362787558,0.13446671784200176,0.13252841643515484,0.10433404113805742,0.028914387485524662,-0.1522338375114246,-0.4717114424483272,-0.8359460863227691,-1.0,-0.8567387487263645,-0.5383205897063456,-0.2614869167883492,-0.09373067893032294,-0.008090574850814861,0.030147886230069313,0.04935524801711147,0.07014849375090387,0.09428986933322778,0.11138265915575009,0.11631657886551616,0.12266039422090655,0.13270457677836656,0.1427487700884569,0.14028188012567122,0.13164734590333724,0.1230127901757425,0.120017161120193,0.11596417215804984,0.1071534560872434,0.08953205082720643,0.0687387808999957,0.054465446349023235,0.05287952207990913,0.04812174120809405,0.047945513660942574,0.04970766547720815,0.05164602871167966,0.05076493398644374,0.04970765741273538,0.04653580618634959,0.04089693865377136,0.0364915913709985,0.028914379421051892,0.019046394168970467,0.01728424974513826,0.018693965284204025,0.01728425041717766
0.03944471502769134,0.04786123408096128,0.055267844187070043,0.0668826470544072,0.07647751390401039,0.08102248164757284,0.08910231302711732,0.10088554447202555,0.11468863489766018,0.12462022537159234,0.128155196859385,0.11957028517914756,0.12142192615012361,0.12394692192534852,0.09011238118409418,-0.0011230829413481002,-0.18696076916410043,-0.49500770638449043,-0.8459777537103252,-1.0,-0.8527107470863594,-0.5290107732835254,-0.242846701374509,-0.0679504715605208,0.02799818666391008,0.08135911796329323,0.11165877966116401,0.12765014223769458,0.14481999641297252,0.15003822651637475,0.1478498721926707,0.15071151969101754,0.15138489503846844,0.1444833138750476,0.13573012255545372,0.13640336437209147,0.1394333942258048,0.1340467714954351,0.13000684810196209,0.13926508377164537,0.13219515106766105,0.10963873579161942,0.08927070051828434,0.08034913197912447,0.07917079959019274,0.07125925812160566,0.054762830651783646,0.03271145202213069,0.02782985309864837,0.02513655200506451,0.020591622780005862,0.01470003337852934,0.016046681357421017,0.02176994746523684,0.012848395938416133,-0.00028143052244105574,-0.0026380587077259195,0.003926849226408404
0.017117624620043247,0.01807043488133575,0.028392469736213535,0.032044890902329,0.03506209553753527,0.030615671876622425,0.03919088186285091,0.04967172932924759,0.06316977658582677,0.06126416090826553,0.05268893396445386,0.04062011542362879,0.03077449660070073,0.021087637094030134,0.002190382562876327,-0.07403388843032635,-0.2572898338053928,-0.5629821896692276,-0.8756592480749209,-1.0,-0.8572383126752415,-0.5764803483613534,-0.30191312285471655,-0.10134759847647494,0.04331972390593987,0.13478885006678784,0.18973401650771698,0.21800052470259867,0.23800944571177776,0.24213823930462905,0.23785076149338868,0.2346747902743893,0.23261030626753587,0.2297517810056949,0.22022371230793625,0.205772866902624,0.18544624799505063,0.16639014935972346,0.15781492241591177,0.14765169048250534,0.12970721471998956,0.11605036211942715,0.10811033717145338,0.10128190602614841,0.09381832133524319,0.08476669289455309,0.08397263225947052,0.07777938372990838,0.059199788336958714,0.04189048550013823,0.03045687380017483,0.02124644486052526,0.017117624620043247,0.012353599961211454,0.012353599961211454,0.006160390797467417,-0.0022560397353735824,0.006795593398933289
0.04566138486834031,0.05026971325316517,0.0558861207493757,0.08065594788001243,0.10340966951328931,0.11406644180993815,0.12429127874801225,0.13653216845803468,0.1431567561226696,0.15021322642046775,0.16000587316047818,0.16720644200790524,0.18563991372343916,0.2089697659281741,0.19773684548493003,0.10398571220906153,-0.11390257806787672,-0.4598175789522232,-0.8339562904983222,-1.0,-0.8670783237019327,-0.5652340601337511,-0.29377253374012074,-0.12542337925790956,-0.018279371937512896,0.03313243646326529,0.06063849056463365,0.09131277290207276,0.12069094159888723,0.13725222182774996,0.13523602845470428,0.12587536979868008,0.12299514753225042,0.12875558327754116,0.13206787271607434,0.1234272322794911,0.10945814418160334,0.1052818170621176,0.1003854365729166,0.09059269316965175,0.07863984677643687,0.07230335954780533,0.0668309407566164,0.05905435996990718,0.047245489100361034,0.041197038597860614,0.04364523323624541,0.04004496419077691,0.028092063973704468,0.020459496057830453,0.025355863365678584,0.027516025671716543,0.03025222408285028,0.02549988282719022,0.015275113992772647,0.007210515702738579,0.0018821136269461022,0.002170136073278283
0.03975085483572981,0.05905128196712989,0.07619002935786413,0.10135776996225787,0.11556283352904595,0.11247477950903863,0.10089449449394798,0.09348314223379879,0.10274741735447886,0.10707072501634224,0.10058575410182566,0.08560862285513707,0.05611757929974071,0.018906423070914637,-0.045634129948667224,-0.1501651481140994,-0.3201638508493212,-0.5891352318567111,-0.8809551166344676,-1.0,-0.832627489074702,-0.4703986649058332,-0.1321000146668718,0.08885103764948404,0.21453554006637865,0.26471687248956044,0.27428985031547676,0.2539084808525224,0.23090229515098448,0.21330023931591505,0.2109841728911754,0.19785986557694185,0.16080309485447442,0.11926851908084206,0.09163036069909054,0.08360137219629182,0.08020451654297236,0.08900543139984897,0.10506342724888944,0.10830590328442623,0.08545418199616459,0.05966887110117188,0.05580877766642858,0.06074968859491622,0.05766164399663041,0.057044026597423886,0.052411907880526874,0.04747102050634301,0.034655554867737984,0.019060821532140327,-0.002246810327212651,-0.017223925085888603,-0.02756894468197131,-0.02154722568146085,-0.005952492345863189,0.005782144463488802,0.003620502851352195,-0.0007027850837817739
0.047085857674773496,0.052345903258025114,0.06541114821276466,0.09272938225135738,0.11716312367632749,0.12836187178595476,0.1281922347289625,0.12785289849203227,0.13633678069120495,0.13973038119846568,0.13599742374662616,0.12259277266664248,0.10867918970803342,0.09289904519291035,0.05268524467186749,-0.02282167290845756,-0.18299834229539635,-0.4819732807123594,-0.8325285488939828,-1.0,-0.8489874021213513,-0.4948687203604621,-0.16229758938373862,0.0419955060945477,0.1429542204028428,0.1673880135969343,0.16263691283458845,0.15008078871576738,0.1482142944591112,0.14516003018878068,0.14872328846068228,0.1553408006490901,0.15194729332624787,0.1502505086033539,0.14159687545512187,0.1337916553759854,0.11665401578268934,0.09188096918226184,0.08763899184429053,0.08882677738870128,0.08170026602181024,0.06371437384369498,0.053194280088735675,0.047594903445465964,0.035717389677559705,0.01416823049150362,-0.008399014411911238,-0.013998394937865054,-0.0077202953458415146,0.0004242700298214481,0.0009333067409176704,0.010944337576663047,0.009417229708273443,-0.0027996222379051065,-0.009926124545199904,0.0011029890958911708,0.0011029826247509963,-0.023839751507562144
0.0568339417937027,0.06651557779730295,0.08787662702021859,0.10923770906398765,0.12091713166068972,0.1278325511186822,0.13336489981341754,0.12967671736298966,0.12306859486690604,0.1261421083744227,0.12936934538198727,0.13505532380290367,0.1430466108361113,0.1490399706154168,0.12629582249708396,0.052069964442806496,-0.12865392247192714,-0.46075037749172726,-0.8335688656592906,-1.0,-0.8603088213984943,-0.5474243623837735,-0.2598942001862722,-0.08270447448989096,0.022256673952519904,0.07312362527429303,0.0940236587239452,0.10262954905835726,0.11292589151441552,0.11615317540891358,0.1203024439630051,0.12306860424429274,0.12675676793994722,0.12660313821376618,0.11815093386985533,0.10877663233771069,0.1047809935098002,0.11031337033669562,0.10846927911148169,0.09740455358985092,0.08972072293412588,0.08803031301071979,0.08864499133101772,0.08142218582594282,0.07681190618728118,0.07250893288791507,0.05960010676368368,0.03777803004577122,0.023332421379968108,0.0167243144151812,0.010884608977696846,0.0025860715764704596,0.006581667620054163,0.009347849293505187,0.007196368211645484,0.006427985732159647,0.0068890278793231835,0.006735332511435298
-0.016742958964551396,-0.018770990653308128,-0.027728131631425394,-0.03110817779870144,-0.025193087453939243,-0.014376921687106203,-0.012686896592514683,-0.017080962709865817,-0.01758797201458553,-0.016066949462969052,-0.02113702910380953,-0.02992516200882963,-0.03922031863040285,-0.05865560369903672,-0.08535802023608594,-0.12591868417552304,-0.2447277366625227,-0.5244275371768664,-0.8578694532486347,-1.0,-0.8506025644352748,-0.5367649031295416,-0.2261374529133609,-0.0017017259365941816,0.15918885451129158,0.27106890127303596,0.3374870595275545,0.3748366329204422,0.3900468202284905,0.3900466915274666,0.3773716998887347,0.3532041358182715,0.3205865773219869,0.29489830340317624,0.26904098068946,0.24047939206135122,0.21124177985498563,0.18960941145383875,0.1686530022804367,0.14871070355001723,0.12251526179631932,0.10155892769851459,0.08313760694357569,0.07164543134000138,0.0550831593376408,0.03497184398757178,0.026183709071598178,0.02314167000122572,0.008945453710050722,-0.0047437663476023045,-0.016742959970028146,-0.01893999273543966,-0.015897951277059924,-0.017080963547763107,-0.024179073871883564,-0.03448823268010931,-0.04141734565621793,-0.05037448378548441
0.031856314054351825,0.041017502613512224,0.052468991806327595,0.07247093964849632,0.09201478124491769,0.09980184206478258,0.11216943427465988,0.11842964819219631,0.11644467641017445,0.10392433242785866,0.09567923989803044,0.10545120728110614,0.12056721335811556,0.1227047878410078,0.08880838225268728,-0.012117445999758806,-0.21381680493464655,-0.5321694059185831,-0.866857176165297,-1.0,-0.8642617656288746,-0.5692725738610812,-0.2977946516710413,-0.11121110548597306,-0.006468036527813465,0.04666691208545756,0.0863653787607021,0.12178870578713513,0.14698194055079908,0.15400556860252673,0.15843350660864175,0.1717173206269868,0.1802677489961779,0.18698597598973163,0.184390267310173,0.16484633254402156,0.14774540126985533,0.14789817167623984,0.15736471936719562,0.15232606309748983,0.13110254829051746,0.11720806259344665,0.10545130045083621,0.09109869919104502,0.08178480078582466,0.07155482032673163,0.06651614076459333,0.05475931340317183,0.04437661843953235,0.0324670323179426,0.020099441272686928,0.018572559431709684,0.025290766626695785,0.0291079444428415,0.01567151724203142,-0.0038723639515252173,-0.009979830755109652,0.001166288678737996
0.05726804174942815,0.045405991427331045,0.044718319498664304,0.07256828124911383,0.08769667554239324,0.09801147385955239,0.10901393623772851,0.11743771346063943,0.1121084297574047,0.11142073422578863,0.11812535654125698,0.11829731189476012,0.10230926147126165,0.08563371482994143,0.06998956986834937,0.009132244258502087,-0.1572800454338541,-0.4806503959346379,-0.8413239804947146,-1.0,-0.8519835339799559,-0.5306774030155881,-0.24444047122133308,-0.07080752498198521,0.028386545880479258,0.0894158094694364,0.1213917844340369,0.1452876516081396,0.1635105551563948,0.17004329554975792,0.16798028238630763,0.16093192769722794,0.15474296163827495,0.14992939713275377,0.14941371989583904,0.14322482726828392,0.12809637527890616,0.10935779449373624,0.10093399104532606,0.09818340298755626,0.09457323747606516,0.0878685941801974,0.07927288782928262,0.07394364084174686,0.06998959084874877,0.07016151473165279,0.06534795022613163,0.04867234851126299,0.026495498560731776,0.02116618469817292,0.017899827286422237,0.015493040772018025,0.016008783900499642,0.015493045853208506,0.01532112754322308,0.01205477431116134,0.00449057839384191,0.0029433513031282463
0.03431752168974562,0.037381915601744385,0.04867184631133136,0.07673529887246497,0.08883165900368918,0.07754171107127367,0.07221932560446855,0.08270284165484272,0.09173478819083555,0.07899334947696919,0.0662517926637071,0.06415514948749174,0.06383252654243203,0.051736250064946435,0.020124461793012263,-0.055840504256640895,-0.22406055523718502,-0.5205024389249142,-0.8503279905641858,-1.0,-0.8630701280328102,-0.5519530559673509,-0.25825292848413633,-0.0780977574931796,0.020447050292414892,0.07625145056901811,0.11076639755294758,0.1418943572046675,0.1606033879089932,0.16270002616440038,0.17705431880073313,0.18447344093910856,0.18544114738761858,0.1701191089363106,0.1583453471461053,0.15463577623530125,0.14253935705437917,0.1304430362896202,0.12124982502877497,0.12995921259021412,0.14076527777352568,0.1544745311936815,0.15108757830712904,0.13576543159804164,0.11802415655030751,0.099960332369636,0.07350966483965458,0.05189751478979882,0.051736230381713814,0.055445747163628135,0.05254265734294699,0.0443171623722281,0.04447843201788864,0.03722062627285123,0.018672921803479847,0.003996030826128182,-0.0071325933317370905,-0.006810021440061985
0.047527738201431725,0.056860210994843854,0.08468156637082913,0.11038987021596372,0.11866584141957356,0.11848984288365064,0.10845296227477434,0.09964876982424711,0.1000009549287168,0.12042675082484,0.1285267020030842,0.1035225964513472,0.06531226669214753,0.03168011362263479,-0.005649797697366272,-0.07432276366886033,-0.22646008856196734,-0.5060833390199002,-0.8399394101267389,-1.0,-0.8411721305192521,-0.4796707079447116,-0.1560260654452881,0.043477789474113036,0.1618066498217747,0.21322342942758568,0.22642974496517992,0.22343626559349944,0.21744950025512297,0.19684744257740344,0.16532832895092986,0.1401482678421554,0.13081577893166121,0.12465286463126274,0.11760948488350968,0.10140958252702129,0.09665532805909138,0.08978800594322874,0.0774620860123002,0.06407966449156938,0.0547472078152393,0.05316244468581452,0.05369070085307634,0.061262301847746795,0.055627614166626385,0.03414530056361887,0.01266299501915237,0.006500037404095898,0.013191250179096562,0.026221509092118036,0.024108489795431436,0.008084797847340336,-0.0023041842586425452,0.011606486881785512,0.022699815188970993,0.015480350947524105,-0.0008955163676329553,-0.005473699772770742
0.08069890001100155,0.07777711988364698,0.07613360115102769,0.09147296631993941,0.10973418404589229,0.12069087902377217,0.12580411403420122,0.1331085253519872,0.1464392091661396,0.15228280284993484,0.15027408249457505,0.14680446650402362,0.14132606329994016,0.11101247886971367,0.05111576618412806,-0.04968602985833777,-0.22042851922616416,-0.5060348862114016,-0.8380238650298494,-1.0,-0.8533633583435912,-0.5127917068126222,-0.19687153253658418,0.00016700444212651886,0.11137768049245418,0.1731006213665592,0.18716184214253703,0.17182233768576652,0.14552621625231704,0.1376739133561907,0.13456942098717883,0.13475198836946298,0.12324753552958716,0.11229078483656377,0.10553412023774504,0.09676874085508086,0.08763814313513313,0.08508155348749034,0.08544682196840307,0.08343811275607198,0.07302918678321675,0.06097680615015726,0.05823761569114424,0.056594108101553645,0.05695933479610873,0.04435911551409521,0.0295675444220227,0.019706490178987967,0.013132459124186303,0.009114995779189651,0.007471484010963296,0.01769775693950123,0.027193585532639817,0.016967309296015233,-0.0029373890325055953,-0.013528896316430849,-0.004398306953754641,0.016784700910867662
0.04519659820512679,0.05670173309100503,0.06422429289915216,0.07469690298675247,0.08988957822048058,0.10552473129419074,0.12337247158071732,0.13487757946483564,0.14520274644233513,0.14313769684577926,0.13443511962602686,0.13694263806197812,0.15715039517054197,0.18561824265828955,0.17780065712084783,0.09195461881644978,-0.11307266052634957,-0.4564577408043661,-0.8271282525021844,-1.0,-0.8781638829211197,-0.5788847643975666,-0.2928778569350274,-0.11189269261797083,-0.015426562863378417,0.04224655017582027,0.08044949743145151,0.1067048072096092,0.13517263669618348,0.15788790324011195,0.17573568852957175,0.17912829765428678,0.17116312049706464,0.1633454269525832,0.15375785805052009,0.1381226509732901,0.11614490149951823,0.10419727077248464,0.0963796402321097,0.08059699004477887,0.06083176928001024,0.0488841475535633,0.0453440818178675,0.03796900562246108,0.031183942633150618,0.02926640815138872,0.02897140267341407,0.02513636633701686,0.024841356358748887,0.021596327603080983,0.008763683817343444,0.009501189355498424,0.0148112488627439,0.02159632535293432,0.025726364917159524,0.025726369417452846,0.023808851811790904,0.02218632955844364
0.05156062050240575,0.05605163064103111,0.05621794893733969,0.07251860353446572,0.09231232804322217,0.10645066209347602,0.11293772015638014,0.1200900006559462,0.11460106551489763,0.11393576188051986,0.11077539453465071,0.12208608410422564,0.1254127342224027,0.10096172695242744,0.06237227906019634,-0.0038284698624492046,-0.16417409817534695,-0.4712269144884037,-0.8295092372668555,-1.0,-0.8589502298638109,-0.5420853191742752,-0.2551588994865927,-0.08699529373831504,0.009810887730735622,0.06569897485208855,0.09364295561140666,0.10445468014234137,0.11593172353222556,0.1299037900347432,0.13589173588814715,0.13422846157763102,0.13688974716314345,0.14271148129224084,0.14171348016695903,0.12824043452651124,0.11776136181276542,0.10977736296022547,0.1139356908325185,0.1207553854880398,0.12275141818774683,0.11310403337783148,0.09497366945216423,0.07933831341455873,0.07917196974396394,0.0725186390584664,0.06137428300977177,0.04690326669318561,0.0402499157082591,0.040083597411950514,0.04241227177913196,0.04590527571761829,0.037422248390722605,0.025113566576866045,0.023616569963800578,0.023283900384611356,0.02461457489522531,0.019458233844864524
0.03914268986497147,0.04314246100834485,0.059141560225880435,0.0773805144918702,0.0780204688931308,0.07562062768503515,0.0791404647562209,0.08122033364503362,0.07146088990740973,0.0529018852205793,0.030663147607847763,0.01178419500847118,-0.010774535059101153,-0.04181279884143932,-0.08021066088212678,-0.14052730774165223,-0.2646809022598879,-0.5181078046080018,-0.8408090313684513,-1.0,-0.8425691280732227,-0.467230380218102,-0.11716866457075673,0.10457909396826572,0.2370519590251632,0.29528889319899143,0.29592874021061016,0.282809513900305,0.27528997402460886,0.2735299749467846,0.2680903576547221,0.25097121864197025,0.2236126139551544,0.19753403522319635,0.17801506964639086,0.16329571814691368,0.14649670765656017,0.13049755474420366,0.11337859145995662,0.10585901253348164,0.08937991578624278,0.07338077751792832,0.04986207984852833,0.03050314680416422,0.01914378533463101,0.007944413685749791,-0.006614765857802118,-0.02165393011752049,-0.035733119758474374,-0.033973245155007714,-0.020533996491609204,-0.005334845767165149,0.003624659850230334,0.0021847401762466597,-0.003574938214603829,-0.013654379288415858,-0.02357383237208116,-0.029333519610373733
0.030347040735081068,0.03702970287686093,0.05525518762886461,0.07606261539760702,0.09292118914074902,0.09474377422334833,0.08107464559933968,0.07181001727158125,0.07788519584635836,0.08077084125889074,0.06467167178836783,0.04249735154615561,0.023968118059878602,-0.004585139917541975,-0.05424957671490227,-0.14370643340874503,-0.31365975839083,-0.5874987092896318,-0.8765227799781162,-1.0,-0.8549564066877035,-0.5111033122988763,-0.15540109794916973,0.09276934721054812,0.23340953381471477,0.2882378717055584,0.2994769919199886,0.29051620500346287,0.2754800541582413,0.2574063974348946,0.23553593250545896,0.21381710561691364,0.19893300059120356,0.177062239095498,0.15701419243013484,0.13848498211309765,0.12511961149105827,0.11236177540834925,0.10476781609142177,0.10066699965557332,0.08882047464955585,0.07317691901274699,0.061785989305051706,0.058748446356142826,0.05373639298517033,0.043104876817790065,0.03141019837582145,0.012729068511629938,-0.0032182260125253165,-0.017039224949053664,-0.02721511917348593,-0.013546003292559184,0.007413300581012874,0.015462900955511222,0.012425315143508643,-0.0001806544640860131,-0.009900907268928042,-0.01612794051698795
0.050122718907187766,0.05769815509571588,0.07470080338844994,0.09709035958767129,0.11055772694093996,0.12722380776909076,0.1411961881082916,0.14170131922591636,0.13193739584463182,0.13109562022001556,0.13496752512183025,0.13715601231458666,0.1474249743626061,0.16459591922803316,0.15399028185605895,0.07941436578318825,-0.10744630964321636,-0.44143982845686736,-0.8213894005863307,-1.0,-0.8520272967760221,-0.5082721658533333,-0.21451252443304308,-0.05239808111193775,0.01897928231207799,0.051469458724210965,0.0701555016132808,0.09254507322098379,0.11745986384316402,0.1233519028672761,0.11796493332686221,0.11055779884718764,0.10752767984231032,0.10062559430169174,0.09456523816024448,0.09170339004725742,0.08429632233766997,0.08446464972732626,0.08631642050684353,0.08799984848822287,0.08362295628127879,0.07688923408344034,0.06359015303054356,0.05281618313275251,0.04759755382239629,0.05113278340025619,0.060054949133486406,0.06123332817580975,0.051806146888567106,0.046587525282451706,0.032951740656717146,0.02335620244689506,0.011067170478585067,0.016285799467931256,0.016285799146921222,0.003828437220874669,-0.010312363600892386,-0.01216412410808856
0.00025072446850061365,-0.0008401603846575912,-0.0035673725175531033,-0.0012946950467435517,0.004977893790667841,0.015250397439995554,0.02597743321617782,0.03924985034154357,0.058885847038053725,0.0794308284643476,0.11661189820324505,0.1838834192676636,0.2836089311287287,0.4012429252032337,0.5210573798512275,0.5492387494006837,0.29797213741851847,-0.21992662261901497,-0.7630961283450926,-1.0,-0.9130018663945572,-0.687915647717893,-0.45673965376890197,-0.2653805797524214,-0.12265586794185979,-0.02520325197154104,0.05134048525020733,0.10724843659726581,0.1389752262968702,0.14470236068160477,0.14097514857795557,0.13742977280519142,0.12797532646769366,0.1077939344955749,0.08970335523411901,0.07597638195137194,0.06661295362843067,0.056885841549373366,0.04934055742194895,0.04434068237957301,0.046431514505341415,0.04779512889254866,0.04279525662375922,0.035522685388864855,0.0287955510333766,0.03288637477989286,0.03697717911130364,0.03361361748073251,0.02715922652722579,0.025886515050735304,0.024341099002474262,0.02106844166941315,0.017886709435760796,0.016523090888173796,0.019613934079041873,0.025068352797659902,0.027977380459541696,0.03234091016462177
0.03941228963372711,0.05467106458954517,0.0684766028253445,0.07828576224997424,0.0830087538789327,0.07574266449658736,0.08282708543337912,0.10135556541815245,0.1111648079760896,0.11334461871835377,0.10789510848935482,0.1151611701605977,0.1373226477276695,0.1598475176080534,0.16620532018483578,0.11425285564393228,-0.06394763411141917,-0.39618984171807514,-0.7892854862446703,-1.0,-0.894461135641207,-0.5940093375580273,-0.3133562354322857,-0.15023230350736988,-0.06521916359034088,-0.00854379886711707,0.05140129859616448,0.09808582159365373,0.1351428591542873,0.16293558744477804,0.1752879222138816,0.18255403930732939,0.19472474442642282,0.19526967771421713,0.1771045734160944,0.1562145366524164,0.1396840992043848,0.13005660822530862,0.10862159383607235,0.087368408616784,0.06956650819647658,0.05594261069512837,0.054307738782879006,0.06666009017864402,0.0751976757865881,0.06847660836756499,0.059938934084093,0.05903071378517598,0.04940313690168215,0.03541595238921123,0.027786567682412448,0.03559761529254432,0.03923063781483501,0.023971885027898918,0.0027186208319685216,-0.012176836630514118,-0.020351172637323823,-0.018897955315076806
0.062408067392728334,0.06334644277151984,0.0653796101029675,0.09024684871510338,0.12387232274262991,0.1388865292150114,0.13388181917332456,0.13231781567273485,0.1445167910311755,0.16578683018102863,0.18048823213592613,0.18799540694773031,0.18768249745267995,0.16954038895668533,0.12090077048897561,0.013612037421093215,-0.18344906375615186,-0.49546342464163023,-0.842352020195177,-1.0,-0.8617448505035211,-0.5558331600262066,-0.2815107271238391,-0.10837809819815016,-0.00703244309495302,0.04911427860894746,0.06600519050769013,0.0791426032771206,0.09572072735935573,0.10228948861870793,0.10322787354091455,0.10103824191852658,0.10541741927256641,0.10604296150362853,0.10400988006291698,0.1085453976435005,0.10932736599184244,0.10260226450594655,0.09775391377763365,0.09712830474266566,0.10354063034132292,0.09931789819139314,0.08805724095125322,0.07804779700934174,0.06537961964638263,0.05646497242883487,0.05458818349759139,0.04942706881130877,0.0353512949782095,0.024403460149456935,0.014081226154299992,0.02174470943096941,0.03550769485109771,0.051929428603859754,0.05724693600546925,0.045673543437604984,0.027218620880711242,0.019555140437243185
0.039503432049182254,0.05607498502495717,0.0719259656877158,0.09498198802082036,0.10002550509964642,0.09480184631647721,0.08489503080217985,0.08633598857632714,0.08777700130691128,0.08561552068054086,0.08111237925395111,0.08345402906288309,0.07805026704487653,0.056795463912030816,0.011944267602532466,-0.06875185658934937,-0.2272624875634884,-0.509339787072441,-0.8440123530938157,-1.0,-0.8490560350419523,-0.48340175576509914,-0.1480071610851315,0.06327996624322257,0.1733364905689441,0.21692698003455654,0.22305136932201622,0.2163866923126192,0.21404499853853773,0.2025169186764394,0.18396397731784409,0.1670322068811071,0.15784573286279124,0.14992035519210747,0.14091410531279006,0.12416235018059146,0.11083302913565952,0.09462174308163986,0.07714959149702288,0.06598183351311664,0.06075820770380955,0.06255944888664314,0.059857576121105385,0.05643518050334451,0.0531929595637889,0.035900922205296656,0.012484640506946912,0.008882134784794077,0.020230021420889723,0.01716789547270594,0.0034783843591609173,0.0023976273014363605,0.004559121752785415,0.0027578782514771478,0.007981509041211329,0.01554676851599708,0.01212440037645463,-0.0017452516686086497
0.05221212238577835,0.056278489265768075,0.06115814837967042,0.0757970363944132,0.0910866068298555,0.10035788222582852,0.10409894511503692,0.10995451620128323,0.11532212385744388,0.11255693820231556,0.08783342796898677,0.06229670986610049,0.03952509553529195,0.0021145471305246974,-0.05611575909324077,-0.1473649651827435,-0.3139237746074026,-0.591576316155832,-0.8833768593121435,-1.0,-0.8051404133295978,-0.39655252667468743,-0.014801512087435648,0.22121022788690764,0.3209176007550084,0.3316529153195122,0.30823082947889197,0.2636634433130911,0.22055982833492827,0.1999024715893968,0.18932993060420725,0.16688364259592112,0.1444372255597977,0.12394278134663599,0.10718943972355569,0.09580363628010825,0.0923878029425443,0.08815876669803198,0.08864674997855415,0.08116462420013734,0.069941470270776,0.049284346767873445,0.02846457623218935,0.014964252185181203,0.010572576351801031,0.013663010168358004,0.011060552808735658,-0.004228976685181359,-0.015289482961435008,-0.013012320287701874,-0.006668800038871125,-0.01008454591044925,-0.015940103349520465,-0.01870524682247121,-0.012036389705573686,-0.0011385437991135972,0.00048800437963241556,-0.0071567591266738124
0.02241410588775822,0.02895233610393554,0.04025800637209085,0.05878294419206206,0.07867001902139459,0.08915847233112786,0.1033245442923858,0.12470997315671362,0.14269016339444504,0.1511353779431581,0.15481312542672337,0.16053404933322468,0.18110229240817255,0.2027602550647029,0.2064380025482682,0.14609542695627506,-0.04923389477592584,-0.4115613335449465,-0.8106639115494,-1.0,-0.8771356590051854,-0.5750173092106101,-0.28665369976277205,-0.11025724380566793,-0.01340989340511574,0.03726130038003644,0.06109858375737195,0.0774441031935395,0.08956704444645645,0.09882951127850592,0.10999906633989807,0.11272328217640883,0.11830802646012668,0.11694587282727625,0.11340430496649444,0.10359704483761015,0.09937442093976451,0.10277972606031732,0.10060036170285326,0.09501560079564629,0.08820491574883968,0.07975968873250978,0.06981615339577965,0.0646400892800696,0.06627465202895429,0.06355040710133758,0.05401549790627565,0.04774968927374941,0.046932430756604596,0.04529789086501745,0.03862344777907845,0.03412840645345401,0.03263006904194784,0.02636427495497457,0.01791907417258842,0.0120619205130943,0.009065241014725655,0.008111751445877951
0.08900808212549621,0.09705666182753402,0.10230568935812014,0.12295207499773375,0.13537494929569227,0.13519985216793595,0.12540172652166137,0.13292536183168946,0.14184871717500916,0.14744776813464186,0.1483226024975215,0.1397490890801281,0.12505168173930656,0.09250742491534186,0.03231808619541812,-0.06216523145750024,-0.22663647257274455,-0.5099123213325776,-0.8441031691410962,-1.0,-0.8378041994432199,-0.4771932022672474,-0.1620726310621445,0.019195409935120616,0.09915625789245268,0.1336252165100082,0.15112213865399196,0.15794595131566366,0.16074541273555523,0.1589957653631042,0.1462230384625652,0.12137734324991882,0.10685487288704164,0.11052925408304588,0.1198026435320663,0.10493021380006733,0.08883311311758946,0.08340905251917179,0.09215747622287422,0.09530692904184994,0.08568365496028667,0.07063629892699747,0.058563458734739636,0.04894015529237752,0.03616741504602087,0.028293801682726293,0.026019208583683777,0.02321969511510333,0.024794416186264125,0.03004348508888501,0.0251443555366594,0.013596403350331663,0.006772608705513803,-0.00022614860794742292,-0.01439863624652193,-0.024721823728001673,-0.023322074333911164,-0.012998904201994387
0.037516872814108856,0.05584151418723959,0.08938498469955622,0.11858020342400923,0.13193547983800577,0.14001075179169706,0.12603429113597073,0.11174728100165505,0.10833078188623305,0.11858018447188677,0.12541309741817971,0.12634488799486623,0.1288295586293568,0.1344201694246188,0.12246262151792757,0.04326272755146652,-0.15100980596918742,-0.4806995257836138,-0.842221761137165,-1.0,-0.8655162697006751,-0.5608315633100421,-0.2805252563183889,-0.10022876887578251,0.004749880827192982,0.05444389465463839,0.0729238107670638,0.09326732224695411,0.12013317824242555,0.13845791911419916,0.14187432346900888,0.14746486793184227,0.15165782602828873,0.14684373107041862,0.13643903479334774,0.1213754709173953,0.11454257692322481,0.10662253232852205,0.09730497717592222,0.07385558712965849,0.05832621324991383,0.05459915991787184,0.04947447283913683,0.03891449945375597,0.03782744124482068,0.04605801636599035,0.054754444133227755,0.06515913567226801,0.07385557291556664,0.06267443660959376,0.03922509631265148,0.03798274678131436,0.046058013996975046,0.05118270344472537,0.04543683449327587,0.03114980777585303,0.021987478797734092,0.025714535683299036
0.0629050201312152,0.07227192733796127,0.0943396284677968,0.10926322020457128,0.11148590176668725,0.11021582431190446,0.11751876725499785,0.11878884470978064,0.11926516613870874,0.11815382051383537,0.11434353971133322,0.09767369440530915,0.06830288564265741,0.02893015516494511,-0.03219279582943004,-0.1379275867639734,-0.3173278509485328,-0.5956371685497766,-0.8836280718237434,-1.0,-0.8701332021829844,-0.6070679915820215,-0.36670279861404365,-0.21159288321472816,-0.11490722824483555,-0.04425861157282033,0.016705576106845445,0.056554565043885945,0.0813212594771348,0.10037262958293794,0.11894768310362837,0.14673081028103252,0.16657598000702875,0.1740376935305546,0.1761015851369766,0.18070572852927175,0.17991182718895574,0.1635594552303813,0.1441906359962054,0.1459370348799163,0.15260497300232592,0.15768527313382635,0.15355752867150535,0.15054108139590391,0.14784218496879814,0.14180921291654924,0.13498251390133792,0.13736388854284032,0.13784016153361464,0.1368875961768045,0.11704249426422351,0.09973751819831589,0.08624284231017192,0.0790986215093572,0.06512762419228514,0.040202185819588426,0.0268662720352,0.020833356897781794
-0.015184608856591893,-0.0096281178062762,-0.008604553446179363,-0.010505460703103911,-0.0049489678013504524,-0.0026093859717108182,-0.004802742172346355,-0.002755619006465978,-0.002316950450923631,-0.013576149964804031,-0.03170786123855901,-0.05729698250675513,-0.08902745614679304,-0.1413755333382223,-0.2446096443463829,-0.39390423880790587,-0.5683495192632411,-0.7591704260902993,-0.9425339785817644,-1.0,-0.7892924594686419,-0.3346836764710199,0.12343528441505987,0.48767924106683685,0.6852267027146713,0.7239758436203826,0.6596380554145432,0.5531874934165535,0.44001019885976217,0.33502138400642795,0.24962652757541567,0.18967476581315526,0.14726984995310358,0.12489760920829816,0.11685524497329806,0.11583168130749039,0.11144493650605841,0.10018574358792506,0.08293134338941119,0.0642147220781739,0.04096518125103908,0.02692775414780419,0.016107220528024352,0.020055246785094304,0.020493926449263244,0.024588181112493942,0.029413564846464013,0.023125930376766267,0.010989394793234915,0.0010461955073831197,-0.00831210635390614,-0.009481895648717913,-0.009189445547858322,-0.006849872743977794,-0.010213011527963204,-0.014745936829603736,-0.018255298696866314,-0.02088732391590364
0.05384168731161823,0.052250872275474675,0.06533105202777391,0.0895471419655188,0.10421817450467435,0.11270265798573383,0.11411674575652235,0.09997600826557017,0.08194646738592139,0.07275495619834456,0.07045710806272468,0.06745218907691568,0.06833601415725464,0.05631631664218281,0.007707432421413628,-0.07254141624639676,-0.22720653947517183,-0.513558466365292,-0.8446291973044494,-1.0,-0.8554114048830724,-0.520628851289645,-0.1932684545480829,0.027150989615144627,0.1545947102343612,0.1952495421944882,0.20550172976581527,0.2086833382662665,0.2014361937188047,0.2016129533419135,0.20338050642933003,0.2111579298461183,0.21204177110533418,0.20585516272468943,0.19012353469616816,0.16378621063602009,0.140453972743409,0.1277272798795736,0.10952098476977497,0.09272880978851866,0.07204795545662203,0.06267969003889534,0.05808393444510693,0.047478338183221044,0.038817143615683454,0.023615803894166836,0.016368656650225532,0.01548486662411986,0.008237708931320555,0.00046028551453225757,-0.00714037929032702,-0.009615016036210181,-0.008731213875946832,-0.0044889862919343885,-0.011912889788385164,-0.014387516422470261,-0.011912883047186455,-0.015801612282697247
0.06533310495139061,0.07005491688807913,0.07966130636189299,0.08747665824022724,0.08991892713812298,0.08454588389901835,0.09919978044339649,0.11987794159396192,0.13176381946223453,0.13192659003033808,0.12264587581973305,0.11157414885198204,0.11434206320708623,0.1267164018096714,0.13094971823838022,0.06044850257593161,-0.13542434130141112,-0.4791392292180422,-0.8445072623638388,-1.0,-0.856881839414427,-0.5317303669856984,-0.23995525637497245,-0.0717615212750045,0.004763965707743484,0.045631845398783386,0.07412545281335095,0.09675736748316555,0.1042471484192923,0.11222539008973162,0.12183178453121221,0.12134338340890041,0.11010864742504278,0.10994584705093885,0.12004071216206548,0.12085484319192015,0.10766638349481376,0.10375876716764741,0.10620104103320989,0.10962027610873136,0.11857535976512815,0.11776125854127385,0.0983856494135418,0.07673052705301736,0.06663570665089132,0.0695664164124327,0.07331130191282935,0.08210361996878932,0.07591644569983,0.060774172871473714,0.05295878125180563,0.0423754504386997,0.021697276868967424,0.004112688881318962,-0.004516780055307268,-0.003214219960015432,0.006066520253220144,0.004601145967501279
0.08486689835532002,0.10085804546683252,0.11954085798106237,0.141865214686389,0.16529776411659514,0.16751435245242904,0.1630811564582779,0.17210590585866772,0.18271392022019967,0.18683045935762574,0.18983864152906404,0.1893637142114264,0.18857209139209702,0.18398048967965,0.14835660295931988,0.03847662295419753,-0.1852417917114627,-0.5218494216290248,-0.8579798248534336,-1.0,-0.8784031486981019,-0.603864011260421,-0.347370759319138,-0.18207506856434527,-0.07124499480821647,-0.0037970698339114036,0.032460135430489714,0.05130121599032171,0.07283390881604189,0.09325830988915554,0.1000663840025365,0.10624123135364226,0.11605763255708647,0.12492400522290545,0.12492404386787209,0.12840724996936467,0.1271405549137727,0.12144072183147957,0.11542426087618632,0.11241599175357306,0.11289101568362732,0.1101994130789808,0.10434127089080844,0.0946832657444184,0.07853372740647255,0.06285920816796013,0.049559629846748325,0.042909823778969514,0.03610170256703545,0.03705167676017632,0.03309346001283675,0.021060497947714606,0.0112441284452196,0.0044360277634240665,0.0004778098084292882,0.0014277743403284969,0.001427779170949328,-0.000630504889626202
0.1536031771989045,0.1717858221720392,0.19459679419670395,0.2182340662357856,0.23559022963887416,0.24087975203286496,0.23327602072420184,0.2091427790517017,0.1850095172063539,0.17294288628368,0.15343781027992834,0.11244437483775814,0.07674035336052237,0.03591215245301532,-0.014503244753451003,-0.12260706437476003,-0.31071501611263036,-0.5842817875515519,-0.8712342117325039,-1.0,-0.8849541689065287,-0.6234570946631306,-0.3741890427663476,-0.21170208021845133,-0.130210674646337,-0.09434134424706218,-0.056653784652957374,-0.013842044367778306,0.020704897868180916,0.04649112474482552,0.07161616888703917,0.0792198081570847,0.07971569709911239,0.08054217362594662,0.08864169553400493,0.10500602053449501,0.11277494224971697,0.11393204670705315,0.10004712102779421,0.09558413820078669,0.09855948446098267,0.11013021635520505,0.12087449693865279,0.12451099063079628,0.1258333762725059,0.11145257678085504,0.0962453184136117,0.094427069045934,0.09889009726184883,0.10467544807932425,0.10219598319633807,0.1026918973544254,0.10467542286326463,0.11062609016759697,0.11013024661447658,0.10467544807932425,0.09459236031673131,0.08963346585324243
0.010772082296529442,0.012617035451828957,0.007213946974141829,0.002996903938975787,0.010244944566786785,0.03225263405862155,0.038973554044675854,0.03594255343650396,0.03422937227459151,0.04253167479201662,0.0703378205082454,0.10802759699378528,0.14835313701362396,0.2508804094672879,0.42918279161175976,0.43590373371167823,0.01986507557705213,-0.6182270206878165,-1.0,-0.9255434716785903,-0.6205991065469805,-0.3117005573397768,-0.08213464350674005,0.05755488925409087,0.1152757255744652,0.1433454001998334,0.1559965730304721,0.14663999605873732,0.13069432386605664,0.11804315103541799,0.09998891787201024,0.08167115982016561,0.07178739234696682,0.07086491049214494,0.06862463934633295,0.06770213336729558,0.06743858033394065,0.06308977234161707,0.05202000616656467,0.03554720981401255,0.020128654744973818,0.004314727280290847,-0.0018790493219077954,-0.0020108278489365467,0.009058903144968277,0.008268207607286384,0.009322467737843116,0.014066650513103105,0.02263253018809861,0.024741020796530556,0.02526817310132006,0.022632504053531847,0.023159646306564908,0.022237162441391723,0.03080304010603594,0.03462471790743421,0.031198367645717037,0.02302785571742842
0.04755530616103252,0.06656437309290751,0.09122484271075451,0.11571405928507283,0.13215433056401743,0.14071694094083204,0.13386688189911441,0.12735927669492905,0.12958555581089706,0.14225830193183045,0.1342093461865517,0.11639911325880771,0.09430736614455594,0.06707818969797122,0.024949886127911113,-0.06581424522963053,-0.23552641368790972,-0.5194652556467074,-0.8491268628440023,-1.0,-0.8486128947153158,-0.49583221024088736,-0.1767864107594672,0.011934651554135043,0.10698012271539437,0.13369558705596563,0.1330106062315659,0.12821550011295244,0.13831947148076548,0.16109609492036672,0.17394010453473382,0.16863131243486945,0.14534086716525196,0.13438067237941556,0.1350656741036253,0.13420935663645672,0.11537158454773051,0.09653366616033399,0.08488843307562025,0.07341453663367536,0.06587939226850781,0.060228005257393316,0.049781580052048004,0.040362660045493576,0.03967764525890254,0.038136383542001835,0.03282752613023104,0.023579864392157816,0.017243497862881752,0.018271016124053914,0.013475931558369545,0.010393372856138668,0.020326053952636373,0.02940245742222839,0.03231375916221619,0.03025872525234812,0.021011060901798637,0.00902334883446865
0.0243991354324316,0.04371172156913141,0.06418969233607405,0.0889963684694905,0.1083090066716905,0.12179457060573684,0.11679987891792551,0.10248190700573188,0.10114999531778872,0.09515641811984944,0.07750869746516385,0.047374425375584686,0.026896454608642054,0.003588165949050354,-0.04386082934866604,-0.12727122862538523,-0.27977451242711937,-0.5461559356947735,-0.8529919783036816,-1.0,-0.8533251162318386,-0.5128582755647803,-0.2041886739833941,-0.012061673998609152,0.10747650726144534,0.17257324527819037,0.19421669591714444,0.20287411680921402,0.20853473894319197,0.2097002137356424,0.20054328913377695,0.1932178104070165,0.18322854894085766,0.16957654811131861,0.15342721159699585,0.14177307321981053,0.14293847689840708,0.13877627446171892,0.13411456831523486,0.12695556712045508,0.11563436348898712,0.10298135991991783,0.09548942397942069,0.08366870139947385,0.06369022926276612,0.04754095878273627,0.05320148440505536,0.04870634722264984,0.029227282284079118,0.012911484111403812,0.018905037816373493,0.025564545460479385,0.019404507239132677,0.004087629974775982,-0.003237829544894467,-0.00390378094425018,0.004587088861414511,0.011746066464014536
0.03175241279216422,0.038485402688472836,0.04153128838644878,0.039447269567520524,0.040088492958941326,0.05163080746836024,0.06429521522489082,0.06814270230533788,0.07215040108065669,0.07311227285076846,0.07711995206183095,0.09202880553898087,0.10677732993572123,0.13242685252024225,0.18484806430235712,0.22989515572696,0.09267004360359389,-0.31676137038974117,-0.8015374450584702,-1.0,-0.8222170204856268,-0.4846060402941461,-0.19604773736290626,-0.021630668314530373,0.0700663480242799,0.11238808474405998,0.14124388569079951,0.14348828739184216,0.14236608165025677,0.13531244337525716,0.12344949026927543,0.10469326709721628,0.0886622812444421,0.08689890591314074,0.08449425338871373,0.08673855726847488,0.09122725306715052,0.08994473291834777,0.08545611048563327,0.07455506827827592,0.06782201968919839,0.06782204903558284,0.06092873984099281,0.048745199494621055,0.038966328791400565,0.029828698598325137,0.02437816404422025,0.02341630572453469,0.01908794878839677,0.02245445107314719,0.032393641074649086,0.03704261459756149,0.025820952135131595,0.011393092624423468,0.005782257724910464,0.0036982327921521113,0.009629691003652695,0.016202375052106116
0.06877392920070484,0.06776847754900886,0.06977933995128614,0.08134176297590519,0.09122850312043519,0.10094769696130541,0.11183984785641671,0.13044035575331764,0.1468625725349862,0.15121941039741765,0.15088422576259009,0.15054906157831985,0.16227918428577873,0.188755457446867,0.21338858322643578,0.1528951188407034,-0.06628905172461894,-0.4346132165453191,-0.8253908509556532,-1.0,-0.8718082171737725,-0.5669956048786273,-0.2899982455359494,-0.1185715610986971,-0.033109806749125704,0.026545790633365478,0.06810364684591841,0.08284996090400651,0.09491511486711289,0.11418594601991491,0.1148562948390127,0.10496949334281068,0.10027744016971567,0.11318047391766159,0.12625105908190662,0.10966149538951235,0.09055823099092743,0.08653646528525817,0.09558540233453866,0.10078015577028498,0.09424482739968713,0.08251483250821164,0.07815793329410817,0.0741362238274716,0.0707847455892281,0.060395305182046805,0.0443083982948695,0.029897220301535285,0.02520521569851395,0.019005055346665817,0.0186699103347931,0.017496903751858476,0.02269163194394809,0.01347518242230095,0.01129674979080951,0.01783204269247198,0.023864645876301764,0.03458923257351562
0.06186678807750614,0.0741932962068922,0.07723024151883028,0.0856265678135767,0.09491613608151057,0.11653220157785878,0.1308238660303949,0.13654054271238106,0.1374337574331392,0.13600460733934314,0.128501490314869,0.1261791255003148,0.12189152260532274,0.11420977135747433,0.08348280451948166,0.010952895532136507,-0.17001479589251098,-0.4840743198171045,-0.8392207834130058,-1.0,-0.8519047180532301,-0.5201606785388773,-0.23450590380084027,-0.0721170824344005,0.011488824432722465,0.05221990775893694,0.07044173224416928,0.08741298635412129,0.11474573943342736,0.13832697215389733,0.14493677634886798,0.14011337979347022,0.13046655397975954,0.12207020043258383,0.12224881285401469,0.12171294288680702,0.11135152567474077,0.10116864457730342,0.09688120519688696,0.09920358091241287,0.09152184056553617,0.08616251953807218,0.08116044515541332,0.07723025241980198,0.06847664132684947,0.055792807520613406,0.05186262296073085,0.04418088261385415,0.038106956561819956,0.030961159763709944,0.019170570655904228,0.02131430533494855,0.03346217651571742,0.04346629394074149,0.043466307566956124,0.03328353275399292,0.02810281597223101,0.023100751127922394
0.07766274434141388,0.08715113982757103,0.09463234250486167,0.10849999487671262,0.11671118504469731,0.13094373652027863,0.14316926220161108,0.15995635792523144,0.16944469217269545,0.17309410631369715,0.16944474784423466,0.15703684220046105,0.14809582598924603,0.13331581173141377,0.10028889935034459,0.018177802472186397,-0.16812323765138396,-0.4865329318225665,-0.8419829720092309,-1.0,-0.8598650267002766,-0.5509448136102657,-0.27158360467959797,-0.1017043968752829,-0.004265897765672329,0.04354099547030557,0.06251778922619684,0.07693283479087472,0.10065382628984457,0.11050715984980954,0.10612788626265397,0.09627458610561253,0.09372001958895781,0.09609209480009294,0.10174859597403665,0.10120122226624845,0.10156618817582587,0.10320840950796105,0.1106896177524056,0.1141565405878877,0.11014224404461741,0.09937654859867112,0.08441408757255064,0.07474322304948958,0.06799186311689105,0.06799185198258322,0.059963239411003885,0.041533847198670426,0.020549904823196886,0.004492622964657672,0.008871884721611153,0.02328693585344295,0.03368767443643692,0.04281113324057474,0.04846769286963462,0.04208123482434343,0.028213607504685115,0.019820026935845652
0.035395214314123874,0.04654370411921989,0.0532681608955135,0.06193926131270232,0.0667171500352187,0.07432643501359221,0.0783965313624828,0.07061031313817243,0.0730877295214789,0.07538819646160896,0.07344165000415115,0.05857696813559724,0.04017315162835896,0.015044766313920065,-0.016808075776812446,-0.07732851340778621,-0.2109337439742338,-0.48486934216748434,-0.8371973554382643,-1.0,-0.8030445903646971,-0.38152425887871555,-0.02707177787292747,0.1597983179642182,0.23164435951539997,0.23996157724347553,0.21501009682980424,0.17767128074284738,0.14829597786448806,0.12635286474616975,0.11378865521682574,0.11325778529097708,0.11573525026600225,0.1060023614053974,0.09361513371370896,0.09096071389642751,0.10847986957306141,0.1203362273389012,0.11750484188120378,0.10458664708022927,0.08989900643920931,0.07857352939737791,0.07662693974728126,0.06724802536014722,0.06618625851305061,0.06193923431730304,0.06477060897684074,0.06707103812341182,0.054329949338929526,0.029201584271040085,0.009382037916279087,0.002126665828121776,-0.0008816601305260465,-0.012207116250923017,-0.018400742244696917,-0.009021832581757754,0.0017727454298101491,0.004250192604743921
0.02876557761528084,0.04378719846326989,0.06481748139979142,0.09228552249551382,0.11574788853005329,0.1276221126643559,0.1326293418017689,0.14478965689987502,0.15537635821047188,0.15408876554886453,0.14736481603387663,0.15852372546129356,0.17426069266146746,0.16524769243575685,0.1290527944565535,0.06009636068565731,-0.11830324069822645,-0.458079114497228,-0.8383395047849459,-1.0,-0.8683822336088343,-0.5722438305814967,-0.29312670503456656,-0.11243763391255063,-0.01143512527995371,0.04965277469486378,0.10001095624883018,0.1333446826978677,0.14107002042406938,0.13978248887062591,0.1429298473917099,0.13277242220262145,0.1251900775798953,0.12032590265412177,0.11560482558867614,0.10415976408929184,0.10101239683847016,0.10587651938581753,0.11102683765382075,0.10144160312207698,0.08270031851785198,0.06453129004400442,0.05294322671140685,0.05008195915412635,0.05465999073767023,0.05852270324945956,0.06796483555600656,0.06538972443556228,0.043357994362097495,0.018894230295389326,0.011741091274259258,0.010310466088954555,0.006876953040664465,0.012313331854791394,0.009595139924288126,0.008450634483640885,0.011454959526212463,0.023901434334806442
0.06877555168842314,0.07313106505703651,0.07195841288533063,0.07748657842564988,0.09256336333399323,0.11300074823489993,0.11216318115931805,0.10730510403455731,0.10881272885943918,0.11383832553256801,0.11836140444893728,0.11099048298822432,0.09825895642390493,0.07363361859109768,0.03158618895101377,-0.05317871018980322,-0.2279019926880367,-0.5244126563965149,-0.8475578651985559,-1.0,-0.8643094111519174,-0.5307786854529153,-0.2077995651071767,0.004950583475729477,0.10981794837050955,0.14951998933497068,0.15638836237266554,0.1600737822146773,0.16543439754036993,0.17347533586203812,0.17163260038581676,0.16241910700226145,0.13662104544314502,0.12238190427602993,0.1233870011220661,0.12221433361723093,0.11316826778326802,0.10077180075985717,0.09005054966429955,0.07899425947200577,0.07865918970901103,0.08871035750005321,0.0985940057427273,0.0980914675417954,0.08938043569352556,0.07966432233234884,0.07145585424022637,0.06190722465011609,0.0555415175894304,0.053028719252865994,0.039124599293836264,0.01600688500815012,0.005955693019513317,0.0019352355981063145,-0.005435624849529736,-0.014984268495008508,-0.032071229206773355,-0.042792477746809415
0.05793637075527461,0.06966227453973527,0.07803786980300037,0.08585514656424183,0.09851165879431904,0.10000068795857305,0.10558437838317775,0.1227079553912139,0.12717496906086595,0.12066059068883396,0.09869780092676511,0.07208189511350352,0.03727648506111599,0.011032846831563045,-0.014466308758554716,-0.08091293975977722,-0.23074397735985835,-0.5073272334148865,-0.8425386227892309,-1.0,-0.8425388953668678,-0.4894590424474599,-0.16485554560794335,0.023503215154600195,0.1182409190067588,0.15118517463362166,0.15825795100948803,0.1621664417438888,0.1759398010899417,0.1936217988166153,0.19511073144295624,0.18543221507567864,0.18561832881462087,0.17873165482029518,0.1718450716851818,0.15527994946798768,0.1375979630987156,0.12494141111773302,0.11340163242961614,0.09590590176680548,0.08585521470865104,0.09069438203307759,0.0916249961573949,0.09069438203307759,0.07636278936551257,0.06054213346148894,0.04714111800668625,0.03355397461618942,0.02499222018437594,0.008054839101166167,-0.007579673095459221,-0.022097434869298955,-0.030286927751023353,-0.03475394709937617,-0.02991469175508773,-0.020980698487988243,-0.004973913228595272,0.0019127110770986886
0.059097011824949856,0.05567768206335634,0.07061478567944102,0.09760959200141363,0.11758576800716496,0.13252295398471942,0.13882181643486136,0.1424211224802538,0.13918165918716613,0.1492597380773236,0.15753819688937273,0.16041754289192295,0.17499475433882095,0.18273330626253192,0.15069940558783404,0.060716644637729925,-0.12896686082515693,-0.45992447929780184,-0.8353323194628197,-1.0,-0.8450501822286759,-0.5227324137160172,-0.2495440306439174,-0.09153397911931178,-0.006410382909633536,0.04326007071598776,0.06359612790939645,0.0778133758071673,0.08753151311125619,0.09293048316087416,0.10390836110855645,0.10768764343774782,0.10408831542929677,0.0965297782247373,0.09527002659961459,0.09526999914579132,0.10678781692639971,0.11668597444040477,0.10966728372577228,0.08159265813635866,0.05945693144795979,0.058737103183469225,0.06467592521377884,0.06683550335024965,0.06539577544132802,0.0635961224186318,0.0711547035493085,0.0724144551744312,0.06467595266760211,0.05315812665084674,0.04110047610722299,0.02832292317378586,0.029222753803207463,0.030842438778251734,0.02220409877854522,0.0018680264855337348,-0.010729543300648651,-0.0159485329483942
0.03703728737509842,0.05145135501238595,0.06509045014984838,0.07872953110103689,0.08895888910200797,0.1018230873997728,0.11825199369020416,0.1301862533607267,0.1337509613533932,0.13142610532777152,0.1309611170991185,0.1300312541320037,0.13127111555656448,0.1256914648780788,0.09376354363687871,0.020763346620989526,-0.14662574282551077,-0.4669907820999753,-0.8341609448084566,-1.0,-0.8457852911391766,-0.5134879782725366,-0.22784058154583967,-0.06928577133306534,0.007589223457074608,0.043391860901450516,0.060130772742464804,0.07981446895700217,0.10972751844375266,0.12150682617313191,0.12057687808837367,0.11778705274913083,0.12662148862296455,0.13266606132749167,0.12522656176706923,0.11592709037700277,0.10833261996040515,0.09593342880632522,0.08508410699176797,0.07485480573589252,0.06617535963326585,0.06912016055744183,0.07531978923578758,0.07469981596468547,0.06757030067543508,0.06044071918357312,0.058890826200260586,0.0561010386910815,0.05455114570776898,0.05315621412311568,0.04695663746110759,0.04153198364696592,0.04122200410455182,0.04633667837627939,0.052691268453284375,0.05641100877597967,0.049126496622385274,0.03951712371441122
0.06046514789126081,0.08130786909403023,0.10179127660731087,0.11454850237071755,0.11904047169158764,0.12425116706784214,0.11922011757228683,0.11832175660024842,0.118681059325692,0.11257195912121826,0.08957306523431818,0.07735491964559674,0.07573785454626433,0.05363733807747046,-0.0038598747116893235,-0.09837090922279607,-0.2658320956351838,-0.5482883106483775,-0.8699133578788569,-1.0,-0.8370319231691837,-0.5064229811531449,-0.2113890985448821,-0.032069436564730894,0.06190255614584883,0.11508748386899592,0.13754733047334639,0.1470703492897718,0.14742973972757703,0.1398832312685153,0.1370083599391132,0.146890670516937,0.15192178579676358,0.1452735834895142,0.13395380983687635,0.12964147543266022,0.12335276223962292,0.12586823216717455,0.12371210882124732,0.12712597261297298,0.12281375881325414,0.11131422963946505,0.09586185517567193,0.08615919596056994,0.07034744202301679,0.05920740744546239,0.04914539616671339,0.045192430272212085,0.04483308369058769,0.04303629870325095,0.03674754987706672,0.02704486873387431,0.023990346041750456,0.01698286088138943,0.01931869726279273,0.019498367812593634,0.02434969810539746,0.01716254445099401
0.049107702907262574,0.05191332449893188,0.05696337944988127,0.0694950938808195,0.08165268282349825,0.07772482172574056,0.06163943445803705,0.0451798418095049,0.03582788872502565,0.016749828534747276,-0.013737694453830263,-0.038239932943337974,-0.05170679274986839,-0.07415160855139047,-0.10613546871458196,-0.1570103948032671,-0.28008306010047257,-0.5415659835150348,-0.8597211574084721,-1.0,-0.8408303539871343,-0.4731090997262633,-0.1278321562317449,0.08950835365950487,0.1951860555214087,0.22960153733347585,0.25298170965523725,0.26401697349264636,0.2786061555511404,0.2836562105020898,0.2864619690524491,0.27262092383823233,0.25279460125821085,0.2340904953578294,0.2148253610101971,0.1893877495939403,0.1643243777981847,0.1499223155499413,0.1405703196658714,0.11719030712924837,0.09119172433186161,0.0910046844141802,0.09044358748758435,0.07491923437374377,0.04854661739389089,0.027037024007224138,0.020116538493094305,0.020303581264081744,0.021612860687851527,0.016001654597491474,0.005527433473863423,-0.007752415572206709,-0.014485854837882364,-0.011493217938296281,-0.008500579344559734,-0.009061701148417645,-0.01990999675745966,-0.03337688652370351
0.06163548021348059,0.0714242536898459,0.08975590520889862,0.11075722715796969,0.11502872591052987,0.11858828286381394,0.1207239996594305,0.12090203126518953,0.11324899630488314,0.09705297469967755,0.08441659692952545,0.0856624652126504,0.08833212478244758,0.06804267404121497,0.026573967487142865,-0.05280395382904434,-0.20817836342577373,-0.4963250097675255,-0.8394652531387883,-1.0,-0.857618503804562,-0.5212419627416199,-0.22259463370489022,-0.040345520782881866,0.06430515607360952,0.10506196426929024,0.11823232825450765,0.12446157735825242,0.13674202223954057,0.14653073055457883,0.14564087661197664,0.1490224345401652,0.15489570731416133,0.15471775172995053,0.13389437450486907,0.12143590887804308,0.11413875250549473,0.10986739493580985,0.10043459778919318,0.09117972907623437,0.08904400685050722,0.09545114637713573,0.08886605669640701,0.0787213394709566,0.07267010568263908,0.05789797853620691,0.04953301806695617,0.05433842972808872,0.05594022546996702,0.06056763267589349,0.048999107873439085,0.03743058307098469,0.02746385672546388,0.025328126354570855,0.025506103659223997,0.016963190320817764,0.010200050028942975,0.0009452315445071028
0.08766374550693735,0.0924871176357274,0.10282283696926965,0.1191877635801881,0.13262422289020123,0.13710309171378743,0.14296000529263442,0.14830005879885744,0.15019501618415126,0.1433045401322837,0.14020377913284918,0.14089274369732957,0.13072932857379832,0.10333962871726177,0.06268571594757309,-0.008286300910666516,-0.1874392458792416,-0.4987184479860052,-0.8399693325306834,-1.0,-0.8635688705968095,-0.5503971813029802,-0.26788605491969125,-0.11353853572323754,-0.044461355368250806,0.0010158520080494745,0.03426244967621027,0.06854262427067916,0.09420968146341473,0.1048899461480881,0.10609579706389696,0.11712055454229235,0.12762853603991833,0.1257337153038882,0.11746507887045982,0.11884320771757516,0.12521692881163698,0.12383878945303982,0.12073802845360532,0.11126365147492719,0.11040231963154487,0.1091965160174042,0.106957086861352,0.10075564895433756,0.08886960167848713,0.07457182103657352,0.05579523726783507,0.04270330228598941,0.04201426151326584,0.053039029503143036,0.04339235619806526,0.03150625767874097,0.026855181876350588,0.028233280502955694,0.028577803517187937,0.026855183190285816,0.03133399945646292,0.04184200197705256
0.08378305686239915,0.08829375629982622,0.08534447928728224,0.08881424279214832,0.10893891240697863,0.13999335373557456,0.16011810804088078,0.15352549439309376,0.1392993893896609,0.12906357143549946,0.11900129485278649,0.1016523397064327,0.09280445573725331,0.06764864253791177,0.006754174990161154,-0.0989002597670881,-0.27048083497207365,-0.5414709002463063,-0.8499328805927406,-1.0,-0.8589541947771189,-0.5279389713149769,-0.20802484839936586,-0.0020937354447919643,0.10893888064805017,0.15942408017711018,0.17243582961909268,0.1599445454968133,0.14103431613390927,0.13270686043234978,0.1384320212943221,0.1361766715756086,0.12177706754596519,0.11605192785661185,0.10963289792551127,0.1091123796742607,0.1049486465303262,0.11362306852537829,0.11622545864175084,0.11171469568646683,0.10251981366486637,0.08152769655737611,0.06782210980519383,0.0515141991010733,0.03329791688133,0.020633257791154422,0.02739930463153984,0.04683002710320941,0.0480444276564751,0.04058442209415294,0.0381555892286931,0.03555326527675485,0.02948116591035234,0.020806737629679006,0.024623487608190147,0.031910002745678234,0.02913418109081814,0.01074440050650865
0.04788912064453191,0.0704377228187572,0.09263124248093745,0.10221881428649697,0.10576976399825287,0.10257396451120802,0.09866789165980747,0.11784304068793981,0.13133677743412567,0.13666318575071967,0.12050620692714385,0.10346160714141459,0.08801495585232726,0.06298069483858745,0.01877123672072244,-0.06733956802565552,-0.2331698101216395,-0.5243498316228827,-0.8538793169603452,-1.0,-0.8398529794683982,-0.4936339362296519,-0.18079292539081693,0.013977433889776174,0.11784300818586013,0.1455405979492024,0.15015683582469305,0.1563710601159186,0.17430343254017316,0.18122778393639585,0.19010517446682543,0.1950765734010537,0.18282569451394484,0.17092995501752045,0.16507088095100594,0.15903426969122889,0.14074674704226325,0.11606756041504858,0.08819254179870935,0.06511128741709678,0.05232781861825334,0.05037478219255307,0.050197244999290506,0.05392576169788201,0.042562677117351566,0.029779208318508138,0.02551806649759574,0.011491756937123492,0.007763249549023561,0.0031470049022663186,0.004034746392965255,-4.886094319121877e-05,0.0006613372601052148,0.006697965448048782,0.00030624120552696845,0.002791904107801452,0.013977438291099464,0.025162962317497574
0.04758373728543067,0.06880064837099338,0.09416149054399117,0.11040569089907719,0.12383202327311835,0.14339133208583948,0.15201078399981785,0.16245338019290764,0.17355910529155696,0.17969214241742515,0.18284142313327925,0.1753824417467644,0.17621120621800898,0.17090702459416768,0.14272829421106228,0.043274061901098344,-0.15977835403532736,-0.4881442278733497,-0.8312599205149374,-1.0,-0.8814847183929405,-0.5919085578493306,-0.32454139978642815,-0.15364522587867685,-0.05286494057685404,0.006807535087576698,0.04045620909185054,0.07078974176626229,0.09117783022202507,0.09963143922242532,0.1079192963400298,0.11256050077628209,0.11521266238992232,0.10791931656909252,0.11140018196678912,0.11836199367843327,0.11803044945471623,0.1051014384735163,0.0920066402086608,0.08504482849701667,0.08537632214807685,0.08288996298988924,0.08090088982368306,0.07543090574438913,0.07526515386159335,0.07377334645830588,0.07609398407729182,0.08090088982368306,0.07758574596518814,0.06034704948512451,0.04692069941065345,0.04095346726887072,0.03680955135323269,0.025372308581511183,0.015095376954364338,0.011614480343856096,0.006476026264719458,0.0021663344442736567
0.02748550274018116,0.034842917984008764,0.04069882954250252,0.05286109735150102,0.06622452046496133,0.07763608224264412,0.08199044201388525,0.0740324514083943,0.06442273711578228,0.06742575364872021,0.07988832402723953,0.06877711979269902,0.02838641961101386,-0.019061406988383454,-0.06741013213407299,-0.14834175708036565,-0.301947153586911,-0.5629111493238502,-0.8666665387107002,-1.0,-0.8181674904876832,-0.4156121892376743,-0.030773218652533164,0.21487446646090097,0.3267373385282701,0.341752540302473,0.3171278395490088,0.27748786372317985,0.24175174800295954,0.20571531138867796,0.17343267521794709,0.14940845133174113,0.14355254206381493,0.1351440426304213,0.11697573717441179,0.1024110808771926,0.09250102278484365,0.08108956179213353,0.06592425454452149,0.05601424684465888,0.05196018506180344,0.05466290360635569,0.05316139075875159,0.04955774618109641,0.050158351320138045,0.05406226181823307,0.05241061142927394,0.033641712287060616,0.018176120794468238,0.01156946311972646,0.00481265530550805,0.003160992318427331,0.0027105396094298847,-0.0004426405200691022,-0.003896117063188587,-0.004646877066002446,-0.0029952154210511573,-0.0037459684984771564
0.05981757542213582,0.06410693594589162,0.07302884310684728,0.09275995334032079,0.12055503424236029,0.14646288205004593,0.16104681828440695,0.17151284571301545,0.16962554456668588,0.167566595398577,0.1536690627997083,0.1533259342687052,0.16259096996066397,0.15349741477792897,0.09704932171622764,-0.006067149005629997,-0.18158834636442003,-0.48115900632564246,-0.8334018117206952,-1.0,-0.8637705817002544,-0.5547647770468982,-0.2845335433503647,-0.12531160294275845,-0.047588284614698106,-0.013959597286833299,0.004570498962229201,0.03442449893246526,0.06256277380009988,0.08400958950579725,0.09722084933835766,0.11231935273480666,0.11763827421627837,0.10700065111356413,0.1049417071802226,0.10528485141552779,0.10305436939052151,0.10288284176839149,0.10288285747269357,0.09670614083755091,0.08263704397318067,0.0845242823023019,0.08452436605857969,0.08109282947971533,0.08795582411593361,0.09842187771837893,0.09361777990259591,0.0802349505697666,0.06445006971166208,0.052782974642277075,0.0490083383236301,0.049351500880621055,0.056729224956715535,0.06307750847474342,0.06307748230090661,0.04832206293993813,0.03802757098561069,0.03219402475961003
0.04903016839088469,0.06309968317295656,0.08845578134746943,0.11814098820786975,0.1343750290298254,0.14102335177115446,0.14040490160822913,0.14195099399530586,0.14380626900925536,0.14751693224939413,0.15014532421453186,0.14890842388868117,0.16189566975434036,0.1713268908650637,0.1502998400531417,0.050730868601516106,-0.16015764154884649,-0.4876231771875436,-0.8342587904406163,-1.0,-0.8984215254435912,-0.6199702101128084,-0.3481643023081801,-0.17469092319546248,-0.07666788846408391,-0.01915293844429909,0.01996343999646966,0.06263581960629093,0.10329835411602131,0.11953244210974354,0.133911217352103,0.15045455401317118,0.14968151253680947,0.14751698885551404,0.14597081155925745,0.14705307339990517,0.141950937389186,0.13468425882846471,0.13700349646978965,0.13607579763951835,0.11473952646331036,0.09510395785632211,0.08258054253709197,0.08010683151174712,0.07763305444592906,0.0719124729894612,0.06866567803316471,0.06727418639387765,0.06108978382533409,0.052740810403728494,0.036970576542318584,0.022746432709397076,0.02150955596942969,0.02676628919005607,0.02568401791505503,0.006821579231490842,-0.010340143910617796,-0.013741574993528906
0.049718551084904514,0.055563103521524694,0.06300163094492742,0.07451366050817958,0.09045332932230807,0.09364121985649537,0.09293276191272849,0.08939065051202745,0.10409058141662653,0.12977127812945463,0.15208693875156987,0.17369407118338084,0.19707230254418073,0.2170856058858637,0.22523256153334442,0.1774132578940701,-0.01846795795135848,-0.38419659060389194,-0.8108498938233184,-1.0,-0.8498130760023916,-0.5237579585148882,-0.25065673426253854,-0.0940929592877555,-0.012977626381252048,0.03431014467490421,0.05928235237338161,0.07221120596331096,0.08390031624013111,0.09541236741770247,0.09966295297290981,0.09913162977850888,0.0947038608417174,0.09116172242311736,0.08868221958615956,0.0833689768349908,0.07415940722018705,0.06477271366317693,0.060167896434296264,0.05715705149040825,0.05892814231402746,0.0624703023469467,0.056979949162521075,0.04777036333697793,0.0359041264161615,0.04405109557259171,0.06211604905895417,0.0713256835167155,0.07327388477359159,0.06973171393351275,0.059282368584121004,0.04050891392535328,0.025454764856030362,0.017484914238226724,0.01713069641122662,0.01358854237290372,0.01925599222834392,0.02580897086269966
0.02192805800083434,0.027474465695794745,0.0368725606128419,0.05258742041183054,0.050738623330889215,0.04041612517276098,0.02870700335056951,0.020079247993214387,0.015611297819503269,0.01129741250233379,0.016381635028890097,0.019000766968913042,0.026704132011865722,0.038105107668837485,0.03718068562531477,-0.0010279684522361003,-0.13106089697646725,-0.4350364926147004,-0.819895848849754,-1.0,-0.809419353993935,-0.3914353978672766,-0.0504835362680986,0.12977527906651654,0.19371335793237382,0.19417550314558943,0.17229779055136257,0.15365556451068604,0.14841731708277658,0.14194656960497565,0.1411761677621957,0.13855700644335767,0.12885082881933133,0.121455537082137,0.10835985270381761,0.09110422212354188,0.08571188868634394,0.09541811331647437,0.1075895260708042,0.10851386350333952,0.09510996950155985,0.08602005130370009,0.08586598409685325,0.08309275557116838,0.07662191408115923,0.06445060944086886,0.05659314898740687,0.045962535218026596,0.04580846801117975,0.05381997216843653,0.0584419930744523,0.047503221388326286,0.03625631293820137,0.030555840386699326,0.031942417044658465,0.022852454190999797,0.009294536463019594,0.00436438055573383
0.06343259269252688,0.05946455311500832,0.0661380557127052,0.07948507741697146,0.09788226777666109,0.09986634809795289,0.09517678824761026,0.08453530110196986,0.07677963090566564,0.0663184316536931,0.04719976779631815,0.02717924074287625,0.0008459499041891877,-0.021158572862572916,-0.051640263398763604,-0.11512878107695294,-0.25887993148975025,-0.5348395368255804,-0.8587747400981883,-1.0,-0.8479531081357751,-0.5039970448807963,-0.20116304220727588,-0.024765868812551935,0.0755170268335379,0.1348572500582858,0.16587995285533264,0.1866220414537799,0.19365619688021754,0.19293467110443596,0.18662194240054486,0.18608086960715622,0.1824735488938684,0.1667818435661871,0.16119051957301256,0.16984803645651123,0.17093020405511855,0.16624082580237345,0.149106002887639,0.13070873548654435,0.11447586931815436,0.10455578688323047,0.09012659758035689,0.07695998483482352,0.06487550116719498,0.06523623654029825,0.0738937149030944,0.07443483172014308,0.062350397579132036,0.04503535555769848,0.03818151278823746,0.02772033829957367,0.02122718412807717,0.017078794060749167,0.015094783902165518,0.016357336384066674,0.013471496047161082,0.013471495015356551
0.023193087975762434,0.02349239382491723,0.026086415900923306,0.03272113619151521,0.041650568142958665,0.045541606583967484,0.047038140395741196,0.04574113772873769,0.052974454497640044,0.08410283508170648,0.14775641471522513,0.2438352162678228,0.34160980577298,0.3833134070418634,0.34470248524692115,0.2433862384690917,0.04638963754023953,-0.3160753117399035,-0.7655900476888053,-1.0,-0.871246892110342,-0.5374154246266807,-0.22752966702733288,-0.03173041734309274,0.07003522730544423,0.11707702410588913,0.13428744603327095,0.1382782637446641,0.1293987214284128,0.11632878459600074,0.10480524838055584,0.09328176086910818,0.08265622286712312,0.07492402496629826,0.06933686677674859,0.0602078564985376,0.05197679877378901,0.048035860043588625,0.044244570432965855,0.03995444839441783,0.03661216702252446,0.03341951498420982,0.029678131750778273,0.02608641742292322,0.020698829950141544,0.015810092408284137,0.0101730786382904,0.007628940299726819,0.006282041719281496,0.006232153606089245,0.005184570006798202,0.0060326161830693914,0.0060825012522618144,0.004186869003449722,-0.0005023252176381631,-0.005291303275110123,-0.0052414121179180425,-0.001849229695833154
0.029104052573761863,0.018021849186722855,0.00986413355262562,0.01602089247099388,0.02417862101935959,0.028334446702487016,0.035106895718387425,0.05219195399029605,0.05373115164455287,0.042033271074250186,0.021100249191334106,0.003707355262854647,-0.0038346918464089133,0.004938704346272164,0.017252248011545637,-0.00922187145580453,-0.14667191239070168,-0.45605093675047115,-0.836846748636119,-1.0,-0.7949807753117512,-0.38432446976269113,-0.057090783607787014,0.12160964562913017,0.20488019129383758,0.22473581802287207,0.20611154566036494,0.18056081106418895,0.16132086151841812,0.15254747104910601,0.15085433061854517,0.1491611901879843,0.14577503142540088,0.1428504708829459,0.13900250727193844,0.1359241964931821,0.13376922303761143,0.13038303609844226,0.12376452516274827,0.11576065603495374,0.11037349007359185,0.1072950196275162,0.09867555784621528,0.08543846083726528,0.0634280625848581,0.046958674452066695,0.04372638332822529,0.03957056234119549,0.03341379050855876,0.03356770510827706,0.02479430055067208,0.01602090655928676,0.007093579770804852,-0.0021415702369268195,-0.005066046946701514,-0.00014062742604941395,0.0037073493927326138,0.007709255193031915
0.07464598573186369,0.08154579511925898,0.09983026368159689,0.12380712761705517,0.12604954461655093,0.11845980691893536,0.11656233828599397,0.11621733729092035,0.10862751012482205,0.10034775991135539,0.09569037278630779,0.09534541389404957,0.0799933064299835,0.05325655294810461,0.0032329177852199547,-0.0778398754094993,-0.23567353090565535,-0.520464300146412,-0.8571743667090713,-1.0,-0.8563122694609855,-0.5563433510636828,-0.31502157042618595,-0.17823219672743554,-0.08646466872085497,-0.01591405194908901,0.029107203645808807,0.054119015964399206,0.07016113068146444,0.08913558018254189,0.11173240856059416,0.13553678252421947,0.15589116758851634,0.16330853635989323,0.15399390946965194,0.14519655776938828,0.12639449298310532,0.11173244013770571,0.11276737996870345,0.12018475926578419,0.12587707043327376,0.1269120313156792,0.11707980293864091,0.11932226204095207,0.11449237441836767,0.10604011844451229,0.10466011446421783,0.11138742861692824,0.11587233629584673,0.11121497548505875,0.09741536723597201,0.0913780077077415,0.10241768167616629,0.09500037079616057,0.0755084198024727,0.04963413986259226,0.03617950103146759,0.02617478070902686
0.056173437591299946,0.06468407327236464,0.0815352092999663,0.09464160746374863,0.09855646508241242,0.0994075520200438,0.10042888334998577,0.10281183745183621,0.11523743461611982,0.12170561017318306,0.11983313997333213,0.11132254064486173,0.10076925788359635,0.09345010963991239,0.07353517177191177,0.008513692768598834,-0.16952947028259668,-0.49531896914967344,-0.8534479436305721,-1.0,-0.8372768971302664,-0.4994040867403311,-0.2141255865888752,-0.05003964573193821,0.019577555506577228,0.05464147694898127,0.08391818417472777,0.10774810429885832,0.11523747616194187,0.11540763746260838,0.11693956694556051,0.11421610328617784,0.10876924867260107,0.09974793694010987,0.10468419340067649,0.10910970629785575,0.11813102841680247,0.10570552473061846,0.09583311048081262,0.08919476323662738,0.08936500243571023,0.0849394843453032,0.07710963927728172,0.0815352092999663,0.08459903191327628,0.07966281180530398,0.07302454765276283,0.06962024664128715,0.06996067310717528,0.06349260141466717,0.05208828364804798,0.0393222989670844,0.038641456421763636,0.052428717903777754,0.05736489906254189,0.04817340785308704,0.03149247856689475,0.024854168973610733
0.04759247985899115,0.05370200303456918,0.07012137168953934,0.09513218504292062,0.09837785448524396,0.09475030525810785,0.09112277350617466,0.07623081913923796,0.053701985559366235,0.04205573558515877,0.020290556723694956,-0.01865760473567341,-0.052259955988548136,-0.07574345408004593,-0.09426291689864523,-0.14065707010415107,-0.2876678556068953,-0.5717614842180749,-0.8827743814457409,-1.0,-0.8316076396406283,-0.5087570399403955,-0.20996212890157373,-0.025912659501938308,0.0810038795693242,0.13637141550873036,0.16959195105253644,0.198612286618949,0.221141131848956,0.23584213467335102,0.2490158513612008,0.259898452442068,0.26180779311545543,0.25588908168079555,0.23717866149458694,0.21388598679414259,0.19823037188373033,0.18142921081996205,0.1716920393910979,0.16138234536346457,0.1527907899887682,0.13980804231866303,0.11899746389308119,0.10066892349168535,0.08310405528390037,0.07909467869756029,0.06649379333706498,0.05122000578585669,0.030409450660545418,0.006735060005315863,-0.006056728567862989,-0.013120862646241394,-0.010257021291255464,-0.014457316654131715,-0.02553082340513288,-0.018848538803012155,-0.009302412117772042,-0.0077750324160777195
0.045078713551902905,0.04348046633487011,0.034778856313550426,0.031582370006620175,0.05058378037634502,0.06638875049290649,0.0875211011650761,0.09870889941043341,0.09817610609035234,0.09693302281451396,0.09249340717797845,0.09125035641068142,0.09142797224434251,0.07065069611487867,0.03868570301141085,-0.036964793489609855,-0.20993115804369125,-0.5260307554261688,-0.8614850930960254,-1.0,-0.8394656276756098,-0.5276290053522468,-0.2584116441973574,-0.10320342794018512,-0.0019808908010340892,0.07011794072142916,0.12357059743574211,0.1610407007083738,0.1876782103125193,0.20064179304626228,0.199931503090505,0.1970901698885887,0.20579181783653996,0.21325033916393107,0.21147457092981606,0.19709019156094962,0.18679031535928134,0.1763128991772151,0.16299404143142815,0.13830995923978054,0.11646722108622966,0.10119504428974925,0.08858661737006536,0.07899711239550773,0.07189378480880727,0.06052845741923241,0.048807952543237575,0.044901127517738025,0.04081670833093828,0.030694458799111562,0.012580946091669784,-0.00091539017305421,-0.012103140163545485,-0.015299640015701289,-0.010149718169137826,0.0026362764986564476,0.015599868036796043,0.020039457937402992
0.0010702323903928053,0.01183440551093953,0.02762190562930021,0.03228637074644119,0.02367501464687029,0.008963959345460404,0.0168577083044449,0.025110246531176612,0.017575308843856233,-0.005388280283501989,-0.03911606893610721,-0.09975433769850056,-0.1812033411606176,-0.26265242383683546,-0.33692527227820424,-0.425909182622158,-0.5787607819946334,-0.8069613621698085,-1.0,-0.9985647109055098,-0.7822033294151923,-0.46178996652746596,-0.1873030381620649,0.01685769950287814,0.1621742071606149,0.27699231782678274,0.3527003321407072,0.40975057400173526,0.44993701395291175,0.4764887708067033,0.47541230398583567,0.4581896445960944,0.44563139311331024,0.4302026690603466,0.40436859196006714,0.35664720111922016,0.3092847733770639,0.2640751912609754,0.23142382542140408,0.20881906076806012,0.18657304797580465,0.15786856871787985,0.1255760251519311,0.09364224224863758,0.06601417700217993,0.03802725867661606,0.01757531764542299,0.012193227784562093,0.001429032660098472,-0.012564408899549944,-0.03552800462808323,-0.06746176332706816,-0.07643191529556133,-0.06423251249109999,-0.04665101102421097,-0.03481039528710514,-0.041268905760608245,-0.04736860716283892
0.055269678126178515,0.05931995131693503,0.07754628622884022,0.11112994496254608,0.13526285297422563,0.14521982283958682,0.14825763199891726,0.13711930735178135,0.11737409875391852,0.11872422586016286,0.11062367947864983,0.10353559197961161,0.09644760745959864,0.08362167799364557,0.04396259145247552,-0.04244358159673136,-0.22791327534782524,-0.532023682970035,-0.8636403649170067,-1.0,-0.8413643540926914,-0.5168351005789963,-0.2296010191883265,-0.04311861425614596,0.057294801849178616,0.0988102449378304,0.10775469413330163,0.11484270954702218,0.12074932898735792,0.13374407711834196,0.1404945169894157,0.1499452522645882,0.13779436575595227,0.11804916745599196,0.11096114174436889,0.12007430147689459,0.1126488340953575,0.09543501985334227,0.08092151131332835,0.07417099935693694,0.0743397665324553,0.08109026819094418,0.09881029642734303,0.10572952921869143,0.09779769337423287,0.08497179480198738,0.07265213596888181,0.055100885205903845,0.03940602445859082,0.032318021917248425,0.024892485024869314,0.022698579966734883,0.030630397789864018,0.04581898919156736,0.04784413865932377,0.03468068256576087,0.01898581345140205,0.012066574545674016
0.04272007893835911,0.05413059975581935,0.06168166950689395,0.07577702974418261,0.08030770026487,0.08651632086804019,0.09423521276151055,0.09775901698327943,0.10027604194018779,0.10732378349463775,0.13115164023197207,0.14944201134620516,0.1771293677866046,0.22478508126127322,0.2556605669207472,0.17964631082910545,-0.056282864302657665,-0.4314887822103746,-0.8248161278864762,-1.0,-0.8652558783315625,-0.5538164408593432,-0.27711049381172603,-0.10645564881108886,-0.030944859146634453,0.015368400060479279,0.05748663815134763,0.10413552116465102,0.13903835938748865,0.15867120524787853,0.1581677388206912,0.1556506729065791,0.15414047841103598,0.1531336581889717,0.14289769526173873,0.11604943929401723,0.0905435863973459,0.07829403934213956,0.08265689284008165,0.08802655120113662,0.08416711293387713,0.0789651999204609,0.06973615960830162,0.06638007513591912,0.05178136622340395,0.04037087868367176,0.03214856643986831,0.02912815441035493,0.02577209937596263,0.016878618874362143,0.0019442640771646642,-0.009130636453865621,-0.006278022248408278,0.00949534118773681,0.015368401340391897,0.013690384062496685,0.010502154690259849,0.002447667788633718
0.038320528276690094,0.03745695369051121,0.03716908890807469,0.03429043449666581,0.037888721222469945,0.05242581039747012,0.07214440198157333,0.08178779863787726,0.08768897727499936,0.09646878617103724,0.1015063375256319,0.09402193661816732,0.07746985544518477,0.06091777427220219,0.028677100880849522,-0.04847007456526296,-0.22838461724950176,-0.5422999976876672,-0.8685909048006822,-1.0,-0.865423994775585,-0.5860554973143685,-0.3314398097478032,-0.16937248835201507,-0.07135515460367492,-0.019539858248176944,0.011837170089353647,0.04177488370911656,0.08092425039987265,0.1177706088082077,0.14339042294305682,0.15073091890531798,0.1645483055041248,0.17865369521328314,0.18038097612651233,0.1697300252856657,0.1641165994512394,0.15936690190067535,0.15907898661757142,0.16210149108215394,0.1649801696460559,0.16152581860499182,0.15029922163515735,0.13777711128405243,0.12554296891239997,0.11302094638854265,0.10193822801573728,0.10021097345068239,0.10927868006437466,0.10352141954654309,0.09373411794503579,0.08481036019017071,0.0768941478371236,0.07948491550928405,0.07603052055459616,0.08149990970294763,0.07775771364057772,0.06998543258090828
0.07165550238455974,0.08098456086378175,0.09794647925542144,0.12118439082295736,0.13458433931779054,0.13678945282829158,0.13645018309930443,0.14255647930941132,0.14255647930941132,0.13967296089374348,0.13220966856941563,0.11626544033725388,0.09658955559271222,0.056220111469474955,0.000924218544166508,-0.08676893969944857,-0.2509609361255907,-0.5345656925427058,-0.8590465361543516,-1.0,-0.84751300070291,-0.5308341084818377,-0.2577458131945357,-0.10016897099600945,-0.017055432701591926,0.04027592463817704,0.08234154662778673,0.11439955515487614,0.13645010029757673,0.14645767235923315,0.15663487411027519,0.16240191094161088,0.16375882425410412,0.1495108204642866,0.13475388620544845,0.12491603698512128,0.11083758008296167,0.0923490772885793,0.08878704529047704,0.10710592357058178,0.12338948363302647,0.13305768246353614,0.12779955540078913,0.11847046069581126,0.10693633528206004,0.09116174191439184,0.07284284293385516,0.06198720522699845,0.06215682456616809,0.06487070294223439,0.04858725673216527,0.03213417824515657,0.027045598070067484,0.023313972608335485,0.005843171455701864,-0.00704789945324536,-0.015020000631556292,-0.0104402823553071
0.08695475849331351,0.1015256193377684,0.11592901922767064,0.13652918981908022,0.14925781664732815,0.1604790802696844,0.16165149090719683,0.16299128074119787,0.16081405327757967,0.15595713372862138,0.1549522249246936,0.1609815551111643,0.16064651056496307,0.1368641628269755,0.07456106379392886,-0.029779865150344097,-0.2228863110820373,-0.5317233303131321,-0.8579758595878652,-1.0,-0.8712068488402549,-0.5868250359939676,-0.3200256627184551,-0.14383470473083965,-0.05506950966579635,-0.014539040405522202,0.027163853544431602,0.06819679125883689,0.09181165249287682,0.09599866179519759,0.10303291100535408,0.1140867136731577,0.1259779130915465,0.14590826030426152,0.14758309468446384,0.13569181350801107,0.11927854491146328,0.11860866021422074,0.1130818866272939,0.10504269795393564,0.1145891374158476,0.12480550245403407,0.12246078337658924,0.10286546027055944,0.07925054282785052,0.06434471919525837,0.03972494915729066,0.027331322163802733,0.03168583329970814,0.039055021026076636,0.03955746009840353,0.032355766540801155,0.028001247740077256,0.03704524174231357,0.052118574873308836,0.050611249991509656,0.03269072932893842,0.023814212249626612
0.17212089817340134,0.17948964508008858,0.1924258721080079,0.21747962757802383,0.23958583832193658,0.25088462821001195,0.25481464121525127,0.23958583832193658,0.21878962525173717,0.2006133475766667,0.1865308625921986,0.17605086121839253,0.16393339272859367,0.13887959729037927,0.08811720741808621,-0.02863634524366568,-0.23774532343313645,-0.5521460640907913,-0.8637606416157966,-1.0,-0.8748953020967721,-0.5999611790223209,-0.35253428925835284,-0.19631636722456236,-0.09986750872002756,-0.03551386300680963,-0.012425114039413356,-0.015208854100029413,-0.009968878393250448,0.012301094549938522,0.03096856015134755,0.034734805961285836,0.028348566052927054,0.026711073956810178,0.025237319079845444,0.03064106447993782,0.05192853229830766,0.07878348898095304,0.0933571981129396,0.07780098822765562,0.07043224756599942,0.0717422564807686,0.073707242999289,0.06912226488036051,0.06388225420140786,0.06617475637543724,0.07567224450588383,0.07550847731058283,0.07387100020254038,0.08500597543307904,0.10481969774203066,0.11922965716480308,0.11267967878828596,0.09843343410255403,0.08222222538041336,0.07141475956035266,0.0737072454973014,0.08123973711717798
0.07947127995867839,0.09150876439081668,0.11354919183344948,0.1508483799195901,0.18306132825186353,0.18967347407196353,0.18865622405209478,0.18136585982469944,0.17678826577171977,0.17526242177834636,0.1627163071635354,0.13033383785223698,0.08455751971254558,0.037933570814037774,-0.008351325780943468,-0.10787236364917706,-0.2838572274695882,-0.5613981412990605,-0.8635201557428912,-1.0,-0.8523304882881475,-0.534101725523051,-0.2509660607300194,-0.0748116759305833,0.013689112007165908,0.0543791128019159,0.07031604012533621,0.07930175380691512,0.09862950935715964,0.1213480879614901,0.1262648067363323,0.12270444201226824,0.10964974894216746,0.10015541025065419,0.09998586858067607,0.10693708222251747,0.11304057716899168,0.11846585888090885,0.11660090051114948,0.10710654112868306,0.09456050410494636,0.0894742281419112,0.08540524875338933,0.08048852997854714,0.0754023057428948,0.06099124051743191,0.05454866740373973,0.05743086803426043,0.05760041487697684,0.05081875066422099,0.04776699025913817,0.03962898363426531,0.037085867636885435,0.03488181170213953,0.03522089892164949,0.04505431190082703,0.04641064914020574,0.040137615110122545
0.05386480307668114,0.060818072274988,0.06349235888082903,0.07294166952701282,0.06991082189030669,0.07294173480233923,0.07882525019311383,0.0750811390648036,0.06741475868398761,0.07490287214839739,0.08399558912605287,0.0868482188028476,0.0747245453962753,0.05778715392334492,0.02141625745476765,-0.05025583199125208,-0.19805738822301108,-0.49098709529759454,-0.8423940299068151,-1.0,-0.8279523426259086,-0.4439185805194394,-0.0946497936226501,0.11359146563399529,0.20558847625185103,0.21789059064236663,0.19970514580783458,0.18615522827780184,0.17527949944062052,0.15959009605396543,0.14193950636475736,0.12268419893048238,0.10646000567382968,0.09915011560894185,0.08987906099994321,0.0804298319479174,0.07775548550636051,0.07365484598484838,0.0700890561690497,0.07222856922372475,0.07115879365775037,0.06420552989905404,0.05493455144460287,0.055825994818844635,0.06884106808277443,0.07490284495034472,0.07240684701935204,0.06598846560403238,0.05208193264702921,0.02908267455295475,0.015354435710410466,0.013036685997162796,0.02123796606011403,0.02444715812767649,0.023734002068380444,0.015889302414906843,0.00947091267154344,0.008579472695698372
0.056977030627857334,0.06261638805410404,0.06906136305388529,0.08275694045884086,0.08775180972537507,0.08259583070873591,0.08871856162866092,0.09790263342890203,0.10466987217225662,0.096452581770877,0.08420710026730992,0.08211244246726981,0.0888796812106244,0.08195135729681124,0.034902967042654894,-0.07450060881193002,-0.258988630828354,-0.5551366377782782,-0.872872967799781,-1.0,-0.849187312662637,-0.5300011767795729,-0.24303730553697045,-0.07369491749945636,0.01701813794469965,0.06406649870328036,0.09725811577361389,0.12867751084500526,0.15187939921412894,0.17089212929290915,0.19538310213190188,0.2077897867882301,0.1955443839395314,0.17089218828406044,0.1483346700923467,0.14043953036816711,0.1418896803447776,0.1372170699058875,0.13431682894381777,0.13351120645435394,0.13318895745856843,0.12110461028475264,0.10176960171461125,0.08920194987012703,0.09145762893354514,0.09661366694133557,0.08227356696516258,0.0687391435536754,0.051176546245753234,0.04150906162439963,0.03280835348597825,0.031358224402067154,0.029263604700478913,0.012990036711844233,-0.0005444274096822422,0.0017113217057280325,0.017179266129539367,0.018951645438218312
0.062014211340531616,0.07085799998197548,0.08320879903301422,0.10501327366646776,0.11385699252573253,0.11202727587707641,0.10852029338035318,0.10653797706245932,0.10821524291052644,0.11553430489525238,0.11873637648650705,0.108520256163191,0.09479718125602335,0.06597864858621788,0.01718545330059307,-0.07048983717822296,-0.23897916911527817,-0.5366188645653933,-0.8603297962073452,-1.0,-0.8595678864631503,-0.5646751339279632,-0.2967688434284174,-0.1308714449258012,-0.024898653005964284,0.05317045526410466,0.10486072051868275,0.14282805973474194,0.16752956479391393,0.18597958216555763,0.18033783255035152,0.16829193975263607,0.16539493723978924,0.17774565720435834,0.17622075841826532,0.15960066238966977,0.14343785363280742,0.1513668211670854,0.15655108812045682,0.15151929988054605,0.1411507473652221,0.13169702060920926,0.11949874214093864,0.11553427698238074,0.11156980251953229,0.10333595199265738,0.08000674605034064,0.05942206390741008,0.05042581516108666,0.041734547102410896,0.02404700703668535,0.004682199736553501,-0.012700373374657336,-0.018494565649198224,-0.01574996508941504,-0.012852845109900073,-0.007211138527037742,-0.008735923335571572
0.08879904929492907,0.10147213329856183,0.10998120761655739,0.11233475621374812,0.12917188304505486,0.15813896218186774,0.19018367713460888,0.20502932107278476,0.2064776280784067,0.20140837680120066,0.18692496427726837,0.16393236696188473,0.14075870365243442,0.11794712814173518,0.06960839596112277,-0.033043547459694914,-0.2245882719444828,-0.5234931638737191,-0.8426736026621628,-1.0,-0.8631312539659216,-0.5343556210787217,-0.23599403760514126,-0.06291575495278443,0.023804272848095016,0.06327185395930639,0.08409191343483806,0.09785125531105121,0.11613670019532545,0.1268182902584818,0.12355952216441339,0.11613671124267103,0.10436881911755197,0.10400672579512811,0.10943799858701173,0.10744657093060879,0.09332513020829898,0.08554028672453347,0.07540175655175745,0.0737724001230872,0.068522121517524,0.061461426012896656,0.053676516245057655,0.03937403438520872,0.03394272707037017,0.0411844927118188,0.060013074817892406,0.06363395280540303,0.056935320242999195,0.050598769955673625,0.05132295660052133,0.04516743640338932,0.030864976638231546,0.009320756410068378,-0.0055248568026776065,-0.015663313786789156,-0.010594098413456259,-0.0011798004558284626
0.061549387856974204,0.06607278754122692,0.0731292572640157,0.08995628509937366,0.10678324116996184,0.11257325591880274,0.12397225050413946,0.13826613653619158,0.1409801586815691,0.13663776078746004,0.1210772376093521,0.1060595652314017,0.08995632926230893,0.07638609708734931,0.046169855428276105,-0.0471929192961556,-0.23645193072960544,-0.5429578272063604,-0.8639372645357858,-1.0,-0.8585094631411747,-0.5429579155322309,-0.25961168058442224,-0.09116025691115939,-0.006663328068299919,0.03929431573086118,0.07403391843161876,0.10696419879717023,0.13139057475730903,0.1462272674265834,0.15672162844615162,0.16323531913355266,0.16233055307897837,0.1547313484837371,0.13971365402431907,0.13844706104119853,0.14857945160268088,0.152198162517496,0.14640821401305798,0.13736143672602016,0.11926784902974309,0.10081239576235142,0.09990776219658289,0.10660234978715634,0.10207895562327053,0.07819551326879286,0.05575943659235273,0.04508424215383157,0.03151408864410039,0.024819463791050315,0.03278062918373532,0.0445414355166093,0.04237020620753677,0.03151406932281621,0.022829172787901995,0.014506133284784825,0.0045546819780397435,0.005097490685399602
0.06200022182706397,0.06579821198315348,0.08352228192308568,0.09979957414576873,0.10612957981128575,0.09961877107518158,0.09563982886227206,0.10178906456525368,0.10884256393155915,0.11716194413838,0.10956590864611473,0.08279886547441799,0.05784043239949829,0.04246750868230296,0.02799883483340991,-0.03928043717609681,-0.2025957079165938,-0.49468297464398736,-0.8381330575371756,-1.0,-0.8531438067583084,-0.5210884558185788,-0.2465445056226079,-0.09534652247489193,-0.0121517050930964,0.0384886271674883,0.07013880448130631,0.09383122428350361,0.10884247564342116,0.12656661731746546,0.13958842240196706,0.1526103268106239,0.15640832800273066,0.15749346647075377,0.15279108573714204,0.14881223733037913,0.1437482063115241,0.14320562052348668,0.14049281297948926,0.14392905352618024,0.14628012249679637,0.13922675004468926,0.12059829504524348,0.11083189432879399,0.09853354431902048,0.08641605255992035,0.07683051561215287,0.07411768599612097,0.06941538251462998,0.05060611616758411,0.04463778837735349,0.03776519140579041,0.02817968480707037,0.010998152027724596,-0.0014810710623704905,-0.0009384935513459976,0.01298759575968345,0.020041064906269813
0.0712158845140756,0.08169851617989413,0.0948921759385763,0.11260417357616585,0.1203757164924444,0.11730326835062113,0.1174839921607092,0.1241711922164593,0.13881082442587517,0.1500164395599389,0.14802825707923783,0.1458593618169353,0.14260610163713106,0.10736286325749989,0.03904508049065941,-0.07029951063263533,-0.2504926244307672,-0.5405731873057495,-0.8639076811740278,-1.0,-0.8505336560310724,-0.5185235369996376,-0.21814095598405867,-0.03397182462185287,0.05458828763656922,0.10176008326168454,0.11929136260342932,0.13609974670482178,0.1556191644133212,0.16411371285481816,0.1624870441652129,0.15778798247621745,0.15218518042342888,0.14170255978609694,0.12887027596242798,0.10971239410199761,0.10392887926760758,0.0945306731759671,0.08549397536117911,0.09037378291723587,0.08549392021874606,0.08296365453567364,0.07573423342146958,0.06470944135387342,0.05187725678658394,0.048624026935117894,0.050612085345344594,0.046093733680828954,0.0415753654735834,0.02530922035193566,0.02386334991470311,0.02838171260770536,0.02024865452177017,0.012838517179562574,0.010308228233276212,0.01663395361459392,0.003801774216907534,-0.01264510402011386
0.07047397008069142,0.07808436780492702,0.08898110985778471,0.10939074088438933,0.12219011666977221,0.12876277366412442,0.12547654543277287,0.1308382973410805,0.13706511112078704,0.14640517875303571,0.15868562084769297,0.18082491650516205,0.19379721389786775,0.19725652205100197,0.1813438079786984,0.10454775907519887,-0.09903067820700266,-0.4641587049193171,-0.8493488888046542,-1.0,-0.836722656266838,-0.5257342064003324,-0.26421170054812476,-0.11442447969717526,-0.04506593857348049,-0.003381652908200056,0.03968636710034624,0.07756544994564737,0.09468887912664377,0.0971102829582861,0.09261333961824172,0.09711040960985395,0.10679631517959962,0.1173471401377304,0.11250414249709395,0.09641848043172425,0.09157547751393914,0.10022371623388268,0.0967643922493025,0.08604070900963282,0.07133874170891404,0.056982744274408755,0.05179382426189674,0.04971826100632573,0.04297267712750203,0.042972674488927706,0.05577198167137799,0.06960908763234694,0.07064692335090621,0.05940424573330131,0.042280808636581936,0.027751850016138876,0.01668216095968044,0.009244714196907094,0.010282499122910512,0.018065870854906026,0.02308182477538111,0.022908862929799746
0.04964997505076092,0.064878713362602,0.08156552107556965,0.09436412724258443,0.1063527824523172,0.11364316158669995,0.12125747760661097,0.13195002444365442,0.14134652716550838,0.14507279981177396,0.14410071235365118,0.14069847545060604,0.139240443121114,0.12320162286554885,0.08221353819027977,-0.0002485315456662277,-0.17959161901586695,-0.4992347788593585,-0.852897144287154,-1.0,-0.8509534438878307,-0.5356866547597339,-0.26027185299467703,-0.10020749835263085,-0.015153263771594549,0.03636528314016561,0.07281710466881026,0.0954982424580866,0.10133049534816982,0.10651478055238897,0.11769331180387851,0.1296819719564959,0.12692782631142993,0.11477719771604843,0.10505671856558932,0.10683881629560937,0.11267109390011562,0.11801736731863734,0.11623523004554044,0.11688329164621201,0.1178553099039503,0.11315710797186936,0.0984143516030321,0.07638128530019654,0.06779484722197052,0.0600184342442956,0.05175604426650149,0.044627702775267356,0.046571796133916876,0.05499622375485961,0.061152504973836314,0.05969445287280587,0.04721982560583851,0.0355552605110568,0.03409717628127642,0.03053299441416899,0.02194657610748139,0.015628260025728653
0.07852948724284925,0.09854864440186506,0.11874642897767594,0.13697815038608885,0.14663021509362173,0.1487751183619624,0.15163507664145148,0.15663975277233202,0.16164461432016178,0.17111791527490755,0.17022415104536878,0.15074127969127463,0.11874640716391721,0.07692078797783504,0.021868278937251427,-0.068575215832548,-0.23605677808260514,-0.5265137378292574,-0.853432482547072,-1.0,-0.8412784669683163,-0.5082820164208445,-0.21550138965306448,-0.03872529020104867,0.06744748156964958,0.11463530984562623,0.11838893419273981,0.10516201434432014,0.10963059008722821,0.11731641711729329,0.12089133224601659,0.11517161201086694,0.10391086439863889,0.08853905764219763,0.0949737510869005,0.10462580488755402,0.09747614914017728,0.0896114929160489,0.09032643885840373,0.09408000867112047,0.09568870793613468,0.09586744442172339,0.08639409983946017,0.07209477198438764,0.051718199115311066,0.0431385724083493,0.04617717991839219,0.05010951348389606,0.045104744644540916,0.03366525372992456,0.023119470465410255,0.02097456856042953,0.015254824977741244,0.006853955377186976,0.004709048700446534,0.011501247496124934,0.02347696116026663,0.022583246011685012
0.03812466664069156,0.05036513447703194,0.07964303844808217,0.11537206938956071,0.14332661816124045,0.1438228334637456,0.13852972556391585,0.1380335102614107,0.13852973565738852,0.13356735048246587,0.1259583962174194,0.11173295866622736,0.08212421589533452,0.04970350734470995,0.013809107470673345,-0.07303214608041723,-0.25647443058174185,-0.5485929736288593,-0.859400752133513,-1.0,-0.8522880838252802,-0.5095555799226361,-0.18303113403027602,0.020260149908268202,0.11934190283780119,0.15722119167890825,0.16400318772959713,0.17045415825119936,0.17161206124686243,0.16135657826558267,0.14531155002556967,0.13770264622788644,0.1262892299705257,0.12265012934066499,0.12182310047199883,0.12695082682242972,0.12132684479560306,0.11686074557749415,0.10462024998410399,0.09039481243291195,0.08113173986969725,0.08361289713000428,0.08824445864529326,0.08791360470524166,0.06789879348435145,0.04705690797416814,0.039944166488258645,0.034816432567723266,0.028365340924449235,0.02555335495777223,0.025057121991689926,0.020921816152796712,0.016124875611477022,0.009508401157120042,0.002561098134389786,-0.011002669525218193,-0.022416078212474457,-0.023739395561322506
0.056151350465642375,0.06969850654326445,0.08623661465493215,0.1078768232821097,0.11544221485608981,0.11984064215401906,0.12476689146342668,0.1302209520485858,0.122479666325596,0.1164978159361391,0.11121967097144339,0.10101534647956471,0.09221844894079875,0.072337562922022,0.025890164617042803,-0.04958685788016699,-0.21232886651449615,-0.5070249555346097,-0.8534449606907947,-1.0,-0.8312768871092313,-0.46972612027653976,-0.15145451461815984,0.029232991505905696,0.10875649800596868,0.1242390050375871,0.11403469664929872,0.10259871589245803,0.09837632230798778,0.09661688697445486,0.10013559660561766,0.10277467982369237,0.09978377073255422,0.08641255174684932,0.08342165339143803,0.09415376231975105,0.09556129126226902,0.1091084151327105,0.1217759609008348,0.12160000233746389,0.10840465602931494,0.09767251489382132,0.09538533269889811,0.0888756710336897,0.07779160740359083,0.06406852496977845,0.04999356835213173,0.043307961543210996,0.036622337288734104,0.034511098895557354,0.034687027935679376,0.03116827804554083,0.01990831288562004,0.020260174656270186,0.019908311879145647,0.02958485092811559,0.040141075101179924,0.04207638579620051
0.04190618825550294,0.04510970337883812,0.060974730545491566,0.09072172484260065,0.11223100044449212,0.12260437882293237,0.12260437882293237,0.1258079241990417,0.13831693433506692,0.14991055137695264,0.14930040411959225,0.13114711994982778,0.11573971718901346,0.09789146475947269,0.06127983209980943,-0.023537129384042843,-0.20507021310388066,-0.5164228655619616,-0.8543163419311017,-1.0,-0.8556893896838546,-0.5483055660850228,-0.2811921130701893,-0.12269364051573337,-0.02841867047621566,0.042821478955637704,0.08721311980062996,0.11223104698722156,0.13023183855823892,0.13648625984933851,0.1454866556348472,0.1555548812619672,0.1634873075776762,0.1618093118616127,0.14975804016111374,0.14640201149480317,0.1381643672679527,0.1256553012806521,0.12168912535698116,0.11558713150480746,0.09789149268511035,0.07790761315225753,0.0686021483923416,0.06631393095055059,0.06585630887184794,0.06814447046236362,0.06753434182209499,0.06814451235082011,0.05670338790768153,0.04434697043727172,0.04038070840955129,0.03458385101874252,0.032295624268405626,0.03351602583140414,0.03763483398201055,0.031075252958181258,0.026498777349710984,0.02009174826660886
0.0537776935416667,0.06391344090805541,0.07979271522585381,0.09854384063801847,0.10073985807280768,0.10124673202898073,0.10631457478794165,0.10715918775956097,0.11847749842861041,0.13874889008060973,0.1536146535718517,0.1531079393908847,0.14719539088760417,0.14415466255445644,0.13418788519954952,0.08029949640932656,-0.10569115645995639,-0.4474354064640197,-0.8337754007301372,-1.0,-0.8464449354709948,-0.5193991488552971,-0.2452266682213997,-0.09538647000631931,-0.010922044342771237,0.036884802739514284,0.056818403835678266,0.07067056115064403,0.087225586663397,0.1015845689711662,0.1117202957213993,0.11712607850332381,0.11611246459598926,0.10276703950112663,0.09955739269688615,0.10158454835501059,0.1053009608806071,0.10057096537190947,0.09753023188472282,0.0936448338855278,0.07979272553393163,0.07725878869233445,0.0747248724668929,0.0676298379715352,0.05377766519445271,0.03992554395775929,0.039080905215945434,0.04617589847899188,0.04938556847640743,0.041445887508177535,0.032154798211248566,0.039925518187564756,0.0482030438290385,0.05276411055856558,0.05276412602068229,0.051750535306522814,0.04533127004525584,0.031816940652907466
0.05505112904057662,0.06381676523640772,0.08814899350659766,0.11701516469617947,0.13545328284872615,0.13137269825509218,0.13031481297713562,0.14376552844145715,0.15540268149337833,0.14875281124241146,0.12502519292329997,0.10084404105857314,0.09192728695783903,0.0864865121107093,0.06563032764880807,-0.01658534015572857,-0.20036186331410358,-0.5160773551935185,-0.8541579834472562,-1.0,-0.8526462971828493,-0.5320975776455191,-0.24328351669474724,-0.0693303236516314,0.024220232575964874,0.07182676118618606,0.09268291798179402,0.10658704710446003,0.12774548120931392,0.14724152152820819,0.15615828485104005,0.16824888844969674,0.17746792447072568,0.16885337851350432,0.14361434137082096,0.12472288333671186,0.11202780811844311,0.10824956077769053,0.1073427703493926,0.10295994072385485,0.09374084937023937,0.07908105233522734,0.06185205264176221,0.048854702419771946,0.03933343289446141,0.0391822804066918,0.04522755453972687,0.04386735736965778,0.03404379900747909,0.025127019545976147,0.022255521710462692,0.024069099685153,0.02814965315420702,0.028603049521118206,0.023464579649527702,0.017117039446678327,0.02210439227793748,0.02950985032427611
0.06341992384074922,0.07254157564382821,0.08846301813771237,0.11864743523961654,0.13075431102105922,0.12445210573048755,0.12080345310534123,0.12146678561111138,0.12279366314488982,0.12727160790358108,0.13141780544853462,0.130588553795416,0.13042277632955965,0.13871513093904045,0.11251105801543414,0.01648484722158199,-0.17357754411659213,-0.48056399429064633,-0.8336542699190667,-1.0,-0.8533905827285897,-0.5323089088331546,-0.24837539351704782,-0.08899468510702085,-0.0075631741553199225,0.03572324272300104,0.05363485604102081,0.06872709495229262,0.09095073261664188,0.11649144773421159,0.1222961182250826,0.11184763442870478,0.1005699192194215,0.0990773097602663,0.09576031832795176,0.09493105655472657,0.10056995969984782,0.10952577837648426,0.11300852197438872,0.11002328281586517,0.09592614639434101,0.08000475956104301,0.07088308751775087,0.06972213925142745,0.06839536797876808,0.06541009845992479,0.0640832917668924,0.054132438911227695,0.04351812198840733,0.03970360840652538,0.04119624316594702,0.04136207629238956,0.045508296607582904,0.05081545253896644,0.05678599916673296,0.060268821195463396,0.05181053731852758,0.045010741567669106
0.06699318162645237,0.08242129816343519,0.0960961650552037,0.11766047615867431,0.1329131612858799,0.14430895501579138,0.14501028482832096,0.1439583275525814,0.14781533662804774,0.14220510465240624,0.13414050183032622,0.1074919587851152,0.08487571715094418,0.0585778497100136,0.00703403532946316,-0.0822033666730717,-0.25068543641162433,-0.5390866505736521,-0.8600958871757226,-1.0,-0.8359016828829031,-0.4843869690462649,-0.1710903598530916,0.018079155460972142,0.10503748095852007,0.12905618430446053,0.13396513995765075,0.1413284664572795,0.14501025273427398,0.14448425270037288,0.13571829866973195,0.12432249424180482,0.12274471879843038,0.1141540517543553,0.10521273585103894,0.09925190850623443,0.09679739858559235,0.09767407957278171,0.10801785183885969,0.1102970854709516,0.0992519192042501,0.07716167225497235,0.06594127249178329,0.06120761987218239,0.04981190637738834,0.039994048561086175,0.03000084224462813,0.020708930972148758,0.021760837432313922,0.03105275672830504,0.03701361081814869,0.04157191493759371,0.03771487644258431,0.024916586232352482,0.01562468030888094,0.009137863628191002,0.009137870983076767,0.008787233490477109
0.060137312508676766,0.07807881762763079,0.100307297496758,0.1295218267489289,0.13460258200967382,0.1320622092235322,0.14428789495059097,0.16318203259800182,0.17509005304313718,0.17143835557027154,0.170009336536239,0.17366117933603004,0.1671513953527909,0.1519090326859392,0.11920137701339872,0.0412431215747266,-0.1376958967380897,-0.46429639152138547,-0.8329702228784921,-1.0,-0.8653602229575709,-0.5467007110954273,-0.259476420789641,-0.09546171232328533,-0.0063892266385113085,0.02758852096459849,0.046323927699895406,0.06886989603652018,0.10380029796712562,0.11920144483263057,0.11729619915264027,0.09983092552387486,0.08808163599085346,0.08252450391299454,0.08093673943415554,0.0872877585956648,0.08712900346239662,0.07474452869245375,0.060296082174637486,0.06172507214328493,0.07633231254821614,0.08633509700182289,0.08331836193125983,0.07014009211805267,0.060454837307905664,0.06394788137635089,0.0675996612011409,0.06537687134499834,0.06410667526346583,0.06490051874903857,0.06029607733040664,0.04251332007837453,0.026635865426045135,0.015362878305779584,0.00980576885956165,0.009170669304973261,0.010123320604824626,0.01441023533013324
0.07185334004976894,0.08034662591059967,0.10056072596819804,0.13096674936480623,0.15457806736985297,0.16205216348809678,0.1537288004570451,0.1340243237751951,0.12417202324273208,0.11652812349515711,0.10752519352806532,0.08985912742715814,0.07338211688970704,0.048241985766325046,-0.002717764381399451,-0.09818238810130349,-0.2612540425722495,-0.5394956253697996,-0.8547658426045374,-1.0,-0.8478016341760786,-0.49142330783664473,-0.17020554797611662,0.024121040498558826,0.11669797895076994,0.1511806991261877,0.1523698013332973,0.15627670484803205,0.15899449579040087,0.15933427925842092,0.15865476414866253,0.16035349491414866,0.15321917189866854,0.1331749635750802,0.11703770022725196,0.11347048689323021,0.11160190067213123,0.10073053996278553,0.07796853033157203,0.0647189703906353,0.06692721569667828,0.055885958070694394,0.04620360628115125,0.046373482467276766,0.04637346691939226,0.04178705347752727,0.033123914752397794,0.03601164925505832,0.038899370801148435,0.03142527209159052,0.02395116819940444,0.019364791035936635,0.020553854373334964,0.02819782149507614,0.03210471982718272,0.02547996058722704,0.014948277749852445,0.0005096803846582387
0.06695022503580365,0.07906227387294118,0.09894785832596369,0.12461828702487093,0.1388997717279328,0.1517349254063625,0.15986991692080996,0.1710780833274454,0.1864442666590527,0.19295227090170594,0.18698663251996833,0.17053583880857767,0.14034595934832655,0.1090713481662442,0.07038492752867336,-0.005541643392860059,-0.19138131397134953,-0.5023200911438843,-0.8454361760862626,-1.0,-0.8682137110829049,-0.5623385596322531,-0.2888207654883671,-0.14022103560303018,-0.06809067271285765,-0.02506562302753397,0.0002432422196319524,0.020851888768452433,0.04941474096918898,0.08520872845272216,0.11395232101272214,0.12714912914942908,0.1258837742737216,0.11666406206853816,0.1121446444004801,0.11413318685069421,0.10672122847541966,0.09985170766317997,0.10165947803973177,0.11069835750022895,0.10346724841628357,0.08629336641024365,0.08032771699741079,0.07725448143419884,0.0683963961095545,0.06369618430564361,0.07056573269562147,0.08159316563742802,0.0729158192931602,0.065323199155176,0.06676941435330791,0.06550392158890961,0.07237350307217327,0.07165039823088112,0.05375342793019197,0.03441020658031129,0.01832099700396559,0.0123553375080222
0.06370635330485648,0.06895312546278982,0.0863909411711886,0.11972339488978831,0.14055606311236654,0.13484645346734306,0.1263590373341978,0.12713065914088145,0.13160580007567835,0.12959962481069304,0.13669826482188996,0.1467288586532331,0.16092598801238245,0.16586414534687233,0.14410539724264418,0.05969408752296088,-0.14631900521212235,-0.48905822488596484,-0.8500041936776209,-1.0,-0.8631208604117764,-0.5611245226357611,-0.2872106836593722,-0.12394299921164895,-0.03243309185480624,0.011855850778900669,0.03685519106785044,0.06247179984655484,0.08237865184816105,0.09518694858664538,0.10058807053033796,0.10259418929660659,0.10876690950585088,0.11216188914214288,0.10845820051787962,0.09966217897774368,0.10367441651028093,0.11231619655386461,0.12034067161893912,0.10660641741269106,0.08793401999663229,0.0777491752522841,0.07790346853932666,0.08176137982723662,0.08469342310368426,0.08700814256871718,0.0833045575254345,0.0805268687429725,0.07342829935517144,0.060311359543885314,0.045188300966330565,0.03623792610926559,0.041947659345231834,0.04719440560792002,0.04302786537188743,0.025127106829833,0.010467004033556472,0.002596842265486675
0.07433434743252354,0.0816078762961012,0.07912827255123568,0.08293039248560423,0.09268350996337965,0.10623870702707626,0.12194303892116307,0.12987776283504326,0.12987778300926692,0.11384286619891866,0.10508161442815786,0.09780804017257694,0.0897079683214509,0.05846482395142439,-0.007988838093569556,-0.1113061201801844,-0.28157340064977404,-0.5500341151377193,-0.8626304024196383,-1.0,-0.8406439685796235,-0.4867210665372133,-0.17131293630782582,0.010195000693348007,0.09896518320705452,0.1325227346913783,0.14640854188911595,0.14855763132750288,0.1439289482313623,0.1492187708986903,0.15731882257559265,0.16889037396571066,0.17384960162966534,0.16244333765412217,0.13979621816295268,0.11946342508918571,0.10442032355029288,0.10028763383033061,0.0966508870509875,0.08259975713378358,0.06425059964648339,0.04854636357995905,0.03581767924247529,0.037140142474641175,0.052513740667566894,0.06871387932626304,0.06656490084610633,0.0538361963343989,0.055489267178827885,0.0561505126646896,0.036478929771892925,0.012013383933714717,0.008872536909543196,0.028874759252049714,0.046893300300863944,0.04986882429034697,0.04771981050529884,0.04342182580542789
0.06505509749844243,0.06705864373795566,0.08926469139449437,0.12349202158216326,0.14870338605094635,0.16606752817280693,0.18076025832848036,0.18910846020170946,0.18543519106392642,0.17725399255423457,0.17458260096425085,0.15621670355181166,0.11798227579106549,0.08559147319721996,0.03333217591342347,-0.06484185471336919,-0.25184039689152116,-0.5510387612427226,-0.8622561310843176,-1.0,-0.8711051087218188,-0.5623923818092134,-0.2755493118102675,-0.10574772500460775,-0.019594971814894387,0.025818855228776368,0.048525768432233565,0.060213163946484544,0.0645541841947971,0.08041564244028115,0.1001172305536613,0.12015282030006509,0.1264973587706111,0.12082067074458645,0.11547779587170347,0.11414210517076247,0.10846534582802572,0.1029555643785719,0.09611009222817708,0.09110121389426687,0.08275312409015678,0.08943162853537039,0.08709414688549476,0.08726112477877769,0.08993250618065968,0.09594311433489415,0.09844757897210357,0.08458971790664138,0.0715666393325257,0.06655774062241204,0.061214916690037695,0.052365918676333126,0.048191855945100046,0.04952753136388845,0.058376559941898214,0.05236593141146028,0.03533572215293669,0.01813857328610619
0.037648904063948205,0.05353311071825351,0.08619383694123367,0.11189414453071435,0.11653443632533321,0.11992546444708745,0.1222456484612545,0.12599353749462514,0.12099631944520538,0.11831919828570668,0.10136410123905851,0.09779463177096533,0.09029877202524343,0.06531236050748754,0.018552182103335656,-0.0614042194499889,-0.21453523721508191,-0.5004519208045489,-0.8416939381541356,-1.0,-0.8368754446048543,-0.48117672686797963,-0.18812095187489583,-0.03106359011692979,0.04371702884150695,0.081731975602423,0.09012030345257761,0.10725379828344174,0.128849219796301,0.1438410481930523,0.1408069572166297,0.12938458739744085,0.1300984943596964,0.12510124363868438,0.12135325659053701,0.12028245604507284,0.12224568113284676,0.11635595141687126,0.10350583301635587,0.09779466444255756,0.09351131523853573,0.08637232184969561,0.0790548762239858,0.07423607229457813,0.06602625113394696,0.05406855183047591,0.055139363266470835,0.04960667687850181,0.04675110348213341,0.04300312187925141,0.05424699862208023,0.06674016354146786,0.07245133756053153,0.0558532865645225,0.02783282899378336,0.014804220239540637,0.01587506911173502,0.010699322591730318
0.044561850030324535,0.0597107538194877,0.07592900520390475,0.09767209183365087,0.11709834794072446,0.1219103400713465,0.13474241333783715,0.14151488376300547,0.15167353502489347,0.15951532857617667,0.17412964692849273,0.17270389001045483,0.1680700440871704,0.16147579599555004,0.1261877304523621,0.03190804871535824,-0.1641367119014165,-0.48262139222340916,-0.8428083368176144,-1.0,-0.8567101138412715,-0.5261079026132613,-0.24237672958554182,-0.08928320130919792,-0.02138041338242113,0.002144914254960562,0.021571158084983486,0.03778938096455282,0.05365117544730443,0.06274053620859626,0.07664185103740498,0.08733519105028266,0.0869787844462919,0.0832361045666118,0.07931520235338375,0.07236454222018618,0.08056277500097885,0.0908996812219335,0.10194943327638839,0.11014767149476752,0.10533569567690482,0.09143431559705868,0.08448365002627463,0.09232543813997139,0.09695925143773709,0.09535521237270028,0.08359252748336192,0.07307743155437801,0.0682654013606508,0.056502743659244715,0.05204719347692536,0.05133429598635384,0.05311653019700636,0.05757207222294603,0.05400762827078003,0.04242317251197271,0.038680508945051977,0.04277962533544831
0.08231264087952692,0.0905910074990766,0.10390847800470361,0.11758593980208165,0.1323430734824146,0.1397216677764264,0.14746019296372956,0.16365706119876622,0.17643461889214895,0.17265537745720363,0.1514194876976255,0.1444008023338289,0.1478200799308685,0.13990165518614833,0.09976927273185254,-0.0029910316201481484,-0.19735404207095417,-0.5070758276435472,-0.8473908825859361,-1.0,-0.8641275373455286,-0.5571064414418139,-0.2810382822442714,-0.11205018974859246,-0.022247335783930195,0.02508359864696485,0.05297821267781836,0.06521585206818777,0.08105284980839268,0.09401037294842111,0.10192883063775564,0.11344669060307812,0.11326668123027996,0.09940927045856339,0.09383039102946825,0.09778965830951891,0.1039084670231655,0.10534816863325486,0.10390843407855115,0.10264874733202901,0.103008639789937,0.10336857617399746,0.0914908347323051,0.07475405368502416,0.05819723808438892,0.0450597412615612,0.05279824997655719,0.06197651246394859,0.06269636875976234,0.0585571579961422,0.05531778270190415,0.05585769002337936,0.05765734174445182,0.04523971768974501,0.031742296837087215,0.018784790169365947,0.023823833656983637,0.02724316341632927
0.031590904875254275,0.04256150702060883,0.0583096244047492,0.07140355705868738,0.07671189952600092,0.0800738673907855,0.08909804634604764,0.09582198747423493,0.10130730744207576,0.10325368204460475,0.09529116294501626,0.07051885310906837,0.046100395700430015,0.013896387245148677,-0.04325691124591692,-0.12819056347871485,-0.26921641985215694,-0.5422439104548339,-0.8695920162571802,-1.0,-0.8168627193408804,-0.44209254697420686,-0.10908049172633531,0.10201505548564012,0.20641283164699906,0.23348556286303923,0.2338394746751485,0.2269386154312337,0.21756045988044434,0.20198929030443138,0.1878335952210745,0.17031606183976888,0.15934538951237823,0.15244450867399076,0.14872861819986058,0.13935053822972546,0.12837993068575274,0.12554883053913213,0.1232485225300212,0.10343060555895044,0.0765349814102734,0.051231809254779714,0.05017013860186974,0.05830959741165839,0.0496393248698874,0.030529215327180743,0.02274364133641059,0.021681972033155153,0.020974194297190916,0.008764970991489898,-0.004328971784857337,-0.008752588033251971,-0.004152012504666338,0.005049123368891353,0.007172471422984002,0.004341345632927118,0.00044855205797615774,-0.006629260223977424
0.060793517057446934,0.07735433350811059,0.1003954957060229,0.13153712853267982,0.1435977640736959,0.14467779606844813,0.1315370955800937,0.12613678182759727,0.10363560267447494,0.08221455437386326,0.07951445241859194,0.0825746053141637,0.06961396324854563,0.04153251352399777,0.0024705707816520496,-0.0716931848028907,-0.24054194507467366,-0.5325177413724844,-0.8594141620906562,-1.0,-0.8430332997128728,-0.5161368789947011,-0.22848127658107145,-0.051712197468940936,0.04783285576948694,0.1023756385752332,0.12451671186707818,0.13315714357222203,0.1401775492536283,0.14413775810268126,0.14755789603338124,0.15223815184205824,0.15331818383681045,0.15223808593688595,0.13855749027730457,0.12577676383988293,0.10957600931371513,0.10651585641814335,0.1101159923585051,0.10993593942786642,0.09607525239296252,0.08761483517377353,0.0809544914168631,0.06961394677225256,0.06781382388109479,0.08275452643445785,0.08779487162811914,0.08743482068781867,0.08113453336330641,0.06853388182491421,0.05611325575667224,0.04477269738181747,0.03271208930128983,0.0201114542391907,0.002110550734401089,-0.006169865729077274,0.003910639299948301,0.004630680424218539
0.06426553221059675,0.07589107993821398,0.09579540148134165,0.12767756528850543,0.15110486981517984,0.15674152865594274,0.15691771623060685,0.15286640161340787,0.15304255694290828,0.154804002754033,0.15691759799833982,0.17065678933800948,0.18404386348966076,0.17100920748088938,0.13190501373842897,0.04770793621183026,-0.14164760671634608,-0.474033785572461,-0.8379481891959704,-1.0,-0.8567953584201435,-0.5413213595058393,-0.2716427375128682,-0.12262388447231978,-0.050404622338787404,-0.0068968866201335865,0.019700940089543116,0.041366739353072134,0.06743612929642732,0.08557903189940004,0.09297707743515415,0.09473851787208493,0.09720457962701726,0.08557905877036982,0.07360117351278203,0.06831684145360178,0.08522676423395091,0.10072749274604256,0.11517139676501102,0.10530721960980315,0.08064699437663868,0.06866912524163277,0.06461781599862775,0.06003804614131551,0.062151786488859155,0.06866915211260255,0.07113517624817718,0.06549854427838407,0.056867443681290986,0.05986190962149397,0.052992287080689364,0.04400889732137133,0.04577033775830212,0.049997813079195444,0.04806022806115219,0.039252996318431516,0.038724562575094094,0.04207128811945527
0.027677131434453262,0.04101683072345867,0.06613703574179448,0.09558835688598379,0.10840833291692342,0.11984239259289826,0.14201749826791768,0.16575182128808977,0.19347074038149595,0.22673343060799528,0.2551451519518637,0.2709103779674782,0.2755878714330851,0.25133380929786214,0.17285471462442498,0.037378728274535436,-0.17397774174412406,-0.4922261853400017,-0.8395778839714018,-1.0,-0.8728404261993734,-0.5681068064359759,-0.2950748307149766,-0.13655706459795383,-0.058251366056615114,-0.015633575257175316,0.019881199975002452,0.046387359008642666,0.07012161595804349,0.08467401518241302,0.08190214018718985,0.07739784199853676,0.08224866816830177,0.09073752014489538,0.10199828940200574,0.1021715481069,0.09801372504274185,0.08640645951848974,0.08450081990545917,0.08796566100665729,0.09350942685408875,0.09454889979852883,0.08623319024227208,0.0727202639623426,0.057994643032710715,0.048986001727280085,0.050198720162460166,0.049678978404578425,0.046387361651473516,0.046040878598486046,0.042229525373161096,0.032008193382274314,0.018322008397450587,0.01399094004902357,0.023346053629647107,0.03304766236246811,0.041883044963004476,0.03685899973080795
0.030570229317341543,0.027346154607574356,0.0420156285085615,0.06458398671319293,0.07619065271736246,0.07473984651760436,0.07457858954129591,0.07103218039761237,0.05797470819368474,0.04008119401117436,0.026378961950483608,0.019447218661564143,0.002682113536308324,-0.021659518096652765,-0.05793018336636354,-0.12595791456417108,-0.26959006946081043,-0.5404120598186615,-0.863300434343417,-1.0,-0.8267076571937954,-0.46109989130670864,-0.12289500092346137,0.10117712290021569,0.24787188650168984,0.3200908727705539,0.3428205764812639,0.3329872404661105,0.30912921499833595,0.2896236081298357,0.2702792828292466,0.24222990392400426,0.20612049931934234,0.17436327723456768,0.1430899195268091,0.11326733850888525,0.0919885492009857,0.07748023636905604,0.06845291964613451,0.06458400638647518,0.05652389707560609,0.04459487942339823,0.03266585193454924,0.027507369778158024,0.029764180515186294,0.02637893735888079,0.02073682444570026,0.024605722950397896,0.01848000633119114,0.004132950475569937,-0.004733216551910424,-0.0050556247606352266,0.00203730849247502,0.007195795259791765,0.00913023713465974,0.0030045364999948167,-0.0016703555526004893,-0.008924491603644238
0.04492811872480745,0.05999667603457557,0.07766326757334226,0.09290501095950955,0.0967154745492211,0.09532985382769567,0.10364355173478186,0.11455532614617286,0.13135593445881086,0.14936900912305476,0.15906830661401328,0.1611466557878956,0.16374474814544024,0.1727512590554958,0.14884933992117835,0.05947708081448507,-0.13485575902998503,-0.466711850495747,-0.8302625317068235,-1.0,-0.8623051846171856,-0.5429209954640591,-0.25921505100677106,-0.09709757983628048,-0.015692583070915676,0.03401636545106957,0.07038877067526361,0.09775468612705521,0.11403565694429646,0.12027095811778082,0.1259866640711747,0.12217621105028972,0.11784618394696736,0.10987886347709279,0.11819259837507196,0.12997035072817836,0.125120548734714,0.11559447431104763,0.11161082992935019,0.10398996616288646,0.08493770634287483,0.0624215136183484,0.06068947318430509,0.0722939971857061,0.06553916420509058,0.054107807784642276,0.042156845575276915,0.03973204762460368,0.045620915874536976,0.031245138540155218,0.01981381448673825,0.013058931634472411,0.024836671767373125,0.04077125656023116,0.041464056352167315,0.030032721069372124,0.017562181474811082,0.014444550374342864
0.06605181517752182,0.07657801938750383,0.09018950466896943,0.10126018490173713,0.10997152994469943,0.10325657483658192,0.09363775314411639,0.08401896467470503,0.08202262457444146,0.09817487060719941,0.09726746594098015,0.08020774879589465,0.06459995110004393,0.055888575602615335,0.022858018606143893,-0.06534442262928028,-0.22741218401882352,-0.5074471367983414,-0.8450119717786884,-1.0,-0.834304491510963,-0.4726015572881674,-0.17351048081719211,-0.01017252177880048,0.08256708398570008,0.1283017299031814,0.14027982587651974,0.13900940950923157,0.1538913333066881,0.1658694625030806,0.1682287533954805,0.16242124171381206,0.1460874261529992,0.1235830373748678,0.1108789844454999,0.12430903862830286,0.1361056924286272,0.1350167403830558,0.12666826307459447,0.11305677779312887,0.10979007669733402,0.11287530239706071,0.11704950229106154,0.11251237375362715,0.09109693702106714,0.06750369586652676,0.049173551279801705,0.04118816873004465,0.02812111932684098,0.0148726062940675,0.005435322290896652,0.000353676894005849,-0.002368611856523736,-0.00255009417406151,0.0012611217047488585,0.002168558901875294,0.002168555441140488,0.002894501322818653
0.05858556592849457,0.06873173656570454,0.0807380816530056,0.1055962095169443,0.12250659365982215,0.13231459954000727,0.1302853839862429,0.12402851048450034,0.1252121800024754,0.13332914540463076,0.12927067302226286,0.11168395936533529,0.08209089546175177,0.06906993227885874,0.03778586659240718,-0.042538053076903615,-0.21586902619946133,-0.5282035761458709,-0.8615050839749259,-1.0,-0.8417204025844346,-0.5310783686915539,-0.25966699624972217,-0.09411454516713083,-0.009732079594644926,0.03135995714634623,0.06315133188059378,0.10458162237748168,0.14110789445621236,0.15446709462709873,0.15767999001754796,0.15801817541199237,0.15412880604555645,0.15226865223288494,0.15243776556752672,0.1492248701770775,0.13654211302604846,0.12301386143277901,0.12707231317772735,0.1243667371537839,0.12656502476735093,0.12352119111799456,0.12301388207019857,0.12166102698661325,0.10508890046914832,0.08614931625057076,0.07143740029868115,0.0584164474344979,0.0386313894110995,0.027301482184300882,0.03152906016227822,0.02594866063652236,0.015802475488626764,-0.005504510645538646,-0.013959658862460991,-0.0068573283238009975,0.003119748326348034,0.011913105719116258
0.04845012489323591,0.0555679274077127,0.08012427238245685,0.12122949931318798,0.143116629323258,0.14898886587048804,0.14614176332367948,0.13137239510974327,0.1274575924613728,0.1322621071905914,0.13404146620293897,0.11553526164489647,0.10663797796304328,0.10948513480097578,0.09240243808343844,0.023181990709008633,-0.15743190979427368,-0.4761320455647436,-0.839672838469941,-1.0,-0.840562604841913,-0.49285888025221375,-0.20761246814780804,-0.052978284731965204,0.010192030369431528,0.039730855020380325,0.06250775547425673,0.08741999505374244,0.10699389971334682,0.12247516571901401,0.13777837855461875,0.1338635976226979,0.11749266296908169,0.09435982854939887,0.08475084252386085,0.09115684768518592,0.08208167370664207,0.07300645629519908,0.07727716440653588,0.09809675718841585,0.09969820418762318,0.08225959657800709,0.0605503568646277,0.057347351569408976,0.06268568920384653,0.06695636745506515,0.07674330892664255,0.07603157400828336,0.0651769215769193,0.0543223152930106,0.04560303320465213,0.04328973727572534,0.04079850218809636,0.02923210940926072,0.01926720943776824,0.011259704682709532,0.017131872687395595,0.023715819721979045
0.06925421989874558,0.08623937243697069,0.10015098616462863,0.10338624861437266,0.08850402653930875,0.09643042447659542,0.11050379639132675,0.11891557746893709,0.1174596994957247,0.12312139891194915,0.13800360618077168,0.14220944736543892,0.13913594803818208,0.13929772103149687,0.10823912254733352,0.017490005279673055,-0.17419949660269934,-0.4956242029006305,-0.8482664280068672,-1.0,-0.8422819426577374,-0.4967566237246616,-0.21221398832043303,-0.049318139013545405,0.022666423348483324,0.05065145094188985,0.061813096522679155,0.0744306595599912,0.09982743030717146,0.11778318625738875,0.1257095990009168,0.1158420584000251,0.1092097308947395,0.1160038116516847,0.12247430693869,0.1158420584000251,0.10419501487267073,0.09416575063260219,0.08915108396467135,0.08672462232112195,0.08348935000055034,0.08979813645462016,0.09319517189767898,0.09562155457460768,0.08656286413404854,0.07313652496761083,0.05065145834501054,0.03301925825225042,0.02865165517894943,0.035122186247704724,0.038195690510375344,0.03382807880010022,0.03285750006517701,0.029136950715678275,0.017813525355380215,0.02007821277176138,0.033019269356931454,0.039651548741932566
0.07862884322299916,0.08337892203332418,0.10642579911004796,0.14126001276362213,0.16096420998031408,0.1514640201537384,0.1400285547850784,0.13334314138847203,0.1245466617723515,0.11451854167744197,0.09463843032727191,0.07933249438925731,0.06842485193584572,0.04502614122451146,-0.001419478769472189,-0.07953249838158785,-0.24437972036870292,-0.5336102314321378,-0.8592562402596032,-1.0,-0.8566178449490337,-0.5446940080928527,-0.2625005991339693,-0.09659774205166595,-0.014966101607769008,0.03359065572714792,0.057341247040067544,0.08109185043020928,0.09886076136950835,0.11715752742998145,0.14213969615175237,0.15568629215177784,0.15339925275458854,0.14601018282406977,0.14952874461165405,0.14882502366589037,0.139676683576888,0.12876898744693366,0.13281530773791508,0.14301926145148863,0.14882506660712455,0.13052830054665143,0.09974043938998432,0.0819714801417968,0.0849622941612925,0.09059208319801913,0.08373078250620604,0.07176753716353179,0.06473031697058632,0.05945241792884003,0.055230097621912146,0.049248440060822254,0.03922042731899818,0.02901647092159749,0.018460655057750134,0.011775301711775954,0.011247509660539615,0.013182744945216908
0.05474143643590643,0.05856419410259812,0.06412464455779193,0.0769830739092803,0.08688754957609544,0.09870346504384082,0.10826041487662533,0.12111887073575908,0.12303031583821838,0.10826040427356717,0.09835591800369388,0.0802845481264551,0.056305281482928016,0.013212080713892937,-0.04638862367924303,-0.134138886168922,-0.28513944422343446,-0.5593385148161242,-0.8689834391661697,-1.0,-0.8347524413997798,-0.485315342518667,-0.17497330950727844,0.022769047776646942,0.1294594695463782,0.17498548104109016,0.1810671513274519,0.18992907069829143,0.19913850530010344,0.20226623780637923,0.1855849765667921,0.16577602523316182,0.15170119714574637,0.14092787508468013,0.14336059833512727,0.1473569969836655,0.1444031016158121,0.11660105609947705,0.09661831003965697,0.09957229023197559,0.0940118132691364,0.08254346074612519,0.07298652681792792,0.07142267646937726,0.06308203524652554,0.056652817920016814,0.05091863635698214,0.03771266261611136,0.026070536573026694,0.02433290210134441,0.030414620101467876,0.03441116454205572,0.03423739102198225,0.034584916856012886,0.02572299615979109,0.010258109799250213,0.0007011510201353904,-0.0013840046467395966
0.05967507777059741,0.07161308057748696,0.09092462557487342,0.12305196065331032,0.1332343969463726,0.1376233734896497,0.13885226549644858,0.1313032365546713,0.12708975479716905,0.13358548293185665,0.13428770846612162,0.11602955533342946,0.09373353306826299,0.09268015727255774,0.08091770013657507,0.013327464048272333,-0.16170511600365248,-0.48157520482468147,-0.8421733890684169,-1.0,-0.8539356319512121,-0.5402120171441387,-0.2635298431646938,-0.10798388242405008,-0.015113103952163373,0.03474568297028886,0.06687299126707735,0.09074903973149391,0.10110701901729822,0.11199170762627389,0.12059406951311892,0.12902091518887035,0.12796759295646196,0.13077651651884056,0.13060097888242822,0.12550977680488615,0.11357168561855681,0.10409153377938603,0.10374037816161606,0.1061982210948403,0.10321372775807124,0.09215352829433164,0.08039104973303024,0.07529983694282878,0.06880416237143802,0.061781762407886846,0.052477156239622944,0.04685925555156886,0.046508148140766065,0.049317079737639206,0.046332583722705295,0.04405031592020119,0.03474566020588771,0.03035669437526996,0.03263896217777406,0.036501256179528235,0.044576982392735075,0.044752544132631
0.03678040356788291,0.04700472568462367,0.07701807815080874,0.1083506684478277,0.13044847820727548,0.13819923819611726,0.14941299623305304,0.15666889989885444,0.14281657563541555,0.12599592851725241,0.11016472235066403,0.09664224024890194,0.07701809324494797,0.053271258838166684,0.005117967964574836,-0.07799591912626888,-0.24653287145480424,-0.5303416719740374,-0.8550461911697542,-1.0,-0.8527373916342318,-0.5319907569979277,-0.23993661186131848,-0.05672273238084217,0.04172765612386425,0.09004585487092268,0.11280320807509127,0.12269774840671213,0.13885881182911652,0.15436026136748374,0.16178108359843366,0.1540304141744272,0.15073225418940586,0.15436023117920528,0.16260563617313833,0.15534962181698264,0.14347627002152863,0.1235223110441763,0.10521741696519542,0.09416857246202842,0.08344950471260158,0.08394422518838895,0.08246008891792551,0.0818004599397491,0.07718298665319778,0.07685315958566022,0.07108137206480329,0.06860774452896769,0.0658042748314553,0.07223573661290632,0.07718297155905857,0.06085705497944228,0.04502583875009441,0.020124641681977504,-0.010548336617771655,-0.027369013924213252,-0.0339653590511546,-0.024070831297983094
0.04198368498388298,0.058341642440319925,0.07663438096649951,0.09264054126392647,0.10530480966958533,0.11075747914892951,0.11972793239144214,0.12817067782085137,0.13485465479780262,0.13239217933116598,0.11058157654456172,0.08718787178458229,0.07434777590532815,0.06027643155978818,0.019117729627256008,-0.08078892443402207,-0.2691695533889233,-0.5655485373248479,-0.8703688499384716,-1.0,-0.8703686782109916,-0.5921084674975127,-0.3291489176617094,-0.17418751351406322,-0.08237191371123848,-0.021337410186158735,0.03389263206705059,0.09422357883949664,0.14435283731935364,0.17847588183694615,0.1969444639361723,0.20679449459832888,0.2161168281803496,0.21295075302920927,0.20151780285412502,0.18322493016585167,0.1659875482345576,0.16422866171945713,0.15209201526316168,0.1459358104971188,0.14030727061230933,0.12764306660445549,0.11005387946442582,0.10020387026820422,0.09791726520703287,0.09615837332544866,0.08718788251754979,0.06907101976331925,0.06572912250506738,0.0715334952299559,0.06942280350611985,0.055175556556212084,0.03529977777122047,0.025098043863519524,0.021228418667850187,0.017182908979695714,0.010147233117468154,0.0069811711309832655
0.0653408680138467,0.0783960820033898,0.10039321590853412,0.13580328970728958,0.14903735300791005,0.15404483907341204,0.14957384637731544,0.1451029082450455,0.13723394232995909,0.14492405893396815,0.1459970347600136,0.1299015679991661,0.09896254146033392,0.05461056138693391,-0.0011870147941306247,-0.09597138363274708,-0.276956442926609,-0.5616684389201303,-0.8678393403197023,-1.0,-0.8576450714542422,-0.5423537172981864,-0.26497413928651936,-0.10151541763148118,-0.021216924953747,0.0327922836133453,0.0755346676303974,0.1025392439499824,0.12149618510403164,0.151183402874889,0.17371709562603072,0.188560628122102,0.18176474716071445,0.16280785511410922,0.1502892217960942,0.1502891890577982,0.14689125948986972,0.13079579272902223,0.11040813893209413,0.10754669182080573,0.10128739153094624,0.09037825469029541,0.08197286088239561,0.09341850746159984,0.09824715512878981,0.09341851837436517,0.08554963976140142,0.06498322395551866,0.0411976815135321,0.04155535285377348,0.043343769575189726,0.0333287974441857,0.014550754708657831,0.0016743934404312608,0.001853233202838952,0.005966512612752424,0.01043747342311282,0.01222585842930481
0.061707196150903094,0.07435226429946215,0.10090673331871394,0.14073862733685832,0.17393184020189142,0.18878973294546675,0.18515434897411062,0.1851543296840583,0.18531233450266277,0.18689303855048645,0.17835747974689778,0.16065451647577353,0.13615481900780274,0.09252943492692305,0.024088271403167407,-0.10267816412643876,-0.2967795220815068,-0.5811357266272087,-0.8768690497145246,-1.0,-0.8713371256686069,-0.583664806807601,-0.31622142569968714,-0.15088717810339003,-0.06395269446208521,-0.004837200640176022,0.04305580369956631,0.07861988455832479,0.10011643916495906,0.11497438013366519,0.13536447662891704,0.14721914935094652,0.14310948086304445,0.13583866469520137,0.1339419124300641,0.1347322258738713,0.12935806552090387,0.11971627044153454,0.10612285991799841,0.10043256454248195,0.09964224145364858,0.10264545183016827,0.10074869956503099,0.10359384725278922,0.0994842173449918,0.08478439693520408,0.06739744812380183,0.06534265728246853,0.06913612323263842,0.07245548309924639,0.06882004125773328,0.05680726726683771,0.04321386638832775,0.0296204691267026,0.023456027279077137,0.02029477169540594,0.018239957495024897,0.02535278195547095
-0.0025881756744486105,0.012264812589240923,0.04659390210007049,0.08672647536727171,0.11033395684992973,0.12469516434806116,0.13492510340170918,0.14761409708850315,0.14899114655530962,0.13531853581701983,0.10492391901382593,0.06675850782317796,0.026232490136259702,-0.021965917317210187,-0.08521409001433233,-0.1825948550950455,-0.3569950873345218,-0.6284791796712526,-0.8941599338050391,-1.0,-0.9035049320277886,-0.6868092145916176,-0.4553592173741965,-0.25715513557219233,-0.10321475142899604,0.02092086142271076,0.11751454859458904,0.19266497769470184,0.2545363605203059,0.29358700664980925,0.3191618422795229,0.3322442683816275,0.33175244785147323,0.3168011037347822,0.29781678325320027,0.27863568654193105,0.26161862417215354,0.24135552229454482,0.22158419292946482,0.19699314241293656,0.16433609114900086,0.13738423006129352,0.12361319519494086,0.11613748712337618,0.10295666090202149,0.08554614210812056,0.07039803976835185,0.05613518437184489,0.04354458480209778,0.023183235861420584,0.006854771752035525,-0.00691620159173433,-0.011736042599677709,-0.017834618861710793,-0.025802115951863,-0.03347452072392262,-0.036130365091713086,-0.04272074819137443
0.07967607033349927,0.08761484853132065,0.10613867946458794,0.13987857132778705,0.1622063973090697,0.17477634517711807,0.1883384302752778,0.1914809904109851,0.18304593166119784,0.16931827337499247,0.16154485138218963,0.14864435257984523,0.12466260122795961,0.10332699321465887,0.05900205870824765,-0.04949477346053741,-0.24300330004190385,-0.537897645612124,-0.8569368532172237,-1.0,-0.8637179462274727,-0.5584063969085784,-0.29295160200205633,-0.14476036918635643,-0.0584259462404325,0.0022727898907689693,0.042132140530291094,0.06876017903509352,0.09571901825697895,0.12218166775700291,0.1317743763715442,0.13392450660235944,0.13772850165037476,0.1365707407710487,0.1369015641956578,0.12830123502483948,0.10696564719600636,0.09026111297671136,0.09340350154444371,0.0960498013126528,0.08447238427183464,0.07239881787809029,0.06611391458970281,0.07272955047259502,0.07951062834449325,0.07206801968406572,0.06412922130177669,0.06313686708863826,0.06429462292184743,0.06594853820021662,0.058505894216970715,0.05337876442320159,0.05585962977158001,0.047424661851897136,0.03105090816521752,0.0164964518232748,0.016165670423358074,0.019308109373413956
0.061323109862012594,0.07787166157158472,0.1135277132372072,0.15293713294447403,0.17545671657946485,0.1756273717736267,0.16982679204253537,0.16385564039926556,0.1459422999821833,0.13400013202886668,0.12274030377550356,0.11045686707485494,0.09220226311556466,0.06490576024800758,0.016795695415074547,-0.06697046923087759,-0.22904383498104688,-0.5253827642872098,-0.8570345662311698,-1.0,-0.8415101382761552,-0.5045693474146642,-0.21164227276198755,-0.04035639975550528,0.04767487144104395,0.08674301979841681,0.10994501600509657,0.13024682124358591,0.1360473385131897,0.1314410224235457,0.12137547863212571,0.11745154388342685,0.1143808018235538,0.11676920418347336,0.12274024131401604,0.1181340189166033,0.09902642526832166,0.07787164595621283,0.08077185774489909,0.08623121557477408,0.08606054997036432,0.07070629833810722,0.060811326458865694,0.06098191919154001,0.06285857978930436,0.06456460080827876,0.06285855896880851,0.05211056096470792,0.04187435417144014,0.05125754525009676,0.05432840182269693,0.04204494690411446,0.026861281498126718,0.02327860768907391,0.019354731498019608,0.017819307115562493,0.005365279634161058,-0.0009470399071639931
0.06120957725054201,0.07599012332117018,0.08848322457176366,0.10326379211651261,0.12508269064678124,0.13370474340865263,0.12912977860916053,0.11910003280753421,0.11294154486730765,0.11258962697589911,0.10027243635423813,0.07810164140668176,0.054523129260984605,0.023730307052075288,-0.028001645801232294,-0.1195003942009942,-0.28736590483766883,-0.5660858841169033,-0.8659191974768661,-1.0,-0.8467402307222415,-0.5199845544459024,-0.21680589517960083,-0.014276839983504241,0.10537522430554107,0.16907247002108933,0.19282700285058801,0.204440250318828,0.20514402167928272,0.19141928833671232,0.18033382107204157,0.17294360977482476,0.16256204271533345,0.15323620785594694,0.14408632120520432,0.15218041123347978,0.1581630261244852,0.14355843363103113,0.12244333867239841,0.10115223108275946,0.08003721665207966,0.07774971814674303,0.08091695769529904,0.07387863744683977,0.05645867497946644,0.04466944709140139,0.0369272266377627,0.02408222225921872,0.0008556461237195106,-0.01181339326952373,-0.00547888330336309,0.016515986922869003,0.025665859481219862,0.021970712226502428,0.018979417531258924,0.01862749963985039,0.018275578393110486,0.009301672581609334
0.06619354929741889,0.07543753419622572,0.08534176272048952,0.10102354098346644,0.1130737728166162,0.11621011134566604,0.11786077077267769,0.12231767713403224,0.13717412568350335,0.14971954023574582,0.1574778561051883,0.15483676073127428,0.1556620048270524,0.1470783844257887,0.1115881138599257,0.028227219082321467,-0.15780792538371266,-0.48167853599473925,-0.841202604560657,-1.0,-0.8697589572482524,-0.5803915052385566,-0.31429583801759975,-0.14839895008725854,-0.05463844764915772,-0.004786998129728279,0.025586077122290884,0.05331799782343716,0.08303080426831475,0.11290866154688271,0.13007607358486553,0.14097080856474864,0.141796103023896,0.14229133610635797,0.13139668170786564,0.11967661197813977,0.12066702777969444,0.11587990895154676,0.10498522433503289,0.09343029609306205,0.09640153846138919,0.09788716720005813,0.09062404412238222,0.08303079419564088,0.07411694118223638,0.07659301594048157,0.08600206678198957,0.082535556076842,0.08022460266100415,0.06767916796341399,0.0590954871261072,0.05529885209006269,0.04456925104342921,0.029382708381082704,0.01584688510963435,0.016011958449455372,0.017002387314008955,0.02542100110691587
0.04941292453359435,0.06261755136491576,0.08135385892093801,0.10758467697757224,0.13381557669809938,0.1311389718325967,0.12096775574768082,0.11846960282096532,0.1172204719150123,0.11204575767687036,0.11472235165385397,0.12649946097154952,0.13560001986633768,0.11543611585492643,0.0706474067933702,-0.019286909763057074,-0.19380248558417304,-0.49608299669175965,-0.8420802367157096,-1.0,-0.8606375832946789,-0.5381951716631871,-0.26018283938540704,-0.10244045007651742,-0.029279575912514316,0.008728347378620816,0.04013397903113335,0.07171806398349793,0.09616443342763434,0.10687092910927835,0.11418697406045436,0.12881925995614935,0.1398825832957343,0.1359568584127977,0.13452940623028617,0.13756283875372977,0.13774133424659316,0.13310180160850785,0.1338155222555041,0.1389903889329128,0.1418455001797979,0.12792697848517537,0.10044704041110719,0.0790341633772692,0.0708258641764169,0.06654324630442499,0.05851340448661937,0.04709317454733029,0.03924176016914396,0.03656514441512224,0.03924176697446837,0.03710047845444564,0.03745735919391699,0.03620827456416995,0.04263214012423813,0.04816383445958779,0.04513032571651079,0.03228256873614167
0.07084601846197376,0.07694358587750834,0.09182891812586964,0.10940435477232047,0.13307736977774146,0.1537016202264075,0.15908189468320014,0.15675042855690488,0.14760405828259074,0.1436585120079448,0.13110464041416092,0.11101842397723553,0.07999239420800573,0.041254725082467414,-0.005732606467684481,-0.08571874366024804,-0.2560931749144675,-0.549316972805493,-0.8663915070962378,-1.0,-0.8500713427030914,-0.5394531727794918,-0.27797291101343236,-0.13288548736549974,-0.05236129153846542,0.005027836431368379,0.042689472415626456,0.07281873141040088,0.10276870409958502,0.13576747417583096,0.1637447393883058,0.17683666688070152,0.1764779410614224,0.16751090086644096,0.15836449776181996,0.15441898431748086,0.15262557408979743,0.15029417362411585,0.139354316518069,0.12142025801497736,0.11299121900142972,0.11478455262506386,0.09882315235322128,0.07550883580849038,0.06223764936909341,0.06403104865334121,0.07335676542214152,0.06869388788672905,0.06313432712434609,0.05165650987474898,0.043048143517727525,0.031928991898513684,0.020809844383088198,0.027086787019627384,0.036233176444953864,0.04699363233933651,0.049145730084274405,0.049145741027710015
0.05709135248766338,0.06860687229764077,0.09631089780502387,0.12902162589311772,0.1320257228013614,0.11984265758346924,0.12935543933211147,0.14370814423895611,0.1483811250345049,0.13052365907160093,0.11967572540457466,0.10365409587538857,0.07327982763379184,0.042571812147635446,0.0015164889531718417,-0.0765886838590248,-0.238473751016841,-0.5221904072594146,-0.8524680450993918,-1.0,-0.8356120500047463,-0.4737918478054897,-0.15135621364766,0.03890018001523608,0.13653177141801562,0.16507013703146045,0.1580607065731736,0.13986954937638493,0.14020337299913774,0.1547229286148043,0.15939586867531674,0.14270674465701128,0.12768648415849276,0.11133103100655385,0.1019851814368062,0.09747908190135657,0.09113719685098451,0.08262573830609399,0.07928789415329064,0.07261228731775661,0.06226497706350962,0.05341972544714356,0.049915012763939906,0.044073809682961866,0.04123665768331162,0.046410289896977173,0.04891367683048935,0.040569089361938905,0.032725190227631915,0.02955425915917485,0.01803874825998666,0.01753807106422971,0.027551561832876017,0.0343941199418529,0.023879946885570102,0.017871847905339227,0.028552907950085662,0.03839950568366138
0.08780740329155297,0.09125501316496783,0.09815014986981083,0.13226328315229013,0.15694081498326112,0.1692796362600711,0.16637631124825294,0.15875533775432296,0.15440050524830431,0.14768679313990526,0.14532784710393548,0.13371486815234493,0.12409788639345223,0.11230341087569592,0.06440005400872263,-0.0428383137307546,-0.23136764485401454,-0.5267731256429629,-0.8542942200852696,-1.0,-0.8682660897115054,-0.577942889232205,-0.321912641153418,-0.15824198965095057,-0.06515690506188823,-0.008180887282479883,0.020125678672341617,0.048432248087245895,0.07437991264116547,0.10540821880952844,0.1208317232610111,0.13571088748957255,0.14387622888708598,0.1511343199713334,0.1487753960798934,0.13788825945352232,0.12681965947778012,0.1210131644658524,0.12228334147786059,0.12355351848986879,0.1139364592251218,0.09760577643009494,0.09107352767106695,0.09560981799032424,0.09742439058657812,0.09542837124935051,0.09143645436980911,0.09034770749037732,0.08127512131573031,0.06385570824966898,0.04988386353602915,0.03917816534643311,0.028291035640227565,0.020125679018349895,0.01595226929223173,0.017403891574678476,0.02139584668813458,0.021758748820289005
0.08031046794668359,0.09924608273610307,0.11426404182495574,0.13091438235779576,0.1354849607534561,0.1436469078167281,0.16046048649396685,0.16731649851954755,0.15833832089094665,0.14168802020144183,0.13956591436342447,0.13466880987479765,0.12226265113549094,0.10593886657811882,0.06447633805750486,-0.0275900127365086,-0.21335538214249475,-0.5210605194775025,-0.8552086823150319,-1.0,-0.8610843789600116,-0.5496272744339517,-0.2742434291415667,-0.11769748089565273,-0.030691505107374707,0.034930246372376024,0.07835160025306495,0.09794014769841178,0.10528589407885627,0.11769210262233201,0.1261804064443958,0.1274863514429209,0.12356858617318223,0.1348320878625316,0.14593231156414702,0.14429985043348922,0.13613788344854963,0.13287312056057493,0.12846571058347667,0.11671254426510012,0.10479616968482626,0.0951651540282192,0.08063691933339655,0.07312794974980401,0.07704570505870888,0.0739441653738822,0.06921025918631887,0.06235425214115509,0.05207025900486858,0.031991952302573436,0.014362227960550169,0.015668135061215404,0.014362225081246648,0.0026090738597588344,0.00587384795367157,0.015668135061215404,0.015341655348381313,-0.0029410143340685845
0.0389520882035847,0.0582406352077937,0.0771785132626396,0.07998410560606797,0.0791073315832836,0.09155722417865243,0.11014447073390553,0.11996417501010098,0.11505432822197045,0.10172761345411256,0.08471858581971382,0.07016446552947878,0.060520133177735205,0.0475442906579936,0.016331855819952237,-0.06397869647654364,-0.2246001942921238,-0.5176121620629078,-0.8562136826350155,-1.0,-0.8449913346611708,-0.524450704122437,-0.25931966235918813,-0.10483537940434536,-0.009795371005441086,0.05473361401619689,0.09015443068192183,0.1310111403595595,0.1639770603810551,0.18046008459140916,0.19238393096299583,0.20185298768969692,0.21307544266288544,0.2251746502589896,0.21780990682662973,0.19554039020457328,0.1743227841311968,0.16818559067032818,0.15608643657389593,0.13732379134435502,0.12347107850241965,0.105234623945775,0.08068547560459732,0.07630174458982242,0.0827897193493651,0.08910234358432467,0.07963342595677048,0.05771455688420839,0.03649715678456865,0.017734664029092604,0.010194586790797083,0.010545283158742036,0.011772746862012367,0.0038819682401776533,-0.012951695160347046,-0.01137353107665637,-0.0071651191554073495,-0.0015538996937638628
0.0657814191521013,0.07373157970966437,0.08351640418575201,0.08886749406499966,0.08978480736574566,0.09697051918185624,0.10583803502182697,0.12143265500614052,0.13626276094419457,0.13213475080131254,0.12449032869159463,0.12189132798271526,0.13335787251933978,0.13106455428275673,0.10767269894035154,0.03979045348203359,-0.14321641876367291,-0.48431085180015876,-0.8527693796987269,-1.0,-0.8431372565199153,-0.5196280645946354,-0.2491682064152329,-0.10086641002329906,-0.03374862030337719,0.0008040387954927852,0.03168740854050345,0.06425252166919632,0.09911090288970971,0.11898635559453717,0.11837484138181427,0.10981313862375386,0.11057765267001335,0.11531709306229503,0.11225934474277577,0.10385048322086352,0.09559457488619713,0.09452434571523784,0.10262739881986885,0.1055322965739818,0.10430919351447084,0.09574741145771622,0.08305771721529005,0.07174400925018465,0.05905431967238754,0.05676101542969171,0.0663929520233405,0.08229330112624106,0.08473949791600482,0.07097959782576473,0.05186858686544614,0.0437655454223878,0.04682330773579427,0.05293881836871998,0.05003394860238145,0.059207212219455484,0.05737256229481812,0.0538561526602968
0.05544777748337064,0.07906188140097688,0.10815172557560584,0.13621485425801813,0.1425461907585547,0.1411772889768402,0.14032170578530323,0.14100608880588048,0.1427173073968621,0.1475086045942137,0.13621489602434428,0.11379856419816824,0.08881554022607978,0.07803512414243405,0.051854343741287716,-0.017961281233663598,-0.19096047143316155,-0.4969182945997265,-0.8446264265474974,-1.0,-0.8530112671235381,-0.5278904478996906,-0.24571798363999475,-0.08247225126515498,0.012155252655527582,0.06006790844490252,0.07991745415093231,0.08539318657676885,0.09976694242826362,0.1139697748107095,0.12902805986492308,0.13108139687512252,0.12235440655511937,0.10934950027743141,0.11345629959680882,0.12594788728431922,0.13296375298757462,0.12971247421024493,0.11978771962999775,0.1062694112294799,0.09566016921284005,0.08950001200010012,0.08659102392808367,0.08060192592495265,0.060239051187163765,0.03594046374875795,0.0174598651800625,0.026357934613939385,0.04210066142262637,0.04500964688424741,0.03217590031639071,0.02276448194648992,0.021395547534833092,0.030122498046306623,0.04329848833235965,0.056816705369039,0.05852787175211292,0.04090285539605616
0.046061070389245694,0.05460659599560659,0.0738340047489754,0.08924638623004051,0.09473996218336225,0.10130171690700751,0.11625642454646366,0.1373149616550912,0.1541007836824247,0.153948204008184,0.15455859719784748,0.16142549264679895,0.16737682624601793,0.1576104886534642,0.10893170627050182,0.016457001272540784,-0.16879757680147606,-0.48833980832845,-0.8429770596397247,-1.0,-0.8562535212247595,-0.5509052965007092,-0.2801947436249164,-0.12515432406672286,-0.026575737803884468,0.03858374683217728,0.0729183916855112,0.08756783754902248,0.0965711510639403,0.10221728806832756,0.10236988636574343,0.0985548730608211,0.09901266795306872,0.1006912585362309,0.10298025162064416,0.11167835457334885,0.12098688796206739,0.11366218830928071,0.10389586933990215,0.10145431520442338,0.09596072993951404,0.0935191571808601,0.10038608987616192,0.10298028886699451,0.0922983894247083,0.08604184991906996,0.07734375162215908,0.0628468714655071,0.053080589742478895,0.05247020120860921,0.05231758428801815,0.04331430103576,0.03919414933342836,0.038278568860520716,0.034463609097227024,0.029885657846853972,0.024392121467779485,0.01950896605690977
0.056822840018278496,0.06273101836914265,0.07011622440845346,0.07513817803460031,0.07543357275675724,0.079126166763469,0.0813417511076214,0.0825233525286083,0.09566902378505338,0.10630379258521026,0.11812008619633291,0.13687849151029505,0.16213595925534366,0.18798418940587516,0.19669882266169858,0.14293424329426224,-0.06621470160958329,-0.43843033879001764,-0.8345716731336351,-1.0,-0.8457971863133875,-0.5308937312823583,-0.2657636988401983,-0.11451398515845065,-0.026039180755732475,0.03437183844436871,0.0720363554463151,0.09064708367832203,0.11782468696770414,0.1413096962503745,0.14559309772728746,0.14751330537517027,0.14854709001357513,0.14854710803946244,0.13924183855936748,0.14116194706486998,0.1413096692115435,0.12890253207844501,0.10925787500093459,0.10674686889579425,0.11516603081943957,0.10069098191767206,0.0764675061087326,0.0553458213427755,0.04648355832295111,0.04190474635122982,0.03762129980959856,0.03732590508744162,0.04027999200963778,0.03112233652089237,0.011329974266391396,-0.004622075355405412,-0.009200926758755237,-0.003735856263777906,0.004535575626868162,0.003058539488786811,-0.004622085494967036,0.00010446664931513042
0.070823006488726,0.08323662849773475,0.10023143541025127,0.13082225918821627,0.14973825033639412,0.1405758174057972,0.12092085652530794,0.11323620975920744,0.118999753448537,0.12535433224830564,0.12860556641498988,0.1311178759376352,0.15313725680716989,0.1763389603919084,0.1859447463053978,0.12461541662192119,-0.07666286082562682,-0.4418317512962897,-0.836702396953657,-1.0,-0.843647722298921,-0.5182350553451466,-0.23922281973486817,-0.09262327964481179,-0.02966834640447476,0.015700518244337644,0.05929600928661179,0.0826454851754418,0.0819065424960939,0.0788031257217736,0.0826454536136511,0.08545328069151595,0.08885228265346445,0.0891478317704747,0.0921035078024942,0.0959457951149265,0.09742359029707744,0.10540385381259686,0.09993597196095864,0.09343353969820813,0.08116768548446363,0.0748130661052498,0.07008407282703258,0.060182706234742214,0.05087248747357203,0.03446874723328531,0.03446874497887168,0.037128804261472276,0.036833250635634786,0.03535543516376125,0.03225203078871587,0.03505987477468289,0.04259673345579654,0.04688237600553492,0.03919774051150253,0.028705273430778038,0.02264624769324349,0.01348379531832905
0.07570329823984301,0.08837101743239706,0.11458630034341247,0.15223761888158815,0.16772045835669755,0.15434892151762775,0.1441443654725294,0.13992176020045022,0.141153379350055,0.13446762166648493,0.12355924797487086,0.11528998915835022,0.08995450246140038,0.05142341723306242,0.005502823774418861,-0.0749022335760157,-0.2413428518731339,-0.5300632860522072,-0.8550258252895945,-1.0,-0.8432378217913697,-0.5114134550471615,-0.22973066053500407,-0.07771731091471172,-0.0001273174830171159,0.037875962216245,0.061803938425754525,0.08010180692771818,0.09751994363140526,0.11528998915835022,0.12461484024508407,0.12426299046963278,0.12408711389374888,0.12021634766115616,0.11441029493595058,0.10402979253119693,0.09769591146299024,0.10332599635661084,0.10332602319652293,0.10121473129644817,0.10103879030477528,0.09980721409902983,0.09804778807835361,0.09751994899938768,0.09294547784790995,0.08115745287775555,0.0753513786806203,0.07816640233949215,0.0746476093459463,0.05441441945948408,0.037524069496934376,0.03558872798250175,0.03576466629018343,0.03629247852923729,0.042098535280429686,0.042450426657744705,0.03629248926520212,0.036292482555224104
0.05444036975291081,0.06358717687140872,0.07448266116562598,0.10690010636330274,0.13057420261820332,0.13582017258566045,0.13918293280705035,0.14765724944097117,0.15586245989439557,0.16030139039100746,0.1554589565748932,0.15841825451658129,0.16796862651428246,0.16985179522054913,0.138510356138892,0.050270459253214085,-0.1431581401531459,-0.47661482648641246,-0.8395267626657453,-1.0,-0.8658912558808406,-0.564316749041941,-0.29125643300542203,-0.12661297737296615,-0.028284623351976033,0.02767243170002906,0.06668094582374384,0.09008608364143013,0.11564338143443785,0.12035129499214439,0.1269424182959182,0.13474410080595986,0.14066265564953548,0.13595467642814796,0.13326439437939497,0.13097776339342654,0.11712299757344141,0.10286476126579441,0.09062408259545988,0.07824898626621912,0.06533579248742717,0.060896907134595925,0.06681542504235097,0.06533578427946704,0.06143496764832658,0.05887925510574206,0.05363326872236468,0.045158993128244444,0.03762632035516782,0.033725472944176896,0.03224583628527303,0.032649370384625856,0.03681925420845219,0.03036267168298642,0.01771853458043143,0.006015978240027217,0.0038637997967955235,0.0060159915779624115
0.05213821813090923,0.06082332146140128,0.07074911559804115,0.09219603459193472,0.10921169327151896,0.1304814139842965,0.1528145515125219,0.16610805124842395,0.17585665521568894,0.18649142904683894,0.1893275316910119,0.17638846096430646,0.15370086197991992,0.1414707898751206,0.10814827645607107,0.012612134412831095,-0.17881480851551085,-0.4966199554401631,-0.8424284551008957,-1.0,-0.8546587975970661,-0.5398684279345888,-0.26672953443507774,-0.11855059622408955,-0.0386122535162208,0.0014455791682869406,0.02466494199062848,0.03654046205815739,0.0608233268692287,0.09113256369821263,0.11470640284824068,0.12392329840778171,0.12729099048747536,0.11169322630298238,0.10159015547172888,0.10300813649205888,0.11098427094369562,0.11364293195451859,0.10921175816544801,0.10265360473414128,0.09751342150750973,0.08847385401694284,0.07145814125908438,0.05727838783797224,0.04770703893401123,0.045757319762906465,0.0445165911019667,0.04611181636994582,0.056923872303536904,0.06897668934503229,0.0661407327121997,0.04806153824496429,0.038490204212528696,0.04274412158633847,0.053024436665241086,0.05674664157545634,0.05515139738008125,0.03937643491447224
0.02983528042269748,0.03395570820898888,0.040411080344249714,0.04288336844480066,0.039037600923399675,0.03354367276374084,0.03752677775096812,0.0398616885759097,0.03285692048180538,0.020358266133077018,0.01019451527590915,0.003464464018492236,-0.013017289031708184,-0.041036274455178254,-0.08127921310507731,-0.1494039097133365,-0.2764513092884242,-0.5310956343030511,-0.8582567226241093,-1.0,-0.7641736169640768,-0.27892365605602387,0.1263909004704689,0.3565866296944151,0.42938154185988464,0.41001541497784344,0.33969303396212674,0.26415134733711026,0.20632776314724027,0.17020506999673118,0.14809201779701778,0.1318849103449456,0.11760069084407739,0.10922249151991305,0.09672373659910116,0.08243957576528167,0.07337456968263664,0.06623252278975474,0.06870476479476739,0.058953052525725184,0.042745999550198255,0.0383508528319677,0.03725204415226679,0.03326898945108127,0.02598952547280694,0.021457045479253565,0.017199266607999548,0.012804129318401827,0.018160703250220442,0.01843539808676458,0.015413738122765152,0.014040259749540988,0.013628222209041198,0.01857273555259088,0.01884744715114894,0.012529425053224857,0.005799382700627842,0.00923308334800467
0.0585017135975476,0.07992957810638888,0.10989372086709719,0.14752316532145998,0.15919524832844245,0.16093743531259205,0.15884683857052542,0.15518842449371004,0.14787160697043036,0.14804582779491554,0.1400321057129929,0.12139162557099892,0.0875948266482878,0.041951734524460174,-0.013969751080514023,-0.10281694743130008,-0.2712788217193072,-0.5590754018530257,-0.8712593043559921,-1.0,-0.851573679983056,-0.5181357936244978,-0.20978232554015042,-0.019718695459701552,0.06355377733638216,0.09438898701328748,0.11320370392529333,0.1267921522195061,0.14491004430050236,0.1609373502697831,0.15989204658357423,0.15466574075955225,0.1508331802707095,0.13637373415758197,0.11738476984521316,0.10954533236988241,0.11355217746531705,0.11616533037732805,0.10832581848953947,0.10571264431682624,0.10309951266551748,0.09543424817809187,0.0748774771613254,0.05588851816413213,0.050488036694617204,0.04421645641785192,0.03864173552073735,0.027840704813219132,0.0168654559388035,0.030453860382817905,0.04404226748442009,0.04212593143065534,0.02505333240551684,0.012684406213559206,0.007980733380378338,0.015123352170371241,0.020001240097613643,0.019652810407788282
0.04297148344014219,0.06511177056134033,0.0994367066572551,0.12529177607944164,0.132127042972905,0.12573759909954874,0.1300467743141943,0.132275644601503,0.12440022071079293,0.1050832239920303,0.08591472916314367,0.057979341212885435,0.027369257688422282,-0.01973457975493986,-0.0870470032875504,-0.19046763459540178,-0.3557031613506288,-0.603705415798329,-0.8729528159381655,-1.0,-0.8482874662604174,-0.478292641106472,-0.11958891931773317,0.10582614146345484,0.21727077108914467,0.25664785427406883,0.2541217988638772,0.22678076755864995,0.20196575539498815,0.18695787042077527,0.18309440942035826,0.1676407830304472,0.13896230079921182,0.12127980412199206,0.11295867508421,0.11191849088549365,0.11162124229251494,0.10998676945244168,0.11266141742407473,0.11206710158124819,0.1028543537047216,0.07878229981468877,0.06199134490538292,0.05233281027737542,0.04728067678910086,0.04133695846391881,0.03182703906524413,0.03524466797839753,0.034055932020444185,0.03034111571761874,0.018602303363743997,0.008200818679218132,0.002257109704541269,0.004337410239974196,0.010875489035393905,0.013847335730644682,0.011321261052745423,0.004783187215926948
0.07741985973188714,0.09124323341157622,0.11937223561764436,0.14653674284264365,0.15409137729549696,0.16036020479619953,0.16309270272686463,0.1618067584598099,0.15489515989383218,0.1441257089102755,0.1269268798787051,0.10683472283524689,0.0864211410263214,0.045754682435048474,-0.035417461063467326,-0.1453616696274973,-0.3096353536272747,-0.5674583664973731,-0.8632133268935057,-1.0,-0.8598377342267205,-0.5433477133110542,-0.247269140919199,-0.06901147384317682,0.021001201479755285,0.061989134184039084,0.09252917767863092,0.11872930762105041,0.13223114864499055,0.1402680036158079,0.14139320117140297,0.12837348258335263,0.1269268700704977,0.13528519884781942,0.13833919020140378,0.1219440554943018,0.11004942657156488,0.11471083599870834,0.11567529665105122,0.10892430748162919,0.11262124644822233,0.1113353316057899,0.10056598360841115,0.09413651238242693,0.09494020670689535,0.08754631406139793,0.06295353843918929,0.041575529080620954,0.03498531604728082,0.030163209256221346,0.03627121372535026,0.049130162307448356,0.04961237792130866,0.03836079101557699,0.02743068481274555,0.03209205240175421,0.04125404914398692,0.04832647288708365
0.07509834511002457,0.08771551916688719,0.09945243192850141,0.11221628561407418,0.12057880149021204,0.12644724891867828,0.13759727307097572,0.1469868104421398,0.1587236336803455,0.15505593125149394,0.13319604268963103,0.09637144801449046,0.05514566771970946,0.01259948750887732,-0.048579013679000124,-0.14922286335349325,-0.3130995270350648,-0.5732192441983162,-0.8661995311256139,-1.0,-0.8414049130422596,-0.48607253892485625,-0.1511300879535523,0.05470553483400006,0.16136443994694277,0.2056713294885067,0.20904564580291538,0.19202715631747,0.17280794868943244,0.1601907880610811,0.15212169410874954,0.1483072628133131,0.14009133256630646,0.13950450662337563,0.13877092495683738,0.13627691917555176,0.11749795186131387,0.10634782028092621,0.09431749454784656,0.07817928873850169,0.06292135765291648,0.05001080419586665,0.045169340214977975,0.04707658943397437,0.05221144848164676,0.05602595587198041,0.04913050709125485,0.035046281605576435,0.027710716724780572,0.02110872735578861,0.0177343746724952,0.007904739665463836,-0.003832147917691744,-0.013368355965225107,-0.009260437841511253,0.0057040713202676846,0.02360281314862061,0.029617968181862183
0.04418374247019467,0.04852169209216991,0.06262006627682436,0.07165748407054706,0.07364568719868077,0.08232160850124066,0.09027453130682257,0.09678140748657732,0.09696221087868227,0.10364987942123727,0.12280924859938995,0.14974081439615256,0.1853481967170803,0.22872783080314155,0.24481429230823024,0.172334323035219,-0.03661077569389162,-0.4035309219330135,-0.808949854413173,-1.0,-0.8552212288131379,-0.524451983516382,-0.24067600267144557,-0.08143632405412349,-0.0022685828388256065,0.03677303958542139,0.05141365299216771,0.05900508482123916,0.06948851063822253,0.07852590085868347,0.08539436176403871,0.08955154383914929,0.09334727354031591,0.09063603331263774,0.09298573293193425,0.10021571238706173,0.10654193958497746,0.10292693055613047,0.10238466927542919,0.1034691863221794,0.09099751325984348,0.0653312734165884,0.04219549522484213,0.03261584096635374,0.03261583131571212,0.029000867782747068,0.03460407166774922,0.03858053307054017,0.05683610035960992,0.05846286765775671,0.0499676615128641,0.037676778056002246,0.04490670236460617,0.058824331061005396,0.047256440586469176,0.03821903382205118,0.029362368409899146,0.02863937542757352
0.034696867591719235,0.04778699915846406,0.07454466702038921,0.09629733342033618,0.10457493421510067,0.108809961881768,0.11535504308241226,0.11785758639443787,0.11381498390010865,0.11419999869568455,0.10226490417410941,0.07897226081730867,0.056642069287374634,0.03931692914201333,0.011404180644417738,-0.06790650225307118,-0.2199830003032042,-0.48871637369142645,-0.8307925225211599,-1.0,-0.8411872289586321,-0.43308301022518103,-0.04499871511419308,0.19678316447049565,0.2959216962857354,0.29919422220294145,0.2739763580371008,0.2306635385082412,0.18966069028790872,0.16944800671806193,0.1650204951465923,0.15404797872668183,0.13884034654140778,0.10900246927955595,0.09032983314551996,0.07685473230085896,0.07743224862097639,0.07858720490900785,0.06703713105625503,0.0416269298167725,0.029499330834032618,0.01968175234825856,0.003319116888981718,-0.004958436185655627,-0.0005309128676931684,0.0062066434278837445,0.0027416108470455108,-0.00130091309261289,-0.0020709309372718603,0.007361650739743446,0.008516662272999008,-0.0001459076161426935,-0.014968533081554665,-0.01843358107966474,-0.015546031781932852,-0.005150947988378391,0.011211683800119441,0.03026933105895234
0.05711857041357676,0.07162017940820395,0.09162244676119789,0.11429165359816741,0.14296152640138232,0.15746311759644355,0.17279827772300976,0.18996679314527573,0.20363513071542927,0.2033017804437995,0.19413400718960608,0.18446627972623195,0.1796323854810032,0.15829662550086518,0.11179136382205532,0.012446872539668075,-0.19074283453716032,-0.5106132405725127,-0.8516506463601736,-1.0,-0.863651988463845,-0.5561186955447667,-0.2905877606170097,-0.13306941318132287,-0.04505960160127457,0.004612669467870453,0.033115862049680214,0.05711853990003508,0.07462054036207319,0.08978890329865782,0.09678967602128556,0.10479055041470535,0.10862429213323925,0.10279033690194067,0.09545619356532208,0.09612296022125522,0.09562285852995639,0.08362151642628503,0.06995333142383987,0.07278699181394284,0.08962215187898875,0.09395598003205063,0.07995446001474657,0.06661962528393116,0.06928660545262896,0.06745307724685974,0.05945213928356145,0.039783280686485484,0.03294917928547991,0.04261692581981761,0.05345146823172577,0.056785199799585885,0.05095120134076994,0.04145013375643984,0.03711631323176338,0.04161682414902555,0.0427836085840179,0.04428377380418168
0.05002316977336197,0.04797600942445613,0.06179433397217968,0.08618967707808939,0.10273753054044199,0.10683192410723526,0.09983732425369832,0.09233113730509789,0.07458912258733198,0.05565283731068038,0.04592884907555029,0.044734646180718936,0.042346313260037814,0.02392188313220338,-0.014974189521643885,-0.09225453433225746,-0.2505686531455928,-0.5400723492646055,-0.863523392915802,-1.0,-0.8425402908154436,-0.49537613989841545,-0.18267091840370744,0.016586208299277202,0.11143801407256437,0.15016348482574224,0.16602893589034445,0.19025372914485733,0.20475451074206744,0.2132843455291751,0.22863813142480502,0.2380209913300415,0.2148197157908545,0.1905949641757597,0.18445344148962411,0.1805297278974091,0.16056998736455871,0.13736874305493524,0.12030904225115636,0.10222575086307005,0.08721323122790603,0.08141300603179988,0.08209533035564143,0.07936578842869423,0.0732243073819767,0.06503564516664431,0.052752735122481825,0.038252002972080645,0.026310229065202646,0.02170410787030999,0.014539051854066802,0.011127108993255011,-0.008832692860144594,-0.03152204298399649,-0.03254564658062206,-0.01633896569004474,-0.0025206177201485434,-0.004226592484960962
0.09293745886226494,0.10988496016070844,0.12859785849464336,0.14660460016884197,0.15472524555744258,0.16108060163356364,0.17202581979960366,0.17043694846366983,0.14660465403034792,0.11694645135196347,0.11129723039097636,0.13318779599067063,0.1623163138473704,0.20592085471339425,0.25411539770925246,0.21863143759802212,-0.024282858095755273,-0.44744187722291234,-0.8495923910092754,-1.0,-0.8709531748365743,-0.5801982520232243,-0.30868375790525626,-0.14415114133939838,-0.07230074343136635,-0.03434537505097428,-0.012807909325750542,-0.005216849115048614,0.006964162730325885,0.02779547112254446,0.04809719231705787,0.07210613363832576,0.0901128322233196,0.09593854656696074,0.09346702518863655,0.08923018218092924,0.08516978408052062,0.08428713403813025,0.0814625935775944,0.08569943658530173,0.09593857888386431,0.10317655807162278,0.09858661518944492,0.09064245241119716,0.08110951524772625,0.07334188894133727,0.06557427879340007,0.05409940812257894,0.04915638421745762,0.049156400375909404,0.04915638152438233,0.04668487899758521,0.03732844464253188,0.03132619652010724,0.02267591444854289,0.01314294193845871,0.017203271702081673,0.026030096304924234
0.06183496083576801,0.07667782731130254,0.09037893138194429,0.10897334626835464,0.11843354248076499,0.11272478519727754,0.09739257420374466,0.08760604712480315,0.07733027505691141,0.06901173674389331,0.05955146090824448,0.050743612912394875,0.03524834596754935,0.006867495755538717,-0.04239118156043215,-0.13259018263015138,-0.28917456612869136,-0.539220557682473,-0.8426008617606255,-1.0,-0.8378705247847049,-0.41297417075187187,-0.02183956277786257,0.17910972472183423,0.21678777957779558,0.18155648712344527,0.13833275332934494,0.1021227320273787,0.08303904229330367,0.0760253845421461,0.07798269294380583,0.0905420395860072,0.09820812517696402,0.10179649571344325,0.09722946599968174,0.09461973473467516,0.10212271212156908,0.11337716824900512,0.11892291685747779,0.12332675874393789,0.12577341166359599,0.11827041437089246,0.10766845077713692,0.09820816498858327,0.09576151206892516,0.10016542362571895,0.0978819087688382,0.08548566535424733,0.06150873447473738,0.03818428119955073,0.030355084916304793,0.030191986665146695,0.03280169553611745,0.020405479492014815,0.006867501354047674,-0.002755885484918557,0.00605196225215559,0.017958860163410452
0.06527579282987012,0.08394278599387532,0.10476367941331508,0.12935384214796855,0.15035424231511152,0.166328979268758,0.1684828192851912,0.16202122256807175,0.15179019772382593,0.13222575296539738,0.11966143064347079,0.09435321901291308,0.04732676641767641,0.002454171636759688,-0.036854231473141666,-0.10577849749603468,-0.2612176503248942,-0.5424799657462779,-0.8592807290591747,-1.0,-0.8363056177604752,-0.4967099344306881,-0.20665226480758497,-0.04098249237867043,0.041942043160454315,0.088250564599653,0.11284077662076211,0.11517417267135416,0.11678956363622475,0.12702057752792487,0.1331231826547293,0.13276423487459707,0.13922586444935364,0.1478413559456348,0.14173876177137604,0.13689250125639868,0.12504611830491938,0.11284078757330782,0.10368673750000708,0.09381478091389617,0.086096680773037,0.07066049144386438,0.058634651031137484,0.06042955421998414,0.06294242963691515,0.06294242963691515,0.06563476251509374,0.07155795946710625,0.0726348849515957,0.07532725616368423,0.06778864634170972,0.05468586675381127,0.04696777482736138,0.03853172710164567,0.028659770515534765,0.017351870157789245,0.00406958245311936,-0.005981880196160652
0.06774635302874148,0.09089771626362718,0.10917508648852862,0.12849685040420147,0.13528555013305155,0.13267455262887434,0.12954133438026383,0.12118592993091813,0.11387498821403691,0.10412699157226944,0.10377889397770891,0.09907894445410544,0.09437906397219502,0.0783646786313017,0.04476911294372854,-0.043832548485035636,-0.23548410429650604,-0.5475928559888652,-0.8668366311642136,-1.0,-0.8539555331136238,-0.5427190647930606,-0.26055033888814094,-0.09239814830992642,-0.004492708624780625,0.03693596110421295,0.06165392815250445,0.09542351608286055,0.12048968163280242,0.14068177450926805,0.14277058313440874,0.1476445017918005,0.15425920583236494,0.1579147191780013,0.16069987169744807,0.16801070719633995,0.1601776615748137,0.15617415685260613,0.14538171872197206,0.13232638068172128,0.11265645544069432,0.09385689633675637,0.09681606578808662,0.0935087137678044,0.09037546365379709,0.09002727577394565,0.08080159547280186,0.06705010473062577,0.05782437397593705,0.05068750229993396,0.0385025941275658,0.02544733043990755,0.017440109555307483,0.012740219862305797,0.0010775273724198857,-0.007625978654660926,-0.006407491023963789,-0.0008372404217897484
0.06211528477243214,0.07719993330838466,0.09164939677888048,0.09387237252602576,0.09990615345850139,0.112767855314681,0.1283288405706839,0.14198444018998882,0.14547767948768214,0.13722085982875445,0.13166330419140182,0.1349978453251127,0.13023421651825773,0.11800774332859336,0.08085194828305341,-0.002034005554061935,-0.18066787911310453,-0.4896654611289397,-0.8367696513185844,-1.0,-0.8613811892815302,-0.5392067278909742,-0.26228386734023856,-0.10699118825831973,-0.02235853725936476,0.02448314573999872,0.04210831895476633,0.061162582264959034,0.09466630904564757,0.11959560667871286,0.13356877703021686,0.12642344524486182,0.11737258248594697,0.10324074303783289,0.10419341647793362,0.1057813185845496,0.1002237823254452,0.09911226538450019,0.10625758748073112,0.10990971872488933,0.1105448698784116,0.10689279676899813,0.10117647514379417,0.09577779207465816,0.08958511919571766,0.08577428978757701,0.08545672389994,0.07529447015869373,0.06783155310745342,0.055287514030152037,0.0462367626961646,0.04337861641724881,0.037662343237665465,0.031628495692461504,0.02400679145841088,0.03131092132684088,0.038773840800362225,0.04036165812714214
0.05981497195644958,0.0730157698959726,0.09086690868628367,0.1150184302877129,0.1354196846866886,0.13706977699182768,0.12821920534323183,0.1337696015351512,0.15162072659505985,0.16482151995778202,0.1520706444224059,0.12416894715453945,0.09956741618974783,0.07256574680220776,0.023512713547549875,-0.060642489453230024,-0.233453636705729,-0.5358735128300678,-0.8621424389435551,-1.0,-0.8556914198872034,-0.5484742509914992,-0.2762064301742942,-0.11659593898049299,-0.03514088026330305,0.015862234852482508,0.054264632974540414,0.09176693198980924,0.12401892877741594,0.13811980494207432,0.13796985979376383,0.13856992414865626,0.14036996160210577,0.13646973094413853,0.13136945395880112,0.1261190670603239,0.12206881802523312,0.12251883654219713,0.12341890103693004,0.11906858778678736,0.11651849506212682,0.11156820899310803,0.09716725945979611,0.08681661388318475,0.07856614320388786,0.07016559464905686,0.0659653318136434,0.059214935062362056,0.06011496751948926,0.047664208832374426,0.03956370847379249,0.03761358170280682,0.04136381229085383,0.044364003626492655,0.045114042878900834,0.044213994402970774,0.04406397831424767,0.05066437957240959
0.06425649788607349,0.07370204821610465,0.09740182411890608,0.12779932769346028,0.14050791775767993,0.13964932567911936,0.15716645475318675,0.16661203652157747,0.15390342549845143,0.13964923136404075,0.12968847967727923,0.12041470854378862,0.09362359350744043,0.05738699625750672,0.0039767163274309104,-0.09528744977126925,-0.2685708879803184,-0.5440389082654057,-0.8557417757317456,-1.0,-0.8497306775515822,-0.4983564986991113,-0.1730845837473251,0.024585199599259016,0.12453639275380358,0.15836859474537526,0.16214680439793455,0.1597424824957448,0.15974257681082343,0.15836858426592207,0.152014304952992,0.1477208205875301,0.13707318266257634,0.1171516792890533,0.09516924997489734,0.07576287460193237,0.06082175755124328,0.06065003599169521,0.06597386543362528,0.06906516788908594,0.07936939937302973,0.07593463283956657,0.06116524258815214,0.04416323627491625,0.04570888750264658,0.05034578616870836,0.05326528846872209,0.05515442473336128,0.05171969487798426,0.049830576952388135,0.04742627338924145,0.038667638115898795,0.01926134068386687,0.009300571640511027,0.0017441336688664678,0.002087597746868966,-0.0006601921631182292,0.005694091079606778
0.07423178315264602,0.08274416783520172,0.09368862267496597,0.11800971381756369,0.14597896584890452,0.1754683591211288,0.19568536201877434,0.20206969922700516,0.20450173228226015,0.21848633047146543,0.2330790296793683,0.2383992457578086,0.23703114832257638,0.2197023469990929,0.17136419667226954,0.05523090345074442,-0.16806716225505233,-0.5021793439586334,-0.8464735260810213,-1.0,-0.881434845319755,-0.6064563508166971,-0.34819588527776946,-0.18737201362465145,-0.09282364913946896,-0.03673311518436867,-0.00450773689960473,0.022549473750114284,0.04884663117093232,0.07210363828569305,0.08517627509436382,0.09566470982303518,0.10144096456354515,0.10584919607273,0.10706525897779942,0.10569718936903236,0.10584920534821839,0.10904134612586863,0.10828134043384564,0.10478510276940464,0.09642474334152333,0.09171252625140838,0.08198414822994615,0.07453578728455289,0.06267925048290511,0.05507893384900034,0.06085520250274289,0.0679994711990896,0.07119163980320502,0.05903110350739455,0.03729412864652867,0.023157499405468757,0.016317198318793392,0.013125057541143147,0.0050687005060146405,-0.001011567641890592,0.006284757034185808,0.01449310917865146
0.07678837011964111,0.08758643322048239,0.10918252066335803,0.1495164854726972,0.17524119009535105,0.17841713518100338,0.174606127044343,0.17555885727667922,0.17127126116071104,0.1558682206087743,0.13379575836002883,0.11759879209731477,0.09489096641680779,0.0529691186943834,-0.013883517629619273,-0.11821178514285201,-0.2868526426822169,-0.5609335301967001,-0.8658183283218706,-1.0,-0.8526383960365309,-0.5236166671926474,-0.23365608331900767,-0.07247886387828058,0.018193041509264984,0.07297720694775313,0.10028996163084695,0.1088649503790471,0.11267599727451441,0.12395049816428672,0.12966713149054887,0.13300179389044461,0.14348225279301893,0.1566621753886568,0.15380387810492915,0.1403063464661735,0.12982583911509055,0.12410927361674046,0.11394636561907362,0.10632426213843729,0.09886082752353573,0.09822564819610699,0.10203671447097774,0.10013117648869149,0.08695121513424674,0.0601148788606805,0.04201226076168495,0.03820119206438876,0.03026145289395487,0.01501714782445225,0.0070774086540183545,0.009300532060774462,0.007236203485875541,-0.00022716572353937995,0.007394991656062792,0.027244350483061966,0.03915396347795731,0.037724805146391774
0.04531553477465114,0.04440576011155129,0.05486804151798641,0.06563349324854392,0.07609576077651943,0.07412462166210534,0.06290424327769566,0.051835477812266405,0.04804479862395902,0.04319274110587777,0.016506422443354315,-0.0115445385526678,-0.026252341373966485,-0.04080850467590382,-0.07234687854343193,-0.14634088060030748,-0.3038818170634887,-0.5851508216376583,-0.8855217309235449,-1.0,-0.8094053006639992,-0.4189670374404116,-0.05839722243125475,0.1846607790512476,0.3129374382823898,0.35706087334666675,0.35023751942496245,0.31445355821988763,0.2715429709936156,0.24819261072936494,0.2284809605206445,0.2016430173737576,0.17920219583879338,0.15842925057105675,0.1378079413530666,0.12977169333182528,0.12977172108874452,0.11460905059704703,0.09156170336770983,0.07564089888881213,0.0688177022563168,0.05592940134314746,0.044254119435651634,0.04091835764889001,0.04107001682940248,0.04107000295094287,0.02909143506549454,0.01984220967395857,0.012564128022989904,0.011957617363614843,0.010441352858829358,0.002253497701299144,-0.0004757811830066544,-0.005934351095270412,-0.019732385614429904,-0.029891389138680627,-0.023068172845034162,-0.009421765701583857
0.06675119932124006,0.07108336312397874,0.07437581945691477,0.08858530996255214,0.10730017130672813,0.12670833662308423,0.14386375836329565,0.15530061454896632,0.15582043127494696,0.14732945345396364,0.14663625522155693,0.14940880494970493,0.15010192916427026,0.13398629948568022,0.08182710566906143,-0.031155604282664843,-0.2292223780257129,-0.5312618020649483,-0.8513211656576468,-1.0,-0.8490679779744539,-0.5018028703823921,-0.17810265376440665,0.006274239345552988,0.08997159011361479,0.12948100266498294,0.14594310985903694,0.15183486658841164,0.14421021473080492,0.1369321884243449,0.13121374975753222,0.12341589615111422,0.11059266464858483,0.0998488956685588,0.09517015918456012,0.09880919348574481,0.1007153802415955,0.09950231770031014,0.08789212759111144,0.07420249610736407,0.0686573596421474,0.06172589015598138,0.04786298290558135,0.030361038710502296,0.010952974838241293,0.0067941076196731615,0.005927671290408073,0.013552273995542,0.015978285490465538,0.018750859175280937,0.019444006520421688,0.030187762943849634,0.03607950116876398,0.040238381274367,0.03573292980925115,0.040238368056895325,0.03781235928807532,0.026548755077608295
0.06968306402159158,0.07707893011427897,0.09790814629947801,0.1315668997061518,0.1505847924051231,0.15179226157463602,0.15677314788261965,0.1703574201086321,0.18062113830325807,0.184847289606704,0.19013002939183987,0.19994090289968294,0.2044690550426914,0.18243229600677427,0.11768070953193255,0.004931511796997552,-0.19520988979485202,-0.5114220654797443,-0.8534415253517229,-1.0,-0.8771385798236345,-0.5991162937772325,-0.347806760247867,-0.17996523003133857,-0.07959264913516981,-0.021633221798710932,0.019119486660056455,0.060626865652307085,0.09639870392085446,0.11058672915192469,0.1232652751637688,0.1351892887943893,0.13715144691768677,0.13051020991280474,0.11692607583905189,0.11164323474225891,0.11752973674260321,0.12552937886572493,0.13186864266149637,0.11949194091665388,0.10666238527487786,0.09081411065856629,0.080701369858345,0.0740601835092915,0.06515494871918572,0.05157074556930305,0.048099181907984616,0.05262726957993856,0.047344515979576694,0.030288742260762617,0.019270429516396213,0.02832658298619633,0.03723180971742031,0.027722834586213902,0.023496634929477133,0.019723233908770055,0.024855055014211633,0.030741570829781892
0.08469515403349374,0.08452380145869996,0.09669017932687415,0.11862406175389456,0.12976232940145485,0.1321613490989474,0.1337035588691325,0.12153713394761968,0.11176968689840953,0.10731441539079682,0.10217362902103432,0.0894931463751402,0.06104779814002298,0.03260237409674909,-0.009551646734144333,-0.08220736694510113,-0.23283134626494922,-0.5112887171132923,-0.848520622353003,-1.0,-0.8337840186007069,-0.4547404330163162,-0.09882907383052413,0.1362738736317827,0.234290568283788,0.24679981337416051,0.2229809742021776,0.20207538498097682,0.19727734558599175,0.19145122211113644,0.17962754416440108,0.15340973757641296,0.14295676520875558,0.14244276499401035,0.13096181310945745,0.10817118349291441,0.08212476607676122,0.07492772789687854,0.062075939729529274,0.04476880424641063,0.030717438264381537,0.024205848287752265,0.0339732391343635,0.02557670156203202,0.016323383470729706,-0.002011906018748478,-0.0021832546724306966,0.006727345117222415,0.01238214583406969,0.006555984700205543,-0.00012697018638092245,-0.0035541210170822886,-0.00029832733580483563,0.0048424051186738365,-0.0008124007446323508,-0.009380285010090276,-0.018462261636414883,-0.011436586487623442
0.10630953655977779,0.11680394020623404,0.1195122040577237,0.12222038528099341,0.12865245512138013,0.14236282138833728,0.1548884229234108,0.16216671934998123,0.1613203481644126,0.15133374657224252,0.13593074121942306,0.10884848486004374,0.08278183777350055,0.04520526556014868,-0.02334665356712079,-0.12016560411418072,-0.28756831204583205,-0.5566991041500725,-0.8644201463058593,-1.0,-0.8493559476404547,-0.5181067677359721,-0.22003176463526633,-0.048397686216564116,0.03911174290292346,0.07059485701234697,0.07939656476603969,0.07516496188712019,0.08379744188207291,0.09564591548310904,0.10190871108638204,0.102247228575027,0.11528055470043047,0.1181580204893414,0.11561910317465793,0.12001989249820745,0.12289740992975584,0.11392640211763065,0.09953903185896605,0.0941225557986242,0.09666150926315391,0.10427839031379801,0.10800216015284884,0.09970825961770605,0.08769050145102872,0.08024288947323459,0.0694099941594521,0.06111608071364994,0.05620740412546241,0.0546840418588457,0.05637667578044425,0.057392254067697886,0.056376704183894864,0.044866729996580604,0.035557211151140126,0.03843470017923791,0.04875979731193202,0.046559379410970395
0.038994236605196034,0.0555126601014635,0.07748675897621862,0.10264330953226879,0.11764633301914068,0.1206772671242824,0.13174005685506757,0.14446983583824421,0.15128934741330147,0.1596243584066004,0.17311199344324488,0.18053767704359525,0.19826855324662956,0.22281891328271758,0.21599948493367102,0.11552464308093685,-0.10876259424330723,-0.45762104481531934,-0.8272398908533256,-1.0,-0.876945867464677,-0.5837074153299517,-0.3200173040994382,-0.15240757189382032,-0.05359995972417516,0.0036841647595516826,0.037630324118116606,0.05869507479342046,0.08294235344052918,0.10582576121356384,0.11901026862455642,0.12446589083087055,0.1297698937403516,0.12719366032102228,0.11931322979818691,0.10552265208258098,0.09218662709543504,0.08460939355326051,0.08097225968082213,0.07642596949112383,0.06172605051156753,0.05460339281618932,0.051269405064071884,0.04778386274646302,0.04566222366859906,0.038842682039704604,0.033235505267899035,0.03278087393709558,0.04096433267673672,0.05642196437607577,0.06596930092529188,0.055967305303268745,0.04808694875910957,0.04323749164258765,0.043692129908892,0.04263130343445913,0.035054051397615554,0.027779871502416745
0.07272116083437206,0.07187561860073789,0.07914768427715609,0.09690515474891608,0.11009641852793779,0.09318454188816636,0.07610356712133899,0.08253008024445213,0.08794187560934354,0.0876036122773709,0.08371388065022349,0.07322850165405888,0.05293427032567493,0.020801703420150353,-0.026720660907895332,-0.09775060729287835,-0.2553697619607377,-0.5374610407546055,-0.8684259299720465,-1.0,-0.8144774975566944,-0.4373422357029564,-0.11550811904332187,0.08219182723215038,0.18264844155025337,0.2315237650391928,0.242854866863232,0.22814155482597262,0.21528850794040458,0.20074429403020114,0.17943522626738032,0.15778792097176408,0.1373245915163242,0.12853042598331393,0.12633183042178925,0.12480979248322245,0.11635385416333674,0.10688319292539386,0.08523598050681556,0.059868150067652094,0.05073573152234009,0.05614752172739606,0.06341961836282689,0.05766962158398813,0.04194155824957666,0.03568414841335491,0.04041947903232635,0.048875414772294346,0.02959589088246124,0.010147221137094355,-0.004227877231608508,-0.012683821356309093,-0.010485276103179947,0.005073652945016272,0.015389899025546917,0.013867831417926349,0.011331055081796075,0.005411890759990201
0.07098166208086418,0.0917536194405924,0.11416115703916592,0.129208561107073,0.13591444058535787,0.1414754503248504,0.1615931985439223,0.18203800392650124,0.19544988264767163,0.1936507588564977,0.20035661837401583,0.21409561414099362,0.22979721237898193,0.24778860997685528,0.22309129297916352,0.10680102350849946,-0.12201758956297648,-0.4721975647850351,-0.8298997749246898,-1.0,-0.8985935561135725,-0.6336307450862573,-0.3768425467168433,-0.21295618817973336,-0.12234458684418326,-0.05741176342796435,-0.011615406956078825,0.022731881606150015,0.05037328070971059,0.0717994447149993,0.0922442900191118,0.09715102075526431,0.10124005369054047,0.10631033795940499,0.12070349795531388,0.12577385208686206,0.12544667515875438,0.11726879891548635,0.10729171903797734,0.10778235468515489,0.11170771931331012,0.09338915476771247,0.0665655919428477,0.05135464681770786,0.04922838102976808,0.05544360240501279,0.06296727948800786,0.05642493358166822,0.04808346388415465,0.04595722055207749,0.044975851948984374,0.04105043991400806,0.03254539921811156,0.021914096476919057,0.02093274284440102,0.019297155120268184,0.01259125552527304,0.018806474561365395
0.08058285287481305,0.0869642847533961,0.09629086961387535,0.11658047339900177,0.13327027768996053,0.13556107370910916,0.13392475945853735,0.14505125904279995,0.1568323801781681,0.15388697259238024,0.1439058510487593,0.13147038792734303,0.1191983805043764,0.09121846117924401,0.040985460313739126,-0.04622691867445191,-0.22261550136628536,-0.5197606680519563,-0.8486469125174455,-1.0,-0.8655006118233729,-0.554776630822311,-0.2782485084953817,-0.1250944030055133,-0.05702616239772658,-0.019392334955979206,0.011696499447809799,0.03787657706056897,0.05849338428823501,0.08074645334802458,0.09890881166488218,0.11805305238606646,0.12754335753335333,0.13212487968038622,0.13032499990223506,0.1296704781957929,0.12803426378988447,0.12999774903348033,0.12819782931746382,0.12116196559263563,0.11068991782355085,0.10381763959523468,0.10381764957970102,0.09907248202935809,0.09612721422609896,0.09350925719839263,0.08745509615749703,0.08418260743888216,0.08418258746994949,0.08401895205110577,0.07796480598690966,0.0684745158163223,0.058329753861624464,0.05227562027801128,0.04834861983742058,0.03574944266948819,0.026095538297048092,0.024622906267505972
0.08579275541388665,0.10301730035142284,0.11943713498736268,0.1455154676421393,0.16193515493481941,0.1656375865425365,0.16660340196432624,0.1682132449515302,0.16467171218344287,0.1434226530952946,0.11670045004124746,0.09126596813997337,0.07162671765893512,0.04957281074881473,0.0014405453988472572,-0.10126312763999046,-0.28365115657972,-0.5653627661163092,-0.8692868828477968,-1.0,-0.8430481523204735,-0.5066058103725424,-0.1925374441864104,0.004177162198704854,0.10446614627015723,0.15227648010407094,0.1682132449515302,0.1799645084027918,0.19380874356704184,0.19606236854756046,0.18881838452598806,0.17384744492320253,0.15646181451124092,0.1402031635785663,0.12136877565382614,0.10865149050021118,0.0986709099384794,0.09190988765366379,0.08192923342030214,0.06921204649552701,0.060680248003783736,0.0529533415369905,0.03910926845032618,0.031865281973032795,0.025748139910371667,0.023333479797708032,0.020435887416939573,0.01753829073865937,0.01286993934101023,0.008684525429873031,0.0036942311584605256,0.0038552073533016365,0.01979196667538866,0.031382337426322994,0.028001825056054686,0.008523550021630051,-0.0012960769263825798,-0.010310812597672666
0.021991589642360504,0.026666423792465782,0.04069093145151112,0.08384325060092904,0.15684260839795724,0.2125810237192766,0.23523600608866269,0.23991080609265233,0.24314725595675665,0.261127419802226,0.29564917511415384,0.3258559540861342,0.3841116442016152,0.5204010102033586,0.7063152617240404,0.7271724036481872,0.4215102664726578,-0.09631769295984705,-0.5961655441066639,-0.9086604602342255,-1.0,-0.9338326710979555,-0.7950256691634715,-0.6475886775092383,-0.5120185884370366,-0.3843594343941679,-0.2584985467548623,-0.16464213037335929,-0.09056400534143533,-0.026195165082079367,0.016597551774300293,0.03026245424656876,0.03925252575184442,0.05183860340381871,0.06406511667073057,0.07017834552429582,0.08168561427153831,0.09319297098843463,0.08024718079198093,0.06406508426085811,0.05723264792747773,0.07233596333375943,0.08743927874004112,0.09535056101800755,0.09247371257881991,0.08492205487567907,0.08024721783183517,0.07772999859745489,0.06838030598983999,0.05147901818383827,0.027745231539702143,0.01695715811857261,0.018755165821903706,0.02271080059466197,0.014080327295018775,0.011563107084001711,0.021272388528770322,0.01875516871564232
0.05145217418783925,0.06309124251519545,0.08106330152084647,0.09732375525601154,0.10725121309068823,0.1144400220708067,0.10964747926926535,0.11923254398357382,0.1235117347143695,0.12060194935485302,0.11204376633661668,0.11409770728334177,0.1164939943506931,0.09972000054581444,0.03724566401049603,-0.06955984749378961,-0.24174992477936225,-0.5257098952607531,-0.8510893596953347,-1.0,-0.8373967681967378,-0.48154964790900195,-0.15702408523120975,0.04238056337705073,0.147303265217376,0.18324742500622646,0.179652999627393,0.1690409069955929,0.17571630123864307,0.1731489559992368,0.1562036899123675,0.14439357385734347,0.13617774740412047,0.13275447419682596,0.11358427165749926,0.09578332304583871,0.08859447751036538,0.09013496194247374,0.08893681318660453,0.08157684681275361,0.07284751162297835,0.061037280679696146,0.05110984373379366,0.05401960298234238,0.05008286803823756,0.03296659861234563,0.016363822909199494,0.02166986400290599,0.028858698441218026,0.027147061837570756,0.011571264767464588,0.0064363944493615365,0.0074633626380143986,0.005580580064183068,-0.0004101114932274924,0.002499649060869614,0.017561963505391284,0.031426127235721156
0.04834112293588747,0.049611437619279275,0.058821373500207046,0.09026205736669608,0.1078879621640502,0.11328685225509805,0.12217922218264093,0.12964238180971244,0.1380583386142692,0.13647045313274467,0.1337709887082294,0.13488250951424613,0.13885233464725763,0.13821724634321836,0.11312813831606224,0.02388722675384039,-0.17523745402989224,-0.5058425811137027,-0.8543890496815791,-1.0,-0.8581999670856415,-0.5482402484208545,-0.2674957157233713,-0.09298331561786884,0.0018152145086801819,0.05866257235571023,0.08692748525915023,0.10582366355953955,0.11646273949209511,0.12059128825363807,0.12329083019411867,0.12170289626511581,0.10502972566352511,0.09216755967145776,0.09042081975321024,0.10185384811602373,0.10931707556956491,0.10995224138956951,0.10423569087255402,0.10233017403354885,0.11074619866457527,0.10947590578254873,0.10169506635051824,0.09566098137097878,0.08311646127063556,0.06596699866475458,0.06104443449123185,0.060726817667994704,0.054533979991436755,0.04405375607323027,0.03706691025181431,0.03198559095889917,0.036590562532923934,0.039925170976078554,0.04325978910872884,0.041830666013718466,0.03563779926867352,0.021187771413227318
0.050373343238206525,0.05272551520307095,0.06213416319311238,0.08696263086866665,0.11009233846875695,0.11806355844617326,0.11218309065806674,0.09846212673461692,0.09075221888533132,0.07611652297046707,0.05481629530097212,0.019403121561535605,0.0007164457630434493,-0.0062093931360409325,-0.02724822993530804,-0.11035811930541822,-0.30611130769216577,-0.6087575906577593,-0.8931070330032861,-1.0,-0.8735063986800552,-0.6098028710658151,-0.3615182501274552,-0.19660467719008357,-0.09755190332114934,-0.021890506011711743,0.03848182734981904,0.0853945507789178,0.11923962648736815,0.1470736461216543,0.174907777390306,0.19594674077496976,0.21058238884653446,0.21763884493700333,0.21397990102357914,0.21816162867092984,0.21280400840781585,0.2061395165226014,0.20274187676342467,0.19660008887330419,0.18523124508447764,0.16837397745163155,0.14537484218983243,0.1397557901903389,0.1354434104658645,0.1290403104476133,0.11440467034993185,0.11009233846875695,0.10774014656918439,0.09963820274969507,0.07925274694103081,0.07167353103828521,0.0669691950824396,0.057952559140952126,0.04031129531958951,0.03220937940869158,0.02998787148177576,0.026720973505909355
0.05929642352263322,0.07244761682480191,0.08872997042751607,0.10438618750441302,0.11174463035703022,0.11816355076940108,0.13115818247400657,0.13695104756470833,0.1300623563787851,0.11675456326533644,0.0984368754572983,0.07103851467958701,0.03299409423887096,-0.008964434209108522,-0.06689223366674976,-0.15660211982805103,-0.30799775787743433,-0.5581843180881013,-0.8595643616269436,-1.0,-0.8318528442171037,-0.4442070164974774,-0.09303810166395529,0.1086133506386199,0.19628795036174312,0.2315143862409007,0.24028198855930796,0.2390295148856606,0.22916603870488594,0.21366628769126034,0.19174766403240978,0.16685432225271216,0.14916284262121016,0.128496692636007,0.1084567794876275,0.09937620682896085,0.09045222442814499,0.07777069203509296,0.06775073546090321,0.057104570710177355,0.046614943673441746,0.04223121894167164,0.035655612737158095,0.03769093738905291,0.03549906069302407,0.03581217911143591,0.039882785424794176,0.044423066977412905,0.04692806209185359,0.04285747966206829,0.036908100740949246,0.030332525585080573,0.02391350844423917,0.004812983689552712,-0.012721917327340352,-0.01741878077855933,-0.010373499334785324,-0.003641341086137755
0.06633705545988293,0.08472216872399557,0.09682577481674763,0.12256495862846002,0.14539313738661921,0.14830405830032342,0.14340146302097032,0.14370792839764002,0.1533600498732733,0.1509086353726954,0.13865192747581803,0.11306598102687654,0.093148676438061,0.06649029282265384,0.01731008714511889,-0.06419730060155704,-0.23579226758038854,-0.533632487026973,-0.8648697571065516,-1.0,-0.8250353349063627,-0.4737273078511391,-0.1656220081289657,0.02772832648667489,0.12976572169674805,0.16546350170963553,0.16837450676318874,0.16607644181184703,0.15336000312891276,0.13941803949869566,0.12884648449756483,0.13037859635685478,0.1227181679446146,0.11383198086328884,0.09927714257296501,0.09146343005359338,0.08901200620414332,0.08288368497675704,0.07966625194202256,0.06526460427010909,0.06618386951590864,0.062506855277071,0.05653168259817057,0.051628975132352144,0.04718591431274165,0.036001636570675885,0.025430171552439124,0.015624779992982538,0.020374269962383302,0.026196226313475082,0.023744872580565866,0.017769717430800636,0.01363306005158211,0.005206544449405836,0.0019891502709210814,0.01271380619972045,0.02405129705592008,0.01838254826806935
0.054661604821284814,0.06882961791427591,0.0929619702494248,0.1343762095039832,0.16333508170822555,0.1694069848509413,0.15134667341426267,0.1272143068285185,0.11958537414372412,0.11491464653256903,0.11226788346885357,0.10292628574059044,0.08097369021081954,0.04049356797730156,-0.021627752902948622,-0.11940268564802017,-0.28723988874207024,-0.5642180500012416,-0.8648589827296748,-1.0,-0.8670386017792983,-0.5598586218940573,-0.25734679501242197,-0.0608622757288157,0.04127204949695185,0.07505730381453317,0.0901594956811443,0.1013693607028773,0.11989674015047302,0.1364001835518197,0.13546601902879496,0.12690299782415077,0.12596879529953856,0.12332204173621997,0.12394482125170207,0.12051954816714573,0.12067521216972646,0.11896267063141691,0.11538180004705786,0.1061958093189943,0.10214781372133701,0.10806412886464692,0.111645065951784,0.1075970703541267,0.1054173563005346,0.09638717208100468,0.08922535015891328,0.08081796445565921,0.0786382646526624,0.07770409537943922,0.07116502922183778,0.06322464502672275,0.046254209617633886,0.03551142448231403,0.03037356354501343,0.03177479370385604,0.03006217972502041,0.021654780958720657
0.03681375750566,0.049043011918147444,0.06492694618494681,0.08727688582144413,0.10822127420598494,0.12269955643679671,0.1363345036277524,0.14687683921696162,0.16093348394862056,0.1693674004532283,0.17934757558320535,0.18258067583557375,0.1891874078777543,0.19087407795746647,0.16599387159178833,0.06872223262864045,-0.1311625174591213,-0.4686625397111082,-0.8335705176015186,-1.0,-0.8599963478676044,-0.5427409811941818,-0.25457963982339055,-0.07521720746411727,0.012214733493842184,0.0446854556538262,0.05621184652235084,0.06759768012133874,0.07448541090817408,0.08727686866671545,0.09767881853367487,0.10667504989007301,0.10049013547169657,0.09781937580321161,0.09149390411529842,0.09275899673740819,0.08797974936540695,0.0815137246966392,0.07237687174047173,0.06591089424720789,0.05986653280968601,0.058320351380595804,0.06689487233024417,0.06155338301404946,0.05213542838485502,0.05817978124501255,0.06647319623295178,0.0673165741596296,0.05775805368353408,0.05325998089215674,0.048199603970694414,0.04735620460060573,0.04637224152795705,0.03835999039893628,0.02374112838300636,0.020226986499161402,0.020789254175447917,0.022757170671210393
0.04619728914811296,0.048380285233514515,0.05929524345944261,0.06584420673943266,0.07512189916914863,0.09276770024497874,0.11386999296205878,0.11186888754710901,0.09749753480965445,0.09094854377831484,0.09294965474353452,0.08949320195417397,0.07694101678392315,0.06293352864142085,0.034554673885789214,-0.040212665219501974,-0.20957633762589792,-0.5071917120390504,-0.8501031056246295,-1.0,-0.8411893721444543,-0.5150143068565017,-0.23613622184890776,-0.07568621076917813,0.003083285050880951,0.04765261709657904,0.08203470484301129,0.11678062110764137,0.13442647213590067,0.1400657905793198,0.15589254064361435,0.17790424508592895,0.1910022493496878,0.19791511052624958,0.1906384513579745,0.16717131073693056,0.14661479826146917,0.138610509808148,0.1313339172431119,0.12132849007322147,0.105865615704419,0.10004432611163434,0.09495067135416568,0.09040280238858558,0.08039744737220404,0.07584953955473454,0.06857289703726921,0.055838829521971466,0.05001753437891689,0.03673767552146068,0.03564618719173225,0.0371015040396585,0.028915294389401037,0.015635455304781387,0.015089706630322872,0.026732314954809225,0.03218978157966597,0.02400357609211094
0.06657643019680513,0.07189841356229568,0.08117773180977657,0.08772784468578634,0.09086643211200807,0.09250395200414421,0.0971436569256493,0.10096450614212388,0.10151038218925656,0.09427796588866243,0.08199650840957724,0.07503699682508425,0.07803911940295595,0.07026090199702582,0.05170221345914968,-0.0053383694898347595,-0.17332175365423988,-0.49018471306115796,-0.8456635315859279,-1.0,-0.8579455261478894,-0.5626453367520161,-0.3082818206878049,-0.15326198301026212,-0.06497172835112207,-0.0006986978757948652,0.055523110555105476,0.0918216693967256,0.11542936372391105,0.13235047199987038,0.14490490497342026,0.1488622065479454,0.1525466783481661,0.16237187264277966,0.16305411777929993,0.14599659045275523,0.1313952805129175,0.12921191788111386,0.13439743223482123,0.12962133324332967,0.11747624069019891,0.09959997423475186,0.08704553709776884,0.08922888307583987,0.09646129521300086,0.09482379197459731,0.08554444458308437,0.07694744641392043,0.07462759395316788,0.07803912772982224,0.07558282707445228,0.07626515964306868,0.07449114992198362,0.0676680906955412,0.049928220391797215,0.040512428969100005,0.04583441857974027,0.05306682447175153
0.0440204617765706,0.051110581608029636,0.0658816514457544,0.08139128942207345,0.09217422741310682,0.10354799557894691,0.12245501184070028,0.13545359115400496,0.1431345411602707,0.15849651327967243,0.17592639326423729,0.18922050258526976,0.2070935604077622,0.22348950899314243,0.22467105216909167,0.15598537349642905,-0.06395627302980252,-0.4409159203713638,-0.8342689204509762,-1.0,-0.8680948301411504,-0.5750380520095463,-0.31595186600327685,-0.15465090637551285,-0.05228709202989879,0.01846645676448707,0.05716672948018955,0.07725542411827388,0.08833377043669152,0.09793497146456187,0.1050250417225476,0.10945646858083072,0.11506942960170428,0.1211256225406581,0.12407985904160002,0.11758053333151254,0.10162775357070108,0.08907229801517126,0.08877684912767249,0.08966311466993979,0.08848145432032639,0.0831638520533638,0.07267634041643223,0.06204119446933911,0.048304080817535594,0.041804775387505384,0.041213958732736866,0.046974684757474336,0.05244000696150694,0.04992887619162234,0.0389982948770686,0.027181400700113965,0.016693925961619924,0.004581626555623105,0.004729343676018484,0.01196717534660799,0.01787561250630728,0.02142067861872096
0.058037942360682646,0.07366090802400169,0.09667689161522189,0.12359853629250174,0.13880304875573754,0.14396426734055337,0.14856735255469267,0.14675402343521804,0.14173242331070854,0.13712917637305855,0.14215088715049642,0.14703298797939168,0.15177577677147452,0.1456381141879412,0.11174181966520623,0.009913543198433517,-0.2033682866413393,-0.5257331394020884,-0.8556272089499702,-1.0,-0.8768298080952517,-0.5922697666400254,-0.31844857485916217,-0.1339015698602787,-0.03583944667218768,0.015074708584726117,0.0452046987449734,0.08119333800193897,0.10895206357054156,0.12680690943870127,0.13545529547861584,0.14340627015809634,0.15079933277275706,0.15358918249682263,0.14759103623243103,0.12875976338908132,0.10365141378422121,0.08440166007755617,0.07910098475594467,0.09039975101548361,0.10644118690241332,0.11118392462391385,0.10658067768626386,0.08677297786772412,0.06724425110512171,0.05650347351627606,0.05706143877961914,0.06375699002062205,0.06347801696468469,0.06822069510383919,0.06501242409880431,0.06361749923677151,0.04827352152497633,0.03027920668436064,0.006705253041930273,-0.002222165636267714,0.006844752337544529,0.024699569744494283
0.06578322291592006,0.08144361630585242,0.10339740125550606,0.12535122192851003,0.13281541950301642,0.14613406690081482,0.1650143398191921,0.1822847488854664,0.18462657525513865,0.17804036832354186,0.14847581289294878,0.11217888844285476,0.07734554965607099,0.030510812895562008,-0.02978892982907637,-0.13063000882366485,-0.2881124334928027,-0.5563892216816347,-0.8565687478889975,-1.0,-0.8687169018513263,-0.5544863817025797,-0.25371792034155966,-0.06711037317432514,0.03314524252971709,0.07163757449999862,0.07954092368561756,0.09886029463008189,0.12476572514732286,0.12461940230434217,0.11217886165034201,0.11012992209924594,0.11071534743373244,0.10354374196016192,0.10105562847085933,0.10032388922422972,0.10530002689445904,0.11027623601138903,0.12081407064889794,0.1263757408236648,0.11920414428093185,0.1054464211841404,0.08422439780821034,0.05948980902910481,0.038853248943721,0.036804231247796054,0.05085465584828378,0.06797859248004785,0.08319987444763678,0.08598069613876383,0.07763828018498942,0.07046670150393164,0.06592958148225109,0.06549052811035198,0.06446600474977843,0.06036796042709096,0.05305003880866794,0.04939107911581112
0.05962881415932039,0.07125442826005697,0.08188756689213304,0.09663222709020786,0.10684003948490708,0.11747325597753429,0.1269722086122835,0.1271140272806042,0.11903278551458267,0.1042880820606461,0.0925207055242091,0.08401422403253424,0.07125438932978141,0.04006380075160693,-0.023735137017710715,-0.12368685038271376,-0.29991432825593434,-0.5773701600209732,-0.8765139271904648,-1.0,-0.8171101331842358,-0.41021615282402274,-0.039755780253502196,0.15929701130409496,0.2002701747141084,0.17460877315200554,0.14483585002390392,0.12527086040691443,0.12101760668431848,0.11959990446676314,0.11889101875329608,0.1171896186408929,0.11010087397146279,0.0946473453622656,0.0806115968311749,0.08217110041470622,0.09181183711308673,0.08996877405346516,0.07834316860390093,0.06501631011186347,0.06189723373542201,0.06090481449938175,0.061613713189607344,0.06600870339438668,0.07111259228939158,0.07097085580720822,0.06388205490515782,0.056226173981202526,0.05409957307342159,0.05537554745996591,0.05891995872495655,0.052256514339386204,0.04786145059964191,0.043041106041175614,0.03141550059161138,0.018797489964161952,0.010858066325762849,0.01043274062908429
0.03193521745032495,0.04529991236196576,0.06203823785729715,0.06151921715844984,0.05529100836045174,0.047635511445004136,0.05490172205252716,0.06346547846894303,0.07462435817368032,0.08383693697975472,0.09823965943323076,0.1324947405223318,0.17388650764533253,0.22189580946242565,0.29196292684911146,0.3087011533740186,0.09071388503225498,-0.3690063800947151,-0.8424783560597184,-1.0,-0.812634830166902,-0.4818931544620306,-0.20940795660725756,-0.048901649706443895,0.02596653285760991,0.05542074671019145,0.0707317603351715,0.07449458815340486,0.07592187627085437,0.08461543833689843,0.09214119690260632,0.0929197536831876,0.08798902339419386,0.08046327274611989,0.06969371101984294,0.07241848556393074,0.08033358190218383,0.08396665949422655,0.07280781541884199,0.06307622779037117,0.055290976689915984,0.04945203836457459,0.04140729868818907,0.03816344010418244,0.03972046657137166,0.03997999473547168,0.03232448990239013,0.03297327666269595,0.03608735532938469,0.04270482470299706,0.04036925333167747,0.03517908395196553,0.03816342031009759,0.037644409508292696,0.036217129308477126,0.03154597468938704,0.0327137524574129,0.022982188581843904
0.04668964423407524,0.061746266589734276,0.08221655944368358,0.09524310052621372,0.10031832693609707,0.102179279073267,0.11283732060210702,0.12383374428052431,0.128570722741628,0.1304315922936917,0.12264956676564719,0.10996133557072636,0.08949107884776102,0.06377636334757059,0.019790711216846852,-0.05126302242294851,-0.21451785913057594,-0.5200502548863973,-0.857893247597735,-1.0,-0.8497732321993677,-0.5327383828499354,-0.25782711988551543,-0.09152684383169263,0.0055799629404170385,0.07849465516934374,0.1316158214242602,0.15682309790088236,0.16223654129013054,0.17137215735531378,0.18456783273537203,0.18524463832707966,0.17932347202796056,0.17357137808753992,0.16731195351650288,0.15902238057193815,0.14464248638444968,0.13922872297791491,0.12586383071522234,0.10962302568311703,0.10319429132120118,0.10454769604185091,0.09321290053699464,0.07206594661527359,0.0686824915909098,0.06800575309960097,0.06360720840376592,0.05768605242778511,0.04753553250761959,0.03315558670443972,0.025373499237565537,0.027741954917917984,0.01928317799464178,0.007610062279037916,-0.005585634392493031,-0.017258754624469894,-0.03045444290845099,-0.027070928526042114
0.04518198583223021,0.05912192769270771,0.07744747087729141,0.08543549262853363,0.09326698142152902,0.09436338115521097,0.10141167471496572,0.11613468995038506,0.14103874144846723,0.16265349817036723,0.18520803565007968,0.21136509630019967,0.2550646100343127,0.29249894420304573,0.2737034628519876,0.16641253518399435,-0.06038568628743627,-0.4173433467868612,-0.8153359148926459,-1.0,-0.8809631556900163,-0.5844667182777031,-0.30895592381004966,-0.13963980063941206,-0.040180605481011746,0.024193750411997974,0.06021831786887603,0.07321847180340586,0.077290875795206,0.07964028945968257,0.07917042775331724,0.08230297452719589,0.08480903584008287,0.09232720066371657,0.10109841764819943,0.10266468386700353,0.09874895141739788,0.09279707670635234,0.0884114634353541,0.07776071838654405,0.05990507035962339,0.06241113645126719,0.0689895348533589,0.07180886279052578,0.0575556280226059,0.04580849040824912,0.04126626294013819,0.037037292538793516,0.026699810530195756,0.017458730047313752,0.01855511902879287,0.020278045440244006,0.025446771510927835,0.030615515501949728,0.02763958411987298,0.025446781068441466,0.02341060655039309,0.011976726002802583
0.06807590282166287,0.08539898563453682,0.11174446290958809,0.14350344072584553,0.16263107510386848,0.16623994700280523,0.17454059130943303,0.17219485925982833,0.1498191399725058,0.1319547004989009,0.12978937295513196,0.12203007429821787,0.08991023241520289,0.055805417944677325,0.0025730723244150916,-0.08801210385681481,-0.2514989745551199,-0.5299323202918113,-0.8431912231465037,-1.0,-0.862860071042034,-0.5207293561585401,-0.19718369676942887,0.005460244305568324,0.11228585260337064,0.15126281645988002,0.1613678471663988,0.17183390710493318,0.18717204485783956,0.1868111147249788,0.158119806301168,0.12419545689707281,0.11445127924629438,0.11932330200558039,0.11571436404054042,0.09929353498820657,0.08449672086297952,0.08052681973202719,0.08792521027811491,0.09712811935630002,0.09009063141553006,0.08052686928160459,0.06266245733554271,0.05309867317958285,0.03541470152516264,0.00961055957699648,-0.0021185961668011275,0.000227234293769819,0.006362478796828314,0.01339997912499263,0.008888768130132466,-0.000675006047093061,0.0009490327945667278,0.010512800261953647,0.02278329890271069,0.026753176635251473,0.02693362518515605,0.02440734548649195
0.05445067492045667,0.07370424916079904,0.07838271090134473,0.08504052585173584,0.09907584519338654,0.12228818624340725,0.14028221749474767,0.14999896648127728,0.16133513337223682,0.16799306361260402,0.16421423151564027,0.14244144502732017,0.11383088691589893,0.09295781242114368,0.03951559966525019,-0.06017126165799062,-0.23273431683008403,-0.5190204091068914,-0.8488510202805576,-1.0,-0.8411137233238529,-0.47691422599198596,-0.15230071681725044,0.054090783535032085,0.15719657458981434,0.19552380482778112,0.19066541935451858,0.17285135026588705,0.158096374423361,0.16493402526648715,0.17177177492959284,0.15899598759694633,0.1456803467161664,0.12912587002652656,0.1181495945209916,0.10825280651176904,0.10087523624052308,0.09619679096997398,0.09673663353810971,0.0902587642804309,0.06182821774170831,0.03951561064524791,0.04527369713207757,0.05445065296046121,0.053370989784185204,0.03267789392213541,0.017562903169210393,0.005506911474597897,0.0017281636148041774,-0.012847002069356486,-0.02490301212115268,-0.029041620313564914,-0.03731888610837914,-0.03857844556737768,-0.024543123480727534,-0.011947287330792195,-0.0006110583342205152,0.004067382518595126
0.04359790862824462,0.05240462529085059,0.06952882076727976,0.09594899812212439,0.11160543526979787,0.11698734517996776,0.12546789913019935,0.1306867513193415,0.1311760439021777,0.1295451183842874,0.14927871507617244,0.17765598314919326,0.19836814510345857,0.1861364972928405,0.1334592202074712,0.032018658391809424,-0.16270812624779885,-0.48040397813695745,-0.8344664686537769,-1.0,-0.8664317131562801,-0.5451501836678838,-0.24669862593612799,-0.06811712320295576,0.025984419325023482,0.08078182867817192,0.1104637824314516,0.13182834444781127,0.14161362886070905,0.14536466301121903,0.14454923508303513,0.14569080830821277,0.14308141704440297,0.13199146187871552,0.1202490966992876,0.1176397153871239,0.11894444584979007,0.11861825079456592,0.1112792999244502,0.09089326336388646,0.06740872208630617,0.05941740598485737,0.049305951395850665,0.04131466017351705,0.03935760677401363,0.041640832837537514,0.038379078830306154,0.03642202543080273,0.031366318039591536,0.024679713741472504,0.016525349870642022,0.0034783238900704975,-0.003860609564664584,-0.0035344306808653197,-0.0014142953031968234,-0.004023700872497856,-0.0015773810132291754,0.0062508210781937424
0.08570090586868742,0.08553225617411055,0.10256487715562743,0.1261744451896795,0.12566849610594888,0.11622467918274812,0.12195842921449931,0.13865376109728253,0.15298813103145048,0.15484315418675518,0.14759161864633258,0.13814775027103146,0.13578690151703704,0.14185795093794198,0.13275132020927416,0.05483990519841349,-0.13319315392145697,-0.46541424134999904,-0.8318673784509587,-1.0,-0.8553083791137944,-0.5318583723961788,-0.2436524370034829,-0.07619294784788869,0.012511403178334657,0.0678251650445371,0.10593762407708308,0.12044064370582792,0.12313888446275675,0.13595549975951354,0.14742296895175572,0.14573660578144795,0.13865366848350186,0.13561823124162,0.13410047660420885,0.12263293537902614,0.11369504695871586,0.1099850212289466,0.10323941419141447,0.07760620932395108,0.061079568297425044,0.0646209957847178,0.06276594175815288,0.05433396640510295,0.04860024981721699,0.053828063628262666,0.05568309707398744,0.040505542982060584,0.01942561231725082,-0.0013170433981528752,-0.009580378060743496,-0.009580385778558551,-0.0053643839527059865,-0.003172068482911342,-0.006882139876419676,-0.008399900945343403,-0.013964999996215222,-0.02087920784882888
0.043349603687123865,0.05945065930373736,0.09648313798397885,0.131011039913378,0.13906153770112908,0.1358413691524126,0.1494378207267695,0.16679117563536985,0.17448394848186088,0.17305272121984983,0.17233711850540998,0.1523001660851347,0.12403386978132681,0.09862989154446988,0.053368028043574475,-0.028747432562942463,-0.19440978572359416,-0.48494568860839443,-0.8352333919917458,-1.0,-0.8479347725116368,-0.522335930437876,-0.2436076033401213,-0.08313322521466296,0.010074068425390478,0.06392319810211773,0.087359165166891,0.10292353512252314,0.12296042204340428,0.13941936089148038,0.14049271038031166,0.1403138424513988,0.12957980173480124,0.11777230236371546,0.09988219083645675,0.07984534758183841,0.0664277311866973,0.06768013418605827,0.0773407053316019,0.09057936646530458,0.0895060060599076,0.0823499407075293,0.07429943746149537,0.06428098308448911,0.05247356285850461,0.05748271908933072,0.05748274092246211,0.05050562264409797,0.047285413158260126,0.04245508119008411,0.029574239153020595,0.01884019707185233,0.02581732353764074,0.03977159557320753,0.03851927990637212,0.03351005817615184,0.02080810453656188,0.00917955522448869
0.07245364863735819,0.08431046774748009,0.10201212922569257,0.12205177656404528,0.13491055103708574,0.13524453445969387,0.1357454433573819,0.13207156456756247,0.12605966934703783,0.12021475055253475,0.1135349394377355,0.10184509165854101,0.09099028905246767,0.06443780193024311,0.012000809179405996,-0.08719530337444473,-0.26404560409278954,-0.5482753914051786,-0.8618950677350297,-1.0,-0.8203124960950902,-0.4238621999879499,-0.06598671915205774,0.15027419608459297,0.25297758867609665,0.2668383439875265,0.24212277587983497,0.21607113141907427,0.19753442476774066,0.16780893208772554,0.1424254073250061,0.13056865445110838,0.12472375603698198,0.11470390689233478,0.11436990308935,0.11236596179294789,0.09650119385379761,0.07445765616998445,0.06694278969187574,0.06243385044365267,0.04840610851601294,0.021185639263289636,0.0041519570495854455,-0.006535840789005031,-0.010877755207811951,-0.015887651757117628,-0.01705663194945233,-0.02356952523181292,-0.025406485007099293,-0.012881725801005514,0.0014800058384992064,0.009662855163604305,0.004652947468780138,-0.000857943002597472,0.005988925741286611,0.010831835992825776,0.005487934366761762,-0.00820580821610057
0.027693732147035893,0.040792787044064624,0.06873746502278358,0.09697328654555376,0.10497825084633029,0.09566332710255243,0.08867715205712183,0.09129698213111057,0.09537221908330676,0.09799211132570525,0.0809632691319868,0.06160575373013292,0.046032424989038624,0.014449123240384325,-0.042459013091198095,-0.13502578137624563,-0.2802802991257199,-0.5364412171892917,-0.8564930007237362,-1.0,-0.7908528227769717,-0.3470859748936342,0.03176898464133453,0.2521246154728457,0.33886981397287247,0.34236300362940375,0.3046664601201946,0.2624583551155737,0.22505331039847143,0.1915777887623175,0.16916380346060986,0.15722897859323212,0.14005467120190476,0.12026049821178308,0.10337721890888886,0.09202472553562056,0.08838604403787616,0.07936225495694815,0.05884038296832343,0.042539333025722624,0.026674918468386148,0.014594675029706811,0.007899591351269263,0.000622329101908751,-0.0009786721676341222,0.003096601558286591,0.0035332377761635473,-0.006218292766511652,-0.00971136252682417,-0.007819283073321557,-0.008255914017985186,-0.011749009866826796,-0.015096538939318569,-0.012622280637355448,-0.00912919755524084,-0.006363835674632746,0.0028055093586809026,0.006007506347015778
0.06202845457768921,0.0836307158918784,0.10219257862712483,0.10907325249935194,0.11243362519820553,0.11643404377927316,0.12763522752334963,0.14043649668024355,0.1553180467715629,0.16971949898366667,0.15963847852949833,0.11899438353595726,0.0671490071559473,0.018504007871126146,-0.03862181660735443,-0.1379920839061231,-0.31481081757820667,-0.592760647750373,-0.8793482949957669,-1.0,-0.8257429340211373,-0.4425043161663742,-0.07942603047808067,0.15147769336436462,0.2593290665786709,0.30029319427755824,0.28829198735555156,0.2502079587199958,0.19900260869372144,0.16955958027338594,0.15627817418031945,0.15211769042538248,0.1386762777438821,0.11339372331424434,0.09115143076419996,0.09035135876507353,0.0943518359315766,0.09291165946480066,0.08555085353852059,0.07370966785130662,0.05866812581791222,0.03914612835072983,0.02202436762993514,0.019624119898778287,0.020904261704932522,0.01802396369522636,0.0036224800544775513,-0.008058712775263944,-0.010939010784970105,-0.003738269422294415,-0.006458546807472774,-0.014139337838432823,-0.020539966314230256,-0.02838080421111107,-0.02118004881234147,-0.008538758171693635,0.0017022868737246828,-0.00037791625191932004
0.06403951285482236,0.07364996947486799,0.0984770223200194,0.12602710417370885,0.14300554593355883,0.14108347220254408,0.1295508343387403,0.1261872297441789,0.1284296132594483,0.13195347048499467,0.12955089298205488,0.11641652049314828,0.09895751631805867,0.06387929443243756,-0.005476251482860278,-0.10558535094552463,-0.2720072293030113,-0.5454261124333366,-0.8596871906486016,-1.0,-0.8353409885483198,-0.47911369883749466,-0.1403432630468911,0.07829498424944889,0.19314014562190096,0.2312619164388587,0.22485495839067596,0.20995863774122467,0.20194991574628182,0.18272890476733292,0.15774165304756824,0.1330746817904009,0.12122177323788551,0.1181784979753503,0.11737763554974177,0.10664590898097533,0.09110893944135741,0.08390110919368039,0.0766933033807178,0.07332959616035586,0.07172786642219595,0.06532087905235592,0.049303425288584495,0.02543743496539058,0.00861911358363382,-0.004355016964475357,-0.0037143155396727684,0.005255446375116739,0.01822958883514919,0.01967115512903174,0.024476382217318834,0.03056302070736115,0.03024265472326335,0.010220861342395617,-0.009480586823881563,-0.019251259422840547,-0.022134372462834118,-0.029822752908393556
0.04629289381613983,0.06164591654935893,0.08271549030026598,0.10574506426585716,0.11766810655626032,0.11570818607310127,0.13204115908145925,0.14690428142541365,0.15392748264215664,0.1506608920270613,0.1516408821679627,0.16258387451882064,0.1681371553060756,0.1609506140938152,0.12697793814651911,0.03273648645310458,-0.15917649205772647,-0.48469447584642505,-0.8405898916210442,-1.0,-0.8639465243024144,-0.5413703148621745,-0.2601147888861697,-0.09466095117645952,0.0020304472156917794,0.07095573318995678,0.11309489564143184,0.13547115945715646,0.13563451938555515,0.13171453888906817,0.12469129780656267,0.12485470756716453,0.12632467782885573,0.12975461840590913,0.12665132792056868,0.13089793857588736,0.12779458829190313,0.10721501459466709,0.08516544571963829,0.07373236860036395,0.06589247737247443,0.049232829356301896,0.04531290118362825,0.05004948946812652,0.043352968242418397,0.033716476594006006,0.035186441872476874,0.04939615440215838,0.04580291369535006,0.032409836361391615,0.020976731834405533,0.014280200019354237,0.019343431543637542,0.024243341136577064,0.025386636390453708,0.020160085426436773,0.006440357412745349,0.0010504639267182884
0.07268294960675706,0.09803670520541168,0.1157217127167675,0.12855505927954716,0.13371973892960054,0.13700638277038815,0.13700637322043846,0.12495557818632672,0.11055713811616086,0.105235944340394,0.09302855878097117,0.08160372475021627,0.06579675782310107,0.04372958399056099,-0.011986024687696476,-0.11402714775368615,-0.29541655271072204,-0.5758742040717454,-0.8780825916818371,-1.0,-0.8231501349853353,-0.4430010934521307,-0.0924293730490409,0.1285551261291951,0.24374279948971722,0.2855295785183409,0.28020838474257403,0.25767178313229,0.23184843263177163,0.20962464917402102,0.180201693430936,0.16439465487919805,0.1554739131605628,0.14170154869315024,0.11853878553056557,0.1000712264905418,0.08770738410510372,0.08160372475021627,0.06704878965423634,0.04435560706859091,0.022914487351417285,0.009142081102974764,0.007264024104758078,0.004759948542354892,0.013837213004041027,0.020723420903237137,0.018532359230031846,0.011489644964456397,0.0060119845142886695,-0.0025957632730513767,-0.004630323354852188,-0.01261206328439466,-0.019967778345291648,-0.01918524352903569,-0.015429138485680165,-0.013394583775726063,-0.013551089545233543,-0.0052563470297539595
0.04361984076897397,0.061345862362947354,0.07744700273787215,0.08438968277344865,0.0827648060612613,0.0798104413366214,0.0919233069623608,0.11452395418603499,0.13431800765157784,0.1609071549674997,0.16977018604536198,0.1672589990144104,0.17228140913120352,0.17434939142729927,0.15411209717201066,0.06991343713815618,-0.12448207257155519,-0.4617210802120301,-0.8321941964570049,-1.0,-0.8648390870360259,-0.5564081437906713,-0.27279044622872345,-0.10114281388584542,0.0010773553109857952,0.06814082551435023,0.11142198975561383,0.13845417054566417,0.16194104696460018,0.17375854191804976,0.17494029501888372,0.17065650537784868,0.1569187810673669,0.14170396002492883,0.13535206189568316,0.13549983286219172,0.13535209795057312,0.12575047343812024,0.10979707698853652,0.09576394595087497,0.08483281539852454,0.07715156896952491,0.06828857394655256,0.06282304923212856,0.05011937465889084,0.03460908830007681,0.015701337266291,0.0027022476563480905,-0.001581540435453393,0.003440830739241768,0.018212517536950704,0.019394251483624367,0.008020063514445074,-0.008524236245044246,-0.012364870726697171,-0.015910081580440653,-0.028613760660539615,-0.03998792919387979
0.02699500691628397,0.029688561174964614,0.04285709355696788,0.062460255553252415,0.08341012505339439,0.1027140527038844,0.13324108771543497,0.13922678819573206,0.13728148416333338,0.1414714772389046,0.16017669878632296,0.17424307345667556,0.19444494612163718,0.2131503228996403,0.2092595504730473,0.12336468785823185,-0.0871821057891954,-0.4367476858956652,-0.821327843726646,-1.0,-0.8702604687321476,-0.5495786617979664,-0.2579244811321102,-0.084787893168037,0.0023040109828305674,0.05168597916565918,0.0796690816570318,0.10017015214294449,0.11722933596299674,0.13608425458140744,0.14910323370898954,0.1541911078805563,0.14835493097824506,0.14311745104779464,0.1390771459120049,0.12875183746604205,0.11767832673265428,0.10061906986291509,0.09298727686798669,0.08774976954390364,0.0825122896134532,0.07607768054439638,0.0717380177914654,0.06784734124258653,0.05363132428850677,0.036123177092429584,0.024600718962635895,0.014275399102659455,0.014275400244060812,0.01846538076421709,0.013377544258895164,0.0026032981184379352,-0.0012873961221619918,-0.0033824012204577924,-0.012211290824053849,-0.02313517639473484,-0.0256790975008992,-0.02478124608133898
0.04616790067562201,0.060257705240670895,0.08139244535289214,0.10303031070602496,0.11712014085926455,0.12232000920984763,0.12349410798741713,0.1250037600626114,0.1270165578492698,0.1291970708730829,0.13053901794639877,0.1291971322847406,0.11041068184514487,0.08592125828460705,0.04264545849022653,-0.04105467756743509,-0.21432606792245898,-0.5070261470459054,-0.8369619565772661,-1.0,-0.8500450961318025,-0.4922653228854554,-0.15712800735930654,0.0436518778541083,0.14177740248027246,0.17951788553802694,0.18807234521944008,0.1845499362986925,0.1634151961864713,0.1478158367813528,0.1308744893618133,0.12315861610145001,0.12064265213277493,0.11879750817161354,0.11342999623080972,0.10370126377213032,0.08994691526958155,0.08122469940990859,0.07334106997128545,0.06646394689639247,0.0740120332726671,0.07887636879617795,0.06730262031729069,0.04633564150096742,0.0431486604957102,0.0585803379283219,0.06730258961146185,0.05489013188820938,0.03811659182331115,0.01563999931407965,-0.0065011179415087,-0.020590913550690843,-0.016900735657588095,-0.014720161222117294,-0.007339796480045054,0.004401711695478265,0.009098301276005565,0.003059817077953352
0.0633463272949703,0.07760514777731485,0.09201573686124961,0.10490941744658988,0.1065779881009527,0.10324080976759335,0.11613452737756731,0.13418553580097228,0.15102315441664632,0.16239992650339208,0.17104617813601028,0.17468681036712422,0.18090622684733002,0.19334470807372153,0.17483850029136783,0.07881867179934292,-0.12414255328442475,-0.4498221627784198,-0.8166073629097175,-1.0,-0.880317057042765,-0.5739052242777303,-0.2879683101424513,-0.11913675801591046,-0.021145013731629584,0.045446879209591014,0.08488628265332482,0.09702150436128863,0.10217896178557126,0.11249386737797809,0.12326381497464048,0.13206183058076967,0.13357880387247312,0.11795472316306478,0.09808333383099388,0.09004375858992429,0.08883020217134176,0.08731329367274726,0.0839761107113087,0.07563320190254402,0.06759363591763287,0.062436136840637334,0.05909897239151562,0.06638009801136717,0.07214432438878264,0.06911053053198972,0.06031251492586053,0.04954251642032682,0.03498028600698017,0.022390017666681604,0.012985240628048284,0.004187224154154242,0.007827781251294737,0.021328183568897145,0.03240154572464083,0.03376676198495211,0.024210299071644494,0.014502136977934845
0.053924042121051355,0.07265905079406502,0.0831769579650864,0.09007924460582123,0.10634913586487243,0.13313679390041167,0.1554873228219023,0.1607463014778654,0.1637044243238946,0.1717572642218583,0.17290755674638233,0.1632114690327326,0.13494461419373588,0.09090095375320235,0.030587494814291443,-0.07360521755250057,-0.25290274517374023,-0.5383657264120224,-0.8563663641940448,-1.0,-0.8553802329917397,-0.5151934883431506,-0.19899838442919496,-0.007539812757999698,0.09928237702830897,0.15877420955233162,0.17159288227965827,0.1701137657016484,0.1678129901171622,0.1686347293490862,0.15729514311522652,0.13987491921892745,0.1277135937531438,0.11768877223963685,0.11736000835523676,0.11588088174904596,0.10684207109967253,0.1027336256445764,0.10125452912292845,0.0920513565877169,0.06394888870501071,0.051951935153246157,0.04718601207025463,0.04488524149985889,0.04225577222823926,0.03732552987917865,0.030751849178993863,0.019412256677521125,0.009716079337004106,0.010209109839523264,0.014975024774617767,0.013331602719287641,0.004128459015096326,0.004292797084004696,0.0033067495543345382,0.0013346489324876007,0.0005129351627418086,0.0003485984915111721
0.03738800041862204,0.043954714325871724,0.05858051047374192,0.08842907469131292,0.11439740793201525,0.13111261263642648,0.14335054614079884,0.15081270427052648,0.15126051517350694,0.15902122301206686,0.17185608290404342,0.1981229203193516,0.2096147573104244,0.20618195019561175,0.17887046655817174,0.08902607393367935,-0.11125804226786455,-0.4533244925336447,-0.8315050757645085,-1.0,-0.860010448604538,-0.5422737095875949,-0.26124784778643395,-0.08140943706948979,0.01395684508745961,0.060968407267909565,0.08738439204179994,0.113352716175657,0.1303664523752099,0.1251429298455017,0.11365124767079869,0.1039503628725988,0.1038011016784506,0.10678598860813938,0.10305487766931708,0.0960405304425699,0.0888768309532217,0.08410104647173171,0.07186313573447255,0.06663961775818697,0.0638040056829143,0.05410319373947666,0.04216377806997808,0.03604481131779189,0.03350768520343453,0.030075108036465237,0.029627356327979096,0.034104657125265114,0.029030400343127746,0.028284183164128188,0.036940278307383057,0.04529787382945471,0.041566801594724846,0.0269409895098754,0.005599242023781711,-0.015891759541737317,-0.0024598890238377307,0.020374294954671936
0.03720205128818203,0.04679734740507453,0.06461714122891299,0.09675361714104833,0.1174672206186552,0.13041324834993778,0.1386377878787028,0.1459484370175366,0.14731919825253287,0.14838537582623992,0.15143147266378415,0.14929922904122087,0.14762385626372265,0.14274996935257842,0.11624878374238501,0.022123769478881367,-0.18348924359791066,-0.5037897675367085,-0.8467806915211277,-1.0,-0.8642959667398399,-0.5554219072651403,-0.26543015745538473,-0.07459036622255381,0.027149868062183703,0.08121840059223683,0.10452119288737259,0.11990408507745799,0.141988431202586,0.157371332686409,0.16635742895264155,0.16300670198512024,0.15447749515142786,0.1505176473300159,0.15295457684498168,0.14533928828243325,0.12630101111363679,0.10893813460355121,0.10040895565107157,0.09629668123982028,0.0926413799047473,0.07969538470154619,0.07238468909402455,0.0656832165715068,0.06111404808084653,0.0562403005757658,0.04634040685697771,0.03963894130476313,0.03918202631444462,0.028368309585322667,0.017097681351033796,-0.0007220950470467288,-0.007118931631001431,-0.018389580776199833,-0.02661405524880187,-0.022806445819043532,-0.01656189061027868,-0.012145022082283395
0.027307196503434713,0.036616799100824125,0.03558239831127765,0.03720787174069272,0.04607416873104848,0.04976843021396996,0.053610499306485974,0.0608513273759555,0.06750109633114296,0.08109605559396667,0.08405146838712693,0.08242597241506765,0.09262223582034165,0.1000108399397038,0.07341191740893464,-0.008896850291939418,-0.18060768680948303,-0.5040809794816851,-0.8612434243651775,-1.0,-0.8336103264713041,-0.5049674644569448,-0.21296970847049734,-0.031062578115110057,0.07917501653917981,0.14685435543261882,0.19547140895068751,0.2173416872431041,0.21039631659431413,0.19547144501891828,0.2016779218926586,0.2123174548367355,0.2044855451103397,0.18557078781577563,0.17493118273523722,0.16783804054508344,0.14714992556651946,0.12986069129518774,0.12099447094982231,0.11360584879634479,0.08671132908050194,0.06823991346120227,0.05937359392820231,0.054349357013304886,0.043414285495029244,0.031149252070364196,0.02405620906784498,0.02110078274909819,0.02523838365301966,0.022430733384165492,0.016667638762449154,0.0020382446143295944,-0.00919238999327035,-0.008305756236558815,0.0036637294559582994,0.013268880912627854,0.021100765842115028,0.03085368869925684
0.07759065487091951,0.09062743903966114,0.1264785261586307,0.16284422173287433,0.1738225354453883,0.17330787465421243,0.16901955459770454,0.15392431043991564,0.14603364745904623,0.14689127588193457,0.13505530234499116,0.10709492007561247,0.07896297025293467,0.05614866206911655,0.014293804732125109,-0.07216040038025134,-0.2344341756382685,-0.509407694558789,-0.8411590307460354,-1.0,-0.8550528310076142,-0.5150685550416898,-0.21573658855611808,-0.035280143453045226,0.06695542392910196,0.11841626422292106,0.14363210993289272,0.14397516130204804,0.13608454018990007,0.12339090682852721,0.11824483274296665,0.1237339477305022,0.12802229918855115,0.12424853525141556,0.11532864489281759,0.12339091729570757,0.13076694041976183,0.12973767117331184,0.1165293979551238,0.1038357017906688,0.09834653446723145,0.10006189598481176,0.09817498261470287,0.09199968115141376,0.07964909392560607,0.07021462651327509,0.06541160903046005,0.05769244556621738,0.05134562365194078,0.033848936172621615,0.007775438815705203,-0.01572502476942479,-0.03270710641026495,-0.032878653029203335,-0.028933313688383352,-0.030134048433123936,-0.04385696674171732,-0.05037533004134213
0.0602594165083729,0.06737866841222,0.08009161528529415,0.11128068906554188,0.14941950382655234,0.1563692913520967,0.14925000841839517,0.14806345781501665,0.15653874538711463,0.1494194417668435,0.1373845747876036,0.12246802728757196,0.1173828754308828,0.10941611545639551,0.07059926734633241,-0.013814614972511718,-0.18908374038516054,-0.49148340764434983,-0.834901811826924,-1.0,-0.8740574335443204,-0.5635236829922964,-0.27027749180352983,-0.0838205032471469,0.020086536608790735,0.065514048258292,0.09246551962562997,0.11263675576364716,0.12450217905115393,0.13026537460018056,0.13416394482363675,0.14280876917703111,0.14975852567272105,0.15925089946989482,0.16026786157555292,0.13958807715335542,0.12212905715782726,0.1192475007564532,0.11484038224881668,0.10094080719772794,0.08246467511891196,0.07483686458759976,0.06381905280358126,0.04958052313767504,0.040766234405977965,0.042461294506218765,0.038562667394696104,0.031782426993732925,0.0339860043482996,0.040596741583642015,0.044834354339836575,0.04042723066055765,0.030087359136028523,0.02313762332690819,0.011441733588421306,-0.0009321894991182236,-0.004491816097497073,0.0038139687938216088
-0.07286477097739519,-0.07639155336582039,-0.0773992132625427,-0.0750174760078354,-0.07350598825891368,-0.07767402426232795,-0.08431538861007401,-0.08541466335292083,-0.08280391623300523,-0.08207105475909755,-0.08376577499515062,-0.08472761978288422,-0.0914605975793136,-0.10240741111629303,-0.10868236359254116,-0.14642378971959558,-0.31589306875043044,-0.629686405658619,-0.9143041669044375,-1.0,-0.8968530109220015,-0.7249103280850113,-0.5798986844304441,-0.5135307819975898,-0.5384473146973332,-0.5658830425557207,-0.4702018773762064,-0.23569317057257239,0.03866443221765601,0.26479145453444347,0.4125963259727043,0.49701049309787726,0.5417600475993523,0.5644777010172843,0.5692412985015226,0.5622792689166496,0.5459733886457256,0.5227516726054765,0.49504101775968606,0.4676054687737692,0.4381540717616427,0.40526783141356865,0.37174042269441726,0.34100709140319524,0.3102276780917197,0.275784062218794,0.24243981890959745,0.21166065154776906,0.18381280151698312,0.15591936136523796,0.130132658813856,0.10581145841458345,0.07924586686924617,0.05419174770097766,0.03000791576940653,0.006602754830967098,-0.011168717028301536,-0.022802588109729353
0.03963187610131442,0.05123827230686238,0.06626954841978537,0.08453539463320466,0.08796025712516864,0.08244249180445917,0.08187165526601525,0.10204021060404168,0.11669091354430335,0.09538069093452611,0.07045547598515374,0.061703099927988836,0.054853438800568075,0.04400808154530793,0.018511992324101025,-0.057024856920708925,-0.2111431349864824,-0.4820876882855988,-0.8266661320840263,-1.0,-0.8028826250423639,-0.3369117071396887,0.07235816769434981,0.2919292263208527,0.3480587710654252,0.3109560969717173,0.23998571943925193,0.1703468777950027,0.12753625628672094,0.10774829734190393,0.08529648292715712,0.07330951935408486,0.06227390163561064,0.06417658753966969,0.06189335748863441,0.05694641129095779,0.06056146168192312,0.060751788904212914,0.05161881645383861,0.030308669310842622,0.020604953204216705,0.01889253066594024,0.022888180352683477,0.020795223826420565,0.020985491546055918,0.02402979828076963,0.0247908735131638,0.028596252577703176,0.020414676776875824,0.00747637641973212,0.015087145796263846,0.025551961807116268,0.02859624677256616,0.021746560973313074,0.024220060195267963,0.03240163309352681,0.022507647815981285,0.003480722016315053
0.007517053939436738,0.018119488326456868,0.026429503227110383,0.033879863825694516,0.03316348560491767,0.029438300934253835,0.02915174877166874,0.026716042275580148,0.033450035581816875,0.05365196522975166,0.06883920361853081,0.07256440358899587,0.050356576017677145,-0.007240386258645734,-0.1049547835308775,-0.2078272809239751,-0.33434048035698294,-0.5678814720511094,-0.8769265106182134,-1.0,-0.7749147100993534,-0.3458026717733092,-0.006094169958404765,0.18460662264127764,0.26641757979808883,0.27472760999854356,0.25997003374151456,0.24693184040194457,0.23905165593085456,0.22128540436509184,0.19993716333958,0.18646915924161944,0.1781591115556776,0.16053610110023322,0.13245393671043304,0.10752380239535111,0.0927663747649625,0.09247983134512096,0.08932772258571077,0.08545925964806848,0.0823071683741454,0.07471353606564049,0.069125773266603,0.07084510372760065,0.06267831900883604,0.0523624717553752,0.036315539722180684,0.028721918342105218,0.03029796835043854,0.031730722606306334,0.028721929270534657,0.02571314249182064,0.022704331670561864,0.015540521048876939,0.01511068624794164,0.02829207698411226,0.03144416607234947,0.017976210059478435
-0.027932475469793487,-0.028388093792814692,-0.030210579827539986,-0.03453899357219018,-0.03639943761604171,-0.035829916884306194,-0.03351383308662902,-0.03222291324977859,-0.035981781356623256,-0.041639079318570346,-0.04190485372934382,-0.041335327205499,-0.04782795969629837,-0.05435851891883372,-0.07694981878754197,-0.18686883175302552,-0.4094394265765865,-0.6549441979218676,-0.8593651394622492,-1.0,-0.9699291478189916,-0.6681946905391214,-0.22415353829140344,0.10556483248332006,0.2621086433339258,0.3012539051246539,0.2878890531012616,0.251781062222125,0.21479989928088342,0.1870829973913514,0.16639039497319555,0.15351917894067657,0.15029181563534813,0.1531014427501497,0.16141648366140965,0.1723513558497307,0.18248890017204383,0.1892091926775392,0.19532215703701472,0.20063768232198373,0.2009794260384153,0.19642326945190605,0.19141149164632096,0.18734887837693612,0.17941335500215802,0.16752935534713628,0.15294958754520752,0.13962273175886292,0.13013062302811587,0.12185347641277978,0.11194366856100542,0.09880650667127751,0.08483411335224297,0.07283600451020471,0.06357166931949604,0.05350998309434228,0.04496706670192017,0.03858835110010837
-0.056015824413005025,-0.08153646933490312,-0.12932968070134115,-0.1553142971945726,-0.15271582308705242,-0.14260035603486976,-0.13703227813042412,-0.12051330913249783,-0.09053820754986004,-0.05852146230141398,-0.035599308475486556,-0.02390622365647792,-0.011563521372367404,-0.004603349667339449,-0.012862749931902246,-0.039775400880721776,-0.1731325089090758,-0.5369174003038901,-0.9560116012847458,-1.0,-0.5045293045161824,0.16151267096749777,0.6229253852598728,0.7566533483310159,0.6659853991327475,0.4825161137749394,0.2922719702693091,0.14666467463413768,0.05506852180362841,-0.0024688980965041013,-0.03726974458815812,-0.045529165380431925,-0.04729239099397585,-0.0423738664940167,-0.03606332676505875,-0.020843748469039827,-0.0022832978591962585,0.020174867406947326,0.038178513721366096,0.04495304908862892,0.05163484450466664,0.05868780358701065,0.07232978982008313,0.08754937453101175,0.09478801737721185,0.09914975673799375,0.09998495426661852,0.09423121524958411,0.08467253899939552,0.08225963539939483,0.0819812966265661,0.08105321757629547,0.07502104918136304,0.06527677977238765,0.06267833397895163,0.06462719239100016,0.06239991026387044,0.05191329087101514
0.00040286761809683896,0.0018847777851753536,0.0006308543828781553,-0.0016490077083778044,-0.0024469612900124105,0.0013148105471649163,0.005076586840456578,0.010320261780140913,0.016361892026845588,0.024113419857524385,0.03790657619593641,0.10482061155788046,0.22246189782664094,0.30590528806300527,0.2817385931790418,0.1594234872623205,-0.04861416399502769,-0.40062604009326924,-0.8138496450663502,-1.0,-0.8358501101739159,-0.4825873258324958,-0.17298097450655037,-0.0007370643581525796,0.07677828492040761,0.09387723641454858,0.09159745180262205,0.09136937526343974,0.09342138243927298,0.08669571560085208,0.07780420155975185,0.08054004186764192,0.09022951425896253,0.09376331987295877,0.09399126425031105,0.09478921564464562,0.09820903515819414,0.09877898652809013,0.09798106991318449,0.1016288268481995,0.10744247272120859,0.10459263935698501,0.0957011809629711,0.09513123654896091,0.09855097259187993,0.0974110559403164,0.08532777110130678,0.06857078486439477,0.06093320835473474,0.05933727774252241,0.052383704784121084,0.046114114509321104,0.04326427418921173,0.043036267208887334,0.03346087830041551,0.0165898850953984,0.007470443197174634,0.010206278288150364
-0.01228632246836883,-0.012286323543979558,-0.013853178359645469,-0.016610837987798457,-0.02077867323639791,-0.02218884383732764,-0.02068465720999026,-0.019055134684045034,-0.02096669381603211,-0.0251345266743855,-0.02660737143925892,-0.025134531454877623,-0.028330911903808643,-0.03710531397789286,-0.04205656528065647,-0.09793079660249764,-0.31368630002713277,-0.6623427505337192,-0.9437809230982954,-1.0,-0.8668799534030175,-0.6634391583145763,-0.46178573186542726,-0.28852267674525556,-0.15731467402216154,-0.06424328433141338,0.005011750006920052,0.06085456489062012,0.1048206438728622,0.1348415454555245,0.15066668771464323,0.15179474617775554,0.13788109707983257,0.11043004273612109,0.0759905131611929,0.049479200310447835,0.04173881868280452,0.05552712327723384,0.08247702907059262,0.12280783062199088,0.1784939553153396,0.24307967361051824,0.29882822770661394,0.3346152824014809,0.35153721488082673,0.3543263605032812,0.3439536869363654,0.3215473903213647,0.2957883854283847,0.2730061662103203,0.25486201869498604,0.23778346964486763,0.2216135965376964,0.2057571860356924,0.19011994388780634,0.17366804469167596,0.15680875578112424,0.14289518317107525
-0.041539384934942934,-0.04342462453801061,-0.04263625395188827,-0.04246486454035974,-0.04263624663126392,-0.04157365277753524,-0.042190646501770804,-0.04428155800020801,-0.04599542806201327,-0.049457417203753455,-0.049388871060534044,-0.046680971066878664,-0.050691400469010654,-0.05943212763992368,-0.06604764409570281,-0.13604202643068902,-0.3716637003932543,-0.7194408114979602,-0.9671623062146957,-1.0,-0.8923001792971103,-0.7080606624993852,-0.4265070403853524,-0.08891052077288203,0.1805772273679048,0.3197428484860823,0.3537460191339566,0.341919939531989,0.31607520731923866,0.29201269156304854,0.27453120793872504,0.261917111232211,0.2532108056370017,0.24529280160488512,0.2370318576959757,0.2295595500072723,0.2229096789072121,0.2164998406216234,0.20775918247373998,0.19668763753213922,0.18685004029847738,0.1813999316822386,0.17708096410875143,0.1677233655726099,0.15490368900143242,0.14311244720495317,0.1369768604236647,0.1288531426640394,0.11517669368440031,0.09934055175732183,0.08754913426585811,0.07712879860091126,0.06578298542215456,0.05395728230943939,0.04199445344457409,0.029071886543930968,0.016937683954589316,0.005214820972772824
0.05838282611993257,0.06664138615569334,0.06810959339537505,0.06003455156548882,0.055997050248218334,0.050674826301130446,0.057098181880805704,0.07398233836407632,0.0681095709980349,0.03324005640721832,0.015254725596430669,0.061869800816254636,0.17602168604730042,0.3004512067341744,0.3468825278761354,0.2532850960538305,-0.02108300953248833,-0.45126404639677414,-0.8711663783322394,-1.0,-0.7533454392281018,-0.2974708064657288,0.06498967750814222,0.21401095694430125,0.22098501832364614,0.1719841175380095,0.10591550286788241,0.05985102776027924,0.04149864443965428,0.0497572100747501,0.06205324623077368,0.0574652070938847,0.04296681808332576,0.036359963895448606,0.03874575936483547,0.056364058663292214,0.0618697952169196,0.053978254794902786,0.05287713436098549,0.06242034983454321,0.05214299154579937,0.03489176225510193,0.029386055097983498,0.030487204928409742,0.0273672890411769,0.018007587573992442,0.014337103770715278,0.013235958839707193,0.006262051529565459,0.0016739556119196094,0.006078530830237038,0.0024080553822176253,-0.0005283300505952831,0.00020576796991053346,0.0020410067219231573,-0.009153949595362159,-0.015760816381743155,-0.01888071267130336
0.003003065174337217,-0.0004915002490104972,0.004719694742712049,0.015080780076263919,0.01722656089908935,0.014896853734390548,0.012321908329660911,0.007049405999172923,0.009317808163256041,0.017778340859969363,0.023296068453757042,0.056341193198078225,0.18876729142571608,0.40966002784748723,0.5444154170491674,0.44080457166335785,0.099992623512229,-0.37465533091034714,-0.8242283613029087,-1.0,-0.8496717403240471,-0.5295807895564745,-0.22763889388727498,-0.03206522548146354,0.07209741950568396,0.11863049032803753,0.1276428268347584,0.11722044760680217,0.09937967661847637,0.08196808517621322,0.06878677902131976,0.06112325189950861,0.05787392331330188,0.058548309300558675,0.06271726772561247,0.06590526196742408,0.06762191281296168,0.06946116874961618,0.07222002833784046,0.07197481067352747,0.07062603121693464,0.06584399496174193,0.05578939359674026,0.04653185438986486,0.044937853527919444,0.04328253702677696,0.03880702285197546,0.032124448690287646,0.03163397782178539,0.03635469282622163,0.03850049703054462,0.03886835345533097,0.03549638236761126,0.03304405982393665,0.028445953651656905,0.023234767778718406,0.020046733320730994,0.01692001637246046
0.06806259347008706,0.07576663790854188,0.09117475522670211,0.09677769193545427,0.08627219207046453,0.07681721116515497,0.08487143462316238,0.09572716521906942,0.10062974905985286,0.09257549716059485,0.08662235557660773,0.07716736950016168,0.06421057254364376,0.06316001480044009,0.06351017572101504,0.006079976204712394,-0.14905164095509113,-0.4600157400851776,-0.8354136475638693,-1.0,-0.8196552503889952,-0.43655338379560055,-0.1487014722778115,-0.03489158961931812,-0.021234406182444418,-0.013180149112049943,0.012383289051547404,0.036546004996209795,0.04284931493428054,0.033744525329972686,0.04670134297103648,0.06421056220137082,0.07366555086338511,0.0698134859822818,0.07296517472530226,0.07261497502120377,0.08206997661105923,0.09187511843694378,0.09607733389634908,0.07891831630928937,0.06666184636505784,0.07261498277790848,0.08136956686058933,0.07366554052111217,0.0827703398213009,0.10062969734848815,0.11393674313490101,0.10553230187381747,0.1062326909397415,0.1153374798976573,0.10798358603750449,0.10133010709895805,0.11393674313490101,0.13564814227307742,0.12444224817102721,0.10763340701795189,0.09817843904048348,0.10693305414998316
0.0011137823630723942,0.006005828957781406,0.01303030979931946,0.01666798631868627,0.012653991935774144,0.0007374711969534545,-0.009172058569449951,-0.010928178301446866,-0.004280012213934738,-0.0026493292383185534,-0.0027747665926837824,0.00224271681820441,0.0008629084915202335,-0.008419434802049276,-0.0016458341109006093,-0.004154575038964858,-0.1543029899652908,-0.5164412843589952,-0.8928765097770248,-1.0,-0.8104643950137833,-0.5086641869258705,-0.25678552345710975,-0.09359127911813234,0.010521562951208681,0.08026460975024456,0.1393456312233527,0.17647516800618934,0.20457314495175255,0.21849670402336277,0.22338876449131212,0.22514492919174328,0.21523532527526215,0.20106087678450282,0.19253109578552763,0.18287244252180818,0.17258657336441752,0.169701521090839,0.1700778322569579,0.1649349282950689,0.14047451879650005,0.12178433631231349,0.11538706179669467,0.11877388525436984,0.1066064602663845,0.09632058345479227,0.09243205004663305,0.08528209961936532,0.08039006976822226,0.08101720146567615,0.0743690681477145,0.062327080215102144,0.054173675442959236,0.05028510759089293,0.04852899646987278,0.05291930871633022,0.051539497280126655,0.044013250995143145
-0.0196464141879376,-0.011296700931889841,-0.006385106318836648,-0.008840903115393386,-0.015225978458223887,-0.014734818781597958,-0.017681776388046976,-0.02897844555064422,-0.029469605000616877,-0.024558009594277237,-0.032907728403330117,-0.05451874057567464,-0.07858556813014407,-0.12475458543919232,-0.20284893073193994,-0.3477410337500152,-0.5496075604358721,-0.7760318130216036,-0.9508842000608273,-1.0,-0.7819259875258429,-0.2706289348281664,0.2603146119148907,0.6124759738098081,0.6832026444896846,0.6026527557987365,0.4828097629705526,0.40078611306640516,0.3629668571772246,0.34970558829248616,0.32121829667664425,0.2750493228850239,0.2362477626017073,0.1856583174958098,0.11886060328791004,0.06434186082351735,0.039783891951336886,0.041257392059968805,0.036345783054432944,0.027996065151993148,0.02554026790212987,0.03438114525454232,0.039292750633625854,0.03438113437518535,0.02013751757888298,0.021119821973018992,0.027996061525540822,0.02554026790212987,0.014734754563052956,0.004420406113627185,0.0019646079571508245,0.0034380854004557107,0.0073673610002369565,0.009331996986901417,0.0019646115836031495,-0.004420468518946025,-0.012279021943831575,-0.009332062565366043
0.08955553517157318,0.09060156133092759,0.08453452159848814,0.0952040911001176,0.10420001385743649,0.10043427567966869,0.08725421894887088,0.08035035339960436,0.07763066093856516,0.07595698974753681,0.07051759260209953,0.06570580870760312,0.060266409117494056,0.050852066117746314,0.024073470074591572,-0.03513232316669018,-0.17906740509112315,-0.4648462109080645,-0.8232201904955375,-1.0,-0.8334713837588301,-0.45250300444081154,-0.14475729724469205,-0.006052439014558561,0.047713937523911704,0.06235849077226417,0.0631953116997477,0.059011158168894566,0.05294413432682166,0.04813234920998935,0.04624947767643367,0.052107307287658694,0.05691907773646034,0.05942956618796456,0.0705175852680842,0.07846749164473578,0.08871868490802835,0.08432534570267855,0.07428331366716491,0.06863470395584143,0.08913711003980077,0.10754733668211898,0.1092210518772393,0.10043429523704288,0.09834222825030342,0.09625013192750266,0.09436727506197763,0.10127114550058772,0.10127113083255707,0.09122916235850957,0.08850945034009616,0.0991790442884434,0.11005782391128731,0.10691972098650634,0.09666858150599283,0.09101994734795159,0.09269362831766705,0.0947856855257194
-0.0036335802045442543,-0.00198282750478595,-0.00432139312993457,-0.005834586602257905,-0.006659960853610124,0.005032862812763244,0.011085620963104583,0.005720682296050226,0.006133369159410469,0.010397805676871466,0.02291600779165092,0.05084121481841419,0.0860573423641558,0.09775017494926863,0.0628091978609327,-0.019315727179826013,-0.19594660181827395,-0.5347647379277922,-0.8847226440461676,-1.0,-0.8156664014590524,-0.4937710383640728,-0.2301998160835501,-0.06897582988884118,0.0233287187880709,0.08633253479210014,0.1325535810059556,0.17478547861326987,0.19817127808921928,0.21481640759635529,0.22320781242744805,0.22733465797725422,0.2270595494903872,0.2262341233004934,0.21935590748235423,0.21082702395479755,0.20339864152757078,0.197070726624243,0.18496521452061418,0.16928295632340493,0.1548388290169287,0.14397133028652462,0.12870180197247777,0.11645867686666132,0.09871308822973408,0.08619492178991249,0.07120056911559453,0.05703153350776983,0.044650900326112415,0.03337077244183876,0.02841851329330038,0.021953081920023865,0.018101319674761508,0.011910996788352002,0.0037948053704729154,-0.009548774536922955,-0.011887338194702574,-0.009548774012291221
-0.017203818222162257,-0.018021027432376158,-0.02251567711460157,-0.02547806376436297,-0.027010329523889914,-0.0249673012390195,-0.02128986154616883,-0.020779109539496677,-0.023843641448130976,-0.0285425921667735,-0.030381307338233802,-0.019348992934646824,-0.009133879170504521,-0.002391913023145421,-0.001983301600381133,-0.05316101256332218,-0.256953228903062,-0.6103961435596305,-0.9141928743683096,-1.0,-0.8434019857489065,-0.5275515744347643,-0.18483423881782174,0.058285883983575926,0.2066098957906504,0.27372339458349665,0.2880246486771699,0.27689015356289187,0.26933087223944485,0.2663684653315016,0.2621803199920487,0.25288451979104914,0.24083063982041164,0.22673376273133722,0.2069163740315348,0.1860774119730734,0.17821173967475587,0.176066566520593,0.17187839624799323,0.16217399163667695,0.15185668040988556,0.13459299447512227,0.11886168727820748,0.1092594462360438,0.09618403030646759,0.07973767785807193,0.07085051946710938,0.06635583355390498,0.05236112003398318,0.038877149560383885,0.027946975351124347,0.02314587352990264,0.018549086380412718,0.013237219696365021,0.0043500659803675165,-0.0017790056285094708,-0.00944032507621411,-0.014752191541122823
-0.030571078580731582,-0.03142817232680794,-0.03432087237692789,-0.03539223613753796,-0.03582078883305871,-0.03817780250832567,-0.04080265937101913,-0.04471316042803571,-0.045088134843222834,-0.04412389740723017,-0.04348108552495031,-0.04342751705090312,-0.03962414640445662,-0.04412391211665983,-0.04562381794931368,-0.036410047767911576,-0.12024487227268299,-0.43592354988151916,-0.8444914912688696,-1.0,-0.7872262825855272,-0.4165318930269217,-0.10326361369952895,0.09472587170539681,0.21948708311218024,0.27642993954774153,0.29266127870938063,0.29426822833040767,0.2862866695229106,0.27594770560587956,0.27016241500917154,0.2597701048939192,0.246699475676696,0.23796808898302405,0.23330772326625848,0.22612960004412916,0.21488029894451044,0.1972028332594231,0.1798465299926958,0.1675792971356946,0.1562762968115429,0.13533093193375093,0.11036794457746821,0.09006540138824257,0.07238775265247505,0.05428154304928142,0.04072864720257476,0.027443613338676946,0.009980310411865402,-0.007911604048185517,-0.02001808408599401,-0.024732111845123198,-0.02869618168263343,-0.03673145534343258,-0.04524883372784012,-0.05071282625255901,-0.05531970521433104,-0.06003375054305676
-0.03501605036714747,-0.03545628232635801,-0.03653240377402686,-0.04132601230785567,-0.043820658024683275,-0.04553266616258486,-0.0465109482123726,-0.048907761993253994,-0.04827187530302126,-0.04607072091687137,-0.04724466833093854,-0.052820923024918476,-0.05937546126107315,-0.07576181655197518,-0.14424237189563327,-0.31451347038542454,-0.5532158724638307,-0.7719621713871444,-0.9302490323328002,-1.0,-0.9075036220988116,-0.6124514098504987,-0.22886468925884504,0.06462287463414662,0.22809512964712159,0.29652625414929923,0.3149667368460669,0.3136951037499774,0.30782541443602485,0.30430361995020666,0.300292489682994,0.2936401210032801,0.2894825219085129,0.28865094000626124,0.28821060227412365,0.2861074350321657,0.2797974796206505,0.26840051426094425,0.25436178516852054,0.2407637281029174,0.2278015950372215,0.21469258721471315,0.1987466114427841,0.1787407700144936,0.15917501559732838,0.13941343613047713,0.12126611793163897,0.10121112324584586,0.07949303639012427,0.06295988991608055,0.04989964733046054,0.03713290950700105,0.02265415309893113,0.0092026394802314,-0.006841299557697929,-0.018434040718319986,-0.03120072313691292,-0.04000533116754547
0.1247688178719688,0.1901146947969356,0.3223937715639617,0.5127431853749663,0.7030926752213854,0.8360334197691193,0.888415980854606,0.8677800910101309,0.778491338767529,0.6421125160884589,0.5025582415998097,0.40387795992550035,0.3841684247432236,0.42147085165249304,0.40387771661217386,0.23482501643325104,-0.09759229622090357,-0.5116261140649472,-0.8609747190972599,-1.0,-0.8977489127747655,-0.6465500447083968,-0.4122842330418032,-0.2706133455120358,-0.2286806355858985,-0.26426384094450495,-0.32220234018324456,-0.3593728304412363,-0.3655898813166707,-0.3538169531163152,-0.32577393650248065,-0.28952955759336096,-0.26003122314558463,-0.2429670208628429,-0.22590284899426696,-0.20659009701912925,-0.1904521581560886,-0.16902289958941297,-0.13436589682217595,-0.10288344864662659,-0.08066056283734122,-0.06981366995044323,-0.06240610217567973,-0.044548386703450044,-0.022457756894183393,-0.009891224261842524,0.007569571139501965,0.013786694248580136,0.019871565159410312,0.04156529770841612,0.0702698618719591,0.08442372217360593,0.08680475454660017,0.093154151714108,0.09976809414714713,0.0961965453500451,0.09540290290035246,0.10307507391765083
-0.0525209902169927,-0.05736621294735456,-0.06514586174134672,-0.06698839090800605,-0.06808027739453719,-0.06924040847817299,-0.07292551261742683,-0.08145582283033882,-0.09947185095892445,-0.12165068916023267,-0.1314775863375824,-0.12608642765126285,-0.11878449520117929,-0.12376619046904679,-0.18593537149981892,-0.379539786363095,-0.6765984381718798,-0.9252745626536356,-1.0,-0.9109438676939795,-0.7407463356607663,-0.5620877977945179,-0.424920509177981,-0.33832120735278404,-0.2584775813801669,-0.14096353744710768,0.009306709649348932,0.16776600024934704,0.30104383195741313,0.39255656155040536,0.4352762426972322,0.4425786415350191,0.4335019039933905,0.4182842728756653,0.4029978162582942,0.3863466092808112,0.36976376141527073,0.35147496727123845,0.33018326927261965,0.3106661431716941,0.2962670891000955,0.282277390178375,0.26965254155698853,0.25880209826625855,0.24433471839612478,0.22420320977960467,0.20659657427848044,0.19322095805168812,0.18168797301386524,0.16694753980014623,0.15036457533767994,0.13241662732125004,0.11876804103439091,0.10170741228021506,0.08294062071039948,0.06315024138544442,0.044861189062505,0.02882418137687601
